phase,time_s,cube_z_m,cube_vz_m_s,pad_z_m,pad_vz_m_s,relative_vt_m_s,candidate_contact_count,truncated_contacts,solver_iterations,left_Fn_N,left_Ft_N,left_points,left_rho,left_phi0_min_m,left_geometric_signed_overlap_m,left_minus_phi0_minus_geometric_m,right_Fn_N,right_Ft_N,right_points,right_rho,right_phi0_min_m,right_geometric_signed_overlap_m,right_minus_phi0_minus_geometric_m
normal_gate,0.0025,-4.2517917897381963e-13,-4.348701032521468e-15,5.243057710538866e-16,-4.381044138579426e-15,3.2343106057958204e-17,128,0,-1,4.17434205347453,2.9729653283363804e-07,4,1.7804993519049433e-07,-0.00010469183325767517,4.644244909285389e-06,0.00010004758834838978,4.2255915231093315,1.4841175017720504e-06,4,8.780531043142494e-07,-0.00010530650615692139,5.355775356291614e-06,9.995073080062977e-05
normal_gate,0.005,-4.251907257269566e-13,-4.859491545868965e-15,5.12512531329265e-16,-4.939191416974964e-15,7.969987110599888e-17,128,0,-1,4.200672812877152,1.8984723047831205e-09,4,1.129862041958706e-09,-0.00010476633906364441,4.80256974697002e-06,9.996376931667439e-05,4.199260763706709,1.898447729758787e-09,4,1.130227340349196e-09,-0.00010523200035095215,5.197450518606983e-06,0.00010003454983234517
normal_gate,0.0075,-4.252037361530264e-13,-5.437050701833203e-15,4.993665799878783e-16,-5.470450481492861e-15,3.3399779659657944e-17,128,0,-1,4.200571415144308,1.8328896220759334e-09,4,1.090857314952331e-09,-0.00010490044951438904,4.9180537462223395e-06,9.99823957681667e-05,4.199362161439552,1.8328678113237564e-09,4,1.091158455058949e-09,-0.00010509788990020752,5.081966519354664e-06,0.00010001592338085286
normal_gate,0.01,-4.2521810183181186e-13,-5.962517331541302e-15,4.849229741712979e-16,-5.975255013002112e-15,1.2737681460810168e-17,128,0,-1,4.200216245840458,1.7634938269432694e-09,4,1.0496446633489917e-09,-0.00010496005415916443,4.966482520102344e-06,9.999357163906208e-05,4.199717330743402,1.7634736050252794e-09,4,1.049757320639198e-09,-0.00010503828525543213,5.033537745474659e-06,0.00010000474750995747
normal_gate,0.0125,-4.2523374144814996e-13,-6.445957574538431e-15,4.692698053060385e-16,-6.4514366071577456e-15,5.479032619314442e-18,128,0,-1,4.200076892705404,1.6906020106510724e-09,4,1.0062922976405924e-09,-0.0001049824059009552,4.986971616743885e-06,9.999543428421132e-05,4.199856683878457,1.6905832952911668e-09,4,1.0063339195481533e-09,-0.00010501593351364136,5.013048648833118e-06,0.00010000288486480824
normal_gate,0.015,-4.252505465818235e-13,-6.896751473682485e-15,4.524578953689351e-16,-6.898561583090768e-15,1.81010940828244e-18,128,0,-1,4.200000417993345,1.61454202971966e-09,4,9.610368268076552e-10,-0.00010499358177185059,4.994422197340809e-06,9.999915957450978e-05,4.199933158590516,1.6145245687921004e-09,4,9.610418236595993e-10,-0.00010500475764274597,5.0055980682361945e-06,9.999915957450978e-05
normal_gate,0.0175,-4.252684088126152e-13,-7.315662629175414e-15,4.345753357865023e-16,-7.316629940801178e-15,9.67311625764411e-19,128,0,-1,4.199977977187057,1.5355788728995384e-09,4,9.14039836185043e-10,-0.00010499730706214905,4.99628484249004e-06,0.00010000102221965901,4.199955599396805,1.535562716907702e-09,4,9.140350895187074e-10,-0.00010500103235244751,5.0037354230869635e-06,9.999729692936055e-05
normal_gate,0.02,-4.2528727393041643e-13,-7.700715336667746e-15,4.1569666545809847e-16,-7.70173855246803e-15,1.0232158002831948e-18,128,0,-1,4.199966935090226,1.4546991023888081e-09,4,8.658991397259402e-10,-0.00010499730706214905,4.998147487639271e-06,9.999915957450978e-05,4.199966641493636,1.4546840516962536e-09,4,8.658902414394675e-10,-0.00010500103235244751,5.0018727779377326e-06,9.999915957450978e-05
normal_gate,0.0225,-4.2530719614533585e-13,-8.12831535613361e-15,3.9580155559298946e-16,-8.128480527558324e-15,1.6517142471458857e-19,128,0,-1,4.200028876793291,1.3546786180611852e-09,4,8.063507762686372e-10,-0.00010500103235244751,5.000010132788502e-06,0.00010000102221965901,4.1999046997905705,1.3546647612287866e-09,4,8.063663690370981e-10,-0.00010499730706214905,5.000010132788502e-06,9.999729692936055e-05
normal_gate,0.025,-4.2532801282704757e-13,-8.451495694960804e-15,3.749848738812678e-16,-8.451572774959004e-15,7.707999820014133e-20,128,0,-1,4.200010083786515,1.2696314427892843e-09,4,7.557311872241085e-10,-0.00010500103235244751,4.998147487639271e-06,0.00010000288486480824,4.199923492797346,1.2696187328579805e-09,4,7.557392027707836e-10,-0.00010499730706214905,5.0018727779377326e-06,9.999543428421132e-05
normal_gate,0.0275,-4.253495613452257e-13,-8.74130293566618e-15,3.5339569812165017e-16,-8.74213895718512e-15,8.360215189399944e-19,128,0,-1,4.19992294395583,1.18303712278336e-09,4,7.042016833224798e-10,-0.00010499730706214905,5.000010132788502e-06,9.999729692936055e-05,4.2000106326280315,1.1830262949151664e-09,4,7.041805357138601e-10,-0.00010500103235244751,5.000010132788502e-06,0.00010000102221965901
normal_gate,0.03,-4.253717874897617e-13,-9.00011724083152e-15,3.311424485313852e-16,-9.00017907423667e-15,6.183340514956392e-20,128,0,-1,4.2000106257236975,1.0952047022998216e-09,4,6.51905911613681e-10,-0.00010500103235244751,4.998147487639271e-06,0.00010000288486480824,4.199922950860163,1.0951946395323013e-09,4,6.51913530525602e-10,-0.00010499730706214905,5.0018727779377326e-06,9.999543428421132e-05
normal_gate,0.0325,-4.253946370505468e-13,-9.224488645262659e-15,3.082928877462532e-16,-9.22525944524466e-15,7.707999820014133e-19,128,0,-1,4.199922950773093,1.0064372144442082e-09,4,5.99080760671425e-10,-0.00010499730706214905,5.000010132788502e-06,9.999729692936055e-05,4.200010625810768,1.006429037476671e-09,4,5.990633876565433e-10,-0.00010500103235244751,5.000010132788502e-06,0.00010000102221965901
normal_gate,0.035,-4.2541800160736387e-13,-9.417237768673953e-15,2.8492833092919057e-16,-9.417163229774594e-15,-7.453889935837843e-20,128,0,-1,4.200010625809938,9.170335843457217e-10,4,5.45851943034596e-10,-0.00010500103235244751,4.998147487639271e-06,0.00010000288486480824,4.199922950773923,9.170262094735689e-10,4,5.458589480222415e-10,-0.00010499730706214905,5.0018727779377326e-06,9.999543428421132e-05
normal_gate,0.0375,-4.2544179984504993e-13,-9.576028494196875e-15,2.6113009324313374e-16,-9.576540949129964e-15,5.124549330888517e-19,128,0,-1,4.199922950773922,8.272856728564337e-10,4,4.924409819851513e-10,-0.00010499730706214905,5.000010132788502e-06,9.999729692936055e-05,4.200010625809938,8.272800135389061e-10,4,4.924273336685737e-10,-0.00010500103235244751,5.000010132788502e-06,0.00010000102221965901
normal_gate,0.04,-4.2546595044844204e-13,-9.703445119353497e-15,2.3700659490533127e-16,-9.703609443745265e-15,1.6432439176733427e-19,128,0,-1,4.20001062580994,7.374777167129903e-10,4,4.389737207931309e-10,-0.00010500103235244751,4.998147487639271e-06,0.00010000288486480824,4.199922950773923,7.374729835809266e-10,4,4.3898006714922704e-10,-0.00010499730706214905,5.0018727779377326e-06,9.999543428421132e-05
normal_gate,0.0425,-4.2549034499732297e-13,-9.798046841100541e-15,2.1261204602440742e-16,-9.798585554054995e-15,5.38712954453735e-19,128,0,-1,4.199922950773923,6.478879337743955e-10,4,3.856546544830118e-10,-0.00010499730706214905,5.000010132788502e-06,9.999729692936055e-05,4.200010625809939,6.478847869865644e-10,4,3.85644730875904e-10,-0.00010500103235244751,5.000010132788502e-06,0.00010000102221965901
normal_gate,0.045,-4.255149563866384e-13,-9.861279544678969e-15,1.8800065670898647e-16,-9.861469280059154e-15,1.8973538018496328e-19,128,0,-1,4.200010625809939,5.587846045334078e-10,4,3.3260904216501277e-10,-0.00010500103235244751,4.998147487639271e-06,0.00010000288486480824,4.199922950773923,5.587824670340133e-10,4,3.3261471316458674e-10,-0.00010499730706214905,5.0018727779377326e-06,9.999543428421132e-05
normal_gate,0.0475,-4.2553748068677177e-13,-5.5958922493329604e-15,1.6328084717631697e-16,-9.897898473054667e-15,4.302006223721707e-15,128,0,-1,4.1103111042131495,0.00021873864648949015,4,0.00013304263408752607,-0.00010183453559875488,5.130395293234669e-06,9.670414030552021e-05,4.16311161393234,6.817597508619715e-07,4,4.0940516018137895e-07,-0.00010500103235244751,4.869624972342335e-06,0.00010013140738010518
normal_gate,0.05,-4.255622818114674e-13,-9.902668962613603e-15,1.385474851164914e-16,-9.892585882409488e-15,-1.0083080204115191e-17,128,0,-1,4.2002032256419595,3.829251588046756e-10,4,2.2792061373777295e-10,-0.00010514631867408752,5.126670002936207e-06,0.00010001964867115132,4.19987936255384,3.829260586686801e-10,4,2.2793872490889383e-10,-0.0001048557460308075,4.8733502626407965e-06,9.99823957681667e-05
normal_gate,0.0525,-4.2558697451594574e-13,-9.865629905896067e-15,1.1385478063813403e-16,-9.862119801362645e-15,-3.5101045334218206e-18,128,0,-1,4.19965290828833,2.967870951306355e-10,4,1.7667358565805753e-10,-0.00010506436228752136,5.052164196966968e-06,0.0001000121980905544,4.200429679907469,2.967889985423096e-10,4,1.7664204686129132e-10,-0.00010493770241737366,4.947856068610035e-06,9.998984634876362e-05
normal_gate,0.055,-4.2561155880020685e-13,-9.8027639675838e-15,8.929760143133736e-17,-9.801729740355203e-15,-1.0342272285975007e-18,128,0,-1,4.199868323927023,2.1211859862627206e-10,4,1.2626502920211423e-10,-0.00010502710938453674,5.020499229430042e-06,0.0001000066101551067,4.2002142642687765,2.1212155663713148e-10,4,1.2625639032373275e-10,-0.00010497495532035828,4.979521036146961e-06,9.999543428421132e-05
normal_gate,0.0575,-4.2563595334908777e-13,-9.712573593426057e-15,6.494371013188172e-17,-9.712283061125149e-15,-2.90532300908225e-19,128,0,-1,4.199982434584966,1.2914220311761378e-10,4,7.687068049034315e-11,-0.0001050122082233429,5.009323358534656e-06,0.00010000288486480824,4.200100153610833,1.2914624245089197e-10,4,7.68709302919031e-11,-0.00010498985648155212,4.990696907042347e-06,9.999915957450978e-05
normal_gate,0.06,-4.2566004974237126e-13,-9.594759780792456e-15,4.082021179407924e-17,-9.594714888046252e-15,-4.489274620447792e-20,128,0,-1,4.200000917779913,4.807763873871491e-11,4,2.8617635852879982e-11,-0.00010500475764274597,5.0037354230869635e-06,0.00010000102221965901,4.200081670415887,4.8082784601541595e-11,4,2.8620148591527563e-11,-0.00010499730706214905,4.99628484249004e-06,0.00010000102221965901
normal_gate,0.0625,-4.256837937699487e-13,-9.449779927474516e-15,1.7035526635178488e-17,-9.449784162639252e-15,4.235164736271502e-21,128,0,-1,4.199964027815592,3.08943698459746e-11,4,1.838966336459482e-11,-0.00010500103235244751,5.0018727779377326e-06,9.999915957450978e-05,4.199969548768269,3.088814147019038e-11,4,1.83859317975585e-11,-0.00010499730706214905,4.998147487639271e-06,9.999915957450978e-05
normal_gate,0.065,-4.2570715832676576e-13,-9.2773519715008e-15,-6.329030181884132e-18,-9.277328254578276e-15,-2.371692252312041e-20,128,0,-1,4.2000358843016,1.0810902228735746e-10,4,6.435005870511407e-11,-0.00010500103235244751,5.000010132788502e-06,0.00010000102221965901,4.2000467038942,1.0810175599684331e-10,4,6.43455678103612e-11,-0.00010500103235244751,5.000010132788502e-06,0.00010000102221965901
normal_gate,0.0675,-4.257300349926052e-13,-9.071760134543236e-15,-2.9232801075640413e-17,-9.071736417620713e-15,-2.371692252312041e-20,128,0,-1,4.2000412478997475,1.8550439314516025e-10,4,1.1041819722480266e-10,-0.00010500103235244751,5.000010132788502e-06,0.00010000102221965901,4.200041340296052,1.8549606916853045e-10,4,1.104132400964982e-10,-0.00010500103235244751,5.000010132788502e-06,0.00010000102221965901
normal_gate,0.07,-4.2575226113714115e-13,-8.796402428885072e-15,-5.151315572021753e-17,-8.796349065809395e-15,-5.336307567702092e-20,128,0,-1,4.200041294030582,2.746845610608121e-10,4,1.6350110738864324e-10,-0.00010500103235244751,5.000010132788502e-06,0.00010000102221965901,4.200041294165219,2.7467535225319547e-10,4,1.634956260041895e-10,-0.00010500103235244751,5.000010132788502e-06,0.00010000102221965901
normal_gate,0.0725,-4.257738096553193e-13,-8.493700805623644e-15,-7.303456884405479e-17,-8.49374823946869e-15,4.743384504624082e-20,128,0,-1,4.200041294097802,3.597419440174148e-10,4,2.1413000422338102e-10,-0.00010500103235244751,5.000010132788502e-06,0.00010000102221965901,4.200041294097998,3.597318867085758e-10,4,2.1412401778887266e-10,-0.00010500103235244751,5.000010132788502e-06,0.00010000102221965901
normal_gate,0.075,-4.257945721269224e-13,-8.165687296799416e-15,-9.3756382865684e-17,-8.165668662074577e-15,-1.8634724839594607e-20,128,0,-1,4.2000412940979,4.404932000158709e-10,4,2.62195755452972e-10,-0.00010500103235244751,5.000010132788502e-06,0.00010000102221965901,4.2000412940979,4.4048237885004195e-10,4,2.6218931434616424e-10,-0.00010500103235244751,5.000010132788502e-06,0.00010000102221965901
normal_gate,0.0775,-4.258144401317332e-13,-7.81429567863097e-15,-1.13651492730793e-16,-7.814278737972025e-15,-1.6940658945086007e-20,128,0,-1,4.2000412940979,5.167776609481536e-10,4,3.0760272623649816e-10,-0.00010500103235244751,5.000010132788502e-06,0.00010000102221965901,4.2000412940978995,5.167661133460485e-10,4,3.075958527313964e-10,-0.00010500103235244751,5.000010132788502e-06,0.00010000102221965901
normal_gate,0.08,-4.258334136697517e-13,-7.441137007783982e-15,-1.3265213580360147e-16,-7.441096350202514e-15,-4.0657581468206416e-20,128,0,-1,4.2000412940979,5.88456891935863e-10,4,3.5026851567078095e-10,-0.00010500103235244751,5.000010132788502e-06,0.00010000102221965901,4.2000412940979,5.884446494188751e-10,4,3.502612285299348e-10,-0.00010500103235244751,5.000010132788502e-06,0.00010000102221965901
normal_gate,0.0825,-4.2585141142581495e-13,-7.048122614103933e-15,-1.5067699692117298e-16,-7.048181482893767e-15,5.886878983417387e-20,128,0,-1,4.2000412940979,6.554156287269748e-10,4,3.9012451475655505e-10,-0.00010500103235244751,5.000010132788502e-06,0.00010000102221965901,4.2000412940979,6.554028015590694e-10,4,3.9011687961263194e-10,-0.00010500103235244751,5.000010132788502e-06,0.00010000102221965901
normal_gate,0.085,-4.2586843339992297e-13,-6.637287070730127e-15,-1.6768541850203933e-16,-6.637268859521761e-15,-1.8211208365967457e-20,128,0,-1,4.2000412940979,7.175611245189441e-10,4,4.2711551760651466e-10,-0.00010500103235244751,5.000010132788502e-06,0.00010000102221965901,4.2000412940979,7.17547748536601e-10,4,4.271075557905428e-10,-0.00010500103235244751,5.000010132788502e-06,0.00010000102221965901
normal_gate,0.08750000000000001,-4.258843982769128e-13,-6.2108085228864286e-15,-1.8365029549188838e-16,-6.2107437248659636e-15,-6.479802046495398e-20,128,0,-1,4.2000412940979,7.748201789959881e-10,4,4.61197953032511e-10,-0.00010500103235244751,5.000010132788502e-06,0.00010000102221965901,4.2000412940979,7.748063185599287e-10,4,4.61189702854067e-10,-0.00010500103235244751,5.000010132788502e-06,0.00010000102221965901
normal_gate,0.09,-4.258992518466759e-13,-5.770664368988203e-15,-1.985038652549398e-16,-5.770557642836849e-15,-1.0672615135404184e-19,128,0,-1,4.2000412940978995,8.271420650705449e-10,4,4.923416266364361e-10,-0.00010500103235244751,5.000010132788502e-06,0.00010000102221965901,4.2000412940979,8.271278180170831e-10,4,4.923331463308485e-10,-0.00010500103235244751,5.000010132788502e-06,0.00010000102221965901
normal_gate,0.0925,-4.2591299410921213e-13,-5.318519875809752e-15,-2.1224612779119356e-16,-5.3184453369103935e-15,-7.453889935837843e-20,128,0,-1,4.2000412940978995,8.744975838487345e-10,4,5.205291582951938e-10,-0.00010500103235244751,5.000010132788502e-06,0.00010000102221965901,4.200041294097899,8.744829677770879e-10,4,5.205204583380845e-10,-0.00010500103235244751,5.000010132788502e-06,0.00010000102221965901
normal_gate,0.095,-4.2592559795946727e-13,-4.856802216261433e-15,-2.248635305734936e-16,-4.856792051866066e-15,-1.0164395367051604e-20,128,0,-1,4.2000412940978995,9.168764188960149e-10,4,5.457544073343123e-10,-0.00010500103235244751,5.000010132788502e-06,0.00010000102221965901,4.2000412940979,9.168615009177846e-10,4,5.457455276726698e-10,-0.00010500103235244751,5.000010132788502e-06,0.00010000102221965901
normal_gate,0.0975,-4.25937036292387e-13,-4.38746888348435e-15,-2.3631541602037176e-16,-4.387549351614339e-15,8.046812998915853e-20,128,0,-1,4.2000412940978995,9.542865091524e-10,4,5.680220992668628e-10,-0.00010500103235244751,5.000010132788502e-06,0.00010000102221965901,4.2000412940979,9.54271360784149e-10,4,5.680130824696515e-10,-0.00010500103235244751,5.000010132788502e-06,0.00010000102221965901
normal_gate,0.1,-4.25947282002917e-13,-3.9120394545858785e-15,-2.46601784131828e-16,-3.912018278762197e-15,-2.1175823681357508e-20,128,0,-1,4.2000412940978995,9.867570057575002e-10,4,5.873495857910603e-10,-0.00010500103235244751,5.000010132788502e-06,0.00010000102221965901,4.2000412940979,9.867417041205772e-10,4,5.873404777633937e-10,-0.00010500103235244751,5.000010132788502e-06,0.00010000102221965901
normal_gate,0.10250000000000001,-4.2595633509105724e-13,-3.433150954889057e-15,-2.55668424799238e-16,-3.4330177589581012e-15,-1.3319593095573873e-19,128,0,-1,4.2000412940978995,1.0143340879644168e-09,4,6.037643542873066e-10,-0.00010500103235244751,5.000010132788502e-06,0.00010000102221965901,4.2000412940979,1.01431874989257e-09,4,6.037552245723985e-10,-0.00010500103235244751,5.000010132788502e-06,0.00010000102221965901
normal_gate,0.105,-4.2596419555680776e-13,-2.951744861514759e-15,-2.635288905497579e-16,-2.9516319943745373e-15,-1.1286714022163552e-19,128,0,-1,4.2000412940979,1.0370802040745936e-09,4,6.173035759981387e-10,-0.00010500103235244751,5.000010132788502e-06,0.00010000102221965901,4.2000412940978995,1.037064786726858e-09,4,6.172943990956657e-10,-0.00010500103235244751,5.000010132788502e-06,0.00010000102221965901
normal_gate,0.1075,-4.2597086340016854e-13,-2.471456216356126e-15,-2.7019673391054377e-16,-2.471547272397956e-15,9.105604182983729e-20,128,0,-1,4.200041294097899,1.055074950028476e-09,4,6.280146289937187e-10,-0.00010500103235244751,5.000010132788502e-06,0.00010000102221965901,4.200041294097899,1.0550596089190288e-09,4,6.280054974707329e-10,-0.00010500103235244751,5.000010132788502e-06,0.00010000102221965901
normal_gate,0.11,-4.259763386211396e-13,-1.9926882070960515e-15,-2.7565162609086147e-16,-1.992329912159363e-15,-3.5829493668856904e-19,128,0,-1,4.2000412940979,1.0684125349841136e-09,4,6.359535896024988e-10,-0.00010500103235244751,5.000010132788502e-06,0.00010000102221965901,4.2000412940979,1.0683972182630257e-09,4,6.359444725962509e-10,-0.00010500103235244751,5.000010132788502e-06,0.00010000102221965901
normal_gate,0.1125,-4.259805941146666e-13,-1.5174070089633493e-15,-2.7992067214502314e-16,-1.517449360610712e-15,4.2351647362715017e-20,128,0,-1,4.2000412940979,1.0772031638347537e-09,4,6.411860553302722e-10,-0.00010500103235244751,5.000010132788502e-06,0.00010000102221965901,4.2000412940979,1.0771879984115744e-09,4,6.411770283814178e-10,-0.00010500103235244751,5.000010132788502e-06,0.00010000102221965901
normal_gate,0.115,-4.259836840908582e-13,-1.0481170866248135e-15,-2.830038720730288e-16,-1.0477729794899915e-15,-3.441071348220595e-19,128,0,-1,4.2000412940979,1.0815691973711304e-09,4,6.437848592649573e-10,-0.00010500103235244751,5.000010132788502e-06,0.00010000102221965901,4.2000412940979,1.0815542358288832e-09,4,6.437759536726073e-10,-0.00010500103235244751,5.000010132788502e-06,0.00010000102221965901
normal_gate,0.11750000000000001,-4.2598585249520315e-13,-7.690438180039591e-16,-2.8516550015442177e-16,-7.693498615957139e-16,3.060435917548194e-19,128,0,-1,4.2000412940979,1.0816255390362032e-09,4,6.438183956406305e-10,-0.00010500103235244751,5.000010132788502e-06,0.00010000102221965901,4.2000412940979,1.0816107007814358e-09,4,6.438095634329638e-10,-0.00010500103235244751,5.000010132788502e-06,0.00010000102221965901
normal_gate,0.12,-4.259870722226472e-13,-3.1148715486946756e-16,-2.8639878012562403e-16,-3.1138286393783687e-16,-1.0429093163068573e-19,128,0,-1,4.2000412940978995,1.0775939429198024e-09,4,6.414186596415667e-10,-0.00010500103235244751,5.000010132788502e-06,0.00010000102221965901,4.2000412940979,1.0775793356138964e-09,4,6.414099649021086e-10,-0.00010500103235244751,5.000010132788502e-06,0.00010000102221965901
normal_gate,0.1225,-4.2598715353781014e-13,1.3701651276899865e-16,-2.865139766064506e-16,1.3704315460216776e-16,-2.6641833169107915e-20,128,0,-1,4.2000412940978995,1.0695464955066013e-09,4,6.366285594677245e-10,-0.00010500103235244751,5.000010132788502e-06,0.00010000102221965901,4.2000412940978995,1.0695322319844095e-09,4,6.366200693594178e-10,-0.00010500103235244751,5.000010132788502e-06,0.00010000102221965901
normal_gate,0.125,-4.259861506508006e-13,5.743016260677757e-16,-2.855110895969015e-16,5.741934705483231e-16,1.0815551945253347e-19,128,0,-1,4.2000412940978995,1.0576844211751152e-09,4,6.295678703572655e-10,-0.00010500103235244751,5.000010132788502e-06,0.00010000102221965901,4.2000412940978995,1.0576706737161188e-09,4,6.295596874264121e-10,-0.00010500103235244751,5.000010132788502e-06,0.00010000102221965901
normal_gate,0.1275,-4.2598409066667287e-13,9.98408216961366e-16,-2.83437552942023e-16,9.987670412936467e-16,-3.58824332280603e-19,128,0,-1,4.2000412940979,1.0421836316774892e-09,4,6.203413006569814e-10,-0.00010500103235244751,5.000010132788502e-06,0.00010000102221965901,4.2000412940979,1.0421703072626917e-09,4,6.203333695356754e-10,-0.00010500103235244751,5.000010132788502e-06,0.00010000102221965901
normal_gate,0.13,-4.2598097358542697e-13,1.4097242397745021e-15,-2.8032047169612717e-16,1.40989650510015e-15,-1.7226532564784333e-19,128,0,-1,4.2000412940978995,1.0232296539627842e-09,4,6.090592819888912e-10,-0.00010500103235244751,5.000010132788502e-06,0.00010000102221965901,4.2000412940978995,1.0232167503748184e-09,4,6.090516013572841e-10,-0.00010500103235244751,5.000010132788502e-06,0.00010000102221965901
normal_gate,0.1325,-4.2597688072222584e-13,1.805110219827745e-15,-2.7619880937478775e-16,1.805196617188365e-15,-8.639736061993863e-20,128,0,-1,4.2000412940978995,1.001013606230595e-09,4,5.958355740676095e-10,-0.00010500103235244751,5.000010132788502e-06,0.00010000102221965901,4.2000412940978995,1.0010012218748636e-09,4,5.958282024997698e-10,-0.00010500103235244751,5.000010132788502e-06,0.00010000102221965901
normal_gate,0.135,-4.2597178497201516e-13,2.18426673097424e-15,-2.7111322355947293e-16,2.1842336966892972e-15,3.3034284942917713e-20,128,0,-1,4.2000412940978995,9.757323681512802e-10,4,5.807873660209164e-10,-0.00010500103235244751,5.000010132788502e-06,0.00010000102221965901,4.2000412940979,9.75720513296416e-10,4,5.807803096290656e-10,-0.00010500103235244751,5.000010132788502e-06,0.00010000102221965901
normal_gate,0.1375,-4.2596576764995786e-13,2.5456666786892066e-15,-2.6510521886459817e-16,2.5457067009959644e-15,-4.002230675776569e-20,128,0,-1,4.2000412940978995,9.475885155309645e-10,4,5.640352375002606e-10,-0.00010500103235244751,5.000010132788502e-06,0.00010000102221965901,4.2000412940978995,9.475771942057717e-10,4,5.640284986824729e-10,-0.00010500103235244751,5.000010132788502e-06,0.00010000102221965901
normal_gate,0.14,-4.259588829661626e-13,2.8893337798951675e-15,-2.582214879813809e-16,2.8893987896738693e-15,-6.500977870176755e-20,128,0,-1,4.2000412940979,9.167886967474198e-10,4,5.45702192283047e-10,-0.00010500103235244751,5.000010132788502e-06,0.00010000102221965901,4.2000412940979,9.167779453741033e-10,4,5.456957927189929e-10,-0.00010500103235244751,5.000010132788502e-06,0.00010000102221965901
normal_gate,0.14250000000000002,-4.259511580256836e-13,3.2132160972773993e-15,-2.5050745305161756e-16,3.213358398812538e-15,-1.4230153513872246e-19,128,0,-1,4.2000412940979,8.835421959566579e-10,4,5.259128030468735e-10,-0.00010500103235244751,5.000010132788502e-06,0.00010000102221965901,4.2000412940979,8.835321265446886e-10,4,5.259068094082018e-10,-0.00010500103235244751,5.000010132788502e-06,0.00010000102221965901
normal_gate,0.145,-4.259426470386296e-13,3.517043215567491e-15,-2.420142536894987e-16,3.5171518475429764e-15,-1.0863197548536402e-19,128,0,-1,4.200041294097899,8.480599409969764e-10,4,5.047926208420327e-10,-0.00010500103235244751,5.000010132788502e-06,0.00010000102221965901,4.200041294097899,8.480505264611162e-10,4,5.047870170067362e-10,-0.00010500103235244751,5.000010132788502e-06,0.00010000102221965901
normal_gate,0.1475,-4.259334313201635e-13,3.800433122906231e-15,-2.3279175895979387e-16,3.800562295430687e-15,-1.291725244562808e-19,128,0,-1,4.2000412940978995,8.105555008139414e-10,4,4.824687687910194e-10,-0.00010500103235244751,5.000010132788502e-06,0.00010000102221965901,4.2000412940978995,8.105466948340082e-10,4,4.824635271878323e-10,-0.00010500103235244751,5.000010132788502e-06,0.00010000102221965901
normal_gate,0.15,-4.2592353797533955e-13,4.062808778098302e-15,-2.2289502600407463e-16,4.062722380737682e-15,8.639736061993863e-20,128,0,-1,4.2000412940979,7.712409230488686e-10,4,4.5906746448698814e-10,-0.00010500103235244751,5.000010132788502e-06,0.00010000102221965901,4.2000412940979,7.712328331195848e-10,4,4.590626491002352e-10,-0.00010500103235244751,5.000010132788502e-06,0.00010000102221965901
normal_gate,0.1525,-4.2591299410921213e-13,4.302316661296875e-15,-2.1237826493096523e-16,4.302331060856979e-15,-1.4399560103323106e-20,128,0,-1,4.200041294097899,7.303293951237134e-10,4,4.3471560395727994e-10,-0.00010500103235244751,5.000010132788502e-06,0.00010000102221965901,4.200041294097899,7.303220359998057e-10,4,4.3471122356945014e-10,-0.00010500103235244751,5.000010132788502e-06,0.00010000102221965901
normal_gate,0.155,-4.2590190814199846e-13,4.5201222898373725e-15,-2.0128890958551193e-16,4.520038857092068e-15,8.343274530454858e-20,128,0,-1,4.2000412940978995,6.880341741657093e-10,4,4.095401247200641e-10,-0.00010500103235244751,5.000010132788502e-06,0.00010000102221965901,4.2000412940979,6.880275104899366e-10,4,4.0953615828538753e-10,-0.00010500103235244751,5.000010132788502e-06,0.00010000102221965901
normal_gate,0.1575,-4.2589030717875287e-13,4.715074969460949e-15,-1.8969472260349507e-16,4.715195248139459e-15,-1.2027867851011065e-19,128,0,-1,4.2000412940979,6.445620466163111e-10,4,3.836641127327014e-10,-0.00010500103235244751,5.000010132788502e-06,0.00010000102221965901,4.2000412940979,6.445561127998996e-10,4,3.8366058073384946e-10,-0.00010500103235244751,5.000010132788502e-06,0.00010000102221965901
normal_gate,0.16,-4.2587824542958397e-13,4.887179358848814e-15,-1.776465259617499e-16,4.88714971269566e-15,2.964615315390051e-20,128,0,-1,4.2000412940978995,6.001208189650886e-10,4,3.5721126111807954e-10,-0.00010500103235244751,5.000010132788502e-06,0.00010000102221965901,4.2000412940979,6.001156673043203e-10,4,3.5720819468348536e-10,-0.00010500103235244751,5.000010132788502e-06,0.00010000102221965901
normal_gate,0.1625,-4.258658042096547e-13,5.036135184821166e-15,-1.6519175350532267e-16,5.036119091195168e-15,1.6093625997831706e-20,128,0,-1,4.2000412940978995,5.549141911502468e-10,4,3.3030281864730646e-10,-0.00010500103235244751,5.000010132788502e-06,0.00010000102221965901,4.2000412940979,5.549097423532375e-10,4,3.3030017057988413e-10,-0.00010500103235244751,5.000010132788502e-06,0.00010000102221965901
normal_gate,0.165,-4.258530377290737e-13,5.162094066275564e-15,-1.5241172039714979e-16,5.162103383637984e-15,-9.317362419797304e-21,128,0,-1,4.2000412940978995,5.091420994648453e-10,4,3.0305779384854875e-10,-0.00010500103235244751,5.000010132788502e-06,0.00010000102221965901,4.2000412940979,5.091383886985407e-10,4,3.0305558508079814e-10,-0.00010500103235244751,5.000010132788502e-06,0.00010000102221965901
normal_gate,0.1675,-4.2583997309289523e-13,5.265512977487051e-15,-1.3934030795512142e-16,5.265536270893101e-15,-2.329340604949326e-20,128,0,-1,4.2000412940978995,4.629984538836626e-10,4,2.755916081910256e-10,-0.00010500103235244751,5.000010132788502e-06,0.00010000102221965901,4.2000412940978995,4.629954795235385e-10,4,2.755898377559776e-10,-0.00010500103235244751,5.000010132788502e-06,0.00010000102221965901
normal_gate,0.17,-4.258266916162823e-13,5.346306791644429e-15,-1.2604527881501792e-16,5.346309332743271e-15,-2.541098841762901e-21,128,0,-1,4.2000412940978995,4.166724929574288e-10,4,2.480169025617421e-10,-0.00010500103235244751,5.000010132788502e-06,0.00010000102221965901,4.2000412940979,4.166702413365892e-10,4,2.480155623244194e-10,-0.00010500103235244751,5.000010132788502e-06,0.00010000102221965901
normal_gate,0.17250000000000001,-4.2581322040428915e-13,5.404398428749497e-15,-1.1258084308546357e-16,5.404422569188494e-15,-2.414043899674756e-20,128,0,-1,4.2000412940979,3.7034771393513046e-10,4,2.2044290043978904e-10,-0.00010500103235244751,5.000010132788502e-06,0.00010000102221965901,4.2000412940979,3.703461670012527e-10,4,2.2044197965486726e-10,-0.00010500103235244751,5.000010132788502e-06,0.00010000102221965901
normal_gate,0.17500000000000002,-4.257996678771331e-13,5.440531160213471e-15,-9.900798713866066e-17,5.440526501532261e-15,4.658681209898652e-21,128,0,-1,4.2000412940978995,3.2420164287425984e-10,4,1.92975271058551e-10,-0.00010500103235244751,5.000010132788502e-06,0.00010000102221965901,4.2000412940978995,3.242008143081836e-10,4,1.9297477786930703e-10,-0.00010500103235244751,5.000010132788502e-06,0.00010000102221965901
normal_gate,0.1775,-4.2578600692975976e-13,5.454644423180622e-15,-8.538092108323347e-17,5.454729549991821e-15,-8.512681119905718e-20,128,0,-1,4.2000412940979,2.78404743560601e-10,4,1.6571547995958318e-10,-0.00010500103235244751,5.000010132788502e-06,0.00010000102221965901,4.2000412940979,2.784045966079718e-10,4,1.657153924886401e-10,-0.00010500103235244751,5.000010132788502e-06,0.00010000102221965901
normal_gate,0.18,-4.2577234598238645e-13,5.44766995389293e-15,-7.174707876422826e-17,5.447628025762041e-15,4.1928130889087867e-20,128,0,-1,4.2000412940979,2.331199390848362e-10,4,1.3876050421958202e-10,-0.00010500103235244751,5.000010132788502e-06,0.00010000102221965901,4.2000412940979,2.3312045712090317e-10,4,1.387608125713521e-10,-0.00010500103235244751,5.000010132788502e-06,0.00010000102221965901
normal_gate,0.1825,-4.257587934552304e-13,5.419700078941646e-15,-5.816744655384731e-17,5.4197098198205396e-15,-9.740878893424454e-21,128,0,-1,4.2000412940978995,1.8850301434694433e-10,4,1.1220307203398085e-10,-0.00010500103235244751,5.000010132788502e-06,0.00010000102221965901,4.2000412940979,1.885041934595263e-10,4,1.122037738798077e-10,-0.00010500103235244751,5.000010132788502e-06,0.00010000102221965901
normal_gate,0.185,-4.2574532224323725e-13,5.3715856429222865e-15,-4.467590576998082e-17,5.371571243362183e-15,1.4399560103323106e-20,128,0,-1,4.2000412940978995,1.4470179759031152e-10,4,8.613117553966282e-11,-0.00010500103235244751,5.000010132788502e-06,0.00010000102221965901,4.2000412940978995,1.4470361087153595e-10,4,8.613225486311316e-11,-0.00010500103235244751,5.000010132788502e-06,0.00010000102221965901
normal_gate,0.1875,-4.2573198655651567e-13,5.303821313076048e-15,-3.135377157556518e-17,5.303808607581839e-15,1.2705494208814505e-20,128,0,-1,4.2000412940978995,1.0185515478007642e-10,4,6.062747223652788e-11,-0.00010500103235244751,5.000010132788502e-06,0.00010000102221965901,4.2000412940979,1.0185758937141764e-10,4,6.062892138379259e-11,-0.00010500103235244751,5.000010132788502e-06,0.00010000102221965901
normal_gate,0.19,-4.257188406051743e-13,5.217374401028695e-15,-1.8214596497756474e-17,5.217384141907588e-15,-9.740878893424454e-21,128,0,-1,4.2000412940979,6.009503313115179e-11,4,3.577050136126055e-11,-0.00010500103235244751,5.000010132788502e-06,0.00010000102221965901,4.2000412940978995,6.00980572382215e-11,4,3.57723014072946e-11,-0.00010500103235244751,5.000010132788502e-06,0.00010000102221965901
normal_gate,0.1925,-4.257059385993217e-13,5.112883993138931e-15,-5.3261431723350405e-18,5.112873828743564e-15,1.0164395367051604e-20,128,0,-1,4.2000412940978995,1.954248377165054e-11,4,1.1632316448360031e-11,-0.00010500103235244751,5.000010132788502e-06,0.00010000102221965901,4.2000412940978995,1.95460727364697e-11,4,1.1634452715939235e-11,-0.00010500103235244751,5.000010132788502e-06,0.00010000102221965901
normal_gate,0.195,-4.2569333474906657e-13,4.991227615540111e-15,7.277707082808949e-18,4.991219568727112e-15,8.046812998915853e-21,128,0,-1,4.2000412940978995,1.9687059904994686e-11,4,1.1718372824488589e-11,-0.00010500103235244751,5.000010132788502e-06,0.00010000102221965901,4.2000412940979,1.9682932788776613e-11,4,1.1715916231845157e-11,-0.00010500103235244751,5.000010132788502e-06,0.00010000102221965901
normal_gate,0.1975,-4.2568102905440885e-13,4.8532641596407515e-15,1.9549520422629252e-17,4.853254842278332e-15,9.317362419797304e-21,128,0,-1,4.200041294097899,5.748969287602932e-11,4,3.421971883753656e-11,-0.00010500103235244751,5.000010132788502e-06,0.00010000102221965901,4.2000412940979,5.7485055508557156e-11,4,3.421695852689467e-11,-0.00010500103235244751,5.000010132788502e-06,0.00010000102221965901
normal_gate,0.2,-4.2566912993556583e-13,4.699946537506513e-15,3.144863926565766e-17,4.6999622076160374e-15,-1.5670109524204556e-20,128,0,-1,4.2000412940978995,9.377125869770712e-11,4,5.581567663958388e-11,-0.00010500103235244751,5.000010132788502e-06,0.00010000102221965901,4.2000412940978995,9.376614854192862e-11,4,5.581263491009798e-11,-0.00010500103235244751,5.000010132788502e-06,0.00010000102221965901
normal_gate,0.2025,-4.256576373925375e-13,4.532169215929697e-15,4.2961511084738113e-17,4.5321548163695935e-15,1.4399560103323106e-20,128,0,-1,4.2000412940978995,1.284440944395099e-10,4,7.645406642787401e-11,-0.00010500103235244751,5.000010132788502e-06,0.00010000102221965901,4.2000412940979,1.2843852797521816e-10,4,7.645075308884829e-11,-0.00010500103235244751,5.000010132788502e-06,0.00010000102221965901
normal_gate,0.20500000000000002,-4.2564657853037813e-13,4.350946516864639e-15,5.402037324409026e-17,4.350903318184329e-15,4.319868030996932e-20,128,0,-1,4.2000412940978995,1.6143123733629815e-10,4,9.608907748308873e-11,-0.00010500103235244751,5.000010132788502e-06,0.00010000102221965901,4.2000412940979,1.6142526291520317e-10,4,9.608552131501998e-11,-0.00010500103235244751,5.000010132788502e-06,0.00010000102221965901
normal_gate,0.20750000000000002,-4.256359804541421e-13,4.157241516772369e-15,6.460489695298e-17,4.157210600069794e-15,3.091670257478196e-20,128,0,-1,4.2000412940978995,1.9266511666231782e-10,4,1.1468048953057921e-10,-0.00010500103235244751,5.000010132788502e-06,0.00010000102221965901,4.2000412940979,1.9265876010912019e-10,4,1.1467670590516189e-10,-0.00010500103235244751,5.000010132788502e-06,0.00010000102221965901
normal_gate,0.21,-4.2562589737393797e-13,3.952303165733612e-15,7.470152968425126e-17,3.9522963894700336e-15,6.776263578034403e-21,128,0,-1,4.2000412940979,2.2208527448685628e-10,4,1.3219231606064276e-10,-0.00010500103235244751,5.000010132788502e-06,0.00010000102221965901,4.2000412940979,2.220785664187485e-10,4,1.3218832320221708e-10,-0.00010500103235244751,5.000010132788502e-06,0.00010000102221965901
normal_gate,0.2125,-4.256163292897658e-13,3.736946309443627e-15,8.426961385643583e-17,3.736919627905788e-15,2.668153783851046e-20,128,0,-1,4.200041294097899,2.4964234978821576e-10,4,1.4859517580161967e-10,-0.00010500103235244751,5.000010132788502e-06,0.00010000102221965901,4.200041294097899,2.4963532341964816e-10,4,1.4859099348049733e-10,-0.00010500103235244751,5.000010132788502e-06,0.00010000102221965901
normal_gate,0.215,-4.2560733041173415e-13,3.51221322194401e-15,9.327526815164355e-17,3.512164517549543e-15,4.870439446712227e-20,128,0,-1,4.2000412940978995,2.7529535010754603e-10,4,1.6386466872028396e-10,-0.00010500103235244751,5.000010132788502e-06,0.00010000102221965901,4.2000412940978995,2.7528803980442384e-10,4,1.6386031739215983e-10,-0.00010500103235244751,5.000010132788502e-06,0.00010000102221965901
normal_gate,0.2175,-4.255989278448974e-13,3.2792952550750754e-15,1.0169816377914032e-16,3.2792778908996567e-15,1.7364175418713157e-20,128,0,-1,4.2000412940979,2.9901160373610344e-10,4,1.7798134756215902e-10,-0.00010500103235244751,5.000010132788502e-06,0.00010000102221965901,4.2000412940978995,2.9900404003756435e-10,4,1.7797684540491258e-10,-0.00010500103235244751,5.000010132788502e-06,0.00010000102221965901
normal_gate,0.22,-4.2559106737914687e-13,3.0394525821041e-15,1.0954507700250415e-16,3.039452370345863e-15,2.117582368135751e-22,128,0,-1,4.2000412940978995,3.207656973100833e-10,4,1.9093008547370635e-10,-0.00010500103235244751,5.000010132788502e-06,0.00010000102221965901,4.2000412940978995,3.207579234460428e-10,4,1.9092545821917707e-10,-0.00010500103235244751,5.000010132788502e-06,0.00010000102221965901
normal_gate,0.2225,-4.2558385743469984e-13,2.793630068283746e-15,1.167821265038449e-16,2.7935553176261507e-15,7.4750657595192e-20,128,0,-1,4.2000412940978995,3.40544307296585e-10,4,2.027029518585533e-10,-0.00010500103235244751,5.000010132788502e-06,0.00010000102221965901,4.2000412940978995,3.4053634924736984e-10,4,2.026982149710694e-10,-0.00010500103235244751,5.000010132788502e-06,0.00010000102221965901
normal_gate,0.225,-4.2557721669639337e-13,2.5428532587549015e-15,1.2339575975600647e-16,2.542887775347502e-15,-3.451659260061274e-20,128,0,-1,4.200041294097899,3.5833889212134867e-10,4,2.1329486249629487e-10,-0.00010500103235244751,5.000010132788502e-06,0.00010000102221965901,4.200041294097899,3.583308180140933e-10,4,2.1329005652732338e-10,-0.00010500103235244751,5.000010132788502e-06,0.00010000102221965901
normal_gate,0.2275,-4.255712535844447e-13,2.2883573393129002e-15,1.2937242423183282e-16,2.2883171052479057e-15,4.0234064994579266e-20,128,0,-1,4.2000412940978995,3.74149174772891e-10,4,2.2270565250076433e-10,-0.00010500103235244751,5.000010132788502e-06,0.00010000102221965901,4.2000412940979,3.741409865535938e-10,4,2.2270077860862622e-10,-0.00010500103235244751,5.000010132788502e-06,0.00010000102221965901
normal_gate,0.23,-4.2556596809885383e-13,2.0310643053208285e-15,1.3471211993132393e-16,2.0310359297170955e-15,2.837560373301906e-20,128,0,-1,4.2000412940978995,3.879834218405174e-10,4,2.309402424124558e-10,-0.00010500103235244751,5.000010132788502e-06,0.00010000102221965901,4.2000412940978995,3.87975175714704e-10,4,2.3093533405249217e-10,-0.00010500103235244751,5.000010132788502e-06,0.00010000102221965901
normal_gate,0.2325,-4.255612247143492e-13,1.7721142631256905e-15,1.3940129432732373e-16,1.772128450927557e-15,-1.418780186650953e-20,128,0,-1,4.2000412940978995,3.9985682562247505e-10,4,2.3800767517713046e-10,-0.00010500103235244751,5.000010132788502e-06,0.00010000102221965901,4.2000412940979,3.998485335008338e-10,4,2.3800273943896703e-10,-0.00010500103235244751,5.000010132788502e-06,0.00010000102221965901
normal_gate,0.23500000000000001,-4.255571589562024e-13,1.51250247644051e-15,1.4344672368341027e-16,1.5124620306172787e-15,4.044582323139284e-20,128,0,-1,4.2000412940979,4.0979077628017566e-10,4,2.4392068290854266e-10,-0.00010500103235244751,5.000010132788502e-06,0.00010000102221965901,4.2000412940978995,4.0978246853785683e-10,4,2.4391573787244837e-10,-0.00010500103235244751,5.000010132788502e-06,0.00010000102221965901
normal_gate,0.23750000000000002,-4.2555377082441337e-13,1.25331399447072e-15,1.4683485547242747e-16,1.2532292911759946e-15,8.470329472543003e-20,128,0,-1,4.2000412940979,4.1781504583014105e-10,4,2.486969868708641e-10,-0.00010500103235244751,5.000010132788502e-06,0.00010000102221965901,4.2000412940978995,4.178067616201139e-10,4,2.4869205584194853e-10,-0.00010500103235244751,5.000010132788502e-06,0.00010000102221965901
normal_gate,0.24,-4.2555106031898216e-13,9.955147524135454e-16,1.4958263035332042e-16,9.955144347761902e-16,3.1763735522036263e-22,128,0,-1,4.2000412940979,4.2396434978990863e-10,4,2.5235725085946397e-10,-0.00010500103235244751,5.000010132788502e-06,0.00010000102221965901,4.2000412940979,4.239561182363318e-10,4,2.523523511733654e-10,-0.00010500103235244751,5.000010132788502e-06,0.00010000102221965901
normal_gate,0.2425,-4.255489461247458e-13,7.401928699688528e-16,1.5169004832608912e-16,7.401848231558539e-16,8.046812998915853e-21,128,0,-1,4.2000412940978995,4.282794050822655e-10,4,2.5492571089961923e-10,-0.00010500103235244751,5.000010132788502e-06,0.00010000102221965901,4.2000412940979,4.2827127483965957e-10,4,2.5492087151707704e-10,-0.00010500103235244751,5.000010132788502e-06,0.00010000102221965901
normal_gate,0.245,-4.2554745534675864e-13,4.882058091770596e-16,1.5316049752252259e-16,4.881078180529741e-16,9.799112408548187e-20,128,0,-1,4.2000412940978995,4.3080747758314733e-10,4,2.564305011646783e-10,-0.00010500103235244751,5.000010132788502e-06,0.00010000102221965901,4.2000412940978995,4.307994844439526e-10,4,2.564257433905071e-10,-0.00010500103235244751,5.000010132788502e-06,0.00010000102221965901
normal_gate,0.2475,-4.255464795648034e-13,3.88344251055583e-16,1.541498320049156e-16,3.8825279796705914e-16,9.145308852386274e-20,128,0,-1,4.2000412940978995,4.3132928630705194e-10,4,2.567410985418028e-10,-0.00010500103235244751,5.000010132788502e-06,0.00010000102221965901,4.2000412940979,4.313213336301643e-10,4,2.567363648521014e-10,-0.00010500103235244751,5.000010132788502e-06,0.00010000102221965901
normal_gate,0.25,-4.255456122030654e-13,2.8849868068098585e-16,1.5504429879721615e-16,2.8850619809839273e-16,-7.517417406881916e-21,128,0,-1,4.2000412940978995,4.3063526468216994e-10,4,2.563279944933633e-10,-0.00010500103235244751,5.000010132788502e-06,0.00010000102221965901,4.2000412940979,4.306273173135839e-10,4,2.5632326396333416e-10,-0.00010500103235244751,5.000010132788502e-06,0.00010000102221965901
normal_gate,0.2525,-4.2554525983735936e-13,4.268273467469549e-17,1.5539666450327394e-16,4.2717565595928875e-17,-3.483092123338289e-20,128,0,-1,4.200041294097899,4.281263791453713e-10,4,2.548346249279711e-10,-0.00010500103235244751,5.000010132788502e-06,0.00010000102221965901,4.2000412940979,4.281186064952758e-10,4,2.548299983960209e-10,-0.00010500103235244751,5.000010132788502e-06,0.00010000102221965901
normal_gate,0.255,-4.255455308879025e-13,-1.974792333214479e-16,1.5514086055320314e-16,-1.975416358268589e-16,6.240250541100041e-20,128,0,-1,4.2000412940979,4.240750176094693e-10,4,2.524231239139243e-10,-0.00010500103235244751,5.000010132788502e-06,0.00010000102221965901,4.2000412940979,4.2406741587317814e-10,4,2.524185991153813e-10,-0.00010500103235244751,5.000010132788502e-06,0.00010000102221965901
normal_gate,0.2575,-4.2554637114458616e-13,-4.313991739925355e-16,1.5429382760594884e-16,-4.314040444319822e-16,4.870439446712227e-21,128,0,-1,4.2000412940979,4.18540824293481e-10,4,2.491289936134882e-10,-0.00010500103235244751,5.000010132788502e-06,0.00010000102221965901,4.2000412940979,4.1853343041838855e-10,4,2.4912459254063277e-10,-0.00010500103235244751,5.000010132788502e-06,0.00010000102221965901
normal_gate,0.26,-4.255477806074104e-13,-6.579160069999511e-16,1.5287589445224514e-16,-6.578938782642041e-16,-2.2128735747018596e-20,128,0,-1,4.2000412940978995,4.115958986553395e-10,4,2.449951499487242e-10,-0.00010500103235244751,5.000010132788502e-06,0.00010000102221965901,4.2000412940979,4.115887373963903e-10,4,2.449908873364975e-10,-0.00010500103235244751,5.000010132788502e-06,0.00010000102221965901
normal_gate,0.2625,-4.2554975927637517e-13,-8.763422989325489e-16,1.5090230768514262e-16,-8.763606160200332e-16,1.8317087484374245e-20,128,0,-1,4.2000412940978995,4.033154415393144e-10,4,2.4006635488683924e-10,-0.00010500103235244751,5.000010132788502e-06,0.00010000102221965901,4.2000412940979,4.033085671774039e-10,4,2.4006226304498034e-10,-0.00010500103235244751,5.000010132788502e-06,0.00010000102221965901
normal_gate,0.265,-4.255522800464262e-13,-1.0863180607877457e-15,1.4839593719421715e-16,-1.0862621566132269e-15,-5.590417451878382e-20,128,0,-1,4.2000412940978995,3.9377723367691235e-10,4,2.3438890602710684e-10,-0.00010500103235244751,5.000010132788502e-06,0.00010000102221965901,4.2000412940979,3.9377064790291054e-10,4,2.343849859620761e-10,-0.00010500103235244751,5.000010132788502e-06,0.00010000102221965901
normal_gate,0.2675,-4.2555531581250916e-13,-1.2870824452206704e-15,1.4537753528667645e-16,-1.2870563989575423e-15,-2.6046263128069735e-20,128,0,-1,4.2000412940978995,3.8306034199601115e-10,4,2.2800986655435149e-10,-0.00010500103235244751,5.000010132788502e-06,0.00010000102221965901,4.2000412940978995,3.830540439814983e-10,4,2.2800611777304683e-10,-0.00010500103235244751,5.000010132788502e-06,0.00010000102221965901
normal_gate,0.27,-4.2555881236451543e-13,-1.4779503084561127e-15,1.4187103064328046e-16,-1.4779844015322396e-15,3.409307612698559e-20,128,0,-1,4.2000412940978995,3.7124753299950377e-10,4,2.209785017597319e-10,-0.00010500103235244751,5.000010132788502e-06,0.00010000102221965901,4.200041294097899,3.712415764736839e-10,4,2.20974956243508e-10,-0.00010500103235244751,5.000010132788502e-06,0.00010000102221965901
normal_gate,0.2725,-4.255627968074993e-13,-1.6586900928621169e-15,1.3790299892274928e-16,-1.6587209036855732e-15,3.0810823456375175e-20,128,0,-1,4.2000412940978995,3.584207135074851e-10,4,2.133435652234867e-10,-0.00010500103235244751,5.000010132788502e-06,0.00010000102221965901,4.2000412940979,3.584150613945091e-10,4,2.133402009036025e-10,-0.00010500103235244751,5.000010132788502e-06,0.00010000102221965901
normal_gate,0.275,-4.255672149313522e-13,-1.828552491917718e-15,1.3349916875085577e-16,-1.8286153841140518e-15,6.28921963336318e-20,128,0,-1,4.2000412940979,3.4466495635683333e-10,4,2.0515569504112558e-10,-0.00010500103235244751,5.000010132788502e-06,0.00010000102221965901,4.2000412940978995,3.4465968164976753e-10,4,2.051525553654079e-10,-0.00010500103235244751,5.000010132788502e-06,0.00010000102221965901
normal_gate,0.2775,-4.2557203963101975e-13,-1.9875393055679294e-15,1.2868717457750409e-16,-1.9875594226004267e-15,2.0117032497289633e-20,128,0,-1,4.2000412940978995,3.3006331546417305e-10,4,1.9646432758172754e-10,-0.00010500103235244751,5.000010132788502e-06,0.00010000102221965901,4.2000412940979,3.300583893677894e-10,4,1.9646139541032803e-10,-0.00010500103235244751,5.000010132788502e-06,0.00010000102221965901
normal_gate,0.28,-4.2557721669639337e-13,-2.135067881024158e-15,1.2349232151199346e-16,-2.1350109180584553e-15,-5.69629657028517e-20,128,0,-1,4.2000412940979,3.1470212731946284e-10,4,1.8732085310785954e-10,-0.00010500103235244751,5.000010132788502e-06,0.00010000102221965901,4.2000412940978995,3.1469756725551196e-10,4,1.8731813881076607e-10,-0.00010500103235244751,5.000010132788502e-06,0.00010000102221965901
normal_gate,0.28250000000000003,-4.2558274612747304e-13,-2.2708178280741054e-15,1.1794933790516132e-16,-2.2707530300536405e-15,-6.479802046495398e-20,128,0,-1,4.2000412940978995,2.9866595982092507e-10,4,1.7777560915926282e-10,-0.00010500103235244751,5.000010132788502e-06,0.00010000102221965901,4.2000412940979,2.9866179114419613e-10,4,1.7777312782846326e-10,-0.00010500103235244751,5.000010132788502e-06,0.00010000102221965901
normal_gate,0.28500000000000003,-4.2558860081920447e-13,-2.3944014173861656e-15,1.1208786991016156e-16,-2.3944604979342365e-15,5.908054807098745e-20,128,0,-1,4.2000412940979,2.8204004892243906e-10,4,1.6787933092394547e-10,-0.00010500103235244751,5.000010132788502e-06,0.00010000102221965901,4.2000412940979,2.8203625444840573e-10,4,1.678770723306558e-10,-0.00010500103235244751,5.000010132788502e-06,0.00010000102221965901
normal_gate,0.28750000000000003,-4.255947536665333e-13,-2.5062423771922025e-15,1.0593163444951731e-16,-2.506241741917492e-15,-6.352747104407253e-22,128,0,-1,4.2000412940979,2.6490676722474117e-10,4,1.5768104922980214e-10,-0.00010500103235244751,5.000010132788502e-06,0.00010000102221965901,4.2000412940979,2.649033496870361e-10,4,1.5767901500116855e-10,-0.00010500103235244751,5.000010132788502e-06,0.00010000102221965901
normal_gate,0.29,-4.256011775644053e-13,-2.605613953223472e-15,9.951281877522422e-17,-2.6056088710257885e-15,-5.082197683525802e-21,128,0,-1,4.2000412940978995,2.473508364220665e-10,4,1.472311931609195e-10,-0.00010500103235244751,5.000010132788502e-06,0.00010000102221965901,4.2000412940979,2.4734783369620645e-10,4,1.4722940584167083e-10,-0.00010500103235244751,5.000010132788502e-06,0.00010000102221965901
normal_gate,0.2925,-4.2560781830271177e-13,-2.692585602181649e-15,9.286869233696149e-17,-2.692561885259126e-15,-2.371692252312041e-20,128,0,-1,4.2000412940978995,2.294520949060214e-10,4,1.365772851022075e-10,-0.00010500103235244751,5.000010132788502e-06,0.00010000102221965901,4.2000412940978995,2.294494836613865e-10,4,1.3657573080520657e-10,-0.00010500103235244751,5.000010132788502e-06,0.00010000102221965901
normal_gate,0.295,-4.2561467588145274e-13,-2.7670766441785077e-15,8.602636018904125e-17,-2.7671007846175044e-15,2.414043899674756e-20,128,0,-1,4.2000412940979,2.1129276004012813e-10,4,1.2576826347936557e-10,-0.00010500103235244751,5.000010132788502e-06,0.00010000102221965901,4.2000412940979,2.1129054767567565e-10,4,1.257669466087103e-10,-0.00010500103235244751,5.000010132788502e-06,0.00010000102221965901
normal_gate,0.2975,-4.256216960905196e-13,-2.829158229981617e-15,7.901462145167015e-17,-2.8291713589922995e-15,1.3129010682441655e-20,128,0,-1,4.2000412940979,1.9295031435560908e-10,4,1.1485024839324325e-10,-0.00010500103235244751,5.000010132788502e-06,0.00010000102221965901,4.2000412940979,1.9294850061473114e-10,4,1.1484916879619234e-10,-0.00010500103235244751,5.000010132788502e-06,0.00010000102221965901
normal_gate,0.3,-4.25628851824858e-13,-2.8789430149729622e-15,7.186566337684386e-17,-2.8789362387093842e-15,-6.776263578034403e-21,128,0,-1,4.2000412940979,1.7450124536384584e-10,4,1.0386876767679842e-10,-0.00010500103235244751,5.000010132788502e-06,0.00010000102221965901,4.2000412940979,1.744998350955166e-10,4,1.0386792823961763e-10,-0.00010500103235244751,5.000010132788502e-06,0.00010000102221965901
normal_gate,0.3025,-4.2563611597941364e-13,-2.916350319264317e-15,6.461167321655803e-17,-2.916341213660134e-15,-9.105604182983729e-21,128,0,-1,4.2000412940979,1.5602072260636967e-10,4,9.286856466483881e-11,-0.00010500103235244751,5.000010132788502e-06,0.00010000102221965901,4.2000412940979,1.560196971957633e-10,4,9.286795430738363e-11,-0.00010500103235244751,5.000010132788502e-06,0.00010000102221965901
normal_gate,0.305,-4.256434343440779e-13,-2.9417594018578148e-15,5.728653228870284e-17,-2.941765754604919e-15,6.3527471044072525e-21,128,0,-1,4.2000412940979,1.3757904986220087e-10,4,8.189148643343909e-11,-0.00010500103235244751,5.000010132788502e-06,0.00010000102221965901,4.2000412940979,1.3757840436597426e-10,4,8.18911022132723e-11,-0.00010500103235244751,5.000010132788502e-06,0.00010000102221965901
normal_gate,0.3075,-4.256507798137965e-13,-2.955218120114975e-15,4.9907181252223376e-17,-2.9552369665980516e-15,1.8846483076408183e-20,128,0,-1,4.2000412940978995,1.1924602074625873e-10,4,7.097907639255176e-11,-0.00010500103235244751,5.000010132788502e-06,0.00010000102221965901,4.2000412940978995,1.1924575823538703e-10,4,7.09789201376168e-11,-0.00010500103235244751,5.000010132788502e-06,0.00010000102221965901
normal_gate,0.31,-4.2565823370373235e-13,-2.956994983480078e-15,4.250750142500981e-17,-2.9569987951283405e-15,3.8116482626443515e-21,128,0,-1,4.2000412940978995,1.0108783874779782e-10,4,6.017074099357744e-11,-0.00010500103235244751,5.000010132788502e-06,0.00010000102221965901,4.2000412940978995,1.0108794124692474e-10,4,6.017080200436266e-11,-0.00010500103235244751,5.000010132788502e-06,0.00010000102221965901
normal_gate,0.3125,-4.2566560627850525e-13,-2.94730683238762e-15,3.5128150388530344e-17,-2.9473222907389074e-15,1.545835128739098e-20,128,0,-1,4.2000412940979,8.316902566408364e-11,4,4.95048856906221e-11,-0.00010500103235244751,5.000010132788502e-06,0.00010000102221965901,4.2000412940978995,8.316949136822704e-11,4,4.950516289274394e-11,-0.00010500103235244751,5.000010132788502e-06,0.00010000102221965901
normal_gate,0.315,-4.2567292464316953e-13,-2.9265157734225528e-15,2.77928450653081e-17,-2.9265056090271857e-15,-1.0164395367051604e-20,128,0,-1,4.2000412940978995,6.554936022791642e-11,4,3.901709271289162e-11,-0.00010500103235244751,5.000010132788502e-06,0.00010000102221965901,4.2000412940979,6.555017945664285e-11,4,3.901758034424394e-11,-0.00010500103235244751,5.000010132788502e-06,0.00010000102221965901
normal_gate,0.3175,-4.256802159027795e-13,-2.8949301265776767e-15,2.051852611428817e-17,-2.8949282207535454e-15,-1.9058241313221758e-21,128,0,-1,4.2000412940978995,4.82855711928133e-11,4,2.8741128843582148e-11,-0.00010500103235244751,5.000010132788502e-06,0.00010000102221965901,4.2000412940978995,4.8286729057755425e-11,4,2.8741818042128695e-11,-0.00010500103235244751,5.000010132788502e-06,0.00010000102221965901
normal_gate,0.32,-4.256873987421722e-13,-2.852970231953067e-15,1.3342462985149739e-17,-2.8529695966783564e-15,-6.352747104407253e-22,128,0,-1,4.2000412940979,3.1431389675564935e-11,4,1.870897657585762e-11,-0.00010500103235244751,5.000010132788502e-06,0.00010000102221965901,4.2000412940979,3.1432877541228955e-11,4,1.8709862201474033e-11,-0.00010500103235244751,5.000010132788502e-06,0.00010000102221965901
normal_gate,0.3225,-4.2569444605629336e-13,-2.801051982725825e-15,6.288372600415926e-18,-2.8010498651434568e-15,-2.117582368135751e-21,128,0,-1,4.2000412940979,1.5037631750284633e-11,4,8.950883275490789e-12,-0.00010500103235244751,5.000010132788502e-06,0.00010000102221965901,4.2000412940979,1.5039429237945758e-11,4,8.951953198103007e-12,-0.00010500103235244751,5.000010132788502e-06,0.00010000102221965901
normal_gate,0.325,-4.2570135784514296e-13,-2.739596989545447e-15,-6.2002811739014785e-19,-2.739593601413658e-15,-3.3881317890172014e-21,128,0,-1,4.2000412940978995,8.487874782682929e-13,4,5.052256744838735e-13,-0.00010500103235244751,5.000010132788502e-06,0.00010000102221965901,4.2000412940978995,8.466907339816236e-13,4,5.03977624679211e-13,-0.00010500103235244751,5.000010132788502e-06,0.00010000102221965901
normal_gate,0.3275,-4.257081070036667e-13,-2.669075143939422e-15,-7.362410377534379e-18,-2.6690719675658697e-15,-3.1763735522036263e-21,128,0,-1,4.2000412940978995,1.6184695225206476e-11,4,9.633652440483138e-12,-0.00010500103235244751,5.000010132788502e-06,0.00010000102221965901,4.2000412940979,1.6182315787147628e-11,4,9.63223612223039e-12,-0.00010500103235244751,5.000010132788502e-06,0.00010000102221965901
normal_gate,0.33,-4.257146664268102e-13,-2.5899762427095e-15,-1.3915057257493646e-17,-2.589969254687685e-15,-6.988021814847978e-21,128,0,-1,4.2000412940978995,3.0931383065236795e-11,4,1.8411356519698426e-11,-0.00010500103235244751,5.000010132788502e-06,0.00010000102221965901,4.2000412940979,3.092873545907526e-11,4,1.8409780579144425e-11,-0.00010500103235244751,5.000010132788502e-06,0.00010000102221965901
normal_gate,0.3325,-4.2572100900951926e-13,-2.502784365185037e-15,-2.0257639966533847e-17,-2.5027858474926945e-15,1.4823076576950256e-21,128,0,-1,4.2000412940978995,4.50510465019931e-11,4,2.681583545696384e-11,-0.00010500103235244751,5.000010132788502e-06,0.00010000102221965901,4.2000412940978995,4.504814688149261e-11,4,2.681410950934961e-11,-0.00010500103235244751,5.000010132788502e-06,0.00010000102221965901
normal_gate,0.335,-4.257271076467395e-13,-2.4080477534411428e-15,-2.6376605977498913e-17,-2.4080401301446175e-15,-7.623296525288703e-21,128,0,-1,4.2000412940979,5.851189734613527e-11,4,3.482816789703889e-11,-0.00010500103235244751,5.000010132788502e-06,0.00010000102221965901,4.2000412940979,5.850876237061593e-11,4,3.48263018585289e-11,-0.00010500103235244751,5.000010132788502e-06,0.00010000102221965901
normal_gate,0.3375,-4.257329894435252e-13,-2.3063417546072404e-15,-3.2244850236076705e-17,-2.306341966365477e-15,2.117582368135751e-22,128,0,-1,4.2000412940978995,7.128580236497862e-11,4,4.2431608032731046e-11,-0.00010500103235244751,5.000010132788502e-06,0.00010000102221965901,4.2000412940979,7.12824571692368e-11,4,4.2429616864366504e-11,-0.00010500103235244751,5.000010132788502e-06,0.00010000102221965901
normal_gate,0.34,-4.2573860018976784e-13,-2.198193011418285e-15,-3.7848820215111156e-17,-2.198192799660048e-15,-2.117582368135751e-22,128,0,-1,4.2000412940978995,8.334597137634282e-11,4,4.961020948381186e-11,-0.00010500103235244751,5.000010132788502e-06,0.00010000102221965901,4.2000412940978995,8.334242576522775e-11,4,4.960809902175518e-11,-0.00010500103235244751,5.000010132788502e-06,0.00010000102221965901
normal_gate,0.3425,-4.25743912780413e-13,-2.0841671301248055e-15,-4.3178351519235214e-17,-2.084161836168885e-15,-5.293955920339377e-21,128,0,-1,4.2000412940979,9.467241225347677e-11,4,5.6352072291833765e-11,-0.00010500103235244751,5.000010132788502e-06,0.00010000102221965901,4.2000412940979,9.466868231085114e-11,4,5.634985210971861e-11,-0.00010500103235244751,5.000010132788502e-06,0.00010000102221965901
normal_gate,0.34500000000000003,-4.2574895432051507e-13,-1.9647894829123366e-15,-4.820972722592576e-17,-1.964791176978231e-15,1.6940658945086007e-21,128,0,-1,4.2000412940978995,1.0524695806224924e-10,4,6.264638291184621e-11,-0.00010500103235244751,5.000010132788502e-06,0.00010000102221965901,4.2000412940979,1.0524307018898724e-10,4,6.264406872432413e-11,-0.00010500103235244751,5.000010132788502e-06,0.00010000102221965901
normal_gate,0.34750000000000003,-4.257536705999654e-13,-1.840675015700585e-15,-5.2932782939815737e-17,-1.840677133282953e-15,2.117582368135751e-21,128,0,-1,4.2000412940979,1.1505391162492885e-10,4,6.848379787754e-11,-0.00010500103235244751,5.000010132788502e-06,0.00010000102221965901,4.2000412940979,1.1504988112208791e-10,4,6.848139879229374e-11,-0.00010500103235244751,5.000010132788502e-06,0.00010000102221965901
normal_gate,0.35000000000000003,-4.2575808872381826e-13,-1.7125076017153397e-15,-5.734413052911613e-17,-1.7124973314408543e-15,-1.0270274485458392e-20,128,0,-1,4.2000412940979,1.2408326347976313e-10,4,7.385835923454544e-11,-0.00010500103235244751,5.000010132788502e-06,0.00010000102221965901,4.200041294097899,1.2407911145648573e-10,4,7.385588781641725e-11,-0.00010500103235244751,5.000010132788502e-06,0.00010000102221965901
normal_gate,0.3525,-4.257621815870194e-13,-1.5808498825918148e-15,-6.142682933488186e-17,-1.580875187701114e-15,2.5305109299222223e-20,128,0,-1,4.2000412940978995,1.3232680382687344e-10,4,7.876518024526653e-11,-0.00010500103235244751,5.000010132788502e-06,0.00010000102221965901,4.2000412940979,1.3232254609109365e-10,4,7.87626459036484e-11,-0.00010500103235244751,5.000010132788502e-06,0.00010000102221965901
normal_gate,0.355,-4.257659491895688e-13,-1.4462413124382927e-15,-6.51774912253239e-17,-1.4462714879870386e-15,3.017554874593445e-20,128,0,-1,4.2000412940978995,1.3977989119237642e-10,4,8.320149815479305e-11,-0.00010500103235244751,5.000010132788502e-06,0.00010000102221965901,4.2000412940979,1.3977554311479137e-10,4,8.319891003881955e-11,-0.00010500103235244751,5.000010132788502e-06,0.00010000102221965901
normal_gate,0.3575,-4.257693644264121e-13,-1.309267402779563e-15,-6.858764587096972e-17,-1.3092283333848709e-15,-3.9069394692104603e-20,128,0,-1,4.2000412940978995,1.464417096996587e-10,4,8.716682732705846e-11,-0.00010500103235244751,5.000010132788502e-06,0.00010000102221965901,4.2000412940978995,1.4643730072762077e-10,4,8.716420296474317e-11,-0.00010500103235244751,5.000010132788502e-06,0.00010000102221965901
normal_gate,0.36,-4.257724544026037e-13,-1.1704532081638049e-15,-7.165390514003028e-17,-1.1704504553067263e-15,-2.752857078576476e-21,128,0,-1,4.2000412940979,1.5231376634687923e-10,4,9.066206477595699e-11,-0.00010500103235244751,5.000010132788502e-06,0.00010000102221965901,4.2000412940979,1.5230930677504395e-10,4,9.065941029501085e-11,-0.00010500103235244751,5.000010132788502e-06,0.00010000102221965901
normal_gate,0.3625,-4.257751920130892e-13,-1.0304543320921932e-15,-7.436949276892757e-17,-1.0304799548388477e-15,2.5622746654442585e-20,128,0,-1,4.2000412940979,1.5740032263084744e-10,4,9.368974708179294e-11,-0.00010500103235244751,5.000010132788502e-06,0.00010000102221965901,4.2000412940979,1.5739583625522412e-10,4,9.368707664636792e-11,-0.00010500103235244751,5.000010132788502e-06,0.00010000102221965901
normal_gate,0.365,-4.2577752304776006e-13,-8.898591448257146e-16,-7.673271469176707e-17,-8.898589330674778e-16,-2.117582368135751e-22,128,0,-1,4.2000412940979,1.6171014639672634e-10,4,9.625509314870856e-11,-0.00010500103235244751,5.000010132788502e-06,0.00010000102221965901,4.2000412940978995,1.6170564366863822e-10,4,9.625241297976925e-11,-0.00010500103235244751,5.000010132788502e-06,0.00010000102221965901
normal_gate,0.3675,-4.2577952882177916e-13,-7.492111238791509e-16,-7.87486531062323e-17,-7.491837011874836e-16,-2.7422691667357973e-20,128,0,-1,4.2000412940979,1.652521797264042e-10,4,9.836342559216293e-11,-0.00010500103235244751,5.000010132788502e-06,0.00010000102221965901,4.2000412940978995,1.6524768019100242e-10,4,9.836074732361347e-11,-0.00010500103235244751,5.000010132788502e-06,0.00010000102221965901
normal_gate,0.37,-4.257811822300922e-13,-6.08945379489595e-16,-8.040883768285073e-17,-6.089421501764836e-16,-3.22931311140702e-21,128,0,-1,4.2000412940978995,1.6804006934424538e-10,4,1.0002286738250847e-10,-0.00010500103235244751,5.000010132788502e-06,0.00010000102221965901,4.2000412940979,1.6803559453957113e-10,4,1.000202038344854e-10,-0.00010500103235244751,5.000010132788502e-06,0.00010000102221965901
normal_gate,0.3725,-4.257825103777535e-13,-4.697700312009513e-16,-8.17234328169894e-17,-4.697305912293448e-16,-3.943997160652836e-20,128,0,-1,4.2000412940978995,1.7008876847346546e-10,4,1.012423191603392e-10,-0.00010500103235244751,5.000010132788502e-06,0.00010000102221965901,4.2000412940979,1.70084342662895e-10,4,1.0123968477518643e-10,-0.00010500103235244751,5.000010132788502e-06,0.00010000102221965901
normal_gate,0.375,-4.2578348615970874e-13,-3.320937988800498e-16,-8.269074444275382e-17,-3.3209112543231e-16,-2.6734477397713854e-21,128,0,-1,4.2000412940979,1.7141677094976366e-10,4,1.0203278905295928e-10,-0.00010500103235244751,5.000010132788502e-06,0.00010000102221965901,4.2000412940979,1.714124009503433e-10,4,1.0203018788840257e-10,-0.00010500103235244751,5.000010132788502e-06,0.00010000102221965901
normal_gate,0.3775,-4.257842993113381e-13,-3.320937988800498e-16,-8.352083673106303e-17,-3.3209112543231e-16,-2.6734477397713854e-21,128,0,-1,4.2000412940979,1.7141677094976366e-10,4,1.0203278905295928e-10,-0.00010500103235244751,5.000010132788502e-06,0.00010000102221965901,4.2000412940979,1.714124009503433e-10,4,1.0203018788840257e-10,-0.00010500103235244751,5.000010132788502e-06,0.00010000102221965901
normal_gate,0.38,-4.2578511246296746e-13,-3.320937988800498e-16,-8.435092901937224e-17,-3.3209112543231e-16,-2.6734477397713854e-21,128,0,-1,4.2000412940979,1.7141677094976366e-10,4,1.0203278905295928e-10,-0.00010500103235244751,5.000010132788502e-06,0.00010000102221965901,4.2000412940979,1.714124009503433e-10,4,1.0203018788840257e-10,-0.00010500103235244751,5.000010132788502e-06,0.00010000102221965901
normal_gate,0.3825,-4.2578592561459683e-13,-3.320937988800498e-16,-8.518102130768146e-17,-3.3209112543231e-16,-2.6734477397713854e-21,128,0,-1,4.2000412940979,1.7141677094976366e-10,4,1.0203278905295928e-10,-0.00010500103235244751,5.000010132788502e-06,0.00010000102221965901,4.2000412940979,1.714124009503433e-10,4,1.0203018788840257e-10,-0.00010500103235244751,5.000010132788502e-06,0.00010000102221965901
normal_gate,0.385,-4.257865761359003e-13,-1.9260982619614015e-16,-8.580104942507161e-17,-1.9260851594204986e-16,-1.3102540902839958e-21,128,0,-1,4.2000412940979,1.699299461328523e-10,4,1.0114778298230426e-10,-0.00010500103235244751,5.000010132788502e-06,0.00010000102221965901,4.2000412940979,1.6992551827561277e-10,4,1.0114514737890807e-10,-0.00010500103235244751,5.000010132788502e-06,0.00010000102221965901
normal_gate,0.3875,-4.2578687429149775e-13,-5.574226549440514e-17,-8.607633513292925e-17,-5.57822017743792e-17,3.9936279974060176e-20,128,0,-1,4.2000412940979,1.6799101164645147e-10,4,9.999366665901625e-11,-0.00010500103235244751,5.000010132788502e-06,0.00010000102221965901,4.2000412940979,1.679866711045297e-10,4,9.999108302851251e-11,-0.00010500103235244751,5.000010132788502e-06,0.00010000102221965901
normal_gate,0.39,-4.2578684718644344e-13,7.805949254196742e-17,-8.601365469483244e-17,7.806255641895632e-17,-3.0638769888964145e-21,128,0,-1,4.2000412940978995,1.6547664435755415e-10,4,9.849703417802695e-11,-0.00010500103235244751,5.000010132788502e-06,0.00010000102221965901,4.2000412940979,1.654724016217889e-10,4,9.849450876490112e-11,-0.00010500103235244751,5.000010132788502e-06,0.00010000102221965901
normal_gate,0.3925,-4.2578646771568307e-13,2.083969056764046e-16,-8.562232547320095e-17,2.0838365755171395e-16,1.3248124690649291e-20,128,0,-1,4.2000412940978995,1.6241475921541577e-10,4,9.667450141719368e-11,-0.00010500103235244751,5.000010132788502e-06,0.00010000102221965901,4.2000412940978995,1.6241064279813213e-10,4,9.6672051192901e-11,-0.00010500103235244751,5.000010132788502e-06,0.00010000102221965901
normal_gate,0.395,-4.2578576298427095e-13,3.3480880417379583e-16,-8.491124131398096e-17,3.3480163086352377e-16,7.173310272059856e-21,128,0,-1,4.2000412940978995,1.5883781500827633e-10,4,9.454538889384426e-11,-0.00010500103235244751,5.000010132788502e-06,0.00010000102221965901,4.2000412940979,1.5883383550591093e-10,4,9.454302016572543e-11,-0.00010500103235244751,5.000010132788502e-06,0.00010000102221965901
normal_gate,0.3975,-4.257847329922071e-13,4.569227119130309e-16,-8.388993133782909e-17,4.569370055940158e-16,-1.4293680984916318e-20,128,0,-1,4.200041294097899,1.547764920924786e-10,4,9.212795854529932e-11,-0.00010500103235244751,5.000010132788502e-06,0.00010000102221965901,4.2000412940979,1.5477265391901012e-10,4,9.212567394069678e-11,-0.00010500103235244751,5.000010132788502e-06,0.00010000102221965901
normal_gate,0.4,-4.257834048445458e-13,5.744152873013854e-16,-8.25704657642437e-17,5.744103109828202e-16,4.9763185651190145e-21,128,0,-1,4.2000412940979,1.5026262783830193e-10,4,8.944116100088004e-11,-0.00010500103235244751,5.000010132788502e-06,0.00010000102221965901,4.2000412940979,1.502589387067252e-10,4,8.943896511081704e-11,-0.00010500103235244751,5.000010132788502e-06,0.00010000102221965901
normal_gate,0.4025,-4.257818056463414e-13,6.869144975865573e-16,-8.096463688003736e-17,6.869504964868156e-16,-3.5998900258307764e-20,128,0,-1,4.2000412940979,1.4532916774981645e-10,4,8.650460648686952e-11,-0.00010500103235244751,5.000010132788502e-06,0.00010000102221965901,4.2000412940978995,1.453256297480447e-10,4,8.650250055413935e-11,-0.00010500103235244751,5.000010132788502e-06,0.00010000102221965901
normal_gate,0.405,-4.2577993539759385e-13,7.940821119247962e-16,-7.90855604610027e-17,7.940696711283834e-16,1.2440796412797536e-20,128,0,-1,4.2000412940978995,1.4000939955334595e-10,4,8.333810893127045e-11,-0.00010500103235244751,5.000010132788502e-06,0.00010000102221965901,4.2000412940979,1.4000603694913733e-10,4,8.333610740082517e-11,-0.00010500103235244751,5.000010132788502e-06,0.00010000102221965901
normal_gate,0.40750000000000003,-4.257777940983032e-13,8.955956754609943e-16,-7.694659051094878e-17,8.95605204581651e-16,-9.529120656610879e-21,128,0,-1,4.200041294097899,1.3433727112273327e-10,4,7.996187520317389e-11,-0.00010500103235244751,5.000010132788502e-06,0.00010000102221965901,4.200041294097899,1.3433411057146253e-10,4,7.995999394115203e-11,-0.00010500103235244751,5.000010132788502e-06,0.00010000102221965901
normal_gate,0.41000000000000003,-4.257754088535237e-13,9.912756701498928e-16,-7.456261628090155e-17,9.912860463034967e-16,-1.0376153603865179e-20,128,0,-1,4.2000412940978995,1.2834685136838023e-10,4,7.639618421653342e-11,-0.00010500103235244751,5.000010132788502e-06,0.00010000102221965901,4.2000412940978995,1.2834388084859586e-10,4,7.639441606737942e-11,-0.00010500103235244751,5.000010132788502e-06,0.00010000102221965901
normal_gate,0.41250000000000003,-4.2577277966325544e-13,1.0808231463006702e-15,-7.194951963862203e-17,1.0808140406964872e-15,9.105604182983729e-21,128,0,-1,4.2000412940978995,1.2207102747692063e-10,4,7.266061148521367e-11,-0.00010500103235244751,5.000010132788502e-06,0.00010000102221965901,4.2000412940978995,1.2206824717516904e-10,4,7.265895655996598e-11,-0.00010500103235244751,5.000010132788502e-06,0.00010000102221965901
normal_gate,0.41500000000000004,-4.25769960737607e-13,1.1640624504558896e-15,-6.912127662773992e-17,1.1640536624890618e-15,8.787966827763366e-21,128,0,-1,4.2000412940978995,1.1554487848968289e-10,4,6.877603718566537e-11,-0.00010500103235244751,5.000010132788502e-06,0.00010000102221965901,4.2000412940979,1.1554230244483519e-10,4,6.87745038407127e-11,-0.00010500103235244751,5.000010132788502e-06,0.00010000102221965901
normal_gate,0.4175,-4.25766924971524e-13,1.2408453518497815e-15,-6.609482790720031e-17,1.2408422813553477e-15,3.0704944337968387e-21,128,0,-1,4.2000412940979,1.0880135795424512e-10,4,6.476207633192678e-11,-0.00010500103235244751,5.000010132788502e-06,0.00010000102221965901,4.2000412940978995,1.0879899447183232e-10,4,6.476066951098904e-11,-0.00010500103235244751,5.000010132788502e-06,0.00010000102221965901
normal_gate,0.42,-4.257637265751152e-13,1.311017796365064e-15,-6.288626710300102e-17,1.311017266969472e-15,5.293955920339377e-22,128,0,-1,4.2000412940979,1.018733265565211e-10,4,6.063828866377956e-11,-0.00010500103235244751,5.000010132788502e-06,0.00010000102221965901,4.2000412940979,1.0187117485408183e-10,4,6.063700790111046e-11,-0.00010500103235244751,5.000010132788502e-06,0.00010000102221965901
normal_gate,0.4225,-4.257603655483805e-13,1.374446482191663e-15,-5.951253487408714e-17,1.374443094059874e-15,3.3881317890172014e-21,128,0,-1,4.2000412940979,9.47951236282613e-11,4,5.642511405868316e-11,-0.00010500103235244751,5.000010132788502e-06,0.00010000102221965901,4.2000412940979,9.479318948685766e-11,4,5.642396279535728e-11,-0.00010500103235244751,5.000010132788502e-06,0.00010000102221965901
normal_gate,0.425,-4.257568418913199e-13,1.4311146804288702e-15,-5.599057187940376e-17,1.4311197626265537e-15,-5.082197683525802e-21,128,0,-1,4.2000412940979,8.759756087104905e-11,4,5.214089263488037e-11,-0.00010500103235244751,5.000010132788502e-06,0.00010000102221965901,4.2000412940979,8.759584429160707e-11,4,5.2139870871448905e-11,-0.00010500103235244751,5.000010132788502e-06,0.00010000102221965901
normal_gate,0.4275,-4.2575318270898777e-13,1.4809448875620118e-15,-5.2337318777895964e-17,1.4809388524522626e-15,6.03510974918689e-21,128,0,-1,4.2000412940979,8.031257941246538e-11,4,4.7804636781383835e-11,-0.00010500103235244751,5.000010132788502e-06,0.00010000102221965901,4.2000412940979,8.031108075593562e-11,4,4.78037447326962e-11,-0.00010500103235244751,5.000010132788502e-06,0.00010000102221965901
normal_gate,0.43,-4.257494151064384e-13,1.5238833169989373e-15,-4.8569716228508836e-17,1.5238732584826886e-15,1.0058516248644817e-20,128,0,-1,4.2000412940978995,7.297079016993636e-11,4,4.343456710323207e-11,-0.00010500103235244751,5.000010132788502e-06,0.00010000102221965901,4.2000412940979,7.296951143504182e-11,4,4.3433805958992636e-11,-0.00010500103235244751,5.000010132788502e-06,0.00010000102221965901
normal_gate,0.4325,-4.2574553908367174e-13,1.5598778762133904e-15,-4.470555192313472e-17,1.5598687706092074e-15,9.105604182983729e-21,128,0,-1,4.2000412940978995,6.560351396491493e-11,4,3.904932676322977e-11,-0.00010500103235244751,5.000010132788502e-06,0.00010000102221965901,4.2000412940979,6.560246305491399e-11,4,3.9048701227712764e-11,-0.00010500103235244751,5.000010132788502e-06,0.00010000102221965901
normal_gate,0.435,-4.257416088507965e-13,1.589007127511229e-15,-4.0761766520718695e-17,1.5890202565219114e-15,-1.3129010682441655e-20,128,0,-1,4.2000412940979,5.823877665881737e-11,4,3.4665597657728566e-11,-0.00010500103235244751,5.000010132788502e-06,0.00010000102221965901,4.2000412940979,5.82379398889532e-11,4,3.4665099585325477e-11,-0.00010500103235244751,5.000010132788502e-06,0.00010000102221965901
normal_gate,0.4375,-4.257375973027583e-13,1.6113819263294249e-15,-3.67544536472586e-17,1.6113819263294249e-15,0.0,128,0,-1,4.2000412940978995,5.090482062777133e-11,4,3.0300190559617374e-11,-0.00010500103235244751,5.000010132788502e-06,0.00010000102221965901,4.2000412940978995,5.090420025182127e-11,4,3.029982129184914e-11,-0.00010500103235244751,5.000010132788502e-06,0.00010000102221965901
normal_gate,0.44,-4.2573353154461147e-13,1.6270103194809772e-15,-3.270055396169952e-17,1.6270215426675283e-15,-1.122318655111948e-20,128,0,-1,4.2000412940979,4.362846540078632e-11,4,2.596906931730358e-11,-0.00010500103235244751,5.000010132788502e-06,0.00010000102221965901,4.2000412940979,4.3628059716910625e-11,4,2.5968827841180318e-11,-0.00010500103235244751,5.000010132788502e-06,0.00010000102221965901
normal_gate,0.4425,-4.2572946578646464e-13,1.636006127018173e-15,-2.861785515593379e-17,1.6359933156448458e-15,1.2811373327221293e-20,128,0,-1,4.2000412940979,3.6435733813503444e-11,4,2.1687723561613956e-11,-0.00010500103235244751,5.000010132788502e-06,0.00010000102221965901,4.2000412940979,3.6435538279536823e-11,4,2.1687607173492432e-11,-0.00010500103235244751,5.000010132788502e-06,0.00010000102221965901
normal_gate,0.445,-4.257254000283178e-13,1.6384498170710017e-15,-2.4523297888906503e-17,1.6384530993236723e-15,-3.282252670610414e-21,128,0,-1,4.200041294097899,2.9351905823276005e-11,4,1.747120073826579e-11,-0.00010500103235244751,5.000010132788502e-06,0.00010000102221965901,4.2000412940978995,2.935191643213929e-11,4,1.7471207053003276e-11,-0.00010500103235244751,5.000010132788502e-06,0.00010000102221965901
normal_gate,0.4475,-4.25721334270171e-13,1.6345745354581949e-15,-2.0432975786615487e-17,1.6345703002934586e-15,4.235164736271502e-21,128,0,-1,4.2000412940979,2.2399558065897697e-11,4,1.3332939188820972e-11,-0.00010500103235244751,5.000010132788502e-06,0.00010000102221965901,4.2000412940979,2.2399770453610727e-11,4,1.3333065608835775e-11,-0.00010500103235244751,5.000010132788502e-06,0.00010000102221965901
normal_gate,0.45,-4.257172685120242e-13,1.6245077606383143e-15,-1.636044137621681e-17,1.6245109370118666e-15,-3.1763735522036263e-21,128,0,-1,4.2000412940978995,1.560018872062059e-11,4,9.285735322735235e-12,-0.00010500103235244751,5.000010132788502e-06,0.00010000102221965901,4.2000412940979,1.560059623692723e-11,4,9.285977889580477e-12,-0.00010500103235244751,5.000010132788502e-06,0.00010000102221965901
normal_gate,0.4525,-4.2571320275387736e-13,1.608426734255573e-15,-1.2322635316655561e-17,1.6084240872776129e-15,2.6469779601696886e-21,128,0,-1,4.2000412940979,8.976476846583315e-12,4,5.3430884472478234e-12,-0.00010500103235244751,5.000010132788502e-06,0.00010000102221965901,4.2000412940978995,8.977074790170626e-12,4,5.343444362550461e-12,-0.00010500103235244751,5.000010132788502e-06,0.00010000102221965901
normal_gate,0.455,-4.257092183108935e-13,1.5865363324040881e-15,-8.333110135087807e-18,1.5865350618546673e-15,1.2705494208814505e-21,128,0,-1,4.2000412940979,2.5461151656977196e-12,4,1.5155298409063518e-12,-0.00010500103235244751,5.000010132788502e-06,0.00010000102221965901,4.2000412940979,2.5468951890303415e-12,4,1.5159941359441876e-12,-0.00010500103235244751,5.000010132788502e-06,0.00010000102221965901
normal_gate,0.4575,-4.257052880780182e-13,1.559068324474052e-15,-4.407959457511379e-18,1.5590666304081575e-15,1.6940658945086007e-21,128,0,-1,4.2000412940978995,3.672745274957167e-12,4,2.1861364078243024e-12,-0.00010500103235244751,5.000010132788502e-06,0.00010000102221965901,4.2000412940979,3.671789700445111e-12,4,2.185567619064178e-12,-0.00010500103235244751,5.000010132788502e-06,0.00010000102221965901
normal_gate,0.46,-4.257014391603059e-13,1.5262558562841966e-15,-5.539595475043124e-19,1.5262551151303677e-15,7.411538288475128e-22,128,0,-1,4.2000412940979,9.66278612867382e-12,4,5.7516018605891034e-12,-0.00010500103235244751,5.000010132788502e-06,0.00010000102221965901,4.2000412940978995,9.661662892211205e-12,4,5.750933274030091e-12,-0.00010500103235244751,5.000010132788502e-06,0.00010000102221965901
normal_gate,0.4625,-4.256976715577565e-13,1.4883466849715935e-15,3.204325639463018e-18,1.4883453085430542e-15,1.376428539288238e-21,128,0,-1,4.2000412940979,1.5410509955777928e-11,4,9.172832406096529e-12,-0.00010500103235244751,5.000010132788502e-06,0.00010000102221965901,4.2000412940978995,1.5409226991885023e-11,4,9.172068744620923e-12,-0.00010500103235244751,5.000010132788502e-06,0.00010000102221965901
normal_gate,0.465,-4.2569401237542437e-13,1.4456227666285603e-15,6.861813905707087e-18,1.4456209666835473e-15,1.7999450129153882e-21,128,0,-1,4.2000412940979,2.0900537426601835e-11,4,1.2440673771453314e-11,-0.00010500103235244751,5.000010132788502e-06,0.00010000102221965901,4.200041294097899,2.089910510512747e-11,4,1.2439821207529497e-11,-0.00010500103235244751,5.000010132788502e-06,0.00010000102221965901
normal_gate,0.4675,-4.256904887183638e-13,1.3983526106993763e-15,1.0404952724071825e-17,1.3983497519631793e-15,2.8587361969832636e-21,128,0,-1,4.2000412940978995,2.6121534890784588e-11,4,1.554837980253422e-11,-0.00010500103235244751,5.000010132788502e-06,0.00010000102221965901,4.2000412940979,2.6119959356786442e-11,4,1.5547441993898645e-11,-0.00010500103235244751,5.000010132788502e-06,0.00010000102221965901
normal_gate,0.47000000000000003,-4.2568707348152046e-13,1.3468279141552525e-15,1.3822730666242927e-17,1.3468298199793838e-15,-1.9058241313221758e-21,128,0,-1,4.2000412940979,3.1062401863447284e-11,4,1.848934313282685e-11,-0.00010500103235244751,5.000010132788502e-06,0.00010000102221965901,4.2000412940979,3.1060695878385594e-11,4,1.848832767551213e-11,-0.00010500103235244751,5.000010132788502e-06,0.00010000102221965901
normal_gate,0.47250000000000003,-4.256837937699487e-13,1.2913699142414348e-15,1.710667740274785e-17,1.2913661025931722e-15,3.8116482626443515e-21,128,0,-1,4.2000412940978995,3.57150076264437e-11,4,2.1258724096732184e-11,-0.00010500103235244751,5.000010132788502e-06,0.00010000102221965901,4.2000412940978995,3.571317798224337e-11,4,2.1257635033511007e-11,-0.00010500103235244751,5.000010132788502e-06,0.00010000102221965901
normal_gate,0.47500000000000003,-4.256806495836485e-13,1.2322448969407165e-15,2.024662853821954e-17,1.232236426611244e-15,8.470329472543003e-21,128,0,-1,4.2000412940978995,4.007058015664653e-11,4,2.3851301303248873e-11,-0.00010500103235244751,5.000010132788502e-06,0.00010000102221965901,4.2000412940979,4.0068642762015416e-11,4,2.38501481034971e-11,-0.00010500103235244751,5.000010132788502e-06,0.00010000102221965901
normal_gate,0.47750000000000004,-4.2567764092261984e-13,1.1697888166958023e-15,2.3234113743185458e-17,1.169786381476079e-15,2.4352197233561135e-21,128,0,-1,4.2000412940978995,4.412285911969422e-11,4,2.626334839951323e-11,-0.00010500103235244751,5.000010132788502e-06,0.00010000102221965901,4.2000412940979,4.4120816554132025e-11,4,2.6262132598632252e-11,-0.00010500103235244751,5.000010132788502e-06,0.00010000102221965901
normal_gate,0.48,-4.256748219969714e-13,1.104337945586752e-15,2.606066268817306e-17,1.1043276753122666e-15,1.0270274485458392e-20,128,0,-1,4.2000412940978995,4.7866958006980545e-11,4,2.8491956778047336e-11,-0.00010500103235244751,5.000010132788502e-06,0.00010000102221965901,4.2000412940979,4.786482494172363e-11,4,2.8490687108830084e-11,-0.00010500103235244751,5.000010132788502e-06,0.00010000102221965901
normal_gate,0.4825,-4.256721657016488e-13,1.0362115091555623e-15,2.871949910960431e-17,1.0361991212987087e-15,1.2387856853594142e-20,128,0,-1,4.2000412940978995,5.1297708949072676e-11,4,3.0534050356337383e-11,-0.00010500103235244751,5.000010132788502e-06,0.00010000102221965901,4.2000412940979,5.1295492607110246e-11,4,3.0532731118139916e-11,-0.00010500103235244751,5.000010132788502e-06,0.00010000102221965901
normal_gate,0.485,-4.2566967203665207e-13,9.65699722065786e-16,3.1204693776848424e-17,9.656853225056827e-16,1.4399560103323106e-20,128,0,-1,4.2000412940979,5.4415035460836454e-11,4,3.2389583607965397e-11,-0.00010500103235244751,5.000010132788502e-06,0.00010000102221965901,4.2000412940978995,5.441274959179849e-11,4,3.238822298501083e-11,-0.00010500103235244751,5.000010132788502e-06,0.00010000102221965901
normal_gate,0.4875,-4.2566736810703554e-13,8.931352565074574e-16,3.351201152516914e-17,8.931386446392464e-16,-3.3881317890172014e-21,128,0,-1,4.2000412940979,5.72163382532751e-11,4,3.4057009352311754e-11,-0.00010500103235244751,5.000010132788502e-06,0.00010000102221965901,4.2000412940979,5.7213988696469775e-11,4,3.405561082034456e-11,-0.00010500103235244751,5.000010132788502e-06,0.00010000102221965901
normal_gate,0.49,-4.256652539127992e-13,8.18877995604041e-16,3.563552312393567e-17,8.188707958239894e-16,7.199780051661553e-21,128,0,-1,4.2000412940978995,5.970232523255484e-11,4,3.553674895795157e-11,-0.00010500103235244751,5.000010132788502e-06,0.00010000102221965901,4.2000412940979,5.969992642488877e-11,4,3.553532111028407e-11,-0.00010500103235244751,5.000010132788502e-06,0.00010000102221965901
normal_gate,0.4925,-4.256633023488887e-13,7.432236067936879e-16,3.757014637546449e-17,7.432205892388133e-16,3.017554874593445e-21,128,0,-1,4.2000412940978995,6.187443701792744e-11,4,3.682965992791332e-11,-0.00010500103235244751,5.000010132788502e-06,0.00010000102221965901,4.2000412940978995,6.187200054808671e-11,4,3.682820966250512e-11,-0.00010500103235244751,5.000010132788502e-06,0.00010000102221965901
normal_gate,0.495,-4.2566156762541274e-13,6.665498667708734e-16,3.931249314796659e-17,6.665539431169321e-16,-4.0763460586613204e-21,128,0,-1,4.2000412940979,6.37352023088578e-11,4,3.7937247425651247e-11,-0.00010500103235244751,5.000010132788502e-06,0.00010000102221965901,4.2000412940979,6.373273801035876e-11,4,3.7935780595728343e-11,-0.00010500103235244751,5.000010132788502e-06,0.00010000102221965901
normal_gate,0.4975,-4.2566002263731695e-13,5.891639837976549e-16,4.0864257507336466e-17,5.891554605286231e-16,8.523269031746397e-21,128,0,-1,4.2000412940978995,6.528832415057747e-11,4,3.886171562308433e-11,-0.00010500103235244751,5.000010132788502e-06,0.00010000102221965901,4.2000412940979,6.528583961511193e-11,4,3.8860236747466467e-11,-0.00010500103235244751,5.000010132788502e-06,0.00010000102221965901
normal_gate,0.5,-4.2565866738460134e-13,5.113377495709825e-16,4.22203572558906e-17,5.11336849598476e-16,8.999725064576941e-22,128,0,-1,4.2000412940978995,6.653741998974973e-11,4,3.9605217741103705e-11,-0.00010500103235244751,5.000010132788502e-06,0.00010000102221965901,4.2000412940979,6.653492281099283e-11,4,3.960373133979117e-11,-0.00010500103235244751,5.000010132788502e-06,0.00010000102221965901
normal_gate,0.5025000000000001,-4.256574476571573e-13,4.645457437405236e-16,4.340450931615211e-17,4.645535258557265e-16,-7.782115202898884e-21,128,0,-1,4.2000412940979,6.714349396503736e-11,4,3.9965972512812327e-11,-0.00010500103235244751,5.000010132788502e-06,0.00010000102221965901,4.2000412940979,6.714099388000263e-11,4,3.996448438158952e-11,-0.00010500103235244751,5.000010132788502e-06,0.00010000102221965901
normal_gate,0.505,-4.2565622792971325e-13,4.645457437405236e-16,4.4564944453890504e-17,4.645535258557265e-16,-7.782115202898884e-21,128,0,-1,4.2000412940979,6.714349396503736e-11,4,3.9965972512812327e-11,-0.00010500103235244751,5.000010132788502e-06,0.00010000102221965901,4.2000412940979,6.714099388000263e-11,4,3.996448438158952e-11,-0.00010500103235244751,5.000010132788502e-06,0.00010000102221965901
normal_gate,0.5075000000000001,-4.256550082022692e-13,4.645457437405236e-16,4.5725379591628895e-17,4.645535258557265e-16,-7.782115202898884e-21,128,0,-1,4.2000412940979,6.714349396503736e-11,4,3.9965972512812327e-11,-0.00010500103235244751,5.000010132788502e-06,0.00010000102221965901,4.2000412940979,6.714099388000263e-11,4,3.996448438158952e-11,-0.00010500103235244751,5.000010132788502e-06,0.00010000102221965901
normal_gate,0.51,-4.2565378847482516e-13,4.645457437405236e-16,4.6885814729367287e-17,4.645535258557265e-16,-7.782115202898884e-21,128,0,-1,4.2000412940979,6.714349396503736e-11,4,3.9965972512812327e-11,-0.00010500103235244751,5.000010132788502e-06,0.00010000102221965901,4.2000412940979,6.714099388000263e-11,4,3.996448438158952e-11,-0.00010500103235244751,5.000010132788502e-06,0.00010000102221965901
normal_gate,0.5125,-4.256525687473811e-13,4.645457437405236e-16,4.804624986710568e-17,4.645535258557265e-16,-7.782115202898884e-21,128,0,-1,4.2000412940979,6.714349396503736e-11,4,3.9965972512812327e-11,-0.00010500103235244751,5.000010132788502e-06,0.00010000102221965901,4.2000412940979,6.714099388000263e-11,4,3.996448438158952e-11,-0.00010500103235244751,5.000010132788502e-06,0.00010000102221965901
normal_gate,0.515,-4.2565134901993706e-13,4.645457437405236e-16,4.920668500484407e-17,4.645535258557265e-16,-7.782115202898884e-21,128,0,-1,4.2000412940979,6.714349396503736e-11,4,3.9965972512812327e-11,-0.00010500103235244751,5.000010132788502e-06,0.00010000102221965901,4.2000412940979,6.714099388000263e-11,4,3.996448438158952e-11,-0.00010500103235244751,5.000010132788502e-06,0.00010000102221965901
normal_gate,0.5175,-4.25650129292493e-13,4.645457437405236e-16,5.036712014258246e-17,4.645535258557265e-16,-7.782115202898884e-21,128,0,-1,4.2000412940979,6.714349396503736e-11,4,3.9965972512812327e-11,-0.00010500103235244751,5.000010132788502e-06,0.00010000102221965901,4.2000412940979,6.714099388000263e-11,4,3.996448438158952e-11,-0.00010500103235244751,5.000010132788502e-06,0.00010000102221965901
normal_gate,0.52,-4.2564890956504897e-13,4.645457437405236e-16,5.152861407150492e-17,4.645535258557265e-16,-7.782115202898884e-21,128,0,-1,4.2000412940979,6.714349396503736e-11,4,3.9965972512812327e-11,-0.00010500103235244751,5.000010132788502e-06,0.00010000102221965901,4.2000412940979,6.714099388000263e-11,4,3.996448438158952e-11,-0.00010500103235244751,5.000010132788502e-06,0.00010000102221965901
normal_gate,0.5225,-4.256478795729851e-13,3.7350579553668416e-16,5.2553100421208997e-17,3.7348054336694414e-16,2.525216974001883e-20,128,0,-1,4.2000412940979,6.587948600797488e-11,4,3.92135942214139e-11,-0.00010500103235244751,5.000010132788502e-06,0.00010000102221965901,4.2000412940978995,6.58765805914705e-11,4,3.921186482383128e-11,-0.00010500103235244751,5.000010132788502e-06,0.00010000102221965901
normal_gate,0.525,-4.2564706642135575e-13,2.8317764617611393e-16,5.335121721575936e-17,2.8319360745321376e-16,-1.5961277099823222e-20,128,0,-1,4.2000412940978995,6.454881712760509e-11,4,3.842153719911766e-11,-0.00010500103235244751,5.000010132788502e-06,0.00010000102221965901,4.2000412940979,6.454594369691104e-11,4,3.841982684052065e-11,-0.00010500103235244751,5.000010132788502e-06,0.00010000102221965901
normal_gate,0.5275,-4.256464701101609e-13,1.9391260257368666e-16,5.3925187916642556e-17,1.9390955854903247e-16,3.044024654195142e-21,128,0,-1,4.2000412940979,6.301721233711909e-11,4,3.7509876644352224e-11,-0.00010500103235244751,5.000010132788502e-06,0.00010000102221965901,4.2000412940978995,6.301437319747538e-11,4,3.750818669689403e-11,-0.00010500103235244751,5.000010132788502e-06,0.00010000102221965901
normal_gate,0.53,-4.256461177444548e-13,1.0601704581084708e-16,5.427781832049636e-17,1.0602141994192626e-16,-4.37413107918041e-21,128,0,-1,4.2000412940979,6.129759791006076e-11,4,3.648630669191223e-11,-0.00010500103235244751,5.000010132788502e-06,0.00010000102221965901,4.2000412940979,6.129481069166218e-11,4,3.648464764965322e-11,-0.00010500103235244751,5.000010132788502e-06,0.00010000102221965901
normal_gate,0.5325,-4.2564598221918326e-13,1.9828705459894474e-17,5.441318477337944e-17,1.9827347229328662e-17,1.3582305658120714e-21,128,0,-1,4.2000412940978995,5.940266904161173e-11,4,3.53583839313004e-11,-0.00010500103235244751,5.000010132788502e-06,0.00010000102221965901,4.2000412940979,5.939993618776772e-11,4,3.5356757248577154e-11,-0.00010500103235244751,5.000010132788502e-06,0.00010000102221965901
normal_gate,0.535,-4.256460635343462e-13,-6.438832783372381e-17,5.4336025365840494e-17,-6.43880565184829e-17,-2.713152409173931e-22,128,0,-1,4.2000412940978995,5.73450245069344e-11,4,3.413360755971518e-11,-0.00010500103235244751,5.000010132788502e-06,0.00010000102221965901,4.2000412940978995,5.734235879876601e-11,4,3.413202084426304e-11,-0.00010500103235244751,5.000010132788502e-06,0.00010000102221965901
normal_gate,0.5375,-4.256463345848893e-13,-1.4636919910967442e-16,5.405155464446106e-17,-1.4638084581269917e-16,1.164670302474663e-20,128,0,-1,4.2000412940978995,5.513921215103054e-11,4,3.282063692356716e-11,-0.00010500103235244751,5.000010132788502e-06,0.00010000102221965901,4.2000412940978995,5.513662243648584e-11,4,3.281909544197011e-11,-0.00010500103235244751,5.000010132788502e-06,0.00010000102221965901
normal_gate,0.54,-4.2564682247586694e-13,-2.2584547998737777e-16,5.356583418876992e-17,-2.2585286505588664e-16,7.385068508873431e-21,128,0,-1,4.2000412940978995,5.279889127604855e-11,4,3.1427602479911386e-11,-0.00010500103235244751,5.000010132788502e-06,0.00010000102221965901,4.2000412940978995,5.2796385866895326e-11,4,3.142611117960158e-11,-0.00010500103235244751,5.000010132788502e-06,0.00010000102221965901
normal_gate,0.5425,-4.2564750010222474e-13,-3.025215758205768e-16,5.2885666732124716e-17,-3.0253306370492394e-16,1.1487884347136448e-20,128,0,-1,4.2000412940978995,5.0336086969418545e-11,4,2.9961661948510626e-11,-0.00010500103235244751,5.000010132788502e-06,0.00010000102221965901,4.2000412940978995,5.033367514927374e-11,4,2.9960226355396225e-11,-0.00010500103235244751,5.000010132788502e-06,0.00010000102221965901
normal_gate,0.545,-4.2564836746396273e-13,-3.7621399809707257e-16,5.201777559854428e-17,-3.7621815385247004e-16,4.155755397466411e-21,128,0,-1,4.2000412940979,4.7766434492975557e-11,4,2.8432121941336173e-11,-0.00010500103235244751,5.000010132788502e-06,0.00010000102221965901,4.2000412940978995,4.776412058059301e-11,4,2.8430744626078706e-11,-0.00010500103235244751,5.000010132788502e-06,0.00010000102221965901
normal_gate,0.5475,-4.256493974560266e-13,-4.467070710526704e-16,5.097063111750115e-17,-4.4671840011834e-16,1.1329065669526267e-20,128,0,-1,4.2000412940979,4.5101448729285254e-11,4,2.6845836487764997e-11,-0.00010500103235244751,5.000010132788502e-06,0.00010000102221965901,4.2000412940979,4.509924065321284e-11,4,2.6844522169691793e-11,-0.00010500103235244751,5.000010132788502e-06,0.00010000102221965901
normal_gate,0.55,-4.256505900784163e-13,-5.138304616556335e-16,4.9752597739349466e-17,-5.138440671223488e-16,1.36054667152722e-20,128,0,-1,4.2000412940979,4.235719100597955e-11,4,2.521236580786831e-11,-0.00010500103235244751,5.000010132788502e-06,0.00010000102221965901,4.2000412940979,4.235509405956439e-11,4,2.5211117637750253e-11,-0.00010500103235244751,5.000010132788502e-06,0.00010000102221965901
normal_gate,0.5525,-4.2565197243618624e-13,-5.773561327546931e-16,4.837214579356177e-17,-5.773647619028432e-16,8.629148150153185e-21,128,0,-1,4.2000412940978995,3.9544819148044595e-11,4,2.3538351398839147e-11,-0.00010500103235244751,5.000010132788502e-06,0.00010000102221965901,4.2000412940979,3.954283639578411e-11,4,2.3537171200763907e-11,-0.00010500103235244751,5.000010132788502e-06,0.00010000102221965901
normal_gate,0.555,-4.2565351742428204e-13,-6.371211363866212e-16,4.6838380884321046e-17,-6.371314066611067e-16,1.0270274485458392e-20,128,0,-1,4.2000412940979,3.667774660875111e-11,4,2.1831777380553642e-11,-0.00010500103235244751,5.000010132788502e-06,0.00010000102221965901,4.2000412940979,3.667588718914692e-11,4,2.1830670594052038e-11,-0.00010500103235244751,5.000010132788502e-06,0.00010000102221965901
normal_gate,0.5575,-4.256551979376494e-13,-6.930376458226994e-16,4.5160832132283904e-17,-6.930355811798905e-16,-2.064642808932357e-21,128,0,-1,4.2000412940978995,3.376944795580943e-11,4,2.0100664250172898e-11,-0.00010500103235244751,5.000010132788502e-06,0.00010000102221965901,4.2000412940979,3.376771587928498e-11,4,2.0099633262378274e-11,-0.00010500103235244751,5.000010132788502e-06,0.00010000102221965901
normal_gate,0.56,-4.256570139762883e-13,-7.449222784298472e-16,4.334945217458058e-17,-7.44928207660478e-16,5.929230630780102e-21,128,0,-1,4.2000412940978995,3.083193848823035e-11,4,1.835216390107692e-11,-0.00010500103235244751,5.000010132788502e-06,0.00010000102221965901,4.2000412940979,3.083033474672389e-11,4,1.8351209302422906e-11,-0.00010500103235244751,5.000010132788502e-06,0.00010000102221965901
normal_gate,0.5625,-4.2565893843514446e-13,-7.92699965913114e-16,4.1414405406578134e-17,-7.927076421491985e-16,7.676236084492097e-21,128,0,-1,4.2000412940979,2.7877393998060465e-11,4,1.6593523757275384e-11,-0.00010500103235244751,5.000010132788502e-06,0.00010000102221965901,4.2000412940978995,2.787592316908654e-11,4,1.659264827244623e-11,-0.00010500103235244751,5.000010132788502e-06,0.00010000102221965901
normal_gate,0.5650000000000001,-4.2566097131421787e-13,-8.363084513508768e-16,3.9366279740117235e-17,-8.363128982738499e-16,4.446922973085077e-21,128,0,-1,4.2000412940979,2.4918103123133948e-11,4,1.483205841222922e-11,-0.00010500103235244751,5.000010132788502e-06,0.00010000102221965901,4.2000412940978995,2.4916767460025422e-11,4,1.48312633824813e-11,-0.00010500103235244751,5.000010132788502e-06,0.00010000102221965901
normal_gate,0.5675,-4.2566313971856284e-13,-8.756408497731039e-16,3.721523957056494e-17,-8.756423320807616e-16,1.4823076576950256e-21,128,0,-1,4.2000412940978995,2.1965562857795627e-11,4,1.3074611247669573e-11,-0.00010500103235244751,5.000010132788502e-06,0.00010000102221965901,4.2000412940978995,2.1964365432432095e-11,4,1.3073898501484663e-11,-0.00010500103235244751,5.000010132788502e-06,0.00010000102221965901
normal_gate,0.5700000000000001,-4.2566538943807075e-13,-9.106708502188711e-16,3.4973143359182807e-17,-9.106688385156214e-16,-2.0117032497289633e-21,128,0,-1,4.2000412940978995,1.9030657384530462e-11,4,1.1327660879949715e-11,-0.00010500103235244751,5.000010132788502e-06,0.00010000102221965901,4.2000412940979,1.9029597911760226e-11,4,1.1327030247596334e-11,-0.00010500103235244751,5.000010132788502e-06,0.00010000102221965901
normal_gate,0.5725,-4.256676933676873e-13,-9.41358748018776e-16,3.2649308468390634e-17,-9.413653125241173e-16,6.564505341220828e-21,128,0,-1,4.2000412940979,1.6123824418233606e-11,4,9.597420173518042e-12,-0.00010500103235244751,5.000010132788502e-06,0.00010000102221965901,4.2000412940978995,1.612290385213621e-11,4,9.5968722228951e-12,-0.00010500103235244751,5.000010132788502e-06,0.00010000102221965901
normal_gate,0.5750000000000001,-4.2567010571752106e-13,-9.676977669092405e-16,3.0255169842976354e-17,-9.67697872788359e-16,1.0587911840678754e-22,128,0,-1,4.2000412940978995,1.3255653071484437e-11,4,7.890192109606112e-12,-0.00010500103235244751,5.000010132788502e-06,0.00010000102221965901,4.2000412940978995,1.325487192962615e-11,4,7.889727148785735e-12,-0.00010500103235244751,5.000010132788502e-06,0.00010000102221965901
normal_gate,0.5775,-4.2567254517240916e-13,-9.89682295296989e-16,2.78021624277279e-17,-9.896834599672916e-16,1.164670302474663e-21,128,0,-1,4.2000412940979,1.0434941319720683e-11,4,6.211213526867202e-12,-0.00010500103235244751,5.000010132788502e-06,0.00010000102221965901,4.2000412940979,1.0434298603263715e-11,4,6.210830961308936e-12,-0.00010500103235244751,5.000010132788502e-06,0.00010000102221965901
normal_gate,0.58,-4.2567503883740587e-13,-1.0073298032365588e-15,2.530087413448595e-17,-1.0073305443903877e-15,7.411538288475128e-22,128,0,-1,4.2000412940979,7.672682863826223e-12,4,4.5670282305368315e-12,-0.00010500103235244751,5.000010132788502e-06,0.00010000102221965901,4.2000412940979,7.672179552120638e-12,4,4.566728643181409e-12,-0.00010500103235244751,5.000010132788502e-06,0.00010000102221965901
normal_gate,0.5825,-4.2567761381756553e-13,-1.0206760778699712e-15,2.2761045842143932e-17,-1.020678089573221e-15,2.0117032497289633e-21,128,0,-1,4.2000412940979,4.975499876917424e-12,4,2.9615779515723068e-12,-0.00010500103235244751,5.000010132788502e-06,0.00010000102221965901,4.2000412940979,4.975132654062578e-12,4,2.9613593686887515e-12,-0.00010500103235244751,5.000010132788502e-06,0.00010000102221965901
normal_gate,0.585,-4.256801887977252e-13,-1.029777552767337e-15,2.019495952843703e-17,-1.0297777645255739e-15,2.117582368135751e-22,128,0,-1,4.2000412940979,2.3517414757169918e-12,4,1.3998323534471981e-12,-0.00010500103235244751,5.000010132788502e-06,0.00010000102221965901,4.2000412940979,2.351509590015014e-12,4,1.3996943276007002e-12,-0.00010500103235244751,5.000010132788502e-06,0.00010000102221965901
normal_gate,0.5875,-4.2568276377788483e-13,-1.0346978612788189e-15,1.761193255578504e-17,-1.0346980730370557e-15,2.117582368135751e-22,128,0,-1,4.2000412940979,1.9064592985113343e-13,4,1.1347860443600771e-13,-0.00010500103235244751,5.000010132788502e-06,0.00010000102221965901,4.2000412940979,1.9074523306584036e-13,4,1.1353771291123061e-13,-0.00010500103235244751,5.000010132788502e-06,0.00010000102221965901
normal_gate,0.59,-4.256853387580445e-13,-1.0355196949958924e-15,1.5022552836028644e-17,-1.0355189538420635e-15,-7.411538288475128e-22,128,0,-1,4.2000412940978995,2.6437079714043237e-12,4,1.5736202255436092e-12,-0.00010500103235244751,5.000010132788502e-06,0.00010000102221965901,4.2000412940978995,2.64367733645097e-12,4,1.5736019906316117e-12,-0.00010500103235244751,5.000010132788502e-06,0.00010000102221965901
normal_gate,0.5925,-4.2568791373820414e-13,-1.0323371804548211e-15,1.2437831797482146e-17,-1.0323366510592291e-15,-5.293955920339377e-22,128,0,-1,4.2000412940978995,5.002877407047987e-12,4,2.9778739402385583e-12,-0.00010500103235244751,5.000010132788502e-06,0.00010000102221965901,4.2000412940978995,5.002720304503873e-12,4,2.9777804277388513e-12,-0.00010500103235244751,5.000010132788502e-06,0.00010000102221965901
normal_gate,0.595,-4.256904887183638e-13,-1.0252566202904856e-15,9.866663286091717e-18,-1.0252554556201832e-15,-1.164670302474663e-21,128,0,-1,4.2000412940979,7.261486564203269e-12,4,4.3222709348164375e-12,-0.00010500103235244751,5.000010132788502e-06,0.00010000102221965901,4.2000412940978995,7.26120593458386e-12,4,4.322103895018637e-12,-0.00010500103235244751,5.000010132788502e-06,0.00010000102221965901
normal_gate,0.5975,-4.2569306369852344e-13,-1.0143965991155014e-15,7.319635213698036e-18,-1.014396493236383e-15,-1.0587911840678754e-22,128,0,-1,4.2000412940979,9.414990704841493e-12,4,5.604106034666784e-12,-0.00010500103235244751,5.000010132788502e-06,0.00010000102221965901,4.2000412940978995,9.41459121318311e-12,4,5.603868244350923e-12,-0.00010500103235244751,5.000010132788502e-06,0.00010000102221965901
normal_gate,0.6,-4.256956115736288e-13,-9.99888936432285e-16,4.8043708768263915e-18,-9.998885129158114e-16,-4.235164736271502e-22,128,0,-1,4.2000412940978995,1.1457592350775496e-11,4,6.8199283938447555e-12,-0.00010500103235244751,5.000010132788502e-06,0.00010000102221965901,4.2000412940978995,1.1457078003469832e-11,4,6.819622237744346e-12,-0.00010500103235244751,5.000010132788502e-06,0.00010000102221965901
normal_gate,0.6025,-4.256980510285169e-13,-9.818882157537102e-16,2.3314581873174617e-18,-9.81887368720763e-16,-8.470329472543003e-22,128,0,-1,4.2000412940978995,1.3386467373685657e-11,4,7.968057000116265e-12,-0.00010500103235244751,5.000010132788502e-06,0.00010000102221965901,4.2000412940979,1.33858434597474e-11,4,7.967685626423381e-12,-0.00010500103235244751,5.000010132788502e-06,0.00010000102221965901
normal_gate,0.605,-4.2570049048340497e-13,-9.605465853729277e-16,-9.190307477709159e-20,-9.605455265817436e-16,-1.0587911840678754e-21,128,0,-1,4.2000412940979,1.519731186526259e-11,4,9.045930028484829e-12,-0.00010500103235244751,5.000010132788502e-06,0.00010000102221965901,4.2000412940979,1.5196582806838003e-11,4,9.045496069403515e-12,-0.00010500103235244751,5.000010132788502e-06,0.00010000102221965901
normal_gate,0.6075,-4.2570284862313013e-13,-9.360087820447995e-16,-2.4572425799847253e-18,-9.36005288033892e-16,-3.494010907423989e-21,128,0,-1,4.2000412940978995,1.6887931591996676e-11,4,1.0052241400416949e-11,-0.00010500103235244751,5.000010132788502e-06,0.00010000102221965901,4.2000412940979,1.6887102432916803e-11,4,1.0051747858198067e-11,-0.00010500103235244751,5.000010132788502e-06,0.00010000102221965901
normal_gate,0.61,-4.2570515255274666e-13,-9.084588236771165e-16,-4.7560899988328964e-18,-9.084530003256042e-16,-5.823351512373315e-21,128,0,-1,4.2000412940978995,1.8455477851304492e-11,4,1.0985295476284374e-11,-0.00010500103235244751,5.000010132788502e-06,0.00010000102221965901,4.200041294097899,1.8454556721929613e-11,4,1.0984747190380514e-11,-0.00010500103235244751,5.000010132788502e-06,0.00010000102221965901
normal_gate,0.6125,-4.2570737516720025e-13,-8.780693461724412e-16,-6.98166906774357e-18,-8.780614581781199e-16,-7.887994321305672e-21,128,0,-1,4.2000412940979,1.9897923406646238e-11,4,1.1843885579534513e-11,-0.00010500103235244751,5.000010132788502e-06,0.00010000102221965901,4.2000412940979,1.9896912803109794e-11,4,1.1843284035724774e-11,-0.00010500103235244751,5.000010132788502e-06,0.00010000102221965901
normal_gate,0.615,-4.257095435715452e-13,-8.450279673285902e-16,-9.128050556085968e-18,-8.450271732352022e-16,-7.940933880509066e-22,128,0,-1,4.2000412940978995,2.12157122270387e-11,4,1.2628275974841033e-11,-0.00010500103235244751,5.000010132788502e-06,0.00010000102221965901,4.2000412940978995,2.1214619618493453e-11,4,1.2627625619005971e-11,-0.00010500103235244751,5.000010132788502e-06,0.00010000102221965901
normal_gate,0.6175,-4.2571157645061863e-13,-8.095307223332938e-16,-1.1187187650861172e-17,-8.09533104613458e-16,2.3822801641527197e-21,128,0,-1,4.2000412940978995,2.2406484786245424e-11,4,1.333706219610989e-11,-0.00010500103235244751,5.000010132788502e-06,0.00010000102221965901,4.2000412940979,2.240531549048951e-11,4,1.3336366193574414e-11,-0.00010500103235244751,5.000010132788502e-06,0.00010000102221965901
normal_gate,0.62,-4.257135551195834e-13,-7.717623173086126e-16,-1.3155268703806539e-17,-7.717622114294942e-16,-1.0587911840678754e-22,128,0,-1,4.2000412940979,2.3470520289437308e-11,4,1.3970410435261201e-11,-0.00010500103235244751,5.000010132788502e-06,0.00010000102221965901,4.2000412940978995,2.346928100640539e-11,4,1.3969672774042455e-11,-0.00010500103235244751,5.000010132788502e-06,0.00010000102221965901
normal_gate,0.6225,-4.2571545247338527e-13,-7.639555322711249e-16,-1.5065327999864986e-17,-7.639491795240205e-16,-6.3527471044072525e-21,128,0,-1,4.2000412940978995,2.366784461378644e-11,4,1.408786423543361e-11,-0.00010500103235244751,5.000010132788502e-06,0.00010000102221965901,4.2000412940979,2.3666593073198814e-11,4,1.4087119278122483e-11,-0.00010500103235244751,5.000010132788502e-06,0.00010000102221965901
normal_gate,0.625,-4.257173498271871e-13,-7.639555322711249e-16,-1.6975387295923433e-17,-7.639491795240205e-16,-6.3527471044072525e-21,128,0,-1,4.2000412940978995,2.366784461378644e-11,4,1.408786423543361e-11,-0.00010500103235244751,5.000010132788502e-06,0.00010000102221965901,4.2000412940979,2.3666593073198814e-11,4,1.4087119278122483e-11,-0.00010500103235244751,5.000010132788502e-06,0.00010000102221965901
normal_gate,0.6275000000000001,-4.2571924718098897e-13,-7.639555322711249e-16,-1.8885658350218694e-17,-7.639491795240205e-16,-6.3527471044072525e-21,128,0,-1,4.2000412940978995,2.366784461378644e-11,4,1.408786423543361e-11,-0.00010500103235244751,5.000010132788502e-06,0.00010000102221965901,4.2000412940979,2.3666593073198814e-11,4,1.4087119278122483e-11,-0.00010500103235244751,5.000010132788502e-06,0.00010000102221965901
normal_gate,0.63,-4.257211445347908e-13,-7.639555322711249e-16,-2.079571764627714e-17,-7.639491795240205e-16,-6.3527471044072525e-21,128,0,-1,4.2000412940978995,2.366784461378644e-11,4,1.408786423543361e-11,-0.00010500103235244751,5.000010132788502e-06,0.00010000102221965901,4.2000412940979,2.3666593073198814e-11,4,1.4087119278122483e-11,-0.00010500103235244751,5.000010132788502e-06,0.00010000102221965901
normal_gate,0.6325000000000001,-4.2572304188859267e-13,-7.639555322711249e-16,-2.270577694233559e-17,-7.639491795240205e-16,-6.3527471044072525e-21,128,0,-1,4.2000412940978995,2.366784461378644e-11,4,1.408786423543361e-11,-0.00010500103235244751,5.000010132788502e-06,0.00010000102221965901,4.2000412940979,2.3666593073198814e-11,4,1.4087119278122483e-11,-0.00010500103235244751,5.000010132788502e-06,0.00010000102221965901
normal_gate,0.635,-4.257249392423945e-13,-7.639555322711249e-16,-2.4615836238394036e-17,-7.639491795240205e-16,-6.3527471044072525e-21,128,0,-1,4.2000412940978995,2.366784461378644e-11,4,1.408786423543361e-11,-0.00010500103235244751,5.000010132788502e-06,0.00010000102221965901,4.2000412940979,2.3666593073198814e-11,4,1.4087119278122483e-11,-0.00010500103235244751,5.000010132788502e-06,0.00010000102221965901
normal_gate,0.6375000000000001,-4.2572683659619637e-13,-7.639555322711249e-16,-2.6525895534452483e-17,-7.639491795240205e-16,-6.3527471044072525e-21,128,0,-1,4.2000412940978995,2.366784461378644e-11,4,1.408786423543361e-11,-0.00010500103235244751,5.000010132788502e-06,0.00010000102221965901,4.2000412940979,2.3666593073198814e-11,4,1.4087119278122483e-11,-0.00010500103235244751,5.000010132788502e-06,0.00010000102221965901
normal_gate,0.64,-4.257287339499982e-13,-7.639555322711249e-16,-2.843595483051093e-17,-7.639491795240205e-16,-6.3527471044072525e-21,128,0,-1,4.2000412940978995,2.366784461378644e-11,4,1.408786423543361e-11,-0.00010500103235244751,5.000010132788502e-06,0.00010000102221965901,4.2000412940979,2.3666593073198814e-11,4,1.4087119278122483e-11,-0.00010500103235244751,5.000010132788502e-06,0.00010000102221965901
normal_gate,0.6425,-4.2573063130380007e-13,-7.639555322711249e-16,-3.034601412656938e-17,-7.639491795240205e-16,-6.3527471044072525e-21,128,0,-1,4.2000412940978995,2.366784461378644e-11,4,1.408786423543361e-11,-0.00010500103235244751,5.000010132788502e-06,0.00010000102221965901,4.2000412940979,2.3666593073198814e-11,4,1.4087119278122483e-11,-0.00010500103235244751,5.000010132788502e-06,0.00010000102221965901
normal_gate,0.645,-4.257325286576019e-13,-7.639555322711249e-16,-3.2256073422627825e-17,-7.639491795240205e-16,-6.3527471044072525e-21,128,0,-1,4.2000412940978995,2.366784461378644e-11,4,1.408786423543361e-11,-0.00010500103235244751,5.000010132788502e-06,0.00010000102221965901,4.2000412940979,2.3666593073198814e-11,4,1.4087119278122483e-11,-0.00010500103235244751,5.000010132788502e-06,0.00010000102221965901
normal_gate,0.6475,-4.2573442601140377e-13,-7.639555322711249e-16,-3.416613271868627e-17,-7.639491795240205e-16,-6.3527471044072525e-21,128,0,-1,4.2000412940978995,2.366784461378644e-11,4,1.408786423543361e-11,-0.00010500103235244751,5.000010132788502e-06,0.00010000102221965901,4.2000412940979,2.3666593073198814e-11,4,1.4087119278122483e-11,-0.00010500103235244751,5.000010132788502e-06,0.00010000102221965901
normal_gate,0.65,-4.257363233652056e-13,-7.639555322711249e-16,-3.607608613562631e-17,-7.639491795240205e-16,-6.3527471044072525e-21,128,0,-1,4.2000412940978995,2.366784461378644e-11,4,1.408786423543361e-11,-0.00010500103235244751,5.000010132788502e-06,0.00010000102221965901,4.2000412940979,2.3666593073198814e-11,4,1.4087119278122483e-11,-0.00010500103235244751,5.000010132788502e-06,0.00010000102221965901
normal_gate,0.6525,-4.2573822071900747e-13,-7.639555322711249e-16,-3.798614543168476e-17,-7.639491795240205e-16,-6.3527471044072525e-21,128,0,-1,4.2000412940978995,2.366784461378644e-11,4,1.408786423543361e-11,-0.00010500103235244751,5.000010132788502e-06,0.00010000102221965901,4.2000412940979,2.3666593073198814e-11,4,1.4087119278122483e-11,-0.00010500103235244751,5.000010132788502e-06,0.00010000102221965901
normal_gate,0.655,-4.257401180728093e-13,-7.639555322711249e-16,-3.989620472774321e-17,-7.639491795240205e-16,-6.3527471044072525e-21,128,0,-1,4.2000412940978995,2.366784461378644e-11,4,1.408786423543361e-11,-0.00010500103235244751,5.000010132788502e-06,0.00010000102221965901,4.2000412940979,2.3666593073198814e-11,4,1.4087119278122483e-11,-0.00010500103235244751,5.000010132788502e-06,0.00010000102221965901
normal_gate,0.6575,-4.2574201542661116e-13,-7.639555322711249e-16,-4.1806264023801654e-17,-7.639491795240205e-16,-6.3527471044072525e-21,128,0,-1,4.2000412940978995,2.366784461378644e-11,4,1.408786423543361e-11,-0.00010500103235244751,5.000010132788502e-06,0.00010000102221965901,4.2000412940979,2.3666593073198814e-11,4,1.4087119278122483e-11,-0.00010500103235244751,5.000010132788502e-06,0.00010000102221965901
normal_gate,0.66,-4.25743912780413e-13,-7.639555322711249e-16,-4.3716217440741695e-17,-7.639491795240205e-16,-6.3527471044072525e-21,128,0,-1,4.2000412940978995,2.366784461378644e-11,4,1.408786423543361e-11,-0.00010500103235244751,5.000010132788502e-06,0.00010000102221965901,4.2000412940979,2.3666593073198814e-11,4,1.4087119278122483e-11,-0.00010500103235244751,5.000010132788502e-06,0.00010000102221965901
normal_gate,0.6625,-4.2574581013421486e-13,-7.639555322711249e-16,-4.5626012039004125e-17,-7.639491795240205e-16,-6.3527471044072525e-21,128,0,-1,4.2000412940978995,2.366784461378644e-11,4,1.408786423543361e-11,-0.00010500103235244751,5.000010132788502e-06,0.00010000102221965901,4.2000412940979,2.3666593073198814e-11,4,1.4087119278122483e-11,-0.00010500103235244751,5.000010132788502e-06,0.00010000102221965901
normal_gate,0.665,-4.257477074880167e-13,-7.639555322711249e-16,-4.7535806637266555e-17,-7.639491795240205e-16,-6.3527471044072525e-21,128,0,-1,4.2000412940978995,2.366784461378644e-11,4,1.408786423543361e-11,-0.00010500103235244751,5.000010132788502e-06,0.00010000102221965901,4.2000412940979,2.3666593073198814e-11,4,1.4087119278122483e-11,-0.00010500103235244751,5.000010132788502e-06,0.00010000102221965901
normal_gate,0.6675,-4.2574960484181856e-13,-7.639555322711249e-16,-4.9445614470418787e-17,-7.639491795240205e-16,-6.3527471044072525e-21,128,0,-1,4.2000412940978995,2.366784461378644e-11,4,1.408786423543361e-11,-0.00010500103235244751,5.000010132788502e-06,0.00010000102221965901,4.2000412940979,2.3666593073198814e-11,4,1.4087119278122483e-11,-0.00010500103235244751,5.000010132788502e-06,0.00010000102221965901
normal_gate,0.67,-4.257515021956204e-13,-7.639555322711249e-16,-5.135549509546492e-17,-7.639491795240205e-16,-6.3527471044072525e-21,128,0,-1,4.2000412940978995,2.366784461378644e-11,4,1.408786423543361e-11,-0.00010500103235244751,5.000010132788502e-06,0.00010000102221965901,4.2000412940979,2.3666593073198814e-11,4,1.4087119278122483e-11,-0.00010500103235244751,5.000010132788502e-06,0.00010000102221965901
normal_gate,0.6725,-4.2575339954942226e-13,-7.639555322711249e-16,-5.326537572051106e-17,-7.639491795240205e-16,-6.3527471044072525e-21,128,0,-1,4.2000412940978995,2.366784461378644e-11,4,1.408786423543361e-11,-0.00010500103235244751,5.000010132788502e-06,0.00010000102221965901,4.2000412940979,2.3666593073198814e-11,4,1.4087119278122483e-11,-0.00010500103235244751,5.000010132788502e-06,0.00010000102221965901
normal_gate,0.675,-4.257552697981698e-13,-7.227398090302371e-16,-5.514430655575791e-17,-7.227359444424153e-16,-3.864587821847745e-21,128,0,-1,4.2000412940979,2.3129476330643316e-11,4,1.376741007472115e-11,-0.00010500103235244751,5.000010132788502e-06,0.00010000102221965901,4.2000412940979,2.3126304842863056e-11,4,1.3765522302936194e-11,-0.00010500103235244751,5.000010132788502e-06,0.00010000102221965901
normal_gate,0.6775,-4.2575692320648284e-13,-6.195455733080089e-16,-5.679636491003862e-17,-6.195402264125294e-16,-5.346895479542771e-21,128,0,-1,4.2000412940979,2.20855609876336e-11,4,1.3146038003643732e-11,-0.00010500103235244751,5.000010132788502e-06,0.00010000102221965901,4.2000412940978995,2.208225705565463e-11,4,1.3144071396801314e-11,-0.00010500103235244751,5.000010132788502e-06,0.00010000102221965901
normal_gate,0.68,-4.2575833266930707e-13,-5.164320174740067e-16,-5.819052820165999e-17,-5.164258235455799e-16,-6.193928426797071e-21,128,0,-1,4.2000412940979,2.1002038291717653e-11,4,1.2501090359058329e-11,-0.00010500103235244751,5.000010132788502e-06,0.00010000102221965901,4.2000412940979,2.0998743371758216e-11,4,1.2499129116460508e-11,-0.00010500103235244751,5.000010132788502e-06,0.00010000102221965901
normal_gate,0.6825,-4.257594710815882e-13,-4.137753300359297e-16,-5.932756405423048e-17,-4.137722066019367e-16,-3.1234339930002325e-21,128,0,-1,4.2000412940979,1.9875503441542014e-11,4,1.1830540493418497e-11,-0.00010500103235244751,5.000010132788502e-06,0.00010000102221965901,4.2000412940979,1.987222931386906e-11,4,1.1828591627059995e-11,-0.00010500103235244751,5.000010132788502e-06,0.00010000102221965901
normal_gate,0.685,-4.257603655483805e-13,-3.1198780428085405e-16,-6.020900771496699e-17,-3.119791751327039e-16,-8.629148150153185e-21,128,0,-1,4.2000412940978995,1.8711558030781094e-11,4,1.113772265589119e-11,-0.00010500103235244751,5.000010132788502e-06,0.00010000102221965901,4.2000412940978995,1.87083168124698e-11,4,1.1135793378245844e-11,-0.00010500103235244751,5.000010132788502e-06,0.00010000102221965901
normal_gate,0.6875,-4.2576098896462966e-13,-2.114244793625773e-16,-6.08377179200665e-17,-2.1141942363467336e-16,-5.055727903924105e-21,128,0,-1,4.2000412940979,1.7516762432900556e-11,4,1.0426541792289013e-11,-0.00010500103235244751,5.000010132788502e-06,0.00010000102221965901,4.2000412940979,1.7513565400250306e-11,4,1.0424638815373797e-11,-0.00010500103235244751,5.000010132788502e-06,0.00010000102221965901
normal_gate,0.6900000000000001,-4.2576136843539003e-13,-1.1244318699664494e-16,-6.121740043867323e-17,-1.1243854155032484e-16,-4.6454463200978034e-21,128,0,-1,4.2000412940978995,1.6295462242587632e-11,4,9.699584540684635e-12,-0.00010500103235244751,5.000010132788502e-06,0.00010000102221965901,4.2000412940979,1.629232076534302e-11,4,9.697714632138124e-12,-0.00010500103235244751,5.000010132788502e-06,0.00010000102221965901
normal_gate,0.6925,-4.257615039606616e-13,-1.5395912386033028e-17,-6.13525021937603e-17,-1.5392282717505146e-17,-3.6296685278826854e-21,128,0,-1,4.2000412940978995,1.505439143170454e-11,4,8.960859178253615e-12,-0.00010500103235244751,5.000010132788502e-06,0.00010000102221965901,4.2000412940978995,1.5051316056201587e-11,4,8.959028615595055e-12,-0.00010500103235244751,5.000010132788502e-06,0.00010000102221965901
normal_gate,0.6950000000000001,-4.2576142264549866e-13,7.93880835720705e-17,-6.124821126212961e-17,7.939409221204008e-17,-6.008639969585193e-21,128,0,-1,4.2000412940979,1.379800589927076e-11,4,8.213017999763705e-12,-0.00010500103235244751,5.000010132788502e-06,0.00010000102221965901,4.2000412940979,1.3795007334714326e-11,4,8.211233157457126e-12,-0.00010500103235244751,5.000010132788502e-06,0.00010000102221965901
normal_gate,0.6975,-4.257610973848469e-13,1.7162184530572608e-16,-6.091056275353036e-17,1.7162581577266633e-16,-3.970466940254533e-21,128,0,-1,4.2000412940979,1.2532055678945565e-11,4,7.459483610647002e-12,-0.00010500103235244751,5.000010132788502e-06,0.00010000102221965901,4.2000412940978995,1.2529142690960488e-11,4,7.457749706274938e-12,-0.00010500103235244751,5.000010132788502e-06,0.00010000102221965901
normal_gate,0.7000000000000001,-4.2576055528376067e-13,2.6098480062290003e-16,-6.034686232713263e-17,2.60987791707995e-16,-2.991085094991748e-21,128,0,-1,4.2000412940978995,1.126207140151927e-11,4,6.7035480206737934e-12,-0.00010500103235244751,5.000010132788502e-06,0.00010000102221965901,4.2000412940979,1.1259254555947559e-11,4,6.701871343366078e-12,-0.00010500103235244751,5.000010132788502e-06,0.00010000102221965901
normal_gate,0.7025,-4.2575979634223993e-13,3.4720754010680627e-16,-5.956441564210647e-17,3.472123576066938e-16,-4.817499887508833e-21,128,0,-1,4.2000412940978995,9.992287731090055e-12,4,5.947731838453409e-12,-0.00010500103235244751,5.000010132788502e-06,0.00010000102221965901,4.200041294097899,9.989575617510368e-12,4,5.946117501004218e-12,-0.00010500103235244751,5.000010132788502e-06,0.00010000102221965901
normal_gate,0.705,-4.257587934552304e-13,4.300372773622486e-16,-5.85712695114508e-17,4.300420154527973e-16,-4.7380905487037425e-21,128,0,-1,4.2000412940978995,8.728809445019967e-12,4,5.1956688243078166e-12,-0.00010500103235244751,5.000010132788502e-06,0.00010000102221965901,4.2000412940979,8.726208996315454e-12,4,5.194120953392733e-12,-0.00010500103235244751,5.000010132788502e-06,0.00010000102221965901
normal_gate,0.7075,-4.2575760083284064e-13,5.092394372023968e-16,-5.737652953934861e-17,5.092429841528634e-16,-3.546950466627383e-21,128,0,-1,4.2000412940978995,7.47448727964457e-12,4,4.449055828420116e-12,-0.00010500103235244751,5.000010132788502e-06,0.00010000102221965901,4.2000412940978995,7.472006198701589e-12,4,4.447579009045465e-12,-0.00010500103235244751,5.000010132788502e-06,0.00010000102221965901
normal_gate,0.71,-4.257561913700164e-13,5.845915940692577e-16,-5.598951308821969e-17,5.84595035140606e-16,-3.441071348220595e-21,128,0,-1,4.2000412940979,6.235494855798621e-12,4,3.711567588966945e-12,-0.00010500103235244751,5.000010132788502e-06,0.00010000102221965901,4.2000412940979,6.2331396320419885e-12,4,3.710165683847618e-12,-0.00010500103235244751,5.000010132788502e-06,0.00010000102221965901
normal_gate,0.7125,-4.257546192768663e-13,6.558941393548551e-16,-5.44203845534311e-17,6.55898268640473e-16,-4.129285617864714e-21,128,0,-1,4.2000412940979,5.015348416821295e-12,4,2.9852970873578693e-12,-0.00010500103235244751,5.000010132788502e-06,0.00010000102221965901,4.2000412940979,5.0131251806253986e-12,4,2.9839737454903616e-12,-0.00010500103235244751,5.000010132788502e-06,0.00010000102221965901
normal_gate,0.715,-4.2575288455339033e-13,7.229694078985023e-16,-5.267930833034989e-17,7.229731136676465e-16,-3.705769144237564e-21,128,0,-1,4.2000412940978995,3.8176890918253165e-12,4,2.2724116410415517e-12,-0.00010500103235244751,5.000010132788502e-06,0.00010000102221965901,4.200041294097899,3.8156036803048075e-12,4,2.2711703368647104e-12,-0.00010500103235244751,5.000010132788502e-06,0.00010000102221965901
normal_gate,0.7175,-4.257509871995885e-13,7.856651984674895e-16,-5.077708408905354e-17,7.85667951324568e-16,-2.752857078576476e-21,128,0,-1,4.2000412940978995,2.6468699572997566e-12,4,1.5755023415003477e-12,-0.00010500103235244751,5.000010132788502e-06,0.00010000102221965901,4.2000412940979,2.644926637828514e-12,4,1.5743456150926968e-12,-0.00010500103235244751,5.000010132788502e-06,0.00010000102221965901
normal_gate,0.72,-4.2574892721546076e-13,8.438406918343357e-16,-4.8724935016093186e-17,8.438438682078879e-16,-3.1763735522036263e-21,128,0,-1,4.2000412940978995,1.5060564156828693e-12,4,8.964533383274423e-13,-0.00010500103235244751,5.000010132788502e-06,0.00010000102221965901,4.2000412940978995,1.5042595257350251e-12,4,8.953837714934392e-13,-0.00010500103235244751,5.000010132788502e-06,0.00010000102221965901
normal_gate,0.7225,-4.257467317060615e-13,8.97382173825872e-16,-4.653366078154631e-17,8.973849266829506e-16,-2.752857078576476e-21,128,0,-1,4.2000412940978995,3.98492542758655e-13,4,2.371956100280704e-13,-0.00010500103235244751,5.000010132788502e-06,0.00010000102221965901,4.2000412940979,3.968453839583879e-13,4,2.362151680008802e-13,-0.00010500103235244751,5.000010132788502e-06,0.00010000102221965901
normal_gate,0.725,-4.2574442777644494e-13,9.461920238949275e-16,-4.421596687962173e-17,9.461944591146508e-16,-2.4352197233561135e-21,128,0,-1,4.2000412940978995,6.720969132060586e-13,4,4.0005375313245224e-13,-0.00010500103235244751,5.000010132788502e-06,0.00010000102221965901,4.2000412940979,6.735914994305634e-13,4,4.009433790431576e-13,-0.00010500103235244751,5.000010132788502e-06,0.00010000102221965901
normal_gate,0.7275,-4.2574198832155685e-13,9.901965501750909e-16,-4.1783500013344195e-17,9.901984559992222e-16,-1.9058241313221758e-21,128,0,-1,4.2000412940978995,1.7027664209744512e-12,4,1.0135414759893316e-12,-0.00010500103235244751,5.000010132788502e-06,0.00010000102221965901,4.2000412940979,1.7041063360717257e-12,4,1.0143390366580549e-12,-0.00010500103235244751,5.000010132788502e-06,0.00010000102221965901
normal_gate,0.73,-4.257394404464515e-13,1.029339742612725e-15,-3.924854216044889e-17,1.029341542557738e-15,-1.7999450129153882e-21,128,0,-1,4.2000412940978995,2.691579495230661e-12,4,1.6021149000445532e-12,-0.00010500103235244751,5.000010132788502e-06,0.00010000102221965901,4.2000412940979,2.692763317902392e-12,4,1.6028195494687113e-12,-0.00010500103235244751,5.000010132788502e-06,0.00010000102221965901
normal_gate,0.7325,-4.2573686546629186e-13,1.029339742612725e-15,-3.667567958316395e-17,1.029341542557738e-15,-1.7999450129153882e-21,128,0,-1,4.2000412940978995,2.691579495230661e-12,4,1.6021149000445532e-12,-0.00010500103235244751,5.000010132788502e-06,0.00010000102221965901,4.2000412940979,2.692763317902392e-12,4,1.6028195494687113e-12,-0.00010500103235244751,5.000010132788502e-06,0.00010000102221965901
normal_gate,0.735,-4.257342904861322e-13,1.029339742612725e-15,-3.4102817005879013e-17,1.029341542557738e-15,-1.7999450129153882e-21,128,0,-1,4.2000412940978995,2.691579495230661e-12,4,1.6021149000445532e-12,-0.00010500103235244751,5.000010132788502e-06,0.00010000102221965901,4.2000412940979,2.692763317902392e-12,4,1.6028195494687113e-12,-0.00010500103235244751,5.000010132788502e-06,0.00010000102221965901
normal_gate,0.7375,-4.2573171550597255e-13,1.029339742612725e-15,-3.1529954428594076e-17,1.029341542557738e-15,-1.7999450129153882e-21,128,0,-1,4.2000412940978995,2.691579495230661e-12,4,1.6021149000445532e-12,-0.00010500103235244751,5.000010132788502e-06,0.00010000102221965901,4.2000412940979,2.692763317902392e-12,4,1.6028195494687113e-12,-0.00010500103235244751,5.000010132788502e-06,0.00010000102221965901
normal_gate,0.74,-4.257291405258129e-13,1.029339742612725e-15,-2.895709185130914e-17,1.029341542557738e-15,-1.7999450129153882e-21,128,0,-1,4.2000412940978995,2.691579495230661e-12,4,1.6021149000445532e-12,-0.00010500103235244751,5.000010132788502e-06,0.00010000102221965901,4.2000412940979,2.692763317902392e-12,4,1.6028195494687113e-12,-0.00010500103235244751,5.000010132788502e-06,0.00010000102221965901
normal_gate,0.7425,-4.2572656554565325e-13,1.029339742612725e-15,-2.63842292740242e-17,1.029341542557738e-15,-1.7999450129153882e-21,128,0,-1,4.2000412940978995,2.691579495230661e-12,4,1.6021149000445532e-12,-0.00010500103235244751,5.000010132788502e-06,0.00010000102221965901,4.2000412940979,2.692763317902392e-12,4,1.6028195494687113e-12,-0.00010500103235244751,5.000010132788502e-06,0.00010000102221965901
normal_gate,0.745,-4.257239905654936e-13,1.029339742612725e-15,-2.3811366696739264e-17,1.029341542557738e-15,-1.7999450129153882e-21,128,0,-1,4.2000412940978995,2.691579495230661e-12,4,1.6021149000445532e-12,-0.00010500103235244751,5.000010132788502e-06,0.00010000102221965901,4.2000412940979,2.692763317902392e-12,4,1.6028195494687113e-12,-0.00010500103235244751,5.000010132788502e-06,0.00010000102221965901
normal_gate,0.7475,-4.2572141558533394e-13,1.029339742612725e-15,-2.1238504119454327e-17,1.029341542557738e-15,-1.7999450129153882e-21,128,0,-1,4.2000412940978995,2.691579495230661e-12,4,1.6021149000445532e-12,-0.00010500103235244751,5.000010132788502e-06,0.00010000102221965901,4.2000412940979,2.692763317902392e-12,4,1.6028195494687113e-12,-0.00010500103235244751,5.000010132788502e-06,0.00010000102221965901
normal_gate,0.75,-4.257188406051743e-13,1.029339742612725e-15,-1.866564154216939e-17,1.029341542557738e-15,-1.7999450129153882e-21,128,0,-1,4.2000412940978995,2.691579495230661e-12,4,1.6021149000445532e-12,-0.00010500103235244751,5.000010132788502e-06,0.00010000102221965901,4.2000412940979,2.692763317902392e-12,4,1.6028195494687113e-12,-0.00010500103235244751,5.000010132788502e-06,0.00010000102221965901
normal_gate,0.7525000000000001,-4.2571626562501463e-13,1.029339742612725e-15,-1.6092778964884452e-17,1.029341542557738e-15,-1.7999450129153882e-21,128,0,-1,4.2000412940978995,2.691579495230661e-12,4,1.6021149000445532e-12,-0.00010500103235244751,5.000010132788502e-06,0.00010000102221965901,4.2000412940979,2.692763317902392e-12,4,1.6028195494687113e-12,-0.00010500103235244751,5.000010132788502e-06,0.00010000102221965901
normal_gate,0.755,-4.25713690644855e-13,1.029339742612725e-15,-1.3519916387599515e-17,1.029341542557738e-15,-1.7999450129153882e-21,128,0,-1,4.2000412940978995,2.691579495230661e-12,4,1.6021149000445532e-12,-0.00010500103235244751,5.000010132788502e-06,0.00010000102221965901,4.2000412940979,2.692763317902392e-12,4,1.6028195494687113e-12,-0.00010500103235244751,5.000010132788502e-06,0.00010000102221965901
normal_gate,0.7575000000000001,-4.2571111566469533e-13,1.029339742612725e-15,-1.0947053810314578e-17,1.029341542557738e-15,-1.7999450129153882e-21,128,0,-1,4.2000412940978995,2.691579495230661e-12,4,1.6021149000445532e-12,-0.00010500103235244751,5.000010132788502e-06,0.00010000102221965901,4.2000412940979,2.692763317902392e-12,4,1.6028195494687113e-12,-0.00010500103235244751,5.000010132788502e-06,0.00010000102221965901
normal_gate,0.76,-4.2570854068453567e-13,1.029339742612725e-15,-8.37419123302964e-18,1.029341542557738e-15,-1.7999450129153882e-21,128,0,-1,4.2000412940978995,2.691579495230661e-12,4,1.6021149000445532e-12,-0.00010500103235244751,5.000010132788502e-06,0.00010000102221965901,4.2000412940979,2.692763317902392e-12,4,1.6028195494687113e-12,-0.00010500103235244751,5.000010132788502e-06,0.00010000102221965901
normal_gate,0.7625000000000001,-4.25705965704376e-13,1.029339742612725e-15,-5.801328655744703e-18,1.029341542557738e-15,-1.7999450129153882e-21,128,0,-1,4.2000412940978995,2.691579495230661e-12,4,1.6021149000445532e-12,-0.00010500103235244751,5.000010132788502e-06,0.00010000102221965901,4.2000412940979,2.692763317902392e-12,4,1.6028195494687113e-12,-0.00010500103235244751,5.000010132788502e-06,0.00010000102221965901
normal_gate,0.765,-4.2570339072421637e-13,1.029339742612725e-15,-3.2284660784597657e-18,1.029341542557738e-15,-1.7999450129153882e-21,128,0,-1,4.2000412940978995,2.691579495230661e-12,4,1.6021149000445532e-12,-0.00010500103235244751,5.000010132788502e-06,0.00010000102221965901,4.2000412940979,2.692763317902392e-12,4,1.6028195494687113e-12,-0.00010500103235244751,5.000010132788502e-06,0.00010000102221965901
normal_gate,0.7675000000000001,-4.257008157440567e-13,1.029339742612725e-15,-6.556035011748285e-19,1.029341542557738e-15,-1.7999450129153882e-21,128,0,-1,4.2000412940978995,2.691579495230661e-12,4,1.6021149000445532e-12,-0.00010500103235244751,5.000010132788502e-06,0.00010000102221965901,4.2000412940979,2.692763317902392e-12,4,1.6028195494687113e-12,-0.00010500103235244751,5.000010132788502e-06,0.00010000102221965901
normal_gate,0.77,-4.2569824076389706e-13,1.029339742612725e-15,1.917259076110109e-18,1.029341542557738e-15,-1.7999450129153882e-21,128,0,-1,4.2000412940978995,2.691579495230661e-12,4,1.6021149000445532e-12,-0.00010500103235244751,5.000010132788502e-06,0.00010000102221965901,4.2000412940979,2.692763317902392e-12,4,1.6028195494687113e-12,-0.00010500103235244751,5.000010132788502e-06,0.00010000102221965901
normal_gate,0.7725,-4.256956657837374e-13,1.029339742612725e-15,4.490121653395046e-18,1.029341542557738e-15,-1.7999450129153882e-21,128,0,-1,4.2000412940978995,2.691579495230661e-12,4,1.6021149000445532e-12,-0.00010500103235244751,5.000010132788502e-06,0.00010000102221965901,4.2000412940979,2.692763317902392e-12,4,1.6028195494687113e-12,-0.00010500103235244751,5.000010132788502e-06,0.00010000102221965901
normal_gate,0.775,-4.2569309080357776e-13,1.029339742612725e-15,7.062984230679983e-18,1.029341542557738e-15,-1.7999450129153882e-21,128,0,-1,4.2000412940978995,2.691579495230661e-12,4,1.6021149000445532e-12,-0.00010500103235244751,5.000010132788502e-06,0.00010000102221965901,4.2000412940979,2.692763317902392e-12,4,1.6028195494687113e-12,-0.00010500103235244751,5.000010132788502e-06,0.00010000102221965901
normal_gate,0.7775,-4.256905158234181e-13,1.029339742612725e-15,9.63584680796492e-18,1.029341542557738e-15,-1.7999450129153882e-21,128,0,-1,4.2000412940978995,2.691579495230661e-12,4,1.6021149000445532e-12,-0.00010500103235244751,5.000010132788502e-06,0.00010000102221965901,4.2000412940979,2.692763317902392e-12,4,1.6028195494687113e-12,-0.00010500103235244751,5.000010132788502e-06,0.00010000102221965901
normal_gate,0.78,-4.2568794084325845e-13,1.029339742612725e-15,1.2208709385249858e-17,1.029341542557738e-15,-1.7999450129153882e-21,128,0,-1,4.2000412940978995,2.691579495230661e-12,4,1.6021149000445532e-12,-0.00010500103235244751,5.000010132788502e-06,0.00010000102221965901,4.2000412940979,2.692763317902392e-12,4,1.6028195494687113e-12,-0.00010500103235244751,5.000010132788502e-06,0.00010000102221965901
normal_gate,0.7825,-4.256853658630988e-13,1.029339742612725e-15,1.4781571962534795e-17,1.029341542557738e-15,-1.7999450129153882e-21,128,0,-1,4.2000412940978995,2.691579495230661e-12,4,1.6021149000445532e-12,-0.00010500103235244751,5.000010132788502e-06,0.00010000102221965901,4.2000412940979,2.692763317902392e-12,4,1.6028195494687113e-12,-0.00010500103235244751,5.000010132788502e-06,0.00010000102221965901
normal_gate,0.785,-4.2568279088293914e-13,1.029339742612725e-15,1.7354434539819732e-17,1.029341542557738e-15,-1.7999450129153882e-21,128,0,-1,4.2000412940978995,2.691579495230661e-12,4,1.6021149000445532e-12,-0.00010500103235244751,5.000010132788502e-06,0.00010000102221965901,4.2000412940979,2.692763317902392e-12,4,1.6028195494687113e-12,-0.00010500103235244751,5.000010132788502e-06,0.00010000102221965901
normal_gate,0.7875,-4.256802159027795e-13,1.029339742612725e-15,1.992729711710467e-17,1.029341542557738e-15,-1.7999450129153882e-21,128,0,-1,4.2000412940978995,2.691579495230661e-12,4,1.6021149000445532e-12,-0.00010500103235244751,5.000010132788502e-06,0.00010000102221965901,4.2000412940979,2.692763317902392e-12,4,1.6028195494687113e-12,-0.00010500103235244751,5.000010132788502e-06,0.00010000102221965901
normal_gate,0.79,-4.2567764092261984e-13,1.029339742612725e-15,2.2500159694389607e-17,1.029341542557738e-15,-1.7999450129153882e-21,128,0,-1,4.2000412940978995,2.691579495230661e-12,4,1.6021149000445532e-12,-0.00010500103235244751,5.000010132788502e-06,0.00010000102221965901,4.2000412940979,2.692763317902392e-12,4,1.6028195494687113e-12,-0.00010500103235244751,5.000010132788502e-06,0.00010000102221965901
normal_gate,0.7925,-4.256750659424602e-13,1.029339742612725e-15,2.5073022271674544e-17,1.029341542557738e-15,-1.7999450129153882e-21,128,0,-1,4.2000412940978995,2.691579495230661e-12,4,1.6021149000445532e-12,-0.00010500103235244751,5.000010132788502e-06,0.00010000102221965901,4.2000412940979,2.692763317902392e-12,4,1.6028195494687113e-12,-0.00010500103235244751,5.000010132788502e-06,0.00010000102221965901
normal_gate,0.795,-4.2567249096230053e-13,1.029339742612725e-15,2.7645884848959482e-17,1.029341542557738e-15,-1.7999450129153882e-21,128,0,-1,4.2000412940978995,2.691579495230661e-12,4,1.6021149000445532e-12,-0.00010500103235244751,5.000010132788502e-06,0.00010000102221965901,4.2000412940979,2.692763317902392e-12,4,1.6028195494687113e-12,-0.00010500103235244751,5.000010132788502e-06,0.00010000102221965901
normal_gate,0.7975,-4.256699159821409e-13,1.029339742612725e-15,3.021874742624442e-17,1.029341542557738e-15,-1.7999450129153882e-21,128,0,-1,4.2000412940978995,2.691579495230661e-12,4,1.6021149000445532e-12,-0.00010500103235244751,5.000010132788502e-06,0.00010000102221965901,4.2000412940979,2.692763317902392e-12,4,1.6028195494687113e-12,-0.00010500103235244751,5.000010132788502e-06,0.00010000102221965901
normal_gate,0.8,-4.2566734100198123e-13,1.029339742612725e-15,3.2791927640884577e-17,1.029341542557738e-15,-1.7999450129153882e-21,128,0,-1,4.2000412940978995,2.691579495230661e-12,4,1.6021149000445532e-12,-0.00010500103235244751,5.000010132788502e-06,0.00010000102221965901,4.2000412940979,2.692763317902392e-12,4,1.6028195494687113e-12,-0.00010500103235244751,5.000010132788502e-06,0.00010000102221965901
normal_gate,0.8025,-4.2566476602182157e-13,1.029339742612725e-15,3.536531961376155e-17,1.029341542557738e-15,-1.7999450129153882e-21,128,0,-1,4.2000412940978995,2.691579495230661e-12,4,1.6021149000445532e-12,-0.00010500103235244751,5.000010132788502e-06,0.00010000102221965901,4.2000412940979,2.692763317902392e-12,4,1.6028195494687113e-12,-0.00010500103235244751,5.000010132788502e-06,0.00010000102221965901
normal_gate,0.805,-4.256621910416619e-13,1.029339742612725e-15,3.793871158663852e-17,1.029341542557738e-15,-1.7999450129153882e-21,128,0,-1,4.2000412940978995,2.691579495230661e-12,4,1.6021149000445532e-12,-0.00010500103235244751,5.000010132788502e-06,0.00010000102221965901,4.2000412940979,2.692763317902392e-12,4,1.6028195494687113e-12,-0.00010500103235244751,5.000010132788502e-06,0.00010000102221965901
normal_gate,0.8075,-4.2565961606150227e-13,1.029339742612725e-15,4.051210355951549e-17,1.029341542557738e-15,-1.7999450129153882e-21,128,0,-1,4.2000412940978995,2.691579495230661e-12,4,1.6021149000445532e-12,-0.00010500103235244751,5.000010132788502e-06,0.00010000102221965901,4.2000412940979,2.692763317902392e-12,4,1.6028195494687113e-12,-0.00010500103235244751,5.000010132788502e-06,0.00010000102221965901
normal_gate,0.81,-4.256570410813426e-13,1.029339742612725e-15,4.308549553239246e-17,1.029341542557738e-15,-1.7999450129153882e-21,128,0,-1,4.2000412940978995,2.691579495230661e-12,4,1.6021149000445532e-12,-0.00010500103235244751,5.000010132788502e-06,0.00010000102221965901,4.2000412940979,2.692763317902392e-12,4,1.6028195494687113e-12,-0.00010500103235244751,5.000010132788502e-06,0.00010000102221965901
normal_gate,0.8125,-4.2565446610118296e-13,1.029339742612725e-15,4.565888750526943e-17,1.029341542557738e-15,-1.7999450129153882e-21,128,0,-1,4.2000412940978995,2.691579495230661e-12,4,1.6021149000445532e-12,-0.00010500103235244751,5.000010132788502e-06,0.00010000102221965901,4.2000412940979,2.692763317902392e-12,4,1.6028195494687113e-12,-0.00010500103235244751,5.000010132788502e-06,0.00010000102221965901
normal_gate,0.8150000000000001,-4.256518911210233e-13,1.029339742612725e-15,4.8232279478146404e-17,1.029341542557738e-15,-1.7999450129153882e-21,128,0,-1,4.2000412940978995,2.691579495230661e-12,4,1.6021149000445532e-12,-0.00010500103235244751,5.000010132788502e-06,0.00010000102221965901,4.2000412940979,2.692763317902392e-12,4,1.6028195494687113e-12,-0.00010500103235244751,5.000010132788502e-06,0.00010000102221965901
normal_gate,0.8175,-4.2564931614086365e-13,1.029339742612725e-15,5.0805671451023375e-17,1.029341542557738e-15,-1.7999450129153882e-21,128,0,-1,4.2000412940978995,2.691579495230661e-12,4,1.6021149000445532e-12,-0.00010500103235244751,5.000010132788502e-06,0.00010000102221965901,4.2000412940979,2.692763317902392e-12,4,1.6028195494687113e-12,-0.00010500103235244751,5.000010132788502e-06,0.00010000102221965901
normal_gate,0.8200000000000001,-4.25646741160704e-13,1.029339742612725e-15,5.3379063423900346e-17,1.029341542557738e-15,-1.7999450129153882e-21,128,0,-1,4.2000412940978995,2.691579495230661e-12,4,1.6021149000445532e-12,-0.00010500103235244751,5.000010132788502e-06,0.00010000102221965901,4.2000412940979,2.692763317902392e-12,4,1.6028195494687113e-12,-0.00010500103235244751,5.000010132788502e-06,0.00010000102221965901
normal_gate,0.8225,-4.2564416618054435e-13,1.029339742612725e-15,5.595245539677732e-17,1.029341542557738e-15,-1.7999450129153882e-21,128,0,-1,4.2000412940978995,2.691579495230661e-12,4,1.6021149000445532e-12,-0.00010500103235244751,5.000010132788502e-06,0.00010000102221965901,4.2000412940979,2.692763317902392e-12,4,1.6028195494687113e-12,-0.00010500103235244751,5.000010132788502e-06,0.00010000102221965901
normal_gate,0.8250000000000001,-4.256415912003847e-13,1.029339742612725e-15,5.852584736965429e-17,1.029341542557738e-15,-1.7999450129153882e-21,128,0,-1,4.2000412940978995,2.691579495230661e-12,4,1.6021149000445532e-12,-0.00010500103235244751,5.000010132788502e-06,0.00010000102221965901,4.2000412940979,2.692763317902392e-12,4,1.6028195494687113e-12,-0.00010500103235244751,5.000010132788502e-06,0.00010000102221965901
normal_gate,0.8275,-4.2563901622022504e-13,1.029339742612725e-15,6.109923934253126e-17,1.029341542557738e-15,-1.7999450129153882e-21,128,0,-1,4.2000412940978995,2.691579495230661e-12,4,1.6021149000445532e-12,-0.00010500103235244751,5.000010132788502e-06,0.00010000102221965901,4.2000412940979,2.692763317902392e-12,4,1.6028195494687113e-12,-0.00010500103235244751,5.000010132788502e-06,0.00010000102221965901
normal_gate,0.8300000000000001,-4.256364412400654e-13,1.029339742612725e-15,6.367263131540823e-17,1.029341542557738e-15,-1.7999450129153882e-21,128,0,-1,4.2000412940978995,2.691579495230661e-12,4,1.6021149000445532e-12,-0.00010500103235244751,5.000010132788502e-06,0.00010000102221965901,4.2000412940979,2.692763317902392e-12,4,1.6028195494687113e-12,-0.00010500103235244751,5.000010132788502e-06,0.00010000102221965901
normal_gate,0.8325,-4.2563386625990574e-13,1.029339742612725e-15,6.62460232882852e-17,1.029341542557738e-15,-1.7999450129153882e-21,128,0,-1,4.2000412940978995,2.691579495230661e-12,4,1.6021149000445532e-12,-0.00010500103235244751,5.000010132788502e-06,0.00010000102221965901,4.2000412940979,2.692763317902392e-12,4,1.6028195494687113e-12,-0.00010500103235244751,5.000010132788502e-06,0.00010000102221965901
normal_gate,0.835,-4.256312912797461e-13,1.029339742612725e-15,6.881941526116217e-17,1.029341542557738e-15,-1.7999450129153882e-21,128,0,-1,4.2000412940978995,2.691579495230661e-12,4,1.6021149000445532e-12,-0.00010500103235244751,5.000010132788502e-06,0.00010000102221965901,4.2000412940979,2.692763317902392e-12,4,1.6028195494687113e-12,-0.00010500103235244751,5.000010132788502e-06,0.00010000102221965901
normal_gate,0.8375,-4.2562871629958643e-13,1.029339742612725e-15,7.139280723403914e-17,1.029341542557738e-15,-1.7999450129153882e-21,128,0,-1,4.2000412940978995,2.691579495230661e-12,4,1.6021149000445532e-12,-0.00010500103235244751,5.000010132788502e-06,0.00010000102221965901,4.2000412940979,2.692763317902392e-12,4,1.6028195494687113e-12,-0.00010500103235244751,5.000010132788502e-06,0.00010000102221965901
normal_gate,0.84,-4.256261413194268e-13,1.029339742612725e-15,7.396619920691612e-17,1.029341542557738e-15,-1.7999450129153882e-21,128,0,-1,4.2000412940978995,2.691579495230661e-12,4,1.6021149000445532e-12,-0.00010500103235244751,5.000010132788502e-06,0.00010000102221965901,4.2000412940979,2.692763317902392e-12,4,1.6028195494687113e-12,-0.00010500103235244751,5.000010132788502e-06,0.00010000102221965901
normal_gate,0.8425,-4.256235663392671e-13,1.029339742612725e-15,7.653959117979309e-17,1.029341542557738e-15,-1.7999450129153882e-21,128,0,-1,4.2000412940978995,2.691579495230661e-12,4,1.6021149000445532e-12,-0.00010500103235244751,5.000010132788502e-06,0.00010000102221965901,4.2000412940979,2.692763317902392e-12,4,1.6028195494687113e-12,-0.00010500103235244751,5.000010132788502e-06,0.00010000102221965901
normal_gate,0.845,-4.2562099135910747e-13,1.029339742612725e-15,7.911298315267006e-17,1.029341542557738e-15,-1.7999450129153882e-21,128,0,-1,4.2000412940978995,2.691579495230661e-12,4,1.6021149000445532e-12,-0.00010500103235244751,5.000010132788502e-06,0.00010000102221965901,4.2000412940979,2.692763317902392e-12,4,1.6028195494687113e-12,-0.00010500103235244751,5.000010132788502e-06,0.00010000102221965901
normal_gate,0.8475,-4.256184163789478e-13,1.029339742612725e-15,8.168637512554703e-17,1.029341542557738e-15,-1.7999450129153882e-21,128,0,-1,4.2000412940978995,2.691579495230661e-12,4,1.6021149000445532e-12,-0.00010500103235244751,5.000010132788502e-06,0.00010000102221965901,4.2000412940979,2.692763317902392e-12,4,1.6028195494687113e-12,-0.00010500103235244751,5.000010132788502e-06,0.00010000102221965901
normal_gate,0.85,-4.2561584139878816e-13,1.029339742612725e-15,8.4259767098424e-17,1.029341542557738e-15,-1.7999450129153882e-21,128,0,-1,4.2000412940978995,2.691579495230661e-12,4,1.6021149000445532e-12,-0.00010500103235244751,5.000010132788502e-06,0.00010000102221965901,4.2000412940979,2.692763317902392e-12,4,1.6028195494687113e-12,-0.00010500103235244751,5.000010132788502e-06,0.00010000102221965901
normal_gate,0.8525,-4.256132664186285e-13,1.029339742612725e-15,8.683315907130097e-17,1.029341542557738e-15,-1.7999450129153882e-21,128,0,-1,4.2000412940978995,2.691579495230661e-12,4,1.6021149000445532e-12,-0.00010500103235244751,5.000010132788502e-06,0.00010000102221965901,4.2000412940979,2.692763317902392e-12,4,1.6028195494687113e-12,-0.00010500103235244751,5.000010132788502e-06,0.00010000102221965901
normal_gate,0.855,-4.2561069143846886e-13,1.029339742612725e-15,8.940655104417794e-17,1.029341542557738e-15,-1.7999450129153882e-21,128,0,-1,4.2000412940978995,2.691579495230661e-12,4,1.6021149000445532e-12,-0.00010500103235244751,5.000010132788502e-06,0.00010000102221965901,4.2000412940979,2.692763317902392e-12,4,1.6028195494687113e-12,-0.00010500103235244751,5.000010132788502e-06,0.00010000102221965901
normal_gate,0.8575,-4.256081164583092e-13,1.029339742612725e-15,9.197994301705491e-17,1.029341542557738e-15,-1.7999450129153882e-21,128,0,-1,4.2000412940978995,2.691579495230661e-12,4,1.6021149000445532e-12,-0.00010500103235244751,5.000010132788502e-06,0.00010000102221965901,4.2000412940979,2.692763317902392e-12,4,1.6028195494687113e-12,-0.00010500103235244751,5.000010132788502e-06,0.00010000102221965901
normal_gate,0.86,-4.2560554147814955e-13,1.029339742612725e-15,9.455333498993189e-17,1.029341542557738e-15,-1.7999450129153882e-21,128,0,-1,4.2000412940978995,2.691579495230661e-12,4,1.6021149000445532e-12,-0.00010500103235244751,5.000010132788502e-06,0.00010000102221965901,4.2000412940979,2.692763317902392e-12,4,1.6028195494687113e-12,-0.00010500103235244751,5.000010132788502e-06,0.00010000102221965901
normal_gate,0.8625,-4.256029664979899e-13,1.029339742612725e-15,9.712672696280886e-17,1.029341542557738e-15,-1.7999450129153882e-21,128,0,-1,4.2000412940978995,2.691579495230661e-12,4,1.6021149000445532e-12,-0.00010500103235244751,5.000010132788502e-06,0.00010000102221965901,4.2000412940979,2.692763317902392e-12,4,1.6028195494687113e-12,-0.00010500103235244751,5.000010132788502e-06,0.00010000102221965901
normal_gate,0.865,-4.2560039151783025e-13,1.029339742612725e-15,9.970011893568583e-17,1.029341542557738e-15,-1.7999450129153882e-21,128,0,-1,4.2000412940978995,2.691579495230661e-12,4,1.6021149000445532e-12,-0.00010500103235244751,5.000010132788502e-06,0.00010000102221965901,4.2000412940979,2.692763317902392e-12,4,1.6028195494687113e-12,-0.00010500103235244751,5.000010132788502e-06,0.00010000102221965901
normal_gate,0.8675,-4.255978165376706e-13,1.029339742612725e-15,1.022735109085628e-16,1.029341542557738e-15,-1.7999450129153882e-21,128,0,-1,4.2000412940978995,2.691579495230661e-12,4,1.6021149000445532e-12,-0.00010500103235244751,5.000010132788502e-06,0.00010000102221965901,4.2000412940979,2.692763317902392e-12,4,1.6028195494687113e-12,-0.00010500103235244751,5.000010132788502e-06,0.00010000102221965901
normal_gate,0.87,-4.2559524155751094e-13,1.029339742612725e-15,1.0484690288143977e-16,1.029341542557738e-15,-1.7999450129153882e-21,128,0,-1,4.2000412940978995,2.691579495230661e-12,4,1.6021149000445532e-12,-0.00010500103235244751,5.000010132788502e-06,0.00010000102221965901,4.2000412940979,2.692763317902392e-12,4,1.6028195494687113e-12,-0.00010500103235244751,5.000010132788502e-06,0.00010000102221965901
normal_gate,0.8725,-4.255926665773513e-13,1.029339742612725e-15,1.0742029485431674e-16,1.029341542557738e-15,-1.7999450129153882e-21,128,0,-1,4.2000412940978995,2.691579495230661e-12,4,1.6021149000445532e-12,-0.00010500103235244751,5.000010132788502e-06,0.00010000102221965901,4.2000412940979,2.692763317902392e-12,4,1.6028195494687113e-12,-0.00010500103235244751,5.000010132788502e-06,0.00010000102221965901
normal_gate,0.875,-4.2559009159719163e-13,1.029339742612725e-15,1.0999368682719371e-16,1.029341542557738e-15,-1.7999450129153882e-21,128,0,-1,4.2000412940978995,2.691579495230661e-12,4,1.6021149000445532e-12,-0.00010500103235244751,5.000010132788502e-06,0.00010000102221965901,4.2000412940979,2.692763317902392e-12,4,1.6028195494687113e-12,-0.00010500103235244751,5.000010132788502e-06,0.00010000102221965901
normal_gate,0.8775000000000001,-4.25587516617032e-13,1.029339742612725e-15,1.1256707880007068e-16,1.029341542557738e-15,-1.7999450129153882e-21,128,0,-1,4.2000412940978995,2.691579495230661e-12,4,1.6021149000445532e-12,-0.00010500103235244751,5.000010132788502e-06,0.00010000102221965901,4.2000412940979,2.692763317902392e-12,4,1.6028195494687113e-12,-0.00010500103235244751,5.000010132788502e-06,0.00010000102221965901
normal_gate,0.88,-4.2558494163687233e-13,1.029339742612725e-15,1.1514047077294766e-16,1.029341542557738e-15,-1.7999450129153882e-21,128,0,-1,4.2000412940978995,2.691579495230661e-12,4,1.6021149000445532e-12,-0.00010500103235244751,5.000010132788502e-06,0.00010000102221965901,4.2000412940979,2.692763317902392e-12,4,1.6028195494687113e-12,-0.00010500103235244751,5.000010132788502e-06,0.00010000102221965901
normal_gate,0.8825000000000001,-4.2558236665671267e-13,1.029339742612725e-15,1.1771386274582463e-16,1.029341542557738e-15,-1.7999450129153882e-21,128,0,-1,4.2000412940978995,2.691579495230661e-12,4,1.6021149000445532e-12,-0.00010500103235244751,5.000010132788502e-06,0.00010000102221965901,4.2000412940979,2.692763317902392e-12,4,1.6028195494687113e-12,-0.00010500103235244751,5.000010132788502e-06,0.00010000102221965901
normal_gate,0.885,-4.25579791676553e-13,1.029339742612725e-15,1.202872547187016e-16,1.029341542557738e-15,-1.7999450129153882e-21,128,0,-1,4.2000412940978995,2.691579495230661e-12,4,1.6021149000445532e-12,-0.00010500103235244751,5.000010132788502e-06,0.00010000102221965901,4.2000412940979,2.692763317902392e-12,4,1.6028195494687113e-12,-0.00010500103235244751,5.000010132788502e-06,0.00010000102221965901
normal_gate,0.8875000000000001,-4.2557721669639337e-13,1.029339742612725e-15,1.2286064669157857e-16,1.029341542557738e-15,-1.7999450129153882e-21,128,0,-1,4.2000412940978995,2.691579495230661e-12,4,1.6021149000445532e-12,-0.00010500103235244751,5.000010132788502e-06,0.00010000102221965901,4.2000412940979,2.692763317902392e-12,4,1.6028195494687113e-12,-0.00010500103235244751,5.000010132788502e-06,0.00010000102221965901
normal_gate,0.89,-4.255746417162337e-13,1.029339742612725e-15,1.2543403866445554e-16,1.029341542557738e-15,-1.7999450129153882e-21,128,0,-1,4.2000412940978995,2.691579495230661e-12,4,1.6021149000445532e-12,-0.00010500103235244751,5.000010132788502e-06,0.00010000102221965901,4.2000412940979,2.692763317902392e-12,4,1.6028195494687113e-12,-0.00010500103235244751,5.000010132788502e-06,0.00010000102221965901
normal_gate,0.8925000000000001,-4.2557206673607406e-13,1.029339742612725e-15,1.280074306373325e-16,1.029341542557738e-15,-1.7999450129153882e-21,128,0,-1,4.2000412940978995,2.691579495230661e-12,4,1.6021149000445532e-12,-0.00010500103235244751,5.000010132788502e-06,0.00010000102221965901,4.2000412940979,2.692763317902392e-12,4,1.6028195494687113e-12,-0.00010500103235244751,5.000010132788502e-06,0.00010000102221965901
normal_gate,0.895,-4.255694917559144e-13,1.029339742612725e-15,1.3058082261020948e-16,1.029341542557738e-15,-1.7999450129153882e-21,128,0,-1,4.2000412940978995,2.691579495230661e-12,4,1.6021149000445532e-12,-0.00010500103235244751,5.000010132788502e-06,0.00010000102221965901,4.2000412940979,2.692763317902392e-12,4,1.6028195494687113e-12,-0.00010500103235244751,5.000010132788502e-06,0.00010000102221965901
normal_gate,0.8975,-4.2556691677575476e-13,1.029339742612725e-15,1.3315421458308645e-16,1.029341542557738e-15,-1.7999450129153882e-21,128,0,-1,4.2000412940978995,2.691579495230661e-12,4,1.6021149000445532e-12,-0.00010500103235244751,5.000010132788502e-06,0.00010000102221965901,4.2000412940979,2.692763317902392e-12,4,1.6028195494687113e-12,-0.00010500103235244751,5.000010132788502e-06,0.00010000102221965901
normal_gate,0.9,-4.255643417955951e-13,1.029339742612725e-15,1.3572760655596343e-16,1.029341542557738e-15,-1.7999450129153882e-21,128,0,-1,4.2000412940978995,2.691579495230661e-12,4,1.6021149000445532e-12,-0.00010500103235244751,5.000010132788502e-06,0.00010000102221965901,4.2000412940979,2.692763317902392e-12,4,1.6028195494687113e-12,-0.00010500103235244751,5.000010132788502e-06,0.00010000102221965901
normal_gate,0.9025,-4.2556176681543545e-13,1.029339742612725e-15,1.383009985288404e-16,1.029341542557738e-15,-1.7999450129153882e-21,128,0,-1,4.2000412940978995,2.691579495230661e-12,4,1.6021149000445532e-12,-0.00010500103235244751,5.000010132788502e-06,0.00010000102221965901,4.2000412940979,2.692763317902392e-12,4,1.6028195494687113e-12,-0.00010500103235244751,5.000010132788502e-06,0.00010000102221965901
normal_gate,0.905,-4.255591918352758e-13,1.029339742612725e-15,1.4087439050171737e-16,1.029341542557738e-15,-1.7999450129153882e-21,128,0,-1,4.2000412940978995,2.691579495230661e-12,4,1.6021149000445532e-12,-0.00010500103235244751,5.000010132788502e-06,0.00010000102221965901,4.2000412940979,2.692763317902392e-12,4,1.6028195494687113e-12,-0.00010500103235244751,5.000010132788502e-06,0.00010000102221965901
normal_gate,0.9075,-4.2555661685511614e-13,1.029339742612725e-15,1.4344778247459434e-16,1.029341542557738e-15,-1.7999450129153882e-21,128,0,-1,4.2000412940978995,2.691579495230661e-12,4,1.6021149000445532e-12,-0.00010500103235244751,5.000010132788502e-06,0.00010000102221965901,4.2000412940979,2.692763317902392e-12,4,1.6028195494687113e-12,-0.00010500103235244751,5.000010132788502e-06,0.00010000102221965901
normal_gate,0.91,-4.255540418749565e-13,1.029339742612725e-15,1.460211744474713e-16,1.029341542557738e-15,-1.7999450129153882e-21,128,0,-1,4.2000412940978995,2.691579495230661e-12,4,1.6021149000445532e-12,-0.00010500103235244751,5.000010132788502e-06,0.00010000102221965901,4.2000412940979,2.692763317902392e-12,4,1.6028195494687113e-12,-0.00010500103235244751,5.000010132788502e-06,0.00010000102221965901
normal_gate,0.9125,-4.2555146689479684e-13,1.029339742612725e-15,1.4859456642034828e-16,1.029341542557738e-15,-1.7999450129153882e-21,128,0,-1,4.2000412940978995,2.691579495230661e-12,4,1.6021149000445532e-12,-0.00010500103235244751,5.000010132788502e-06,0.00010000102221965901,4.2000412940979,2.692763317902392e-12,4,1.6028195494687113e-12,-0.00010500103235244751,5.000010132788502e-06,0.00010000102221965901
normal_gate,0.915,-4.255488919146372e-13,1.029339742612725e-15,1.5116795839322525e-16,1.029341542557738e-15,-1.7999450129153882e-21,128,0,-1,4.2000412940978995,2.691579495230661e-12,4,1.6021149000445532e-12,-0.00010500103235244751,5.000010132788502e-06,0.00010000102221965901,4.2000412940979,2.692763317902392e-12,4,1.6028195494687113e-12,-0.00010500103235244751,5.000010132788502e-06,0.00010000102221965901
normal_gate,0.9175,-4.2554631693447753e-13,1.029339742612725e-15,1.5374135036610222e-16,1.029341542557738e-15,-1.7999450129153882e-21,128,0,-1,4.2000412940978995,2.691579495230661e-12,4,1.6021149000445532e-12,-0.00010500103235244751,5.000010132788502e-06,0.00010000102221965901,4.2000412940979,2.692763317902392e-12,4,1.6028195494687113e-12,-0.00010500103235244751,5.000010132788502e-06,0.00010000102221965901
normal_gate,0.92,-4.255437419543179e-13,1.029339742612725e-15,1.563147423389792e-16,1.029341542557738e-15,-1.7999450129153882e-21,128,0,-1,4.2000412940978995,2.691579495230661e-12,4,1.6021149000445532e-12,-0.00010500103235244751,5.000010132788502e-06,0.00010000102221965901,4.2000412940979,2.692763317902392e-12,4,1.6028195494687113e-12,-0.00010500103235244751,5.000010132788502e-06,0.00010000102221965901
normal_gate,0.9225,-4.255411669741582e-13,1.029339742612725e-15,1.5888813431185617e-16,1.029341542557738e-15,-1.7999450129153882e-21,128,0,-1,4.2000412940978995,2.691579495230661e-12,4,1.6021149000445532e-12,-0.00010500103235244751,5.000010132788502e-06,0.00010000102221965901,4.2000412940979,2.692763317902392e-12,4,1.6028195494687113e-12,-0.00010500103235244751,5.000010132788502e-06,0.00010000102221965901
normal_gate,0.925,-4.2553859199399857e-13,1.029339742612725e-15,1.6146152628473314e-16,1.029341542557738e-15,-1.7999450129153882e-21,128,0,-1,4.2000412940978995,2.691579495230661e-12,4,1.6021149000445532e-12,-0.00010500103235244751,5.000010132788502e-06,0.00010000102221965901,4.2000412940979,2.692763317902392e-12,4,1.6028195494687113e-12,-0.00010500103235244751,5.000010132788502e-06,0.00010000102221965901
normal_gate,0.9275,-4.255360170138389e-13,1.029339742612725e-15,1.640349182576101e-16,1.029341542557738e-15,-1.7999450129153882e-21,128,0,-1,4.2000412940978995,2.691579495230661e-12,4,1.6021149000445532e-12,-0.00010500103235244751,5.000010132788502e-06,0.00010000102221965901,4.2000412940979,2.692763317902392e-12,4,1.6028195494687113e-12,-0.00010500103235244751,5.000010132788502e-06,0.00010000102221965901
normal_gate,0.93,-4.2553344203367927e-13,1.029339742612725e-15,1.6660831023048708e-16,1.029341542557738e-15,-1.7999450129153882e-21,128,0,-1,4.2000412940978995,2.691579495230661e-12,4,1.6021149000445532e-12,-0.00010500103235244751,5.000010132788502e-06,0.00010000102221965901,4.2000412940979,2.692763317902392e-12,4,1.6028195494687113e-12,-0.00010500103235244751,5.000010132788502e-06,0.00010000102221965901
normal_gate,0.9325,-4.255308670535196e-13,1.029339742612725e-15,1.6918170220336405e-16,1.029341542557738e-15,-1.7999450129153882e-21,128,0,-1,4.2000412940978995,2.691579495230661e-12,4,1.6021149000445532e-12,-0.00010500103235244751,5.000010132788502e-06,0.00010000102221965901,4.2000412940979,2.692763317902392e-12,4,1.6028195494687113e-12,-0.00010500103235244751,5.000010132788502e-06,0.00010000102221965901
normal_gate,0.935,-4.2552829207335996e-13,1.029339742612725e-15,1.7175509417624102e-16,1.029341542557738e-15,-1.7999450129153882e-21,128,0,-1,4.2000412940978995,2.691579495230661e-12,4,1.6021149000445532e-12,-0.00010500103235244751,5.000010132788502e-06,0.00010000102221965901,4.2000412940979,2.692763317902392e-12,4,1.6028195494687113e-12,-0.00010500103235244751,5.000010132788502e-06,0.00010000102221965901
normal_gate,0.9375,-4.255257170932003e-13,1.029339742612725e-15,1.74328486149118e-16,1.029341542557738e-15,-1.7999450129153882e-21,128,0,-1,4.2000412940978995,2.691579495230661e-12,4,1.6021149000445532e-12,-0.00010500103235244751,5.000010132788502e-06,0.00010000102221965901,4.2000412940979,2.692763317902392e-12,4,1.6028195494687113e-12,-0.00010500103235244751,5.000010132788502e-06,0.00010000102221965901
normal_gate,0.9400000000000001,-4.2552314211304065e-13,1.029339742612725e-15,1.7690187812199496e-16,1.029341542557738e-15,-1.7999450129153882e-21,128,0,-1,4.2000412940978995,2.691579495230661e-12,4,1.6021149000445532e-12,-0.00010500103235244751,5.000010132788502e-06,0.00010000102221965901,4.2000412940979,2.692763317902392e-12,4,1.6028195494687113e-12,-0.00010500103235244751,5.000010132788502e-06,0.00010000102221965901
normal_gate,0.9425,-4.25520567132881e-13,1.029339742612725e-15,1.7947527009487194e-16,1.029341542557738e-15,-1.7999450129153882e-21,128,0,-1,4.2000412940978995,2.691579495230661e-12,4,1.6021149000445532e-12,-0.00010500103235244751,5.000010132788502e-06,0.00010000102221965901,4.2000412940979,2.692763317902392e-12,4,1.6028195494687113e-12,-0.00010500103235244751,5.000010132788502e-06,0.00010000102221965901
normal_gate,0.9450000000000001,-4.2551799215272135e-13,1.029339742612725e-15,1.820486620677489e-16,1.029341542557738e-15,-1.7999450129153882e-21,128,0,-1,4.2000412940978995,2.691579495230661e-12,4,1.6021149000445532e-12,-0.00010500103235244751,5.000010132788502e-06,0.00010000102221965901,4.2000412940979,2.692763317902392e-12,4,1.6028195494687113e-12,-0.00010500103235244751,5.000010132788502e-06,0.00010000102221965901
normal_gate,0.9475,-4.255154171725617e-13,1.029339742612725e-15,1.8462205404062588e-16,1.029341542557738e-15,-1.7999450129153882e-21,128,0,-1,4.2000412940978995,2.691579495230661e-12,4,1.6021149000445532e-12,-0.00010500103235244751,5.000010132788502e-06,0.00010000102221965901,4.2000412940979,2.692763317902392e-12,4,1.6028195494687113e-12,-0.00010500103235244751,5.000010132788502e-06,0.00010000102221965901
normal_gate,0.9500000000000001,-4.2551284219240204e-13,1.029339742612725e-15,1.8719544601350285e-16,1.029341542557738e-15,-1.7999450129153882e-21,128,0,-1,4.2000412940978995,2.691579495230661e-12,4,1.6021149000445532e-12,-0.00010500103235244751,5.000010132788502e-06,0.00010000102221965901,4.2000412940979,2.692763317902392e-12,4,1.6028195494687113e-12,-0.00010500103235244751,5.000010132788502e-06,0.00010000102221965901
normal_gate,0.9525,-4.255102672122424e-13,1.029339742612725e-15,1.8976883798637982e-16,1.029341542557738e-15,-1.7999450129153882e-21,128,0,-1,4.2000412940978995,2.691579495230661e-12,4,1.6021149000445532e-12,-0.00010500103235244751,5.000010132788502e-06,0.00010000102221965901,4.2000412940979,2.692763317902392e-12,4,1.6028195494687113e-12,-0.00010500103235244751,5.000010132788502e-06,0.00010000102221965901
normal_gate,0.9550000000000001,-4.2550769223208273e-13,1.029339742612725e-15,1.923422299592568e-16,1.029341542557738e-15,-1.7999450129153882e-21,128,0,-1,4.2000412940978995,2.691579495230661e-12,4,1.6021149000445532e-12,-0.00010500103235244751,5.000010132788502e-06,0.00010000102221965901,4.2000412940979,2.692763317902392e-12,4,1.6028195494687113e-12,-0.00010500103235244751,5.000010132788502e-06,0.00010000102221965901
normal_gate,0.9575,-4.255051172519231e-13,1.029339742612725e-15,1.9491562193213376e-16,1.029341542557738e-15,-1.7999450129153882e-21,128,0,-1,4.2000412940978995,2.691579495230661e-12,4,1.6021149000445532e-12,-0.00010500103235244751,5.000010132788502e-06,0.00010000102221965901,4.2000412940979,2.692763317902392e-12,4,1.6028195494687113e-12,-0.00010500103235244751,5.000010132788502e-06,0.00010000102221965901
normal_gate,0.96,-4.2550254227176343e-13,1.029339742612725e-15,1.9748901390501073e-16,1.029341542557738e-15,-1.7999450129153882e-21,128,0,-1,4.2000412940978995,2.691579495230661e-12,4,1.6021149000445532e-12,-0.00010500103235244751,5.000010132788502e-06,0.00010000102221965901,4.2000412940979,2.692763317902392e-12,4,1.6028195494687113e-12,-0.00010500103235244751,5.000010132788502e-06,0.00010000102221965901
normal_gate,0.9625,-4.254999672916038e-13,1.029339742612725e-15,2.000624058778877e-16,1.029341542557738e-15,-1.7999450129153882e-21,128,0,-1,4.2000412940978995,2.691579495230661e-12,4,1.6021149000445532e-12,-0.00010500103235244751,5.000010132788502e-06,0.00010000102221965901,4.2000412940979,2.692763317902392e-12,4,1.6028195494687113e-12,-0.00010500103235244751,5.000010132788502e-06,0.00010000102221965901
normal_gate,0.965,-4.254973923114441e-13,1.029339742612725e-15,2.0263579785076468e-16,1.029341542557738e-15,-1.7999450129153882e-21,128,0,-1,4.2000412940978995,2.691579495230661e-12,4,1.6021149000445532e-12,-0.00010500103235244751,5.000010132788502e-06,0.00010000102221965901,4.2000412940979,2.692763317902392e-12,4,1.6028195494687113e-12,-0.00010500103235244751,5.000010132788502e-06,0.00010000102221965901
normal_gate,0.9675,-4.2549481733128447e-13,1.029339742612725e-15,2.0520918982364165e-16,1.029341542557738e-15,-1.7999450129153882e-21,128,0,-1,4.2000412940978995,2.691579495230661e-12,4,1.6021149000445532e-12,-0.00010500103235244751,5.000010132788502e-06,0.00010000102221965901,4.2000412940979,2.692763317902392e-12,4,1.6028195494687113e-12,-0.00010500103235244751,5.000010132788502e-06,0.00010000102221965901
normal_gate,0.97,-4.254922423511248e-13,1.029339742612725e-15,2.0778258179651862e-16,1.029341542557738e-15,-1.7999450129153882e-21,128,0,-1,4.2000412940978995,2.691579495230661e-12,4,1.6021149000445532e-12,-0.00010500103235244751,5.000010132788502e-06,0.00010000102221965901,4.2000412940979,2.692763317902392e-12,4,1.6028195494687113e-12,-0.00010500103235244751,5.000010132788502e-06,0.00010000102221965901
normal_gate,0.9725,-4.2548966737096516e-13,1.029339742612725e-15,2.103559737693956e-16,1.029341542557738e-15,-1.7999450129153882e-21,128,0,-1,4.2000412940978995,2.691579495230661e-12,4,1.6021149000445532e-12,-0.00010500103235244751,5.000010132788502e-06,0.00010000102221965901,4.2000412940979,2.692763317902392e-12,4,1.6028195494687113e-12,-0.00010500103235244751,5.000010132788502e-06,0.00010000102221965901
normal_gate,0.975,-4.254870923908055e-13,1.029339742612725e-15,2.1292935250738276e-16,1.029341542557738e-15,-1.7999450129153882e-21,128,0,-1,4.2000412940978995,2.691579495230661e-12,4,1.6021149000445532e-12,-0.00010500103235244751,5.000010132788502e-06,0.00010000102221965901,4.2000412940979,2.692763317902392e-12,4,1.6028195494687113e-12,-0.00010500103235244751,5.000010132788502e-06,0.00010000102221965901
normal_gate,0.9775,-4.2548451741064586e-13,1.029339742612725e-15,2.1550273124536993e-16,1.029341542557738e-15,-1.7999450129153882e-21,128,0,-1,4.2000412940978995,2.691579495230661e-12,4,1.6021149000445532e-12,-0.00010500103235244751,5.000010132788502e-06,0.00010000102221965901,4.2000412940979,2.692763317902392e-12,4,1.6028195494687113e-12,-0.00010500103235244751,5.000010132788502e-06,0.00010000102221965901
normal_gate,0.98,-4.254819424304862e-13,1.029339742612725e-15,2.180761099833571e-16,1.029341542557738e-15,-1.7999450129153882e-21,128,0,-1,4.2000412940978995,2.691579495230661e-12,4,1.6021149000445532e-12,-0.00010500103235244751,5.000010132788502e-06,0.00010000102221965901,4.2000412940979,2.692763317902392e-12,4,1.6028195494687113e-12,-0.00010500103235244751,5.000010132788502e-06,0.00010000102221965901
normal_gate,0.9825,-4.2547936745032655e-13,1.029339742612725e-15,2.2064948872134427e-16,1.029341542557738e-15,-1.7999450129153882e-21,128,0,-1,4.2000412940978995,2.691579495230661e-12,4,1.6021149000445532e-12,-0.00010500103235244751,5.000010132788502e-06,0.00010000102221965901,4.2000412940979,2.692763317902392e-12,4,1.6028195494687113e-12,-0.00010500103235244751,5.000010132788502e-06,0.00010000102221965901
normal_gate,0.985,-4.254767924701669e-13,1.029339742612725e-15,2.2322288069422124e-16,1.029341542557738e-15,-1.7999450129153882e-21,128,0,-1,4.2000412940978995,2.691579495230661e-12,4,1.6021149000445532e-12,-0.00010500103235244751,5.000010132788502e-06,0.00010000102221965901,4.2000412940979,2.692763317902392e-12,4,1.6028195494687113e-12,-0.00010500103235244751,5.000010132788502e-06,0.00010000102221965901
normal_gate,0.9875,-4.2547421749000724e-13,1.029339742612725e-15,2.257962726670982e-16,1.029341542557738e-15,-1.7999450129153882e-21,128,0,-1,4.2000412940978995,2.691579495230661e-12,4,1.6021149000445532e-12,-0.00010500103235244751,5.000010132788502e-06,0.00010000102221965901,4.2000412940979,2.692763317902392e-12,4,1.6028195494687113e-12,-0.00010500103235244751,5.000010132788502e-06,0.00010000102221965901
normal_gate,0.99,-4.254716425098476e-13,1.029339742612725e-15,2.283696646399752e-16,1.029341542557738e-15,-1.7999450129153882e-21,128,0,-1,4.2000412940978995,2.691579495230661e-12,4,1.6021149000445532e-12,-0.00010500103235244751,5.000010132788502e-06,0.00010000102221965901,4.2000412940979,2.692763317902392e-12,4,1.6028195494687113e-12,-0.00010500103235244751,5.000010132788502e-06,0.00010000102221965901
normal_gate,0.9925,-4.2546906752968794e-13,1.029339742612725e-15,2.3094300367329295e-16,1.029341542557738e-15,-1.7999450129153882e-21,128,0,-1,4.2000412940978995,2.691579495230661e-12,4,1.6021149000445532e-12,-0.00010500103235244751,5.000010132788502e-06,0.00010000102221965901,4.2000412940979,2.692763317902392e-12,4,1.6028195494687113e-12,-0.00010500103235244751,5.000010132788502e-06,0.00010000102221965901
normal_gate,0.995,-4.254664925495283e-13,1.029339742612725e-15,2.335163691763903e-16,1.029341542557738e-15,-1.7999450129153882e-21,128,0,-1,4.2000412940978995,2.691579495230661e-12,4,1.6021149000445532e-12,-0.00010500103235244751,5.000010132788502e-06,0.00010000102221965901,4.2000412940979,2.692763317902392e-12,4,1.6028195494687113e-12,-0.00010500103235244751,5.000010132788502e-06,0.00010000102221965901
normal_gate,0.9975,-4.2546391756936863e-13,1.029339742612725e-15,2.360897346794877e-16,1.029341542557738e-15,-1.7999450129153882e-21,128,0,-1,4.2000412940978995,2.691579495230661e-12,4,1.6021149000445532e-12,-0.00010500103235244751,5.000010132788502e-06,0.00010000102221965901,4.2000412940979,2.692763317902392e-12,4,1.6028195494687113e-12,-0.00010500103235244751,5.000010132788502e-06,0.00010000102221965901
normal_gate,1.0,-4.25461342589209e-13,1.029339742612725e-15,2.3866310018258506e-16,1.029341542557738e-15,-1.7999450129153882e-21,128,0,-1,4.2000412940978995,2.691579495230661e-12,4,1.6021149000445532e-12,-0.00010500103235244751,5.000010132788502e-06,0.00010000102221965901,4.2000412940979,2.692763317902392e-12,4,1.6028195494687113e-12,-0.00010500103235244751,5.000010132788502e-06,0.00010000102221965901
normal_gate,1.0025,-4.2545876760904933e-13,1.029339742612725e-15,2.4123643921590283e-16,1.029341542557738e-15,-1.7999450129153882e-21,128,0,-1,4.2000412940978995,2.691579495230661e-12,4,1.6021149000445532e-12,-0.00010500103235244751,5.000010132788502e-06,0.00010000102221965901,4.2000412940979,2.692763317902392e-12,4,1.6028195494687113e-12,-0.00010500103235244751,5.000010132788502e-06,0.00010000102221965901
normal_gate,1.0050000000000001,-4.2545619262888967e-13,1.029339742612725e-15,2.438098047190002e-16,1.029341542557738e-15,-1.7999450129153882e-21,128,0,-1,4.2000412940978995,2.691579495230661e-12,4,1.6021149000445532e-12,-0.00010500103235244751,5.000010132788502e-06,0.00010000102221965901,4.2000412940979,2.692763317902392e-12,4,1.6028195494687113e-12,-0.00010500103235244751,5.000010132788502e-06,0.00010000102221965901
normal_gate,1.0075,-4.2545361764873e-13,1.029339742612725e-15,2.4638317022209757e-16,1.029341542557738e-15,-1.7999450129153882e-21,128,0,-1,4.2000412940978995,2.691579495230661e-12,4,1.6021149000445532e-12,-0.00010500103235244751,5.000010132788502e-06,0.00010000102221965901,4.2000412940979,2.692763317902392e-12,4,1.6028195494687113e-12,-0.00010500103235244751,5.000010132788502e-06,0.00010000102221965901
normal_gate,1.01,-4.2545104266857037e-13,1.029339742612725e-15,2.4895653572519494e-16,1.029341542557738e-15,-1.7999450129153882e-21,128,0,-1,4.2000412940978995,2.691579495230661e-12,4,1.6021149000445532e-12,-0.00010500103235244751,5.000010132788502e-06,0.00010000102221965901,4.2000412940979,2.692763317902392e-12,4,1.6028195494687113e-12,-0.00010500103235244751,5.000010132788502e-06,0.00010000102221965901
normal_gate,1.0125,-4.254484676884107e-13,1.029339742612725e-15,2.515299012282923e-16,1.029341542557738e-15,-1.7999450129153882e-21,128,0,-1,4.2000412940978995,2.691579495230661e-12,4,1.6021149000445532e-12,-0.00010500103235244751,5.000010132788502e-06,0.00010000102221965901,4.2000412940979,2.692763317902392e-12,4,1.6028195494687113e-12,-0.00010500103235244751,5.000010132788502e-06,0.00010000102221965901
normal_gate,1.0150000000000001,-4.2544589270825106e-13,1.029339742612725e-15,2.541032667313897e-16,1.029341542557738e-15,-1.7999450129153882e-21,128,0,-1,4.2000412940978995,2.691579495230661e-12,4,1.6021149000445532e-12,-0.00010500103235244751,5.000010132788502e-06,0.00010000102221965901,4.2000412940979,2.692763317902392e-12,4,1.6028195494687113e-12,-0.00010500103235244751,5.000010132788502e-06,0.00010000102221965901
normal_gate,1.0175,-4.254433177280914e-13,1.029339742612725e-15,2.5667663223448705e-16,1.029341542557738e-15,-1.7999450129153882e-21,128,0,-1,4.2000412940978995,2.691579495230661e-12,4,1.6021149000445532e-12,-0.00010500103235244751,5.000010132788502e-06,0.00010000102221965901,4.2000412940979,2.692763317902392e-12,4,1.6028195494687113e-12,-0.00010500103235244751,5.000010132788502e-06,0.00010000102221965901
normal_gate,1.02,-4.2544074274793175e-13,1.029339742612725e-15,2.59250024207364e-16,1.029341542557738e-15,-1.7999450129153882e-21,128,0,-1,4.2000412940978995,2.691579495230661e-12,4,1.6021149000445532e-12,-0.00010500103235244751,5.000010132788502e-06,0.00010000102221965901,4.2000412940979,2.692763317902392e-12,4,1.6028195494687113e-12,-0.00010500103235244751,5.000010132788502e-06,0.00010000102221965901
normal_gate,1.0225,-4.254381677677721e-13,1.029339742612725e-15,2.61823416180241e-16,1.029341542557738e-15,-1.7999450129153882e-21,128,0,-1,4.2000412940978995,2.691579495230661e-12,4,1.6021149000445532e-12,-0.00010500103235244751,5.000010132788502e-06,0.00010000102221965901,4.2000412940979,2.692763317902392e-12,4,1.6028195494687113e-12,-0.00010500103235244751,5.000010132788502e-06,0.00010000102221965901
normal_gate,1.025,-4.2543559278761245e-13,1.029339742612725e-15,2.6439678168333836e-16,1.029341542557738e-15,-1.7999450129153882e-21,128,0,-1,4.2000412940978995,2.691579495230661e-12,4,1.6021149000445532e-12,-0.00010500103235244751,5.000010132788502e-06,0.00010000102221965901,4.2000412940979,2.692763317902392e-12,4,1.6028195494687113e-12,-0.00010500103235244751,5.000010132788502e-06,0.00010000102221965901
normal_gate,1.0275,-4.254330178074528e-13,1.029339742612725e-15,2.6697017365621533e-16,1.029341542557738e-15,-1.7999450129153882e-21,128,0,-1,4.2000412940978995,2.691579495230661e-12,4,1.6021149000445532e-12,-0.00010500103235244751,5.000010132788502e-06,0.00010000102221965901,4.2000412940979,2.692763317902392e-12,4,1.6028195494687113e-12,-0.00010500103235244751,5.000010132788502e-06,0.00010000102221965901
normal_gate,1.03,-4.2543044282729314e-13,1.029339742612725e-15,2.695435656290923e-16,1.029341542557738e-15,-1.7999450129153882e-21,128,0,-1,4.2000412940978995,2.691579495230661e-12,4,1.6021149000445532e-12,-0.00010500103235244751,5.000010132788502e-06,0.00010000102221965901,4.2000412940979,2.692763317902392e-12,4,1.6028195494687113e-12,-0.00010500103235244751,5.000010132788502e-06,0.00010000102221965901
normal_gate,1.0325,-4.254278678471335e-13,1.029339742612725e-15,2.7211695760196927e-16,1.029341542557738e-15,-1.7999450129153882e-21,128,0,-1,4.2000412940978995,2.691579495230661e-12,4,1.6021149000445532e-12,-0.00010500103235244751,5.000010132788502e-06,0.00010000102221965901,4.2000412940979,2.692763317902392e-12,4,1.6028195494687113e-12,-0.00010500103235244751,5.000010132788502e-06,0.00010000102221965901
normal_gate,1.035,-4.2542529286697384e-13,1.029339742612725e-15,2.7469034957484624e-16,1.029341542557738e-15,-1.7999450129153882e-21,128,0,-1,4.2000412940978995,2.691579495230661e-12,4,1.6021149000445532e-12,-0.00010500103235244751,5.000010132788502e-06,0.00010000102221965901,4.2000412940979,2.692763317902392e-12,4,1.6028195494687113e-12,-0.00010500103235244751,5.000010132788502e-06,0.00010000102221965901
normal_gate,1.0375,-4.254227178868142e-13,1.029339742612725e-15,2.772637415477232e-16,1.029341542557738e-15,-1.7999450129153882e-21,128,0,-1,4.2000412940978995,2.691579495230661e-12,4,1.6021149000445532e-12,-0.00010500103235244751,5.000010132788502e-06,0.00010000102221965901,4.2000412940979,2.692763317902392e-12,4,1.6028195494687113e-12,-0.00010500103235244751,5.000010132788502e-06,0.00010000102221965901
normal_gate,1.04,-4.2542014290665453e-13,1.029339742612725e-15,2.798371335206002e-16,1.029341542557738e-15,-1.7999450129153882e-21,128,0,-1,4.2000412940978995,2.691579495230661e-12,4,1.6021149000445532e-12,-0.00010500103235244751,5.000010132788502e-06,0.00010000102221965901,4.2000412940979,2.692763317902392e-12,4,1.6028195494687113e-12,-0.00010500103235244751,5.000010132788502e-06,0.00010000102221965901
normal_gate,1.0425,-4.254175679264949e-13,1.029339742612725e-15,2.8241052549347716e-16,1.029341542557738e-15,-1.7999450129153882e-21,128,0,-1,4.2000412940978995,2.691579495230661e-12,4,1.6021149000445532e-12,-0.00010500103235244751,5.000010132788502e-06,0.00010000102221965901,4.2000412940979,2.692763317902392e-12,4,1.6028195494687113e-12,-0.00010500103235244751,5.000010132788502e-06,0.00010000102221965901
normal_gate,1.045,-4.254149929463352e-13,1.029339742612725e-15,2.8498391746635413e-16,1.029341542557738e-15,-1.7999450129153882e-21,128,0,-1,4.2000412940978995,2.691579495230661e-12,4,1.6021149000445532e-12,-0.00010500103235244751,5.000010132788502e-06,0.00010000102221965901,4.2000412940979,2.692763317902392e-12,4,1.6028195494687113e-12,-0.00010500103235244751,5.000010132788502e-06,0.00010000102221965901
normal_gate,1.0475,-4.2541241796617557e-13,1.029339742612725e-15,2.875573094392311e-16,1.029341542557738e-15,-1.7999450129153882e-21,128,0,-1,4.2000412940978995,2.691579495230661e-12,4,1.6021149000445532e-12,-0.00010500103235244751,5.000010132788502e-06,0.00010000102221965901,4.2000412940979,2.692763317902392e-12,4,1.6028195494687113e-12,-0.00010500103235244751,5.000010132788502e-06,0.00010000102221965901
normal_gate,1.05,-4.254098429860159e-13,1.029339742612725e-15,2.9013070141210807e-16,1.029341542557738e-15,-1.7999450129153882e-21,128,0,-1,4.2000412940978995,2.691579495230661e-12,4,1.6021149000445532e-12,-0.00010500103235244751,5.000010132788502e-06,0.00010000102221965901,4.2000412940979,2.692763317902392e-12,4,1.6028195494687113e-12,-0.00010500103235244751,5.000010132788502e-06,0.00010000102221965901
normal_gate,1.0525,-4.2540726800585626e-13,1.029339742612725e-15,2.9270409338498504e-16,1.029341542557738e-15,-1.7999450129153882e-21,128,0,-1,4.2000412940978995,2.691579495230661e-12,4,1.6021149000445532e-12,-0.00010500103235244751,5.000010132788502e-06,0.00010000102221965901,4.2000412940979,2.692763317902392e-12,4,1.6028195494687113e-12,-0.00010500103235244751,5.000010132788502e-06,0.00010000102221965901
normal_gate,1.055,-4.254046930256966e-13,1.029339742612725e-15,2.95277485357862e-16,1.029341542557738e-15,-1.7999450129153882e-21,128,0,-1,4.2000412940978995,2.691579495230661e-12,4,1.6021149000445532e-12,-0.00010500103235244751,5.000010132788502e-06,0.00010000102221965901,4.2000412940979,2.692763317902392e-12,4,1.6028195494687113e-12,-0.00010500103235244751,5.000010132788502e-06,0.00010000102221965901
normal_gate,1.0575,-4.2540211804553696e-13,1.029339742612725e-15,2.97850877330739e-16,1.029341542557738e-15,-1.7999450129153882e-21,128,0,-1,4.2000412940978995,2.691579495230661e-12,4,1.6021149000445532e-12,-0.00010500103235244751,5.000010132788502e-06,0.00010000102221965901,4.2000412940979,2.692763317902392e-12,4,1.6028195494687113e-12,-0.00010500103235244751,5.000010132788502e-06,0.00010000102221965901
normal_gate,1.06,-4.253995430653773e-13,1.029339742612725e-15,3.0042426930361596e-16,1.029341542557738e-15,-1.7999450129153882e-21,128,0,-1,4.2000412940978995,2.691579495230661e-12,4,1.6021149000445532e-12,-0.00010500103235244751,5.000010132788502e-06,0.00010000102221965901,4.2000412940979,2.692763317902392e-12,4,1.6028195494687113e-12,-0.00010500103235244751,5.000010132788502e-06,0.00010000102221965901
normal_gate,1.0625,-4.2539696808521765e-13,1.029339742612725e-15,3.0299766127649293e-16,1.029341542557738e-15,-1.7999450129153882e-21,128,0,-1,4.2000412940978995,2.691579495230661e-12,4,1.6021149000445532e-12,-0.00010500103235244751,5.000010132788502e-06,0.00010000102221965901,4.2000412940979,2.692763317902392e-12,4,1.6028195494687113e-12,-0.00010500103235244751,5.000010132788502e-06,0.00010000102221965901
normal_gate,1.065,-4.25394393105058e-13,1.029339742612725e-15,3.055710532493699e-16,1.029341542557738e-15,-1.7999450129153882e-21,128,0,-1,4.2000412940978995,2.691579495230661e-12,4,1.6021149000445532e-12,-0.00010500103235244751,5.000010132788502e-06,0.00010000102221965901,4.2000412940979,2.692763317902392e-12,4,1.6028195494687113e-12,-0.00010500103235244751,5.000010132788502e-06,0.00010000102221965901
normal_gate,1.0675000000000001,-4.2539181812489835e-13,1.029339742612725e-15,3.0814444522224687e-16,1.029341542557738e-15,-1.7999450129153882e-21,128,0,-1,4.2000412940978995,2.691579495230661e-12,4,1.6021149000445532e-12,-0.00010500103235244751,5.000010132788502e-06,0.00010000102221965901,4.2000412940979,2.692763317902392e-12,4,1.6028195494687113e-12,-0.00010500103235244751,5.000010132788502e-06,0.00010000102221965901
normal_gate,1.07,-4.253892431447387e-13,1.029339742612725e-15,3.1071783719512384e-16,1.029341542557738e-15,-1.7999450129153882e-21,128,0,-1,4.2000412940978995,2.691579495230661e-12,4,1.6021149000445532e-12,-0.00010500103235244751,5.000010132788502e-06,0.00010000102221965901,4.2000412940979,2.692763317902392e-12,4,1.6028195494687113e-12,-0.00010500103235244751,5.000010132788502e-06,0.00010000102221965901
normal_gate,1.0725,-4.2538666816457904e-13,1.029339742612725e-15,3.132912291680008e-16,1.029341542557738e-15,-1.7999450129153882e-21,128,0,-1,4.2000412940978995,2.691579495230661e-12,4,1.6021149000445532e-12,-0.00010500103235244751,5.000010132788502e-06,0.00010000102221965901,4.2000412940979,2.692763317902392e-12,4,1.6028195494687113e-12,-0.00010500103235244751,5.000010132788502e-06,0.00010000102221965901
normal_gate,1.075,-4.253840931844194e-13,1.029339742612725e-15,3.158646211408778e-16,1.029341542557738e-15,-1.7999450129153882e-21,128,0,-1,4.2000412940978995,2.691579495230661e-12,4,1.6021149000445532e-12,-0.00010500103235244751,5.000010132788502e-06,0.00010000102221965901,4.2000412940979,2.692763317902392e-12,4,1.6028195494687113e-12,-0.00010500103235244751,5.000010132788502e-06,0.00010000102221965901
normal_gate,1.0775000000000001,-4.2538151820425973e-13,1.029339742612725e-15,3.1843801311375475e-16,1.029341542557738e-15,-1.7999450129153882e-21,128,0,-1,4.2000412940978995,2.691579495230661e-12,4,1.6021149000445532e-12,-0.00010500103235244751,5.000010132788502e-06,0.00010000102221965901,4.2000412940979,2.692763317902392e-12,4,1.6028195494687113e-12,-0.00010500103235244751,5.000010132788502e-06,0.00010000102221965901
normal_gate,1.08,-4.253789432241001e-13,1.029339742612725e-15,3.2101140508663173e-16,1.029341542557738e-15,-1.7999450129153882e-21,128,0,-1,4.2000412940978995,2.691579495230661e-12,4,1.6021149000445532e-12,-0.00010500103235244751,5.000010132788502e-06,0.00010000102221965901,4.2000412940979,2.692763317902392e-12,4,1.6028195494687113e-12,-0.00010500103235244751,5.000010132788502e-06,0.00010000102221965901
normal_gate,1.0825,-4.2537636824394043e-13,1.029339742612725e-15,3.235847970595087e-16,1.029341542557738e-15,-1.7999450129153882e-21,128,0,-1,4.2000412940978995,2.691579495230661e-12,4,1.6021149000445532e-12,-0.00010500103235244751,5.000010132788502e-06,0.00010000102221965901,4.2000412940979,2.692763317902392e-12,4,1.6028195494687113e-12,-0.00010500103235244751,5.000010132788502e-06,0.00010000102221965901
normal_gate,1.085,-4.253737932637808e-13,1.029339742612725e-15,3.2615818903238567e-16,1.029341542557738e-15,-1.7999450129153882e-21,128,0,-1,4.2000412940978995,2.691579495230661e-12,4,1.6021149000445532e-12,-0.00010500103235244751,5.000010132788502e-06,0.00010000102221965901,4.2000412940979,2.692763317902392e-12,4,1.6028195494687113e-12,-0.00010500103235244751,5.000010132788502e-06,0.00010000102221965901
normal_gate,1.0875000000000001,-4.253712182836211e-13,1.029339742612725e-15,3.2873158100526264e-16,1.029341542557738e-15,-1.7999450129153882e-21,128,0,-1,4.2000412940978995,2.691579495230661e-12,4,1.6021149000445532e-12,-0.00010500103235244751,5.000010132788502e-06,0.00010000102221965901,4.2000412940979,2.692763317902392e-12,4,1.6028195494687113e-12,-0.00010500103235244751,5.000010132788502e-06,0.00010000102221965901
normal_gate,1.09,-4.2536864330346147e-13,1.029339742612725e-15,3.313049729781396e-16,1.029341542557738e-15,-1.7999450129153882e-21,128,0,-1,4.2000412940978995,2.691579495230661e-12,4,1.6021149000445532e-12,-0.00010500103235244751,5.000010132788502e-06,0.00010000102221965901,4.2000412940979,2.692763317902392e-12,4,1.6028195494687113e-12,-0.00010500103235244751,5.000010132788502e-06,0.00010000102221965901
normal_gate,1.0925,-4.253660683233018e-13,1.029339742612725e-15,3.338783649510166e-16,1.029341542557738e-15,-1.7999450129153882e-21,128,0,-1,4.2000412940978995,2.691579495230661e-12,4,1.6021149000445532e-12,-0.00010500103235244751,5.000010132788502e-06,0.00010000102221965901,4.2000412940979,2.692763317902392e-12,4,1.6028195494687113e-12,-0.00010500103235244751,5.000010132788502e-06,0.00010000102221965901
normal_gate,1.095,-4.2536349334314216e-13,1.029339742612725e-15,3.3645175692389355e-16,1.029341542557738e-15,-1.7999450129153882e-21,128,0,-1,4.2000412940978995,2.691579495230661e-12,4,1.6021149000445532e-12,-0.00010500103235244751,5.000010132788502e-06,0.00010000102221965901,4.2000412940979,2.692763317902392e-12,4,1.6028195494687113e-12,-0.00010500103235244751,5.000010132788502e-06,0.00010000102221965901
normal_gate,1.0975,-4.253609183629825e-13,1.029339742612725e-15,3.390251488967705e-16,1.029341542557738e-15,-1.7999450129153882e-21,128,0,-1,4.2000412940978995,2.691579495230661e-12,4,1.6021149000445532e-12,-0.00010500103235244751,5.000010132788502e-06,0.00010000102221965901,4.2000412940979,2.692763317902392e-12,4,1.6028195494687113e-12,-0.00010500103235244751,5.000010132788502e-06,0.00010000102221965901
normal_gate,1.1,-4.2535834338282286e-13,1.029339742612725e-15,3.415985408696475e-16,1.029341542557738e-15,-1.7999450129153882e-21,128,0,-1,4.2000412940978995,2.691579495230661e-12,4,1.6021149000445532e-12,-0.00010500103235244751,5.000010132788502e-06,0.00010000102221965901,4.2000412940979,2.692763317902392e-12,4,1.6028195494687113e-12,-0.00010500103235244751,5.000010132788502e-06,0.00010000102221965901
normal_gate,1.1025,-4.253557684026632e-13,1.029339742612725e-15,3.4417193284252447e-16,1.029341542557738e-15,-1.7999450129153882e-21,128,0,-1,4.2000412940978995,2.691579495230661e-12,4,1.6021149000445532e-12,-0.00010500103235244751,5.000010132788502e-06,0.00010000102221965901,4.2000412940979,2.692763317902392e-12,4,1.6028195494687113e-12,-0.00010500103235244751,5.000010132788502e-06,0.00010000102221965901
normal_gate,1.105,-4.2535319342250355e-13,1.029339742612725e-15,3.4674532481540144e-16,1.029341542557738e-15,-1.7999450129153882e-21,128,0,-1,4.2000412940978995,2.691579495230661e-12,4,1.6021149000445532e-12,-0.00010500103235244751,5.000010132788502e-06,0.00010000102221965901,4.2000412940979,2.692763317902392e-12,4,1.6028195494687113e-12,-0.00010500103235244751,5.000010132788502e-06,0.00010000102221965901
normal_gate,1.1075,-4.253506184423439e-13,1.029339742612725e-15,3.493187167882784e-16,1.029341542557738e-15,-1.7999450129153882e-21,128,0,-1,4.2000412940978995,2.691579495230661e-12,4,1.6021149000445532e-12,-0.00010500103235244751,5.000010132788502e-06,0.00010000102221965901,4.2000412940979,2.692763317902392e-12,4,1.6028195494687113e-12,-0.00010500103235244751,5.000010132788502e-06,0.00010000102221965901
normal_gate,1.11,-4.2534804346218424e-13,1.029339742612725e-15,3.518921087611554e-16,1.029341542557738e-15,-1.7999450129153882e-21,128,0,-1,4.2000412940978995,2.691579495230661e-12,4,1.6021149000445532e-12,-0.00010500103235244751,5.000010132788502e-06,0.00010000102221965901,4.2000412940979,2.692763317902392e-12,4,1.6028195494687113e-12,-0.00010500103235244751,5.000010132788502e-06,0.00010000102221965901
normal_gate,1.1125,-4.253454684820246e-13,1.029339742612725e-15,3.5446550073403235e-16,1.029341542557738e-15,-1.7999450129153882e-21,128,0,-1,4.2000412940978995,2.691579495230661e-12,4,1.6021149000445532e-12,-0.00010500103235244751,5.000010132788502e-06,0.00010000102221965901,4.2000412940979,2.692763317902392e-12,4,1.6028195494687113e-12,-0.00010500103235244751,5.000010132788502e-06,0.00010000102221965901
normal_gate,1.115,-4.2534289350186494e-13,1.029339742612725e-15,3.570388927069093e-16,1.029341542557738e-15,-1.7999450129153882e-21,128,0,-1,4.2000412940978995,2.691579495230661e-12,4,1.6021149000445532e-12,-0.00010500103235244751,5.000010132788502e-06,0.00010000102221965901,4.2000412940979,2.692763317902392e-12,4,1.6028195494687113e-12,-0.00010500103235244751,5.000010132788502e-06,0.00010000102221965901
normal_gate,1.1175,-4.253403185217053e-13,1.029339742612725e-15,3.596122846797863e-16,1.029341542557738e-15,-1.7999450129153882e-21,128,0,-1,4.2000412940978995,2.691579495230661e-12,4,1.6021149000445532e-12,-0.00010500103235244751,5.000010132788502e-06,0.00010000102221965901,4.2000412940979,2.692763317902392e-12,4,1.6028195494687113e-12,-0.00010500103235244751,5.000010132788502e-06,0.00010000102221965901
normal_gate,1.12,-4.2533774354154563e-13,1.029339742612725e-15,3.6218567665266327e-16,1.029341542557738e-15,-1.7999450129153882e-21,128,0,-1,4.2000412940978995,2.691579495230661e-12,4,1.6021149000445532e-12,-0.00010500103235244751,5.000010132788502e-06,0.00010000102221965901,4.2000412940979,2.692763317902392e-12,4,1.6028195494687113e-12,-0.00010500103235244751,5.000010132788502e-06,0.00010000102221965901
normal_gate,1.1225,-4.25335168561386e-13,1.029339742612725e-15,3.6475906862554024e-16,1.029341542557738e-15,-1.7999450129153882e-21,128,0,-1,4.2000412940978995,2.691579495230661e-12,4,1.6021149000445532e-12,-0.00010500103235244751,5.000010132788502e-06,0.00010000102221965901,4.2000412940979,2.692763317902392e-12,4,1.6028195494687113e-12,-0.00010500103235244751,5.000010132788502e-06,0.00010000102221965901
normal_gate,1.125,-4.2533259358122633e-13,1.029339742612725e-15,3.673324605984172e-16,1.029341542557738e-15,-1.7999450129153882e-21,128,0,-1,4.2000412940978995,2.691579495230661e-12,4,1.6021149000445532e-12,-0.00010500103235244751,5.000010132788502e-06,0.00010000102221965901,4.2000412940979,2.692763317902392e-12,4,1.6028195494687113e-12,-0.00010500103235244751,5.000010132788502e-06,0.00010000102221965901
normal_gate,1.1275,-4.2533001860106667e-13,1.029339742612725e-15,3.699058525712942e-16,1.029341542557738e-15,-1.7999450129153882e-21,128,0,-1,4.2000412940978995,2.691579495230661e-12,4,1.6021149000445532e-12,-0.00010500103235244751,5.000010132788502e-06,0.00010000102221965901,4.2000412940979,2.692763317902392e-12,4,1.6028195494687113e-12,-0.00010500103235244751,5.000010132788502e-06,0.00010000102221965901
normal_gate,1.1300000000000001,-4.25327443620907e-13,1.029339742612725e-15,3.7247924454417115e-16,1.029341542557738e-15,-1.7999450129153882e-21,128,0,-1,4.2000412940978995,2.691579495230661e-12,4,1.6021149000445532e-12,-0.00010500103235244751,5.000010132788502e-06,0.00010000102221965901,4.2000412940979,2.692763317902392e-12,4,1.6028195494687113e-12,-0.00010500103235244751,5.000010132788502e-06,0.00010000102221965901
normal_gate,1.1325,-4.2532486864074737e-13,1.029339742612725e-15,3.750526365170481e-16,1.029341542557738e-15,-1.7999450129153882e-21,128,0,-1,4.2000412940978995,2.691579495230661e-12,4,1.6021149000445532e-12,-0.00010500103235244751,5.000010132788502e-06,0.00010000102221965901,4.2000412940979,2.692763317902392e-12,4,1.6028195494687113e-12,-0.00010500103235244751,5.000010132788502e-06,0.00010000102221965901
normal_gate,1.135,-4.253222936605877e-13,1.029339742612725e-15,3.776260284899251e-16,1.029341542557738e-15,-1.7999450129153882e-21,128,0,-1,4.2000412940978995,2.691579495230661e-12,4,1.6021149000445532e-12,-0.00010500103235244751,5.000010132788502e-06,0.00010000102221965901,4.2000412940979,2.692763317902392e-12,4,1.6028195494687113e-12,-0.00010500103235244751,5.000010132788502e-06,0.00010000102221965901
normal_gate,1.1375,-4.2531971868042806e-13,1.029339742612725e-15,3.8019942046280206e-16,1.029341542557738e-15,-1.7999450129153882e-21,128,0,-1,4.2000412940978995,2.691579495230661e-12,4,1.6021149000445532e-12,-0.00010500103235244751,5.000010132788502e-06,0.00010000102221965901,4.2000412940979,2.692763317902392e-12,4,1.6028195494687113e-12,-0.00010500103235244751,5.000010132788502e-06,0.00010000102221965901
normal_gate,1.1400000000000001,-4.253171437002684e-13,1.029339742612725e-15,3.8277281243567903e-16,1.029341542557738e-15,-1.7999450129153882e-21,128,0,-1,4.2000412940978995,2.691579495230661e-12,4,1.6021149000445532e-12,-0.00010500103235244751,5.000010132788502e-06,0.00010000102221965901,4.2000412940979,2.692763317902392e-12,4,1.6028195494687113e-12,-0.00010500103235244751,5.000010132788502e-06,0.00010000102221965901
normal_gate,1.1425,-4.2531456872010875e-13,1.029339742612725e-15,3.85346204408556e-16,1.029341542557738e-15,-1.7999450129153882e-21,128,0,-1,4.2000412940978995,2.691579495230661e-12,4,1.6021149000445532e-12,-0.00010500103235244751,5.000010132788502e-06,0.00010000102221965901,4.2000412940979,2.692763317902392e-12,4,1.6028195494687113e-12,-0.00010500103235244751,5.000010132788502e-06,0.00010000102221965901
normal_gate,1.145,-4.253119937399491e-13,1.029339742612725e-15,3.87919596381433e-16,1.029341542557738e-15,-1.7999450129153882e-21,128,0,-1,4.2000412940978995,2.691579495230661e-12,4,1.6021149000445532e-12,-0.00010500103235244751,5.000010132788502e-06,0.00010000102221965901,4.2000412940979,2.692763317902392e-12,4,1.6028195494687113e-12,-0.00010500103235244751,5.000010132788502e-06,0.00010000102221965901
normal_gate,1.1475,-4.2530941875978945e-13,1.029339742612725e-15,3.9049298835430995e-16,1.029341542557738e-15,-1.7999450129153882e-21,128,0,-1,4.2000412940978995,2.691579495230661e-12,4,1.6021149000445532e-12,-0.00010500103235244751,5.000010132788502e-06,0.00010000102221965901,4.2000412940979,2.692763317902392e-12,4,1.6028195494687113e-12,-0.00010500103235244751,5.000010132788502e-06,0.00010000102221965901
normal_gate,1.1500000000000001,-4.253068437796298e-13,1.029339742612725e-15,3.930663803271869e-16,1.029341542557738e-15,-1.7999450129153882e-21,128,0,-1,4.2000412940978995,2.691579495230661e-12,4,1.6021149000445532e-12,-0.00010500103235244751,5.000010132788502e-06,0.00010000102221965901,4.2000412940979,2.692763317902392e-12,4,1.6028195494687113e-12,-0.00010500103235244751,5.000010132788502e-06,0.00010000102221965901
normal_gate,1.1525,-4.2530426879947014e-13,1.029339742612725e-15,3.956397723000639e-16,1.029341542557738e-15,-1.7999450129153882e-21,128,0,-1,4.2000412940978995,2.691579495230661e-12,4,1.6021149000445532e-12,-0.00010500103235244751,5.000010132788502e-06,0.00010000102221965901,4.2000412940979,2.692763317902392e-12,4,1.6028195494687113e-12,-0.00010500103235244751,5.000010132788502e-06,0.00010000102221965901
normal_gate,1.155,-4.253016938193105e-13,1.029339742612725e-15,3.9821316427294086e-16,1.029341542557738e-15,-1.7999450129153882e-21,128,0,-1,4.2000412940978995,2.691579495230661e-12,4,1.6021149000445532e-12,-0.00010500103235244751,5.000010132788502e-06,0.00010000102221965901,4.2000412940979,2.692763317902392e-12,4,1.6028195494687113e-12,-0.00010500103235244751,5.000010132788502e-06,0.00010000102221965901
normal_gate,1.1575,-4.2529911883915084e-13,1.029339742612725e-15,4.0078655624581783e-16,1.029341542557738e-15,-1.7999450129153882e-21,128,0,-1,4.2000412940978995,2.691579495230661e-12,4,1.6021149000445532e-12,-0.00010500103235244751,5.000010132788502e-06,0.00010000102221965901,4.2000412940979,2.692763317902392e-12,4,1.6028195494687113e-12,-0.00010500103235244751,5.000010132788502e-06,0.00010000102221965901
normal_gate,1.16,-4.252965438589912e-13,1.029339742612725e-15,4.03359736460458e-16,1.029341542557738e-15,-1.7999450129153882e-21,128,0,-1,4.2000412940978995,2.691579495230661e-12,4,1.6021149000445532e-12,-0.00010500103235244751,5.000010132788502e-06,0.00010000102221965901,4.2000412940979,2.692763317902392e-12,4,1.6028195494687113e-12,-0.00010500103235244751,5.000010132788502e-06,0.00010000102221965901
normal_gate,1.1625,-4.2529396887883153e-13,1.029339742612725e-15,4.0593259903774293e-16,1.029341542557738e-15,-1.7999450129153882e-21,128,0,-1,4.2000412940978995,2.691579495230661e-12,4,1.6021149000445532e-12,-0.00010500103235244751,5.000010132788502e-06,0.00010000102221965901,4.2000412940979,2.692763317902392e-12,4,1.6028195494687113e-12,-0.00010500103235244751,5.000010132788502e-06,0.00010000102221965901
normal_gate,1.165,-4.252913938986719e-13,1.029339742612725e-15,4.0850546161502787e-16,1.029341542557738e-15,-1.7999450129153882e-21,128,0,-1,4.2000412940978995,2.691579495230661e-12,4,1.6021149000445532e-12,-0.00010500103235244751,5.000010132788502e-06,0.00010000102221965901,4.2000412940979,2.692763317902392e-12,4,1.6028195494687113e-12,-0.00010500103235244751,5.000010132788502e-06,0.00010000102221965901
normal_gate,1.1675,-4.252888189185122e-13,1.029339742612725e-15,4.110783241923128e-16,1.029341542557738e-15,-1.7999450129153882e-21,128,0,-1,4.2000412940978995,2.691579495230661e-12,4,1.6021149000445532e-12,-0.00010500103235244751,5.000010132788502e-06,0.00010000102221965901,4.2000412940979,2.692763317902392e-12,4,1.6028195494687113e-12,-0.00010500103235244751,5.000010132788502e-06,0.00010000102221965901
normal_gate,1.17,-4.2528624393835257e-13,1.029339742612725e-15,4.1365118676959774e-16,1.029341542557738e-15,-1.7999450129153882e-21,128,0,-1,4.2000412940978995,2.691579495230661e-12,4,1.6021149000445532e-12,-0.00010500103235244751,5.000010132788502e-06,0.00010000102221965901,4.2000412940979,2.692763317902392e-12,4,1.6028195494687113e-12,-0.00010500103235244751,5.000010132788502e-06,0.00010000102221965901
normal_gate,1.1725,-4.252836689581929e-13,1.029339742612725e-15,4.162240493468827e-16,1.029341542557738e-15,-1.7999450129153882e-21,128,0,-1,4.2000412940978995,2.691579495230661e-12,4,1.6021149000445532e-12,-0.00010500103235244751,5.000010132788502e-06,0.00010000102221965901,4.2000412940979,2.692763317902392e-12,4,1.6028195494687113e-12,-0.00010500103235244751,5.000010132788502e-06,0.00010000102221965901
normal_gate,1.175,-4.2528109397803326e-13,1.029339742612725e-15,4.187969119241676e-16,1.029341542557738e-15,-1.7999450129153882e-21,128,0,-1,4.2000412940978995,2.691579495230661e-12,4,1.6021149000445532e-12,-0.00010500103235244751,5.000010132788502e-06,0.00010000102221965901,4.2000412940979,2.692763317902392e-12,4,1.6028195494687113e-12,-0.00010500103235244751,5.000010132788502e-06,0.00010000102221965901
normal_gate,1.1775,-4.252785189978736e-13,1.029339742612725e-15,4.2136977450145255e-16,1.029341542557738e-15,-1.7999450129153882e-21,128,0,-1,4.2000412940978995,2.691579495230661e-12,4,1.6021149000445532e-12,-0.00010500103235244751,5.000010132788502e-06,0.00010000102221965901,4.2000412940979,2.692763317902392e-12,4,1.6028195494687113e-12,-0.00010500103235244751,5.000010132788502e-06,0.00010000102221965901
normal_gate,1.18,-4.2527594401771396e-13,1.029339742612725e-15,4.239426370787375e-16,1.029341542557738e-15,-1.7999450129153882e-21,128,0,-1,4.2000412940978995,2.691579495230661e-12,4,1.6021149000445532e-12,-0.00010500103235244751,5.000010132788502e-06,0.00010000102221965901,4.2000412940979,2.692763317902392e-12,4,1.6028195494687113e-12,-0.00010500103235244751,5.000010132788502e-06,0.00010000102221965901
normal_gate,1.1825,-4.252733690375543e-13,1.029339742612725e-15,4.2651549965602243e-16,1.029341542557738e-15,-1.7999450129153882e-21,128,0,-1,4.2000412940978995,2.691579495230661e-12,4,1.6021149000445532e-12,-0.00010500103235244751,5.000010132788502e-06,0.00010000102221965901,4.2000412940979,2.692763317902392e-12,4,1.6028195494687113e-12,-0.00010500103235244751,5.000010132788502e-06,0.00010000102221965901
normal_gate,1.185,-4.2527079405739465e-13,1.029339742612725e-15,4.2908836223330736e-16,1.029341542557738e-15,-1.7999450129153882e-21,128,0,-1,4.2000412940978995,2.691579495230661e-12,4,1.6021149000445532e-12,-0.00010500103235244751,5.000010132788502e-06,0.00010000102221965901,4.2000412940979,2.692763317902392e-12,4,1.6028195494687113e-12,-0.00010500103235244751,5.000010132788502e-06,0.00010000102221965901
normal_gate,1.1875,-4.25268219077235e-13,1.029339742612725e-15,4.316612248105923e-16,1.029341542557738e-15,-1.7999450129153882e-21,128,0,-1,4.2000412940978995,2.691579495230661e-12,4,1.6021149000445532e-12,-0.00010500103235244751,5.000010132788502e-06,0.00010000102221965901,4.2000412940979,2.692763317902392e-12,4,1.6028195494687113e-12,-0.00010500103235244751,5.000010132788502e-06,0.00010000102221965901
normal_gate,1.19,-4.2526564409707535e-13,1.029339742612725e-15,4.3423408738787724e-16,1.029341542557738e-15,-1.7999450129153882e-21,128,0,-1,4.2000412940978995,2.691579495230661e-12,4,1.6021149000445532e-12,-0.00010500103235244751,5.000010132788502e-06,0.00010000102221965901,4.2000412940979,2.692763317902392e-12,4,1.6028195494687113e-12,-0.00010500103235244751,5.000010132788502e-06,0.00010000102221965901
normal_gate,1.1925000000000001,-4.252630691169157e-13,1.029339742612725e-15,4.368069499651622e-16,1.029341542557738e-15,-1.7999450129153882e-21,128,0,-1,4.2000412940978995,2.691579495230661e-12,4,1.6021149000445532e-12,-0.00010500103235244751,5.000010132788502e-06,0.00010000102221965901,4.2000412940979,2.692763317902392e-12,4,1.6028195494687113e-12,-0.00010500103235244751,5.000010132788502e-06,0.00010000102221965901
normal_gate,1.195,-4.2526049413675604e-13,1.029339742612725e-15,4.393798125424471e-16,1.029341542557738e-15,-1.7999450129153882e-21,128,0,-1,4.2000412940978995,2.691579495230661e-12,4,1.6021149000445532e-12,-0.00010500103235244751,5.000010132788502e-06,0.00010000102221965901,4.2000412940979,2.692763317902392e-12,4,1.6028195494687113e-12,-0.00010500103235244751,5.000010132788502e-06,0.00010000102221965901
normal_gate,1.1975,-4.252579191565964e-13,1.029339742612725e-15,4.4195267511973205e-16,1.029341542557738e-15,-1.7999450129153882e-21,128,0,-1,4.2000412940978995,2.691579495230661e-12,4,1.6021149000445532e-12,-0.00010500103235244751,5.000010132788502e-06,0.00010000102221965901,4.2000412940979,2.692763317902392e-12,4,1.6028195494687113e-12,-0.00010500103235244751,5.000010132788502e-06,0.00010000102221965901
normal_gate,1.2,-4.2525534417643673e-13,1.029339742612725e-15,4.44525537697017e-16,1.029341542557738e-15,-1.7999450129153882e-21,128,0,-1,4.2000412940978995,2.691579495230661e-12,4,1.6021149000445532e-12,-0.00010500103235244751,5.000010132788502e-06,0.00010000102221965901,4.2000412940979,2.692763317902392e-12,4,1.6028195494687113e-12,-0.00010500103235244751,5.000010132788502e-06,0.00010000102221965901
normal_gate,1.2025000000000001,-4.252527691962771e-13,1.029339742612725e-15,4.470984002743019e-16,1.029341542557738e-15,-1.7999450129153882e-21,128,0,-1,4.2000412940978995,2.691579495230661e-12,4,1.6021149000445532e-12,-0.00010500103235244751,5.000010132788502e-06,0.00010000102221965901,4.2000412940979,2.692763317902392e-12,4,1.6028195494687113e-12,-0.00010500103235244751,5.000010132788502e-06,0.00010000102221965901
normal_gate,1.205,-4.2525019421611743e-13,1.029339742612725e-15,4.496711569724685e-16,1.029341542557738e-15,-1.7999450129153882e-21,128,0,-1,4.2000412940978995,2.691579495230661e-12,4,1.6021149000445532e-12,-0.00010500103235244751,5.000010132788502e-06,0.00010000102221965901,4.2000412940979,2.692763317902392e-12,4,1.6028195494687113e-12,-0.00010500103235244751,5.000010132788502e-06,0.00010000102221965901
normal_gate,1.2075,-4.252479444966095e-13,8.844631214352311e-16,4.519543342817924e-16,8.844150523154744e-16,4.8069119756681544e-20,128,0,-1,4.2000412940978995,2.3295324332313e-12,4,1.3866128152745016e-12,-0.00010500103235244751,5.000010132788502e-06,0.00010000102221965901,4.200041294097899,2.3002611502301396e-12,4,1.3691896038394777e-12,-0.00010500103235244751,5.000010132788502e-06,0.00010000102221965901
normal_gate,1.21,-4.252461284579706e-13,5.951350366802056e-16,4.537316211633688e-16,5.950969731371384e-16,3.806354306724012e-20,128,0,-1,4.2000412940978995,1.9739201583891953e-12,4,1.1749409232970179e-12,-0.00010500103235244751,5.000010132788502e-06,0.00010000102221965901,4.2000412940979,1.9504226808188796e-12,4,1.1609544670189953e-12,-0.00010500103235244751,5.000010132788502e-06,0.00010000102221965901
normal_gate,1.2125000000000001,-4.252448003103093e-13,4.509211129048198e-16,4.550752271759509e-16,4.50883684636463e-16,3.7428268356799396e-20,128,0,-1,4.2000412940979,1.7828985249225344e-12,4,1.0612386879552523e-12,-0.00010500103235244751,5.000010132788502e-06,0.00010000102221965901,4.2000412940979,1.7599301109422283e-12,4,1.0475671473845784e-12,-0.00010500103235244751,5.000010132788502e-06,0.00010000102221965901
normal_gate,1.215,-4.252438245283541e-13,3.0705227564610125e-16,4.560588441859499e-16,3.070142915123728e-16,3.798413372843503e-20,128,0,-1,4.2000412940978995,1.5888794495967168e-12,4,9.457522785725266e-13,-0.00010500103235244751,5.000010132788502e-06,0.00010000102221965901,4.2000412940979,1.5658477835993312e-12,4,9.320430883618546e-13,-0.00010500103235244751,5.000010132788502e-06,0.00010000102221965901
normal_gate,1.2175,-4.252431740070506e-13,1.6363724952376402e-16,4.566828957098396e-16,1.635997550809582e-16,3.749444280580364e-20,128,0,-1,4.2000412940978995,1.3955144254802403e-12,4,8.306551815581458e-13,-0.00010500103235244751,5.000010132788502e-06,0.00010000102221965901,4.2000412940979,1.3725893350411256e-12,4,8.17009428556068e-13,-0.00010500103235244751,5.000010132788502e-06,0.00010000102221965901
normal_gate,1.22,-4.2524284874639884e-13,2.0761297006627585e-17,4.570202265810836e-16,2.072393160399734e-17,3.7365402630245366e-20,128,0,-1,4.2000412940979,1.201730583608247e-12,4,7.153087907117583e-13,-0.00010500103235244751,5.000010132788502e-06,0.00010000102221965901,4.2000412940979,1.1788866650905939e-12,4,7.017113538545574e-13,-0.00010500103235244751,5.000010132788502e-06,0.00010000102221965901
normal_gate,1.2225,-4.2524284874639884e-13,2.0761297006627585e-17,4.570721073491029e-16,2.072393160399734e-17,3.7365402630245366e-20,128,0,-1,4.2000412940979,1.201730583608247e-12,4,7.153087907117583e-13,-0.00010500103235244751,5.000010132788502e-06,0.00010000102221965901,4.2000412940979,1.1788866650905939e-12,4,7.017113538545574e-13,-0.00010500103235244751,5.000010132788502e-06,0.00010000102221965901
normal_gate,1.225,-4.2524306558683334e-13,-1.2144877511740366e-16,4.568393850468448e-16,-1.2148612397642165e-16,3.7348859017994306e-20,128,0,-1,4.2000412940979,1.008532519094519e-12,4,6.003110734362049e-13,-0.00010500103235244751,5.000010132788502e-06,0.00010000102221965901,4.2000412940978995,9.858014851629734e-13,4,5.867808291243881e-13,-0.00010500103235244751,5.000010132788502e-06,0.00010000102221965901
normal_gate,1.2275,-4.252434179525394e-13,-2.6282262389042545e-16,4.564647847259216e-16,-2.628595227631902e-16,3.689887276476546e-20,128,0,-1,4.2000412940978995,8.142978130432471e-13,4,4.846963136931163e-13,-0.00010500103235244751,5.000010132788502e-06,0.00010000102221965901,4.2000412940979,7.917058037413404e-13,4,4.712488213234257e-13,-0.00010500103235244751,5.000010132788502e-06,0.00010000102221965901
normal_gate,1.23,-4.252440955788972e-13,-2.6282262389042545e-16,4.558072754006154e-16,-2.628595227631902e-16,3.689887276476546e-20,128,0,-1,4.2000412940978995,8.142978130432471e-13,4,4.846963136931163e-13,-0.00010500103235244751,5.000010132788502e-06,0.00010000102221965901,4.2000412940979,7.917058037413404e-13,4,4.712488213234257e-13,-0.00010500103235244751,5.000010132788502e-06,0.00010000102221965901
normal_gate,1.2325,-4.252448274153636e-13,-4.0310612950209413e-16,4.55079674098924e-16,-4.031427901468425e-16,3.6660644748350187e-20,128,0,-1,4.2000412940978995,6.210840820719697e-13,4,3.696892712368965e-13,-0.00010500103235244751,5.000010132788502e-06,0.00010000102221965901,4.200041294097899,5.986753843147795e-13,4,3.5635089180912763e-13,-0.00010500103235244751,5.000010132788502e-06,0.00010000102221965901
normal_gate,1.235,-4.2524577609226455e-13,-4.0310612950209413e-16,4.540717048916914e-16,-4.031427901468425e-16,3.6660644748350187e-20,128,0,-1,4.2000412940978995,6.210840820719697e-13,4,3.696892712368965e-13,-0.00010500103235244751,5.000010132788502e-06,0.00010000102221965901,4.200041294097899,5.986753843147795e-13,4,3.5635089180912763e-13,-0.00010500103235244751,5.000010132788502e-06,0.00010000102221965901
normal_gate,1.2375,-4.2524672476916547e-13,-4.0310612950209413e-16,4.530637356844587e-16,-4.031427901468425e-16,3.6660644748350187e-20,128,0,-1,4.2000412940978995,6.210840820719697e-13,4,3.696892712368965e-13,-0.00010500103235244751,5.000010132788502e-06,0.00010000102221965901,4.200041294097899,5.986753843147795e-13,4,3.5635089180912763e-13,-0.00010500103235244751,5.000010132788502e-06,0.00010000102221965901
normal_gate,1.24,-4.252479173915552e-13,-5.418989630057137e-16,4.51848031646912e-16,-5.419351736642088e-16,3.621065849512134e-20,128,0,-1,4.2000412940978995,4.2758270951985256e-13,4,2.5451101523734565e-13,-0.00010500103235244751,5.000010132788502e-06,0.00010000102221965901,4.2000412940979,4.054263123404219e-13,4,2.4132281324837594e-13,-0.00010500103235244751,5.000010132788502e-06,0.00010000102221965901
normal_gate,1.2425,-4.252492726442708e-13,-5.418989630057137e-16,4.504938377224892e-16,-5.419351736642088e-16,3.621065849512134e-20,128,0,-1,4.2000412940978995,4.2758270951985256e-13,4,2.5451101523734565e-13,-0.00010500103235244751,5.000010132788502e-06,0.00010000102221965901,4.2000412940979,4.054263123404219e-13,4,2.4132281324837594e-13,-0.00010500103235244751,5.000010132788502e-06,0.00010000102221965901
normal_gate,1.245,-4.252506278969864e-13,-5.418989630057137e-16,4.491396437980664e-16,-5.419351736642088e-16,3.621065849512134e-20,128,0,-1,4.2000412940978995,4.2758270951985256e-13,4,2.5451101523734565e-13,-0.00010500103235244751,5.000010132788502e-06,0.00010000102221965901,4.2000412940979,4.054263123404219e-13,4,2.4132281324837594e-13,-0.00010500103235244751,5.000010132788502e-06,0.00010000102221965901
normal_gate,1.2475,-4.2525198314970203e-13,-5.418989630057137e-16,4.477854498736436e-16,-5.419351736642088e-16,3.621065849512134e-20,128,0,-1,4.2000412940978995,4.2758270951985256e-13,4,2.5451101523734565e-13,-0.00010500103235244751,5.000010132788502e-06,0.00010000102221965901,4.2000412940979,4.054263123404219e-13,4,2.4132281324837594e-13,-0.00010500103235244751,5.000010132788502e-06,0.00010000102221965901
normal_gate,1.25,-4.252537449782323e-13,-6.785074308872624e-16,4.460892663967668e-16,-6.78543006271047e-16,3.5575383784680614e-20,128,0,-1,4.2000412940979,2.3357263428519546e-13,4,1.3902996299906796e-13,-0.00010500103235244751,5.000010132788502e-06,0.00010000102221965901,4.2000412940978995,2.117900422176202e-13,4,1.26064261865257e-13,-0.00010500103235244751,5.000010132788502e-06,0.00010000102221965901
normal_gate,1.2525,-4.252555068067626e-13,-6.785074308872624e-16,4.443930829198901e-16,-6.78543006271047e-16,3.5575383784680614e-20,128,0,-1,4.2000412940979,2.3357263428519546e-13,4,1.3902996299906796e-13,-0.00010500103235244751,5.000010132788502e-06,0.00010000102221965901,4.2000412940978995,2.117900422176202e-13,4,1.26064261865257e-13,-0.00010500103235244751,5.000010132788502e-06,0.00010000102221965901
normal_gate,1.2550000000000001,-4.252572686352929e-13,-6.785074308872624e-16,4.4269689944301336e-16,-6.78543006271047e-16,3.5575383784680614e-20,128,0,-1,4.2000412940979,2.3357263428519546e-13,4,1.3902996299906796e-13,-0.00010500103235244751,5.000010132788502e-06,0.00010000102221965901,4.2000412940978995,2.117900422176202e-13,4,1.26064261865257e-13,-0.00010500103235244751,5.000010132788502e-06,0.00010000102221965901
normal_gate,1.2575,-4.252590304638232e-13,-6.785074308872624e-16,4.410007159661366e-16,-6.78543006271047e-16,3.5575383784680614e-20,128,0,-1,4.2000412940979,2.3357263428519546e-13,4,1.3902996299906796e-13,-0.00010500103235244751,5.000010132788502e-06,0.00010000102221965901,4.2000412940978995,2.117900422176202e-13,4,1.26064261865257e-13,-0.00010500103235244751,5.000010132788502e-06,0.00010000102221965901
normal_gate,1.26,-4.2526079229235347e-13,-6.785074308872624e-16,4.393045324892599e-16,-6.78543006271047e-16,3.5575383784680614e-20,128,0,-1,4.2000412940979,2.3357263428519546e-13,4,1.3902996299906796e-13,-0.00010500103235244751,5.000010132788502e-06,0.00010000102221965901,4.2000412940978995,2.117900422176202e-13,4,1.26064261865257e-13,-0.00010500103235244751,5.000010132788502e-06,0.00010000102221965901
normal_gate,1.2625,-4.2526255412088376e-13,-6.785074308872624e-16,4.3760834901238315e-16,-6.78543006271047e-16,3.5575383784680614e-20,128,0,-1,4.2000412940979,2.3357263428519546e-13,4,1.3902996299906796e-13,-0.00010500103235244751,5.000010132788502e-06,0.00010000102221965901,4.2000412940978995,2.117900422176202e-13,4,1.26064261865257e-13,-0.00010500103235244751,5.000010132788502e-06,0.00010000102221965901
normal_gate,1.2650000000000001,-4.2526458699995717e-13,-8.112938743525628e-16,4.355797051037091e-16,-8.113283909451634e-16,3.451659260061274e-20,128,0,-1,4.2000412940979,4.0006385541942373e-14,4,2.3813090598752723e-14,-0.00010500103235244751,5.000010132788502e-06,0.00010000102221965901,4.2000412940979,1.889476173044143e-14,4,1.1246771404958122e-14,-0.00010500103235244751,5.000010132788502e-06,0.00010000102221965901
normal_gate,1.2675,-4.252666198790306e-13,-8.112938743525628e-16,4.3355106119503505e-16,-8.113283909451634e-16,3.451659260061274e-20,128,0,-1,4.2000412940979,4.0006385541942373e-14,4,2.3813090598752723e-14,-0.00010500103235244751,5.000010132788502e-06,0.00010000102221965901,4.2000412940979,1.889476173044143e-14,4,1.1246771404958122e-14,-0.00010500103235244751,5.000010132788502e-06,0.00010000102221965901
normal_gate,1.27,-4.25268652758104e-13,-8.112938743525628e-16,4.31522417286361e-16,-8.113283909451634e-16,3.451659260061274e-20,128,0,-1,4.2000412940979,4.0006385541942373e-14,4,2.3813090598752723e-14,-0.00010500103235244751,5.000010132788502e-06,0.00010000102221965901,4.2000412940979,1.889476173044143e-14,4,1.1246771404958122e-14,-0.00010500103235244751,5.000010132788502e-06,0.00010000102221965901
normal_gate,1.2725,-4.252706856371774e-13,-8.112938743525628e-16,4.2949377337768695e-16,-8.113283909451634e-16,3.451659260061274e-20,128,0,-1,4.2000412940979,4.0006385541942373e-14,4,2.3813090598752723e-14,-0.00010500103235244751,5.000010132788502e-06,0.00010000102221965901,4.2000412940979,1.889476173044143e-14,4,1.1246771404958122e-14,-0.00010500103235244751,5.000010132788502e-06,0.00010000102221965901
normal_gate,1.2750000000000001,-4.252727185162508e-13,-8.112938743525628e-16,4.274651294690129e-16,-8.113283909451634e-16,3.451659260061274e-20,128,0,-1,4.2000412940979,4.0006385541942373e-14,4,2.3813090598752723e-14,-0.00010500103235244751,5.000010132788502e-06,0.00010000102221965901,4.2000412940979,1.889476173044143e-14,4,1.1246771404958122e-14,-0.00010500103235244751,5.000010132788502e-06,0.00010000102221965901
normal_gate,1.2775,-4.252747513953242e-13,-8.112938743525628e-16,4.2543648556033885e-16,-8.113283909451634e-16,3.451659260061274e-20,128,0,-1,4.2000412940979,4.0006385541942373e-14,4,2.3813090598752723e-14,-0.00010500103235244751,5.000010132788502e-06,0.00010000102221965901,4.2000412940979,1.889476173044143e-14,4,1.1246771404958122e-14,-0.00010500103235244751,5.000010132788502e-06,0.00010000102221965901
normal_gate,1.28,-4.2527678427439763e-13,-8.112938743525628e-16,4.234078416516648e-16,-8.113283909451634e-16,3.451659260061274e-20,128,0,-1,4.2000412940979,4.0006385541942373e-14,4,2.3813090598752723e-14,-0.00010500103235244751,5.000010132788502e-06,0.00010000102221965901,4.2000412940979,1.889476173044143e-14,4,1.1246771404958122e-14,-0.00010500103235244751,5.000010132788502e-06,0.00010000102221965901
normal_gate,1.2825,-4.2527881715347104e-13,-8.112938743525628e-16,4.2137919774299076e-16,-8.113283909451634e-16,3.451659260061274e-20,128,0,-1,4.2000412940979,4.0006385541942373e-14,4,2.3813090598752723e-14,-0.00010500103235244751,5.000010132788502e-06,0.00010000102221965901,4.2000412940979,1.889476173044143e-14,4,1.1246771404958122e-14,-0.00010500103235244751,5.000010132788502e-06,0.00010000102221965901
normal_gate,1.285,-4.2528085003254446e-13,-8.112938743525628e-16,4.193505538343167e-16,-8.113283909451634e-16,3.451659260061274e-20,128,0,-1,4.2000412940979,4.0006385541942373e-14,4,2.3813090598752723e-14,-0.00010500103235244751,5.000010132788502e-06,0.00010000102221965901,4.2000412940979,1.889476173044143e-14,4,1.1246771404958122e-14,-0.00010500103235244751,5.000010132788502e-06,0.00010000102221965901
normal_gate,1.2875,-4.2528288291161787e-13,-8.112938743525628e-16,4.1732190992564266e-16,-8.113283909451634e-16,3.451659260061274e-20,128,0,-1,4.2000412940979,4.0006385541942373e-14,4,2.3813090598752723e-14,-0.00010500103235244751,5.000010132788502e-06,0.00010000102221965901,4.2000412940979,1.889476173044143e-14,4,1.1246771404958122e-14,-0.00010500103235244751,5.000010132788502e-06,0.00010000102221965901
normal_gate,1.29,-4.252849157906913e-13,-8.112938743525628e-16,4.152932660169686e-16,-8.113283909451634e-16,3.451659260061274e-20,128,0,-1,4.2000412940979,4.0006385541942373e-14,4,2.3813090598752723e-14,-0.00010500103235244751,5.000010132788502e-06,0.00010000102221965901,4.2000412940979,1.889476173044143e-14,4,1.1246771404958122e-14,-0.00010500103235244751,5.000010132788502e-06,0.00010000102221965901
normal_gate,1.2925,-4.252869486697647e-13,-8.112938743525628e-16,4.1326462210829456e-16,-8.113283909451634e-16,3.451659260061274e-20,128,0,-1,4.2000412940979,4.0006385541942373e-14,4,2.3813090598752723e-14,-0.00010500103235244751,5.000010132788502e-06,0.00010000102221965901,4.2000412940979,1.889476173044143e-14,4,1.1246771404958122e-14,-0.00010500103235244751,5.000010132788502e-06,0.00010000102221965901
normal_gate,1.295,-4.252889815488381e-13,-8.112938743525628e-16,4.112359781996205e-16,-8.113283909451634e-16,3.451659260061274e-20,128,0,-1,4.2000412940979,4.0006385541942373e-14,4,2.3813090598752723e-14,-0.00010500103235244751,5.000010132788502e-06,0.00010000102221965901,4.2000412940979,1.889476173044143e-14,4,1.1246771404958122e-14,-0.00010500103235244751,5.000010132788502e-06,0.00010000102221965901
normal_gate,1.2975,-4.252910144279115e-13,-8.112938743525628e-16,4.0920733429094646e-16,-8.113283909451634e-16,3.451659260061274e-20,128,0,-1,4.2000412940979,4.0006385541942373e-14,4,2.3813090598752723e-14,-0.00010500103235244751,5.000010132788502e-06,0.00010000102221965901,4.2000412940979,1.889476173044143e-14,4,1.1246771404958122e-14,-0.00010500103235244751,5.000010132788502e-06,0.00010000102221965901
normal_gate,1.3,-4.252930473069849e-13,-8.112938743525628e-16,4.071786903822724e-16,-8.113283909451634e-16,3.451659260061274e-20,128,0,-1,4.2000412940979,4.0006385541942373e-14,4,2.3813090598752723e-14,-0.00010500103235244751,5.000010132788502e-06,0.00010000102221965901,4.2000412940979,1.889476173044143e-14,4,1.1246771404958122e-14,-0.00010500103235244751,5.000010132788502e-06,0.00010000102221965901
normal_gate,1.3025,-4.2529508018605833e-13,-8.112938743525628e-16,4.0515004647359836e-16,-8.113283909451634e-16,3.451659260061274e-20,128,0,-1,4.2000412940979,4.0006385541942373e-14,4,2.3813090598752723e-14,-0.00010500103235244751,5.000010132788502e-06,0.00010000102221965901,4.2000412940979,1.889476173044143e-14,4,1.1246771404958122e-14,-0.00010500103235244751,5.000010132788502e-06,0.00010000102221965901
normal_gate,1.305,-4.2529711306513174e-13,-8.112938743525628e-16,4.031214025649243e-16,-8.113283909451634e-16,3.451659260061274e-20,128,0,-1,4.2000412940979,4.0006385541942373e-14,4,2.3813090598752723e-14,-0.00010500103235244751,5.000010132788502e-06,0.00010000102221965901,4.2000412940979,1.889476173044143e-14,4,1.1246771404958122e-14,-0.00010500103235244751,5.000010132788502e-06,0.00010000102221965901
normal_gate,1.3075,-4.2529914594420515e-13,-8.112938743525628e-16,4.0109275865625026e-16,-8.113283909451634e-16,3.451659260061274e-20,128,0,-1,4.2000412940979,4.0006385541942373e-14,4,2.3813090598752723e-14,-0.00010500103235244751,5.000010132788502e-06,0.00010000102221965901,4.2000412940979,1.889476173044143e-14,4,1.1246771404958122e-14,-0.00010500103235244751,5.000010132788502e-06,0.00010000102221965901
normal_gate,1.31,-4.253012872434958e-13,-9.317117839033784e-16,3.989438360690661e-16,-9.317425947268348e-16,3.0810823456375175e-20,128,0,-1,4.2000412940978995,1.5562845954889858e-13,4,9.263507704531095e-14,-0.00010500103235244751,5.000010132788502e-06,0.00010000102221965901,4.2000412940978995,1.7443413534216905e-13,4,1.0382882162807083e-13,-0.00010500103235244751,5.000010132788502e-06,0.00010000102221965901
normal_gate,1.3125,-4.2530359117311234e-13,-9.317117839033784e-16,3.966144954641168e-16,-9.317425947268348e-16,3.0810823456375175e-20,128,0,-1,4.2000412940978995,1.5562845954889858e-13,4,9.263507704531095e-14,-0.00010500103235244751,5.000010132788502e-06,0.00010000102221965901,4.2000412940978995,1.7443413534216905e-13,4,1.0382882162807083e-13,-0.00010500103235244751,5.000010132788502e-06,0.00010000102221965901
normal_gate,1.315,-4.2530589510272887e-13,-9.317117839033784e-16,3.9428515485916745e-16,-9.317425947268348e-16,3.0810823456375175e-20,128,0,-1,4.2000412940978995,1.5562845954889858e-13,4,9.263507704531095e-14,-0.00010500103235244751,5.000010132788502e-06,0.00010000102221965901,4.2000412940978995,1.7443413534216905e-13,4,1.0382882162807083e-13,-0.00010500103235244751,5.000010132788502e-06,0.00010000102221965901
normal_gate,1.3175000000000001,-4.253081990323454e-13,-9.317117839033784e-16,3.9195581425421813e-16,-9.317425947268348e-16,3.0810823456375175e-20,128,0,-1,4.2000412940978995,1.5562845954889858e-13,4,9.263507704531095e-14,-0.00010500103235244751,5.000010132788502e-06,0.00010000102221965901,4.2000412940978995,1.7443413534216905e-13,4,1.0382882162807083e-13,-0.00010500103235244751,5.000010132788502e-06,0.00010000102221965901
normal_gate,1.32,-4.2531050296196193e-13,-9.317117839033784e-16,3.896264736492688e-16,-9.317425947268348e-16,3.0810823456375175e-20,128,0,-1,4.2000412940978995,1.5562845954889858e-13,4,9.263507704531095e-14,-0.00010500103235244751,5.000010132788502e-06,0.00010000102221965901,4.2000412940978995,1.7443413534216905e-13,4,1.0382882162807083e-13,-0.00010500103235244751,5.000010132788502e-06,0.00010000102221965901
normal_gate,1.3225,-4.2531280689157847e-13,-9.317117839033784e-16,3.8729713304431947e-16,-9.317425947268348e-16,3.0810823456375175e-20,128,0,-1,4.2000412940978995,1.5562845954889858e-13,4,9.263507704531095e-14,-0.00010500103235244751,5.000010132788502e-06,0.00010000102221965901,4.2000412940978995,1.7443413534216905e-13,4,1.0382882162807083e-13,-0.00010500103235244751,5.000010132788502e-06,0.00010000102221965901
normal_gate,1.325,-4.25315110821195e-13,-9.317117839033784e-16,3.8496779243937015e-16,-9.317425947268348e-16,3.0810823456375175e-20,128,0,-1,4.2000412940978995,1.5562845954889858e-13,4,9.263507704531095e-14,-0.00010500103235244751,5.000010132788502e-06,0.00010000102221965901,4.2000412940978995,1.7443413534216905e-13,4,1.0382882162807083e-13,-0.00010500103235244751,5.000010132788502e-06,0.00010000102221965901
normal_gate,1.3275000000000001,-4.2531741475081153e-13,-9.317117839033784e-16,3.826384518344208e-16,-9.317425947268348e-16,3.0810823456375175e-20,128,0,-1,4.2000412940978995,1.5562845954889858e-13,4,9.263507704531095e-14,-0.00010500103235244751,5.000010132788502e-06,0.00010000102221965901,4.2000412940978995,1.7443413534216905e-13,4,1.0382882162807083e-13,-0.00010500103235244751,5.000010132788502e-06,0.00010000102221965901
normal_gate,1.33,-4.2531971868042806e-13,-9.317117839033784e-16,3.803091112294715e-16,-9.317425947268348e-16,3.0810823456375175e-20,128,0,-1,4.2000412940978995,1.5562845954889858e-13,4,9.263507704531095e-14,-0.00010500103235244751,5.000010132788502e-06,0.00010000102221965901,4.2000412940978995,1.7443413534216905e-13,4,1.0382882162807083e-13,-0.00010500103235244751,5.000010132788502e-06,0.00010000102221965901
normal_gate,1.3325,-4.253220226100446e-13,-9.317117839033784e-16,3.7797977062452217e-16,-9.317425947268348e-16,3.0810823456375175e-20,128,0,-1,4.2000412940978995,1.5562845954889858e-13,4,9.263507704531095e-14,-0.00010500103235244751,5.000010132788502e-06,0.00010000102221965901,4.2000412940978995,1.7443413534216905e-13,4,1.0382882162807083e-13,-0.00010500103235244751,5.000010132788502e-06,0.00010000102221965901
normal_gate,1.335,-4.253243265396611e-13,-9.317117839033784e-16,3.7565043001957284e-16,-9.317425947268348e-16,3.0810823456375175e-20,128,0,-1,4.2000412940978995,1.5562845954889858e-13,4,9.263507704531095e-14,-0.00010500103235244751,5.000010132788502e-06,0.00010000102221965901,4.2000412940978995,1.7443413534216905e-13,4,1.0382882162807083e-13,-0.00010500103235244751,5.000010132788502e-06,0.00010000102221965901
normal_gate,1.3375000000000001,-4.2532663046927766e-13,-9.317117839033784e-16,3.733210894146235e-16,-9.317425947268348e-16,3.0810823456375175e-20,128,0,-1,4.2000412940978995,1.5562845954889858e-13,4,9.263507704531095e-14,-0.00010500103235244751,5.000010132788502e-06,0.00010000102221965901,4.2000412940978995,1.7443413534216905e-13,4,1.0382882162807083e-13,-0.00010500103235244751,5.000010132788502e-06,0.00010000102221965901
normal_gate,1.34,-4.253289343988942e-13,-9.317117839033784e-16,3.709917488096742e-16,-9.317425947268348e-16,3.0810823456375175e-20,128,0,-1,4.2000412940978995,1.5562845954889858e-13,4,9.263507704531095e-14,-0.00010500103235244751,5.000010132788502e-06,0.00010000102221965901,4.2000412940978995,1.7443413534216905e-13,4,1.0382882162807083e-13,-0.00010500103235244751,5.000010132788502e-06,0.00010000102221965901
normal_gate,1.3425,-4.253312383285107e-13,-9.317117839033784e-16,3.6866240820472487e-16,-9.317425947268348e-16,3.0810823456375175e-20,128,0,-1,4.2000412940978995,1.5562845954889858e-13,4,9.263507704531095e-14,-0.00010500103235244751,5.000010132788502e-06,0.00010000102221965901,4.2000412940978995,1.7443413534216905e-13,4,1.0382882162807083e-13,-0.00010500103235244751,5.000010132788502e-06,0.00010000102221965901
normal_gate,1.345,-4.2533354225812725e-13,-9.317117839033784e-16,3.6633306759977554e-16,-9.317425947268348e-16,3.0810823456375175e-20,128,0,-1,4.2000412940978995,1.5562845954889858e-13,4,9.263507704531095e-14,-0.00010500103235244751,5.000010132788502e-06,0.00010000102221965901,4.2000412940978995,1.7443413534216905e-13,4,1.0382882162807083e-13,-0.00010500103235244751,5.000010132788502e-06,0.00010000102221965901
normal_gate,1.3475,-4.253358461877438e-13,-9.317117839033784e-16,3.640037269948262e-16,-9.317425947268348e-16,3.0810823456375175e-20,128,0,-1,4.2000412940978995,1.5562845954889858e-13,4,9.263507704531095e-14,-0.00010500103235244751,5.000010132788502e-06,0.00010000102221965901,4.2000412940978995,1.7443413534216905e-13,4,1.0382882162807083e-13,-0.00010500103235244751,5.000010132788502e-06,0.00010000102221965901
normal_gate,1.35,-4.253381501173603e-13,-9.317117839033784e-16,3.616743863898769e-16,-9.317425947268348e-16,3.0810823456375175e-20,128,0,-1,4.2000412940978995,1.5562845954889858e-13,4,9.263507704531095e-14,-0.00010500103235244751,5.000010132788502e-06,0.00010000102221965901,4.2000412940978995,1.7443413534216905e-13,4,1.0382882162807083e-13,-0.00010500103235244751,5.000010132788502e-06,0.00010000102221965901
normal_gate,1.3525,-4.2534045404697685e-13,-9.317117839033784e-16,3.5934504578492756e-16,-9.317425947268348e-16,3.0810823456375175e-20,128,0,-1,4.2000412940978995,1.5562845954889858e-13,4,9.263507704531095e-14,-0.00010500103235244751,5.000010132788502e-06,0.00010000102221965901,4.2000412940978995,1.7443413534216905e-13,4,1.0382882162807083e-13,-0.00010500103235244751,5.000010132788502e-06,0.00010000102221965901
normal_gate,1.355,-4.253427579765934e-13,-9.317117839033784e-16,3.5701570517997824e-16,-9.317425947268348e-16,3.0810823456375175e-20,128,0,-1,4.2000412940978995,1.5562845954889858e-13,4,9.263507704531095e-14,-0.00010500103235244751,5.000010132788502e-06,0.00010000102221965901,4.2000412940978995,1.7443413534216905e-13,4,1.0382882162807083e-13,-0.00010500103235244751,5.000010132788502e-06,0.00010000102221965901
normal_gate,1.3575,-4.253450619062099e-13,-9.317117839033784e-16,3.546863645750289e-16,-9.317425947268348e-16,3.0810823456375175e-20,128,0,-1,4.2000412940978995,1.5562845954889858e-13,4,9.263507704531095e-14,-0.00010500103235244751,5.000010132788502e-06,0.00010000102221965901,4.2000412940978995,1.7443413534216905e-13,4,1.0382882162807083e-13,-0.00010500103235244751,5.000010132788502e-06,0.00010000102221965901
normal_gate,1.36,-4.2534736583582644e-13,-9.317117839033784e-16,3.523570239700796e-16,-9.317425947268348e-16,3.0810823456375175e-20,128,0,-1,4.2000412940978995,1.5562845954889858e-13,4,9.263507704531095e-14,-0.00010500103235244751,5.000010132788502e-06,0.00010000102221965901,4.2000412940978995,1.7443413534216905e-13,4,1.0382882162807083e-13,-0.00010500103235244751,5.000010132788502e-06,0.00010000102221965901
normal_gate,1.3625,-4.2534966976544297e-13,-9.317117839033784e-16,3.5002768336513026e-16,-9.317425947268348e-16,3.0810823456375175e-20,128,0,-1,4.2000412940978995,1.5562845954889858e-13,4,9.263507704531095e-14,-0.00010500103235244751,5.000010132788502e-06,0.00010000102221965901,4.2000412940978995,1.7443413534216905e-13,4,1.0382882162807083e-13,-0.00010500103235244751,5.000010132788502e-06,0.00010000102221965901
normal_gate,1.365,-4.253519736950595e-13,-9.317117839033784e-16,3.4769834276018093e-16,-9.317425947268348e-16,3.0810823456375175e-20,128,0,-1,4.2000412940978995,1.5562845954889858e-13,4,9.263507704531095e-14,-0.00010500103235244751,5.000010132788502e-06,0.00010000102221965901,4.2000412940978995,1.7443413534216905e-13,4,1.0382882162807083e-13,-0.00010500103235244751,5.000010132788502e-06,0.00010000102221965901
normal_gate,1.3675,-4.2535427762467604e-13,-9.317117839033784e-16,3.453690021552316e-16,-9.317425947268348e-16,3.0810823456375175e-20,128,0,-1,4.2000412940978995,1.5562845954889858e-13,4,9.263507704531095e-14,-0.00010500103235244751,5.000010132788502e-06,0.00010000102221965901,4.2000412940978995,1.7443413534216905e-13,4,1.0382882162807083e-13,-0.00010500103235244751,5.000010132788502e-06,0.00010000102221965901
normal_gate,1.37,-4.2535658155429257e-13,-9.317117839033784e-16,3.430396615502823e-16,-9.317425947268348e-16,3.0810823456375175e-20,128,0,-1,4.2000412940978995,1.5562845954889858e-13,4,9.263507704531095e-14,-0.00010500103235244751,5.000010132788502e-06,0.00010000102221965901,4.2000412940978995,1.7443413534216905e-13,4,1.0382882162807083e-13,-0.00010500103235244751,5.000010132788502e-06,0.00010000102221965901
normal_gate,1.3725,-4.253588854839091e-13,-9.317117839033784e-16,3.4071032094533295e-16,-9.317425947268348e-16,3.0810823456375175e-20,128,0,-1,4.2000412940978995,1.5562845954889858e-13,4,9.263507704531095e-14,-0.00010500103235244751,5.000010132788502e-06,0.00010000102221965901,4.2000412940978995,1.7443413534216905e-13,4,1.0382882162807083e-13,-0.00010500103235244751,5.000010132788502e-06,0.00010000102221965901
normal_gate,1.375,-4.2536118941352563e-13,-9.317117839033784e-16,3.3838098034038363e-16,-9.317425947268348e-16,3.0810823456375175e-20,128,0,-1,4.2000412940978995,1.5562845954889858e-13,4,9.263507704531095e-14,-0.00010500103235244751,5.000010132788502e-06,0.00010000102221965901,4.2000412940978995,1.7443413534216905e-13,4,1.0382882162807083e-13,-0.00010500103235244751,5.000010132788502e-06,0.00010000102221965901
normal_gate,1.3775,-4.2536349334314216e-13,-9.317117839033784e-16,3.360516397354343e-16,-9.317425947268348e-16,3.0810823456375175e-20,128,0,-1,4.2000412940978995,1.5562845954889858e-13,4,9.263507704531095e-14,-0.00010500103235244751,5.000010132788502e-06,0.00010000102221965901,4.2000412940978995,1.7443413534216905e-13,4,1.0382882162807083e-13,-0.00010500103235244751,5.000010132788502e-06,0.00010000102221965901
normal_gate,1.3800000000000001,-4.253657972727587e-13,-9.317117839033784e-16,3.33722299130485e-16,-9.317425947268348e-16,3.0810823456375175e-20,128,0,-1,4.2000412940978995,1.5562845954889858e-13,4,9.263507704531095e-14,-0.00010500103235244751,5.000010132788502e-06,0.00010000102221965901,4.2000412940978995,1.7443413534216905e-13,4,1.0382882162807083e-13,-0.00010500103235244751,5.000010132788502e-06,0.00010000102221965901
normal_gate,1.3825,-4.2536810120237523e-13,-9.317117839033784e-16,3.3139295852553565e-16,-9.317425947268348e-16,3.0810823456375175e-20,128,0,-1,4.2000412940978995,1.5562845954889858e-13,4,9.263507704531095e-14,-0.00010500103235244751,5.000010132788502e-06,0.00010000102221965901,4.2000412940978995,1.7443413534216905e-13,4,1.0382882162807083e-13,-0.00010500103235244751,5.000010132788502e-06,0.00010000102221965901
normal_gate,1.385,-4.2537040513199176e-13,-9.317117839033784e-16,3.2906361792058633e-16,-9.317425947268348e-16,3.0810823456375175e-20,128,0,-1,4.2000412940978995,1.5562845954889858e-13,4,9.263507704531095e-14,-0.00010500103235244751,5.000010132788502e-06,0.00010000102221965901,4.2000412940978995,1.7443413534216905e-13,4,1.0382882162807083e-13,-0.00010500103235244751,5.000010132788502e-06,0.00010000102221965901
normal_gate,1.3875,-4.253727090616083e-13,-9.317117839033784e-16,3.26734277315637e-16,-9.317425947268348e-16,3.0810823456375175e-20,128,0,-1,4.2000412940978995,1.5562845954889858e-13,4,9.263507704531095e-14,-0.00010500103235244751,5.000010132788502e-06,0.00010000102221965901,4.2000412940978995,1.7443413534216905e-13,4,1.0382882162807083e-13,-0.00010500103235244751,5.000010132788502e-06,0.00010000102221965901
normal_gate,1.3900000000000001,-4.253750129912248e-13,-9.317117839033784e-16,3.2440493671068767e-16,-9.317425947268348e-16,3.0810823456375175e-20,128,0,-1,4.2000412940978995,1.5562845954889858e-13,4,9.263507704531095e-14,-0.00010500103235244751,5.000010132788502e-06,0.00010000102221965901,4.2000412940978995,1.7443413534216905e-13,4,1.0382882162807083e-13,-0.00010500103235244751,5.000010132788502e-06,0.00010000102221965901
normal_gate,1.3925,-4.2537731692084135e-13,-9.317117839033784e-16,3.2207559610573835e-16,-9.317425947268348e-16,3.0810823456375175e-20,128,0,-1,4.2000412940978995,1.5562845954889858e-13,4,9.263507704531095e-14,-0.00010500103235244751,5.000010132788502e-06,0.00010000102221965901,4.2000412940978995,1.7443413534216905e-13,4,1.0382882162807083e-13,-0.00010500103235244751,5.000010132788502e-06,0.00010000102221965901
normal_gate,1.395,-4.253796208504579e-13,-9.317117839033784e-16,3.19746255500789e-16,-9.317425947268348e-16,3.0810823456375175e-20,128,0,-1,4.2000412940978995,1.5562845954889858e-13,4,9.263507704531095e-14,-0.00010500103235244751,5.000010132788502e-06,0.00010000102221965901,4.2000412940978995,1.7443413534216905e-13,4,1.0382882162807083e-13,-0.00010500103235244751,5.000010132788502e-06,0.00010000102221965901
normal_gate,1.3975,-4.253819247800744e-13,-9.317117839033784e-16,3.174169148958397e-16,-9.317425947268348e-16,3.0810823456375175e-20,128,0,-1,4.2000412940978995,1.5562845954889858e-13,4,9.263507704531095e-14,-0.00010500103235244751,5.000010132788502e-06,0.00010000102221965901,4.2000412940978995,1.7443413534216905e-13,4,1.0382882162807083e-13,-0.00010500103235244751,5.000010132788502e-06,0.00010000102221965901
normal_gate,1.4000000000000001,-4.2538422870969095e-13,-9.317117839033784e-16,3.1508757429089037e-16,-9.317425947268348e-16,3.0810823456375175e-20,128,0,-1,4.2000412940978995,1.5562845954889858e-13,4,9.263507704531095e-14,-0.00010500103235244751,5.000010132788502e-06,0.00010000102221965901,4.2000412940978995,1.7443413534216905e-13,4,1.0382882162807083e-13,-0.00010500103235244751,5.000010132788502e-06,0.00010000102221965901
normal_gate,1.4025,-4.253865326393075e-13,-9.317117839033784e-16,3.1275823368594104e-16,-9.317425947268348e-16,3.0810823456375175e-20,128,0,-1,4.2000412940978995,1.5562845954889858e-13,4,9.263507704531095e-14,-0.00010500103235244751,5.000010132788502e-06,0.00010000102221965901,4.2000412940978995,1.7443413534216905e-13,4,1.0382882162807083e-13,-0.00010500103235244751,5.000010132788502e-06,0.00010000102221965901
normal_gate,1.405,-4.25388836568924e-13,-9.317117839033784e-16,3.104288930809917e-16,-9.317425947268348e-16,3.0810823456375175e-20,128,0,-1,4.2000412940978995,1.5562845954889858e-13,4,9.263507704531095e-14,-0.00010500103235244751,5.000010132788502e-06,0.00010000102221965901,4.2000412940978995,1.7443413534216905e-13,4,1.0382882162807083e-13,-0.00010500103235244751,5.000010132788502e-06,0.00010000102221965901
normal_gate,1.4075,-4.2539114049854054e-13,-9.317117839033784e-16,3.080995524760424e-16,-9.317425947268348e-16,3.0810823456375175e-20,128,0,-1,4.2000412940978995,1.5562845954889858e-13,4,9.263507704531095e-14,-0.00010500103235244751,5.000010132788502e-06,0.00010000102221965901,4.2000412940978995,1.7443413534216905e-13,4,1.0382882162807083e-13,-0.00010500103235244751,5.000010132788502e-06,0.00010000102221965901
normal_gate,1.41,-4.253934444281571e-13,-9.317117839033784e-16,3.0577021187109307e-16,-9.317425947268348e-16,3.0810823456375175e-20,128,0,-1,4.2000412940978995,1.5562845954889858e-13,4,9.263507704531095e-14,-0.00010500103235244751,5.000010132788502e-06,0.00010000102221965901,4.2000412940978995,1.7443413534216905e-13,4,1.0382882162807083e-13,-0.00010500103235244751,5.000010132788502e-06,0.00010000102221965901
normal_gate,1.4125,-4.253957483577736e-13,-9.317117839033784e-16,3.0344087126614374e-16,-9.317425947268348e-16,3.0810823456375175e-20,128,0,-1,4.2000412940978995,1.5562845954889858e-13,4,9.263507704531095e-14,-0.00010500103235244751,5.000010132788502e-06,0.00010000102221965901,4.2000412940978995,1.7443413534216905e-13,4,1.0382882162807083e-13,-0.00010500103235244751,5.000010132788502e-06,0.00010000102221965901
normal_gate,1.415,-4.2539805228739014e-13,-9.317117839033784e-16,3.011115306611944e-16,-9.317425947268348e-16,3.0810823456375175e-20,128,0,-1,4.2000412940978995,1.5562845954889858e-13,4,9.263507704531095e-14,-0.00010500103235244751,5.000010132788502e-06,0.00010000102221965901,4.2000412940978995,1.7443413534216905e-13,4,1.0382882162807083e-13,-0.00010500103235244751,5.000010132788502e-06,0.00010000102221965901
normal_gate,1.4175,-4.2540035621700667e-13,-9.317117839033784e-16,2.987821900562451e-16,-9.317425947268348e-16,3.0810823456375175e-20,128,0,-1,4.2000412940978995,1.5562845954889858e-13,4,9.263507704531095e-14,-0.00010500103235244751,5.000010132788502e-06,0.00010000102221965901,4.2000412940978995,1.7443413534216905e-13,4,1.0382882162807083e-13,-0.00010500103235244751,5.000010132788502e-06,0.00010000102221965901
normal_gate,1.42,-4.254026601466232e-13,-9.317117839033784e-16,2.9645284945129576e-16,-9.317425947268348e-16,3.0810823456375175e-20,128,0,-1,4.2000412940978995,1.5562845954889858e-13,4,9.263507704531095e-14,-0.00010500103235244751,5.000010132788502e-06,0.00010000102221965901,4.2000412940978995,1.7443413534216905e-13,4,1.0382882162807083e-13,-0.00010500103235244751,5.000010132788502e-06,0.00010000102221965901
normal_gate,1.4225,-4.2540496407623973e-13,-9.317117839033784e-16,2.9412350884634644e-16,-9.317425947268348e-16,3.0810823456375175e-20,128,0,-1,4.2000412940978995,1.5562845954889858e-13,4,9.263507704531095e-14,-0.00010500103235244751,5.000010132788502e-06,0.00010000102221965901,4.2000412940978995,1.7443413534216905e-13,4,1.0382882162807083e-13,-0.00010500103235244751,5.000010132788502e-06,0.00010000102221965901
normal_gate,1.425,-4.2540726800585626e-13,-9.317117839033784e-16,2.917941682413971e-16,-9.317425947268348e-16,3.0810823456375175e-20,128,0,-1,4.2000412940978995,1.5562845954889858e-13,4,9.263507704531095e-14,-0.00010500103235244751,5.000010132788502e-06,0.00010000102221965901,4.2000412940978995,1.7443413534216905e-13,4,1.0382882162807083e-13,-0.00010500103235244751,5.000010132788502e-06,0.00010000102221965901
normal_gate,1.4275,-4.254095719354728e-13,-9.317117839033784e-16,2.894648276364478e-16,-9.317425947268348e-16,3.0810823456375175e-20,128,0,-1,4.2000412940978995,1.5562845954889858e-13,4,9.263507704531095e-14,-0.00010500103235244751,5.000010132788502e-06,0.00010000102221965901,4.2000412940978995,1.7443413534216905e-13,4,1.0382882162807083e-13,-0.00010500103235244751,5.000010132788502e-06,0.00010000102221965901
normal_gate,1.43,-4.2541187586508933e-13,-9.317117839033784e-16,2.8713548703149846e-16,-9.317425947268348e-16,3.0810823456375175e-20,128,0,-1,4.2000412940978995,1.5562845954889858e-13,4,9.263507704531095e-14,-0.00010500103235244751,5.000010132788502e-06,0.00010000102221965901,4.2000412940978995,1.7443413534216905e-13,4,1.0382882162807083e-13,-0.00010500103235244751,5.000010132788502e-06,0.00010000102221965901
normal_gate,1.4325,-4.2541417979470586e-13,-9.317117839033784e-16,2.8480614642654913e-16,-9.317425947268348e-16,3.0810823456375175e-20,128,0,-1,4.2000412940978995,1.5562845954889858e-13,4,9.263507704531095e-14,-0.00010500103235244751,5.000010132788502e-06,0.00010000102221965901,4.2000412940978995,1.7443413534216905e-13,4,1.0382882162807083e-13,-0.00010500103235244751,5.000010132788502e-06,0.00010000102221965901
normal_gate,1.435,-4.254164837243224e-13,-9.317117839033784e-16,2.824768058215998e-16,-9.317425947268348e-16,3.0810823456375175e-20,128,0,-1,4.2000412940978995,1.5562845954889858e-13,4,9.263507704531095e-14,-0.00010500103235244751,5.000010132788502e-06,0.00010000102221965901,4.2000412940978995,1.7443413534216905e-13,4,1.0382882162807083e-13,-0.00010500103235244751,5.000010132788502e-06,0.00010000102221965901
normal_gate,1.4375,-4.254187876539389e-13,-9.317117839033784e-16,2.801474652166505e-16,-9.317425947268348e-16,3.0810823456375175e-20,128,0,-1,4.2000412940978995,1.5562845954889858e-13,4,9.263507704531095e-14,-0.00010500103235244751,5.000010132788502e-06,0.00010000102221965901,4.2000412940978995,1.7443413534216905e-13,4,1.0382882162807083e-13,-0.00010500103235244751,5.000010132788502e-06,0.00010000102221965901
normal_gate,1.44,-4.2542109158355546e-13,-9.317117839033784e-16,2.7781812461170115e-16,-9.317425947268348e-16,3.0810823456375175e-20,128,0,-1,4.2000412940978995,1.5562845954889858e-13,4,9.263507704531095e-14,-0.00010500103235244751,5.000010132788502e-06,0.00010000102221965901,4.2000412940978995,1.7443413534216905e-13,4,1.0382882162807083e-13,-0.00010500103235244751,5.000010132788502e-06,0.00010000102221965901
normal_gate,1.4425000000000001,-4.25423395513172e-13,-9.317117839033784e-16,2.7548878400675183e-16,-9.317425947268348e-16,3.0810823456375175e-20,128,0,-1,4.2000412940978995,1.5562845954889858e-13,4,9.263507704531095e-14,-0.00010500103235244751,5.000010132788502e-06,0.00010000102221965901,4.2000412940978995,1.7443413534216905e-13,4,1.0382882162807083e-13,-0.00010500103235244751,5.000010132788502e-06,0.00010000102221965901
normal_gate,1.445,-4.254256994427885e-13,-9.317117839033784e-16,2.731594434018025e-16,-9.317425947268348e-16,3.0810823456375175e-20,128,0,-1,4.2000412940978995,1.5562845954889858e-13,4,9.263507704531095e-14,-0.00010500103235244751,5.000010132788502e-06,0.00010000102221965901,4.2000412940978995,1.7443413534216905e-13,4,1.0382882162807083e-13,-0.00010500103235244751,5.000010132788502e-06,0.00010000102221965901
normal_gate,1.4475,-4.2542800337240505e-13,-9.317117839033784e-16,2.708301027968532e-16,-9.317425947268348e-16,3.0810823456375175e-20,128,0,-1,4.2000412940978995,1.5562845954889858e-13,4,9.263507704531095e-14,-0.00010500103235244751,5.000010132788502e-06,0.00010000102221965901,4.2000412940978995,1.7443413534216905e-13,4,1.0382882162807083e-13,-0.00010500103235244751,5.000010132788502e-06,0.00010000102221965901
normal_gate,1.45,-4.254303073020216e-13,-9.317117839033784e-16,2.6850076219190385e-16,-9.317425947268348e-16,3.0810823456375175e-20,128,0,-1,4.2000412940978995,1.5562845954889858e-13,4,9.263507704531095e-14,-0.00010500103235244751,5.000010132788502e-06,0.00010000102221965901,4.2000412940978995,1.7443413534216905e-13,4,1.0382882162807083e-13,-0.00010500103235244751,5.000010132788502e-06,0.00010000102221965901
normal_gate,1.4525000000000001,-4.254326112316381e-13,-9.317117839033784e-16,2.6617142158695452e-16,-9.317425947268348e-16,3.0810823456375175e-20,128,0,-1,4.2000412940978995,1.5562845954889858e-13,4,9.263507704531095e-14,-0.00010500103235244751,5.000010132788502e-06,0.00010000102221965901,4.2000412940978995,1.7443413534216905e-13,4,1.0382882162807083e-13,-0.00010500103235244751,5.000010132788502e-06,0.00010000102221965901
normal_gate,1.455,-4.2543491516125465e-13,-9.317117839033784e-16,2.638420809820052e-16,-9.317425947268348e-16,3.0810823456375175e-20,128,0,-1,4.2000412940978995,1.5562845954889858e-13,4,9.263507704531095e-14,-0.00010500103235244751,5.000010132788502e-06,0.00010000102221965901,4.2000412940978995,1.7443413534216905e-13,4,1.0382882162807083e-13,-0.00010500103235244751,5.000010132788502e-06,0.00010000102221965901
normal_gate,1.4575,-4.254372190908712e-13,-9.317117839033784e-16,2.6151274037705587e-16,-9.317425947268348e-16,3.0810823456375175e-20,128,0,-1,4.2000412940978995,1.5562845954889858e-13,4,9.263507704531095e-14,-0.00010500103235244751,5.000010132788502e-06,0.00010000102221965901,4.2000412940978995,1.7443413534216905e-13,4,1.0382882162807083e-13,-0.00010500103235244751,5.000010132788502e-06,0.00010000102221965901
normal_gate,1.46,-4.254395230204877e-13,-9.317117839033784e-16,2.5918339977210655e-16,-9.317425947268348e-16,3.0810823456375175e-20,128,0,-1,4.2000412940978995,1.5562845954889858e-13,4,9.263507704531095e-14,-0.00010500103235244751,5.000010132788502e-06,0.00010000102221965901,4.2000412940978995,1.7443413534216905e-13,4,1.0382882162807083e-13,-0.00010500103235244751,5.000010132788502e-06,0.00010000102221965901
normal_gate,1.4625000000000001,-4.2544182695010424e-13,-9.317117839033784e-16,2.568540591671572e-16,-9.317425947268348e-16,3.0810823456375175e-20,128,0,-1,4.2000412940978995,1.5562845954889858e-13,4,9.263507704531095e-14,-0.00010500103235244751,5.000010132788502e-06,0.00010000102221965901,4.2000412940978995,1.7443413534216905e-13,4,1.0382882162807083e-13,-0.00010500103235244751,5.000010132788502e-06,0.00010000102221965901
normal_gate,1.465,-4.2544413087972077e-13,-9.317117839033784e-16,2.545247185622079e-16,-9.317425947268348e-16,3.0810823456375175e-20,128,0,-1,4.2000412940978995,1.5562845954889858e-13,4,9.263507704531095e-14,-0.00010500103235244751,5.000010132788502e-06,0.00010000102221965901,4.2000412940978995,1.7443413534216905e-13,4,1.0382882162807083e-13,-0.00010500103235244751,5.000010132788502e-06,0.00010000102221965901
normal_gate,1.4675,-4.254464348093373e-13,-9.317117839033784e-16,2.5219537795725857e-16,-9.317425947268348e-16,3.0810823456375175e-20,128,0,-1,4.2000412940978995,1.5562845954889858e-13,4,9.263507704531095e-14,-0.00010500103235244751,5.000010132788502e-06,0.00010000102221965901,4.2000412940978995,1.7443413534216905e-13,4,1.0382882162807083e-13,-0.00010500103235244751,5.000010132788502e-06,0.00010000102221965901
normal_gate,1.47,-4.2544873873895384e-13,-9.317117839033784e-16,2.4986603735230924e-16,-9.317425947268348e-16,3.0810823456375175e-20,128,0,-1,4.2000412940978995,1.5562845954889858e-13,4,9.263507704531095e-14,-0.00010500103235244751,5.000010132788502e-06,0.00010000102221965901,4.2000412940978995,1.7443413534216905e-13,4,1.0382882162807083e-13,-0.00010500103235244751,5.000010132788502e-06,0.00010000102221965901
normal_gate,1.4725,-4.2545104266857037e-13,-9.317117839033784e-16,2.475366967473599e-16,-9.317425947268348e-16,3.0810823456375175e-20,128,0,-1,4.2000412940978995,1.5562845954889858e-13,4,9.263507704531095e-14,-0.00010500103235244751,5.000010132788502e-06,0.00010000102221965901,4.2000412940978995,1.7443413534216905e-13,4,1.0382882162807083e-13,-0.00010500103235244751,5.000010132788502e-06,0.00010000102221965901
normal_gate,1.475,-4.254533465981869e-13,-9.317117839033784e-16,2.452073561424106e-16,-9.317425947268348e-16,3.0810823456375175e-20,128,0,-1,4.2000412940978995,1.5562845954889858e-13,4,9.263507704531095e-14,-0.00010500103235244751,5.000010132788502e-06,0.00010000102221965901,4.2000412940978995,1.7443413534216905e-13,4,1.0382882162807083e-13,-0.00010500103235244751,5.000010132788502e-06,0.00010000102221965901
normal_gate,1.4775,-4.2545565052780343e-13,-9.317117839033784e-16,2.4287801553746127e-16,-9.317425947268348e-16,3.0810823456375175e-20,128,0,-1,4.2000412940978995,1.5562845954889858e-13,4,9.263507704531095e-14,-0.00010500103235244751,5.000010132788502e-06,0.00010000102221965901,4.2000412940978995,1.7443413534216905e-13,4,1.0382882162807083e-13,-0.00010500103235244751,5.000010132788502e-06,0.00010000102221965901
normal_gate,1.48,-4.2545795445741996e-13,-9.317117839033784e-16,2.4054867493251194e-16,-9.317425947268348e-16,3.0810823456375175e-20,128,0,-1,4.2000412940978995,1.5562845954889858e-13,4,9.263507704531095e-14,-0.00010500103235244751,5.000010132788502e-06,0.00010000102221965901,4.2000412940978995,1.7443413534216905e-13,4,1.0382882162807083e-13,-0.00010500103235244751,5.000010132788502e-06,0.00010000102221965901
normal_gate,1.4825,-4.254602583870365e-13,-9.317117839033784e-16,2.382193343275626e-16,-9.317425947268348e-16,3.0810823456375175e-20,128,0,-1,4.2000412940978995,1.5562845954889858e-13,4,9.263507704531095e-14,-0.00010500103235244751,5.000010132788502e-06,0.00010000102221965901,4.2000412940978995,1.7443413534216905e-13,4,1.0382882162807083e-13,-0.00010500103235244751,5.000010132788502e-06,0.00010000102221965901
normal_gate,1.485,-4.2546256231665303e-13,-9.317117839033784e-16,2.358899937226133e-16,-9.317425947268348e-16,3.0810823456375175e-20,128,0,-1,4.2000412940978995,1.5562845954889858e-13,4,9.263507704531095e-14,-0.00010500103235244751,5.000010132788502e-06,0.00010000102221965901,4.2000412940978995,1.7443413534216905e-13,4,1.0382882162807083e-13,-0.00010500103235244751,5.000010132788502e-06,0.00010000102221965901
normal_gate,1.4875,-4.2546486624626956e-13,-9.317117839033784e-16,2.3356065311766396e-16,-9.317425947268348e-16,3.0810823456375175e-20,128,0,-1,4.2000412940978995,1.5562845954889858e-13,4,9.263507704531095e-14,-0.00010500103235244751,5.000010132788502e-06,0.00010000102221965901,4.2000412940978995,1.7443413534216905e-13,4,1.0382882162807083e-13,-0.00010500103235244751,5.000010132788502e-06,0.00010000102221965901
normal_gate,1.49,-4.254671701758861e-13,-9.317117839033784e-16,2.3123131251271464e-16,-9.317425947268348e-16,3.0810823456375175e-20,128,0,-1,4.2000412940978995,1.5562845954889858e-13,4,9.263507704531095e-14,-0.00010500103235244751,5.000010132788502e-06,0.00010000102221965901,4.2000412940978995,1.7443413534216905e-13,4,1.0382882162807083e-13,-0.00010500103235244751,5.000010132788502e-06,0.00010000102221965901
normal_gate,1.4925,-4.254694741055026e-13,-9.317117839033784e-16,2.289019719077653e-16,-9.317425947268348e-16,3.0810823456375175e-20,128,0,-1,4.2000412940978995,1.5562845954889858e-13,4,9.263507704531095e-14,-0.00010500103235244751,5.000010132788502e-06,0.00010000102221965901,4.2000412940978995,1.7443413534216905e-13,4,1.0382882162807083e-13,-0.00010500103235244751,5.000010132788502e-06,0.00010000102221965901
normal_gate,1.495,-4.2547177803511915e-13,-9.317117839033784e-16,2.26572631302816e-16,-9.317425947268348e-16,3.0810823456375175e-20,128,0,-1,4.2000412940978995,1.5562845954889858e-13,4,9.263507704531095e-14,-0.00010500103235244751,5.000010132788502e-06,0.00010000102221965901,4.2000412940978995,1.7443413534216905e-13,4,1.0382882162807083e-13,-0.00010500103235244751,5.000010132788502e-06,0.00010000102221965901
normal_gate,1.4975,-4.254740819647357e-13,-9.317117839033784e-16,2.2424329069786666e-16,-9.317425947268348e-16,3.0810823456375175e-20,128,0,-1,4.2000412940978995,1.5562845954889858e-13,4,9.263507704531095e-14,-0.00010500103235244751,5.000010132788502e-06,0.00010000102221965901,4.2000412940978995,1.7443413534216905e-13,4,1.0382882162807083e-13,-0.00010500103235244751,5.000010132788502e-06,0.00010000102221965901
normal_gate,1.5,-4.254763858943522e-13,-9.317117839033784e-16,2.2191395009291733e-16,-9.317425947268348e-16,3.0810823456375175e-20,128,0,-1,4.2000412940978995,1.5562845954889858e-13,4,9.263507704531095e-14,-0.00010500103235244751,5.000010132788502e-06,0.00010000102221965901,4.2000412940978995,1.7443413534216905e-13,4,1.0382882162807083e-13,-0.00010500103235244751,5.000010132788502e-06,0.00010000102221965901
lift,1.5025,2.4880579374553236e-08,4.245733725838363e-05,2.8895195569589305e-08,4.406797233968973e-05,-1.6106350813060999e-06,128,0,-1,4.199969033957778,0.49286691601124505,4,0.2933753273097345,-0.00010500103235244751,5.000010132788502e-06,0.00010000102221965901,4.199964542626081,0.4928659447237396,4,0.29337506288539333,-0.00010499730706214905,5.000010132788502e-06,9.999729692936055e-05
lift,1.5050000000000001,4.36821494531614e-07,0.00027059728745371103,4.4488081130111823e-07,0.00027222014614380896,-1.622858690097928e-06,128,0,-1,4.19993468820744,0.49669751548171887,4,0.2956578806310632,-0.00010499730706214905,4.998147487639271e-06,9.999915957450978e-05,4.199998878570899,0.4965154583806095,4,0.29554499461530515,-0.00010500103235244751,5.0018727779377326e-06,9.999915957450978e-05
lift,1.5075,1.6897980685826042e-06,0.000678599055390805,1.70193197845947e-06,0.0006802335847169161,-1.6345293261110783e-06,128,0,-1,4.199883469002423,0.5002585913710895,4,0.29778123313616206,-0.00010499730706214905,5.000010132788502e-06,9.999729692936055e-05,4.199901086089961,0.5000767463650799,4,0.29767174042582223,-0.00010499730706214905,5.000010132788502e-06,9.999729692936055e-05
lift,1.51,4.226508735882817e-06,0.0012617635075002909,4.242745944793569e-06,0.00126340938732028,-1.6458798199892044e-06,128,0,-1,4.199881444296986,0.5037219764018781,4,0.2998429735950532,-0.00010499730706214905,5.000010132788502e-06,9.999729692936055e-05,4.1999031107305935,0.5035402375235803,4,0.2997332463676686,-0.00010499730706214905,5.000010132788502e-06,9.999729692936055e-05
lift,1.5125,8.47722367325332e-06,0.0020149413030594587,8.497592716594227e-06,0.0020165983587503433,-1.6570556908845901e-06,128,0,-1,4.199893524589083,0.5070787523595847,4,0.30184024272924703,-0.00010499730706214905,5.000010132788502e-06,9.999729692936055e-05,4.1998910203545545,0.5070787683459981,4,0.301840432221019,-0.00010499730706214905,5.000010132788502e-06,9.999729692936055e-05
lift,1.5150000000000001,1.485869779571658e-05,0.0029325573705136776,1.4883225048833992e-05,0.0029342249035835266,-1.6675330698490143e-06,128,0,-1,4.199892288137064,0.5103208804322588,4,0.30377021922306285,-0.00010499730706214905,5.000010132788502e-06,9.999729692936055e-05,4.199892256685814,0.510320912774658,4,0.30377024074979386,-0.00010499730706214905,5.000010132788502e-06,9.999729692936055e-05
lift,1.5175,2.377313830947969e-05,0.004008635878562927,2.3801851057214662e-05,0.004010314121842384,-1.6782432794570923e-06,128,0,-1,4.1998922725444086,0.5134405514272746,4,0.3056272150024805,-0.00010499730706214905,5.000010132788502e-06,9.999729692936055e-05,4.199892272148044,0.5134405837717975,4,0.30562723428451005,-0.00010499730706214905,5.000010132788502e-06,9.999729692936055e-05
lift,1.52,3.5607248719315976e-05,0.005236826371401548,3.564016515156254e-05,0.005238514393568039,-1.6880221664905548e-06,128,0,-1,4.199906665026811,0.5164301700020031,4,0.30740574207421484,-0.00010499730706214905,5.000010132788502e-06,9.999729692936055e-05,4.199877879554939,0.5164302717019027,4,0.30740790953463915,-0.00010499730706214905,5.000010132788502e-06,9.999729692936055e-05
lift,1.5225,5.073133434052579e-05,0.006610432174056768,5.0768481742125005e-05,0.006612129509449005,-1.6973353922367096e-06,128,0,-1,4.199914779443394,0.5192833340889415,4,0.30910349457004993,-0.00010499730706214905,5.000010132788502e-06,9.999729692936055e-05,4.200018776630302,0.5192834867786629,4,0.309095931706338,-0.00010500103235244751,5.000010132788502e-06,0.00010000102221965901
lift,1.5250000000000001,6.949845555936918e-05,0.00812243390828371,6.95398630341515e-05,0.008124139159917831,-1.7052516341209412e-06,128,0,-1,4.199916737644879,0.5219936318368452,4,0.3107166549029941,-0.00010499730706214905,4.998147487639271e-06,9.999915957450978e-05,4.2000168183218065,0.5219938329657494,4,0.31070937066766413,-0.00010500103235244751,5.0018727779377326e-06,9.999915957450978e-05
lift,1.5275,9.224370296578854e-05,0.009765519760549068,9.2289388703648e-05,0.009767234325408936,-1.714564859867096e-06,128,0,-1,4.199985895197788,0.5245555031582458,4,0.3122364671260064,-0.00010500103235244751,5.000010132788502e-06,0.00010000102221965901,4.1999476606752,0.5245556764116053,4,0.3122394127212026,-0.00010499730706214905,5.000010132788502e-06,9.999729692936055e-05
lift,1.53,0.00011928347521461546,0.011532117612659931,0.0001193334610434249,0.011533839628100395,-1.7220154404640198e-06,128,0,-1,4.199887433570839,0.526964028396796,4,0.3136774715583028,-0.00010499730706214905,5.000010132788502e-06,9.999729692936055e-05,4.199897110587661,0.5269641974917252,4,0.3136768494657188,-0.00010499730706214905,5.000010132788502e-06,9.999729692936055e-05
lift,1.5325,0.0001509148714831099,0.01341441459953785,0.00015096916467882693,0.013416143134236336,-1.7285346984863281e-06,128,0,-1,4.199949915466817,0.529032995015019,4,0.31490434747018753,-0.00010499730706214905,5.000010132788502e-06,9.999729692936055e-05,4.199983661117052,0.5290337101563096,4,0.31490224298611,-0.00010500103235244751,5.000010132788502e-06,0.00010000102221965901
lift,1.5350000000000001,0.0001874151494121179,0.01540438923984766,0.00018747374997474253,0.015406125225126743,-1.735985279083252e-06,128,0,-1,4.199966576392683,0.5311215135368846,4,0.3161462739502683,-0.00010499730706214905,5.000010132788502e-06,9.999729692936055e-05,4.199967000191178,0.5311220985196647,4,0.3161465902562381,-0.00010500103235244751,5.000010132788502e-06,0.00010000102221965901
lift,1.5375,0.00022904125216882676,0.017493847757577896,0.0002291042183060199,0.017495589330792427,-1.7415732145309448e-06,128,0,-1,4.19997756482752,0.5330450621864083,4,0.3172904223646125,-0.00010500103235244751,5.000010132788502e-06,0.00010000102221965901,4.199956011756341,0.5330453528944276,4,0.3172922236580272,-0.00010499730706214905,5.000010132788502e-06,9.999729692936055e-05
lift,1.54,0.00027602940099313855,0.01967443712055683,0.000276096718152985,0.01967618614435196,-1.7490237951278687e-06,128,0,-1,4.199993940489013,0.5348000715016953,4,0.31833383516705,-0.00010500103235244751,5.000010132788502e-06,0.00010000102221965901,4.199939636094847,0.534800851965697,4,0.3183384157295658,-0.00010499730706214905,5.000010132788502e-06,9.999729692936055e-05
lift,1.5425,0.00032859473139978945,0.021937696263194084,0.0003286664141342044,0.02193944901227951,-1.7527490854263306e-06,128,0,-1,4.199890377815562,0.5363850723850245,4,0.3192851623094077,-0.00010499730706214905,5.000010132788502e-06,9.999729692936055e-05,4.19989418715636,0.5363860481914654,4,0.31928545356677096,-0.00010499730706214905,5.000010132788502e-06,9.999729692936055e-05
lift,1.545,0.0003869310312438756,0.024275057017803192,0.00038700713776052,0.024276813492178917,-1.7564743757247925e-06,128,0,-1,4.19990294793541,0.5377981859293531,4,0.32012536515499973,-0.00010499730706214905,5.000010132788502e-06,9.999729692936055e-05,4.199881617036512,0.5377991617376562,4,0.320127571903523,-0.00010499730706214905,5.000010132788502e-06,9.999729692936055e-05
lift,1.5475,0.00045121071161702275,0.026677889749407768,0.0004512911837082356,0.02667965181171894,-1.7620623111724854e-06,128,0,-1,4.199923480577022,0.5390388184737838,4,0.32086228532890193,-0.00010499730706214905,5.0018727779377326e-06,9.999543428421132e-05,4.200010096006839,0.5390394040659064,4,0.3208560168571966,-0.00010500103235244751,4.998147487639271e-06,0.00010000288486480824
lift,1.55,0.0005215844139456749,0.029137538745999336,0.0005216693389229476,0.029139304533600807,-1.7657876014709473e-06,128,0,-1,4.200010621757311,0.5401058079699609,4,0.3214907393162598,-0.00010500103235244751,5.000010132788502e-06,0.00010000102221965901,4.19992295482655,0.5401061481285557,4,0.3214976524199485,-0.00010499730706214905,5.000010132788502e-06,9.999729692936055e-05
lift,1.5525,0.0005981811555102468,0.03164532780647278,0.0005982705042697489,0.03164709359407425,-1.7657876014709473e-06,128,0,-1,4.1999229614292695,0.5409989134673778,4,0.3220290696018334,-0.00010499730706214905,5.0018727779377326e-06,9.999543428421132e-05,4.200010615154592,0.5409996938714897,4,0.3220228134182804,-0.00010500103235244751,4.998147487639271e-06,0.00010000288486480824
lift,1.555,0.0006811083294451237,0.03419259563088417,0.0006812021019868553,0.03419436514377594,-1.7695128917694092e-06,128,0,-1,4.200010615237489,0.5417197706580745,4,0.32245142946349614,-0.00010500103235244751,5.000010132788502e-06,0.00010000102221965901,4.199922961346371,0.5417206456663385,4,0.32245867998771505,-0.00010499730706214905,5.000010132788502e-06,9.999729692936055e-05
lift,1.5575,0.0007704517338424921,0.036770738661289215,0.0007705499301664531,0.03677251189947128,-1.773238182067871e-06,128,0,-1,4.199922961347201,0.5422684524728562,4,0.32278476144888246,-0.00010499730706214905,5.0018727779377326e-06,9.999543428421132e-05,4.2000106152366605,0.5422692330771111,4,0.322778489600648,-0.00010500103235244751,4.998147487639271e-06,0.00010000288486480824
lift,1.56,0.0008662756881676614,0.03937121108174324,0.0008663783082738519,0.03937298431992531,-1.773238182067871e-06,128,0,-1,4.200040369411843,0.5426471629992903,4,0.3230011590789069,-0.00010500103235244751,5.000010132788502e-06,0.00010000102221965901,4.200042218783958,0.5426475537357862,4,0.3230012494332137,-0.00010500103235244751,5.000010132788502e-06,0.00010000102221965901
lift,1.5625,0.0009686233242973685,0.041985563933849335,0.0009687303681857884,0.0419873371720314,-1.773238182067871e-06,128,0,-1,4.20001152831014,0.5428576716975673,4,0.3231286795514965,-0.00010500103235244751,5.000010132788502e-06,0.00010000102221965901,4.199922048273721,0.5428580116059424,4,0.32313576619182216,-0.00010499730706214905,5.000010132788502e-06,9.999729692936055e-05
lift,1.565,0.0010775167029350996,0.04460546746850014,0.0010776282288134098,0.044607240706682205,-1.773238182067871e-06,128,0,-1,4.199879511094281,0.5429025689517162,4,0.3231655619629089,-0.00010499730706214905,5.000010132788502e-06,9.999729692936055e-05,4.199905053877641,0.5429031544222223,4,0.3231639450521487,-0.00010499730706214905,5.000010132788502e-06,9.999729692936055e-05
lift,1.5675000000000001,0.0011929575121030211,0.04722273722290993,0.0011930735781788826,0.047224510461091995,-1.773238182067871e-06,128,0,-1,4.199925020201645,0.5427849489151583,4,0.3230920470629606,-0.00010499730706214905,5.0018727779377326e-06,9.999543428421132e-05,4.200008556382215,0.5427859242736623,4,0.32308620148455414,-0.00010500103235244751,4.998147487639271e-06,0.00010000288486480824
lift,1.57,0.0013149272417649627,0.04982934892177582,0.0013150477316230536,0.049831122159957886,-1.773238182067871e-06,128,0,-1,4.200010641092955,0.5425087038496966,4,0.3229210293789406,-0.00010500103235244751,5.000010132788502e-06,0.00010000102221965901,4.199922935490905,0.5425093837468028,4,0.32292817754011477,-0.00010499730706214905,5.000010132788502e-06,9.999729692936055e-05
lift,1.5725,0.0014433872420340776,0.052417464554309845,0.0014435122720897198,0.05241923779249191,-1.773238182067871e-06,128,0,-1,4.2000409091367725,0.5420768959573811,4,0.32266167621019265,-0.00010500103235244751,5.000010132788502e-06,0.00010000102221965901,4.2000416790590265,0.5420774816541692,4,0.32266196568769273,-0.00010500103235244751,5.000010132788502e-06,0.00010000102221965901
lift,1.575,0.0015782798873260617,0.05497945472598076,0.001578409457579255,0.05498122423887253,-1.7695128917694092e-06,128,0,-1,4.2000115350877705,0.5414947427119449,4,0.3223174140048099,-0.00010500103235244751,5.000010132788502e-06,0.00010000102221965901,4.199922041496091,0.5414951330297074,4,0.32232451440742493,-0.00010499730706214905,5.000010132788502e-06,9.999729692936055e-05
lift,1.5775000000000001,0.0017195286927744746,0.057507921010255814,0.0017196625703945756,0.05750969052314758,-1.7695128917694092e-06,128,0,-1,4.199922972899678,0.5407662838750648,4,0.3218905961873588,-0.00010499730706214905,5.0018727779377326e-06,9.999543428421132e-05,4.200010603684182,0.5407668691049136,4,0.3218842284770433,-0.00010500103235244751,4.998147487639271e-06,0.00010000288486480824
lift,1.58,0.0018670391291379929,0.059995707124471664,0.0018671773141250014,0.059997472912073135,-1.7657876014709473e-06,128,0,-1,4.200010615381729,0.5398964531450019,4,0.3213661241520052,-0.00010500103235244751,5.000010132788502e-06,0.00010000102221965901,4.199922961202132,0.5398971333221092,4,0.321373236074535,-0.00010499730706214905,5.000010132788502e-06,9.999729692936055e-05
lift,1.5825,0.0020206989720463753,0.06243591010570526,0.002020841697230935,0.062437672168016434,-1.7620623111724854e-06,128,0,-1,4.199922961348858,0.5388907428359189,4,0.32077418311909184,-0.00010499730706214905,5.0018727779377326e-06,9.999543428421132e-05,4.200010615235001,0.5388919135069973,4,0.3207681854137676,-0.00010500103235244751,4.998147487639271e-06,0.00010000288486480824
lift,1.585,0.002180379116907716,0.06482192873954773,0.002180526265874505,0.0648236870765686,-1.7583370208740234e-06,128,0,-1,4.2000106152366605,0.5377555312415111,4,0.32009176910807036,-0.00010500103235244751,5.000010132788502e-06,0.00010000102221965901,4.199922961347201,0.5377562120184777,4,0.32009885476922095,-0.00010499730706214905,5.000010132788502e-06,9.999729692936055e-05
lift,1.5875000000000001,0.0023459349758923054,0.06714742630720139,0.002346086548641324,0.06714917719364166,-1.7508864402770996e-06,128,0,-1,4.199879499627187,0.5364960508945837,4,0.3193520498279815,-0.00010499730706214905,5.000010132788502e-06,9.999729692936055e-05,4.199905065344735,0.5364960513797643,4,0.3193501061527731,-0.00010499730706214905,5.000010132788502e-06,9.999729692936055e-05
lift,1.59,0.002517205895856023,0.06940638273954391,0.002517361892387271,0.06940813362598419,-1.7508864402770996e-06,128,0,-1,4.200015780892713,0.5351188593441278,4,0.3185219337618705,-0.00010500103235244751,5.000010132788502e-06,0.00010000102221965901,4.199917795691148,0.5351195899161831,4,0.31852979983631,-0.00010499730706214905,5.000010132788502e-06,9.999729692936055e-05
lift,1.5925,0.002694017020985484,0.07159312069416046,0.0026941776741296053,0.07159486413002014,-1.7434358596801758e-06,128,0,-1,4.199923026221293,0.5336300234967332,4,0.31764274021519673,-0.00010499730706214905,5.0018727779377326e-06,9.999543428421132e-05,4.200010550362569,0.5336308040525218,4,0.3176365854643245,-0.00010500103235244751,4.998147487639271e-06,0.00010000288486480824
lift,1.595,0.0028761792927980423,0.07370226085186005,0.002876344369724393,0.07370399683713913,-1.735985279083252e-06,128,0,-1,4.200010616051534,0.532037383798335,4,0.3166881184567742,-0.00010500103235244751,5.000010132788502e-06,0.00010000102221965901,4.1999229605323265,0.5320382608093966,4,0.31669525001356363,-0.00010499730706214905,5.000010132788502e-06,9.999729692936055e-05
lift,1.5975000000000001,0.003063491778448224,0.07572878897190094,0.0030636610463261604,0.07573051750659943,-1.7285346984863281e-06,128,0,-1,4.199922961357148,0.5303464975294643,4,0.31568822952772096,-0.00010499730706214905,5.0018727779377326e-06,9.999543428421132e-05,4.200010615226713,0.5303472781316462,4,0.3156821057838079,-0.00010500103235244751,4.998147487639271e-06,0.00010000288486480824
lift,1.6,0.0032557405065745115,0.07766803354024887,0.0032559141982346773,0.07766975462436676,-1.7210841178894043e-06,128,0,-1,4.2000106152366605,0.5285654540676843,4,0.3146214989017956,-0.00010500103235244751,5.000010132788502e-06,0.00010000102221965901,4.1999229613472,0.5285653564675923,4,0.3146280070682806,-0.00010499730706214905,5.000010132788502e-06,9.999729692936055e-05
lift,1.6025,0.0034527007956057787,0.07951568067073822,0.0034528786782175303,0.07951740175485611,-1.7210841178894043e-06,128,0,-1,4.1999229613472,0.5267011722943588,4,0.313518353277967,-0.00010499730706214905,5.0018727779377326e-06,9.999543428421132e-05,4.2000106152366605,0.5267015625169025,4,0.31351204244945946,-0.00010500103235244751,4.998147487639271e-06,0.00010000288486480824
lift,1.605,0.003654137719422579,0.08126778900623322,0.003654319792985916,0.08126950263977051,-1.7136335372924805e-06,128,0,-1,4.2000106152366605,0.5247602702064642,4,0.3123565142328189,-0.00010500103235244751,5.000010132788502e-06,0.00010000102221965901,4.1999229613472,0.5247609533871354,4,0.3123634398872455,-0.00010499730706214905,5.000010132788502e-06,9.999729692936055e-05
lift,1.6075,0.0038598065730184317,0.08292078226804733,0.003859993303194642,0.08292248845100403,-1.7061829566955566e-06,128,0,-1,4.199890063239549,0.5227509429279559,4,0.3111694205423656,-0.00010499730706214905,5.000010132788502e-06,9.999729692936055e-05,4.199894501732374,0.5227517235826877,4,0.3111695563823465,-0.00010499730706214905,5.000010132788502e-06,9.999729692936055e-05
lift,1.61,0.004069455433636904,0.0844714418053627,0.004069645889103413,0.0844731479883194,-1.7061829566955566e-06,128,0,-1,4.200041266227106,0.5206799074873522,4,0.30992547125321374,-0.00010500103235244751,5.000010132788502e-06,0.00010000102221965901,4.200041321968694,0.520680688153117,4,0.30992593181741435,-0.00010500103235244751,5.000010132788502e-06,0.00010000102221965901
lift,1.6125,0.004282823763787746,0.08591697365045547,0.004283017944544554,0.08591866493225098,-1.691281795501709e-06,128,0,-1,4.200015941077232,0.518556997199071,4,0.3086637077537318,-0.00010500103235244751,5.000010132788502e-06,0.00010000102221965901,4.199917635506629,0.5185575343310349,4,0.30867125223307035,-0.00010499730706214905,5.000010132788502e-06,9.999729692936055e-05
lift,1.615,0.004499644506722689,0.08725489675998688,0.004499842878431082,0.08725658059120178,-1.6838312149047852e-06,128,0,-1,4.199923028232366,0.5163872199871284,4,0.30737897844550605,-0.00010499730706214905,5.0018727779377326e-06,9.999543428421132e-05,4.200010548351496,0.5163880005954605,4,0.3073730379070969,-0.00010500103235244751,4.998147487639271e-06,0.00010000288486480824
lift,1.6175,0.00471964618191123,0.08848315477371216,0.004719849210232496,0.08848483860492706,-1.6838312149047852e-06,128,0,-1,4.200035968746832,0.5141791984995188,4,0.30605642566254904,-0.00010500103235244751,5.000010132788502e-06,0.00010000102221965901,4.200046619448967,0.5141799791713502,4,0.3060561142288041,-0.00010500103235244751,5.000010132788502e-06,0.00010000102221965901
lift,1.62,0.0049425517208874226,0.08960007131099701,0.0049427589401602745,0.08960174769163132,-1.6763806343078613e-06,128,0,-1,4.199923279753246,0.5119405959512069,4,0.3047321116668614,-0.00010499730706214905,5.0018727779377326e-06,9.999543428421132e-05,4.200010296830614,0.5119409867749665,4,0.30472603076787946,-0.00010500103235244751,4.998147487639271e-06,0.00010000288486480824
lift,1.6225,0.005168081261217594,0.09060432016849518,0.005168292671442032,0.09060598909854889,-1.6689300537109375e-06,128,0,-1,4.200010619235595,0.509678400912475,4,0.3033792334822934,-0.00010500103235244751,5.000010132788502e-06,0.00010000102221965901,4.199922957348267,0.5096789390605694,4,0.30338588602490024,-0.00010499730706214905,5.000010132788502e-06,9.999729692936055e-05
lift,1.625,0.005395951215177774,0.09149496257305145,0.005396166350692511,0.09149661660194397,-1.6540288925170898e-06,128,0,-1,4.1999229613977676,0.5074004086108321,4,0.30202959272969926,-0.00010499730706214905,5.0018727779377326e-06,9.999543428421132e-05,4.200010615186093,0.5074009938427706,4,0.30202363775471597,-0.00010500103235244751,4.998147487639271e-06,0.00010000288486480824
lift,1.6275,0.005625876598060131,0.09227141737937927,0.005626095458865166,0.09227306395769119,-1.646578311920166e-06,128,0,-1,4.200010615237489,0.5051138080808482,4,0.3006622210955332,-0.00010500103235244751,5.000010132788502e-06,0.00010000102221965901,4.199922961346372,0.5051144947103485,4,0.3006689047389238,-0.00010499730706214905,5.000010132788502e-06,9.999729692936055e-05
lift,1.6300000000000001,0.005857571493834257,0.09293346852064133,0.00585779407992959,0.09293511509895325,-1.646578311920166e-06,128,0,-1,4.199922961347201,0.5028252514418836,4,0.2993062349413865,-0.00010499730706214905,5.0018727779377326e-06,9.999543428421132e-05,4.2000106152366605,0.5028258366248983,4,0.29930033676627105,-0.00010500103235244751,4.998147487639271e-06,0.00010000288486480824
lift,1.6325,0.006090749986469746,0.09348127245903015,0.0060909767635166645,0.09348291158676147,-1.6391277313232422e-06,128,0,-1,4.200015016741414,0.5005439073711326,4,0.2979417367413844,-0.00010500103235244751,5.000010132788502e-06,0.00010000102221965901,4.199918559842447,0.5005443998782333,4,0.29794887254731095,-0.00010499730706214905,5.000010132788502e-06,9.999729692936055e-05
lift,1.635,0.006325127091258764,0.09391532838344574,0.006325358059257269,0.09391696006059647,-1.6316771507263184e-06,128,0,-1,4.199923016624347,0.49827431238749426,4,0.2965972890545849,-0.00010499730706214905,5.0018727779377326e-06,9.999543428421132e-05,4.200010559959513,0.49827509294987266,4,0.29659157151897486,-0.00010500103235244751,4.998147487639271e-06,0.00010000288486480824
lift,1.6375,0.006560419220477343,0.09423646330833435,0.006560654379427433,0.09423808753490448,-1.6242265701293945e-06,128,0,-1,4.200010615931334,0.4960242913789342,4,0.29525180811295576,-0.00010500103235244751,5.000010132788502e-06,0.00010000102221965901,4.199922960652527,0.49602502597006387,4,0.2952584074857639,-0.00010499730706214905,5.000010132788502e-06,9.999729692936055e-05
lift,1.6400000000000001,0.006796346511691809,0.0944458544254303,0.006796586327254772,0.09444747120141983,-1.6167759895324707e-06,128,0,-1,4.19992296135632,0.49379946454354723,4,0.29393364419241635,-0.00010499730706214905,5.0018727779377326e-06,9.999543428421132e-05,4.200010615227542,0.49380024514826176,4,0.2939279744662677,-0.00010500103235244751,4.998147487639271e-06,0.00010000288486480824
lift,1.6425,0.007032631430774927,0.09454498440027237,0.007032875902950764,0.09454658627510071,-1.601874828338623e-06,128,0,-1,4.200000759228076,0.49179020967823317,4,0.2927322147488254,-0.00010500103235244751,5.000010132788502e-06,0.00010000102221965901,4.199932807643309,0.49160805154128273,4,0.2926285217269563,-0.00010499730706214905,5.000010132788502e-06,9.999729692936055e-05
lift,1.645,0.007269001565873623,0.09453566372394562,0.007269249763339758,0.09453725814819336,-1.5944242477416992e-06,128,0,-1,4.199903592270635,0.489637715877772,4,0.29145771154062033,-0.00010499730706214905,5.000010132788502e-06,9.999729692936055e-05,4.200029974646918,0.48945560226892315,4,0.29134054115296526,-0.00010500103235244751,5.000010132788502e-06,0.00010000102221965901
lift,1.6475,0.007505188696086407,0.09441998600959778,0.007505440153181553,0.09442158043384552,-1.5944242477416992e-06,128,0,-1,4.199904284819469,0.4875289197483614,4,0.2902023990823624,-0.00010499730706214905,5.000010132788502e-06,9.999729692936055e-05,4.200029282136232,0.48734682181105193,4,0.2900853714781579,-0.00010500103235244751,5.000010132788502e-06,0.00010000102221965901
lift,1.6500000000000001,0.00774092972278595,0.09420035779476166,0.007741185836493969,0.0942019522190094,-1.5944242477416992e-06,128,0,-1,4.199983895926816,0.4852893103295366,4,0.2888637923113079,-0.00010500103235244751,5.000010132788502e-06,0.00010000102221965901,4.199949680657117,0.4852877032951505,4,0.28886518898675423,-0.00010499730706214905,5.000010132788502e-06,9.999729692936055e-05
lift,1.6525,0.007975968532264233,0.09387943893671036,0.00797622837126255,0.0938810259103775,-1.5869736671447754e-06,128,0,-1,4.199967003142335,0.4832853239896555,4,0.2876720957736517,-0.00010500103235244751,5.000010132788502e-06,0.00010000102221965901,4.199966573441619,0.48328353848967914,4,0.28767106239946655,-0.00010499730706214905,5.000010132788502e-06,9.999729692936055e-05
lift,1.655,0.008210056461393833,0.09346015751361847,0.008210321888327599,0.09346173703670502,-1.5795230865478516e-06,128,0,-1,4.199956011792829,0.48134308511169294,4,0.2865167419373892,-0.00010499730706214905,5.000010132788502e-06,9.999729692936055e-05,4.199977564791078,0.4813417796370209,4,0.2865144945488325,-0.00010500103235244751,5.000010132788502e-06,0.00010000102221965901
lift,1.6575,0.008442954160273075,0.09294568747282028,0.008443223312497139,0.09294725954532623,-1.5720725059509277e-06,128,0,-1,4.19992152704529,0.47946588638414517,4,0.285401693398696,-0.00010499730706214905,5.000010132788502e-06,9.999729692936055e-05,4.200012049538665,0.479464190362652,4,0.28539453262718434,-0.00010500103235244751,5.000010132788502e-06,0.00010000102221965901
lift,1.6600000000000001,0.00867442600429058,0.09233943372964859,0.008674697950482368,0.09234099090099335,-1.55717134475708e-06,128,0,-1,4.2000105972240735,0.4776592193778655,4,0.2843202465331673,-0.00010500103235244751,4.998147487639271e-06,0.00010000288486480824,4.199922979359881,0.4776574339744425,4,0.28432511519963827,-0.00010499730706214905,5.0018727779377326e-06,9.999543428421132e-05
lift,1.6625,0.008904251269996166,0.0916450172662735,0.008904526010155678,0.09164657443761826,-1.55717134475708e-06,128,0,-1,4.199922961120892,0.4759249918031656,4,0.2832938819407231,-0.00010499730706214905,5.000010132788502e-06,9.999729692936055e-05,4.200010615462967,0.4759243317339797,4,0.2832875766919452,-0.00010500103235244751,5.000010132788502e-06,0.00010000102221965901
lift,1.665,0.009132212027907372,0.09086627513170242,0.009132489562034607,0.09086782485246658,-1.5497207641601562e-06,128,0,-1,4.200041679380898,0.4742698395329663,4,0.2823006744559708,-0.00010500103235244751,5.000010132788502e-06,0.00010000102221965901,4.200040908814898,0.47426909127181877,4,0.28230028085943126,-0.00010500103235244751,5.000010132788502e-06,0.00010000102221965901
lift,1.6675,0.00935810524970293,0.09000721573829651,0.009358387440443039,0.09000876545906067,-1.5497207641601562e-06,128,0,-1,4.200041298936495,0.4726961514674887,4,0.2813639901512287,-0.00010500103235244751,5.000010132788502e-06,0.00010000102221965901,4.200041289259205,0.47269644023127644,4,0.28136416268103503,-0.00010500103235244751,5.000010132788502e-06,0.00010000102221965901
lift,1.67,0.009581735357642174,0.08907203376293182,0.009582022204995155,0.08907357603311539,-1.5422701835632324e-06,128,0,-1,4.1999220367220405,0.4712081774231261,4,0.2804862645681961,-0.00010499730706214905,5.000010132788502e-06,9.999729692936055e-05,4.2000115398617455,0.4712087484903982,4,0.2804806272662701,-0.00010500103235244751,5.000010132788502e-06,0.00010000102221965901
lift,1.6725,0.009802918881177902,0.08806505799293518,0.009803207591176033,0.08806659281253815,-1.5348196029663086e-06,128,0,-1,4.200010603624454,0.46980676251687037,4,0.2796461764355097,-0.00010500103235244751,4.998147487639271e-06,0.00010000288486480824,4.19992297295926,0.46980828338909564,4,0.2796529165022218,-0.00010499730706214905,5.0018727779377326e-06,9.999543428421132e-05
lift,1.675,0.010021483525633812,0.08699078857898712,0.01002177782356739,0.08699231594800949,-1.5273690223693848e-06,128,0,-1,4.199922961201273,0.4684973181746316,4,0.27887256653431014,-0.00010499730706214905,5.000010132788502e-06,9.999729692936055e-05,4.200010615382489,0.4684991207512359,4,0.2788678194260768,-0.00010500103235244751,5.000010132788502e-06,0.00010000102221965901
lift,1.6775,0.010237266309559345,0.08585380017757416,0.010237563401460648,0.08585532754659653,-1.5273690223693848e-06,128,0,-1,4.200016498129764,0.46728021017658816,4,0.2781418896715433,-0.00010500103235244751,4.998147487639271e-06,0.00010000288486480824,4.199917069222051,0.4674631595836013,4,0.27825737501418646,-0.00010499730706214905,5.0018727779377326e-06,9.999543428421132e-05
lift,1.68,0.010450120083987713,0.08465881645679474,0.010450420901179314,0.08466033637523651,-1.519918441772461e-06,128,0,-1,4.199995057271588,0.466157797752712,4,0.27747520615865834,-0.00010500103235244751,4.998147487639271e-06,0.00010000288486480824,4.199938510105835,0.46634098425976667,4,0.27758798321550615,-0.00010499730706214905,5.0018727779377326e-06,9.999543428421132e-05
lift,1.6825,0.010659905150532722,0.08341062813997269,0.010660210624337196,0.08341214805841446,-1.519918441772461e-06,128,0,-1,4.200027843580063,0.465132891615248,4,0.2768629809956053,-0.00010500103235244751,4.998147487639271e-06,0.00010000288486480824,4.1999057238141,0.46531588134119706,4,0.2769799561825791,-0.00010499730706214905,5.0018727779377326e-06,9.999543428421132e-05
lift,1.685,0.010866496711969376,0.08211410045623779,0.010866804048418999,0.08211562037467957,-1.519918441772461e-06,128,0,-1,4.20004732897627,0.4642052910681842,4,0.2763095595766362,-0.00010500289499759674,4.998147487639271e-06,0.00010000474750995747,4.199886238439815,0.46438970977065086,4,0.27642993369694435,-0.00010499544441699982,5.0018727779377326e-06,9.999357163906208e-05
lift,1.6875,0.01106978114694357,0.08077415823936462,0.011070091277360916,0.0807756781578064,-1.519918441772461e-06,128,0,-1,4.199957447256313,0.46337585413924287,4,0.27582175531442005,-0.00010499730706214905,5.000010132788502e-06,9.999729692936055e-05,4.19997612932784,0.4633797779065407,4,0.27582286401036016,-0.00010500103235244751,5.000010132788502e-06,0.00010000102221965901
lift,1.69,0.01126965694129467,0.07939577102661133,0.011269969865679741,0.0793972760438919,-1.5050172805786133e-06,128,0,-1,4.199966670981288,0.46264620917651234,4,0.27538683364624106,-0.00010499730706214905,5.000010132788502e-06,9.999729692936055e-05,4.1999669056028655,0.46265013294152385,4,0.2753891538551985,-0.00010500103235244751,5.000010132788502e-06,0.00010000102221965901
lift,1.6925000000000001,0.01146603375673294,0.07798391580581665,0.01146635040640831,0.07798542082309723,-1.5050172805786133e-06,128,0,-1,4.200007496251161,0.46201702892199303,4,0.27500964541990686,-0.00010500103235244751,5.000010132788502e-06,0.00010000102221965901,4.199926080333066,0.4620211051440398,4,0.2750174028702192,-0.00010499730706214905,5.000010132788502e-06,9.999729692936055e-05
lift,1.695,0.011658838950097561,0.07654359191656113,0.011659160256385803,0.0765450969338417,-1.5050172805786133e-06,128,0,-1,4.200049128602407,0.4614866042769313,4,0.2746911941661584,-0.00010500289499759674,5.000010132788502e-06,0.00010000288486480824,4.199884447981941,0.4614922522759946,4,0.27470532701068906,-0.00010499544441699982,5.000010132788502e-06,9.999543428421132e-05
lift,1.6975,0.011848006397485733,0.0750797837972641,0.011848332360386848,0.07508128881454468,-1.5050172805786133e-06,128,0,-1,4.1999423789820804,0.4610572412191367,4,0.2744425992166117,-0.00010499730706214905,5.0018727779377326e-06,9.999543428421132e-05,4.19999119760217,0.461062202418232,4,0.2744423623324844,-0.00010500103235244751,4.998147487639271e-06,0.00010000288486480824
lift,1.7,0.012033485807478428,0.07359746098518372,0.012033815495669842,0.0735989660024643,-1.5050172805786133e-06,128,0,-1,4.1999082246776585,0.46072657260197636,4,0.2742480001675138,-0.00010499730706214905,5.000010132788502e-06,9.999729692936055e-05,4.200025351906588,0.46073150108221256,4,0.27424328574175444,-0.00010500103235244751,5.000010132788502e-06,0.00010000102221965901
lift,1.7025000000000001,0.012215237133204937,0.07210154831409454,0.012215571478009224,0.07210305333137512,-1.5050172805786133e-06,128,0,-1,4.2000497532716174,0.4604941440609174,4,0.2741004101809846,-0.00010500289499759674,5.000010132788502e-06,0.00010000288486480824,4.199883823312534,0.4604987923679248,4,0.27411400632787025,-0.00010499544441699982,5.000010132788502e-06,9.999543428421132e-05
lift,1.705,0.012393235228955746,0.07059691846370697,0.012393573299050331,0.07059842348098755,-1.5050172805786133e-06,128,0,-1,4.19994238682739,0.46035849468183665,4,0.2740266724406121,-0.00010499730706214905,5.0018727779377326e-06,9.999543428421132e-05,4.199991189756762,0.46036322868022905,4,0.2740263061759485,-0.00010500103235244751,4.998147487639271e-06,0.00010000288486480824
lift,1.7075,0.01256746705621481,0.06908837705850601,0.012567805126309395,0.06908988207578659,-1.5050172805786133e-06,128,0,-1,4.199908224777083,0.4603182606370958,4,0.2740049520138788,-0.00010499730706214905,5.000010132788502e-06,9.999729692936055e-05,4.200025351807261,0.46032338450485766,4,0.2740003606804311,-0.00010500103235244751,5.000010132788502e-06,0.00010000102221965901
lift,1.71,0.01273792702704668,0.06758065521717072,0.012738266959786415,0.0675821602344513,-1.5050172805786133e-06,128,0,-1,4.200049753273384,0.4603721926563939,4,0.2740278209190228,-0.00010500289499759674,5.000010132788502e-06,0.00010000288486480824,4.199883823310863,0.46037703615306447,4,0.274041530385797,-0.00010499544441699982,5.000010132788502e-06,9.999543428421132e-05
lift,1.7125000000000001,0.012904624454677105,0.06607839465141296,0.012904966250061989,0.06607989966869354,-1.5050172805786133e-06,128,0,-1,4.199942386827432,0.4605175745614924,4,0.2741213641440923,-0.00010499730706214905,5.0018727779377326e-06,9.999543428421132e-05,4.199991189757006,0.46052289367502636,4,0.27412134506267277,-0.00010500103235244751,4.998147487639271e-06,0.00010000288486480824
lift,1.715,0.01306757889688015,0.0645861104130745,0.013067925348877907,0.06458761543035507,-1.5050172805786133e-06,128,0,-1,4.199864763057069,0.46075292858217937,4,0.2742665267671611,-0.00010499730706214905,5.000010132788502e-06,9.999729692936055e-05,4.199919801915336,0.46075805169531425,4,0.2742659821058902,-0.00010499730706214905,5.000010132788502e-06,9.999729692936055e-05
lift,1.7175,0.013226823881268501,0.06310822069644928,0.013227174989879131,0.06310973316431046,-1.5124678611755371e-06,128,0,-1,4.199961053086755,0.46107550904000105,4,0.27445225277811464,-0.00010499730706214905,5.0018727779377326e-06,9.999543428421132e-05,4.199972523497493,0.46108043803448145,4,0.27445443717481777,-0.00010500103235244751,4.998147487639271e-06,0.00010000288486480824
lift,1.72,0.013382401317358017,0.06164901331067085,0.01338275521993637,0.06165052205324173,-1.5087425708770752e-06,128,0,-1,4.199884238345825,0.4614830136104191,4,0.2746998413652585,-0.00010499730706214905,5.000010132788502e-06,9.999729692936055e-05,4.199900326626388,0.46148774742294835,4,0.2747016069031589,-0.00010499730706214905,5.000010132788502e-06,9.999729692936055e-05
lift,1.7225000000000001,0.01353436429053545,0.060212619602680206,0.013534720987081528,0.06021413207054138,-1.5124678611755371e-06,128,0,-1,4.199951057433532,0.4620091142563283,4,0.2750086298259441,-0.00010499730706214905,5.0018727779377326e-06,9.999543428421132e-05,4.199982519150429,0.46193910609092437,4,0.27496489805888835,-0.00010500289499759674,4.998147487639271e-06,0.00010000474750995747
lift,1.725,0.013682776130735874,0.058803047984838486,0.01368313655257225,0.05880456045269966,-1.5124678611755371e-06,128,0,-1,4.2000331567637295,0.46257643229024675,4,0.2753409407883567,-0.00010500289499759674,5.000010132788502e-06,0.00010000288486480824,4.199900419820632,0.46250711848917825,4,0.2753083836859939,-0.00010499730706214905,5.000010132788502e-06,9.999729692936055e-05
lift,1.7275,0.01382770761847496,0.05742412433028221,0.01382807269692421,0.057425640523433685,-1.516193151473999e-06,128,0,-1,4.199857594042362,0.4632189215261865,4,0.2757348976446713,-0.00010499730706214905,5.0018727779377326e-06,9.999543428421132e-05,4.199926970930235,0.46315040702104193,4,0.27568955973921344,-0.00010499916970729828,4.998147487639271e-06,0.00010000102221965901
lift,1.73,0.013969242572784424,0.05607951804995537,0.013969612307846546,0.05608103424310684,-1.516193151473999e-06,128,0,-1,4.200051475365815,0.4639336865177448,4,0.2761476194034843,-0.00010500289499759674,5.0018727779377326e-06,0.00010000102221965901,4.199882101218543,0.4638652152054896,4,0.27611799809267557,-0.00010499730706214905,4.998147487639271e-06,9.999915957450978e-05
lift,1.7325,0.014107472263276577,0.054772716015577316,0.014107846654951572,0.05477423593401909,-1.519918441772461e-06,128,0,-1,4.19990364376949,0.46471660639978357,4,0.27662337390119973,-0.00010499730706214905,5.0018727779377326e-06,9.999543428421132e-05,4.20002993281487,0.46464822067186445,4,0.27657435072162456,-0.00010500289499759674,4.998147487639271e-06,0.00010000474750995747
lift,1.735,0.014242495410144329,0.05350703373551369,0.014242874458432198,0.05350855365395546,-1.519918441772461e-06,128,0,-1,4.200032561310627,0.46556396129068073,4,0.2771192571096405,-0.00010500289499759674,5.000010132788502e-06,0.00010000288486480824,4.199901015273829,0.4654967728167121,4,0.2770879427418852,-0.00010499730706214905,5.000010132788502e-06,9.999729692936055e-05
lift,1.7375,0.014374421909451485,0.052285581827163696,0.014374804683029652,0.05228710547089577,-1.5236437320709229e-06,128,0,-1,4.19990104828533,0.46647258461434304,4,0.27766879460457,-0.00010499730706214905,5.0018727779377326e-06,9.999543428421132e-05,4.200032528299422,0.4664056258581959,4,0.2776202462216655,-0.00010500289499759674,4.998147487639271e-06,0.00010000474750995747
lift,1.74,0.014503363519906998,0.051111284643411636,0.014503750950098038,0.051112812012434006,-1.5273690223693848e-06,128,0,-1,4.200032528714049,0.4674382832161585,4,0.27823491843245146,-0.00010500289499759674,5.000010132788502e-06,0.00010000288486480824,4.199901047870555,0.46737104278625274,4,0.2782036037630103,-0.00010499730706214905,5.000010132788502e-06,9.999729692936055e-05
lift,1.7425,0.014629444107413292,0.049986857920885086,0.01462983526289463,0.049988389015197754,-1.5310943126678467e-06,128,0,-1,4.199924560622666,0.4683091067591623,4,0.2787604277169043,-0.00010500103235244751,5.000010132788502e-06,0.00010000102221965901,4.2000090159605,0.46853608156693016,4,0.2788899260611353,-0.00010500289499759674,5.000010132788502e-06,0.00010000288486480824
lift,1.745,0.014752793125808239,0.048914819955825806,0.01475318893790245,0.04891635477542877,-1.5348196029663086e-06,128,0,-1,4.199979207391366,0.4693773853035743,4,0.2793926839432543,-0.00010500289499759674,5.000010132788502e-06,0.00010000288486480824,4.199954369192104,0.469602328966602,4,0.2795282327418082,-0.00010500103235244751,5.000010132788502e-06,0.00010000102221965901
lift,1.7475,0.014873543754220009,0.04789747670292854,0.014873942360281944,0.04789901524782181,-1.5385448932647705e-06,128,0,-1,4.1999403684988605,0.47048975909259083,4,0.28005740427973796,-0.00010500103235244751,5.000010132788502e-06,0.00010000102221965901,4.199993208084993,0.47071215425804824,4,0.28018625920151885,-0.00010500289499759674,5.000010132788502e-06,0.00010000288486480824
lift,1.75,0.014991835691034794,0.046936918050050735,0.014992238022387028,0.046938456594944,-1.5385448932647705e-06,128,0,-1,4.199955781581268,0.47164218966656435,4,0.2807423543212833,-0.00010500103235244751,5.0018727779377326e-06,9.999915957450978e-05,4.199977795002891,0.4718624449180451,4,0.2808719878706646,-0.00010500289499759674,4.998147487639271e-06,0.00010000474750995747
lift,1.7525,0.015107814222574234,0.04603501781821251,0.015108220279216766,0.04603656381368637,-1.5459954738616943e-06,128,0,-1,4.200100638589237,0.472830003219252,4,0.2814396867512143,-0.0001050066202878952,5.000010132788502e-06,0.0001000066101551067,4.199981949606838,0.47304931000555406,4,0.2815781803835112,-0.00010500103235244751,5.000010132788502e-06,0.00010000102221965901
lift,1.7550000000000001,0.015221627429127693,0.04519343376159668,0.015222038142383099,0.04519498348236084,-1.5497207641601562e-06,128,0,-1,4.199929458623015,0.4740498446877386,4,0.28217726592672354,-0.00010500103235244751,5.000010132788502e-06,0.00010000102221965901,4.200004117961547,0.47426668748485473,4,0.28230132290622484,-0.00010500289499759674,5.000010132788502e-06,0.00010000288486480824
lift,1.7575,0.015333428978919983,0.04441361501812935,0.015333842486143112,0.04441516846418381,-1.5534460544586182e-06,128,0,-1,4.200031426086632,0.47544286085955156,4,0.2829995853760457,-0.00010500289499759674,5.000010132788502e-06,0.00010000288486480824,4.199902150496705,0.47536472994589046,4,0.2829617886988576,-0.00010499730706214905,5.000010132788502e-06,9.999729692936055e-05
lift,1.76,0.015443375334143639,0.04369678348302841,0.015443792566657066,0.04369834065437317,-1.55717134475708e-06,128,0,-1,4.199901034026273,0.4767111882872359,4,0.2837633461033202,-0.00010499730706214905,5.0018727779377326e-06,9.999543428421132e-05,4.200032542557265,0.4766339882546449,4,0.2837085090562404,-0.00010500289499759674,4.998147487639271e-06,0.00010000474750995747
lift,1.7625,0.015551624819636345,0.043043944984674454,0.015552046708762646,0.04304550588130951,-1.560896635055542e-06,128,0,-1,4.200032528534368,0.47799714101813484,4,0.2845199041737752,-0.00010500289499759674,5.000010132788502e-06,0.00010000288486480824,4.199901048049267,0.47792095573734245,4,0.2844834617944885,-0.00010499730706214905,5.000010132788502e-06,9.999729692936055e-05
lift,1.7650000000000001,0.015658339485526085,0.04245588555932045,0.01565876416862011,0.042457450181245804,-1.564621925354004e-06,128,0,-1,4.200040961843105,0.4792977739784456,4,0.2852935116185838,-0.00010500289499759674,5.000010132788502e-06,0.00010000288486480824,4.199892614740626,0.47922280496261305,4,0.28525896309863663,-0.00010499730706214905,5.000010132788502e-06,9.999729692936055e-05
lift,1.7675,0.015763679519295692,0.04193318262696266,0.015764111652970314,0.04193475469946861,-1.5720725059509277e-06,128,0,-1,4.199901153784028,0.48060792175400896,4,0.28608287680829747,-0.00010499730706214905,5.0018727779377326e-06,9.999543428421132e-05,4.200032422799849,0.4805343512580291,4,0.2860301438683256,-0.00010500289499759674,4.998147487639271e-06,0.00010000474750995747
lift,1.77,0.015867814421653748,0.04147620499134064,0.015868250280618668,0.04147777706384659,-1.5720725059509277e-06,128,0,-1,4.200032530039941,0.48192416581004177,4,0.2868574007243813,-0.00010500289499759674,5.000010132788502e-06,0.00010000288486480824,4.1999010465439355,0.48185050553156455,4,0.2868225347404764,-0.00010499730706214905,5.000010132788502e-06,9.999729692936055e-05
lift,1.7725,0.015970906242728233,0.04108509048819542,0.015971345826983452,0.04108667001128197,-1.5795230865478516e-06,128,0,-1,4.199901047891841,0.48324166253607725,4,0.28765062380376943,-0.00010499730706214905,5.0018727779377326e-06,9.999543428421132e-05,4.200032528692035,0.4831680916689145,4,0.28759782714074694,-0.00010500289499759674,4.998147487639271e-06,0.00010000474750995747
lift,1.7750000000000001,0.016073117032647133,0.040759798139333725,0.0160735622048378,0.04076138138771057,-1.5832483768463135e-06,128,0,-1,4.200032528708621,0.4845565787520765,4,0.2884243011452714,-0.00010500289499759674,5.000010132788502e-06,0.00010000288486480824,4.1999010478752545,0.4844829854966348,4,0.2883895239280319,-0.00010499730706214905,5.000010132788502e-06,9.999729692936055e-05
lift,1.7775,0.016174612566828728,0.04050006344914436,0.01617506332695484,0.04050165414810181,-1.5906989574432373e-06,128,0,-1,4.199901047875288,0.48586430673029624,4,0.28921175831993284,-0.00010499730706214905,5.0018727779377326e-06,9.999543428421132e-05,4.200032528708636,0.4857912543802716,4,0.2891592214225276,-0.00010500289499759674,4.998147487639271e-06,0.00010000474750995747
lift,1.78,0.01627555675804615,0.04030543938279152,0.016276013106107712,0.04030703008174896,-1.5906989574432373e-06,128,0,-1,4.200032528708656,0.48716189781158,4,0.28997507428910496,-0.00010500289499759674,5.000010132788502e-06,0.00010000288486480824,4.199901047875269,0.4870887554850277,4,0.2899406140362795,-0.00010499730706214905,5.000010132788502e-06,9.999729692936055e-05
lift,1.7825,0.016376109793782234,0.04017527773976326,0.016376573592424393,0.040176872164011,-1.5944242477416992e-06,128,0,-1,4.1999010478753025,0.4884450138360837,4,0.2907479296941914,-0.00010499730706214905,5.0018727779377326e-06,9.999543428421132e-05,4.200032528708622,0.4883719614654063,4,0.2906953446950834,-0.00010500289499759674,4.998147487639271e-06,0.00010000474750995747
lift,1.7850000000000001,0.01647643744945526,0.04010874405503273,0.01647690311074257,0.04011034592986107,-1.601874828338623e-06,128,0,-1,4.200032528708741,0.48970996356499397,4,0.2914917683480123,-0.00010500289499759674,5.000010132788502e-06,0.00010000288486480824,4.199901047875281,0.48963785764548584,4,0.29145797249984756,-0.00010499730706214905,5.000010132788502e-06,9.999729692936055e-05
lift,1.7875,0.01657669059932232,0.040104836225509644,0.016577159985899925,0.04010643810033798,-1.601874828338623e-06,128,0,-1,4.19990104787542,0.49095294710377096,4,0.29224078228707706,-0.00010499730706214905,5.0018727779377326e-06,9.999543428421132e-05,4.2000325287086495,0.49088144987974003,4,0.29218907623000445,-0.00010500289499759674,4.998147487639271e-06,0.00010000474750995747
lift,1.79,0.016677027568221092,0.04016236215829849,0.016677498817443848,0.04016396775841713,-1.605600118637085e-06,128,0,-1,4.200032528708827,0.4921712154779862,4,0.2929567879021221,-0.00010500289499759674,5.000010132788502e-06,0.00010000288486480824,4.19990104787534,0.4921007328026801,4,0.29292400415697034,-0.00010499730706214905,5.000010132788502e-06,9.999729692936055e-05
lift,1.7925,0.01677759923040867,0.040279973298311234,0.016778070479631424,0.04028158634901047,-1.6130506992340088e-06,128,0,-1,4.199901047875392,0.4933608456162457,4,0.2936740889799193,-0.00010499730706214905,5.0018727779377326e-06,9.999543428421132e-05,4.20003252870867,0.4932912790956437,4,0.2936234872729126,-0.00010500289499759674,4.998147487639271e-06,0.00010000474750995747
lift,1.795,0.016878552734851837,0.04045615717768669,0.01687902770936489,0.040457770228385925,-1.6130506992340088e-06,128,0,-1,4.19994542971984,0.49437152271257345,4,0.294272586980702,-0.00010500103235244751,5.000010132788502e-06,0.00010000102221965901,4.199988146863692,0.49459695386670544,4,0.2944037795892601,-0.00010500289499759674,5.000010132788502e-06,0.00010000288486480824
lift,1.7975,0.01698003150522709,0.040689244866371155,0.01698051206767559,0.04069086164236069,-1.6167759895324707e-06,128,0,-1,4.199979470280207,0.49549682493735175,4,0.2949400279475021,-0.00010500289499759674,5.000010132788502e-06,0.00010000288486480824,4.199954106303582,0.49571989049505616,4,0.29507458769075917,-0.00010500103235244751,5.000010132788502e-06,0.00010000102221965901
lift,1.8,0.017082177102565765,0.04097742959856987,0.017082661390304565,0.0409790500998497,-1.6205012798309326e-06,128,0,-1,4.199950936213317,0.49658475669622937,4,0.29558961773488657,-0.00010500103235244751,5.000010132788502e-06,0.00010000102221965901,4.1999826403707665,0.49680557522697444,4,0.2957188265801483,-0.00010500289499759674,5.000010132788502e-06,0.00010000288486480824
lift,1.8025,0.017185121774673462,0.04131877422332764,0.01718560978770256,0.041320398449897766,-1.6242265701293945e-06,128,0,-1,4.199960316599882,0.497632711430664,4,0.2962127460251382,-0.00010500103235244751,5.0018727779377326e-06,9.999915957450978e-05,4.199973259984507,0.4978517021228272,4,0.29634218559564335,-0.00010500289499759674,4.998147487639271e-06,0.00010000474750995747
lift,1.805,0.017288997769355774,0.04171120375394821,0.01728948764503002,0.04171283543109894,-1.6316771507263184e-06,128,0,-1,4.200032337623339,0.49878571945405403,4,0.2968939756641853,-0.00010500289499759674,5.000010132788502e-06,0.00010000288486480824,4.1999012389602,0.4987084260328034,4,0.2968572340502656,-0.00010499730706214905,5.000010132788502e-06,9.999729692936055e-05
lift,1.8075,0.01739392802119255,0.0421525314450264,0.017394423484802246,0.04215416684746742,-1.6354024410247803e-06,128,0,-1,4.199901045474397,0.49974518633661746,4,0.2974743814947246,-0.00010499730706214905,5.0018727779377326e-06,9.999543428421132e-05,4.200032531109189,0.49966850396982787,4,0.29741942489066275,-0.00010500289499759674,4.998147487639271e-06,0.00010000474750995747
lift,1.81,0.017500029876828194,0.04264046251773834,0.017500532791018486,0.042642101645469666,-1.6391277313232422e-06,128,0,-1,4.200032528678632,0.5006579952466035,4,0.2980084034040297,-0.00010500289499759674,5.000010132788502e-06,0.00010000288486480824,4.199901047905003,0.5005818082514322,4,0.2979723822904903,-0.00010499730706214905,5.000010132788502e-06,9.999729692936055e-05
lift,1.8125,0.017607422545552254,0.043172601610422134,0.017607925459742546,0.04317423701286316,-1.6354024410247803e-06,128,0,-1,4.199901047875125,0.5015224813403345,4,0.2985323199424377,-0.00010499730706214905,5.0018727779377326e-06,9.999543428421132e-05,4.200032528708558,0.5014468367209958,4,0.29847794826197604,-0.00010500289499759674,4.998147487639271e-06,0.00010000474750995747
lift,1.815,0.01771620474755764,0.0437464602291584,0.01771671511232853,0.04374810308218002,-1.642853021621704e-06,128,0,-1,4.200032528708599,0.5023359698231535,4,0.29900719005717363,-0.00010500289499759674,5.000010132788502e-06,0.00010000288486480824,4.199901047875246,0.5022613975372429,4,0.2989721613746947,-0.00010499730706214905,5.000010132788502e-06,9.999729692936055e-05
lift,1.8175000000000001,0.017826484516263008,0.044359464198350906,0.017826996743679047,0.04436110705137253,-1.642853021621704e-06,128,0,-1,4.200004030222376,0.5030981667662098,4,0.2994629071460513,-0.00010500103235244751,5.000010132788502e-06,0.00010000102221965901,4.2000785579734075,0.5030236874337076,4,0.2994132612583936,-0.00010500289499759674,5.000010132788502e-06,0.00010000288486480824
lift,1.82,0.01793834939599037,0.045008983463048935,0.017938867211341858,0.045010630041360855,-1.646578311920166e-06,128,0,-1,4.200031426653982,0.5038063258412759,4,0.299882473881059,-0.00010500289499759674,5.000010132788502e-06,0.00010000288486480824,4.199902149929893,0.503732908021023,4,0.29984800242871823,-0.00010499730706214905,5.000010132788502e-06,9.999729692936055e-05
lift,1.8225,0.018051888793706894,0.045692313462495804,0.018052412196993828,0.04569396376609802,-1.650303602218628e-06,128,0,-1,4.199901034034955,0.5044597037359393,4,0.30028070878808993,-0.00010499730706214905,5.0018727779377326e-06,9.999543428421132e-05,4.200032542549073,0.5043878059108547,4,0.3002285106133564,-0.00010500289499759674,4.998147487639271e-06,0.00010000474750995747
lift,1.825,0.01816718466579914,0.04640669748187065,0.018167715519666672,0.04640834778547287,-1.650303602218628e-06,128,0,-1,4.200032528534587,0.5050591090447056,4,0.3006280937191475,-0.00010500289499759674,5.000010132788502e-06,0.00010000288486480824,4.199901048049358,0.5049863571002319,4,0.30059419931736997,-0.00010499730706214905,5.000010132788502e-06,9.999729692936055e-05
lift,1.8275000000000001,0.018284309655427933,0.047149334102869034,0.01828484609723091,0.04715098440647125,-1.650303602218628e-06,128,0,-1,4.199901047872104,0.505600703980257,4,0.30095989061243567,-0.00010499730706214905,5.0018727779377326e-06,9.999543428421132e-05,4.200032528711966,0.5055294526527481,4,0.30090805797150577,-0.00010500289499759674,4.998147487639271e-06,0.00010000474750995747
lift,1.83,0.018403328955173492,0.04791739583015442,0.01840387098491192,0.047919049859046936,-1.6540288925170898e-06,128,0,-1,4.200032528708897,0.506085879098025,4,0.30123926162400305,-0.00010500289499759674,5.000010132788502e-06,0.00010000288486480824,4.199901047875317,0.5060158437138813,4,0.3012070034184907,-0.00010499730706214905,5.000010132788502e-06,9.999729692936055e-05
lift,1.8325,0.018524304032325745,0.048708029091358185,0.01852484978735447,0.048709686845541,-1.6577541828155518e-06,128,0,-1,4.199901047873777,0.506514325403273,4,0.3015037257006916,-0.00010499730706214905,5.0018727779377326e-06,9.999543428421132e-05,4.200032528710285,0.506444513172218,4,0.30145273263379535,-0.00010500289499759674,4.998147487639271e-06,0.00010000474750995747
lift,1.835,0.01864728517830372,0.04951836168766022,0.01864783652126789,0.04952001944184303,-1.6577541828155518e-06,128,0,-1,4.199941782470318,0.506737629090029,4,0.3016337221655347,-0.00010500103235244751,5.000010132788502e-06,0.00010000102221965901,4.199991794113149,0.506963309931289,4,0.3017644645412558,-0.00010500289499759674,5.000010132788502e-06,0.00010000288486480824
lift,1.8375000000000001,0.018772320821881294,0.0503455251455307,0.018772874027490616,0.05034717917442322,-1.6540288925170898e-06,128,0,-1,4.199955800427542,0.5070520455541534,4,0.30181987004633304,-0.00010500103235244751,5.0018727779377326e-06,9.999915957450978e-05,4.199977776156284,0.5072764325432579,4,0.30195185521166307,-0.00010500289499759674,4.998147487639271e-06,0.00010000474750995747
lift,1.84,0.01889944262802601,0.051186636090278625,0.018900001421570778,0.05118829384446144,-1.6577541828155518e-06,128,0,-1,4.199960639982335,0.5073089166543524,4,0.3019724231609026,-0.00010500103235244751,5.0018727779377326e-06,9.999915957450978e-05,4.19997293660152,0.5075315111044383,4,0.3021040366007192,-0.00010500289499759674,4.998147487639271e-06,0.00010000474750995747
lift,1.8425,0.019028684124350548,0.05203883722424507,0.019029250368475914,0.05204049497842789,-1.6577541828155518e-06,128,0,-1,4.20009886671124,0.5075083797864308,4,0.3020812104024469,-0.0001050066202878952,5.000010132788502e-06,0.0001000066101551067,4.19998372148462,0.5077298781775368,4,0.3022213369425056,-0.00010500103235244751,5.000010132788502e-06,0.00010000102221965901
lift,1.845,0.019160069525241852,0.052899282425642014,0.019160641357302666,0.05290094017982483,-1.6577541828155518e-06,128,0,-1,4.199938491928588,0.5076521455266745,4,0.30217832148153884,-0.00010500103235244751,5.000010132788502e-06,0.00010000102221965901,4.199995084655717,0.5078710935958624,4,0.3023045761716015,-0.00010500289499759674,5.000010132788502e-06,0.00010000288486480824
lift,1.8475000000000001,0.019293613731861115,0.05376516655087471,0.019294191151857376,0.053766828030347824,-1.6614794731140137e-06,128,0,-1,4.200005979147451,0.5078867111005261,4,0.3023130881373297,-0.00010500103235244751,5.000010132788502e-06,0.00010000102221965901,4.200076609048163,0.5078086021597201,4,0.30226151176966365,-0.00010500289499759674,5.000010132788502e-06,0.00010000288486480824
lift,1.85,0.01942932978272438,0.054633717983961105,0.01942991092801094,0.05463537946343422,-1.6614794731140137e-06,128,0,-1,4.199901650140797,0.5079171340952959,4,0.3023387071922676,-0.00010499730706214905,5.0018727779377326e-06,9.999543428421132e-05,4.20003192644279,0.5078406982315492,4,0.30228383207890513,-0.00010500289499759674,4.998147487639271e-06,0.00010000474750995747
lift,1.8525,0.01956721767783165,0.05550220236182213,0.01956780254840851,0.055503860116004944,-1.6577541828155518e-06,128,0,-1,4.200032536273545,0.5078946541927792,4,0.3023159045830904,-0.00010500289499759674,5.000010132788502e-06,0.00010000288486480824,4.199901040309973,0.5078180731613676,4,0.30227978486124535,-0.00010499730706214905,5.000010132788502e-06,9.999729692936055e-05
lift,1.855,0.019707271829247475,0.056367937475442886,0.01970786228775978,0.0563695952296257,-1.6577541828155518e-06,128,0,-1,4.2000471974073035,0.5078177616738917,4,0.30226908044472,-0.00010500289499759674,5.0018727779377326e-06,0.00010000102221965901,4.199886379176428,0.5077425412947096,4,0.30223587941102514,-0.00010499730706214905,4.998147487639271e-06,9.999915957450978e-05
lift,1.8575,0.01984948292374611,0.05722831189632416,0.019850078970193863,0.05722997337579727,-1.6614794731140137e-06,128,0,-1,4.199932262706274,0.5076895289006584,4,0.3022010220311999,-0.00010499730706214905,5.0018727779377326e-06,9.999543428421132e-05,4.2000013138775785,0.5076151010700136,4,0.30215175135348155,-0.00010500289499759674,4.998147487639271e-06,0.00010000474750995747
lift,1.86,0.01999383419752121,0.0580807700753212,0.019994433969259262,0.05808242782950401,-1.6577541828155518e-06,128,0,-1,4.200046125241986,0.5075106746581773,4,0.3020863697234617,-0.00010500289499759674,5.0018727779377326e-06,0.00010000102221965901,4.1998874513418905,0.507437009234273,4,0.30205393305964884,-0.00010499730706214905,4.998147487639271e-06,9.999915957450978e-05
lift,1.8625,0.020140301436185837,0.05892283841967583,0.02014090307056904,0.05892449617385864,-1.6577541828155518e-06,128,0,-1,4.199888787520584,0.5072831273852024,4,0.3019622381981443,-0.00010499730706214905,5.0018727779377326e-06,9.999543428421132e-05,4.199895777451394,0.5072102035370682,4,0.30191832750957964,-0.00010499916970729828,4.998147487639271e-06,0.00010000102221965901
lift,1.865,0.020288854837417603,0.059752121567726135,0.020289460197091103,0.05975377932190895,-1.6577541828155518e-06,128,0,-1,4.200026212627833,0.5070079937670358,4,0.30178858898705285,-0.00010500289499759674,5.000010132788502e-06,0.00010000288486480824,4.199907363956185,0.5069364540079282,4,0.30175454484929964,-0.00010499730706214905,5.000010132788502e-06,9.999729692936055e-05
lift,1.8675,0.02043946087360382,0.06056630611419678,0.02044006995856762,0.060567960143089294,-1.6540288925170898e-06,128,0,-1,4.199900968553286,0.5066878078185324,4,0.30160699717228573,-0.00010499730706214905,5.0018727779377326e-06,9.999543428421132e-05,4.200032608030837,0.506616506170763,4,0.30155510293066956,-0.00010500289499759674,4.998147487639271e-06,0.00010000474750995747
lift,1.87,0.02059207484126091,0.061363160610198975,0.020592689514160156,0.06136481463909149,-1.6540288925170898e-06,128,0,-1,4.200032527712409,0.5063233020882991,4,0.30138058380947425,-0.00010500289499759674,5.000010132788502e-06,0.00010000288486480824,4.199901048871757,0.5062527483692637,4,0.301348021345206,-0.00010499730706214905,5.000010132788502e-06,9.999729692936055e-05
lift,1.8725,0.02074665203690529,0.062140561640262604,0.020747272297739983,0.06214221566915512,-1.6540288925170898e-06,128,0,-1,4.199901047862171,0.5059173840375879,4,0.30114839508844465,-0.00010499730706214905,5.0018727779377326e-06,9.999543428421132e-05,4.2000325287218905,0.5058478174551807,4,0.30109755936170984,-0.00010500289499759674,4.998147487639271e-06,0.00010000474750995747
lift,1.875,0.020903144031763077,0.0628964826464653,0.02090376615524292,0.06289813667535782,-1.6540288925170898e-06,128,0,-1,4.199952346044604,0.5053233824560811,4,0.3007911404828083,-0.00010500103235244751,5.000010132788502e-06,0.00010000102221965901,4.199981230538671,0.5055507947123481,4,0.3009244368977265,-0.00010500289499759674,5.000010132788502e-06,0.00010000288486480824
lift,1.8775,0.02106148563325405,0.06362900882959366,0.02106211706995964,0.06363066285848618,-1.6540288925170898e-06,128,0,-1,4.199960334533065,0.5048415996533077,4,0.30050379018010054,-0.00010500103235244751,5.0018727779377326e-06,9.999915957450978e-05,4.199973242050529,0.505067227239002,4,0.30063716965040466,-0.00010500289499759674,4.998147487639271e-06,0.00010000474750995747
lift,1.8800000000000001,0.021221624687314034,0.06433632224798203,0.02122225984930992,0.06433796882629395,-1.646578311920166e-06,128,0,-1,4.199995146848751,0.5043260702892313,4,0.3001944363362099,-0.00010500289499759674,5.0018727779377326e-06,0.00010000102221965901,4.199938429735297,0.5045468146511576,4,0.3003298876234698,-0.00010500103235244751,4.998147487639271e-06,0.00010000288486480824
lift,1.8825,0.021383492276072502,0.0650167241692543,0.02138413116335869,0.06501837074756622,-1.646578311920166e-06,128,0,-1,4.19997784925625,0.503775690358069,4,0.29986806385614617,-0.00010500289499759674,5.000010132788502e-06,0.00010000288486480824,4.199955727327804,0.5039949458719386,4,0.30000015392579044,-0.00010500103235244751,5.000010132788502e-06,0.00010000102221965901
lift,1.885,0.021547017619013786,0.06566863507032394,0.02154766023159027,0.06567028164863586,-1.646578311920166e-06,128,0,-1,4.199950916064778,0.5031942235134088,4,0.29952387156995985,-0.00010500103235244751,5.000010132788502e-06,0.00010000102221965901,4.199982660519764,0.5034121543457164,4,0.2996513289672827,-0.00010500289499759674,5.000010132788502e-06,0.00010000288486480824
lift,1.8875,0.021712129935622215,0.06629059463739395,0.0217127725481987,0.06629224121570587,-1.646578311920166e-06,128,0,-1,4.199885795561364,0.5027310466017192,4,0.2992528077388609,-0.00010499730706214905,5.0018727779377326e-06,9.999543428421132e-05,4.199898769410421,0.5026544670002279,4,0.2992062991263419,-0.00010499916970729828,4.998147487639271e-06,0.00010000102221965901
lift,1.8900000000000001,0.021878747269511223,0.06688123941421509,0.021879397332668304,0.06688287854194641,-1.6391277313232422e-06,128,0,-1,4.200032337159118,0.5020950276445217,4,0.2988637868346369,-0.00010500289499759674,5.000010132788502e-06,0.00010000288486480824,4.1999012394244675,0.5020182521221517,4,0.2988274149221099,-0.00010499730706214905,5.000010132788502e-06,9.999729692936055e-05
lift,1.8925,0.02204679325222969,0.06743936240673065,0.02204744890332222,0.06744100153446198,-1.6391277313232422e-06,128,0,-1,4.20002824657427,0.5014352670545259,4,0.29847136591493095,-0.00010500103235244751,5.000010132788502e-06,0.00010000102221965901,4.200054341621118,0.5013589751390077,4,0.2984241002376504,-0.00010500289499759674,5.000010132788502e-06,0.00010000288486480824
lift,1.895,0.022216185927391052,0.0679638460278511,0.02221684344112873,0.06796549260616302,-1.646578311920166e-06,128,0,-1,4.200028712604177,0.5007543857002474,4,0.29806604904717465,-0.00010500289499759674,5.000010132788502e-06,0.00010000288486480824,4.1999048639795475,0.500677290626685,4,0.2980289475844679,-0.00010499730706214905,5.000010132788502e-06,9.999729692936055e-05
lift,1.8975,0.022386837750673294,0.06845374405384064,0.022387497127056122,0.06845538318157196,-1.6391277313232422e-06,128,0,-1,4.199854970684415,0.5000552684154962,4,0.297662223996991,-0.00010499730706214905,5.000010132788502e-06,9.999729692936055e-05,4.199929594287234,0.4999785860984104,4,0.2976112901859616,-0.00010499916970729828,5.000010132788502e-06,9.999915957450978e-05
lift,1.9000000000000001,0.022558661177754402,0.0689081996679306,0.02255932427942753,0.06890982389450073,-1.6242265701293945e-06,128,0,-1,4.1999016250629495,0.4993404131579609,4,0.2972333983837518,-0.00010499730706214905,5.0018727779377326e-06,9.999543428421132e-05,4.200031951520706,0.49926353646703087,4,0.2971784156822083,-0.00010500289499759674,4.998147487639271e-06,0.00010000474750995747
lift,1.9025,0.022731566801667213,0.06932646036148071,0.02273223176598549,0.06932808458805084,-1.6242265701293945e-06,128,0,-1,4.200032535958635,0.498611286884339,4,0.29679013353793793,-0.00010500289499759674,5.000010132788502e-06,0.00010000288486480824,4.19990104062502,0.498534317238369,4,0.29675360943991325,-0.00010499730706214905,5.000010132788502e-06,9.999729692936055e-05
lift,1.905,0.022905461490154266,0.0697079598903656,0.02290613204240799,0.06970958411693573,-1.6242265701293945e-06,128,0,-1,4.19996313613825,0.4978719811008112,4,0.29635497084302426,-0.00010500103235244751,5.000010132788502e-06,0.00010000102221965901,4.199970440445473,0.4977949089894141,4,0.2963085788626497,-0.00010499916970729828,5.000010132788502e-06,9.999915957450978e-05
lift,1.9075,0.02308025397360325,0.07005221396684647,0.02308093011379242,0.0700538381934166,-1.6242265701293945e-06,128,0,-1,4.20000592839798,0.4971230748212945,4,0.2959061744770641,-0.00010500103235244751,5.000010132788502e-06,0.00010000102221965901,4.200076659797476,0.49704658802982493,4,0.2958556642474426,-0.00010500289499759674,5.000010132788502e-06,0.00010000288486480824
lift,1.9100000000000001,0.023255852982401848,0.07035887241363525,0.023256532847881317,0.07036049664020538,-1.6242265701293945e-06,128,0,-1,4.199920209184686,0.49636840999512066,4,0.29546300005273113,-0.00010499730706214905,5.0018727779377326e-06,9.999543428421132e-05,4.2000133673991344,0.49629341222697293,4,0.2954118051618866,-0.00010500289499759674,4.998147487639271e-06,0.00010000474750995747
lift,1.9125,0.023432159796357155,0.07062771171331406,0.023432843387126923,0.07062932848930359,-1.6167759895324707e-06,128,0,-1,4.200032769349263,0.4956109861665115,4,0.29500423769509043,-0.00010500289499759674,5.000010132788502e-06,0.00010000288486480824,4.1999008072345365,0.4955360913559715,4,0.2949689255174706,-0.00010499730706214905,5.000010132788502e-06,9.999729692936055e-05
lift,1.915,0.023609081283211708,0.07085862010717392,0.023609770461916924,0.07086023688316345,-1.6167759895324707e-06,128,0,-1,4.200006600787937,0.49485149575298687,4,0.29455399883190114,-0.00010500103235244751,5.0018727779377326e-06,9.999915957450978e-05,4.200075987407875,0.49477772998913333,4,0.29450522530575163,-0.00010500289499759674,4.998147487639271e-06,0.00010000474750995747
lift,1.9175,0.023786524310708046,0.07105161249637604,0.02378721907734871,0.07105322182178497,-1.6093254089355469e-06,128,0,-1,4.199932688560541,0.4940931923656578,4,0.294107804222334,-0.00010499730706214905,5.0018727779377326e-06,9.999543428421132e-05,4.200000888023404,0.49402046412887735,4,0.2940597379024438,-0.00010500289499759674,4.998147487639271e-06,0.00010000474750995747
lift,1.92,0.023964393883943558,0.07120682299137115,0.02396509051322937,0.07120843231678009,-1.6093254089355469e-06,128,0,-1,4.200046130590577,0.4933385808128814,4,0.2936506918458012,-0.00010500289499759674,5.0018727779377326e-06,0.00010000102221965901,4.19988744599344,0.49326679729199824,4,0.2936190574360268,-0.00010499730706214905,4.998147487639271e-06,9.999915957450978e-05
lift,1.9225,0.024142596870660782,0.07132449001073837,0.024143295362591743,0.0713261067867279,-1.6167759895324707e-06,128,0,-1,4.199999852835777,0.4925904077517122,4,0.29320858631645097,-0.00010500289499759674,5.000010132788502e-06,0.00010000288486480824,4.199933723748236,0.49251946654048384,4,0.29317097538680575,-0.00010499730706214905,5.000010132788502e-06,9.999729692936055e-05
lift,1.925,0.02432103641331196,0.07140498608350754,0.024321740493178368,0.07140658795833588,-1.601874828338623e-06,128,0,-1,4.199887432992131,0.49185005686312855,4,0.2927757378682404,-0.00010499730706214905,5.000010132788502e-06,9.999729692936055e-05,4.200046143592035,0.49177959707761437,4,0.29272273462275955,-0.00010500289499759674,5.000010132788502e-06,0.00010000288486480824
lift,1.9275,0.024499623104929924,0.07144875079393387,0.024500329047441483,0.07145035266876221,-1.601874828338623e-06,128,0,-1,4.199933723585102,0.49111936702527315,4,0.29233756967839075,-0.00010499730706214905,5.0018727779377326e-06,9.999543428421132e-05,4.199999852999065,0.4910489073279993,4,0.2922910264969172,-0.00010500289499759674,4.998147487639271e-06,0.00010000474750995747
lift,1.93,0.024678263813257217,0.07145635783672333,0.024678973481059074,0.07145795971155167,-1.601874828338623e-06,128,0,-1,4.200046143588987,0.4904006595525727,4,0.29190194749474807,-0.00010500289499759674,5.0018727779377326e-06,0.00010000102221965901,4.199887432995275,0.4903311463540848,4,0.2918716002373845,-0.00010499730706214905,4.998147487639271e-06,9.999915957450978e-05
lift,1.9325,0.024856870993971825,0.07142849266529083,0.02485758252441883,0.07143008708953857,-1.5944242477416992e-06,128,0,-1,4.1999998529993015,0.48969698777995574,4,0.29148631245204304,-0.00010500289499759674,5.000010132788502e-06,0.00010000288486480824,4.1999337235849605,0.4896274736947821,4,0.29144952392061085,-0.00010499730706214905,5.000010132788502e-06,9.999729692936055e-05
lift,1.935,0.025035353377461433,0.07136589288711548,0.025036072358489037,0.07136748731136322,-1.5944242477416992e-06,128,0,-1,4.199887432995484,0.4890093104118475,4,0.29108477204058747,-0.00010499730706214905,5.000010132788502e-06,9.999729692936055e-05,4.200046143588778,0.4889398877001938,4,0.2910324499925693,-0.00010500289499759674,5.000010132788502e-06,0.00010000288486480824
lift,1.9375,0.025213630869984627,0.07126942276954651,0.02521435357630253,0.07127101719379425,-1.5944242477416992e-06,128,0,-1,4.199933723585414,0.48833839173870097,4,0.2906822011240064,-0.00010499730706214905,5.0018727779377326e-06,9.999543428421132e-05,4.199999852999193,0.48827039654376314,4,0.2906371509722151,-0.00010500289499759674,4.998147487639271e-06,0.00010000474750995747
lift,1.94,0.02539161592721939,0.07114004343748093,0.02539234422147274,0.07114163786172867,-1.5944242477416992e-06,128,0,-1,4.199958415613775,0.4875406905783934,4,0.29020566535010855,-0.00010500103235244751,5.000010132788502e-06,0.00010000102221965901,4.199975160969543,0.4877669180488006,4,0.29033916830129664,-0.00010500289499759674,5.000010132788502e-06,0.00010000288486480824
lift,1.9425000000000001,0.025569232180714607,0.07097876816987991,0.025569964200258255,0.07098035514354706,-1.5869736671447754e-06,128,0,-1,4.199944690547461,0.4869128983119096,4,0.28983292292382584,-0.00010500103235244751,5.000010132788502e-06,0.00010000102221965901,4.199988886036316,0.4871359685496781,4,0.28996265333537957,-0.00010500289499759674,5.000010132788502e-06,0.00010000288486480824
lift,1.945,0.02574639953672886,0.07078670710325241,0.025747133418917656,0.07078829407691956,-1.5869736671447754e-06,128,0,-1,4.19997946072261,0.48630687018335306,4,0.2894697907044547,-0.00010500289499759674,5.000010132788502e-06,0.00010000288486480824,4.199954115861308,0.4865286520626356,4,0.2896035519919367,-0.00010500103235244751,5.000010132788502e-06,0.00010000102221965901
lift,1.9475,0.02592303976416588,0.07056503742933273,0.025923777371644974,0.07056662440299988,-1.5869736671447754e-06,128,0,-1,4.199940372154733,0.48572676056105724,4,0.2891271765317114,-0.00010500103235244751,5.000010132788502e-06,0.00010000102221965901,4.199993204429572,0.4859454759336455,4,0.28925372749480727,-0.00010500289499759674,5.000010132788502e-06,0.00010000288486480824
lift,1.95,0.026099082082509995,0.07031502574682236,0.02609982341527939,0.0703166127204895,-1.5869736671447754e-06,128,0,-1,4.199960183553618,0.48516998662061084,4,0.2887943965043168,-0.00010500103235244751,5.0018727779377326e-06,9.999915957450978e-05,4.199973393030707,0.48538833029350975,4,0.28892345550268644,-0.00010500289499759674,4.998147487639271e-06,0.00010000474750995747
lift,1.9525000000000001,0.026274459436535835,0.07003797590732574,0.026275206357240677,0.07003955543041229,-1.5795230865478516e-06,128,0,-1,4.200032335680174,0.4847882198208738,4,0.28856219492793783,-0.00010500289499759674,5.000010132788502e-06,0.00010000288486480824,4.199901240903316,0.4847104783861124,4,0.28852492629199344,-0.00010499730706214905,5.000010132788502e-06,9.999729692936055e-05
lift,1.955,0.026449104771018028,0.06973524391651154,0.02644985541701317,0.06973682343959808,-1.5795230865478516e-06,128,0,-1,4.199901045449431,0.48428558275614786,4,0.2882720196948857,-0.00010499730706214905,5.0018727779377326e-06,9.999543428421132e-05,4.200032531134058,0.4842078638239037,4,0.2882167341767957,-0.00010500289499759674,4.998147487639271e-06,0.00010000474750995747
lift,1.9575,0.026622958481311798,0.06940828263759613,0.026623710989952087,0.06940986216068268,-1.5795230865478516e-06,128,0,-1,4.200032528678573,0.4838124093479093,4,0.287981346599313,-0.00010500289499759674,5.000010132788502e-06,0.00010000288486480824,4.199901047905014,0.4837356381418435,4,0.2879446638291273,-0.00010499730706214905,5.000010132788502e-06,9.999729692936055e-05
lift,1.96,0.02679595910012722,0.06905854493379593,0.02679671347141266,0.06906011700630188,-1.5720725059509277e-06,128,0,-1,4.200035270428788,0.48336935984316665,4,0.2877174408786683,-0.00010500103235244751,5.0018727779377326e-06,9.999915957450978e-05,4.200047317766874,0.4832922876183877,4,0.2876707397878494,-0.00010500289499759674,4.998147487639271e-06,0.00010000474750995747
lift,1.9625000000000001,0.026968054473400116,0.0686875581741333,0.026968812569975853,0.06868913769721985,-1.5795230865478516e-06,128,0,-1,4.200032342978532,0.48295562156883237,4,0.28747137053374167,-0.00010500289499759674,5.000010132788502e-06,0.00010000288486480824,4.199901233605152,0.4828799543050085,4,0.2874353035026667,-0.00010499730706214905,5.000010132788502e-06,9.999729692936055e-05
lift,1.965,0.027139192447066307,0.06829686462879181,0.027139952406287193,0.06829844415187836,-1.5795230865478516e-06,128,0,-1,4.199901045542413,0.4825741908478426,4,0.2872533100274024,-0.00010499730706214905,5.0018727779377326e-06,9.999543428421132e-05,4.20003253104127,0.4824985459071755,4,0.28719929092284596,-0.00010500289499759674,4.998147487639271e-06,0.00010000474750995747
lift,1.9675,0.027309326454997063,0.0678880512714386,0.02731008641421795,0.06788963079452515,-1.5795230865478516e-06,128,0,-1,4.200032528680318,0.48222400303848584,4,0.28703587397572145,-0.00010500289499759674,5.000010132788502e-06,0.00010000288486480824,4.199901047903365,0.4821482686377875,4,0.28699977876769317,-0.00010499730706214905,5.000010132788502e-06,9.999729692936055e-05
lift,1.97,0.0274784117937088,0.0674627274274826,0.027479175478219986,0.06746430695056915,-1.5795230865478516e-06,128,0,-1,4.199901047875173,0.481906166455073,4,0.2868556669322486,-0.00010499730706214905,5.0018727779377326e-06,9.999543428421132e-05,4.200032528708566,0.48183244117052915,4,0.28680280323845725,-0.00010500289499759674,4.998147487639271e-06,0.00010000474750995747
lift,1.9725000000000001,0.027646411210298538,0.06702251732349396,0.02764717862010002,0.0670240968465805,-1.5795230865478516e-06,128,0,-1,4.200032528708532,0.4816218845947597,4,0.2866774729140333,-0.00010500289499759674,5.000010132788502e-06,0.00010000288486480824,4.199901047875207,0.4815475776753166,4,0.28664221620110475,-0.00010499730706214905,5.000010132788502e-06,9.999729692936055e-05
lift,1.975,0.027813289314508438,0.06656906008720398,0.02781406231224537,0.06657063961029053,-1.5795230865478516e-06,128,0,-1,4.199904066049493,0.4813703896541086,4,0.2865365387422375,-0.00010499730706214905,5.000010132788502e-06,9.999729692936055e-05,4.200029510534286,0.48129578182231514,4,0.28648357149345927,-0.00010500289499759674,5.000010132788502e-06,0.00010000288486480824
lift,1.9775,0.027979018166661263,0.06610401719808578,0.027979791164398193,0.06610558927059174,-1.5720725059509277e-06,128,0,-1,4.19990224163677,0.481152109069212,4,0.2864067312681659,-0.00010499730706214905,5.0018727779377326e-06,9.999543428421132e-05,4.200031334947051,0.4810771112162378,4,0.28635328694655005,-0.00010500289499759674,4.998147487639271e-06,0.00010000474750995747
lift,1.98,0.028143566101789474,0.0656290352344513,0.028144344687461853,0.06563061475753784,-1.5795230865478516e-06,128,0,-1,4.200014434651159,0.4809667198575175,4,0.2862887302775813,-0.00010500289499759674,5.000010132788502e-06,0.00010000288486480824,4.199919141932662,0.4808916327685995,4,0.286250530377657,-0.00010499730706214905,5.000010132788502e-06,9.999729692936055e-05
lift,1.9825000000000002,0.02830691635608673,0.06514577567577362,0.028307698667049408,0.06514734029769897,-1.564621925354004e-06,128,0,-1,4.19988761612059,0.48081226708953273,4,0.28620543633358936,-0.00010499730706214905,5.000010132788502e-06,9.999729692936055e-05,4.200045960463326,0.4807398355199546,4,0.2861515326530629,-0.00010500289499759674,5.000010132788502e-06,0.00010000288486480824
lift,1.985,0.02846904657781124,0.06465587764978409,0.028469832614064217,0.06465744972229004,-1.5720725059509277e-06,128,0,-1,4.199872155115454,0.4806924753480957,4,0.2861351831642132,-0.00010499730706214905,5.000010132788502e-06,9.999729692936055e-05,4.199912409856781,0.4806213685450722,4,0.2860901142944679,-0.00010499916970729828,5.000010132788502e-06,9.999915957450978e-05
lift,1.9875,0.02862994372844696,0.06416098773479462,0.028630735352635384,0.06416255235671997,-1.564621925354004e-06,128,0,-1,4.199887326390351,0.4806049881245442,4,0.2860820724312184,-0.00010499730706214905,5.000010132788502e-06,9.999729692936055e-05,4.2000462501938145,0.48053452884262804,4,0.2860293079037245,-0.00010500289499759674,5.000010132788502e-06,0.00010000288486480824
lift,1.99,0.028789598494768143,0.06366272270679474,0.028790395706892014,0.06366428732872009,-1.564621925354004e-06,128,0,-1,4.199900721436659,0.4805506160458653,4,0.2860487949114446,-0.00010499730706214905,5.0018727779377326e-06,9.999543428421132e-05,4.200032855147355,0.4804797663209004,4,0.28599762364480547,-0.00010500289499759674,4.998147487639271e-06,0.00010000474750995747
lift,1.9925,0.02894800715148449,0.0631626769900322,0.02894880622625351,0.06316424161195755,-1.564621925354004e-06,128,0,-1,4.200032524610485,0.48052755671456393,4,0.286026092595038,-0.00010500289499759674,5.000010132788502e-06,0.00010000288486480824,4.199901051973778,0.48045811175522135,4,0.28599370902406507,-0.00010499730706214905,5.000010132788502e-06,9.999729692936055e-05
lift,1.995,0.029105164110660553,0.06266243010759354,0.02910596691071987,0.06266400218009949,-1.5720725059509277e-06,128,0,-1,4.199901047824097,0.48053608980439844,4,0.28604012590567857,-0.00010499730706214905,5.0018727779377326e-06,9.999543428421132e-05,4.2000325287601665,0.4804666670709467,4,0.28598984875765865,-0.00010500289499759674,4.998147487639271e-06,0.00010000474750995747
lift,1.9975,0.029261071234941483,0.062163546681404114,0.0292618777602911,0.062165115028619766,-1.5683472156524658e-06,128,0,-1,4.200032528708995,0.48057482953793035,4,0.28605423068333313,-0.00010500289499759674,5.000010132788502e-06,0.00010000288486480824,4.199901047875468,0.4805057075714997,4,0.28602204081365495,-0.00010499730706214905,5.000010132788502e-06,9.999729692936055e-05
lift,2.0,0.029415735974907875,0.06166752427816391,0.02941654622554779,0.06166909635066986,-1.5720725059509277e-06,128,0,-1,4.200035270429298,0.48064394870854943,4,0.28609518596936767,-0.00010500103235244751,5.0018727779377326e-06,9.999915957450978e-05,4.200047317767103,0.4805749164107742,4,0.286053275148734,-0.00010500289499759674,4.998147487639271e-06,0.00010000474750995747
lift,2.0025,0.029569165781140327,0.06117584556341171,0.02956997975707054,0.061177417635917664,-1.5720725059509277e-06,128,0,-1,4.1999951506290145,0.48059499539721207,4,0.28606877993968366,-0.00010500289499759674,5.0018727779377326e-06,0.00010000102221965901,4.1999384259543895,0.48082141738844875,4,0.2862074205761644,-0.00010500103235244751,4.998147487639271e-06,0.00010000288486480824
lift,2.005,0.029721373692154884,0.06068994104862213,0.029722195118665695,0.06069151312112808,-1.5720725059509277e-06,128,0,-1,4.200083398486123,0.48072183429016796,4,0.2861382671969318,-0.0001050066202878952,5.000010132788502e-06,0.0001000066101551067,4.199999189709209,0.48094754272625756,4,0.2862783544724662,-0.00010500103235244751,5.000010132788502e-06,0.00010000102221965901
lift,2.0075,0.029872378334403038,0.060211192816495895,0.029873203486204147,0.060212764889001846,-1.5720725059509277e-06,128,0,-1,4.199996504508979,0.48087729426613757,4,0.286236722905533,-0.00010500289499759674,5.0018727779377326e-06,0.00010000102221965901,4.199937072074746,0.4811008773205272,4,0.2863738605271923,-0.00010500103235244751,4.998147487639271e-06,0.00010000288486480824
lift,2.0100000000000002,0.03002220019698143,0.05974094942212105,0.03002302721142769,0.0597425252199173,-1.5757977962493896e-06,128,0,-1,4.199910603420027,0.4810581786346085,4,0.28635024888558236,-0.00010500103235244751,5.000010132788502e-06,0.00010000102221965901,4.20002297316388,0.48128060290709207,4,0.28647498238833624,-0.00010500289499759674,5.000010132788502e-06,0.00010000288486480824
lift,2.0125,0.030170859768986702,0.05928049609065056,0.03017169050872326,0.05928206816315651,-1.5720725059509277e-06,128,0,-1,4.199997141525491,0.4812648350639073,4,0.2864673586950978,-0.00010500289499759674,5.0018727779377326e-06,0.00010000102221965901,4.199936435058573,0.48148574874975053,4,0.2866029975659832,-0.00010500103235244751,4.998147487639271e-06,0.00010000288486480824
lift,2.015,0.030318383127450943,0.05883106216788292,0.030319221317768097,0.05883263796567917,-1.5757977962493896e-06,128,0,-1,4.199977873620451,0.48149572803933227,4,0.28660610991759516,-0.00010500289499759674,5.000010132788502e-06,0.00010000288486480824,4.19995570296355,0.4817143875291861,4,0.28673777868019024,-0.00010500103235244751,5.000010132788502e-06,0.00010000102221965901
lift,2.0175,0.03046480379998684,0.058393824845552444,0.030465643852949142,0.058395400643348694,-1.5757977962493896e-06,128,0,-1,4.199891186598576,0.4818985099840444,4,0.2868517829234084,-0.00010499730706214905,5.000010132788502e-06,9.999729692936055e-05,4.200042389985002,0.4818183270926839,4,0.28679372870234554,-0.00010500289499759674,5.000010132788502e-06,0.00010000288486480824
lift,2.02,0.03061014972627163,0.05796990171074867,0.03061099350452423,0.05797147750854492,-1.5757977962493896e-06,128,0,-1,4.199933770725462,0.48217195893110026,4,0.28701164426207953,-0.00010499730706214905,5.0018727779377326e-06,9.999543428421132e-05,4.1999998058580275,0.4820944863813401,4,0.2869610170629829,-0.00010500289499759674,4.998147487639271e-06,0.00010000474750995747
lift,2.0225,0.030754458159208298,0.05756034329533577,0.03075530380010605,0.05756191909313202,-1.5757977962493896e-06,128,0,-1,4.199883895715067,0.48246689103636375,4,0.2871906122979975,-0.00010499730706214905,5.000010132788502e-06,9.999729692936055e-05,4.19990066925658,0.48239020914246106,4,0.2871438202536397,-0.00010499916970729828,5.000010132788502e-06,9.999915957450978e-05
lift,2.025,0.03089776262640953,0.057166144251823425,0.03089861571788788,0.057167720049619675,-1.5757977962493896e-06,128,0,-1,4.199933679162161,0.482780316630564,4,0.2873737739156831,-0.00010499730706214905,5.0018727779377326e-06,9.999543428421132e-05,4.19999989742162,0.482705955562158,4,0.28732498056636335,-0.00010500289499759674,4.998147487639271e-06,0.00010000474750995747
lift,2.0275,0.03104010783135891,0.056788213551044464,0.031040962785482407,0.05678979307413101,-1.5795230865478516e-06,128,0,-1,4.200046143031518,0.4831131283889093,4,0.28756417902126125,-0.00010500289499759674,5.0018727779377326e-06,0.00010000102221965901,4.199887433552221,0.48303882119673264,4,0.2875308141224296,-0.00010499730706214905,4.998147487639271e-06,9.999915957450978e-05
lift,2.0300000000000002,0.03118153288960457,0.05642741546034813,0.031182395294308662,0.05642899498343468,-1.5795230865478516e-06,128,0,-1,4.199999852992295,0.48346223647437664,4,0.28777515083121574,-0.00010500289499759674,5.000010132788502e-06,0.00010000288486480824,4.199933723591485,0.48338760574281564,4,0.2877352581944179,-0.00010499730706214905,5.000010132788502e-06,9.999729692936055e-05
lift,2.0325,0.031322088092565536,0.0560845322906971,0.03132295235991478,0.056086115539073944,-1.5832483768463135e-06,128,0,-1,4.199887432995176,0.48382629710103486,4,0.2879995623811226,-0.00010499730706214905,5.000010132788502e-06,9.999729692936055e-05,4.2000461435886525,0.4837522077773732,4,0.287944579201718,-0.00010500289499759674,5.000010132788502e-06,0.00010000288486480824
lift,2.035,0.03146181255578995,0.055760279297828674,0.03146267682313919,0.05576185882091522,-1.5795230865478516e-06,128,0,-1,4.199933723584897,0.48420403703367443,4,0.2882212368701244,-0.00010499730706214905,5.0018727779377326e-06,9.999543428421132e-05,4.19999985299898,0.48413046625364764,4,0.28817290666567386,-0.00010500289499759674,4.998147487639271e-06,0.00010000474750995747
lift,2.0375,0.03160075098276138,0.055455293506383896,0.031601618975400925,0.05545687675476074,-1.5832483768463135e-06,128,0,-1,4.200032906735335,0.48459375500589996,4,0.28844640373459135,-0.00010500103235244751,5.000010132788502e-06,0.00010000102221965901,4.200049681460527,0.4845207027549254,4,0.28840176873005346,-0.00010500289499759674,5.000010132788502e-06,0.00010000288486480824
lift,2.04,0.03173895552754402,0.05517016351222992,0.03173982724547386,0.055171750485897064,-1.5869736671447754e-06,128,0,-1,4.200034900898888,0.48499529961620236,4,0.28868527944398986,-0.00010500103235244751,5.0018727779377326e-06,9.999915957450978e-05,4.2000476872969745,0.4849222473700566,4,0.2886409175999964,-0.00010500289499759674,4.998147487639271e-06,0.00010000474750995747
lift,2.0425,0.03187647461891174,0.05490538105368614,0.03187735006213188,0.05490696802735329,-1.5869736671447754e-06,128,0,-1,4.2000323383364915,0.4854058473707694,4,0.2889298273611771,-0.00010500289499759674,5.000010132788502e-06,0.00010000288486480824,4.199901238247433,0.48533270496624953,4,0.2888953081482297,-0.00010499730706214905,5.000010132788502e-06,9.999729692936055e-05
lift,2.045,0.03201337158679962,0.054661378264427185,0.03201425075531006,0.05466296523809433,-1.5869736671447754e-06,128,0,-1,4.199901045482966,0.4858240192679739,4,0.28918777728732575,-0.00010499730706214905,5.0018727779377326e-06,9.999543428421132e-05,4.200032531101055,0.48575200418670056,4,0.2891358582283164,-0.00010500289499759674,4.998147487639271e-06,0.00010000474750995747
lift,2.0475,0.03214968368411064,0.054438501596450806,0.032150570303201675,0.05444008857011795,-1.5869736671447754e-06,128,0,-1,4.200032528678881,0.4862490058447966,4,0.28943169042416084,-0.00010500289499759674,5.000010132788502e-06,0.00010000288486480824,4.19990104790514,0.4861769680394308,4,0.2893978706247912,-0.00010499730706214905,5.000010132788502e-06,9.999729692936055e-05
lift,2.05,0.03228547424077988,0.05423703417181969,0.03228636458516121,0.05423862487077713,-1.5906989574432373e-06,128,0,-1,4.200035270429097,0.48667846436678464,4,0.2896871294113342,-0.00010500103235244751,5.0018727779377326e-06,9.999915957450978e-05,4.20004731776696,0.48660748643940094,4,0.2896440501878177,-0.00010500289499759674,4.998147487639271e-06,0.00010000474750995747
lift,2.0525,0.032420795410871506,0.05405718833208084,0.03242168948054314,0.05405878275632858,-1.5944242477416992e-06,128,0,-1,4.2000261808710935,0.48711185891167896,4,0.28994572767797067,-0.00010500289499759674,5.000010132788502e-06,0.00010000288486480824,4.1999073957131206,0.48704207338859484,4,0.28991238823844223,-0.00010499730706214905,5.000010132788502e-06,9.999729692936055e-05
lift,2.055,0.03255569562315941,0.05389910936355591,0.03255659341812134,0.05390070378780365,-1.5944242477416992e-06,128,0,-1,4.1999461180171975,0.4875479214197895,4,0.2902108192104389,-0.00010499916970729828,5.000010132788502e-06,9.999915957450978e-05,4.1999874585670165,0.48747798025263256,4,0.290166330888851,-0.00010500103235244751,5.000010132788502e-06,0.00010000102221965901
lift,2.0575,0.03269023448228836,0.05376286804676056,0.03269113972783089,0.0537644624710083,-1.5944242477416992e-06,128,0,-1,4.199968788418305,0.4878372106449539,4,0.29038144997065074,-0.00010500289499759674,5.000010132788502e-06,0.00010000288486480824,4.199964788165288,0.4880625444271739,4,0.29051585492004744,-0.00010500103235244751,5.000010132788502e-06,0.00010000102221965901
lift,2.06,0.03282446414232254,0.0536484532058239,0.03282538056373596,0.05365005135536194,-1.5981495380401611e-06,128,0,-1,4.199966828380493,0.48827432318801145,4,0.29064177357817966,-0.00010500289499759674,5.000010132788502e-06,0.00010000288486480824,4.199966748203311,0.4884978290225442,4,0.2907748193670325,-0.00010500103235244751,5.000010132788502e-06,0.00010000102221965901
lift,2.0625,0.032958440482616425,0.05355581268668175,0.032959360629320145,0.05355741083621979,-1.5981495380401611e-06,128,0,-1,4.199989440091196,0.48870985036201464,4,0.2908994518515998,-0.00010500289499759674,5.000010132788502e-06,0.00010000288486480824,4.199944136492764,0.4889318008285238,4,0.2910347048311068,-0.00010500103235244751,5.000010132788502e-06,0.00010000102221965901
lift,2.065,0.03309221938252449,0.05348482355475426,0.03309313952922821,0.0534864217042923,-1.5981495380401611e-06,128,0,-1,4.200021414914273,0.48914289864096716,4,0.29115500274833184,-0.00010500289499759674,5.000010132788502e-06,0.00010000288486480824,4.199912161670015,0.4893620066242488,4,0.29129300077413006,-0.00010500103235244751,5.000010132788502e-06,0.00010000102221965901
lift,2.0675,0.033225852996110916,0.05343528091907501,0.033226773142814636,0.05343688279390335,-1.601874828338623e-06,128,0,-1,4.199962085638891,0.4897181259274623,4,0.2915015159315225,-0.00010499916970729828,5.000010132788502e-06,9.999915957450978e-05,4.19997149094461,0.4896407827538708,4,0.29145482523486504,-0.00010500103235244751,5.000010132788502e-06,0.00010000102221965901
lift,2.07,0.03335939347743988,0.053406935185194016,0.0333603173494339,0.053408537060022354,-1.601874828338623e-06,128,0,-1,4.199966729231818,0.49013893932061,4,0.29175167978667377,-0.00010499916970729828,5.000010132788502e-06,9.999915957450978e-05,4.199966847351829,0.4900631516990731,4,0.29170655954586205,-0.00010500103235244751,5.000010132788502e-06,0.00010000102221965901
lift,2.0725000000000002,0.03349289298057556,0.0533994622528553,0.03349382430315018,0.05340106412768364,-1.601874828338623e-06,128,0,-1,4.199953852512966,0.4905528125448019,4,0.29199893009020117,-0.00010499730706214905,5.0018727779377326e-06,9.999543428421132e-05,4.199979724070873,0.49047909924393884,4,0.2919532542222233,-0.00010500289499759674,4.998147487639271e-06,0.00010000474750995747
lift,2.075,0.033626407384872437,0.053412485867738724,0.03362734615802765,0.05341409146785736,-1.605600118637085e-06,128,0,-1,4.199898936973367,0.49095871646961764,4,0.2922443633985537,-0.00010499730706214905,5.0018727779377326e-06,9.999543428421132e-05,4.200034639610569,0.4908860398523648,4,0.292191661482273,-0.00010500289499759674,4.998147487639271e-06,0.00010000474750995747
lift,2.0775,0.03375998139381409,0.053445570170879364,0.033760927617549896,0.053447175770998,-1.605600118637085e-06,128,0,-1,4.200032502198392,0.491356068230937,4,0.29247158681138186,-0.00010500289499759674,5.000010132788502e-06,0.00010000288486480824,4.199901074385654,0.4912839632035002,4,0.2924378184760955,-0.00010499730706214905,5.000010132788502e-06,9.999729692936055e-05
lift,2.08,0.03389367088675499,0.05349823459982872,0.0338946208357811,0.05349984019994736,-1.605600118637085e-06,128,0,-1,4.19990104754223,0.4917424240531655,4,0.2927107201376397,-0.00010499730706214905,5.0018727779377326e-06,9.999543428421132e-05,4.200032529041948,0.49167234026746637,4,0.2926598406486745,-0.00010500289499759674,4.998147487639271e-06,0.00010000474750995747
lift,2.0825,0.034027520567178726,0.053569942712783813,0.034028470516204834,0.05357155203819275,-1.6093254089355469e-06,128,0,-1,4.200032528705554,0.49211870513997086,4,0.29292553199084465,-0.00010500289499759674,5.000010132788502e-06,0.00010000288486480824,4.199901047878672,0.492048802201185,4,0.29289309235613653,-0.00010499730706214905,5.000010132788502e-06,9.999729692936055e-05
lift,2.085,0.03416157886385918,0.053660113364458084,0.034162528812885284,0.05366172268986702,-1.6093254089355469e-06,128,0,-1,4.199978692645747,0.4923355919505209,4,0.29305838670837253,-0.00010500289499759674,5.000010132788502e-06,0.00010000288486480824,4.199954883937782,0.4925601466843029,4,0.29319371296584607,-0.00010500103235244751,5.000010132788502e-06,0.00010000102221965901
lift,2.0875,0.03429589420557022,0.053768109530210495,0.03429684042930603,0.05376971885561943,-1.6093254089355469e-06,128,0,-1,4.199940362717661,0.4926877296777287,4,0.2932706700143026,-0.00010500103235244751,5.000010132788502e-06,0.00010000102221965901,4.1999932138660965,0.49291072887287124,4,0.29339971743617804,-0.00010500289499759674,5.000010132788502e-06,0.00010000288486480824
lift,2.09,0.03443049639463425,0.053893253207206726,0.03443145006895065,0.05389486625790596,-1.6130506992340088e-06,128,0,-1,4.199955782167072,0.49302568610955444,4,0.2934707599797429,-0.00010500103235244751,5.0018727779377326e-06,9.999915957450978e-05,4.1999777944168315,0.4932480895401187,4,0.29360160558218285,-0.00010500289499759674,4.998147487639271e-06,0.00010000474750995747
lift,2.0925000000000002,0.03456543758511543,0.05403483286499977,0.034566402435302734,0.054036445915699005,-1.6130506992340088e-06,128,0,-1,4.199964980944899,0.49334937821155866,4,0.29366279269581314,-0.00010500289499759674,5.000010132788502e-06,0.00010000288486480824,4.199968595639205,0.4935697022256582,4,0.2937936861826347,-0.00010500103235244751,5.000010132788502e-06,0.00010000102221965901
lift,2.095,0.03470075875520706,0.05419209599494934,0.03470172733068466,0.054193709045648575,-1.6130506992340088e-06,128,0,-1,4.199966780729762,0.4936578627166528,4,0.29384629003594026,-0.00010500289499759674,5.000010132788502e-06,0.00010000288486480824,4.199966795854656,0.4938761639409467,4,0.29397623120997035,-0.00010500103235244751,5.000010132788502e-06,0.00010000102221965901
lift,2.0975,0.03483649715781212,0.05436426028609276,0.03483746200799942,0.05436587333679199,-1.6130506992340088e-06,128,0,-1,4.200056384877958,0.4940965717727353,4,0.29410115394622993,-0.00010500289499759674,5.000010132788502e-06,0.00010000288486480824,4.200026203317627,0.4940207844219837,4,0.2940581561323079,-0.00010500103235244751,5.000010132788502e-06,0.00010000102221965901
lift,2.1,0.03497267886996269,0.05455050244927406,0.03497365862131119,0.054552119225263596,-1.6167759895324707e-06,128,0,-1,4.199967876078903,0.4943708333839856,4,0.29427060394895865,-0.00010499916970729828,5.000010132788502e-06,9.999915957450978e-05,4.1999657005048405,0.49429608279982934,4,0.29422626162185944,-0.00010500103235244751,5.000010132788502e-06,0.00010000102221965901
lift,2.1025,0.03510935232043266,0.0547499880194664,0.035110339522361755,0.05475160479545593,-1.6167759895324707e-06,128,0,-1,4.199966801952249,0.49462818267498754,4,0.29442386452023384,-0.00010499916970729828,5.000010132788502e-06,9.999915957450978e-05,4.199966774631639,0.49455498763863537,4,0.2943802976167655,-0.00010500103235244751,5.000010132788502e-06,0.00010000102221965901
lift,2.105,0.03524654358625412,0.05496184527873993,0.03524753451347351,0.05496346205472946,-1.6167759895324707e-06,128,0,-1,4.2000422299640725,0.4948685354186425,4,0.294561642671195,-0.00010500289499759674,5.000010132788502e-06,0.00010000288486480824,4.200040358231753,0.4947950942735304,4,0.29451805939422127,-0.00010500103235244751,5.000010132788502e-06,0.00010000102221965901
lift,2.1075,0.03538428619503975,0.05518518015742302,0.03538527339696884,0.05518679693341255,-1.6167759895324707e-06,128,0,-1,4.200041305850486,0.49509020023151024,4,0.29469364952546406,-0.00010500289499759674,5.000010132788502e-06,0.00010000288486480824,4.200041282345437,0.4950180422292131,4,0.2946507004050084,-0.00010500103235244751,5.000010132788502e-06,0.00010000102221965901
lift,2.11,0.03552259877324104,0.05541909113526344,0.035523585975170135,0.055420711636543274,-1.6205012798309326e-06,128,0,-1,4.200047582110377,0.4952943500333329,4,0.2948147255182194,-0.00010500289499759674,4.998147487639271e-06,0.00010000474750995747,4.200035006085643,0.4952229829528248,4,0.29477312822111673,-0.00010500103235244751,5.0018727779377326e-06,9.999915957450978e-05
lift,2.1125,0.03566151112318039,0.05566265806555748,0.03566250205039978,0.05566427484154701,-1.6167759895324707e-06,128,0,-1,4.199876363921783,0.4953311787124731,4,0.29484866683667094,-0.00010499730706214905,5.000010132788502e-06,9.999729692936055e-05,4.20005721266167,0.49555690337766745,4,0.2949703291444106,-0.0001050066202878952,5.000010132788502e-06,0.0001000066101551067
lift,2.115,0.03580104559659958,0.05591493472456932,0.03580203652381897,0.05591655522584915,-1.6205012798309326e-06,128,0,-1,4.199968474955733,0.4954988456091852,4,0.2949420028768238,-0.00010500289499759674,4.998147487639271e-06,0.00010000474750995747,4.199965101627977,0.49572255873901094,4,0.295075403452079,-0.00010500103235244751,5.0018727779377326e-06,9.999915957450978e-05
lift,2.1175,0.0359412282705307,0.05617498233914375,0.03594221919775009,0.056176602840423584,-1.6205012798309326e-06,128,0,-1,4.199970754585785,0.495647119290618,4,0.2950301015485882,-0.00010500289499759674,5.000010132788502e-06,0.00010000288486480824,4.199962821998052,0.4958697954056221,4,0.29516320526006556,-0.00010500103235244751,5.000010132788502e-06,0.00010000102221965901
lift,2.12,0.03608206287026405,0.05644185096025467,0.03608305752277374,0.0564434677362442,-1.6167759895324707e-06,128,0,-1,4.199976285101027,0.49577683322142574,4,0.29510692416296597,-0.00010500289499759674,5.000010132788502e-06,0.00010000288486480824,4.199957291483004,0.49599795353765364,4,0.2952398793098898,-0.00010500103235244751,5.000010132788502e-06,0.00010000102221965901
lift,2.1225,0.036223575472831726,0.056714583188295364,0.036224573850631714,0.056716203689575195,-1.6205012798309326e-06,128,0,-1,4.199989559076901,0.4958872822971258,4,0.29517173514481004,-0.00010500289499759674,5.000010132788502e-06,0.00010000288486480824,4.199944017507388,0.49610662075453493,4,0.29530549614859375,-0.00010500103235244751,5.000010132788502e-06,0.00010000102221965901
lift,2.125,0.036365777254104614,0.05699222907423973,0.0363667830824852,0.05699384957551956,-1.6205012798309326e-06,128,0,-1,4.199964828867447,0.49612557489647824,4,0.2953153151941169,-0.00010499916970729828,5.000010132788502e-06,9.999915957450978e-05,4.199968747716145,0.4960499824464522,4,0.2952700438046079,-0.00010500103235244751,5.000010132788502e-06,0.00010000102221965901
lift,2.1275,0.03650867938995361,0.057273831218481064,0.036509692668914795,0.057275451719760895,-1.6205012798309326e-06,128,0,-1,4.200073969379979,0.49619636690832364,4,0.29534977867400086,-0.00010500289499759674,5.000010132788502e-06,0.00010000288486480824,4.200008618815752,0.49612188895667353,4,0.2953100421830573,-0.00010500103235244751,5.000010132788502e-06,0.00010000102221965901
lift,2.13,0.03665228933095932,0.05755845457315445,0.0366533100605011,0.05756007507443428,-1.6205012798309326e-06,128,0,-1,4.199898980709075,0.49624864165331806,4,0.29539320108214584,-0.00010499916970729828,4.998147487639271e-06,0.00010000102221965901,4.199885584262875,0.4961752007413821,4,0.29535042728340555,-0.00010499730706214905,5.0018727779377326e-06,9.999543428421132e-05
lift,2.1325,0.03679661452770233,0.05784515291452408,0.03679763525724411,0.05784677714109421,-1.6242265701293945e-06,128,0,-1,4.199967246691241,0.49628206356782334,4,0.29540829393300466,-0.00010499916970729828,5.000010132788502e-06,9.999915957450978e-05,4.199966329892792,0.49621042407137994,4,0.29536571551756113,-0.00010500103235244751,5.000010132788502e-06,0.00010000102221965901
lift,2.1350000000000002,0.036941658705472946,0.05813300982117653,0.03694269061088562,0.05813463404774666,-1.6242265701293945e-06,128,0,-1,4.1999667940491,0.4962972821279675,4,0.29541738450835325,-0.00010499916970729828,5.000010132788502e-06,9.999915957450978e-05,4.199966782535095,0.4962268748343176,4,0.29537547588340424,-0.00010500103235244751,5.000010132788502e-06,0.00010000102221965901
lift,2.1375,0.037087421864271164,0.058421116322278976,0.03708845376968384,0.05842273682355881,-1.6205012798309326e-06,128,0,-1,4.199967739000247,0.49614792201532304,4,0.29532841253051223,-0.00010500289499759674,5.000010132788502e-06,0.00010000288486480824,4.199965837583462,0.4963716347017709,4,0.2954617096286721,-0.00010500103235244751,5.000010132788502e-06,0.00010000102221965901
lift,2.14,0.03723390772938728,0.05870857462286949,0.037234947085380554,0.05871019512414932,-1.6205012798309326e-06,128,0,-1,4.199966815443343,0.4961284201495899,4,0.29531686912698807,-0.00010500289499759674,5.000010132788502e-06,0.00010000288486480824,4.199966761140491,0.4963511469390789,4,0.29544944946439045,-0.00010500103235244751,5.000010132788502e-06,0.00010000102221965901
lift,2.1425,0.03738110512495041,0.058994513005018234,0.03738214820623398,0.058996133506298065,-1.6205012798309326e-06,128,0,-1,4.1999818947191425,0.496091482518654,4,0.2952938220652902,-0.00010500289499759674,5.000010132788502e-06,0.00010000288486480824,4.199951681864804,0.4963135626735881,4,0.2954281383858813,-0.00010500103235244751,5.000010132788502e-06,0.00010000102221965901
lift,2.145,0.03752901777625084,0.05927807465195656,0.03753006458282471,0.05927969515323639,-1.6205012798309326e-06,128,0,-1,4.199973281082409,0.4960384241832839,4,0.2952628451337706,-0.00010500289499759674,4.998147487639271e-06,0.00010000474750995747,4.199960295501747,0.49625823020214693,4,0.2953945961903799,-0.00010500103235244751,5.0018727779377326e-06,9.999915957450978e-05
lift,2.1475,0.03767763450741768,0.0595584362745285,0.037678688764572144,0.05956006050109863,-1.6242265701293945e-06,128,0,-1,4.199939755933273,0.49611536748458185,4,0.29531100224932844,-0.00010499916970729828,5.000010132788502e-06,9.999915957450978e-05,4.199993820650422,0.49603985272628964,4,0.2952622515105698,-0.00010500103235244751,5.000010132788502e-06,0.00010000102221965901
lift,2.15,0.03782694786787033,0.0598347969353199,0.0378279983997345,0.05983641743659973,-1.6205012798309326e-06,128,0,-1,4.1999664488009,0.49602793011827145,4,0.295257078934457,-0.00010499916970729828,5.000010132788502e-06,9.999915957450978e-05,4.199967127782989,0.4959547353327525,4,0.29521346253640157,-0.00010500103235244751,5.000010132788502e-06,0.00010000102221965901
lift,2.1525,0.0379769429564476,0.06010637432336807,0.037978000938892365,0.0601079985499382,-1.6242265701293945e-06,128,0,-1,4.199966784028438,0.4959253355412364,4,0.2951959866844262,-0.00010499916970729828,5.000010132788502e-06,9.999915957450978e-05,4.199966792555596,0.49585369604858787,4,0.29515334319278674,-0.00010500103235244751,5.000010132788502e-06,0.00010000102221965901
lift,2.1550000000000002,0.03812761232256889,0.060372427105903625,0.03812866657972336,0.060374047607183456,-1.6205012798309326e-06,128,0,-1,4.199967732913438,0.4956609853159373,4,0.2950385674582948,-0.00010500289499759674,5.000010132788502e-06,0.00010000288486480824,4.199965843670195,0.4958859597561463,4,0.2951726146198905,-0.00010500103235244751,5.000010132788502e-06,0.00010000102221965901
lift,2.1575,0.038278933614492416,0.060632240027189255,0.03827998787164688,0.060633860528469086,-1.6205012798309326e-06,128,0,-1,4.199966815349615,0.49553136427846417,4,0.294961475926099,-0.00010500289499759674,5.000010132788502e-06,0.00010000288486480824,4.199966761234174,0.49575484620085364,4,0.2950945057331682,-0.00010500103235244751,5.000010132788502e-06,0.00010000102221965901
lift,2.16,0.038430895656347275,0.06088512763381004,0.038431957364082336,0.060886748135089874,-1.6205012798309326e-06,128,0,-1,4.200003021921173,0.4953886498899449,4,0.2948739841997443,-0.00010500289499759674,5.000010132788502e-06,0.00010000288486480824,4.199930554662826,0.49561001162704543,4,0.2950108371892076,-0.00010500103235244751,5.000010132788502e-06,0.00010000102221965901
lift,2.1625,0.038583479821681976,0.06113044172525406,0.038584545254707336,0.06113206222653389,-1.6205012798309326e-06,128,0,-1,4.199969401652513,0.4953806694728458,4,0.2948715943489577,-0.00010499916970729828,5.000010132788502e-06,9.999915957450978e-05,4.199964174931187,0.4953046869576429,4,0.29482673323383646,-0.00010500103235244751,5.000010132788502e-06,0.00010000102221965901
lift,2.165,0.03873666375875473,0.06136757507920265,0.03873772919178009,0.06136919558048248,-1.6205012798309326e-06,128,0,-1,4.1999668211129775,0.49521091602045625,4,0.294770731003791,-0.00010499916970729828,5.000010132788502e-06,9.999915957450978e-05,4.1999667554709035,0.4951375260718508,4,0.2947270507718195,-0.00010500103235244751,5.000010132788502e-06,0.00010000102221965901
lift,2.1675,0.038890425115823746,0.06159595027565956,0.038891494274139404,0.061597567051649094,-1.6167759895324707e-06,128,0,-1,4.199966788703779,0.49503084299590994,4,0.2946635461066881,-0.00010499916970729828,5.000010132788502e-06,9.999915957450978e-05,4.199966787880212,0.49495900833704815,4,0.29462078710083184,-0.00010500103235244751,5.000010132788502e-06,0.00010000102221965901
lift,2.17,0.03904474526643753,0.061815034598112106,0.03904581069946289,0.06181665137410164,-1.6167759895324707e-06,128,0,-1,4.199965904281887,0.4946926428879127,4,0.2944622969341078,-0.00010500289499759674,5.000010132788502e-06,0.00010000288486480824,4.199967672301758,0.4949171666310761,4,0.2945958190910555,-0.00010500103235244751,5.000010132788502e-06,0.00010000102221965901
lift,2.1725,0.039199598133563995,0.062024325132369995,0.03920067101716995,0.06202594190835953,-1.6167759895324707e-06,128,0,-1,4.199965669519418,0.4945302771244089,4,0.29436566631566985,-0.00010500103235244751,5.000010132788502e-06,0.00010000102221965901,4.199967907064304,0.49468010307882593,4,0.29445469228870713,-0.00010500103235244751,5.000010132788502e-06,0.00010000102221965901
lift,2.1750000000000003,0.03935495764017105,0.062223367393016815,0.03935603052377701,0.06222498416900635,-1.6167759895324707e-06,128,0,-1,4.199951267354759,0.4942847435045761,4,0.29422052307281277,-0.00010500103235244751,5.000010132788502e-06,0.00010000102221965901,4.199982309228978,0.4945088431978677,4,0.2943517417390315,-0.00010500289499759674,5.000010132788502e-06,0.00010000288486480824
lift,2.1775,0.039510805159807205,0.06241174414753914,0.03951188176870346,0.06241335719823837,-1.6130506992340088e-06,128,0,-1,4.19996660851873,0.4940686914331047,4,0.2940908449313576,-0.00010500103235244751,5.000010132788502e-06,0.00010000102221965901,4.199966968065112,0.4942918088283053,4,0.29422362877297886,-0.00010500289499759674,5.000010132788502e-06,0.00010000288486480824
lift,2.18,0.03966710343956947,0.06258907169103622,0.03966818004846573,0.06259068101644516,-1.6093254089355469e-06,128,0,-1,4.199956111807202,0.49384571988310577,4,0.2939588573882791,-0.00010500103235244751,5.0018727779377326e-06,9.999915957450978e-05,4.199977464776708,0.494067928422422,4,0.29408963057893994,-0.00010500289499759674,4.998147487639271e-06,0.00010000474750995747
lift,2.1825,0.039823830127716064,0.06275501847267151,0.03982491046190262,0.06275662779808044,-1.6093254089355469e-06,128,0,-1,4.1999666693450886,0.49361565310224476,4,0.29382117285898335,-0.00010500103235244751,5.0018727779377326e-06,9.999915957450978e-05,4.199966907238823,0.49383781573031554,4,0.29395339691794053,-0.00010500289499759674,4.998147487639271e-06,0.00010000474750995747
lift,2.185,0.03998095169663429,0.06290929019451141,0.039982035756111145,0.06291089951992035,-1.6093254089355469e-06,128,0,-1,4.200054242768565,0.4933800915702331,4,0.29367483314037507,-0.00010500475764274597,5.0018727779377326e-06,0.00010000288486480824,4.200028345427437,0.493601217177489,4,0.29380826543401284,-0.00010500289499759674,4.998147487639271e-06,0.00010000474750995747
lift,2.1875,0.04013843834400177,0.06305162608623505,0.04013953357934952,0.06305323541164398,-1.6093254089355469e-06,128,0,-1,4.199964720364939,0.49313965497800527,4,0.2935379746089604,-0.00010500103235244751,5.0018727779377326e-06,9.999915957450978e-05,4.199968856219165,0.4933601339114849,4,0.2936689239855521,-0.00010500289499759674,4.998147487639271e-06,0.00010000474750995747
lift,2.19,0.04029626399278641,0.0631818175315857,0.040297359228134155,0.06318342685699463,-1.6093254089355469e-06,128,0,-1,4.199971703055777,0.49300627216974313,4,0.2934580915218108,-0.00010500103235244751,5.0018727779377326e-06,9.999915957450978e-05,4.199961873527857,0.49300521189527496,4,0.2934581472052528,-0.00010499730706214905,4.998147487639271e-06,9.999915957450978e-05
lift,2.1925,0.04045439884066582,0.06329970061779022,0.040455497801303864,0.06330130994319916,-1.6093254089355469e-06,128,0,-1,4.19994144778938,0.4927960606728715,4,0.2933350778808193,-0.00010499916970729828,5.000010132788502e-06,9.999915957450978e-05,4.199992128794412,0.49272158299728247,4,0.2932872061945482,-0.00010500103235244751,5.000010132788502e-06,0.00010000102221965901
lift,2.195,0.04061280936002731,0.06340514868497849,0.04061391204595566,0.06340675055980682,-1.601874828338623e-06,128,0,-1,4.200020797199455,0.49252593353581764,4,0.29316874684539096,-0.00010500289499759674,5.000010132788502e-06,0.00010000288486480824,4.199912779384522,0.49249112423215613,4,0.2931555666165099,-0.00010499730706214905,5.000010132788502e-06,9.999729692936055e-05
lift,2.1975000000000002,0.04077146574854851,0.06349806487560272,0.04077257215976715,0.06349967420101166,-1.6093254089355469e-06,128,0,-1,4.199922855295912,0.49225681370375224,4,0.2930153902011788,-0.00010499730706214905,5.0018727779377326e-06,9.999543428421132e-05,4.200010721288031,0.4922585657693198,4,0.2930103030893914,-0.00010500103235244751,4.998147487639271e-06,0.00010000288486480824
lift,2.2,0.040930330753326416,0.06357841938734055,0.040931448340415955,0.06358002871274948,-1.6093254089355469e-06,128,0,-1,4.200078835487347,0.4918945126151911,4,0.29278885699660634,-0.0001050066202878952,5.000010132788502e-06,0.0001000066101551067,4.200003752708236,0.49211849755477244,4,0.2929274153847159,-0.00010500103235244751,5.000010132788502e-06,0.00010000102221965901
lift,2.2025,0.04108937829732895,0.06364618986845016,0.041090503334999084,0.0636477917432785,-1.601874828338623e-06,128,0,-1,4.199996447535194,0.49164362834187036,4,0.29264526439682814,-0.00010500289499759674,5.000010132788502e-06,0.00010000288486480824,4.199937129048594,0.49186726424574206,4,0.2927825162213583,-0.00010500103235244751,5.000010132788502e-06,0.00010000102221965901
lift,2.205,0.04124858230352402,0.06370140612125397,0.04124970734119415,0.0637030154466629,-1.6093254089355469e-06,128,0,-1,4.199956808349573,0.49139282756927405,4,0.2924987386729657,-0.00010500103235244751,5.000010132788502e-06,0.00010000102221965901,4.199976768234338,0.49161505900505875,4,0.29262962995610375,-0.00010500289499759674,5.000010132788502e-06,0.00010000288486480824
lift,2.2075,0.041407905519008636,0.06374415010213852,0.04140903055667877,0.06374575197696686,-1.601874828338623e-06,128,0,-1,4.1999901766654935,0.49114516183348494,4,0.2923489943870659,-0.00010500289499759674,5.000010132788502e-06,0.00010000288486480824,4.19994339991857,0.4913658411440044,4,0.2924836089181173,-0.00010500103235244751,5.000010132788502e-06,0.00010000102221965901
lift,2.21,0.04156731441617012,0.06377451866865158,0.041568443179130554,0.06377612054347992,-1.601874828338623e-06,128,0,-1,4.199834175593112,0.49104667373940325,4,0.2923012273871839,-0.00010499730706214905,5.000010132788502e-06,9.999729692936055e-05,4.19995038937877,0.49097088271258416,4,0.29224802509227105,-0.00010499916970729828,5.000010132788502e-06,9.999915957450978e-05
lift,2.2125,0.04172677919268608,0.06379266083240509,0.04172791540622711,0.06379427015781403,-1.6093254089355469e-06,128,0,-1,4.200028146718509,0.4908032323606902,4,0.29214282334283626,-0.00010500289499759674,5.000010132788502e-06,0.00010000288486480824,4.199905429865282,0.49072866305739954,4,0.2921069719617117,-0.00010499730706214905,5.000010132788502e-06,9.999729692936055e-05
lift,2.215,0.04188627377152443,0.06379874795675278,0.04188741743564606,0.06380034983158112,-1.601874828338623e-06,128,0,-1,4.200003975190619,0.49056331094198413,4,0.29200169442680096,-0.00010500103235244751,5.000010132788502e-06,0.00010000102221965901,4.200078613005181,0.4904890890329378,4,0.29195232650775904,-0.00010500289499759674,5.000010132788502e-06,0.00010000288486480824
lift,2.2175000000000002,0.04204576462507248,0.06379299610853195,0.042046912014484406,0.06379459798336029,-1.601874828338623e-06,128,0,-1,4.199876722935033,0.49032675083405736,4,0.29186972807823175,-0.00010499730706214905,5.000010132788502e-06,9.999729692936055e-05,4.19990784203711,0.49025587516076186,4,0.29182537665098485,-0.00010499916970729828,5.000010132788502e-06,9.999915957450978e-05
lift,2.22,0.04220522195100784,0.06377565860748291,0.042206376791000366,0.06377725303173065,-1.5944242477416992e-06,128,0,-1,4.199960319133787,0.48994933846105476,4,0.29163926634555887,-0.00010500103235244751,5.0018727779377326e-06,9.999915957450978e-05,4.199973257449898,0.49017396595734475,4,0.2917720756244554,-0.00010500289499759674,4.998147487639271e-06,0.00010000474750995747
lift,2.2225,0.04236461967229843,0.06374698877334595,0.042365774512290955,0.06374859064817429,-1.601874828338623e-06,128,0,-1,4.1999627921492335,0.489726462506901,4,0.2915064291892779,-0.00010500103235244751,5.000010132788502e-06,0.00010000102221965901,4.19997078443467,0.4899488889804279,4,0.2916382721019193,-0.00010500289499759674,5.000010132788502e-06,0.00010000288486480824
lift,2.225,0.042523931711912155,0.06370731443166733,0.04252509027719498,0.06370891630649567,-1.601874828338623e-06,128,0,-1,4.199945500133107,0.4895101668569751,4,0.2913788802982451,-0.00010500103235244751,5.0018727779377326e-06,9.999915957450978e-05,4.199988076451053,0.4897300264961013,4,0.29150679572280963,-0.00010500289499759674,4.998147487639271e-06,0.00010000474750995747
lift,2.2275,0.04268312454223633,0.06365696340799332,0.04268428683280945,0.06365856528282166,-1.601874828338623e-06,128,0,-1,4.200024626807865,0.4894476401664185,4,0.29133617279430823,-0.00010500103235244751,5.000010132788502e-06,0.00010000102221965901,4.200057961387934,0.48937030767128364,4,0.29128782993602326,-0.00010500289499759674,5.000010132788502e-06,0.00010000288486480824
lift,2.23,0.04284217581152916,0.06359628587961197,0.042843349277973175,0.06359788775444031,-1.601874828338623e-06,128,0,-1,4.200016989682368,0.48924309038044833,4,0.29121494721468255,-0.00010500103235244751,5.0018727779377326e-06,9.999915957450978e-05,4.1999165869015105,0.4891680391453677,4,0.29117723472828033,-0.00010499916970729828,4.998147487639271e-06,0.00010000102221965901
lift,2.2325,0.04300105944275856,0.06352566927671432,0.043002232909202576,0.06352727115154266,-1.601874828338623e-06,128,0,-1,4.199992771424387,0.4890477649738472,4,0.2911003611132355,-0.00010500103235244751,5.000010132788502e-06,0.00010000102221965901,4.2000898167714045,0.48897334790572233,4,0.2910493401552985,-0.00010500289499759674,5.000010132788502e-06,0.00010000288486480824
lift,2.235,0.04315975680947304,0.06344552338123322,0.04316093027591705,0.06344711780548096,-1.5944242477416992e-06,128,0,-1,4.200004466616845,0.48885863924444767,4,0.2909869758056646,-0.00010500103235244751,5.000010132788502e-06,0.00010000102221965901,4.2000781215788745,0.48878782549900557,4,0.2909397226373867,-0.00010500289499759674,5.000010132788502e-06,0.00010000288486480824
lift,2.2375000000000003,0.043318238109350204,0.06335629522800446,0.04331941157579422,0.0633578896522522,-1.5944242477416992e-06,128,0,-1,4.199951247449725,0.4885318183174344,4,0.29079612448720593,-0.00010500103235244751,5.000010132788502e-06,0.00010000102221965901,4.19998232913375,0.4887585650379138,4,0.290928941324094,-0.00010500289499759674,5.000010132788502e-06,0.00010000288486480824
lift,2.24,0.04347648099064827,0.06325840950012207,0.04347766190767288,0.06326000392436981,-1.5944242477416992e-06,128,0,-1,4.199957176296905,0.48836245704004955,4,0.29069490267436365,-0.00010500103235244751,5.000010132788502e-06,0.00010000102221965901,4.199976400286804,0.48858857929604294,4,0.29082816945273704,-0.00010500289499759674,5.000010132788502e-06,0.00010000288486480824
lift,2.2425,0.04363447055220604,0.06315233558416367,0.04363565146923065,0.063153937458992,-1.601874828338623e-06,128,0,-1,4.199944046235478,0.48820407910203284,4,0.290601537620259,-0.00010500103235244751,5.000010132788502e-06,0.00010000102221965901,4.1999895303482955,0.4884275198955227,4,0.29073139133219367,-0.00010500289499759674,5.000010132788502e-06,0.00010000288486480824
lift,2.245,0.043792180716991425,0.06303858011960983,0.043793365359306335,0.06304018199443817,-1.601874828338623e-06,128,0,-1,4.1999121904970345,0.4880542154984184,4,0.29051453540071515,-0.00010500103235244751,5.000010132788502e-06,0.00010000102221965901,4.20002138608674,0.48827765628542696,4,0.2906399821575473,-0.00010500289499759674,5.000010132788502e-06,0.00010000288486480824
lift,2.2475,0.04394960030913353,0.06291761994361877,0.04395078122615814,0.06291921436786652,-1.5944242477416992e-06,128,0,-1,4.200059249834132,0.48791558161232146,4,0.29042184442492697,-0.0001050066202878952,5.000010132788502e-06,0.0001000066101551067,4.1998743267498995,0.48813645557112445,4,0.290566108408339,-0.00010499730706214905,5.000010132788502e-06,9.999729692936055e-05
lift,2.25,0.044106703251600266,0.06278997659683228,0.044107891619205475,0.06279157102108002,-1.5944242477416992e-06,128,0,-1,4.199965157360485,0.48778612092411333,4,0.290351290218005,-0.00010500103235244751,5.0018727779377326e-06,9.999915957450978e-05,4.199968419223731,0.48800576322969913,4,0.29048180517027306,-0.00010500289499759674,4.998147487639271e-06,0.00010000474750995747
lift,2.2525,0.04426347836852074,0.06265615671873093,0.04426467418670654,0.06265775114297867,-1.5944242477416992e-06,128,0,-1,4.19996285284712,0.4876667357195547,4,0.2902803862830414,-0.00010500103235244751,5.000010132788502e-06,0.00010000102221965901,4.19997072373704,0.48788706535355514,4,0.2904109917934405,-0.00010500289499759674,5.000010132788502e-06,0.00010000288486480824
lift,2.255,0.04441991075873375,0.0625166967511177,0.044421106576919556,0.06251829862594604,-1.601874828338623e-06,128,0,-1,4.1999092827355415,0.48755814689836685,4,0.2902194512287203,-0.00010500103235244751,5.000010132788502e-06,0.00010000102221965901,4.200024293848562,0.48777867174222983,4,0.29034276805055625,-0.00010500289499759674,5.000010132788502e-06,0.00010000288486480824
lift,2.2575,0.04457598179578781,0.06237214431166649,0.04457718878984451,0.06237373501062393,-1.5906989574432373e-06,128,0,-1,4.200028154535576,0.4876079172919646,4,0.29024086229362583,-0.00010500289499759674,5.000010132788502e-06,0.00010000288486480824,4.199905422048092,0.4875328810515359,4,0.29020467847451525,-0.00010499730706214905,5.000010132788502e-06,9.999729692936055e-05
lift,2.2600000000000002,0.044731687754392624,0.062223028391599655,0.04473290592432022,0.0622246190905571,-1.5906989574432373e-06,128,0,-1,4.200033937860512,0.48752085129854444,4,0.2901886380630572,-0.00010500289499759674,5.000010132788502e-06,0.00010000288486480824,4.199899638723319,0.4874463308641231,4,0.2901535588909313,-0.00010499730706214905,5.000010132788502e-06,9.999729692936055e-05
lift,2.2625,0.04488701373338699,0.06206990033388138,0.04488823562860489,0.06207149475812912,-1.5944242477416992e-06,128,0,-1,4.199966171918257,0.48744372975831884,4,0.29014741417291456,-0.00010500103235244751,5.000010132788502e-06,0.00010000102221965901,4.199967404665534,0.4873722813572092,4,0.2901047998704774,-0.00010499916970729828,5.000010132788502e-06,9.999915957450978e-05
lift,2.265,0.04504195600748062,0.06191331148147583,0.045043181627988815,0.06191490590572357,-1.5944242477416992e-06,128,0,-1,4.1999614049883185,0.48723077166969275,4,0.2900209815565245,-0.00010500103235244751,5.000010132788502e-06,0.00010000102221965901,4.199972171595136,0.48745552991443647,4,0.29015402364517473,-0.00010500289499759674,5.000010132788502e-06,0.00010000288486480824
lift,2.2675,0.045196499675512314,0.06175381317734718,0.045197732746601105,0.061755403876304626,-1.5906989574432373e-06,128,0,-1,4.199954317987966,0.48717658834744065,4,0.28998921860942284,-0.00010500289499759674,5.000010132788502e-06,0.00010000288486480824,4.199830246983854,0.48740178132192563,4,0.29013183429970624,-0.00010499730706214905,5.000010132788502e-06,9.999729692936055e-05
lift,2.27,0.04535064101219177,0.06159194931387901,0.04535187780857086,0.061593540012836456,-1.5906989574432373e-06,128,0,-1,4.199929492824003,0.48713460556953386,4,0.28996594252466124,-0.00010500103235244751,5.000010132788502e-06,0.00010000102221965901,4.2000040837596275,0.4873583049053471,4,0.29009394704509966,-0.00010500289499759674,5.000010132788502e-06,0.00010000288486480824
lift,2.2725,0.0455043762922287,0.061428263783454895,0.04550561681389809,0.06142985820770264,-1.5944242477416992e-06,128,0,-1,4.199951243970634,0.48710214119126505,4,0.2899451165597095,-0.00010500103235244751,5.000010132788502e-06,0.00010000102221965901,4.199982332613121,0.48732661967077506,4,0.2900765890648241,-0.00010500289499759674,5.000010132788502e-06,0.00010000288486480824
lift,2.275,0.045657698065042496,0.061263300478458405,0.04565894603729248,0.06126489117741585,-1.5906989574432373e-06,128,0,-1,4.1999272459772605,0.4870813344721794,4,0.28993438811274147,-0.00010500103235244751,5.000010132788502e-06,0.00010000102221965901,4.20000633060646,0.4873045376928526,4,0.2900617876107393,-0.00010500289499759674,5.000010132788502e-06,0.00010000288486480824
lift,2.2775,0.04581060633063316,0.06109759211540222,0.04581185802817345,0.061099182814359665,-1.5906989574432373e-06,128,0,-1,4.199951215751803,0.4870707407273626,4,0.2899264275383825,-0.00010500103235244751,5.000010132788502e-06,0.00010000102221965901,4.199982360832033,0.4872942045504296,4,0.29005729232032695,-0.00010500289499759674,5.000010132788502e-06,0.00010000288486480824
lift,2.2800000000000002,0.0459631010890007,0.06093166023492813,0.045964356511831284,0.06093325465917587,-1.5944242477416992e-06,128,0,-1,4.199960319791441,0.4870716411598556,4,0.28992633505644777,-0.00010500103235244751,5.0018727779377326e-06,9.999915957450978e-05,4.199973256792662,0.48729226114725993,4,0.2900567642657944,-0.00010500289499759674,4.998147487639271e-06,0.00010000474750995747
lift,2.2825,0.04611518234014511,0.06076602637767792,0.04611644148826599,0.06076762080192566,-1.5944242477416992e-06,128,0,-1,4.199951684412673,0.4870815844152084,4,0.28993284983665385,-0.00010500289499759674,5.000010132788502e-06,0.00010000288486480824,4.199832880559425,0.4873024327416963,4,0.2900725139548807,-0.00010499730706214905,5.000010132788502e-06,9.999729692936055e-05
lift,2.285,0.04626685008406639,0.06060119345784187,0.04626811295747757,0.060602784156799316,-1.5906989574432373e-06,128,0,-1,4.199911350696973,0.4871020039069015,4,0.2899477889134893,-0.00010500103235244751,5.000010132788502e-06,0.00010000102221965901,4.200022225887066,0.48732196618103035,4,0.2900710638966354,-0.00010500289499759674,5.000010132788502e-06,0.00010000288486480824
lift,2.2875,0.04641810804605484,0.060437653213739395,0.04641937464475632,0.06043924391269684,-1.5906989574432373e-06,128,0,-1,4.200059239262298,0.4871322528936221,4,0.2899555846378862,-0.0001050066202878952,5.000010132788502e-06,0.0001000066101551067,4.199874337321897,0.4873518703235288,4,0.2900990786752294,-0.00010499730706214905,5.000010132788502e-06,9.999729692936055e-05
lift,2.29,0.04656895622611046,0.060275882482528687,0.04657023027539253,0.06027747690677643,-1.5944242477416992e-06,128,0,-1,4.200054718889321,0.4873191916102506,4,0.2900671683029401,-0.00010500289499759674,5.0018727779377326e-06,0.00010000102221965901,4.199878857694438,0.48724305325135236,4,0.29003399250355333,-0.00010499730706214905,4.998147487639271e-06,9.999915957450978e-05
lift,2.2925,0.04671940580010414,0.06011635810136795,0.046720683574676514,0.06011795252561569,-1.5944242477416992e-06,128,0,-1,4.200047999979654,0.48736630835932726,4,0.2900956776932597,-0.00010500289499759674,5.0018727779377326e-06,0.00010000102221965901,4.199885576604245,0.4872931526918298,4,0.2900633504197889,-0.00010499730706214905,4.998147487639271e-06,9.999915957450978e-05
lift,2.295,0.04686946049332619,0.059959519654512405,0.04687074199318886,0.05996111035346985,-1.5906989574432373e-06,128,0,-1,4.199965562536651,0.4874227579733747,4,0.2901349729633177,-0.00010500103235244751,5.000010132788502e-06,0.00010000102221965901,4.199968014047268,0.48735118143447,4,0.2900921982051225,-0.00010499916970729828,5.000010132788502e-06,9.999915957450978e-05
lift,2.2975,0.047019124031066895,0.059805795550346375,0.04702041298151016,0.059807389974594116,-1.5944242477416992e-06,128,0,-1,4.199942025506666,0.48733981207926175,4,0.2900872256804966,-0.00010500103235244751,5.000010132788502e-06,0.00010000102221965901,4.199991551076533,0.48756534954535724,4,0.29021805378417104,-0.00010500289499759674,5.000010132788502e-06,0.00010000288486480824
lift,2.3000000000000003,0.047168415039777756,0.05965561419725418,0.047169703990221024,0.059657204896211624,-1.5906989574432373e-06,128,0,-1,4.199966492248229,0.48741374730734227,4,0.29012954520408046,-0.00010500103235244751,5.000010132788502e-06,0.00010000102221965901,4.199967084335339,0.48763960877936563,4,0.29026394670932076,-0.00010500289499759674,5.000010132788502e-06,0.00010000288486480824
lift,2.3025,0.04731733351945877,0.059509359300136566,0.04731862246990204,0.05951095372438431,-1.5944242477416992e-06,128,0,-1,4.19994416320722,0.4874959555669224,4,0.2901800218188222,-0.00010500103235244751,5.000010132788502e-06,0.00010000102221965901,4.199989413376452,0.48772078083046794,4,0.29031072035392336,-0.00010500289499759674,5.000010132788502e-06,0.00010000288486480824
lift,2.305,0.04746589437127113,0.05936741456389427,0.0474671870470047,0.059369005262851715,-1.5906989574432373e-06,128,0,-1,4.199930301000016,0.48758533789259867,4,0.29023418422949965,-0.00010500103235244751,5.000010132788502e-06,0.00010000102221965901,4.200003275583779,0.48780929839417064,4,0.29036245116164083,-0.00010500289499759674,5.000010132788502e-06,0.00010000288486480824
lift,2.3075,0.04761410504579544,0.05923013016581535,0.047615405172109604,0.059231724590063095,-1.5944242477416992e-06,128,0,-1,4.199943708699912,0.48768231156453157,4,0.2902909808971541,-0.00010500103235244751,5.000010132788502e-06,0.00010000102221965901,4.199989867883989,0.487904283293479,4,0.2904199168576159,-0.00010500289499759674,5.000010132788502e-06,0.00010000288486480824
lift,2.31,0.047761980444192886,0.05909784138202667,0.04776328429579735,0.059099435806274414,-1.5944242477416992e-06,128,0,-1,4.199930295298719,0.48778472848298904,4,0.2903528714684867,-0.00010500103235244751,5.000010132788502e-06,0.00010000102221965901,4.200003281285184,0.48800669895585924,4,0.29047995101002105,-0.00010500289499759674,5.000010132788502e-06,0.00010000288486480824
lift,2.3125,0.047909535467624664,0.0589708611369133,0.047910839319229126,0.05897245556116104,-1.5944242477416992e-06,128,0,-1,4.199951254072364,0.48789288446797974,4,0.2904158018470501,-0.00010500103235244751,5.000010132788502e-06,0.00010000102221965901,4.1999823225115165,0.48811563488984355,4,0.29054624365535353,-0.00010500289499759674,5.000010132788502e-06,0.00010000288486480824
lift,2.315,0.04805678129196167,0.058849483728408813,0.04805808886885643,0.058851078152656555,-1.5944242477416992e-06,128,0,-1,4.199960320300688,0.48800686496875506,4,0.290483021119243,-0.00010500103235244751,5.0018727779377326e-06,9.999915957450978e-05,4.199973256283182,0.4882300292337894,4,0.2906149631449406,-0.00010500289499759674,4.998147487639271e-06,0.00010000474750995747
lift,2.3175,0.0482037253677845,0.05873396620154381,0.04820504039525986,0.05873556062579155,-1.5944242477416992e-06,128,0,-1,4.200100696062591,0.4881267164114704,4,0.2905446510300739,-0.0001050066202878952,5.000010132788502e-06,0.0001000066101551067,4.199981892133334,0.4883483406424037,4,0.2906847893541468,-0.00010500103235244751,5.000010132788502e-06,0.00010000102221965901
lift,2.32,0.048350390046834946,0.05862456187605858,0.0483517125248909,0.05862616002559662,-1.5981495380401611e-06,128,0,-1,4.199929459783486,0.4882511809530209,4,0.2906305841730679,-0.00010500103235244751,5.000010132788502e-06,0.00010000102221965901,4.20000411680047,0.48847274324709383,4,0.29075730026855817,-0.00010500289499759674,5.000010132788502e-06,0.00010000288486480824
lift,2.3225000000000002,0.0484967976808548,0.058521486818790436,0.04849812388420105,0.058523084968328476,-1.5981495380401611e-06,128,0,-1,4.199943698156609,0.4883798467898342,4,0.29070618673066273,-0.00010500103235244751,5.000010132788502e-06,0.00010000102221965901,4.199989878427588,0.4886001333427083,4,0.29083411358459793,-0.00010500289499759674,5.000010132788502e-06,0.00010000288486480824
lift,2.325,0.04864295572042465,0.0584249421954155,0.0486442856490612,0.05842653661966324,-1.5944242477416992e-06,128,0,-1,4.19993029518774,0.48851277981326624,4,0.2907862425556216,-0.00010500103235244751,5.000010132788502e-06,0.00010000102221965901,4.200003281396611,0.4887317834695443,4,0.29091154858992646,-0.00010500289499759674,5.000010132788502e-06,0.00010000288486480824
lift,2.3275,0.048788882791996,0.058335088193416595,0.04879021644592285,0.058336690068244934,-1.601874828338623e-06,128,0,-1,4.199963723517534,0.48879515401739904,4,0.2909520094664208,-0.00010500103235244751,5.000010132788502e-06,0.00010000102221965901,4.1999698530663645,0.4887190387106728,4,0.29090627778784106,-0.00010499916970729828,5.000010132788502e-06,9.999915957450978e-05
lift,2.33,0.04893459379673004,0.058252088725566864,0.04893593490123749,0.058253686875104904,-1.5981495380401611e-06,128,0,-1,4.200001063577848,0.48893196106182857,4,0.2910308555049048,-0.00010500289499759674,5.000010132788502e-06,0.00010000288486480824,4.1999325130061,0.4888593917202663,4,0.2909924089294267,-0.00010499730706214905,5.000010132788502e-06,9.999729692936055e-05
lift,2.3325,0.049080103635787964,0.058176059275865555,0.04908144846558571,0.058177657425403595,-1.5981495380401611e-06,128,0,-1,4.199907464567119,0.4890708880152386,4,0.2911200378468617,-0.00010499730706214905,5.0018727779377326e-06,9.999543428421132e-05,4.2000261120170235,0.48900041511048975,4,0.2910698660368875,-0.00010500289499759674,4.998147487639271e-06,0.00010000474750995747
lift,2.335,0.04922543838620186,0.05810710787773132,0.0492267906665802,0.05810870602726936,-1.5981495380401611e-06,128,0,-1,4.199928155643041,0.48906533004025565,4,0.29111529525995905,-0.00010500103235244751,5.000010132788502e-06,0.00010000102221965901,4.200005420940393,0.4892904885810013,4,0.29124396253246254,-0.00010500289499759674,5.000010132788502e-06,0.00010000288486480824
lift,2.3375,0.04937061294913292,0.05804530903697014,0.04937196895480156,0.05804690718650818,-1.5981495380401611e-06,128,0,-1,4.199951227241273,0.48920903097388,4,0.29119923333920217,-0.00010500103235244751,5.000010132788502e-06,0.00010000102221965901,4.199982349342401,0.4894343232057471,4,0.2913311786193451,-0.00010500289499759674,5.000010132788502e-06,0.00010000288486480824
lift,2.34,0.04951564222574234,0.05799071863293648,0.04951700195670128,0.05799231678247452,-1.5981495380401611e-06,128,0,-1,4.199960320004253,0.4893537718032546,4,0.29128475897288897,-0.00010500103235244751,5.0018727779377326e-06,9.999915957450978e-05,4.199973256579462,0.4895787923175533,4,0.2914178034054172,-0.00010500289499759674,4.998147487639271e-06,0.00010000474750995747
lift,2.3425000000000002,0.04966054484248161,0.05794336274266243,0.04966190829873085,0.05794496089220047,-1.5981495380401611e-06,128,0,-1,4.200057234381455,0.48949856328108615,4,0.29136422194087963,-0.0001050066202878952,5.000010132788502e-06,0.0001000066101551067,4.199876342202332,0.4897231921076331,4,0.2915104828127106,-0.00010499730706214905,5.000010132788502e-06,9.999729692936055e-05
lift,2.345,0.04980534687638283,0.05790325254201889,0.049806710332632065,0.05790485441684723,-1.601874828338623e-06,128,0,-1,4.199965132104635,0.4896438372577332,4,0.291457084676063,-0.00010500103235244751,5.0018727779377326e-06,9.999915957450978e-05,4.199968444479028,0.4898676406946766,4,0.29159007214603055,-0.00010500289499759674,4.998147487639271e-06,0.00010000474750995747
lift,2.3475,0.04995005577802658,0.057870373129844666,0.04995141923427582,0.057871975004673004,-1.601874828338623e-06,128,0,-1,4.199962852593604,0.4897878160316616,4,0.2915429452722438,-0.00010500103235244751,5.000010132788502e-06,0.00010000102221965901,4.1999707239902095,0.4900118808473401,4,0.2916757717193092,-0.00010500289499759674,5.000010132788502e-06,0.00010000288486480824
lift,2.35,0.050094690173864365,0.05784468725323677,0.0500960610806942,0.05784628912806511,-1.601874828338623e-06,128,0,-1,4.199960466021437,0.48993161213676373,4,0.29162870466306373,-0.00010500103235244751,5.0018727779377326e-06,9.999915957450978e-05,4.199973110562358,0.49015557267524956,4,0.2917611373764366,-0.00010500289499759674,4.998147487639271e-06,0.00010000474750995747
lift,2.3525,0.05023927241563797,0.05782613530755043,0.0502406470477581,0.05782773345708847,-1.5981495380401611e-06,128,0,-1,4.199951686340212,0.49007419495927784,4,0.2917141859947934,-0.00010500289499759674,5.000010132788502e-06,0.00010000288486480824,4.19983287863157,0.4902973758022461,4,0.29185528922879395,-0.00010499730706214905,5.000010132788502e-06,9.999729692936055e-05
lift,2.355,0.05038382112979889,0.05781463906168938,0.05038519576191902,0.05781623721122742,-1.5981495380401611e-06,128,0,-1,4.199911350816288,0.4902144705074448,4,0.29180048670084874,-0.00010500103235244751,5.000010132788502e-06,0.00010000102221965901,4.200022225767525,0.4904373272091695,4,0.2919254356562038,-0.00010500289499759674,5.000010132788502e-06,0.00010000288486480824
lift,2.3575,0.05052834749221802,0.05781009793281555,0.05052972584962845,0.05781169980764389,-1.601874828338623e-06,128,0,-1,4.1999536894717435,0.4903538457480634,4,0.2918805075025354,-0.00010500289499759674,5.000010132788502e-06,0.00010000288486480824,4.1998308755003215,0.4905750295502963,4,0.29202070517414264,-0.00010499730706214905,5.000010132788502e-06,9.999729692936055e-05
lift,2.36,0.05067287012934685,0.0578123964369297,0.050674255937337875,0.05781400203704834,-1.605600118637085e-06,128,0,-1,4.199929485033003,0.4904895157759763,4,0.2919629469517879,-0.00010500103235244751,5.000010132788502e-06,0.00010000102221965901,4.200004091551071,0.490710398234708,4,0.2920892382116035,-0.00010500289499759674,5.000010132788502e-06,0.00010000288486480824
lift,2.3625000000000003,0.05081741511821747,0.057821400463581085,0.050818804651498795,0.057823002338409424,-1.601874828338623e-06,128,0,-1,4.199943698542858,0.49062229688265796,4,0.29204099631911495,-0.00010500103235244751,5.000010132788502e-06,0.00010000102221965901,4.19998987804118,0.4908434700282386,4,0.29216943628514264,-0.00010500289499759674,5.000010132788502e-06,0.00010000288486480824
lift,2.365,0.05096198990941048,0.05783694237470627,0.0509633831679821,0.05783854424953461,-1.601874828338623e-06,128,0,-1,4.199930295261319,0.4907516669758474,4,0.29211893559849716,-0.00010500103235244751,5.000010132788502e-06,0.00010000102221965901,4.200003281322678,0.49097303511684515,4,0.292245625914265,-0.00010500289499759674,5.000010132788502e-06,0.00010000288486480824
lift,2.3675,0.051106613129377365,0.05785885453224182,0.05110801011323929,0.05786045640707016,-1.601874828338623e-06,128,0,-1,4.199951254163447,0.4908774449555586,4,0.2921923465593485,-0.00010500103235244751,5.000010132788502e-06,0.00010000102221965901,4.1999823224205075,0.4910990303193924,4,0.29232208174888535,-0.00010500289499759674,5.000010132788502e-06,0.00010000288486480824
lift,2.37,0.05125129967927933,0.05788694694638252,0.05125270411372185,0.05788855254650116,-1.605600118637085e-06,128,0,-1,4.199960320393165,0.4909999390358801,4,0.29226462965126104,-0.00010500103235244751,5.0018727779377326e-06,9.999915957450978e-05,4.199973256190998,0.49122055009829724,4,0.29239504642928993,-0.00010500289499759674,4.998147487639271e-06,0.00010000474750995747
lift,2.3725,0.05139606446027756,0.05792101472616196,0.051397472620010376,0.057922616600990295,-1.601874828338623e-06,128,0,-1,4.200057234435701,0.4911180734374539,4,0.2923282029414047,-0.0001050066202878952,5.000010132788502e-06,0.0001000066101551067,4.1998763421482606,0.49133827518976114,4,0.2924718700994175,-0.00010499730706214905,5.000010132788502e-06,9.999729692936055e-05
lift,2.375,0.05154092237353325,0.05796084180474281,0.051542334258556366,0.05796244740486145,-1.605600118637085e-06,128,0,-1,4.199996167339627,0.4913807099876716,4,0.292488784756989,-0.00010500103235244751,5.000010132788502e-06,0.00010000102221965901,4.1999374092444075,0.49130239019355837,4,0.2924462571228808,-0.00010499916970729828,5.000010132788502e-06,9.999915957450978e-05
lift,2.3775,0.051685892045497894,0.05800619721412659,0.05168730765581131,0.05800780653953552,-1.6093254089355469e-06,128,0,-1,4.199901526918323,0.49148766006292965,4,0.2925590379398482,-0.00010499730706214905,5.0018727779377326e-06,9.999543428421132e-05,4.200032049665384,0.4914125207525417,4,0.2925052207587871,-0.00010500289499759674,4.998147487639271e-06,0.00010000474750995747
lift,2.38,0.05183098092675209,0.05805682763457298,0.051832400262355804,0.05805843323469162,-1.605600118637085e-06,128,0,-1,4.199940660041145,0.49159005516992016,4,0.292617262338359,-0.00010499730706214905,5.0018727779377326e-06,9.999543428421132e-05,4.1999929165427545,0.4915169895986519,4,0.2925701300963423,-0.00010500289499759674,4.998147487639271e-06,0.00010000474750995747
lift,2.3825,0.05197620764374733,0.058112479746341705,0.051977626979351044,0.05811408907175064,-1.6093254089355469e-06,128,0,-1,4.2000462306999795,0.49168731678124883,4,0.2926678004085352,-0.00010500289499759674,5.0018727779377326e-06,0.00010000102221965901,4.199887345884162,0.4916167528988899,4,0.2926368688083195,-0.00010499730706214905,4.998147487639271e-06,9.999915957450978e-05
lift,2.3850000000000002,0.05212157964706421,0.058172889053821564,0.05212300270795822,0.0581744946539402,-1.605600118637085e-06,128,0,-1,4.199963303558765,0.4916314393699215,4,0.2926403184007264,-0.00010500103235244751,5.0018727779377326e-06,9.999915957450978e-05,4.199970273024542,0.49185835277208245,4,0.2927749012482167,-0.00010500289499759674,4.998147487639271e-06,0.00010000474750995747
lift,2.3875,0.05226711183786392,0.058237768709659576,0.052268534898757935,0.05823937803506851,-1.6093254089355469e-06,128,0,-1,4.200100733638779,0.4917189836475732,4,0.2926828514548328,-0.0001050066202878952,5.000010132788502e-06,0.0001000066101551067,4.199981854556166,0.49194488522516266,4,0.2928256015508126,-0.00010500103235244751,5.000010132788502e-06,0.00010000102221965901
lift,2.39,0.05241280794143677,0.05830684304237366,0.05241423472762108,0.05830845236778259,-1.6093254089355469e-06,128,0,-1,4.199929460363012,0.4918007974665208,4,0.292743486591804,-0.00010500103235244751,5.000010132788502e-06,0.00010000102221965901,4.200004116219994,0.4920266525882234,4,0.2928727204623835,-0.00010500289499759674,5.000010132788502e-06,0.00010000288486480824
lift,2.3925,0.052558690309524536,0.05837981030344963,0.05256011709570885,0.05838141590356827,-1.605600118637085e-06,128,0,-1,4.199951243708634,0.4918764859571887,4,0.292787021452928,-0.00010500103235244751,5.000010132788502e-06,0.00010000102221965901,4.1999823328745975,0.49210130399500646,4,0.2929186750044,-0.00010500289499759674,5.000010132788502e-06,0.00010000288486480824
lift,2.395,0.05270475894212723,0.05845637246966362,0.05270618572831154,0.058457981795072556,-1.6093254089355469e-06,128,0,-1,4.1999603202913365,0.49194626593244595,4,0.2928279247994903,-0.00010500103235244751,5.0018727779377326e-06,9.999915957450978e-05,4.199973256291894,0.49217108396783876,4,0.292960843994975,-0.00010500289499759674,4.998147487639271e-06,0.00010000474750995747
lift,2.3975,0.05285101756453514,0.05853622779250145,0.05285244807600975,0.058537837117910385,-1.6093254089355469e-06,128,0,-1,4.1999951462898295,0.4920084831994967,4,0.29286253082585384,-0.00010500289499759674,5.000010132788502e-06,0.00010000288486480824,4.1999384302939395,0.4922349066475116,4,0.29300126348105876,-0.00010500103235244751,5.000010132788502e-06,0.00010000102221965901
lift,2.4,0.05299748107790947,0.05861906707286835,0.05299891531467438,0.05862067639827728,-1.6093254089355469e-06,128,0,-1,4.199955534453848,0.4920664840731511,4,0.2928998176507708,-0.00010500103235244751,5.0018727779377326e-06,9.999915957450978e-05,4.199978042129651,0.4922920837113033,4,0.2930325342020601,-0.00010500289499759674,4.998147487639271e-06,0.00010000474750995747
lift,2.4025,0.05314415693283081,0.058704573661088943,0.05314559116959572,0.05870618298649788,-1.6093254089355469e-06,128,0,-1,4.200100636081051,0.4921178641897673,4,0.29292028145838855,-0.0001050066202878952,5.000010132788502e-06,0.0001000066101551067,4.199981952114516,0.49234247054395186,4,0.2930622536937795,-0.00010500103235244751,5.000010132788502e-06,0.00010000102221965901
lift,2.4050000000000002,0.05329105257987976,0.058792442083358765,0.05329248681664467,0.0587940514087677,-1.6093254089355469e-06,128,0,-1,4.199929459149628,0.49216253877433414,4,0.29295881249990313,-0.00010500103235244751,5.000010132788502e-06,0.00010000102221965901,4.200004117434066,0.4923865812321404,4,0.2930869634081199,-0.00010500289499759674,5.000010132788502e-06,0.00010000288486480824
lift,2.4075,0.05343816801905632,0.058882348239421844,0.053439605981111526,0.05888395756483078,-1.6093254089355469e-06,128,0,-1,4.199951243703481,0.4922008619896355,4,0.29298010466641566,-0.00010500103235244751,5.000010132788502e-06,0.00010000102221965901,4.199982332880353,0.4924252348344073,4,0.293111491790908,-0.00010500289499759674,5.000010132788502e-06,0.00010000288486480824
lift,2.41,0.05358550697565079,0.05897397920489311,0.05358695611357689,0.05897558480501175,-1.605600118637085e-06,128,0,-1,4.199960320300136,0.49223332993211494,4,0.29299879784158245,-0.00010500103235244751,5.0018727779377326e-06,9.999915957450978e-05,4.199973256283687,0.49245613570336083,4,0.2931305187280566,-0.00010500289499759674,4.998147487639271e-06,0.00010000474750995747
lift,2.4125,0.05373308062553406,0.0590670108795166,0.053734537214040756,0.05906862020492554,-1.6093254089355469e-06,128,0,-1,4.19996344722629,0.4922597083207255,4,0.2930142812586977,-0.00010500103235244751,5.0018727779377326e-06,9.999915957450978e-05,4.19997012935773,0.49248069714588816,4,0.29314535697733607,-0.00010500289499759674,4.998147487639271e-06,0.00010000474750995747
lift,2.415,0.05388088524341583,0.05916113406419754,0.053882353007793427,0.059162743389606476,-1.6093254089355469e-06,128,0,-1,4.200100735460796,0.4922798825964949,4,0.2930167117423235,-0.0001050066202878952,5.000010132788502e-06,0.0001000066101551067,4.199981852735388,0.4924998335601083,4,0.29315592949487995,-0.00010500103235244751,5.000010132788502e-06,0.00010000102221965901
lift,2.4175,0.05402893200516701,0.059256039559841156,0.0540303997695446,0.05925764888525009,-1.6093254089355469e-06,128,0,-1,4.199911351351502,0.4922926467483912,4,0.29303752244078607,-0.00010500103235244751,5.000010132788502e-06,0.00010000102221965901,4.200022225232642,0.4925131281374986,4,0.29316102494565843,-0.00010500289499759674,5.000010132788502e-06,0.00010000288486480824
lift,2.42,0.054177213460206985,0.05935141444206238,0.054178688675165176,0.059353023767471313,-1.6093254089355469e-06,128,0,-1,4.1999536895385265,0.4922997207187654,4,0.2930387791804778,-0.00010500289499759674,5.000010132788502e-06,0.00010000288486480824,4.199830875433743,0.49251966071527326,4,0.2931782703419025,-0.00010499730706214905,5.000010132788502e-06,9.999729692936055e-05
lift,2.4225,0.054325737059116364,0.05944696441292763,0.054327212274074554,0.059448570013046265,-1.605600118637085e-06,128,0,-1,4.199929485089054,0.49230121884965905,4,0.293041359740365,-0.00010500103235244751,5.000010132788502e-06,0.00010000102221965901,4.200004091495218,0.492520663984303,4,0.29316677630245097,-0.00010500289499759674,5.000010132788502e-06,0.00010000288486480824
lift,2.4250000000000003,0.05447449907660484,0.05954238772392273,0.05447597801685333,0.059543997049331665,-1.6093254089355469e-06,128,0,-1,4.199951244032372,0.49229703392185575,4,0.29303735050576535,-0.00010500103235244751,5.000010132788502e-06,0.00010000102221965901,4.19998233255203,0.4925151723076674,4,0.2931650262492896,-0.00010500289499759674,5.000010132788502e-06,0.00010000288486480824
lift,2.4275,0.054623495787382126,0.059637390077114105,0.05462498217821121,0.05963899940252304,-1.6093254089355469e-06,128,0,-1,4.199960320306252,0.49228662419060937,4,0.2930305209137743,-0.00010500103235244751,5.0018727779377326e-06,9.999915957450978e-05,4.199973256278215,0.49250451299405396,4,0.2931593149181647,-0.00010500289499759674,4.998147487639271e-06,0.00010000474750995747
lift,2.43,0.05477273091673851,0.05973168835043907,0.054774221032857895,0.059733301401138306,-1.6130506992340088e-06,128,0,-1,4.200057234470669,0.492269847218567,4,0.29301377322814476,-0.0001050066202878952,5.000010132788502e-06,0.0001000066101551067,4.199876342113342,0.4924884937681011,4,0.29315654417594417,-0.00010499730706214905,5.000010132788502e-06,9.999729692936055e-05
lift,2.4325,0.054922204464673996,0.05982500687241554,0.05492369458079338,0.05982661619782448,-1.6093254089355469e-06,128,0,-1,4.199996167353539,0.49239613683342826,4,0.2930932060490975,-0.00010500103235244751,5.000010132788502e-06,0.00010000102221965901,4.199937409230124,0.4923180785166049,4,0.29305084251651387,-0.00010499916970729828,5.000010132788502e-06,9.999915957450978e-05
lift,2.435,0.05507190525531769,0.05991707742214203,0.05507339909672737,0.059918686747550964,-1.6093254089355469e-06,128,0,-1,4.1999050690822575,0.4923682235356529,4,0.293082947969609,-0.00010499730706214905,5.000010132788502e-06,9.999729692936055e-05,4.200028507501353,0.49229204600681853,4,0.2930289908315938,-0.00010500289499759674,5.000010132788502e-06,0.00010000288486480824
lift,2.4375,0.055221833288669586,0.06000763550400734,0.05522333085536957,0.06000924110412598,-1.605600118637085e-06,128,0,-1,4.199970504512675,0.4923350798268092,4,0.29305865320828905,-0.00010500103235244751,5.000010132788502e-06,0.00010000102221965901,4.19996307207119,0.4922603251695669,4,0.29301467460689556,-0.00010499916970729828,5.000010132788502e-06,9.999915957450978e-05
lift,2.44,0.05537198483943939,0.060096435248851776,0.05537348613142967,0.06009804457426071,-1.6093254089355469e-06,128,0,-1,4.199908016480587,0.492296850378699,4,0.29304025733832073,-0.00010499730706214905,5.0018727779377326e-06,9.999543428421132e-05,4.20002556010341,0.49222482189062644,4,0.2929891823554207,-0.00010500289499759674,4.998147487639271e-06,0.00010000474750995747
lift,2.4425,0.05552235618233681,0.06018323451280594,0.055523864924907684,0.060184843838214874,-1.6093254089355469e-06,128,0,-1,4.199904523440334,0.4922539368221972,4,0.293014956694164,-0.00010499730706214905,5.000010132788502e-06,9.999729692936055e-05,4.200029053143808,0.4921834630029693,4,0.2929643204697357,-0.00010500289499759674,5.000010132788502e-06,0.00010000288486480824
lift,2.445,0.05567294359207153,0.06026780232787132,0.05567445233464241,0.06026940792798996,-1.605600118637085e-06,128,0,-1,4.199902247381838,0.4922069572028434,4,0.2929871507781392,-0.00010499730706214905,5.0018727779377326e-06,9.999543428421132e-05,4.2000313292024485,0.49213804008607104,4,0.29293712445921444,-0.00010500289499759674,4.998147487639271e-06,0.00010000474750995747
lift,2.4475000000000002,0.055823735892772675,0.06034992262721062,0.05582524836063385,0.060351528227329254,-1.605600118637085e-06,128,0,-1,4.199962998608173,0.4920082126013351,4,0.29286461140513725,-0.00010500103235244751,5.0018727779377326e-06,9.999915957450978e-05,4.199970577975562,0.4922356747471214,4,0.2929994779775249,-0.00010500289499759674,4.998147487639271e-06,0.00010000474750995747
lift,2.45,0.05597472935914993,0.06042938679456711,0.055976249277591705,0.060430996119976044,-1.6093254089355469e-06,128,0,-1,4.199962825867048,0.49195395228731675,4,0.29283232535859227,-0.00010500103235244751,5.000010132788502e-06,0.00010000102221965901,4.199970750716387,0.4921800932084816,4,0.29296638144713905,-0.00010500289499759674,5.000010132788502e-06,0.00010000288486480824
lift,2.4525,0.05612592026591301,0.060506001114845276,0.05612744018435478,0.06050761044025421,-1.6093254089355469e-06,128,0,-1,4.199976544714781,0.4918956031426242,4,0.292796637020284,-0.00010500289499759674,5.000010132788502e-06,0.00010000288486480824,4.199957031869003,0.492121508657306,4,0.29293246628663083,-0.00010500103235244751,5.000010132788502e-06,0.00010000102221965901
lift,2.455,0.05627729743719101,0.060579586774110794,0.05627881735563278,0.06058119609951973,-1.6093254089355469e-06,128,0,-1,4.199940335718532,0.49183479422319637,4,0.2927629650118902,-0.00010500103235244751,5.000010132788502e-06,0.00010000102221965901,4.199993240865162,0.4920586149961026,4,0.29289250409290113,-0.00010500289499759674,5.000010132788502e-06,0.00010000288486480824
lift,2.4575,0.056428853422403336,0.06064997613430023,0.056430380791425705,0.06065158545970917,-1.6093254089355469e-06,128,0,-1,4.199955781791138,0.491769822309709,4,0.29272321415964164,-0.00010500103235244751,5.0018727779377326e-06,9.999915957450978e-05,4.199977794792684,0.49199287421626176,4,0.2928544496272433,-0.00010500289499759674,4.998147487639271e-06,0.00010000474750995747
lift,2.46,0.05658058077096939,0.06071700528264046,0.05658211186528206,0.060718610882759094,-1.605600118637085e-06,128,0,-1,4.199962735225906,0.4917023121396372,4,0.2926825445471421,-0.00010500103235244751,5.000010132788502e-06,0.00010000102221965901,4.199970841358001,0.49192408764785456,4,0.2928139898042708,-0.00010500289499759674,5.000010132788502e-06,0.00010000288486480824
lift,2.4625,0.05673246830701828,0.06078053265810013,0.056734003126621246,0.060782141983509064,-1.6093254089355469e-06,128,0,-1,4.1999604646007604,0.49163105153715636,4,0.29264028535557285,-0.00010500103235244751,5.0018727779377326e-06,9.999915957450978e-05,4.199973111983191,0.49185302067700953,4,0.292771529461507,-0.00010500289499759674,4.998147487639271e-06,0.00010000474750995747
lift,2.465,0.056884508579969406,0.060840435326099396,0.05688605085015297,0.06084204092621803,-1.605600118637085e-06,128,0,-1,4.19995168636893,0.4915580406752184,4,0.292597437650643,-0.00010500289499759674,5.000010132788502e-06,0.00010000288486480824,4.199832878603264,0.4917785118805119,4,0.29273695293088803,-0.00010499730706214905,5.000010132788502e-06,9.999729692936055e-05
lift,2.4675000000000002,0.057036690413951874,0.06089659035205841,0.05703824386000633,0.06089819595217705,-1.605600118637085e-06,128,0,-1,4.199978613043168,0.49148216858221283,4,0.29255039957578544,-0.00010500289499759674,5.000010132788502e-06,0.00010000288486480824,4.199954963540964,0.49170288420676067,4,0.2926834266528706,-0.00010500103235244751,5.000010132788502e-06,0.00010000102221965901
lift,2.47,0.057189010083675385,0.060948897153139114,0.05719056725502014,0.06095050275325775,-1.605600118637085e-06,128,0,-1,4.1999433798560775,0.49140569109090365,4,0.2925073308415309,-0.00010500103235244751,5.000010132788502e-06,0.00010000102221965901,4.199990196728393,0.4916245150808752,4,0.29263432297046127,-0.00010500289499759674,5.000010132788502e-06,0.00010000288486480824
lift,2.4725,0.05734145641326904,0.06099727749824524,0.0573430173099041,0.060998883098363876,-1.605600118637085e-06,128,0,-1,4.19993029127774,0.4913260717922598,4,0.2924608491792278,-0.00010500103235244751,5.000010132788502e-06,0.00010000102221965901,4.200003285306254,0.49154526027359263,4,0.29258623558299807,-0.00010500289499759674,5.000010132788502e-06,0.00010000288486480824
lift,2.475,0.057494018226861954,0.06104164943099022,0.05749558284878731,0.061043255031108856,-1.605600118637085e-06,128,0,-1,4.1999512541255255,0.491245406333174,4,0.2924113737335842,-0.00010500103235244751,5.000010132788502e-06,0.00010000102221965901,4.199982322458468,0.4914645722279347,4,0.29253966713141716,-0.00010500289499759674,5.000010132788502e-06,0.00010000288486480824
lift,2.4775,0.05764668062329292,0.06108195334672928,0.05764824524521828,0.06108355522155762,-1.601874828338623e-06,128,0,-1,4.199967528896705,0.49131210020201666,4,0.29244993968505756,-0.00010500103235244751,5.000010132788502e-06,0.00010000102221965901,4.199966047687258,0.49123502617334375,4,0.2924041650550044,-0.00010499916970729828,5.000010132788502e-06,9.999915957450978e-05
lift,2.48,0.057799436151981354,0.061118148267269135,0.057801008224487305,0.06111975386738777,-1.605600118637085e-06,128,0,-1,4.1999730854577155,0.4912287679611658,4,0.2923999499318407,-0.00010500103235244751,5.000010132788502e-06,0.00010000102221965901,4.199960491126198,0.4911527309544893,4,0.2923555661965222,-0.00010499916970729828,5.000010132788502e-06,9.999915957450978e-05
lift,2.4825,0.05795228108763695,0.0611502043902874,0.0579538568854332,0.061151809990406036,-1.605600118637085e-06,128,0,-1,4.199997911462299,0.49114510372540576,4,0.29234842140338435,-0.00010500289499759674,5.000010132788502e-06,0.00010000288486480824,4.199935665121474,0.49107099672133037,4,0.2923086422486469,-0.00010499730706214905,5.000010132788502e-06,9.999729692936055e-05
lift,2.485,0.05810519680380821,0.061178091913461685,0.05810677632689476,0.06117969751358032,-1.605600118637085e-06,128,0,-1,4.199921846049881,0.491059893478264,4,0.2923029948403187,-0.00010499916970729828,5.000010132788502e-06,9.999915957450978e-05,4.199862718922042,0.4909886406567407,4,0.2922646962034275,-0.00010499730706214905,5.000010132788502e-06,9.999729692936055e-05
lift,2.4875000000000003,0.05825817957520485,0.06120181456208229,0.058259762823581696,0.06120342016220093,-1.605600118637085e-06,128,0,-1,4.199967172167536,0.4908273808037363,4,0.2921614388181206,-0.00010500289499759674,4.998147487639271e-06,0.00010000474750995747,4.199966404415771,0.4910545799516457,4,0.29229673089489444,-0.00010500103235244751,5.0018727779377326e-06,9.999915957450978e-05
lift,2.49,0.058411214500665665,0.06122136488556862,0.05841280147433281,0.061222970485687256,-1.605600118637085e-06,128,0,-1,4.199832834126207,0.49074425432114716,4,0.29212130202751785,-0.00010499730706214905,5.000010132788502e-06,9.999729692936055e-05,4.199951730845607,0.490971196907594,4,0.2922481187710836,-0.00010500289499759674,5.000010132788502e-06,0.00010000288486480824
lift,2.4925,0.05856429040431976,0.06123676896095276,0.058565884828567505,0.0612383708357811,-1.601874828338623e-06,128,0,-1,4.200004146232148,0.4906628143947969,4,0.2920609107225369,-0.00010500289499759674,5.000010132788502e-06,0.00010000288486480824,4.199929430351084,0.4908874792882508,4,0.2921998377763315,-0.00010500103235244751,5.000010132788502e-06,0.00010000102221965901
lift,2.495,0.05871739983558655,0.0612480565905571,0.058719001710414886,0.06124965846538544,-1.601874828338623e-06,128,0,-1,4.1999823633755256,0.49058003508890735,4,0.292013151868707,-0.00010500289499759674,5.000010132788502e-06,0.00010000288486480824,4.199951213207974,0.4908056803974349,4,0.2921496319135523,-0.00010500103235244751,5.000010132788502e-06,0.00010000102221965901
lift,2.4975,0.05887053161859512,0.06125526875257492,0.05887213721871376,0.06125687435269356,-1.605600118637085e-06,128,0,-1,4.199973286798497,0.4904994334560602,4,0.2919658054717962,-0.00010500289499759674,4.998147487639271e-06,0.00010000474750995747,4.199960289784734,0.49072429804597667,4,0.29210055821213987,-0.00010500103235244751,5.0018727779377326e-06,9.999915957450978e-05
lift,2.5,0.05902367830276489,0.0612584725022316,0.05902528390288353,0.061260074377059937,-1.601874828338623e-06,128,0,-1,4.199981922519327,0.4904205865503629,4,0.291918272267341,-0.00010500103235244751,5.000010132788502e-06,0.00010000102221965901,4.20010066567618,0.4906438945072071,4,0.2920429375162474,-0.0001050066202878952,5.000010132788502e-06,0.0001000066101551067
lift,2.5025,0.05917675048112869,0.061183419078588486,0.05917835608124733,0.06118500977754593,-1.5906989574432373e-06,128,0,-1,4.200004147111155,0.4873759870298435,4,0.29010446773312726,-0.00010500289499759674,5.000010132788502e-06,0.00010000288486480824,4.199929429472416,0.48759929526909385,4,0.29024255255780856,-0.00010500103235244751,5.000010132788502e-06,0.00010000102221965901
lift,2.505,0.059329356998205185,0.0609210841357708,0.05933096259832382,0.060922663658857346,-1.5795230865478516e-06,128,0,-1,4.199982363188991,0.4836640325491143,4,0.28789646641627475,-0.00010500289499759674,5.000010132788502e-06,0.00010000288486480824,4.199951213394691,0.4838868222695206,4,0.2880312161283475,-0.00010500103235244751,5.000010132788502e-06,0.00010000102221965901
lift,2.5075,0.05948103219270706,0.06047585606575012,0.0594826377928257,0.06047742813825607,-1.5720725059509277e-06,128,0,-1,4.199973286490007,0.48004310227015573,4,0.28574175924779294,-0.00010500289499759674,4.998147487639271e-06,0.00010000474750995747,4.199960290093842,0.4802666871038914,4,0.28587573091861335,-0.00010500103235244751,5.0018727779377326e-06,9.999915957450978e-05
lift,2.5100000000000002,0.05963132157921791,0.05985260754823685,0.059632930904626846,0.059854164719581604,-1.55717134475708e-06,128,0,-1,4.199938460382759,0.4765238460463364,4,0.28364930256794085,-0.00010500103235244751,4.998147487639271e-06,0.00010000288486480824,4.199995116201107,0.47674715978407156,4,0.28377840128019544,-0.00010500289499759674,5.0018727779377326e-06,0.00010000102221965901
lift,2.5125,0.05977979302406311,0.05905666574835777,0.059781406074762344,0.059058211743831635,-1.5459954738616943e-06,128,0,-1,4.199955757680959,0.4731147843204252,4,0.2816189095892164,-0.00010500103235244751,5.000010132788502e-06,0.00010000102221965901,4.199977818902906,0.4733380983323173,4,0.28175035603876114,-0.00010500289499759674,5.000010132788502e-06,0.00010000288486480824
lift,2.515,0.059926021844148636,0.05809378623962402,0.05992764234542847,0.05809532105922699,-1.5348196029663086e-06,128,0,-1,4.199982690749725,0.4698250693426532,4,0.27965893191501834,-0.00010500289499759674,5.000010132788502e-06,0.00010000288486480824,4.199950885834182,0.47004691103963114,4,0.27979309985804257,-0.00010500103235244751,5.000010132788502e-06,0.00010000102221965901
lift,2.5175,0.060069598257541656,0.05697013810276985,0.060071226209402084,0.05697166174650192,-1.5236437320709229e-06,128,0,-1,4.199973290190988,0.4666604574100314,4,0.27777584830117497,-0.00010500289499759674,4.998147487639271e-06,0.00010000474750995747,4.199960286392899,0.4668829690750405,4,0.2779091570149221,-0.00010500103235244751,5.0018727779377326e-06,9.999915957450978e-05
lift,2.52,0.06021013855934143,0.05569225549697876,0.06021176651120186,0.055693771690130234,-1.516193151473999e-06,128,0,-1,4.199981921752311,0.4636297463117847,4,0.2759712749658394,-0.00010500103235244751,5.000010132788502e-06,0.00010000102221965901,4.200100666443493,0.4638530587356272,4,0.27609639361834787,-0.0001050066202878952,5.000010132788502e-06,0.0001000066101551067
lift,2.5225,0.06034725904464722,0.0542670376598835,0.06034889444708824,0.05426854267716408,-1.5050172805786133e-06,128,0,-1,4.200004146280638,0.4607402341216706,4,0.27424986861601336,-0.00010500289499759674,5.000010132788502e-06,0.00010000288486480824,4.1999294303032695,0.46096202966873745,4,0.27438677084834506,-0.00010500103235244751,5.000010132788502e-06,0.00010000102221965901
lift,2.525,0.06048060953617096,0.052701689302921295,0.060482244938611984,0.05270318686962128,-1.4975666999816895e-06,128,0,-1,4.19997858966897,0.4579971435457118,4,0.2726187370765917,-0.00010500289499759674,4.998147487639271e-06,0.00010000474750995747,4.199954986915049,0.4582184210409431,4,0.2727519833358462,-0.00010500103235244751,5.0018727779377326e-06,9.999915957450978e-05
lift,2.5275,0.0606098435819149,0.05100372061133385,0.06061148643493652,0.05100521072745323,-1.4901161193847656e-06,128,0,-1,4.20000513353288,0.4554055947990806,4,0.27107442748290833,-0.00010500289499759674,5.000010132788502e-06,0.00010000288486480824,4.199928443051017,0.4556276663784796,4,0.2712115650043618,-0.00010500103235244751,5.000010132788502e-06,0.00010000102221965901
lift,2.5300000000000002,0.060734644532203674,0.04918090999126434,0.060736287385225296,0.04918239265680313,-1.4826655387878418e-06,128,0,-1,4.199982374631073,0.4529727065040392,4,0.2696277425115554,-0.00010500289499759674,5.000010132788502e-06,0.00010000288486480824,4.199951201952857,0.45319374086367414,4,0.2697613133296359,-0.00010500103235244751,5.000010132788502e-06,0.00010000102221965901
lift,2.5325,0.0608547143638134,0.04724126681685448,0.06085635721683502,0.04724273830652237,-1.471489667892456e-06,128,0,-1,4.19997328572914,0.4507019277884677,4,0.26827666340157635,-0.00010500289499759674,4.998147487639271e-06,0.00010000474750995747,4.199960290855331,0.4509211297997567,4,0.2684079720834251,-0.00010500103235244751,5.0018727779377326e-06,9.999915957450978e-05
lift,2.535,0.0609697662293911,0.04519300535321236,0.06097141653299332,0.04519447311758995,-1.4677643775939941e-06,128,0,-1,4.1999819212313145,0.4485962433590709,4,0.26702272281898015,-0.00010500103235244751,5.000010132788502e-06,0.00010000102221965901,4.200100666964602,0.4488159275104913,4,0.2671459347633024,-0.0001050066202878952,5.000010132788502e-06,0.0001000066101551067
lift,2.5375,0.061079543083906174,0.043044522404670715,0.06108119711279869,0.04304598271846771,-1.4603137969970703e-06,128,0,-1,4.2000041458387045,0.4466607030158015,4,0.26586920364015926,-0.00010500289499759674,5.000010132788502e-06,0.00010000288486480824,4.1999294307462165,0.44687774731219465,4,0.2660031285530411,-0.00010500103235244751,5.000010132788502e-06,0.00010000102221965901
lift,2.54,0.061183810234069824,0.04080436751246452,0.06118547171354294,0.04080582410097122,-1.4565885066986084e-06,128,0,-1,4.199982361976751,0.4448963008743831,4,0.2648203388317264,-0.00010500289499759674,5.000010132788502e-06,0.00010000288486480824,4.199951214607779,0.4451136689594873,4,0.2649516900406753,-0.00010500103235244751,5.000010132788502e-06,0.00010000102221965901
lift,2.5425,0.06128235161304474,0.038481201976537704,0.06128401309251785,0.038482651114463806,-1.4491379261016846e-06,128,0,-1,4.199999987679547,0.4434530594730749,4,0.26396015522257044,-0.00010500289499759674,4.998147487639271e-06,0.00010000474750995747,4.199933588904439,0.4433757122312806,4,0.2639182875430514,-0.00010499730706214905,5.0018727779377326e-06,9.999543428421132e-05
lift,2.545,0.0613749697804451,0.036083776503801346,0.06137663125991821,0.03608522191643715,-1.4454126358032227e-06,128,0,-1,4.1998874346863,0.44203743041514926,4,0.2631245701756326,-0.00010499730706214905,4.998147487639271e-06,9.999915957450978e-05,4.20004614189759,0.4419621777582375,4,0.26306983472719536,-0.00010500289499759674,5.0018727779377326e-06,0.00010000102221965901
lift,2.5475,0.06146150082349777,0.033620912581682205,0.061463162302970886,0.03362235426902771,-1.4416873455047607e-06,128,0,-1,4.199933723605623,0.4407981307184818,4,0.2623839801572265,-0.00010499730706214905,5.000010132788502e-06,9.999729692936055e-05,4.199999852978282,0.4407249677646948,4,0.26233629951925486,-0.00010500289499759674,5.000010132788502e-06,0.00010000288486480824
lift,2.5500000000000003,0.061541780829429626,0.03110145404934883,0.061543453484773636,0.031102890148758888,-1.4360994100570679e-06,128,0,-1,4.199903118023933,0.4397358158305677,4,0.261753547327935,-0.00010499916970729828,5.000010132788502e-06,9.999915957450978e-05,4.19988144694813,0.43966495215336165,4,0.2617127160058571,-0.00010499730706214905,5.000010132788502e-06,9.999729692936055e-05
lift,2.5525,0.06161569058895111,0.02853424847126007,0.06161736696958542,0.02853568270802498,-1.434236764907837e-06,128,0,-1,4.199893015013788,0.4388511882309306,4,0.2612275995258238,-0.00010499730706214905,5.000010132788502e-06,9.999729692936055e-05,4.2000405615700735,0.43878183081998956,4,0.2611771388797985,-0.00010500289499759674,5.000010132788502e-06,0.00010000288486480824
lift,2.555,0.06168311834335327,0.025928134098649025,0.061684805899858475,0.025929566472768784,-1.432374119758606e-06,128,0,-1,4.199979064774593,0.43799560686544653,4,0.26071297029724194,-0.00010500289499759674,4.998147487639271e-06,0.00010000474750995747,4.199954511808843,0.4382216874621239,4,0.2608490676684674,-0.00010500103235244751,5.0018727779377326e-06,9.999915957450978e-05
lift,2.5575,0.06174398958683014,0.02329188957810402,0.06174567714333534,0.02329332008957863,-1.430511474609375e-06,128,0,-1,4.199940365702005,0.43746359481153263,4,0.2603986942195619,-0.00010500103235244751,4.998147487639271e-06,0.00010000288486480824,4.1999932108815585,0.4376885976238873,4,0.26052934829150504,-0.00010500289499759674,5.0018727779377326e-06,0.00010000102221965901
lift,2.56,0.06179823353886604,0.020634228363633156,0.06179992854595184,0.020635657012462616,-1.428648829460144e-06,128,0,-1,4.1999557804932195,0.4371045763181026,4,0.26018403476308233,-0.00010500103235244751,5.000010132788502e-06,0.00010000102221965901,4.199977796090409,0.4373291837589081,4,0.26031636653293755,-0.00010500289499759674,5.000010132788502e-06,0.00010000288486480824
lift,2.5625,0.0618458166718483,0.017963755875825882,0.0618475116789341,0.017965182662010193,-1.426786184310913e-06,128,0,-1,4.1999932536275075,0.43691725897519756,4,0.26007021475441355,-0.00010500289499759674,5.000010132788502e-06,0.00010000288486480824,4.199940322956252,0.4371406859008399,4,0.2602064864538036,-0.00010500103235244751,5.000010132788502e-06,0.00010000102221965901
lift,2.565,0.06188671290874481,0.015288952738046646,0.06188841164112091,0.015290381386876106,-1.428648829460144e-06,128,0,-1,4.199977823427351,0.4368983871266581,4,0.2600599369177927,-0.00010500289499759674,4.998147487639271e-06,0.00010000474750995747,4.199955753156568,0.4371205380619161,4,0.26019353759464525,-0.00010500103235244751,5.0018727779377326e-06,9.999915957450978e-05
lift,2.5675,0.061920929700136185,0.012618151493370533,0.06192262843251228,0.012619580142199993,-1.428648829460144e-06,128,0,-1,4.199940350096869,0.4370450606398937,4,0.26014956416572294,-0.00010500103235244751,4.998147487639271e-06,0.00010000288486480824,4.199993226487237,0.43726584520530853,4,0.2602777085732505,-0.00010500289499759674,5.0018727779377326e-06,0.00010000102221965901
lift,2.57,0.06194848567247391,0.009959515184164047,0.061950184404850006,0.009960944764316082,-1.4295801520347595e-06,128,0,-1,4.199955780302377,0.4373530020569079,4,0.26033190879537105,-0.00010500103235244751,5.000010132788502e-06,0.00010000102221965901,4.199977796281842,0.4375732672829623,4,0.26046165510109204,-0.00010500289499759674,5.000010132788502e-06,0.00010000288486480824
lift,2.5725000000000002,0.06196942552924156,0.00732101034373045,0.06197112426161766,0.007322441786527634,-1.4314427971839905e-06,128,0,-1,4.199993253650646,0.4378182785066066,4,0.2606065367641089,-0.00010500289499759674,5.000010132788502e-06,0.00010000288486480824,4.1999403229334815,0.4380388050934716,4,0.2607410888088047,-0.00010500103235244751,5.000010132788502e-06,0.00010000102221965901
lift,2.575,0.061983805149793625,0.004710392560809851,0.061985503882169724,0.004711825400590897,-1.4328397810459137e-06,128,0,-1,4.1999778234728815,0.43843763711209344,4,0.2609761619821826,-0.00010500289499759674,4.998147487639271e-06,0.00010000474750995747,4.199955753111589,0.43865673567637825,4,0.26110795057268993,-0.00010500103235244751,5.0018727779377326e-06,9.999915957450978e-05
lift,2.5775,0.06199171021580696,0.002135179005563259,0.06199341267347336,0.002136614639312029,-1.4356337487697601e-06,128,0,-1,4.199887575215045,0.4391674204683337,4,0.26141617638767817,-0.00010500103235244751,5.000010132788502e-06,0.00010000102221965901,4.199971495563282,0.4394610633578025,4,0.2615857416068391,-0.00010500289499759674,5.000010132788502e-06,0.00010000288486480824
lift,2.58,0.06199324131011963,-0.00039736356120556593,0.061994943767786026,-0.0003959249588660896,-1.438602339476347e-06,128,0,-1,4.199902559338191,0.4402626158795617,4,0.2620671608801188,-0.00010499730706214905,5.000010132788502e-06,9.999729692936055e-05,4.200031017245561,0.44018641521320473,4,0.2620137883540472,-0.00010500289499759674,5.000010132788502e-06,0.00010000288486480824
lift,2.5825,0.06198851019144058,-0.0028802435845136642,0.061990223824977875,-0.002878801664337516,-1.4419201761484146e-06,128,0,-1,4.200003875028542,0.4413094321074147,4,0.26268394341922824,-0.00010500289499759674,4.998147487639271e-06,0.00010000474750995747,4.199929701555303,0.44123514498682653,4,0.2626443633231706,-0.00010499730706214905,5.0018727779377326e-06,9.999543428421132e-05
lift,2.585,0.06197765842080116,-0.005306754261255264,0.061979372054338455,-0.005305308382958174,-1.4458782970905304e-06,128,0,-1,4.19988748350581,0.4424881703474571,4,0.26339287188361465,-0.00010499730706214905,4.998147487639271e-06,9.999915957450978e-05,4.200046093078125,0.44241584052589533,4,0.2633398721831991,-0.00010500289499759674,5.0018727779377326e-06,0.00010000102221965901
lift,2.5875,0.06196083128452301,-0.007670485880225897,0.0619625523686409,-0.007669035345315933,-1.4505349099636078e-06,128,0,-1,4.199933724219159,0.4437925127086333,4,0.264166378477283,-0.00010499730706214905,5.000010132788502e-06,9.999729692936055e-05,4.199999852364863,0.44372209368461557,4,0.2641203031440419,-0.00010500289499759674,5.000010132788502e-06,0.00010000288486480824
lift,2.59,0.061938196420669556,-0.009965348988771439,0.061939921230077744,-0.00996389426290989,-1.4547258615493774e-06,128,0,-1,4.199937213994599,0.4450691889818634,4,0.2649260966919038,-0.00010500103235244751,4.998147487639271e-06,0.00010000288486480824,4.199996362588933,0.44529451258270525,4,0.26505648704194346,-0.00010500289499759674,5.0018727779377326e-06,0.00010000102221965901
lift,2.5925000000000002,0.061909932643175125,-0.012185581959784031,0.06191166490316391,-0.012184121645987034,-1.4603137969970703e-06,128,0,-1,4.199955741195416,0.4466064808764586,4,0.26583999236938555,-0.00010500103235244751,5.000010132788502e-06,0.00010000102221965901,4.1999778353881965,0.44683119789306347,4,0.265972354739679,-0.00010500289499759674,5.000010132788502e-06,0.00010000288486480824
lift,2.595,0.061876241117715836,-0.014325762167572975,0.06187797337770462,-0.014324297197163105,-1.4649704098701477e-06,128,0,-1,4.199993253473782,0.4482496143261574,4,0.26681567521293853,-0.00010500289499759674,5.000010132788502e-06,0.00010000288486480824,4.199940323109912,0.44847366253167087,4,0.26695240171864604,-0.00010500103235244751,5.000010132788502e-06,0.00010000102221965901
lift,2.5975,0.061837323009967804,-0.01638082228600979,0.061839066445827484,-0.016379352658987045,-1.469627022743225e-06,128,0,-1,4.199977823819902,0.4499911294437536,4,0.2678532770409275,-0.00010500289499759674,4.998147487639271e-06,0.00010000474750995747,4.199955752763888,0.45021437900242844,4,0.267987572670351,-0.00010500103235244751,5.0018727779377326e-06,9.999915957450978e-05
lift,2.6,0.061793405562639236,-0.018346058204770088,0.061795156449079514,-0.018344581127166748,-1.477077603340149e-06,128,0,-1,4.199940350547689,0.4518239398347125,4,0.26894664097776577,-0.00010500103235244751,4.998147487639271e-06,0.00010000288486480824,4.199993226036197,0.45204647307712126,4,0.2690757155718954,-0.00010500289499759674,5.0018727779377326e-06,0.00010000102221965901
lift,2.6025,0.06174471601843834,-0.020217128098011017,0.06174647435545921,-0.02021564543247223,-1.4826655387878418e-06,128,0,-1,4.199955780803888,0.45374063574572165,4,0.2700865553273003,-0.00010500103235244751,5.000010132788502e-06,0.00010000102221965901,4.199977795780063,0.45396265060661556,4,0.27021729201921946,-0.00010500289499759674,5.000010132788502e-06,0.00010000288486480824
lift,2.605,0.06169149652123451,-0.021990057080984116,0.061693254858255386,-0.02198856696486473,-1.4901161193847656e-06,128,0,-1,4.199993254199766,0.45573365140527655,4,0.2712704662975158,-0.00010500289499759674,5.000010132788502e-06,0.00010000288486480824,4.19994032238425,0.45595512645216263,4,0.271405717375362,-0.00010500103235244751,5.000010132788502e-06,0.00010000102221965901
lift,2.6075,0.061633992940187454,-0.02366124838590622,0.06163575127720833,-0.023659752681851387,-1.4957040548324585e-06,128,0,-1,4.19997782406703,0.4577953645763709,4,0.2724986796079477,-0.00010500289499759674,4.998147487639271e-06,0.00010000474750995747,4.199955752516985,0.4580168396439847,4,0.2726319434255352,-0.00010500103235244751,5.0018727779377326e-06,9.999915957450978e-05
lift,2.61,0.06157246604561806,-0.025227494537830353,0.06157423183321953,-0.025225989520549774,-1.5050172805786133e-06,128,0,-1,4.199940350797994,0.4599183569490121,4,0.27376481481554077,-0.00010500103235244751,4.998147487639271e-06,0.00010000288486480824,4.199993225786086,0.4601393346877346,4,0.2738929028877262,-0.00010500289499759674,5.0018727779377326e-06,0.00010000102221965901
lift,2.6125000000000003,0.06150718778371811,-0.02668597176671028,0.06150895357131958,-0.026684461161494255,-1.5106052160263062e-06,128,0,-1,4.199955781061918,0.46209496138233674,4,0.2750594205455542,-0.00010500103235244751,5.000010132788502e-06,0.00010000102221965901,4.199977795522324,0.46231451974363896,4,0.2751886689951797,-0.00010500289499759674,5.000010132788502e-06,0.00010000288486480824
lift,2.615,0.0614384263753891,-0.028034241870045662,0.06144019961357117,-0.02803272381424904,-1.51805579662323e-06,128,0,-1,4.200090256853186,0.46446505156139095,4,0.27646135151711,-0.00010500289499759674,5.000010132788502e-06,0.00010000288486480824,4.199992331342703,0.46438835898240466,4,0.2764221469625538,-0.00010500103235244751,5.000010132788502e-06,0.00010000102221965901
lift,2.6175,0.06136646121740341,-0.02927025966346264,0.06136824190616608,-0.02926873415708542,-1.5255063772201538e-06,128,0,-1,4.200045302356743,0.46672364502559466,4,0.2778086969464979,-0.00010500289499759674,4.998147487639271e-06,0.00010000474750995747,4.199888274227135,0.4666486310603948,4,0.27777443147953007,-0.00010499730706214905,5.0018727779377326e-06,9.999543428421132e-05
lift,2.62,0.06129157915711403,-0.03039235807955265,0.06129336357116699,-0.030390825122594833,-1.5329569578170776e-06,128,0,-1,4.199906899710683,0.4690129549014551,4,0.2791805664393202,-0.00010499916970729828,5.000010132788502e-06,9.999915957450978e-05,4.199877665261184,0.46893937415715137,4,0.27913871041764543,-0.00010499730706214905,5.000010132788502e-06,9.999729692936055e-05
lift,2.6225,0.06121406704187393,-0.031399257481098175,0.061215855181217194,-0.03139771893620491,-1.5385448932647705e-06,128,0,-1,4.200004303815525,0.47132407696807965,4,0.2805497583299509,-0.00010500289499759674,4.998147487639271e-06,0.00010000474750995747,4.199929272768184,0.47125269346639553,4,0.28051227941023854,-0.00010499730706214905,5.0018727779377326e-06,9.999543428421132e-05
lift,2.625,0.0611342117190361,-0.032290056347846985,0.061135999858379364,-0.032288506627082825,-1.5497207641601562e-06,128,0,-1,4.199941057784166,0.4735030466777257,4,0.28185100705171545,-0.00010500103235244751,4.998147487639271e-06,0.00010000288486480824,4.199992518799269,0.47372920966851056,4,0.2819821746991733,-0.00010500289499759674,5.0018727779377326e-06,0.00010000102221965901
lift,2.6275,0.06105230376124382,-0.03306422010064125,0.06105409190058708,-0.033062662929296494,-1.55717134475708e-06,128,0,-1,4.19995579036167,0.47583882263521926,4,0.283240375843482,-0.00010500103235244751,5.000010132788502e-06,0.00010000102221965901,4.199977786221958,0.4760631837048154,4,0.28337244143679896,-0.00010500289499759674,5.000010132788502e-06,0.00010000288486480824
lift,2.63,0.06096863001585007,-0.033721599727869034,0.060970429331064224,-0.03372003883123398,-1.560896635055542e-06,128,0,-1,4.199993255006483,0.4781744089482397,4,0.284628081472658,-0.00010500289499759674,5.000010132788502e-06,0.00010000288486480824,4.199940321577211,0.4783982961678406,4,0.284764936843309,-0.00010500103235244751,5.000010132788502e-06,0.00010000102221965901
lift,2.6325,0.06088349223136902,-0.03426239266991615,0.060885295271873474,-0.0342608243227005,-1.5683472156524658e-06,128,0,-1,4.199977824772118,0.4805030239535699,4,0.2860152148420218,-0.00010500289499759674,4.998147487639271e-06,0.00010000474750995747,4.199955751811564,0.4807258592194531,4,0.2861493594379547,-0.00010500103235244751,5.0018727779377326e-06,9.999915957450978e-05
lift,2.6350000000000002,0.060797177255153656,-0.03468717634677887,0.06079898774623871,-0.03468559682369232,-1.5795230865478516e-06,128,0,-1,4.199940351508664,0.48281717822958825,4,0.28739525911133185,-0.00010500103235244751,4.998147487639271e-06,0.00010000288486480824,4.199993225075158,0.483040229298648,4,0.2875244098102111,-0.00010500289499759674,5.0018727779377326e-06,0.00010000102221965901
lift,2.6375,0.06070997565984726,-0.03499685600399971,0.06071178615093231,-0.034995269030332565,-1.5869736671447754e-06,128,0,-1,4.199955781775811,0.4851105060470143,4,0.28875929370017167,-0.00010500103235244751,5.000010132788502e-06,0.00010000102221965901,4.199977794808074,0.4853330391575377,4,0.2888902411326415,-0.00010500289499759674,5.000010132788502e-06,0.00010000288486480824
lift,2.64,0.060622166842222214,-0.035192668437957764,0.06062398478388786,-0.03519107401371002,-1.5944242477416992e-06,128,0,-1,4.199993255180784,0.4873762399723052,4,0.2901053706283432,-0.00010500289499759674,5.000010132788502e-06,0.00010000288486480824,4.199940321403167,0.48759825482291386,4,0.29024118053421,-0.00010500103235244751,5.000010132788502e-06,0.00010000102221965901
lift,2.6425,0.0605340339243412,-0.03527619317173958,0.06053585931658745,-0.03527459502220154,-1.5981495380401611e-06,128,0,-1,4.199977825054122,0.4896084866674044,4,0.2914351617208212,-0.00010500289499759674,4.998147487639271e-06,0.00010000474750995747,4.199955751529892,0.489829782363312,4,0.29156841842017306,-0.00010500103235244751,5.0018727779377326e-06,9.999915957450978e-05
lift,2.645,0.060445863753557205,-0.035249318927526474,0.06044768914580345,-0.03524771332740784,-1.605600118637085e-06,128,0,-1,4.199940351787598,0.49180023836081854,4,0.29274239463394774,-0.00010500103235244751,4.998147487639271e-06,0.00010000288486480824,4.199993224796482,0.4920212162370274,4,0.2928702440114467,-0.00010500289499759674,5.0018727779377326e-06,0.00010000102221965901
lift,2.6475,0.060357917100191116,-0.035114239901304245,0.06035974994301796,-0.03511262685060501,-1.6130506992340088e-06,128,0,-1,4.200004935186368,0.49394548515112024,4,0.2940148242523447,-0.00010500289499759674,5.000010132788502e-06,0.00010000288486480824,4.199928641397776,0.4941659442025616,4,0.29415139303301263,-0.00010500103235244751,5.000010132788502e-06,0.00010000102221965901
lift,2.65,0.06027046963572502,-0.034873444586992264,0.06027231365442276,-0.034871820360422134,-1.6242265701293945e-06,128,0,-1,4.199992937055286,0.49603859850769133,4,0.29526156706794116,-0.00010500289499759674,5.000010132788502e-06,0.00010000288486480824,4.199940639528858,0.49625905781923896,4,0.29539647129090635,-0.00010500103235244751,5.000010132788502e-06,0.00010000102221965901
lift,2.6525,0.06018378213047981,-0.03452969342470169,0.06018562987446785,-0.03452806919813156,-1.6242265701293945e-06,128,0,-1,4.200008856380115,0.49822292860967454,4,0.2965606416834325,-0.00010500289499759674,4.998147487639271e-06,0.00010000474750995747,4.199924720203948,0.4981457737369617,4,0.29652065627546037,-0.00010499730706214905,5.0018727779377326e-06,9.999543428421132e-05
lift,2.6550000000000002,0.06009810417890549,-0.03408602625131607,0.06009995564818382,-0.034084390848875046,-1.6354024410247803e-06,128,0,-1,4.199887546066219,0.5001949936206553,4,0.2977430872459655,-0.00010499730706214905,4.998147487639271e-06,9.999915957450978e-05,4.200046030517589,0.5001198294388505,4,0.29768711212030374,-0.00010500289499759674,5.0018727779377326e-06,0.00010000102221965901
lift,2.6575,0.06001368537545204,-0.033545710146427155,0.06001553684473038,-0.03354407101869583,-1.6391277313232422e-06,128,0,-1,4.199933725004885,0.5020994123226168,4,0.29887341396204575,-0.00010499730706214905,5.000010132788502e-06,9.999729692936055e-05,4.199999851578908,0.5020263073503206,4,0.29882519350661024,-0.00010500289499759674,5.000010132788502e-06,0.00010000288486480824
lift,2.66,0.05993075668811798,-0.03291226550936699,0.059932608157396317,-0.03291061893105507,-1.646578311920166e-06,128,0,-1,4.200067883593176,0.5038207436934372,4,0.2998884527923489,-0.00010500289499759674,5.000010132788502e-06,0.00010000288486480824,4.199940198796275,0.5039720270815766,4,0.2999876207916113,-0.00010500103235244751,5.000010132788502e-06,0.00010000102221965901
lift,2.6625,0.05984954163432121,-0.03218942508101463,0.05985139682888985,-0.032187774777412415,-1.650303602218628e-06,128,0,-1,4.199937073487746,0.505540863168066,4,0.3009216890172658,-0.00010500103235244751,4.998147487639271e-06,0.00010000288486480824,4.199996503095818,0.5057659115137996,4,0.3010513884600853,-0.00010500289499759674,5.0018727779377326e-06,0.00010000102221965901
lift,2.665,0.059770263731479645,-0.03138113394379616,0.059772126376628876,-0.03137947618961334,-1.6577541828155518e-06,128,0,-1,4.199955741288564,0.5072171585223992,4,0.30191815686061424,-0.00010500103235244751,5.000010132788502e-06,0.00010000102221965901,4.199977835295002,0.507442284480744,4,0.3020505728723101,-0.00010500289499759674,5.000010132788502e-06,0.00010000288486480824
lift,2.6675,0.05969312787055969,-0.03049151971936226,0.05969499796628952,-0.030489856377243996,-1.6633421182632446e-06,128,0,-1,4.199993255332722,0.5088106670990475,4,0.30286397868199655,-0.00010500289499759674,5.000010132788502e-06,0.00010000288486480824,4.199940321251004,0.5090343735864569,4,0.3030009563533719,-0.00010500103235244751,5.000010132788502e-06,0.00010000102221965901
lift,2.67,0.059618331491947174,-0.029524879530072212,0.0596202053129673,-0.0295232106000185,-1.6689300537109375e-06,128,0,-1,4.199977825693541,0.510316756468524,4,0.3037615778270541,-0.00010500289499759674,4.998147487639271e-06,0.00010000474750995747,4.199955750890198,0.5105391647506172,4,0.3038955616630046,-0.00010500103235244751,5.0018727779377326e-06,9.999915957450978e-05
lift,2.6725,0.05954606458544731,-0.02848566323518753,0.059547942131757736,-0.02848399057984352,-1.6726553440093994e-06,128,0,-1,4.19994035240967,0.5117318484712259,4,0.3046066167211311,-0.00010500103235244751,4.998147487639271e-06,0.00010000288486480824,4.199993224174217,0.5119543818530397,4,0.3047352427298842,-0.00010500289499759674,5.0018727779377326e-06,0.00010000102221965901
lift,2.6750000000000003,0.059476498514413834,-0.027378467842936516,0.05947837978601456,-0.027376791462302208,-1.6763806343078613e-06,128,0,-1,4.19995578264761,0.5130541303199975,4,0.3053925784407742,-0.00010500103235244751,5.000010132788502e-06,0.00010000102221965901,4.199977793936307,0.5132762805599737,4,0.3055232109209084,-0.00010500289499759674,5.000010132788502e-06,0.00010000288486480824
lift,2.6775,0.059409793466329575,-0.02620801143348217,0.059411682188510895,-0.026206329464912415,-1.6819685697555542e-06,128,0,-1,4.199993256021299,0.5142814960753914,4,0.3061204296805086,-0.00010500289499759674,5.000010132788502e-06,0.00010000288486480824,4.199940320562716,0.5145029922903545,4,0.30625613283799014,-0.00010500103235244751,5.000010132788502e-06,0.00010000102221965901
lift,2.68,0.05934610217809677,-0.024979112669825554,0.05934800207614899,-0.0249774269759655,-1.6856938600540161e-06,128,0,-1,4.199977825860147,0.5154115784055417,4,0.306794225931411,-0.00010500289499759674,4.998147487639271e-06,0.00010000474750995747,4.199955750723934,0.5156324330466167,4,0.30692730093509835,-0.00010500103235244751,5.0018727779377326e-06,9.999915957450978e-05
lift,2.6825,0.059285566210746765,-0.02369668334722519,0.05928747355937958,-0.023694995790719986,-1.687556505203247e-06,128,0,-1,4.199940352558249,0.516443238613862,4,0.30741105543278036,-0.00010500103235244751,4.998147487639271e-06,0.00010000288486480824,4.199993224026165,0.5166626587281985,4,0.30753779302107975,-0.00010500289499759674,5.0018727779377326e-06,0.00010000102221965901
lift,2.685,0.059228312224149704,-0.02236570045351982,0.059230219572782516,-0.02236400917172432,-1.691281795501709e-06,128,0,-1,4.199955782783978,0.5173744665224587,4,0.30796423419695645,-0.00010500103235244751,5.000010132788502e-06,0.00010000102221965901,4.1999777938002945,0.5175937657457512,4,0.30809315617679334,-0.00010500289499759674,5.000010132788502e-06,0.00010000288486480824
lift,2.6875,0.05917445197701454,-0.020991191267967224,0.05917636305093765,-0.020989498123526573,-1.69314444065094e-06,128,0,-1,4.200057182734815,0.518352061897815,4,0.3085386932519669,-0.00010500289499759674,5.000010132788502e-06,0.00010000288486480824,4.200025405460895,0.518276150087362,4,0.30849584231889204,-0.00010500103235244751,5.000010132788502e-06,0.00010000102221965901
lift,2.69,0.05912408605217934,-0.0195782333612442,0.05912599712610245,-0.019576536491513252,-1.6968697309494019e-06,128,0,-1,4.200047781502362,0.5190795869501759,4,0.3089724295734681,-0.00010500289499759674,4.998147487639271e-06,0.00010000474750995747,4.200034806693409,0.5190049705018258,4,0.3089289698711012,-0.00010500103235244751,5.0018727779377326e-06,9.999915957450978e-05
lift,2.6925,0.05907730013132095,-0.018131915479898453,0.05907921865582466,-0.018130216747522354,-1.6987323760986328e-06,128,0,-1,4.200029206457771,0.5197052412117986,4,0.30934620669585094,-0.00010500289499759674,4.998147487639271e-06,0.00010000474750995747,4.19990437012609,0.5196324328495133,4,0.3093120622850711,-0.00010499730706214905,5.0018727779377326e-06,9.999543428421132e-05
lift,2.695,0.05903417617082596,-0.01665734127163887,0.05903610214591026,-0.01665564253926277,-1.6987323760986328e-06,128,0,-1,4.199901006151807,0.5202286323548275,4,0.30966719905589585,-0.00010499730706214905,5.000010132788502e-06,9.999729692936055e-05,4.200032570432195,0.5201576704569674,4,0.3096152599618065,-0.00010500289499759674,5.000010132788502e-06,0.00010000288486480824
lift,2.6975000000000002,0.05899477377533913,-0.015159604139626026,0.05899670720100403,-0.015157902613282204,-1.7015263438224792e-06,128,0,-1,4.199941782342466,0.5205030243370157,4,0.30982752339885494,-0.00010500103235244751,4.998147487639271e-06,0.00010000288486480824,4.1999917942410505,0.5207284775301918,4,0.30995803268247146,-0.00010500289499759674,5.0018727779377326e-06,0.00010000102221965901
lift,2.7,0.05895914509892464,-0.013643763959407806,0.05896108224987984,-0.01364206150174141,-1.7024576663970947e-06,128,0,-1,4.199955800847644,0.5208251218561541,4,0.3100182159958922,-0.00010500103235244751,5.000010132788502e-06,0.00010000102221965901,4.199977775735952,0.5210499269593326,4,0.3101504072054466,-0.00010500289499759674,5.000010132788502e-06,0.00010000288486480824
lift,2.7025,0.05892733111977577,-0.012114839628338814,0.05892926827073097,-0.012113137170672417,-1.7024576663970947e-06,128,0,-1,4.199993256461272,0.5210472625391471,4,0.3101476780573205,-0.00010500289499759674,5.000010132788502e-06,0.00010000288486480824,4.199940320122438,0.5212711471073329,4,0.31028485369771674,-0.00010500103235244751,5.000010132788502e-06,0.00010000102221965901
lift,2.705,0.058899346739053726,-0.010577798821032047,0.05890129134058952,-0.010576095432043076,-1.7033889889717102e-06,128,0,-1,4.1999778260460445,0.5211705308497894,4,0.310222191899303,-0.00010500289499759674,4.998147487639271e-06,0.00010000474750995747,4.199955750537744,0.5213937804057422,4,0.31035671050759595,-0.00010500103235244751,5.0018727779377326e-06,9.999915957450978e-05
lift,2.7075,0.05887521430850029,-0.009037541225552559,0.058877162635326385,-0.009035837836563587,-1.7033889889717102e-06,128,0,-1,4.199940352709598,0.5211963210682439,4,0.31024031134870356,-0.00010500103235244751,4.998147487639271e-06,0.00010000288486480824,4.199993223874272,0.521418922482308,4,0.31036890697726327,-0.00010500289499759674,5.0018727779377326e-06,0.00010000102221965901
lift,2.71,0.058854930102825165,-0.007498875260353088,0.05885688215494156,-0.007497171871364117,-1.7033889889717102e-06,128,0,-1,4.199955782904533,0.5211268592729656,4,0.3101978248164875,-0.00010500103235244751,5.000010132788502e-06,0.00010000102221965901,4.199977793679418,0.5213488125393256,4,0.31032831490437157,-0.00010500289499759674,5.000010132788502e-06,0.00010000288486480824
lift,2.7125,0.058838482946157455,-0.005966514814645052,0.05884043499827385,-0.0059648118913173676,-1.7029233276844025e-06,128,0,-1,4.199993256234419,0.5209638665788101,4,0.31009803754178517,-0.00010500289499759674,5.000010132788502e-06,0.00010000288486480824,4.1999403203496035,0.5211852365400826,4,0.3102337157118813,-0.00010500103235244751,5.000010132788502e-06,0.00010000102221965901
lift,2.715,0.05882585048675537,-0.004445060156285763,0.058827806264162064,-0.004443357698619366,-1.7024576663970947e-06,128,0,-1,4.199977826030323,0.5207097458708981,4,0.3099479136792582,-0.00010500289499759674,4.998147487639271e-06,0.00010000474750995747,4.199955750553781,0.5209304676621366,4,0.3100809262058593,-0.00010500103235244751,5.0018727779377326e-06,9.999915957450978e-05
lift,2.7175000000000002,0.058817002922296524,-0.0029390030540525913,0.058818962424993515,-0.0029373022262007,-1.7008278518915176e-06,128,0,-1,4.199940352685689,0.5203671196429271,4,0.30974673206381,-0.00010500103235244751,4.998147487639271e-06,0.00010000288486480824,4.199993223898703,0.5205865908937162,4,0.30987347070674215,-0.00010500289499759674,5.0018727779377326e-06,0.00010000102221965901
lift,2.72,0.058811891824007034,-0.0014526981394737959,0.058813855051994324,-0.0014509985921904445,-1.6995472833514214e-06,128,0,-1,4.1999247293631345,0.5200861646021117,4,0.3095806461518277,-0.00010499730706214905,5.000010132788502e-06,9.999729692936055e-05,4.200008847220838,0.5200091584091822,4,0.30952860894166584,-0.00010500289499759674,5.000010132788502e-06,0.00010000288486480824
lift,2.7225,0.058810457587242126,9.651384061726276e-06,0.05881242826581001,1.1349171472829767e-05,-1.6977874111034907e-06,128,0,-1,4.199940480741762,0.5195732176795171,4,0.30927415523026297,-0.00010499916970729828,5.000010132788502e-06,9.999915957450978e-05,4.199844084230179,0.5194981165737894,4,0.309236549116449,-0.00010499730706214905,5.000010132788502e-06,9.999729692936055e-05
lift,2.725,0.058812640607357025,0.001443991786800325,0.05881461501121521,0.0014456876087933779,-1.6958219930529594e-06,128,0,-1,4.200045292753939,0.5189804099744476,4,0.3089135793784238,-0.00010500289499759674,4.998147487639271e-06,0.00010000474750995747,4.199888283829852,0.5189072226775554,4,0.308881562799789,-0.00010499730706214905,5.0018727779377326e-06,9.999543428421132e-05
lift,2.7275,0.05881836265325546,0.0028464344795793295,0.058820340782403946,0.0028481283225119114,-1.6938429325819016e-06,128,0,-1,4.199972361562963,0.5181629636771465,4,0.30843236518604084,-0.00010500289499759674,4.998147487639271e-06,0.00010000474750995747,4.199961215020581,0.5183882065458957,4,0.3085672581284512,-0.00010500103235244751,5.0018727779377326e-06,9.999915957450978e-05
lift,2.73,0.058827534317970276,0.004213268402963877,0.05882951617240906,0.004214960150420666,-1.6917474567890167e-06,128,0,-1,4.199981911729676,0.5174219600091343,4,0.3079905883428226,-0.00010500103235244751,5.000010132788502e-06,0.00010000102221965901,4.200100676466064,0.5176472201247271,4,0.30811595959187327,-0.0001050066202878952,5.000010132788502e-06,0.0001000066101551067
lift,2.7325,0.0588400661945343,0.0055409567430615425,0.05884205549955368,0.00554264523088932,-1.6884878277778625e-06,128,0,-1,4.200004147859678,0.5166123110700855,4,0.30750702432838734,-0.00010500289499759674,5.000010132788502e-06,0.00010000288486480824,4.199929428724039,0.5168361911281991,4,0.3076457592319692,-0.00010500103235244751,5.000010132788502e-06,0.00010000102221965901
lift,2.735,0.05885585397481918,0.0068261511623859406,0.05885784700512886,0.006827836856245995,-1.6856938600540161e-06,128,0,-1,4.199982364170082,0.5157373233186764,4,0.30698779101932383,-0.00010500289499759674,5.000010132788502e-06,0.00010000288486480824,4.199951212413671,0.5159597273766517,4,0.3071224529059081,-0.00010500103235244751,5.000010132788502e-06,0.00010000102221965901
lift,2.7375000000000003,0.058874789625406265,0.008065706118941307,0.05887678638100624,0.008067388087511063,-1.6819685697555542e-06,128,0,-1,4.1999732875573486,0.5148006125246023,4,0.30643088495927306,-0.00010500289499759674,4.998147487639271e-06,0.00010000474750995747,4.199960289026559,0.515022272860524,4,0.3065637752612494,-0.00010500103235244751,5.0018727779377326e-06,9.999915957450978e-05
lift,2.74,0.0588967464864254,0.009256664663553238,0.05889875441789627,0.00925834383815527,-1.6791746020317078e-06,128,0,-1,4.199981923248991,0.5138056815965265,4,0.305838031559348,-0.00010500103235244751,5.000010132788502e-06,0.00010000102221965901,4.200100664946832,0.5140282842832871,4,0.3059618835884461,-0.0001050066202878952,5.000010132788502e-06,0.0001000066101551067
lift,2.7425,0.058921605348587036,0.010396281257271767,0.0589236244559288,0.010397957637906075,-1.6763806343078613e-06,128,0,-1,4.2000041478877765,0.5127581367438587,4,0.30521287520735535,-0.00010500289499759674,5.000010132788502e-06,0.00010000288486480824,4.199929428696128,0.512980092095425,4,0.30535042362287984,-0.00010500103235244751,5.000010132788502e-06,0.00010000102221965901
lift,2.745,0.05894923955202103,0.011482024565339088,0.05895125865936279,0.011483697220683098,-1.6726553440093994e-06,128,0,-1,4.199989909484006,0.5116617888003292,4,0.3045613202813563,-0.00010500289499759674,5.000010132788502e-06,0.00010000288486480824,4.1999436670999195,0.5118830960059948,4,0.30469640582075497,-0.00010500103235244751,5.000010132788502e-06,0.00010000102221965901
lift,2.7475,0.058979496359825134,0.01251157745718956,0.0589815229177475,0.012513246387243271,-1.6689300537109375e-06,128,0,-1,4.200040774996116,0.5106695124887413,4,0.30396699689731793,-0.00010500289499759674,5.000010132788502e-06,0.00010000288486480824,4.199892791500824,0.5107741124590541,4,0.30403997067061433,-0.00010499730706214905,5.000010132788502e-06,9.999729692936055e-05
lift,2.75,0.059012241661548615,0.013482841663062572,0.059014275670051575,0.01348450593650341,-1.6642734408378601e-06,128,0,-1,4.199903731179657,0.509486568387822,4,0.303272765876421,-0.00010499730706214905,5.000010132788502e-06,9.999729692936055e-05,4.200029835340228,0.5095938911522526,4,0.30332754238100096,-0.00010500289499759674,5.000010132788502e-06,0.00010000288486480824
