time_s,force_command_N,ground_bottom_slip_m,ground_bottom_vt_m_s,ground_bottom_Fn_N,ground_bottom_Ft_N,ground_bottom_rho,ground_bottom_contacts,ground_bottom_gap_m,bottom_middle_slip_m,bottom_middle_vt_m_s,bottom_middle_Fn_N,bottom_middle_Ft_N,bottom_middle_rho,bottom_middle_contacts,bottom_middle_gap_m,middle_top_slip_m,middle_top_vt_m_s,middle_top_Fn_N,middle_top_Ft_N,middle_top_rho,middle_top_contacts,middle_top_gap_m,box_0_vz_m_s,box_1_vz_m_s,box_2_vz_m_s,solver_iterations
0.005,0.0,0.0,-2.296457029865891e-06,29.863234348009748,0.13606933343128533,0.009112832980219622,4,-3.2674186114661774e-06,0.0,-1.4156945903276784e-06,20.005078721051518,0.12619618984922168,0.012616415222242973,4,-2.8226477603518485e-06,0.0,1.7297244852718664e-05,10.008250306172126,0.08103063195342836,0.01619276686224693,8,-1.4459656604015603e-06,-5.090775317919318e-05,-0.0005657544140105737,-0.0005150746107319606,2
0.01,0.0,0.0,4.240391803578524e-06,29.499350237161632,0.008931428389623025,0.0006055339061923954,4,-3.3042205795988377e-06,0.0,1.9351326926477285e-06,19.688815825278603,0.00984961719036131,0.0010005291611002141,4,-4.088351437288307e-06,0.0,4.05523426757475e-06,9.841332322388503,0.01113638208997731,0.002263185862475681,8,-1.2551112563777278e-06,3.996408827213834e-06,-9.877025413138421e-05,-7.821130919339598e-05,2
0.015,0.0,0.0,3.9715769020683976e-06,29.440231695027123,0.022648494272884543,0.0015386084258779931,4,-3.287516301166138e-06,0.0,3.6506752929370787e-06,19.630712703692623,0.02110074184297022,0.0021497682902772122,4,-4.321953364021247e-06,0.0,3.4140597145298304e-06,9.814619569942874,0.01486312888910528,0.0030287733076528795,8,-1.2043531430264154e-06,2.2048033937066283e-06,-1.5889946154698426e-05,-1.1573405927775403e-05,2
0.02,0.0,0.0,2.135203458111988e-06,29.431348122044596,0.005032416326708371,0.00034197660982705736,4,-3.2812274623934823e-06,0.0,3.721426103836234e-06,19.621525961980048,0.004627128169346045,0.0004716379529616475,4,-4.363056332452875e-06,0.0,4.311789606149049e-06,9.810549854174525,0.003188790858377361,0.0006500738298619391,8,-1.1949410702871699e-06,6.45155805000547e-07,-2.553017049500967e-06,-2.11602896748637e-06,2
0.025,0.0,0.0,-1.9024687296574296e-07,29.42997934130232,0.0027063204250775603,0.0001839158902350627,4,-3.2795332538144983e-06,0.0,1.6833259893545222e-06,19.62002691272109,0.002229754412046558,0.00022729371595314643,4,-4.3703531462796485e-06,0.0,6.228778331273919e-06,9.809869186031364,0.001146345333021988,0.00023371266451836312,8,-1.1972737715207349e-06,1.6009523657042914e-07,-4.110339716307981e-07,-1.5997385703509597e-06,2
0.03,0.0,0.0,-2.3642681155807686e-06,29.40733972654308,0.012710047300787649,0.0008644132668223337,4,-3.276297783419424e-06,0.0,-9.306098797326288e-07,19.599395165284356,0.012779352608856879,0.0013040558140786352,4,-4.1805059126168165e-06,0.0,7.6183610088521005e-06,9.798950166491156,0.009767764582047802,0.0019936349131461045,8,-1.2054946928810595e-06,1.4745445537350539e-06,-4.0002542878609716e-05,-4.171721213119479e-05,2
0.035,0.0,0.0,-3.5940592618310502e-06,29.4402439097534,0.001490709573940004,0.00010127019181700053,4,-3.2786060539871653e-06,0.0,-3.4420148352485707e-06,19.630040262126293,0.001247305176263882,0.0001270812652045754,4,-4.329005027302324e-06,0.0,8.156243437218378e-06,9.814948632219286,0.0006467992068244951,0.00013179879611417702,8,-1.2241425769096703e-06,-5.481679211331285e-07,-1.557508373052064e-05,-2.0093159277276575e-05,2
0.04,0.0,0.0,1.960257961925168e-06,29.444202234762148,0.005955510784395402,0.00040452858847466144,4,-3.2785514744136657e-06,0.0,2.686439826761277e-06,19.634341664860905,0.005729303935034843,0.0005836003093791972,4,-4.362563941782971e-06,0.0,-3.1560025730097234e-05,9.82379533181855,0.003115538561230468,0.0006342840940790915,6,-1.4633654025417164e-06,-4.176666229812869e-07,-4.110338230741701e-06,-5.894134241154229e-05,2
0.045,0.0,0.0,-6.977860963935911e-06,29.435023289415717,0.008446660619689827,0.0005739190716201735,4,-3.2797880398678647e-06,0.0,-7.149305067776541e-06,19.62495068329849,0.0071207075682655305,0.0007256790280064753,4,-4.3718038221091104e-06,0.0,-1.6311478799032716e-05,9.814544876020781,0.005113429608039578,0.001042010541015076,6,-1.6044353106439702e-06,-6.6381121123486425e-09,-5.838337487340589e-07,-1.2750729232945779e-05,2
0.05,0.0,0.0,-1.1311120714470797e-05,29.430828387907706,0.0026214218379215135,0.00017814122004113084,4,-3.279432337011806e-06,0.0,-1.1809431220824907e-05,19.62083671117561,0.002470306145926646,0.0002518043631156272,4,-4.372449282127877e-06,0.0,-6.995543194804031e-06,9.810823509583056,0.0017248424975036098,0.00035162032948993753,6,-1.6329187722610716e-06,8.168013791829037e-08,1.296249775013463e-07,-2.157317781066914e-06,2
0.055,0.0,0.0,-7.3192968809293485e-06,29.4301082625862,0.0037885464066005296,0.000257460582393903,4,-3.2791579454016784e-06,0.0,-1.2741841241392714e-05,19.620116045666514,0.002722052683710121,0.0002774756966140717,4,-4.372177285001666e-06,0.0,-6.967864468294118e-06,9.810131539554902,0.0011585417036584016,0.00023619289894067334,6,-1.6381682633043182e-06,3.238693276816545e-08,7.399024539788628e-08,-3.3908314032575754e-07,2
0.06,0.0,0.0,-9.962508673443742e-07,29.43000967129954,0.006679029608014165,0.000453892450774668,4,-3.279068677645297e-06,0.0,-8.03953938438505e-06,19.620012215432304,0.005312131555731804,0.000541501350499007,4,-4.372053394430253e-06,0.0,-8.340676753714403e-06,9.810018335218462,0.0026371572296775953,0.0005376457290013552,6,-1.6391392944972716e-06,8.791229244216764e-09,2.191588358323941e-08,-6.295226340939914e-08,2
0.065,0.0,0.0,5.817224565079055e-06,29.43000150223795,0.008029874977006295,0.0005456931408172492,4,-3.2790463581587603e-06,0.0,-1.7956519109544408e-07,19.620002118286543,0.0067197312211316395,0.0006849878181071765,4,-4.372019122712845e-06,0.0,-6.89251410266094e-06,9.810003757629266,0.003649720328696885,0.0007440813314385304,6,-1.6393772702891218e-06,1.9888512610995394e-09,5.135857021215038e-09,-2.2229114339622334e-08,2
0.07,0.0,0.0,1.1654715414670742e-05,29.291209487264723,0.007390055488975706,0.0005045920341520049,4,-3.2806211203474656e-06,0.0,8.532714205410449e-06,19.47263723777149,0.00858061870714557,0.00088130011383374,4,-4.335240394531814e-06,0.0,-2.67425635217354e-06,9.739827948268376,0.009519601558978288,0.0019547781766865316,6,-1.6407872056936612e-06,-2.087203710699729e-06,6.073516104304244e-05,5.895367297873106e-05,2
0.075,0.0,0.0,3.010247825102631e-05,29.194358895920264,0.008746000358249377,0.000599156870642676,4,-3.276779667722718e-06,0.0,1.4171395118620782e-05,19.387251212945642,0.004259862486449739,0.0004394498673030304,4,-3.7444726229338143e-06,0.0,-4.2430451236406644e-05,9.692898567146504,0.006371213312325,0.0013146146672616268,6,-1.5135826993487034e-06,8.192556406796478e-06,-5.284293625044858e-05,-3.4779673828900704e-05,2
0.08,0.0,0.0,3.9977783411674854e-05,29.590937162108247,0.03230118106441605,0.0021831806736948038,4,-3.281301095291872e-06,0.0,4.691854690749591e-06,19.77764361885309,0.017090480331880452,0.001728262543429482,6,-3.8012020296754323e-06,0.0,-5.5066550477393646e-05,9.884492328808612,0.04497376161814044,0.009099862718708019,6,-1.491427089765629e-06,-6.395586592749772e-06,0.0001491270619841931,0.0001347003812598174,2
0.085,0.0,0.0,8.98426016845978e-06,29.402272122648085,0.005929865960653417,0.0004033610692342201,4,-3.278473490592876e-06,0.0,2.8628375364551946e-05,19.592649586794764,0.007444518664622327,0.0007599297513736838,6,-3.1455497258858767e-06,0.0,-2.0282281157188907e-05,9.8063317794917,0.0050651042401397735,0.0010330273039981352,4,-1.968169317710655e-06,9.159121598015545e-07,7.673283057055948e-05,7.197949031768287e-06,2
0.09,0.0,0.0,-1.1481577353216392e-05,29.42543034590036,0.005689312937634568,0.0003866936096264924,4,-3.2774083400556597e-06,0.0,1.878400129852623e-05,19.6155396711818,0.0057480937462734884,0.0005860755138660099,6,-2.9753043843949722e-06,0.0,4.2580275691707936e-05,9.810210595018365,0.005594950857969377,0.0011406382775942647,4,-2.1411648452526744e-06,-2.0130829228328937e-07,1.0726966299186704e-05,-4.212907443641561e-06,2
0.095,0.0,0.0,3.414080147204819e-06,29.428234299183575,0.0013426859318197864,9.125154558505309e-05,4,-3.2785759181974683e-06,0.0,1.5058170982532315e-05,19.618167708832136,0.002354200256688557,0.00024000205234545852,6,-2.9453304414214787e-06,0.0,1.6732879197513483e-05,9.809607817419689,0.0025903765806547436,0.0005281305081442316,4,-2.177180219234409e-06,-1.1692800853593539e-07,2.9146260209993667e-06,-7.279056025011881e-08,2
0.1,0.0,0.0,-3.670739980344254e-06,29.429898076678096,0.0008303340121471568,5.642792305863676e-05,4,-3.2787698058117654e-06,0.0,1.4519142036860087e-05,19.61992125925223,0.001332715236106974,0.00013585327061172594,6,-2.9505404299870475e-06,0.0,3.266112012116858e-05,9.810044162747724,0.00173856676057247,0.0003544462658332233,4,-2.1841395430807764e-06,-4.7973452676511385e-08,-3.4465119192434784e-06,-4.050559222316459e-06,2
0.105,0.0,0.0,8.37450807295491e-07,29.42962158926116,0.0006086484627722045,4.136298259399297e-05,4,-3.2790393962103814e-06,0.0,1.39098938420689e-05,19.619593924889372,0.0009153151510350134,9.330622790045075e-05,6,-2.9622955965494246e-06,0.0,2.4315389441747805e-05,9.809829215086959,0.0010669457154945923,0.0002175258492479544,4,-2.185720469956298e-06,-1.0193067528166457e-08,-1.8119286502666707e-06,-1.930039502282216e-06,2
0.11,0.0,0.0,-1.8214456625485287e-06,29.429749052654234,0.0003162204163507239,2.148984796200322e-05,4,-3.2789602420028874e-06,0.0,1.4047372426750109e-05,19.61976552891548,0.0005990065354966712,6.106153864212693e-05,6,-2.9787496455754847e-06,0.0,2.9743592135857887e-05,9.80987808828932,0.00079508029776761,0.00016209789573567654,4,-2.1858958409656792e-06,-8.462987239027964e-10,-4.359834818335107e-06,-4.3817104446702895e-06,2
0.115,0.0,0.0,-2.934163122565309e-07,29.42979605844226,9.15299020907859e-05,6.22021993689824e-06,4,-3.279042095384599e-06,0.0,1.4048177478846749e-05,19.619783618024023,0.00021315323831372254,2.1728398484263198e-05,6,-2.9983971163785594e-06,0.0,2.7226313832118184e-05,9.809898704445356,0.00039563694610292755,8.066076073214591e-05,4,-2.1860282464480907e-06,-3.08112026994606e-09,-3.6724646461389963e-06,-3.6799138429765063e-06,2
0.12,0.0,0.0,-1.2188528783209656e-06,29.429529943632033,0.000183276070475872,1.2455249596368718e-05,4,-3.2789846103851994e-06,0.0,1.4284594301404198e-05,19.619538158089775,0.00036600548504666297,3.73103058897181e-05,6,-3.021288064342098e-06,0.0,2.9183396510537737e-05,9.80976509876283,0.000466838999127105,9.517842566607043e-05,4,-2.185982006852605e-06,5.281318149116756e-09,-5.410337249825516e-06,-5.406232496776858e-06,2
0.125,0.0,0.0,-7.598520112427865e-07,29.429797521526545,0.00022010341789958904,1.4957861516960387e-05,4,-3.2790174837489527e-06,0.0,1.4532730707577017e-05,19.619792032894054,8.484742292606327e-05,8.649166391143209e-06,6,-3.0490548315123545e-06,0.0,2.8902828388799528e-05,9.809898769452616,9.172193624085673e-05,1.869987415700412e-05,4,-2.186019104150061e-06,-4.149336948169933e-09,-5.625714956368302e-06,-5.63054642999828e-06,2
0.13,0.0,0.0,-1.0165250633505699e-06,29.429318127842812,0.00013633445060680003,9.265213010682381e-06,4,-3.2789858873116806e-06,0.0,1.481013059869438e-05,19.619321005617124,0.00026051746842070374,2.6557235935547016e-05,6,-3.080704916759436e-06,0.0,2.962155334255541e-05,9.80965905905434,0.00031023591845865767,6.325111129572014e-05,4,-2.18599073871506e-06,7.56642822228032e-09,-7.133916320461544e-06,-7.127007950254459e-06,2
0.135,0.0,0.0,-1.065615069281634e-06,29.429614890249947,0.00024044385688820873,1.6340265258983594e-05,4,-3.2789875976969862e-06,0.0,1.513503373554527e-05,19.6196137666751,0.00017573571502529876,1.7914288947297697e-05,6,-3.119644904930885e-06,0.0,3.0304824895234862e-05,9.809807427720973,6.0295586701927e-05,1.2292919539183035e-05,4,-2.185996051708161e-06,-3.3087893508671474e-09,-8.257443456573844e-06,-8.261528897771109e-06,2
0.14,0.0,0.0,-1.0360238296803107e-06,29.4291223464374,5.266668052995702e-05,3.579221963194746e-06,4,-3.27897408663666e-06,0.0,1.5362069589245112e-05,19.619121555723115,9.444168378137478e-05,9.627514005980058e-06,6,-3.1646656105388526e-06,0.0,3.035128170810338e-05,9.809561154696185,0.00010411543327621825,2.1227337621800643e-05,4,-2.185986694464015e-06,7.347879592420281e-09,-9.884420076504454e-06,-9.877955352072151e-06,2
0.145,0.0,0.0,-1.3257540554858094e-06,29.429091898578854,7.733223162965217e-05,5.255495609321644e-06,4,-3.2789462129853564e-06,0.0,1.5508332969852294e-05,19.61909300384663,5.26831811318912e-05,5.370603128448582e-06,6,-3.220155943110814e-06,0.0,3.0832386999512655e-05,9.809545922709868,3.114546252871646e-05,6.350031443680237e-06,4,-2.1859635862750415e-06,2.589193812771393e-09,-1.2183741294633267e-05,-1.2182168538934622e-05,2
0.15,0.0,0.0,2.806118129863009e-05,29.22713040257527,0.06573291174086965,0.004498074962232883,4,-3.2805825438443625e-06,0.0,-3.8684255365171694e-05,19.40585543828661,0.053075239532947065,0.005470023179522686,4,-3.820444150738622e-06,0.0,-0.00012314108914132817,9.7085644238221,0.03131405127647006,0.006450809802453212,4,-2.1875969630352765e-06,-2.3100188908928e-06,-3.6906958149440514e-05,-3.921340828110657e-05,2
0.155,0.0,0.0,-6.950370822787694e-05,29.461173164265595,0.052191443775547436,0.003543066223774966,4,-3.280308346342853e-06,0.0,-7.839305469868904e-05,19.651045068611904,0.03575283306226565,0.0036387716721868095,4,-4.220033026657022e-06,0.0,-5.990965698972822e-05,9.825586266311674,0.013426580239118609,0.0027329830251765067,4,-2.187315583164484e-06,-6.482158339004273e-07,-5.2058665690117574e-05,-5.270711619008687e-05,2
0.16,0.0,0.0,-0.00010551298595500391,29.43746231977987,0.013445367192528122,0.0009134868384014064,4,-3.2809005232475874e-06,0.0,-0.00010998152081359195,19.627404211235827,0.013557536281554169,0.0013814905053815597,4,-4.344367867399612e-06,0.0,-4.260132496723226e-05,9.813731237919836,0.007819660418865726,0.0015936161749877343,4,-2.1879086340367837e-06,2.1702833179357406e-07,-9.846091361978157e-06,-9.628775055075126e-06,2
0.165,0.0,0.0,-7.872540263128244e-05,29.425183228725324,0.033114827344568346,0.0022507813859416266,4,-3.281768054076012e-06,0.0,-0.00012413380993587565,19.61449260079454,0.025372082736738435,0.0025870751034070254,4,-4.371200006875187e-06,0.0,-6.194836068167516e-05,9.801713609190209,0.009126077123520475,0.001862139109015336,6,-1.9402540177085315e-06,3.08071220727597e-07,-1.1401820035243252e-06,0.0001006338437727255,2
0.17,0.0,0.0,-3.0432396321739376e-05,29.420398040599732,0.052305625584940126,0.0035557388117427305,4,-3.2786935387288385e-06,0.0,-9.533218409061131e-05,19.610570260687343,0.04148968588225988,0.00423135944857584,4,-4.370060519294505e-06,0.0,-7.262100266421055e-05,9.800945693253407,0.02151052355304868,0.004389479184208865,6,-1.6295419497103225e-06,3.1056153882111455e-07,4.980190965161012e-07,3.308205896470568e-05,2
0.17500000000000002,0.0,0.0,2.7619485029642576e-05,29.511199172064522,0.074000925545403,0.005015108001131497,4,-3.2782493761887577e-06,0.0,-3.100465901986046e-05,19.70356511727157,0.061260774962817295,0.006218242698537626,4,-4.370203330140987e-06,0.0,-5.2532077099923815e-05,9.900753598885414,0.0448652831756122,0.009063003685025137,8,-1.5645608409595169e-06,-7.14207730222154e-07,-2.273206947995087e-06,1.7339049464892236e-05,2
0.18,0.0,0.0,0.00012756271922728893,29.450838817070352,0.060888965434581666,0.004134956278344717,4,-3.2849292072485714e-06,0.0,3.9415705690683516e-05,19.637818550394357,0.019683331450951344,0.0020046352297675217,6,-3.900110502816356e-06,0.0,-0.00010824891962610213,9.83937134988066,0.02895627290284591,0.0058857973488717075,8,-1.3744243255661703e-06,-1.344509644627759e-06,0.0001947424064696531,0.00021533639687071812,2
0.185,0.0,0.0,0.0001397384101128054,29.396258775416975,0.022016460235400364,0.0014979089960802721,4,-3.2733743943608173e-06,0.0,7.366201383831144e-05,19.58799278384286,0.012335173541819759,0.0012594627410721139,6,-3.3519649994748213e-06,0.0,-0.00016415104447956111,9.800894000295612,0.0203664868648972,0.004156046757424967,4,-1.6593788217389438e-06,8.109580866736161e-07,4.623343328124443e-05,-9.612505041245948e-05,2
0.19,0.0,0.0,5.2176131488333097e-05,29.450040945186046,0.032348810160922475,0.0021968601144651562,4,-3.2781978330752304e-06,0.0,7.712553223203811e-05,19.639358697299542,0.0175330742290071,0.0017855037426876815,6,-3.3142583271070225e-06,0.0,-3.893844081095513e-05,9.826215852277777,0.0031639641050459923,0.0006439842463490289,4,-2.074003985157169e-06,-1.281825447000087e-06,1.4573618993950952e-05,-2.4286637869439662e-05,2
0.195,0.0,0.0,-2.3214847318382272e-05,29.4595737003215,0.026053777425567512,0.0017687817000069611,4,-3.280400014630397e-06,0.0,4.8194784850596914e-05,19.649725638591303,0.006116922723846925,0.0006225962475357442,6,-3.198810466314983e-06,0.0,8.416413310052634e-05,9.82605267119558,0.01814550630559906,0.003693346028724516,4,-2.165765951182841e-06,-3.7365734647467867e-07,3.95694476312365e-05,3.1784517994378394e-05,2
0.2,0.0,0.0,-1.8942370936215462e-05,29.416252914974418,0.009469473200982209,0.0006438259304033758,4,-3.2786111887998792e-06,0.0,4.773306041639361e-05,19.606686508727353,0.011196281901856687,0.0011420881235463202,6,-3.0076629653763565e-06,0.0,0.00010947866891135912,9.803372058266902,0.025233617566633077,0.005147946526288226,4,-2.181427357902943e-06,6.001987695666041e-07,1.4532411444752708e-05,1.3697253817930159e-05,2
0.20500000000000002,0.0,0.0,-8.776523523209337e-06,29.425557408987107,0.004139748832643305,0.0002813709711666464,4,-3.278622170078266e-06,0.0,4.032431095396679e-05,19.61550920342779,0.0039022300259889263,0.0003978719069201645,6,-2.945912237026227e-06,0.0,9.791000147849928e-05,9.80782617725408,0.002456299534765798,0.0005008856173373769,4,-2.1848168728563766e-06,-1.6507340827501115e-08,9.75988825814223e-06,9.467156069683592e-06,2
0.21,0.0,0.0,5.216742244147366e-06,29.4279032225409,0.00407524942096685,0.00027696498728766583,4,-3.2786857650582424e-06,0.0,3.6530284818726646e-05,19.61789834977136,0.0024786384751015757,0.0002526915402363132,6,-2.9210349881195197e-06,0.0,6.64936619274682e-05,9.808960866902598,0.0003440177269103025,7.014356190798708e-05,4,-2.1855310801260908e-06,-3.4053627681632075e-08,1.931028781551054e-06,1.843676270030092e-06,2
0.215,0.0,0.0,-4.083330440621632e-06,29.42983368768419,0.001455755112209911,9.89305700914726e-05,4,-3.278790091269107e-06,0.0,3.793120271545045e-05,19.619850083261696,0.0009437565486690745,9.620425687902912e-05,6,-2.926867980999892e-06,0.0,8.436296572572388e-05,9.809918485958898,0.0015308388586148768,0.00031210021995717747,4,-2.185759660669473e-06,-4.611322036076878e-08,-2.941791952726585e-06,-2.9981982953636632e-06,2
0.22,0.0,0.0,1.68700777991597e-07,29.42712427282734,0.0023244380792083246,0.00015797928860854972,4,-3.2788992812560203e-06,0.0,3.657896141608985e-05,19.61710520586553,0.001241874746780157,0.00012661141730624308,6,-2.9445197826036273e-06,0.0,7.021613343063075e-05,9.808562439432515,0.0002689911437370366,5.484822988038181e-05,4,-2.185895031495133e-06,3.0980777446651554e-08,-5.519521246913455e-06,-5.4911259261369085e-06,2
0.225,0.0,0.0,-3.601356218026721e-06,29.429751968515376,0.0004447308563815879,3.0223214715324217e-05,4,-3.2788318855003773e-06,0.0,3.644850380972777e-05,19.619768141038534,0.0004047606334500189,4.126049100482323e-05,6,-2.989028299905938e-06,0.0,7.745854925846411e-05,9.809875951784768,0.0007075686942755264,0.0001442563999286442,4,-2.1858370697000473e-06,-3.347406523293278e-08,-1.0551385253232176e-05,-1.0586579871335077e-05,2
0.23,0.0,0.0,-1.0672856017512465e-06,29.42715740295151,0.0011903752802619127,8.090317824191333e-05,4,-3.278899132735935e-06,0.0,3.54003532543963e-05,19.617140584832043,0.000976789377894761,9.958529620264983e-05,6,-3.0457536920533435e-06,0.0,6.984657036864364e-05,9.808578635420178,0.0005915843650652339,0.00012062591065517656,4,-2.185913346011703e-06,3.167130828938009e-08,-1.339589429380194e-05,-1.3366146319200002e-05,2
0.23500000000000001,0.0,0.0,-2.7068764094165087e-06,29.427810158548468,0.0007055969854210939,4.795443368837456e-05,4,-3.278756954681883e-06,0.0,3.4805324869432574e-05,19.617823820681583,0.0007191997113116463,7.33210490506545e-05,6,-3.133298721737232e-06,0.0,7.106817632312418e-05,9.808904988946981,0.0005658756599982376,0.00011537998596905284,4,-2.185782266850289e-06,2.391707042167057e-10,-2.0733389838746716e-05,-2.073566085377691e-05,2
0.24,0.0,0.0,4.867551408857668e-05,29.591977258942812,0.05341970749487175,0.0036104182581262363,4,-3.2721319300904605e-06,0.0,-1.6033858544358267e-05,19.787941571746014,0.05339724960488112,0.0053969483800299645,4,-3.6847826013139406e-06,0.0,-6.088230338910796e-05,9.962816190454376,0.07021002258020397,0.014094412912580671,6,-2.1701845679747422e-06,-1.8451386027170921e-06,-0.00019997912248405993,-0.0001659067923954571,2
0.245,0.0,0.0,-3.6365179992971206e-05,29.46735767695454,0.06709458740463768,0.004553824482003704,4,-3.280937030104153e-06,0.0,-4.554544935110567e-05,19.657070617574654,0.047075885536564555,0.0047897152584348715,4,-4.232453080871279e-06,0.0,-7.551991691670953e-05,9.830553589722747,0.01848841486066172,0.003761418864547007,4,-2.1015634338247824e-06,-7.818845506268015e-07,-5.007478868289031e-05,-7.550060191809145e-05,2
0.25,0.0,0.0,-0.00011241174458443464,29.365377107339516,0.014727277916079529,0.0010030368663236833,4,-3.2840583700337322e-06,0.0,-5.41590430798708e-05,19.555577732972246,0.002639219792088699,0.00026991989990035077,6,-3.4642763242359598e-06,0.0,8.930155639128888e-05,9.77870838267701,0.0064788059988265725,0.0013250842023888928,4,-2.172911388723109e-06,3.2258091099742514e-06,0.00012603349554611245,0.0001231048144071398,2
0.255,0.0,0.0,-3.228179454002868e-05,29.400760001909916,0.02114188432112792,0.0014381862455089265,4,-3.2781665667558357e-06,0.0,-6.489759448526341e-05,19.59090032276525,0.007174749336567024,0.0007324573366574416,6,-3.139198388159292e-06,0.0,-2.297924104629474e-05,9.786820119981794,0.012372258996413017,0.0025283511589535646,6,-1.8282520266033053e-06,7.046802510354032e-07,3.7330043919375796e-05,0.00011531947111649221,2
0.26,0.0,0.0,2.0485671490658536e-05,29.400617397762563,0.015101060151242596,0.0010272614310740163,4,-3.2817537802126706e-06,0.0,-6.102738195421889e-05,19.588980131917264,0.027192906413986157,0.0027763473372132788,8,-2.723068039119092e-06,0.0,-0.00013692120823815987,9.7923748156982,0.03049593515852896,0.006228506512973909,6,-1.6233076008953518e-06,2.8924964623975105e-07,0.00013750883520235587,0.00015732704825362928,2
0.265,0.0,0.0,-3.1112760553134566e-06,29.40428986953247,0.02711851396364891,0.0018445277259865414,4,-3.276398477910364e-06,0.0,-5.351439306757705e-05,19.594698938180315,0.02322715831241075,0.0023707593962724867,8,-2.3174059092800903e-06,0.0,-8.424643654809764e-05,9.796538905682292,0.014979316250439929,0.003058083348549041,6,-1.5695912656127353e-06,3.6057950767185227e-07,3.976684002123116e-05,4.440650617141825e-05,2
0.27,0.0,0.0,6.76474982645943e-06,29.42205307847765,0.009981585365952868,0.0006785104587588715,4,-3.2771406454357166e-06,0.0,-4.849743852479608e-05,19.612036956289327,0.008365399077943586,0.000853088243366879,8,-2.215465169576325e-06,0.0,-9.048422859109665e-05,9.805889369908744,0.005115197647834984,0.001043290915259956,6,-1.5569923374550432e-06,-2.673007248094293e-07,7.95225522231141e-06,9.523696020222262e-06,2
0.275,0.0,0.0,6.927418594593449e-06,29.428435448720272,0.018513359844914704,0.001258195317734418,4,-3.278234424520382e-06,0.0,-4.10242506288135e-05,19.618415668546945,0.018813888606313566,0.0019179824634337594,8,-2.2078305001241305e-06,0.0,-8.437667552628432e-05,9.809205024938743,0.014324077177055314,0.002920537829648385,6,-1.5518075904968898e-06,-1.7368075410298032e-07,-2.307489043469613e-06,-1.5281412700114727e-06,2
0.28,0.0,0.0,6.206152415223874e-06,29.42943849795341,0.014718776225362528,0.0010002757087184048,4,-3.2787966940533986e-06,0.0,-3.451158630639186e-05,19.619420855070857,0.013936380887550174,0.0014206719954170475,8,-2.22530550802319e-06,0.0,-6.3822144047199e-05,9.809841493529033,0.00999808376641908,0.002038378249641285,6,-1.5462560200088515e-06,-5.863785470596936e-08,-4.63229235335999e-06,-3.004496732337523e-06,2
0.28500000000000003,0.0,0.0,9.98530804634852e-06,29.429999637264025,0.009731614941244394,0.0006613397934889747,4,-3.278962121804757e-06,0.0,-2.5607137111233538e-05,19.619997177218604,0.008781820901884651,0.0008951908425431886,8,-2.252719891453203e-06,0.0,-4.8623029804399385e-05,9.810139423877498,0.005734802999891681,0.0011691583069519673,6,-1.534642632326777e-06,-2.148264759318704e-08,-6.079366919402418e-06,-3.117690001573057e-06,2
0.29,0.0,0.0,1.4787709296085791e-05,29.430492364083317,0.010079907131068995,0.0006849975193327322,4,-3.279047903630844e-06,0.0,-1.4157499588905513e-05,19.620490330749984,0.009193862468507449,0.0009371694910293323,8,-2.2837921610993628e-06,0.0,-3.5885539854655363e-05,9.810469875860354,0.006054270459770059,0.0012342467866227691,6,-1.515481849546918e-06,-1.3374804544687719e-08,-6.246105303876537e-06,-1.4866725804932075e-06,2
0.295,0.0,0.0,-3.1921738148579603e-06,29.327959624760364,0.052264926653152806,0.0035641706632075234,4,-3.276651546788717e-06,0.0,3.880781354373615e-06,19.51848998926949,0.06287415186749513,0.006442522131790001,6,-2.3799798311852083e-06,0.0,3.388597420024396e-05,9.759039334052115,0.0662253867003364,0.013572111851062397,6,-1.4839866728164064e-06,2.6554816104456844e-06,-9.337654924793775e-05,-8.46455489389946e-05,2
0.3,0.0,0.0,1.8282980815682807e-05,29.44882465226205,0.05973911845028074,0.004057147893384057,4,-3.2785776552211876e-06,0.0,3.961877937050764e-05,19.63847854356685,0.04780915057534166,0.004868926120654385,6,-2.841234691790262e-06,0.0,9.272615598246701e-05,9.81895419002021,0.02364535112677958,0.00481626671622773,6,-1.4704630690934306e-06,-9.016436740124894e-07,-6.644385098213436e-05,-6.602582626385736e-05,2
0.305,0.0,0.0,7.037373918605983e-05,29.43589242822795,0.04952044145153202,0.003364629869624317,4,-3.2798873929804073e-06,0.0,7.803878609798858e-05,19.62585543321549,0.046141328776253515,0.004702096062336452,6,-3.0958158332497487e-06,0.0,4.4778957499683555e-05,9.812895149684618,0.03134216506155019,0.006387954743928454,6,-1.4731719715846414e-06,2.2824315291189596e-08,-4.196572859520954e-05,-4.296347965779136e-05,2
0.31,0.0,0.0,7.422212766147453e-05,29.50692427693917,0.06562286642461344,0.004447963861546919,4,-3.275585200274156e-06,0.0,9.916265050088159e-05,19.697446388789704,0.05139709602877178,0.005218655760172356,4,-3.885472765731424e-06,0.0,4.317965899724131e-05,9.848759482584098,0.02455757672780015,0.0049869380547319,6,-1.477214062531318e-06,-2.637584217790503e-06,-0.00015864604334084008,-0.00016104665017598507,2
0.315,0.0,0.0,4.556813898087296e-05,29.454768678037087,0.08192229092740654,0.005562582536150881,4,-3.2827006891042454e-06,0.0,9.136447661526071e-05,19.644386123484544,0.07596773270389122,0.007734294390912326,4,-4.280604319027714e-06,0.0,5.71120207937152e-05,9.822298902023991,0.05250368392925738,0.010690711910312244,6,-1.483047250595837e-06,-5.808332925330271e-08,-3.3146563754954385e-05,-3.3365174422620414e-05,2
0.32,0.0,0.0,-1.2113213497869184e-06,29.43413240092228,0.05339200659576527,0.0036278974266007106,4,-3.2809715971547637e-06,0.0,6.530857512816016e-05,19.624173039885846,0.044495642814598474,0.004534778889705235,4,-4.356103775381148e-06,0.0,4.91938602350515e-05,9.812076749844941,0.025796270805648985,0.005258065435751232,6,-1.483179497697995e-06,4.012173106971746e-07,-5.429580707215763e-06,-5.442407275627152e-06,2
0.325,0.0,0.0,-2.1284332943022e-05,29.49920349470565,0.156484679218253,0.010609417250627664,4,-3.288555886847566e-06,0.0,-2.0232286926215076e-05,19.687667493789824,0.1738293530399006,0.017658704678421903,8,-3.617414322872048e-06,0.0,1.0018945036302609e-05,9.846736010526563,0.15331337707297385,0.03113993853579005,6,-1.4866414225628288e-06,-6.84112197885246e-07,0.0002793905861862294,0.0002808646942572126,2
0.33,0.0,0.0,-0.0001221765066493188,29.397523796445515,0.16364037930999753,0.011132936259739228,4,-3.270425797737009e-06,0.0,-7.777998862944251e-05,19.590165909147213,0.15398815727428766,0.015720965099370206,6,-2.875092628924769e-06,0.0,5.9654654488425256e-05,9.805247567750673,0.10472247280422832,0.02136049540424846,4,-1.8546382311579457e-06,7.139174201436846e-07,3.085559992157281e-06,-9.52044523341231e-05,2
0.335,0.0,0.0,-0.00013066554597731977,29.388231924463035,0.025529017269271034,0.0017373632639682854,4,-3.275073333801337e-06,0.0,-0.00012247340809566255,19.57906878266912,0.02344902377733402,0.002395315531869471,6,-2.9075928047114785e-06,0.0,2.6547861466328043e-05,9.792868376418285,0.016974065225750488,0.0034666176595664006,4,-2.116196058388198e-06,7.972332733335641e-07,-6.752735256347834e-05,-8.912005560959657e-05,2
0.34,0.0,0.0,-8.620888115309228e-05,29.51803921505969,0.08584737076308814,0.005816603883315529,4,-3.2765909102547286e-06,0.0,-0.00012966445433699572,19.707543686154253,0.07085862632182603,0.007191015526872436,4,-3.933147115338376e-06,0.0,-3.320942361685958e-05,9.854767104824631,0.03953032128867209,0.008022578487789752,4,-2.170791835447161e-06,-3.4545160896363394e-06,-0.0001503118892964428,-0.00015814351741391094,2
0.34500000000000003,0.0,0.0,-2.3153872081478385e-05,29.452549168502028,0.06567753716863314,0.004459888126686967,4,-3.2831518745682353e-06,0.0,-0.00010668704552867892,19.642225307962992,0.05590897856641862,0.005692733658212649,4,-4.29187302269235e-06,0.0,-7.045381293275689e-05,9.821419652890063,0.03427702306393862,0.006980054671394114,4,-2.1876720231323032e-06,1.6205619836959746e-07,-2.9061328713311492e-05,-2.9748234279320665e-05,2
0.35000000000000003,0.0,0.0,3.073454909939975e-05,29.433572195346233,0.07061647180099029,0.004798362314456382,4,-3.2809488770997597e-06,0.0,-4.90273907070204e-05,19.623628075232276,0.06114736754281075,0.006232014519270996,4,-4.358155239136963e-06,0.0,-5.988526518901045e-05,9.811813948260273,0.03556105455723927,0.007248619826009763,4,-2.1874734345908586e-06,4.236469331489796e-07,-4.663765287413991e-06,-4.40563592025595e-06,2
0.355,0.0,0.0,7.582633992229321e-05,29.374462321033757,0.18323505771993157,0.01247580675468058,4,-3.2852151652246198e-06,0.0,3.3017283993425347e-05,19.563914664725576,0.19446881044780837,0.019880357666703836,6,-3.5551024226906924e-06,0.0,-1.730800772683815e-05,9.782234088107723,0.15868984978839096,0.03244450058321758,4,-2.1921393845575343e-06,2.7078087575028496e-06,0.0001852919952822873,0.00018796486037254994,2
0.36,0.0,0.0,0.00015556596145191941,29.17450732795364,0.11226682453039787,0.007696227618749131,4,-3.2746122101932895e-06,0.0,8.181184389658737e-05,19.36393880753127,0.13688973038942304,0.01413862455877852,6,-2.7823391189341073e-06,0.0,-0.0001273066589606064,9.682254326409145,0.12790990259189314,0.026421512651864217,4,-2.181602672471361e-06,5.630780827654647e-06,-1.7222951381564035e-06,3.903501675867586e-06,2
0.365,0.0,0.0,9.374722405925545e-05,29.458680949787574,0.062310728896368045,0.004230381462264173,4,-3.2753286405701187e-06,0.0,8.603730485522897e-05,19.648306399326582,0.045415746080981235,0.0046228662316196165,6,-3.097018497259796e-06,0.0,-6.543010266953481e-05,9.82434047163241,0.02533514791714166,0.0051576282378031175,4,-2.182337774964127e-06,-2.017546833023599e-06,-4.295560834633055e-05,-4.4975361503001425e-05,2
0.37,0.0,0.0,2.4253628861311173e-06,29.439779584647027,0.04481947584542594,0.0030448241445937656,4,-3.2798411401489813e-06,0.0,5.7348596482259466e-05,19.629621670101848,0.03125292599246947,0.0031842616753099463,6,-3.1788213860281522e-06,0.0,4.6530312102674085e-05,9.81489033662688,0.009671706493394466,0.001970823139470426,4,-2.1868521461951285e-06,-1.8956951376027994e-07,-1.411513882973824e-06,-1.600199330929047e-06,2
0.375,0.0,0.0,-5.035098938899877e-05,29.438971781751047,0.03850007647259446,0.002615585677245719,4,-3.279990695912588e-06,0.0,9.931380670519165e-06,19.628980625808982,0.029036950217930402,0.00295857953823149,6,-3.1306328326652366e-06,0.0,8.680144200383765e-05,9.81448621430303,0.010417439780250325,0.002122870123362869,4,-2.186995492835242e-06,-4.603042427576208e-09,1.964968685759878e-05,1.9646396938055902e-05,2
0.38,0.0,0.0,-9.362344144691316e-05,29.379620446461665,0.010302181189712161,0.0007013147912162973,4,-3.2820781114759057e-06,0.0,-7.500683543123219e-06,19.569246280339897,0.00927883336144776,0.0009483076893737777,8,-2.613872782879223e-06,0.0,0.0001751804814393019,9.784809563518502,0.012560852369275954,0.002567418872638584,4,-2.189077089730096e-06,1.8999483069777944e-06,0.00010681976676944836,0.00010871969799484468,2
0.385,0.0,0.0,-2.4037880671830614e-05,29.42241779709078,0.06578612061340461,0.0044718364797273315,4,-3.2768942146502167e-06,0.0,-7.523095991721085e-06,19.612759920071316,0.06305692671787529,0.006430194115958566,8,-2.3464552964327923e-06,0.0,7.454419548683695e-05,9.806208170092496,0.04974706341012441,0.010146034542045658,4,-2.1839001918128043e-06,-7.298669573332398e-08,2.7580639334875402e-05,2.7506472273400492e-05,2
0.39,0.0,0.0,2.0649572023542833e-05,29.42170856409086,0.05784896071663278,0.00393239981903956,4,-3.2780269220121505e-06,0.0,-3.4176831285245676e-06,19.61163527830945,0.05493166193206033,0.005601946105209797,8,-2.2359254282025565e-06,0.0,-1.9946939848492413e-05,9.805853605322461,0.03809585056591399,0.007770022294690626,4,-2.185027978753029e-06,-7.694918010017242e-08,1.4611766868012337e-05,1.4536848975596002e-05,2
0.395,0.0,0.0,7.360841084944945e-06,29.42780297060172,0.03647050998219046,0.0024786430722418783,4,-3.2782711353665506e-06,0.0,1.7145267386097117e-06,19.617835616648165,0.036578401354290385,0.0037290965292062165,8,-2.2116369486971377e-06,0.0,-1.1504462432335104e-05,9.808901128416673,0.028005078167950403,0.005710135682134438,4,-2.185270324209232e-06,-1.0772559431195855e-07,-1.1114992477476876e-06,-1.2204916782742427e-06,2
0.4,0.0,0.0,-3.4953109049865477e-06,29.431259822411455,0.043349727686614194,0.0029458288872570813,4,-3.278893633294755e-06,0.0,2.217308271308514e-06,19.621234252647962,0.04156105337001612,0.004236334252459913,8,-2.216405364803553e-06,0.0,7.636893401217114e-06,9.810629670352174,0.029441890061915603,0.006002038819361269,4,-2.185899871248731e-06,-9.124270274876205e-08,1.1278776296540006e-07,2.064987583446176e-08,2
0.405,0.0,0.0,-1.859909433763314e-06,29.429777095914247,0.0049123983350740355,0.0003338386369060217,4,-3.2790560187435924e-06,0.0,1.3432757756091397e-06,19.61976911936901,0.004467109292948458,0.00045536818152854236,8,-2.2113358250641646e-06,0.0,5.964233343524067e-06,9.80988853551279,0.0030015559142660083,0.0006119449580696196,4,-2.1860632550899095e-06,4.293786231545822e-09,1.15709386297323e-06,1.1615626805302102e-06,2
0.41000000000000003,0.0,0.0,-1.4870190437888784e-07,29.4296370844201,0.008696450815287457,0.0005909995281519331,4,-3.2790112408122296e-06,0.0,9.273816082149767e-07,19.619640121326714,0.008161843087450249,0.0008320074208270779,8,-2.208177578025272e-06,0.0,2.3705423024983814e-06,9.809818584645546,0.005621197596889816,0.0011460349747319867,4,-2.186017750850644e-06,5.137651002495488e-09,1.5069242820351952e-07,1.5587077923824954e-07,2
0.41500000000000004,0.0,0.0,-2.959597990528464e-07,29.42999276889081,0.0023112762562343637,0.0001570694409872581,4,-3.279018031997899e-06,0.0,8.677796580574677e-07,19.619993300994683,0.0020658822884472663,0.00021058949987944506,8,-2.2088386282467787e-06,0.0,2.263744221306522e-06,9.80999639620476,0.0013314302049880714,0.000271443566585441,4,-2.1860248562363682e-06,-4.9923937232247235e-09,-2.4806159357850224e-07,-2.531714198143288e-07,2
0.42,0.0,0.0,-2.006623184356347e-07,29.43004206374419,0.0011918206771965906,8.099347426110767e-05,4,-3.2790386549873263e-06,0.0,8.196132240230003e-07,19.6200411424947,0.0011230201734807146,0.00011447684185008002,8,-2.2098211217708164e-06,0.0,1.9734344294296747e-06,9.810021026943351,0.0007795070902294146,0.00015892057480580075,4,-2.186046019536647e-06,-2.2647476488838845e-09,-1.4476086637695258e-07,-1.4711125008807687e-07,2
0.425,0.0,0.0,-4.592349917316492e-08,29.429999108355258,0.0004463810817619433,3.033510671328661e-05,4,-3.27904144219876e-06,0.0,7.403982583916468e-07,19.619999025944754,0.00040551328777545953,4.133672863482041e-05,8,-2.2104107448225885e-06,0.0,1.3953920635828823e-06,9.809999551247213,0.0002711223067447901,5.527468280267565e-05,4,-2.186049125087186e-06,2.6599318623217884e-10,-1.1128156409758151e-07,-1.1106705363654231e-07,2
0.43,0.0,0.0,-1.5196469731014115e-07,29.430014771836376,0.00013673630093727953,9.292302569153448e-06,4,-3.279040979110859e-06,0.0,6.490664854525158e-07,19.620014857178816,0.0001276578368152966,1.3013021421702701e-05,8,-2.2109488367408336e-06,0.0,1.3522634589240036e-06,9.810007384426902,9.026904809518219e-05,1.840346180339918e-05,4,-2.1860489068242783e-06,-1.6512319014376077e-10,-9.681095755566504e-08,-9.702354363764671e-08,2
0.435,0.0,0.0,-1.8893234697325406e-07,29.430012471020383,0.00016248550232802615,1.1042163334998582e-05,4,-3.279041821433598e-06,0.0,5.60717384728496e-07,19.620012375274,0.0001634632420971472,1.6662909173609978e-05,8,-2.2113197977180477e-06,0.0,1.3174853342552924e-06,9.810006234298726,0.00012027613543745361,2.4521112946275638e-05,4,-2.186049964471304e-06,-2.3269566629495376e-11,-5.561106250364079e-08,-5.567235827689717e-08,2
0.44,0.0,0.0,-1.197305608317282e-07,29.429996911793978,3.639089996826054e-05,2.473048167645373e-06,4,-3.2790409477991e-06,0.0,4.860912301212287e-07,19.619996913992296,4.912840264168093e-05,5.007992902042127e-06,8,-2.2115610393280694e-06,0.0,1.0859842344511785e-06,9.809998455440688,4.850707661465351e-05,9.889313812837794e-06,4,-2.186049257536793e-06,2.660849177434548e-10,-4.7469565438678977e-08,-4.72339549208269e-08,2
0.445,0.0,0.0,-9.028472671793174e-08,29.429998796874727,5.741937242590797e-05,3.902098183708083e-06,4,-3.2790401063263752e-06,0.0,4.2497190605616284e-07,19.619998852255176,5.5767074020453005e-05,5.684717358079049e-06,8,-2.211823483685982e-06,0.0,9.099707175445898e-07,9.809999397932335,4.07865858303955e-05,8.315308528763443e-06,4,-2.186048564653542e-06,4.093167325043991e-11,-5.562117487813412e-08,-5.5609632764557404e-08,2
0.45,0.0,0.0,-9.236602494121685e-08,29.430003998553108,5.6587368306420395e-05,3.845556277138287e-06,4,-3.2790403641444477e-06,0.0,3.7163493701600296e-07,19.620003994000427,5.722355199215058e-05,5.833184540599369e-06,8,-2.212092729748927e-06,0.0,8.156679341022291e-07,9.810001998349936,4.237343226418231e-05,8.638822351169676e-06,4,-2.186048964458731e-06,-8.465913783376865e-11,-5.033284047308274e-08,-5.0444457709335667e-08,2
0.455,0.0,0.0,-8.18278956710498e-08,29.43000257581197,5.642457077129187e-05,3.834493090915751e-06,4,-3.2790405831359393e-06,0.0,3.238264004332959e-07,19.620002558735017,5.672167918754976e-05,5.782025666688481e-06,8,-2.212319096354942e-06,0.0,7.165845762472546e-07,9.810001286954503,4.214974635053172e-05,8.593219331496547e-06,4,-2.1860493071429454e-06,1.0521224776587511e-12,-4.145506135945755e-08,-4.147678379965899e-08,2
0.46,0.0,0.0,-6.823798609961844e-08,29.43000105174332,3.289683404710456e-05,2.235598564149958e-06,4,-3.2790404606714008e-06,0.0,2.817611190956156e-07,19.620001055515907,3.4477416805020716e-05,3.5145173241800455e-06,8,-2.2125148407617368e-06,0.0,6.179028280606176e-07,9.810000525028965,2.6832891016698493e-05,5.470517753436974e-06,4,-2.1860492901357165e-06,2.8485799585438634e-11,-3.758477430816901e-08,-3.757609920699753e-08,2
0.465,0.0,0.0,-6.084042627549726e-08,29.43000143983978,2.887636330869857e-05,1.9623759358440434e-06,4,-3.2790403930275935e-06,0.0,2.4501974711675856e-07,19.620001443741153,3.006803348029548e-05,3.065038865212447e-06,8,-2.2126953334936084e-06,0.0,5.392047544892172e-07,9.810000719052773,2.3078735167192766e-05,4.705144439463646e-06,4,-2.1860493159206462e-06,6.688135375148146e-13,-3.45480857551093e-08,-3.4565120282141954e-08,2
0.47000000000000003,0.0,0.0,-5.411481908213175e-08,29.430001469404942,2.8245676066936667e-05,1.9195157768714703e-06,4,-3.2790404062774114e-06,0.0,2.1278066747084604e-07,19.62000146759344,2.9242916432805133e-05,2.9809290770039913e-06,8,-2.21285804356125e-06,0.0,4.711272852141025e-07,9.810000733806836,2.2343115305465364e-05,4.555170975363417e-06,4,-2.186049412142288e-06,-1.0816213706172766e-12,-3.0735723302715956e-08,-3.0752384681569574e-08,2
0.47500000000000003,0.0,0.0,-4.685670253108144e-08,29.43000110912739,2.3861797570806048e-05,1.6215967836579914e-06,4,-3.2790403896726383e-06,0.0,1.8448399584329945e-07,19.620001108757236,2.4792600059099197e-05,2.5272781506656706e-06,8,-2.2130030330122508e-06,0.0,4.0858263822511564e-07,9.810000553661212,1.9062520216469015e-05,3.886344371174301e-06,4,-2.186049468194673e-06,5.922359136063996e-12,-2.756476808964387e-08,-2.7572503786082096e-08,2
0.48,0.0,0.0,-4.103575415708756e-08,29.43000100866545,2.0481366814450887e-05,1.3918699362885036e-06,4,-3.2790403645989452e-06,0.0,1.5966711193203858e-07,19.62000100948469,2.1275063152570235e-05,2.1687117286370635e-06,8,-2.2131339919781445e-06,0.0,3.5428457457728153e-07,9.810000503428878,1.633123425059987e-05,3.3295073216136197e-06,4,-2.186049507094112e-06,3.307885609500806e-12,-2.4973951670020766e-08,-2.4982693018021017e-08,2
0.485,0.0,0.0,-3.626419885678069e-08,29.430000968537886,1.848345831729085e-05,1.2560963444785865e-06,4,-3.2790403550787828e-06,0.0,1.378733518884625e-07,19.620000968481552,1.91564742233173e-05,1.9527495695939176e-06,8,-2.213252291299872e-06,0.0,3.074286539623299e-07,9.810000483355845,1.4660974350686475e-05,2.9889854491976926e-06,4,-2.1860495540357294e-06,1.3811934703360638e-12,-2.248389183569494e-08,-2.2493127243155203e-08,2
0.49,0.0,0.0,-3.182612888261483e-08,29.43000083948263,1.62355080818006e-05,1.1033304531897535e-06,4,-3.2790403454510675e-06,0.0,1.1872717531212356e-07,19.620000839297056,1.6840281423996914e-05,1.7166443122945623e-06,8,-2.2133586541558947e-06,0.0,2.658970220895254e-07,9.810000418820284,1.2909583261850482e-05,2.631923080672599e-06,4,-2.186049594087025e-06,2.4883691548032296e-12,-2.022557229765504e-08,-2.0232415700298864e-08,2
0.495,0.0,0.0,-2.7893687751812426e-08,29.43000073206713,1.4084953376964296e-05,9.571833521306871e-07,4,-3.279040332392069e-06,0.0,1.0191671384325229e-07,19.62000073221088,1.4622247385192916e-05,1.490545039704003e-06,8,-2.2134545801591465e-06,0.0,2.2926866924008342e-07,9.810000365107006,1.122057095642185e-05,2.2875780915018257e-06,4,-2.1860496246042804e-06,2.456029246274319e-12,-1.8280605834214268e-08,-1.8286348789569237e-08,2
0.5,0.0,0.0,-2.4531995319341267e-08,29.430000664267588,1.2431312788088645e-05,8.448054711179204e-07,4,-3.2790403221329145e-06,0.0,8.715602568278151e-08,19.620000664361974,1.289633532958982e-05,1.3146111001937826e-06,8,-2.2135413599300158e-06,0.0,1.9725504610299233e-07,9.810000331202342,9.886551408201924e-06,2.0156067430000176e-06,4,-2.1860496527068007e-06,1.7352560273869033e-12,-1.654184731660331e-08,-1.6547324370435255e-08,2
0.505,0.0,0.0,-2.1694468521526182e-08,29.43000064495229,1.1288329123096143e-05,7.671307424882622e-07,4,-3.2790403146805425e-06,0.0,7.361977723443239e-08,19.620000645596466,1.1642871825063885e-05,1.1868370481095804e-06,8,-2.213619864119276e-06,0.0,1.706976254559406e-07,9.810000321539649,8.708527035678368e-06,1.775438685064506e-06,4,-2.186049678977453e-06,8.073480547059617e-13,-1.4947412283711056e-08,-1.495292561474647e-08,2
0.51,0.0,0.0,-2.5430452327727237e-08,29.43000341264929,3.391838651708639e-05,2.3050209027504193e-06,4,-3.2790404061698586e-06,0.0,6.632716871620877e-08,19.620003411679868,3.350985928975607e-05,3.415887203139579e-06,8,-2.2136866793323606e-06,0.0,1.7583405485356362e-07,9.810001705446604,2.493665817252043e-05,5.083925349100677e-06,4,-2.186049802337109e-06,-5.3240636699684693e-11,-1.045651265464948e-08,-1.051549422485442e-08,2
0.515,0.0,0.0,-3.2905486606900235e-09,29.429999715743598,7.153446491641541e-06,4.861329636924733e-07,4,-3.2790403937249524e-06,0.0,6.109657977673026e-08,19.619999712229895,8.143723318244636e-06,8.301451006819682e-07,8,-2.213726706230823e-06,0.0,1.1228239337612842e-07,9.809999856931352,8.371823702917421e-06,1.7067938481165679e-06,4,-2.1860498102752035e-06,4.511694848792926e-11,-7.4451848786237265e-09,-7.40335188413232e-09,2
0.52,0.0,0.0,-1.1611467853373565e-08,29.43000203967772,1.4324974374074364e-05,9.734946232597157e-07,4,-3.2790403378425703e-06,0.0,5.624647684615605e-08,19.620002047636028,1.4031110164319922e-05,1.430286309884509e-06,8,-2.2137615090928042e-06,0.0,1.0551495913525041e-07,9.810001018778918,1.0651457029324405e-05,2.1715506469234243e-06,4,-2.1860497711120863e-06,-2.549265190091975e-11,-5.436256249396872e-09,-5.465105982132228e-09,2
0.525,0.0,0.0,-1.5637343422093346e-08,29.43000131035553,1.9914973038326585e-05,1.3533790113233265e-06,4,-3.279040438751435e-06,0.0,5.018858224724903e-08,19.620001295104885,1.9299601337270027e-05,1.9673394559953678e-06,8,-2.2137742557784557e-06,0.0,1.0697032135623143e-07,9.810000654155111,1.3680285971246684e-05,2.78904894169447e-06,4,-2.1860498862144584e-06,3.1583998523947475e-12,-3.6601828169986043e-10,-3.651206578572046e-10,2
0.53,0.0,0.0,-1.0085898737265065e-08,29.42999957621688,3.6865863659068927e-06,2.505325463127846e-07,4,-3.2790403117557987e-06,0.0,4.491839850368658e-08,19.619999577132077,4.402288712860192e-06,4.4875523014702227e-07,8,-2.213773106198025e-06,0.0,8.954356739299154e-08,9.809999787194627,4.0308251325056165e-06,8.217788419867671e-07,4,-2.1860497683642843e-06,3.163074477859508e-11,1.4431159887656073e-10,1.7432234041359582e-10,2
0.535,0.0,0.0,-9.031157684830942e-09,29.429999975747197,4.9374233625911335e-06,3.355367561440698e-07,4,-3.2790402294882726e-06,0.0,4.108685211934634e-08,19.619999979095358,4.525273582807385e-06,4.612919049570801e-07,8,-2.213774896044074e-06,0.0,7.915977330237086e-08,9.809999986950093,3.0478687219859997e-06,6.213799645342458e-07,4,-2.186049694347103e-06,1.513005365068503e-12,-5.876285882498513e-10,-5.878008330453216e-10,2
0.54,0.0,0.0,-9.300798090599524e-09,29.43000023605419,3.366570772579689e-06,2.287849640215334e-07,4,-3.2790402528237728e-06,0.0,3.7808047568972864e-08,19.620000232681193,3.4164508147988015e-06,3.4826205650171113e-07,8,-2.2137768260141466e-06,0.0,7.382810677904604e-08,9.81000011707222,2.5361836372821532e-06,5.17060878086732e-07,4,-2.186049725821926e-06,-4.853614310833071e-12,-1.2396823857991458e-10,-1.3034805960620605e-10,2
0.545,0.0,0.0,-8.372269172350658e-09,29.430000041925013,2.3513298231464835e-06,1.5979135710478126e-07,4,-3.2790402562585252e-06,0.0,3.495376676463433e-08,19.62000003945449,2.4288622496686553e-06,2.475904428934127e-07,8,-2.2137763851584613e-06,0.0,6.715171657327725e-08,9.810000020011888,1.8879475755742196e-06,3.8490266497918553e-07,4,-2.1860497362719e-06,2.1140809987789833e-12,1.9766490731448095e-10,1.984802201102694e-10,2
0.55,0.0,0.0,-7.895867969144124e-09,29.430000042529187,1.667505180391141e-06,1.133200936446779e-07,4,-3.2790402473004132e-06,0.0,3.259918045710004e-08,19.620000041176393,1.7084683705857598e-06,1.7415579683998022e-07,8,-2.213775242211613e-06,0.0,6.175870451368471e-08,9.81000002031097,1.304246927296477e-06,2.659015136791271e-07,4,-2.1860497334338924e-06,6.738601672955538e-13,2.652830961404273e-10,2.64774753084623e-10,2
0.555,0.0,0.0,-7.694550496107779e-09,29.430000069698586,1.4932030174848971e-06,1.0147489051638253e-07,4,-3.2790402482128778e-06,0.0,3.0634704531349824e-08,19.620000067657863,1.5437237318245541e-06,1.573622555047051e-07,8,-2.213773514697648e-06,0.0,5.783208460735772e-08,9.81000003390253,1.1768789404172844e-06,2.3993454359838745e-07,4,-2.1860497400189027e-06,-3.688044540135325e-13,4.273973523817798e-10,4.259582232111255e-10,2
0.56,0.0,0.0,-7.324302786405366e-09,29.43000003577562,1.1716831162202882e-06,7.962508425388853e-08,4,-3.2790402476681746e-06,0.0,2.9013805573003285e-08,19.620000033778386,1.2307830961675522e-06,1.254620890977165e-07,8,-2.2137710005906697e-06,0.0,5.425480192323352e-08,9.810000016935877,9.64667542049461e-07,1.966702426878837e-07,4,-2.1860497445638782e-06,4.7489532269564e-13,5.570041141491002e-10,5.565070593969207e-10,2
0.5650000000000001,0.0,0.0,-7.032914543415972e-09,29.430000030931122,9.2072174843385e-07,6.257028525084372e-08,4,-3.2790402455656897e-06,0.0,2.771822982463288e-08,19.620000029127212,9.608738402057085e-07,9.794840354528304e-08,8,-2.2137680163666906e-06,0.0,5.1285083249735616e-08,9.81000001451371,7.500328298987376e-07,1.5291189170011788e-07,4,-2.1860497471590246e-06,2.2199673173785576e-13,6.325775878503404e-10,6.318952279935669e-10,2
0.5700000000000001,0.0,0.0,-6.8521730822605705e-09,29.430000037520205,7.88095527086081e-07,5.355729025357395e-08,4,-3.2790402454720147e-06,0.0,2.6698443614130625e-08,19.62000003560553,8.151250276496036e-07,8.309123610299184e-08,8,-2.2137646277856082e-06,0.0,4.901525671561844e-08,9.810000017807566,6.28927759333434e-07,1.2822176517671258e-07,4,-2.1860497514125665e-06,-6.947855661197371e-14,7.21154389743566e-10,7.202471528808868e-10,2
0.5750000000000001,0.0,0.0,-6.689530030133309e-09,29.43000003233066,6.377786197150517e-07,4.3342074007095664e-08,4,-3.2790402455032397e-06,0.0,2.5916005958556313e-08,19.620000030391658,6.58447858254843e-07,6.71200669964218e-08,8,-2.213760784901264e-06,0.0,4.721295717318882e-08,9.810000015212568,5.094628897918125e-07,1.0386603241626464e-07,4,-2.1860497554856972e-06,6.507425672365737e-14,8.09206285296176e-10,8.084915313519897e-10,2
0.58,0.0,0.0,-6.559862300666806e-09,29.430000028583674,4.849484080014228e-07,3.295605895551615e-08,4,-3.2790402450522116e-06,0.0,2.534677500742581e-08,19.620000026683133,4.992813757287736e-07,5.089514526501046e-08,8,-2.2137565395749514e-06,0.0,4.583184471886045e-08,9.810000013338922,3.872622367947511e-07,7.89525456204241e-08,4,-2.1860497588163663e-06,8.270459835470485e-14,8.839177165599834e-10,8.832576237802808e-10,2
0.585,0.0,0.0,-6.472238190291676e-09,29.43000002782889,3.8030988772418036e-07,2.5845048410775457e-08,4,-3.279040244792003e-06,0.0,2.4966514228677192e-08,19.620000025921534,3.8821025124198187e-07,3.957291036993747e-08,8,-2.2137519344114787e-06,0.0,4.485695917161043e-08,9.810000012961329,2.9973047723139175e-07,6.110713085328786e-08,4,-2.186049762167852e-06,3.1625901526960504e-14,9.544388681449956e-10,9.537571260163131e-10,2
0.59,0.0,0.0,-6.411427039232601e-09,29.43000002609201,3.0273872760014197e-07,2.0573477902258938e-08,4,-3.279040244635878e-06,0.0,2.4753705685149916e-08,19.62000002417976,3.0524518793982564e-07,3.1115717386711553e-08,8,-2.2137469834274115e-06,0.0,4.42247505569053e-08,9.810000012092166,2.3386653927789876e-07,4.767921284192177e-08,4,-2.186049765512399e-06,3.6994940074047744e-14,1.02188426718846e-09,1.0212304675969504e-09,2
0.595,0.0,0.0,-6.375582344183936e-09,29.43000002458987,2.5175128486187737e-07,1.7108480098642864e-08,4,-3.279040244448528e-06,0.0,2.469104357692868e-08,19.620000022681097,2.511453281423811e-07,2.5600950851381478e-08,8,-2.213741707147998e-06,0.0,4.3896003355465684e-08,9.810000011338728,1.901280048769121e-07,3.8762080460174464e-08,4,-2.186049768711229e-06,3.213083095856e-14,1.084943157742151e-09,1.0843016367732043e-09,2
0.6,0.0,0.0,-6.364791840594917e-09,29.43000002378148,2.428636620266628e-07,1.6504496216813597e-08,4,-3.27904024430975e-06,0.0,2.476333206730958e-08,19.62000002187488,2.423745938033925e-07,2.4706890268416144e-08,8,-2.2137361232812958e-06,0.0,4.384513714555297e-08,9.810000010935504,1.8137417925125208e-07,3.697740653395898e-08,4,-2.1860497719031202e-06,2.107123327645404e-14,1.145309224554074e-09,1.1446791539813148e-09,2
0.605,0.0,0.0,-6.375019487280323e-09,29.430000023020362,2.65155142779943e-07,1.8019377680770417e-08,4,-3.279040244240361e-06,0.0,2.4957456182680452e-08,19.620000021110698,2.6720961225056335e-07,2.723849255484725e-08,8,-2.2137302425548344e-06,0.0,4.404237704500103e-08,9.810000010554521,1.9935604073802943e-07,4.064343333813322e-08,4,-2.186049775046439e-06,2.0523227191499065e-14,1.2037673837563198e-09,1.203138672096543e-09,2
0.61,0.0,0.0,-6.403982459414113e-09,29.43000002241419,3.040368794047093e-07,2.0661697531304906e-08,4,-3.279040244153625e-06,0.0,2.5262503047482304e-08,19.620000020502243,3.097620569355698e-07,3.157615255982455e-08,8,-2.213724074398571e-06,0.0,4.446326994808332e-08,9.810000010249116,2.318671658776629e-07,4.727159340171598e-08,4,-2.1860497781758803e-06,2.466924405465925e-14,1.2604443979493045e-09,1.2598152088936278e-09,2
0.615,0.0,0.0,-6.4504587171183254e-09,29.430000021985098,3.515364769606361e-07,2.3889668820796993e-08,4,-3.2790402440564803e-06,0.0,2.5669235694315016e-08,19.620000020079104,3.609472931766973e-07,3.679381170308908e-08,8,-2.2137176264383496e-06,0.0,4.508898873433399e-08,9.810000010036386,2.7133820973142175e-07,5.531869713635511e-08,4,-2.186049781333077e-06,1.492370634449962e-14,1.3158461384778422e-09,1.3152035357075826e-09,2
0.62,0.0,0.0,-6.512826480763224e-09,29.430000021739385,4.0191413827546534e-07,2.7313227181690722e-08,4,-3.2790402440044386e-06,0.0,2.6169847278465466e-08,19.62000001983208,4.1467099058553787e-07,4.227023345223084e-08,8,-2.2137109035938463e-06,0.0,4.5902673530525536e-08,9.810000009912402,3.1276935365710576e-07,6.376541352519298e-08,4,-2.186049784531907e-06,6.172928464404136e-15,1.3704752219569278e-09,1.3698248378555324e-09,2
0.625,0.0,0.0,-6.589768004809171e-09,29.43000002161718,4.5236883117230033e-07,3.074202044444597e-08,4,-3.2790402439974997e-06,0.0,2.6757851368693374e-08,19.620000019711046,4.6820121011725553e-07,4.7726932685716786e-08,8,-2.2137039089112354e-06,0.0,4.689007192322614e-08,9.810000009851802,3.540482128291923e-07,7.218108307311631e-08,4,-2.186049787807065e-06,6.781774771108571e-15,1.424648164089097e-09,1.4239919246714697e-09,2
0.63,0.0,0.0,-6.6803246329928715e-09,29.43000002162386,5.020529205794344e-07,3.4118445138331506e-08,4,-3.2790402439940303e-06,0.0,2.742789437914402e-08,19.620000019718088,5.207179881771419e-07,5.308032493922738e-08,8,-2.2136966438407457e-06,0.0,4.803965229702385e-08,9.810000009855804,3.9451861473552907e-07,8.043192952888244e-08,4,-2.1860497911030397e-06,5.49436015175324e-15,1.4786861559480879e-09,1.4780136348877598e-09,2
0.635,0.0,0.0,-6.783626467817533e-09,29.430000021734013,5.506570043419381e-07,3.7421474953128006e-08,4,-3.2790402439940303e-06,0.0,2.8175603820804347e-08,19.6200000198295,5.719417766797976e-07,5.830191397571343e-08,8,-2.2136891082574772e-06,0.0,4.9341814696803216e-08,9.81000000990938,4.3394595788596665e-07,8.847012384253305e-08,4,-2.1860497945030977e-06,1.908339782213985e-15,1.5328803290972019e-09,1.5321890052997281e-09,2
0.64,0.0,0.0,-6.89895212900928e-09,29.43000002194698,5.981453999902431e-07,4.064868498431432e-08,4,-3.2790402439940303e-06,0.0,2.8997478667149495e-08,19.62000002004401,6.21887188312938e-07,6.33931893657096e-08,8,-2.213681300711201e-06,0.0,5.078871694319173e-08,9.810000010019596,4.723487407489146e-07,9.629943736319549e-08,4,-2.1860497980419336e-06,-4.1890050690273754e-15,1.5874914043147386e-09,1.5867784804621868e-09,2
0.645,0.0,0.0,-7.025744314917246e-09,29.430000022257957,6.446838088180029e-07,4.381133593818739e-08,4,-3.2790402440252553e-06,0.0,2.989078213720591e-08,19.62000002035305,6.707586625867394e-07,6.837499101844236e-08,8,-2.2136732184888097e-06,0.0,5.2374158206458345e-08,9.81000001017598,5.098929473497297e-07,1.0395370985133828e-07,4,-2.1860498016570973e-06,-6.8881792864960565e-15,1.6427505877660226e-09,1.6420160456507355e-09,2
0.65,0.0,0.0,-7.163555851678442e-09,29.43000002262955,6.90502248310257e-07,4.692505931221954e-08,4,-3.279040244070358e-06,0.0,3.0853449270846586e-08,19.62000002072598,7.188096121941583e-07,7.327315101272471e-08,8,-2.2136648577947282e-06,0.0,5.4093323545919035e-08,9.81000001035724,5.467711421291243e-07,1.1147220011250808e-07,4,-2.1860498053763444e-06,-6.826006797117048e-15,1.698862547733376e-09,1.6981069477959362e-09,2
0.655,0.0,0.0,-7.312040704875133e-09,29.430000023090344,7.358423556486172e-07,5.0006276253570245e-08,4,-3.2790402441293387e-06,0.0,3.188401128680405e-08,19.62000002118652,7.663086209150401e-07,7.811504791921988e-08,8,-2.213656213827242e-06,0.0,5.5942619682943575e-08,9.810000010589004,5.831947554067898e-07,1.18898013206378e-07,4,-2.1860498092274305e-06,-6.961898095331167e-15,1.7560351286251494e-09,1.7552532750218021e-09,2
0.66,0.0,0.0,-7.470948055184249e-09,29.430000023610944,7.809591080489527e-07,5.307231446975256e-08,4,-3.2790402441883193e-06,0.0,3.298152938621244e-08,19.620000021708364,8.135316245293272e-07,8.292880974813483e-08,8,-2.213647280834008e-06,0.0,5.7919547385825694e-08,9.810000010850844,6.193786253286269e-07,1.2627494895892598e-07,4,-2.1860498132311723e-06,-7.406431394391081e-15,1.8144357209872115e-09,1.8136230884489087e-09,2
0.665,0.0,0.0,-7.640110816277012e-09,29.43000002419919,8.260965805483126e-07,5.613976077941177e-08,4,-3.2790402442577082e-06,0.0,3.414553761302872e-08,19.620000022297223,8.607410693228192e-07,8.774118943370303e-08,8,-2.213638052209199e-06,0.0,6.00225843964085e-08,9.810000011143677,6.555271516874368e-07,1.336446790912926e-07,4,-2.186049817373692e-06,-7.420642249106283e-15,1.87424086626769e-09,1.873398928726518e-09,2
0.67,0.0,0.0,-7.81943234279431e-09,29.43000002484243,8.714908608408124e-07,5.922465919844853e-08,4,-3.279040244285464e-06,0.0,3.537599451278905e-08,19.620000022943934,9.081883327132267e-07,9.257781158523722e-08,8,-2.213628520535138e-06,0.0,6.225107107154473e-08,9.810000011467018,6.918348188471153e-07,1.4104685383046318e-07,4,-2.1860498216549895e-06,-5.445777532903054e-15,1.9356158828922e-09,1.9347338778461593e-09,2
0.675,0.0,0.0,-8.008882042234267e-09,29.430000025551916,9.17361693818573e-07,6.234194312076758e-08,4,-3.2790402443513833e-06,0.0,3.667324229521001e-08,19.62000002365215,9.56106519195881e-07,9.7462438128775e-08,8,-2.213618677616991e-06,0.0,6.460513283741128e-08,9.8100000118195,7.284818368865511e-07,1.4851821325358728e-07,4,-2.1860498261513928e-06,-1.1841106243953807e-14,1.9986673220730384e-09,1.997752993105681e-09,2
0.68,0.0,0.0,-8.208486948482455e-09,29.430000026317774,9.639165963914873e-07,6.550571495273564e-08,4,-3.2790402444207722e-06,0.0,3.803797200098419e-08,19.620000024418818,1.0047158831519274e-06,1.024175210908736e-07,8,-2.213608514649301e-06,0.0,6.70855987950446e-08,9.810000012205132,7.656389867939551e-07,1.5609357509508335e-07,4,-2.186049830842085e-06,-1.620383864152082e-14,2.063561534743235e-09,2.062613052207016e-09,2
0.685,0.0,0.0,-8.418327966602037e-09,29.430000027132657,1.0113516071495643e-06,6.872929705859056e-08,4,-3.279040244504039e-06,0.0,3.947119407301352e-08,19.620000025232184,1.0542232230769858e-06,1.0746414084823734e-07,8,-2.213598022084151e-06,0.0,6.9693944697468e-08,9.810000012612688,8.034660655847308e-07,1.6380551774754676e-07,4,-2.1860498357131886e-06,-2.1045299207306196e-14,2.130424711960392e-09,2.129435179149882e-09,2
0.6900000000000001,0.0,0.0,-8.638533368492244e-09,29.430000027982253,1.0598526049446762e-06,7.202532136846489e-08,4,-3.2790402446011835e-06,0.0,4.0974213723517126e-08,19.620000026083737,1.104824001568769e-06,1.1262222223241231e-07,8,-2.213587189749122e-06,0.0,7.24322359709211e-08,9.810000013035761,8.421135790797151e-07,1.7168472537424965e-07,4,-2.186049840792459e-06,-2.087743348598288e-14,2.199381570850027e-09,2.198347404853482e-09,2
0.6950000000000001,0.0,0.0,-8.869274937763754e-09,29.43000002888766,1.1095919727076346e-06,7.540550265840913e-08,4,-3.279040244705267e-06,0.0,4.2548610578460373e-08,19.620000026988972,1.1566988879633346e-06,1.1791018209706394e-07,8,-2.2135760069028065e-06,0.0,7.530308427872515e-08,9.810000013488231,8.817198009609939e-07,1.7975938832796652e-07,4,-2.186049846086835e-06,-2.0610979960072837e-14,2.27053283839445e-09,2.2694674089616206e-09,2
0.7000000000000001,0.0,0.0,-9.110766374956392e-09,29.430000029849786,1.1607419656812722e-06,7.88815470271134e-08,4,-3.279040244816289e-06,0.0,4.419622222258966e-08,19.620000027951935,1.210028920024608e-06,1.233464748522652e-07,8,-2.2135644622070516e-06,0.0,7.830961625343292e-08,9.810000013970587,9.22425164840645e-07,1.8805813731437384e-07,4,-2.186049851568561e-06,-2.0721558173325504e-14,2.3440313061508433e-09,2.3429106386816475e-09,2
0.705,0.0,0.0,-9.363256604363058e-09,29.430000030832417,1.2134586512589657e-06,8.246406048166377e-08,4,-3.2790402449342504e-06,0.0,4.591913043621638e-08,19.62000002893528,1.264977049782502e-06,1.2894771130651712e-07,8,-2.2135525436714487e-06,0.0,8.145543192815746e-08,9.810000014460492,9.643535910196259e-07,1.9660623641144026e-07,4,-2.1860498573139653e-06,-2.085212040102142e-14,2.4199575980711687e-09,2.41879108682875e-09,2
0.71,0.0,0.0,-9.627032780825053e-09,29.43000003187656,1.2679010289177594e-06,8.6163848287085e-08,4,-3.279040245055681e-06,0.0,4.7719650749812875e-08,19.620000029979956,1.3217110966936772e-06,1.34730998437723e-07,8,-2.2135402388337444e-06,0.0,8.474459638928116e-08,9.810000014983139,1.0076361785903024e-06,2.0543041326224389e-07,4,-2.186049863295292e-06,-2.0908075641462528e-14,2.4984344861702017e-09,2.4972120303454828e-09,2
0.715,0.0,0.0,-9.902412748139995e-09,29.430000032955146,1.3242209998156237e-06,8.999123332196986e-08,4,-3.279040245156295e-06,0.0,4.96003243184662e-08,19.62000003106006,1.3803877578360299e-06,1.407123094445223e-07,8,-2.2135275346765737e-06,0.0,8.8181608059225e-08,9.810000015522586,1.0523908986991775e-06,2.1455471906910406e-07,4,-2.1860498695472352e-06,-1.5030554949096946e-14,2.579584239753733e-09,2.5783089168849384e-09,2
0.72,0.0,0.0,-1.0189747371611823e-08,29.43000003407721,1.3825689269804487e-06,9.395643393676942e-08,4,-3.2790402452603784e-06,0.0,5.15639121156478e-08,19.62000003218241,1.4411644770625318e-06,1.4690769364919573e-07,8,-2.2135144176135824e-06,0.0,9.177139114069949e-08,9.810000016082498,1.098739001584198e-06,2.240038735541136e-07,4,-2.1860498760628566e-06,-2.2060043051813588e-14,2.66347082587564e-09,2.66213686902029e-09,2
0.725,0.0,0.0,-1.0489417484234961e-08,29.43000003525008,1.4430928508129919e-06,9.806951064114935e-08,4,-3.2790402453991563e-06,0.0,5.3613390958463536e-08,19.620000033355737,1.5041959124771584e-06,1.5333291640365874e-07,8,-2.2135008736282047e-06,0.0,9.551928305356736e-08,9.810000016673344,1.146799368308571e-06,2.338021134270009e-07,4,-2.1860498828768504e-06,-2.1293100986402534e-14,2.7502192107954835e-09,2.748833054806229e-09,2
0.73,0.0,0.0,-1.0801834109402463e-08,29.43000003645428,1.5059411096734448e-06,1.0234054419354871e-07,4,-3.279040245537934e-06,0.0,5.5751951465422525e-08,19.620000034561,1.5696349805984523e-06,1.600035655283905e-07,8,-2.21348688810713e-06,0.0,9.943103164554304e-08,9.810000017272522,1.1966871934363403e-06,2.439729238184152e-07,4,-2.1860498900100334e-06,-2.1347723959214088e-14,2.839948878491531e-09,2.8384977584681252e-09,2
0.735,0.0,0.0,-1.1127437145648549e-08,29.43000003769588,1.571266850093733e-06,1.0677994210541291e-07,4,-3.279040245676712e-06,0.0,5.798299770789724e-08,19.62000003580397,1.6376412325509814e-06,1.6693590515417914e-07,8,-2.213472445979081e-06,0.0,1.0351279056566434e-07,9.810000017893449,1.2485253840101963e-06,2.545413622289266e-07,4,-2.186049897420772e-06,-2.2394886316040534e-14,2.9327326489360576e-09,2.93122438795402e-09,2
0.74,0.0,0.0,-1.146669358455115e-08,29.430000038983465,1.6392187625726656e-06,1.1139780906566968e-07,4,-3.27904024581549e-06,0.0,6.03101482445212e-08,19.62000003709235,1.7083695241818696e-06,1.7414572079022758e-07,8,-2.2134575316315463e-06,0.0,1.0777111560188013e-07,9.810000018537115,1.3024322193809138e-06,2.655315426951721e-07,4,-2.186049905136822e-06,-2.4451463446856174e-14,3.0286845966566635e-09,3.027114456728216e-09,2
0.745,0.0,0.0,-1.1820100105584553e-08,29.43000004030616,1.7099509442483391e-06,1.1620461718698323e-07,4,-3.279040245954268e-06,0.0,6.273723852180557e-08,19.620000038416162,1.7819796791003917e-06,1.8164930434365517e-07,8,-2.2134421290079254e-06,0.0,1.1221297337338897e-07,9.810000019199064,1.358529615376185e-06,2.769683206355594e-07,4,-2.1860499131998168e-06,-2.78598481324554e-14,3.1278989334028638e-09,3.1262492140202794e-09,2
0.75,0.0,0.0,-1.2188181413482833e-08,29.430000041661838,1.7836232670135286e-06,1.212112310219903e-07,4,-3.2790402460930457e-06,0.0,6.52683245921655e-08,19.62000003977305,1.858636447836865e-06,1.8946344995607496e-07,8,-2.2134262215520173e-06,0.0,1.1684574616084113e-07,9.810000019876709,1.4169423589279575e-06,2.888771368108041e-07,4,-2.186049921630573e-06,-3.2098679640474245e-14,3.2304648358407097e-09,3.2287420215946297e-09,2
0.755,0.0,0.0,-1.2571489201997516e-08,29.43000004305179,1.8603985247227293e-06,1.2642871369359416e-07,4,-3.2790402462318236e-06,0.0,6.790768805640608e-08,19.620000041163685,1.9385081659584263e-06,1.976053172162431e-07,8,-2.2134097921802653e-06,0.0,1.2167723555929182e-07,9.810000020570534,1.4777984213787274e-06,3.012840811987646e-07,4,-2.186049930442968e-06,-2.6943692092534717e-14,3.3364949498628144e-09,3.3346977728785446e-09,2
0.76,0.0,0.0,-1.2970603619353682e-08,29.430000044483897,1.9404421198549837e-06,1.318683056012216e-07,4,-3.2790402463706014e-06,0.0,7.065984213851777e-08,19.620000042597265,2.0217668687975907e-06,2.0609244285505642e-07,8,-2.2133928234899236e-06,0.0,1.2671567407322948e-07,9.810000021287593,1.5412295626714198e-06,3.142160161726745e-07,4,-2.186049939616186e-06,-3.3049474638763226e-14,3.4460415136829304e-09,3.4441688743955896e-09,2
0.765,0.0,0.0,-1.3386135354044194e-08,29.430000045958074,2.02393063889599e-06,1.3754200718555263e-07,4,-3.2790402465406043e-06,0.0,7.352953873062569e-08,19.620000044071443,2.1085943343025403e-06,2.1494335673456763e-07,8,-2.2133752975161958e-06,0.0,1.319697426651081e-07,9.81000002202451,1.6073735557702549e-06,3.277010300023501e-07,4,-2.186049949219615e-06,-3.474145452829197e-14,3.5592281071141116e-09,3.55727051134048e-09,2
0.77,0.0,0.0,-1.3818722419561672e-08,29.430000047457707,2.111042581132917e-06,1.434619488772497e-07,4,-3.2790402467140767e-06,0.0,7.652177644875398e-08,19.620000045571224,2.1991753864965984e-06,2.2417689922411728e-07,8,-2.213357195940402e-06,0.0,1.3744857729528996e-07,9.810000022773554,1.6763713086595874e-06,3.4176785010559696e-07,4,-2.1860499592046834e-06,-3.4362202343080025e-14,3.6761196648806188e-09,3.674077249400174e-09,2
0.775,0.0,0.0,-1.4269032564929147e-08,29.430000048979277,2.2019659235218345e-06,1.496409051890712e-07,4,-3.279040246887549e-06,0.0,7.964181010738106e-08,19.620000047094848,2.2937028444707617e-06,2.338127256845132e-07,8,-2.2133384999512007e-06,0.0,1.4316178864062448e-07,9.810000023534638,1.7483678526306718e-06,3.5644604453338585e-07,4,-2.186049969619963e-06,-3.469171653678876e-14,3.796806741213234e-09,3.794677563135682e-09,2
0.78,0.0,0.0,-1.4737765724365094e-08,29.430000050551488,2.296896289748319e-06,1.5609217028902297e-07,4,-3.2790402470714297e-06,0.0,8.289516080445952e-08,19.6200000486679,2.3923798865798748e-06,2.4387154746641353e-07,8,-2.213319190404184e-06,0.0,1.4911948331788755e-07,9.810000024323342,1.8235191565914827e-06,3.717674112273537e-07,4,-2.1860499805140265e-06,-3.457891787748685e-14,3.921359778430603e-09,3.919135334779842e-09,2
0.785,0.0,0.0,-1.5225651791424382e-08,29.43000005213017,2.3960412674479617e-06,1.6282985138999578e-07,4,-3.279040247227555e-06,0.0,8.628762719382677e-08,19.620000050249267,2.495418704951419e-06,2.5437499475640575e-07,8,-2.213299247759426e-06,0.0,1.553322800628029e-07,9.810000025107687,1.901984524785745e-06,3.877644281178004e-07,4,-2.186049991866057e-06,-2.945945746633532e-14,4.0498752922170574e-09,4.04754733670055e-09,2
0.79,0.0,0.0,-1.5733452639627445e-08,29.43000005374532,2.4996119598450586e-06,1.6986829461639454e-07,4,-3.279040247401027e-06,0.0,8.982529769964113e-08,19.620000051862732,2.603039287002553e-06,2.6534549236715414e-07,8,-2.213278652095363e-06,0.0,1.6181133104783703e-07,9.81000002592075,1.983933256667158e-06,4.04471610891958e-07,4,-2.186050003780138e-06,-3.455404888173522e-14,4.182366836175282e-09,4.1799481292523854e-09,2
0.795,0.0,0.0,-1.626196452705745e-08,29.430000055385076,2.607838613175196e-06,1.772231470110389e-07,4,-3.2790402475918468e-06,0.0,9.351456412967045e-08,19.620000053504658,2.7154763546047265e-06,2.768069670947498e-07,8,-2.21325738330308e-06,0.0,1.6856835338988528e-07,9.810000026739358,2.0695415479198184e-06,4.219248811985358e-07,4,-2.1860500161660634e-06,-3.4966607757685937e-14,4.31892982997744e-09,4.3164073425148265e-09,2
0.8,0.0,0.0,-1.6812015723125977e-08,29.43000005703878,2.7209534062696615e-06,1.8491018695182711e-07,4,-3.2790402477826663e-06,0.0,9.736213567788368e-08,19.620000055160027,2.832970053159485e-06,2.8878389859274426e-07,8,-2.2132354208850846e-06,0.0,1.75615642836324e-07,9.810000027568826,2.1589920966689275e-06,4.4016148636117425e-07,4,-2.1860500291001617e-06,-3.511670991061527e-14,4.459612755730752e-09,4.456977190720811e-09,2
0.805,0.0,0.0,-1.7384473488410908e-08,29.430000058707336,2.8392085577226037e-06,1.92946554676107e-07,4,-3.2790402479769554e-06,0.0,1.0137505482124528e-07,19.620000056829547,2.955779470631856e-06,3.013026974587572e-07,8,-2.213212744170412e-06,0.0,1.8296612040374652e-07,9.81000002839836,2.2524814785336934e-06,4.5922150295884294e-07,4,-2.186050042554677e-06,-3.5152681136613137e-14,4.604449457029807e-09,4.601691865630874e-09,2
0.81,0.0,0.0,-1.7980237078776803e-08,29.430000060378752,2.962865102298675e-06,2.0134998954944237e-07,4,-3.2790402481504277e-06,0.0,1.0556071384235102e-07,19.620000058502956,3.08417242334467e-06,3.143906640314249e-07,8,-2.2131893322591134e-06,0.0,1.906333422020184e-07,9.810000029236377,2.3502119045808723e-06,4.791461564886082e-07,4,-2.186050056689204e-06,-2.862590201944677e-14,4.75348984683726e-09,4.750611205601506e-09,2
0.8150000000000001,0.0,0.0,-1.860024642132017e-08,29.430000062065357,3.092200462678921e-06,2.1013934462505839e-07,4,-3.2790402483204306e-06,0.0,1.0992687277701395e-07,19.62000006018982,3.2184344367287198e-06,3.2807690385884556e-07,8,-2.2131651642096073e-06,0.0,1.9863154596394323e-07,9.810000030078264,2.452400316030987e-06,4.999796755375589e-07,4,-2.1860500713788422e-06,-3.649249828273079e-14,4.906709059265983e-09,4.903699668396887e-09,2
0.8200000000000001,0.0,0.0,-1.915609504183159e-08,29.430000047434483,3.0963758900370853e-06,2.104230978624825e-07,4,-3.279040247942261e-06,0.0,1.1495651357900919e-07,19.62000004557086,3.2232352715848297e-06,3.285662858408059e-07,8,-2.2131402418468227e-06,0.0,2.0564561055390065e-07,9.810000022764662,2.3416621806815727e-06,4.774030938323369e-07,4,-2.1860500862211363e-06,2.7985578262159094e-13,5.046582174578367e-09,5.043740420280562e-09,2
0.8250000000000001,0.0,0.0,-2.003865946971691e-08,29.43000012101791,3.3978536950875823e-06,2.309108855667962e-07,4,-3.27904024995454e-06,0.0,1.199270263438432e-07,19.62000011932794,3.585075257144254e-06,3.654510943261968e-07,8,-2.2131145469145297e-06,0.0,2.1409239601438708e-07,9.810000059551115,2.763613980894075e-06,5.634279233675218e-07,4,-2.1860501043177716e-06,-1.1432955919028318e-12,5.254437536389594e-09,5.250007385122279e-09,2
0.8300000000000001,0.0,0.0,-2.0747109813127627e-08,29.430000104961973,3.7250837811139226e-06,2.5314874399105857e-07,4,-3.279040254114407e-06,0.0,1.249527375258039e-07,19.6200001026928,3.8225367973669395e-06,3.896571638490772e-07,8,-2.2130874387862876e-06,0.0,2.231371808604552e-07,9.810000051526778,2.870802690323082e-06,5.852808716094318e-07,4,-2.186050125231598e-06,-7.926450644022923e-14,5.562063788861088e-09,5.55858113345332e-09,2
0.835,0.0,0.0,-2.1325474910069162e-08,29.430000065117163,3.6691121870527964e-06,2.4934503424631165e-07,4,-3.2790402513249717e-06,0.0,1.3018080554502144e-07,19.620000063343884,3.805677606908849e-06,3.8793859272396334e-07,8,-2.2130590791799576e-06,0.0,2.3219810844288234e-07,9.810000031607915,2.8748206448646007e-06,5.861000276456475e-07,4,-2.186050139810214e-06,7.071548676256429e-13,5.757150921531666e-09,5.754316499146715e-09,2
0.84,0.0,0.0,-2.211726099838756e-08,29.43000008104136,3.823497253648574e-06,2.598367137696102e-07,4,-3.279040249923315e-06,0.0,1.3562705774000734e-07,19.620000079277613,3.992902866494567e-06,4.0702373602045177e-07,8,-2.2130298376402124e-06,0.0,2.420278017423386e-07,9.81000003956537,3.0494858882452853e-06,6.217096587046278e-07,4,-2.186050156546826e-06,-8.85548527102925e-14,5.938503586861038e-09,5.9347165353893605e-09,2
0.845,0.0,0.0,-2.2934360300492738e-08,29.4300000801989,4.033589181381095e-06,2.741141128365117e-07,4,-3.27904025058251e-06,0.0,1.4130003423979303e-07,19.620000078260247,4.19117878845717e-06,4.272353488011619e-07,8,-2.2129995973160788e-06,0.0,2.523533604211532e-07,9.810000039145041,3.1855772449678106e-06,6.494550932224948e-07,4,-2.1860501761283846e-06,-3.2751490778953345e-14,6.1459979516622015e-09,6.1420970406021025e-09,2
0.85,0.0,0.0,-2.373984311546148e-08,29.43000007142364,4.18313333888992e-06,2.842768147290437e-07,4,-3.2790402500794402e-06,0.0,1.472219108231774e-07,19.62000006957152,4.348805332506542e-06,4.4330329430029556e-07,8,-2.2129683692473368e-06,0.0,2.6303130471111297e-07,9.810000034759533,3.303275184877216e-06,6.734505959577579e-07,4,-2.1860501954393263e-06,1.4495835605911667e-13,6.332502584288795e-09,6.328614559809386e-09,2
0.855,0.0,0.0,-2.460295373124816e-08,29.430000074245484,4.365158779870708e-06,2.966468752197324e-07,4,-3.2790402497151483e-06,0.0,1.534049945211379e-07,19.620000072412203,4.542456080811972e-06,4.6304343160519615e-07,8,-2.2129362345149617e-06,0.0,2.742238301611367e-07,9.810000036172315,3.455327297687374e-06,7.044500071246851e-07,4,-2.1860502157564077e-06,-5.003464679891879e-15,6.513849006167965e-09,6.5096327948774934e-09,2
0.86,0.0,0.0,-2.550142159541141e-08,29.430000075879796,4.5694274715932035e-06,3.105285395726661e-07,4,-3.279040249899029e-06,0.0,1.5986038730536806e-07,19.62000007401105,4.750909749837697e-06,4.842925312860549e-07,8,-2.2129031707687763e-06,0.0,2.859238465687423e-07,9.81000003698389,3.6113078259697464e-06,7.362503185229452e-07,4,-2.1860502374820845e-06,-3.588409606523569e-14,6.702726534896393e-09,6.69826788065132e-09,2
0.865,0.0,0.0,-2.6428743847446837e-08,29.430000075695883,4.7720234795042145e-06,3.24296531921866e-07,4,-3.2790402499788263e-06,0.0,1.666020374754149e-07,19.620000073839044,4.960981291108186e-06,5.057065517265792e-07,8,-2.2128691600301065e-06,0.0,2.9812498070568796e-07,9.810000036895271,3.770348800113964e-06,7.686745740945434e-07,4,-2.1860502601653287e-06,-6.974776682416316e-15,6.891988994822846e-09,6.887362342961955e-09,2
0.87,0.0,0.0,-2.739845295025893e-08,29.430000077151043,4.9872069313639465e-06,3.389199400808653e-07,4,-3.279040250062093e-06,0.0,1.73643155245215e-07,19.620000075293525,5.184805097784058e-06,5.285224340353618e-07,8,-2.212834199953606e-06,0.0,3.1087678926462923e-07,9.810000037617577,3.941263922883708e-06,8.035196549990777e-07,4,-2.186050283875529e-06,-2.0443558327958864e-14,7.08308636386284e-09,7.078234296759921e-09,2
0.875,0.0,0.0,-2.840808603635757e-08,29.430000078135613,5.215234865160028e-06,3.5441623182560397e-07,4,-3.279040250186993e-06,0.0,1.8099758918739538e-07,19.620000076279585,5.420327797443071e-06,5.525308640539916e-07,8,-2.2127982748712527e-06,0.0,3.242012536359355e-07,9.810000038113962,4.119665591109598e-06,8.398910448733559e-07,4,-2.186050308723708e-06,-2.0238833202217986e-14,7.277573580860726e-09,7.272502659045675e-09,2
0.88,0.0,0.0,-2.9457175414953248e-08,29.43000007856538,5.452317886579972e-06,3.705278880071111e-07,4,-3.279040250256382e-06,0.0,1.8868052512188584e-07,19.620000076713296,5.665683471270083e-06,5.775416359956699e-07,8,-2.212761372889782e-06,0.0,3.3811927910904797e-07,9.810000038333378,4.30572889897915e-06,8.778244408061493e-07,4,-2.1860503346682325e-06,-1.7609825079905602e-14,7.473559571408325e-09,7.468263134431174e-09,2
0.885,0.0,0.0,-3.054960094091185e-08,29.43000007905206,5.701567118155495e-06,3.8746633386615625e-07,4,-3.279040250325771e-06,0.0,1.9670773130107373e-07,19.62000007720168,5.923760173882609e-06,6.0384914888619e-07,8,-2.21272348801399e-06,0.0,3.526639935987778e-07,9.810000038572095,4.501739370374909e-06,9.177858007491231e-07,4,-2.1860503617437965e-06,-1.7926904775738546e-14,7.67071809114078e-09,7.665189047785028e-09,2
0.89,0.0,0.0,-3.168659017958447e-08,29.430000079287755,5.9638092646172805e-06,4.052877504960994e-07,4,-3.2790402503708738e-06,0.0,2.050957619532481e-07,19.620000077439755,6.194919268628292e-06,6.31490238957907e-07,8,-2.2126846143805112e-06,0.0,3.678655122838342e-07,9.810000038690173,4.707426083068333e-06,9.597198908261913e-07,4,-2.1860503900753003e-06,-6.943690437726802e-15,7.868895947932442e-09,7.863106729584025e-09,2
0.895,0.0,0.0,-3.2869520473417363e-08,29.430000079183987,6.238874431128602e-06,4.239805922081118e-07,4,-3.2790402503743432e-06,0.0,2.1386216860001264e-07,19.620000077337828,6.479327624842355e-06,6.604819163406969e-07,8,-2.2126447493039936e-06,0.0,3.8375466995143984e-07,9.81000003863857,4.923165298395748e-06,1.0037034207961093e-06,4,-2.1860504197043773e-06,-6.617284868487007e-15,8.06717058286516e-09,8.061120338205064e-09,2
0.9,0.0,0.0,-3.410064443840037e-08,29.430000078791164,6.527918305521222e-06,4.436233970808305e-07,4,-3.2790402503743432e-06,0.0,2.2302543144279457e-07,19.620000076946052,6.778134821261841e-06,6.909413654107274e-07,8,-2.2126038942485438e-06,0.0,4.003660196263172e-07,9.81000003844137,5.149861157674218e-06,1.0499207212016355e-06,4,-2.186050450665722e-06,-1.6137317411063514e-15,8.264805136476593e-09,8.258477638485094e-09,2
0.905,0.0,0.0,-3.5381828504302026e-08,29.430000078020434,6.8318146224780445e-06,4.642755422607241e-07,4,-3.2790402503223015e-06,0.0,2.3260504128556347e-07,19.620000076179,7.092137505512651e-06,7.229497938813308e-07,8,-2.21256205443221e-06,0.0,4.177352574210428e-07,9.81000003805939,5.388014777879349e-06,1.0984739565699745e-06,4,-2.186050483021784e-06,1.3829470531429575e-14,8.461006780741297e-09,8.454391286012232e-09,2
0.91,0.0,0.0,-3.6715007075983826e-08,29.430000076808913,7.151266504107454e-06,4.859848104276909e-07,4,-3.2790402502390348e-06,0.0,2.4262159194550115e-07,19.62000007496946,7.422109546960806e-06,7.565860875229746e-07,8,-2.2125192397845495e-06,0.0,4.3589985812498585e-07,9.810000037448955,5.638251570913099e-06,1.1494906318836876e-06,4,-2.186050516835014e-06,2.210196433251654e-14,8.654694003002059e-09,8.647778163634944e-09,2
0.915,0.0,0.0,-3.81023518225534e-08,29.430000075122663,7.487265070676109e-06,5.08818556001645e-07,4,-3.279040250100257e-06,0.0,2.530968251071799e-07,19.620000073284224,7.76905845728324e-06,7.919529488546801e-07,8,-2.2124754657654178e-06,0.0,4.5489979243103714e-07,9.810000036603757,5.901342555470148e-06,1.2031279375026804e-06,4,-2.1860505522441898e-06,2.7892443539751512e-14,8.844758442300317e-09,8.837528931622053e-09,2
0.92,0.0,0.0,-3.9546040614294513e-08,29.430000072883573,7.840809676543708e-06,5.328446929749164e-07,4,-3.279040249899029e-06,0.0,2.6405370613457986e-07,19.620000071048704,8.133982271425512e-06,8.291521143700734e-07,8,-2.212430753753547e-06,0.0,4.7477718235981463e-07,9.810000035487162,6.1780217573627935e-06,1.2595355219192912e-06,4,-2.1860505892770665e-06,4.575904063043924e-14,9.029916526720639e-09,9.022342945492543e-09,2
0.925,0.0,0.0,-4.104833211542625e-08,29.43000007002578,8.212920926053742e-06,5.581325794435548e-07,4,-3.279040249635351e-06,0.0,2.7551650873006363e-07,19.620000068192773,8.517927055494267e-06,8.682902167062904e-07,8,-2.2123851321914634e-06,0.0,4.955765193191444e-07,9.810000034055632,6.469083710038262e-06,1.3188753695373487e-06,4,-2.186050628037728e-06,5.390807763118789e-14,9.208682574907312e-09,9.200773190294119e-09,2
0.93,0.0,0.0,-4.261160360128631e-08,29.430000066464252,8.604734527175634e-06,5.847593957011781e-07,4,-3.279040249316162e-06,0.0,2.8751089561744983e-07,19.620000064632194,8.922047728102129e-06,9.094849845780963e-07,8,-2.2123386372585596e-06,0.0,5.173449331968739e-07,9.81000003227275,6.775402733463866e-06,1.381325731126254e-06,4,-2.1860506685331127e-06,7.774101325621117e-14,9.379403772530494e-09,9.371122796715047e-09,2
0.935,0.0,0.0,-4.423831411814735e-08,29.430000062067627,9.01745752759935e-06,6.128071701380637e-07,4,-3.2790402488998283e-06,0.0,3.0006400928449824e-07,19.620000060238105,9.347565608164514e-06,9.528609153379455e-07,8,-2.2122913140854017e-06,0.0,5.401322803580364e-07,9.810000030070293,7.097895629036113e-06,1.4470735183035984e-06,4,-2.1860507109158767e-06,8.916742862565328e-14,9.540170514671547e-09,9.531494109389148e-09,2
0.9400000000000001,0.0,0.0,-4.5931020456907944e-08,29.430000056825712,9.452371021527534e-06,6.423629631856043e-07,4,-3.279040248407167e-06,0.0,3.132045700961044e-07,19.62000005499956,9.795782416769618e-06,9.985507022741788e-07,8,-2.212243217905585e-06,0.0,5.639913399514533e-07,9.810000027453427,7.437545026804373e-06,1.5163190634027106e-06,4,-2.186050755290103e-06,1.0639498134336675e-13,9.688873580088356e-09,9.679800144397408e-09,2
0.9450000000000001,0.0,0.0,-4.769238545977276e-08,29.43000005051269,9.91085406869763e-06,6.73520492809172e-07,4,-3.2790402477930747e-06,0.0,3.269629800411664e-07,19.620000048689477,1.0268096947913985e-05,1.0466969339890339e-06,8,-2.2121944152006523e-06,0.0,5.889780253245979e-07,9.81000002429045,7.795405877831913e-06,1.5892774431253376e-06,4,-2.1860508017668145e-06,1.3304743936172805e-13,9.823109930568069e-09,9.813611482407451e-09,2
0.9500000000000001,0.0,0.0,-4.952517544849031e-08,29.430000043100797,1.0394384795495984e-05,7.063802093287944e-07,4,-3.279040247074899e-06,0.0,3.4137143507157493e-07,19.620000041280026,1.0766006538794213e-05,1.097452244255126e-06,8,-2.2121449854209385e-06,0.0,6.151515829770914e-07,9.81000002058919,8.172605640546366e-06,1.6661785164920965e-06,4,-2.1860508504431553e-06,1.5232179924764046e-13,9.94013925502152e-09,9.930199963943178e-09,2
0.9550000000000001,0.0,0.0,-5.143226716086378e-08,29.43000003436229,1.0904541135683925e-05,7.410493457663506e-07,4,-3.2790402462318236e-06,0.0,3.564640453560508e-07,19.62000003254326,1.12911110187197e-05,1.150979714576084e-06,8,-2.212095022331717e-06,0.0,6.425748207441219e-07,9.810000016218352,8.570350825540547e-06,1.7472682591991113e-06,4,-2.1860509013607587e-06,1.8712196199912087e-13,1.003695428523649e-08,1.0026546104786375e-08,2
0.96,0.0,0.0,-5.3416653526741646e-08,29.430000024176795,1.1443024008690728e-05,7.776434929860866e-07,4,-3.2790402452291534e-06,0.0,3.722769643092444e-07,19.620000022360127,1.184513224097983e-05,1.2074548651865858e-06,8,-2.2120446360879287e-06,0.0,6.713143579656588e-07,9.810000011123858,8.989938546528547e-06,1.832811118518773e-06,4,-2.1860509546861584e-06,2.1255761558249304e-13,1.0110042498495841e-08,1.0099144981474463e-08,2
0.965,0.0,0.0,-5.548144409641327e-08,29.430000012357105,1.2011652224698565e-05,8.162862534594018e-07,4,-3.2790402440738275e-06,0.0,3.888485275174716e-07,19.620000010538995,1.2429910883448513e-05,1.2670653289267804e-06,8,-2.211993955218705e-06,0.0,7.014408791915306e-07,9.810000005209766,9.432754750712155e-06,1.9230896525387833e-06,4,-2.1860510105234376e-06,2.5264332810960903e-13,1.0155563385555621e-08,1.0144140728158614e-08,2
0.97,0.0,0.0,-5.762987311937839e-08,29.429999998654154,1.261237865632351e-05,8.571103402582588e-07,4,-3.2790402427138043e-06,0.0,4.062194018026676e-07,19.61999999684229,1.3047424209040764e-05,1.3300126616861022e-06,8,-2.2119431289033264e-06,0.0,7.330294211787853e-07,9.809999998358819,9.900290833272523e-06,2.0184079174166786e-06,4,-2.1860510690530077e-06,2.8844624429693087e-13,1.0169125452136496e-08,1.0157162074826199e-08,2
0.975,0.0,0.0,-5.986530404158117e-08,29.429999982906057,1.3247302648766991e-05,9.002584204187206e-07,4,-3.279040241166431e-06,0.0,4.244327451925829e-07,19.619999981096083,1.3699793461510467e-05,1.396513096300739e-06,8,-2.2118923296218784e-06,0.0,7.661596781927548e-07,9.809999990487292,1.039414246494803e-05,2.1190912283439713e-06,4,-2.186051130378952e-06,3.304042369327747e-13,1.0145803632993944e-08,1.0133267885532373e-08,2
0.98,0.0,0.0,-6.21912323201571e-08,29.42999996478602,1.3918677775582764e-05,9.458836420140623e-07,4,-3.2790402393553797e-06,0.0,4.435343790343411e-07,19.619999962979435,1.4389298347333964e-05,1.466799018805793e-06,8,-2.2118417560487713e-06,0.0,8.009163201432144e-07,9.809999981421234,1.091602838112734e-05,2.2254899901734495e-06,4,-2.186051194612293e-06,3.84391718085037e-13,1.0080077234447981e-08,1.0066931252900926e-08,2
0.985,0.0,0.0,-6.461129469806392e-08,29.429999944040546,1.462892744894057e-05,9.941506949885582e-07,4,-3.2790402373049365e-06,0.0,4.6357297236042903e-07,19.61999994223489,1.5118387577621132e-05,1.5411200430308476e-06,8,-2.211791636383409e-06,0.0,8.373893533410538e-07,9.809999971045762,1.1467792875252906e-05,2.337980205728873e-06,4,-2.186051261968136e-06,4.368657432101302e-13,9.965683066531948e-09,9.951907819012236e-09,2
0.99,0.0,0.0,-6.712927115174601e-08,29.429999920324125,1.5380657075135816e-05,1.0452366372256805e-06,4,-3.2790402349353043e-06,0.0,4.846002403919992e-07,19.619999918521486,1.588969186728208e-05,1.6197443357053272e-06,8,-2.21174223197923e-06,0.0,8.756744901130823e-07,9.809999959186069,1.2051416209457538e-05,2.4569655982867993e-06,4,-2.186051332592198e-06,5.06013541808254e-13,9.795635913284637e-09,9.781193030928623e-09,2
0.995,0.0,0.0,-6.974909343067917e-08,29.42999989327428,1.6176666797775417e-05,1.0993317605463066e-06,4,-3.279040232239544e-06,0.0,5.066711572099518e-07,19.61999989147211,1.6706040403931803e-05,1.702960295243746e-06,8,-2.2116938416180676e-06,0.0,9.158735537049397e-07,9.809999945656452,1.2669030952921165e-05,2.582880942528567e-06,4,-2.1860514066093795e-06,5.728720605296005e-13,9.562002335911253e-09,9.546853579529347e-09,2
1.0,0.0,0.0,-7.24748524963844e-08,29.429999862434713,1.7019976378734052e-05,1.156641281569208e-06,4,-3.279040229151736e-06,0.0,5.298441837751534e-07,19.619999860635197,1.757047948556546e-05,1.7910784516179518e-06,8,-2.2116468060204286e-06,0.0,9.580949232116529e-07,9.809999930232378,1.3322929629313733e-05,2.7161936236625727e-06,4,-2.1860514842902967e-06,6.584853547613351e-13,9.255920147871628e-09,9.240027786756378e-09,2
1.0050000000000001,0.0,0.0,-7.531080125155016e-08,29.42999982742289,1.7913829768849933e-05,1.2173856523205152e-06,4,-3.279040225640656e-06,0.0,5.541815132683239e-07,19.619999825624305,1.8486283252015764e-05,1.8844325602767975e-06,8,-2.211601513424366e-06,0.0,1.0024539871224138e-06,9.809999912726873,1.4015579131260892e-05,2.857406576136248e-06,4,-2.186051565773728e-06,7.4323844819359e-13,8.867356505276754e-09,8.850682211420726e-09,2
1.01,0.0,0.0,-7.826136785755031e-08,29.42999978759789,1.8861718918706102e-05,1.281802178378175e-06,4,-3.2790402216473225e-06,0.0,5.797493332175246e-07,19.619999785800736,1.9456973581371668e-05,1.9833816303558724e-06,8,-2.2115584052059822e-06,0.0,1.0490736565394363e-06,9.809999892810803,1.474963110018074e-05,3.007060399866042e-06,4,-2.186051651316412e-06,8.504842160155406e-13,8.385058542376305e-09,8.36754792772988e-09,2
1.0150000000000001,0.0,0.0,-8.133116075735402e-08,29.429999742402387,1.9867412427219216e-05,1.350146965757155e-06,4,-3.2790402171127553e-06,0.0,6.066181064204357e-07,19.619999740605593,2.0486351845903185e-05,2.0883131617483754e-06,8,-2.2115179828391396e-06,0.0,1.098084899955103e-06,9.809999870207408,1.5527950484502677e-05,3.165739182456152e-06,4,-2.1860517410848823e-06,9.602839408833394e-13,7.796306514801397e-09,7.77793180824583e-09,2
1.02,0.0,0.0,-8.452497748460775e-08,29.42999969117013,2.0934958203308067e-05,1.4226951018004375e-06,4,-3.2790402119745043e-06,0.0,6.348628721445549e-07,19.619999689371852,2.1578496581634136e-05,2.199642907570809e-06,8,-2.211480815465794e-06,0.0,1.149627317030604e-06,9.809999844587978,1.6353606092495407e-05,3.3340685732054184e-06,4,-2.1860518353358782e-06,1.0963901782750254e-12,7.086820459118068e-09,7.067541308931401e-09,2
1.025,0.0,0.0,-8.784781780181668e-08,29.429999633084154,2.2068726191068114e-05,1.4997435586957493e-06,4,-3.2790402061250168e-06,0.0,6.64563567223522e-07,19.619999631288646,2.273781499720777e-05,2.317820124822739e-06,8,-2.211447548534917e-06,0.0,1.203849763593675e-06,9.809999815539893,1.722992163949067e-05,3.5127261903098055e-06,4,-2.1860519342775664e-06,1.2368897902197586e-12,6.240411666286357e-09,6.220149945630259e-09,2
1.03,0.0,0.0,-9.130489182343695e-08,29.429999567355456,2.3273422528981268e-05,1.581612155699572e-06,4,-3.2790401995226592e-06,0.0,6.958053695906351e-07,19.619999565548532,2.3969046407147514e-05,2.4433279243528253e-06,8,-2.211418913482255e-06,0.0,1.260911006802831e-06,9.80999978266612,1.8160464010291235e-05,3.702439227854022e-06,4,-2.1860520382638304e-06,1.401744142611089e-12,5.2389167281953715e-09,5.217628713822596e-09,2
1.035,0.0,0.0,-9.490163326663833e-08,29.42999949281141,2.455411314935846e-05,1.6686451629301632e-06,4,-3.279040192014776e-06,0.0,7.286790641926629e-07,19.61999949101454,2.527729653210852e-05,2.5766867673656033e-06,8,-2.2113957387562277e-06,0.0,1.3209804290377122e-06,9.809999745392902,1.9149082576385883e-05,3.903992471636693e-06,4,-2.1860521474958983e-06,1.5896493895288968e-12,4.061779338854373e-09,4.039408962281729e-09,2
1.04,0.0,0.0,-9.864371829579885e-08,29.42999940850531,2.5916263195766096e-05,1.7612139800639112e-06,4,-3.2790401835354477e-06,0.0,7.632814320452986e-07,19.619999406706487,2.66680694948846e-05,2.718457726942535e-06,8,-2.211378962488353e-06,0.0,1.3842387943267245e-06,9.809999703235453,2.0199924206352576e-05,4.118231359311948e-06,4,-2.1860522623276535e-06,1.7960962491363643e-12,2.6857836903206267e-09,2.6622794927109257e-09,2
1.045,0.0,0.0,-1.025370739706314e-07,29.429999313071782,2.7365753453896973e-05,1.859718252982905e-06,4,-3.2790401739250796e-06,0.0,7.99715664006018e-07,19.61999931127048,2.8147288198394806e-05,2.8692445653885346e-06,8,-2.2113696465098087e-06,0.0,1.450879026946989e-06,9.809999655510211,2.1317452936868065e-05,4.3460659909186024e-06,4,-2.186052382974202e-06,2.0408293717926346e-12,1.0847337861110093e-09,1.0600278675563318e-09,2
1.05,0.0,0.0,-1.0658790512264056e-07,29.429999205063964,2.8908920969640914e-05,1.96458863408101e-06,4,-3.2790401630483634e-06,0.0,8.380917982492271e-07,19.619999203259415,2.9721335196727148e-05,3.029697900475921e-06,8,-2.2113689926925306e-06,0.0,1.5211070804497025e-06,9.809999601497353,2.2506481275620347e-05,4.588477510679014e-06,4,-2.186052509837999e-06,2.3058142946856985e-12,-7.710773106848804e-10,-7.970587342744834e-10,2
1.055,0.0,0.0,-1.108027110119455e-07,29.42999908285887,3.055258665696144e-05,2.07628865844963e-06,4,-3.279040150742235e-06,0.0,8.785271824418694e-07,19.61999908105134,3.139707931057701e-05,3.2005179185660383e-06,8,-2.2113783612817683e-06,0.0,1.5951428241208696e-06,9.809999540390596,2.3772188613325854e-05,4.846521860770513e-06,4,-2.186052643252112e-06,2.608005011580001e-12,-2.915173083611726e-09,-2.9425046809519106e-09,2
1.06,0.0,0.0,-1.1518831436324898e-07,29.42999894447292,3.230409500965179e-05,2.1953174426272714e-06,4,-3.2790401368054667e-06,0.0,9.211469597904812e-07,19.61999894265923,3.318191617314162e-05,3.382458507782595e-06,8,-2.21139929163644e-06,0.0,1.673220996534752e-06,9.809999471180623,2.512015287512237e-05,5.121336234302404e-06,4,-2.1860527835912413e-06,2.961222022775285e-12,-5.38553899810929e-09,-5.414290594678785e-09,2
1.065,0.0,0.0,-1.1975189028871817e-07,29.429998787849723,3.4171338390416405e-05,2.3222113352260254e-06,4,-3.2790401210090747e-06,0.0,9.660845777344938e-07,19.61999878603086,3.5083797542900444e-05,3.5763302460425814e-06,8,-2.2114335263487273e-06,0.0,1.755592197613147e-06,9.809999392865674,2.655637801303032e-05,5.41414468024197e-06,4,-2.1860529312509036e-06,3.345683818507989e-12,-8.225322680982366e-09,-8.255582280163531e-09,2
1.07,0.0,0.0,-1.245010008854285e-07,29.429998610461375,3.6162800399271726e-05,2.4575468641997875e-06,4,-3.279040103141423e-06,0.0,1.0134823179087097e-06,19.619998608633438,3.7111266916296524e-05,3.783004031403586e-06,8,-2.211483038333517e-06,0.0,1.842523922750008e-06,9.809999304159046,2.808731122139155e-05,5.726261613389444e-06,4,-2.1860530866682493e-06,3.787071189605324e-12,-1.1483360379721366e-08,-1.151519863655158e-08,2
1.075,0.0,0.0,-1.2944364052494528e-07,29.429998409509018,3.82875904035556e-05,2.6019430834345297e-06,4,-3.2790400829110777e-06,0.0,1.0634918437194124e-06,19.619998407670774,3.927350220335359e-05,4.003415432286574e-06,8,-2.2115500619215855e-06,0.0,1.9343016452901623e-06,9.809999203670023,2.9719884616296957e-05,6.059100311685742e-06,4,-2.186053250266551e-06,4.291517896233738e-12,-1.521514800130725e-08,-1.524867070760626e-08,2
1.08,0.0,0.0,-1.3458828470715275e-07,29.429998181735833,4.055547521486752e-05,2.7560637254837564e-06,4,-3.279040059981503e-06,0.0,1.116274762089898e-06,19.61999817988632,4.1580349124109734e-05,4.238568091890685e-06,8,-2.2116371284353065e-06,0.0,2.0312299210485982e-06,9.809999089770843,3.1461542161417936e-05,6.414178405831608e-06,4,-2.1860534224829586e-06,4.8664344550379985e-12,-1.9483789315505155e-08,-1.9519077833745276e-08,2
1.085,0.0,0.0,-1.3994395031210192e-07,29.42999792346539,4.297690935460359e-05,2.9206192583749288e-06,4,-3.2790400339745285e-06,0.0,1.1720031933667964e-06,19.61999792160282,4.404234740648223e-05,4.489536398776975e-06,8,-2.211747107044859e-06,0.0,2.1336335070501993e-06,9.809998960623403,3.3320252821773566e-05,6.793120561076214e-06,4,-2.1860536037962564e-06,5.518457335170106e-12,-2.4361048345927618e-08,-2.4398203307167885e-08,2
1.09,0.0,0.0,-1.4552027383254885e-07,29.42999763043096,4.5563070261244445e-05,3.09636927827216e-06,4,-3.279040004473821e-06,0.0,1.2308603401984199e-06,19.619997628551303,4.667077240566058e-05,4.7574697295319345e-06,8,-2.2118832513837172e-06,0.0,2.241858510638166e-06,9.80999881408681,3.5304550069994667e-05,7.197666531681652e-06,4,-2.186053794664411e-06,6.2607702130028785e-12,-2.992865338870537e-08,-2.9967779556254934e-08,2
1.095,0.0,0.0,-1.513275921482787e-07,29.42999729774529,4.8325860803650395e-05,3.2841226803206512e-06,4,-3.2790399709832496e-06,0.0,1.2930410469575083e-06,19.61999729584696,4.947764079684144e-05,5.04359302917076e-06,8,-2.2120492532071157e-06,0.0,2.356273479916237e-06,9.809998647727424,3.74235379961065e-05,7.629672406688049e-06,4,-2.186053995698045e-06,7.106867627356032e-12,-3.6279798842259016e-08,-3.6320993653287315e-08,2
1.1,0.0,0.0,-1.5737705868103796e-07,29.429996919778645,5.127794859540228e-05,3.4847403304307216e-06,4,-3.279039932958111e-06,0.0,1.3587523332811633e-06,19.619996917857414,5.247575105410152e-05,5.349210937575631e-06,8,-2.2122493041065727e-06,0.0,2.4772704963550573e-06,9.809998458727758,3.9686922119080935e-05,8.091116891822196e-06,4,-2.1860542073967593e-06,8.076560397880978e-12,-4.35208538769492e-08,-4.356424561195358e-08,2
1.105,0.0,0.0,-1.6368076929581824e-07,29.42999649002469,5.443274381877208e-05,3.699133558321836e-06,4,-3.279039889728802e-06,0.0,1.428213884357248e-06,19.619996488077145,5.567866525385819e-05,5.675705934778684e-06,8,-2.2124881665711027e-06,0.0,2.6052661567514003e-06,9.809998243831284,4.210499904921536e-05,8.584099202197471e-06,4,-2.186054430378115e-06,9.182335424980273e-12,-5.1773361144274826e-08,-5.181906134736255e-08,2
1.11,0.0,0.0,-1.7025192370948424e-07,29.429996001030588,5.78043947494539e-05,3.928263853479945e-06,4,-3.2790398405632692e-06,0.0,1.5016584740709546e-06,19.6199959990518,5.910071176018292e-05,6.024538614894636e-06,8,-2.2127712557759582e-06,0.0,2.7407024420670537e-06,9.809997999312507,4.46886642298477e-05,9.110840640941929e-06,4,-2.186054665162529e-06,1.0448480391629835e-11,-6.117635047055408e-08,-6.12244687407217e-08,2
1.115,0.0,0.0,-1.7710502035576992e-07,29.429995444119747,6.140773078391506e-05,4.173138993549155e-06,4,-3.2790397846114983e-06,0.0,1.5793322897473496e-06,19.619995442102855,6.275693049693217e-05,6.397242107636895e-06,8,-2.21310473412506e-06,0.0,2.884047398499626e-06,9.809997720836435,4.7449371491613844e-05,9.673676353834696e-06,4,-2.1860549123398076e-06,1.1892174000734296e-11,-7.188912254220676e-08,-7.193979629486666e-08,2
1.12,0.0,0.0,-1.84256097512047e-07,29.42999480920707,6.525820556324684e-05,4.43480917929561e-06,4,-3.279039720870819e-06,0.0,1.6614951184521415e-06,19.619994807148544,6.666302885714918e-05,6.795417584194315e-06,8,-2.213495620469186e-06,0.0,3.0357955588035717e-06,9.809997403352458,5.0399111318700585e-05,1.0275050898887546e-05,4,-2.186055172610779e-06,1.3555578081876808e-11,-8.409433716606836e-08,-8.414766652113289e-08,2
1.125,0.0,0.0,-1.9172302361695498e-07,29.429994084751073,6.937175081853245e-05,4.714357102400975e-06,4,-3.279039648175497e-06,0.0,1.7484203445933641e-06,19.61999408264457,7.083524102771849e-05,7.220719917584261e-06,8,-2.213951916830992e-06,0.0,3.1964679827122343e-06,9.809997041097702,5.355030674411941e-05,1.0917497022634643e-05,4,-2.186055446530555e-06,1.546772407897291e-11,-9.80017853222824e-08,-9.805788342035956e-08,2
1.1300000000000001,0.0,0.0,-1.9952586537562089e-07,29.42999325720975,7.376461199061108e-05,5.012886774789882e-06,4,-3.2790395652071425e-06,0.0,1.8403946921202486e-06,19.619993255042736,7.529017486937432e-05,7.67484207468045e-06,8,-2.2144827549683277e-06,0.0,3.366611836483607e-06,9.809996627293497,5.691570727059019e-05,1.1603614034328736e-05,4,-2.1860557345987353e-06,1.7659616968386713e-11,-1.1385273939292212e-07,-1.1391174179357549e-07,2
1.135,0.0,0.0,-2.076873271068574e-07,29.429992310904296,7.845306563973565e-05,5.33150432463195e-06,4,-3.279039470394096e-06,0.0,1.9377176293385857e-06,19.619992308667555,8.00445489592022e-05,8.15948831170956e-06,8,-2.2150985668975554e-06,0.0,3.5467992663988697e-06,9.809996154108786,6.050820559852711e-05,1.2336030442414406e-05,4,-2.1860560374606375e-06,2.020025977563391e-11,-1.319250217701904e-07,-1.319870315309825e-07,2
1.1400000000000001,0.0,0.0,-2.1623331180702932e-07,29.42999122746558,8.345303970488841e-05,5.67129219032901e-06,4,-3.279039361911429e-06,0.0,2.0407003268566166e-06,19.619991225147718,8.511482401734039e-05,8.676336603886485e-06,8,-2.215811283172442e-06,0.0,3.7376254536131793e-06,9.809995612349057,6.434056662275453e-05,1.311734870538802e-05,4,-2.1860563556228008e-06,2.3119200420381094e-11,-1.5253908997460682e-07,-1.5260420719191328e-07,2
1.145,0.0,0.0,-2.2519359871861528e-07,29.429989985629927,8.877956885211796e-05,6.03327210749764e-06,4,-3.2790392376635946e-06,0.0,2.149664032612938e-06,19.61998998321666,9.051668762511101e-05,9.22698612002767e-06,8,-2.2166345640325935e-06,0.0,3.939705461579028e-06,9.809994991393895,6.842506074099255e-05,1.3950070474250078e-05,4,-2.186056689543192e-06,2.649553341134861e-11,-1.76065034077205e-07,-1.7613333860936796e-07,2
1.1500000000000001,0.0,0.0,-8.890201485093325e-08,29.429969891115842,0.00045379093966252534,3.0838695475493044e-05,4,-3.2790388181311303e-06,0.0,1.9944535178187166e-06,19.619969660074712,0.0004914191830277141,5.009377603959483e-05,8,-2.217592962365511e-06,0.0,3.97679302289496e-06,9.809984947394177,0.00041044773874410775,8.367958583935132e-05,4,-2.1860567625542338e-06,3.142863143953028e-10,-2.128716004932305e-07,-2.1265808134011602e-07,2
1.155,0.0,0.0,2.3471383125865865e-08,29.429873886518216,0.001647519484017262,0.00011196238831128586,4,-3.279032822961492e-06,0.0,1.7806100464403245e-06,19.619873954148904,0.0016227355765808086,0.00016541753330047852,8,-2.2191192739703935e-06,0.0,3.428576977304087e-06,9.809936946450875,0.0011889186988759295,0.00024239069126862572,4,-2.1860513315097307e-06,1.7201119245409867e-09,-4.2756103081555395e-07,-4.259761145630028e-07,2
1.16,0.0,0.0,-2.8565508492137654e-07,29.42995982355968,0.0005894456754394596,4.005752498293174e-05,4,-3.2790302339630317e-06,0.0,1.5843026839495092e-06,19.61996040268757,0.0005415378486729474,5.5202746341808794e-05,8,-2.221971516606913e-06,0.0,3.673229926905641e-06,9.809979911149252,0.0003687576938260506,7.518011191989284e-05,4,-2.186049589771033e-06,-9.615785415921041e-10,-6.599689468174295e-07,-6.611240725386371e-07,2
1.165,0.0,0.0,-3.168943431699479e-07,29.430006266537376,0.00017919486012758407,1.217769772148047e-05,4,-3.279037622351544e-06,0.0,1.407454242572875e-06,19.620005876172915,0.00017300780479170518,1.763585657248051e-05,8,-2.2253144170911177e-06,0.0,3.5573027833748776e-06,9.810003131329033,0.0001262367539101449,2.5736333051107332e-05,4,-2.186057959596699e-06,-1.1255965465476838e-09,-6.633022945472685e-07,-6.646196254257822e-07,2
1.17,0.0,0.0,-2.0286124070530454e-07,29.429967039894493,0.00026372209247497487,1.7922010725834665e-05,4,-3.279038369063264e-06,0.0,1.2426483731591124e-06,19.619966983752352,0.0002733263786332683,2.786206305643784e-05,8,-2.2287026060496817e-06,0.0,3.0571656844487303e-06,9.809983518700442,0.00021418497632523094,4.366673520234511e-05,4,-2.1860596432499158e-06,4.113513721644889e-10,-7.07211306509653e-07,-7.069874610855889e-07,2
1.175,0.0,0.0,-2.2689705402191974e-07,29.42999244775291,0.00013216738577842362,8.981815813446809e-06,4,-3.279037738990881e-06,0.0,1.0981057267526344e-06,19.619992615919962,0.00012158284833503,1.2393771059462665e-05,8,-2.2324224992695263e-06,0.0,2.826848721165015e-06,9.809996221799121,8.063317537952745e-05,1.643898194381559e-05,4,-2.1860599728196206e-06,-2.930497110757247e-10,-7.653975136017345e-07,-7.658851403495141e-07,2
1.18,0.0,0.0,-2.1938745547299282e-07,29.430006907481285,0.00014915737654622868,1.01364146474809e-05,4,-3.279039957906904e-06,0.0,9.66286751863791e-07,19.6200067979998,0.00014976087743936338,1.5266139199771436e-05,8,-2.2362334080663904e-06,0.0,2.5906713384847273e-06,9.810003450934685,0.0001114880512820075,2.2729462194304336e-05,4,-2.1860631507220063e-06,-3.4659700878273744e-10,-7.551087915460721e-07,-7.556428944212427e-07,2
1.185,0.0,0.0,-2.3176321172319168e-07,29.429998278615827,9.473533848433409e-05,6.438011826400267e-06,4,-3.2790402970904464e-06,0.0,9.536319957406345e-07,19.619998301700903,0.0001181950691580421,1.2048428072269047e-05,8,-2.2399931535674322e-06,0.0,2.292190054507999e-06,9.809999137231273,9.569694321019749e-05,1.9510081881048265e-05,4,-2.1860644035323618e-06,8.001731774916702e-11,-7.533346382631201e-07,-7.534332631885902e-07,2
1.19,0.0,0.0,-5.095338294920579e-07,29.430126369538215,0.001444448274861252,9.816120099003955e-05,4,-3.279044359476291e-06,0.0,1.2636584525821453e-06,19.620126866937188,0.0014578697185988697,0.000148609611801807,8,-2.2435630936332163e-06,0.0,2.9270442934427388e-06,9.810063174330208,0.0011006235249136436,0.0002243866334711529,4,-2.1860693482783633e-06,-2.1224406085100045e-09,-6.234979236274975e-07,-6.257878874410918e-07,2
1.195,0.0,0.0,-2.806272713053636e-07,29.43007856242438,0.0009525094964171223,6.473034004287461e-05,4,-3.2790527226718436e-06,0.0,1.4990947131279112e-06,19.620077469613115,0.0008850873566409206,9.02226158904533e-05,8,-2.2457312358892256e-06,0.0,3.039735778587358e-06,9.810039276371128,0.0006083979675756857,0.00012403578628703322,4,-2.1860783697494335e-06,1.3461400003541237e-10,-2.9115062361674845e-07,-2.9111462423140793e-07,2
1.2,0.0,0.0,7.294285964738818e-08,29.42993557050346,0.0007217641395732494,4.904965815124971e-05,4,-3.2790429437233592e-06,0.0,1.3890921599779535e-06,19.619935612908414,0.0007381001317337222,7.523981182161566e-05,8,-2.2471187296271844e-06,0.0,2.7181902902642017e-06,9.809967788345963,0.0005759206392546999,0.00011741539863951064,4,-2.1860690396294236e-06,2.51906836732337e-09,-3.1442236944447275e-07,-3.11996084637094e-07,2
1.205,0.0,0.0,9.82954419885133e-08,29.429849303785804,0.0015015516813690574,0.00010204277064890715,4,-3.2790307010997777e-06,0.0,1.2312715076281097e-06,19.619849688710115,0.0014577925882597147,0.00014860384879488396,8,-2.2493924763319906e-06,0.0,2.3341262507255137e-06,9.809924656374031,0.0010496183634284694,0.00021399111617977133,4,-2.1860573687151885e-06,2.1115419462699086e-09,-6.130606309142808e-07,-6.110927333732686e-07,2
1.21,0.0,0.0,-2.3925287569065693e-07,29.429960578491617,0.00038792063581069894,2.6362293947087658e-05,4,-3.279028831931763e-06,0.0,1.0631232436407937e-06,19.619961163289304,0.00034327856033906245,3.4992786935925975e-05,8,-2.2532553041118564e-06,0.0,2.657916948542775e-06,9.809980287174477,0.00022364046983754286,4.5594478947104386e-05,4,-2.1860563958475687e-06,-1.3315039265830256e-09,-8.675972284033664e-07,-8.691317822494929e-07,2
1.215,0.0,0.0,-3.1452935561440153e-07,29.43000963716552,0.00025475743090753506,1.731276571420596e-05,4,-3.279037535389856e-06,0.0,9.466306445685092e-07,19.620009213678998,0.0002477476807986369,2.5254593726276964e-05,8,-2.2576189156950366e-06,0.0,2.618801096935958e-06,9.810004816210437,0.00017284579464921042,3.523867681768988e-05,4,-2.186066126716457e-06,-1.2645462254216402e-09,-8.64310675303032e-07,-8.65775641108051e-07,2
1.22,0.0,0.0,-5.422704327194845e-07,29.43009381007199,0.0011634832025398537,7.906758368141319e-05,4,-3.2790419414452376e-06,0.0,1.3255610685647705e-06,19.62009450090014,0.0011845072444319955,0.00012074429553615575,8,-2.26184770208554e-06,0.0,3.0277941634727072e-06,9.810046893747026,0.0009062651439703701,0.00018476265277549858,4,-2.1860715120058938e-06,-1.675382609001389e-09,-7.936809805071557e-07,-7.95548307554277e-07,2
1.225,0.0,0.0,-3.7740323042364845e-07,29.4301206527345,0.0011292648734931147,7.674211647434676e-05,4,-3.2790529603324292e-06,0.0,1.5908850220552875e-06,19.62011953398527,0.0010635647131253608,0.00010841572206357785,8,-2.2648683670953296e-06,0.0,3.36569574540953e-06,9.810060319538639,0.0007406531196548459,0.00015099868818944803,4,-2.186083338635847e-06,-1.002077072787358e-09,-4.309729874803109e-07,-4.3210235718908373e-07,2
1.23,0.0,0.0,1.0427967689330343e-07,29.429917750528634,0.000798390252367649,5.425704951916204e-05,4,-3.2790448284344964e-06,0.0,1.447951680230934e-06,19.61991737383034,0.0008291015242974696,8.451631151141862e-05,8,-2.266761955992125e-06,0.0,2.864298462521478e-06,9.809958879475113,0.0006597690276082804,0.00013451004957598387,4,-2.18607575900448e-06,3.18155078335954e-09,-4.0746700706530484e-07,-4.043937212349459e-07,2
1.235,0.0,0.0,1.306082176746099e-07,29.429796315286072,0.0017202446260421334,0.00011690496309338196,4,-3.2790271168349483e-06,0.0,1.273686271796943e-06,19.619797030963685,0.001663424359394033,0.00016956590904267156,8,-2.2697929625628555e-06,0.0,2.36248945140561e-06,9.809898163618728,0.001192309484658736,0.00024308294842051868,4,-2.186058728467777e-06,2.9415832339726087e-09,-8.275334168732669e-07,-8.247666921065533e-07,2
1.24,0.0,0.0,-2.9184888119176707e-07,29.429962410106448,0.00033899299730225145,2.3037270151988978e-05,4,-3.2790257428819136e-06,0.0,1.0787156828569833e-06,19.61996312412063,0.0002811670938875656,2.8661327456003314e-05,8,-2.2749410230823996e-06,0.0,2.782186172149868e-06,9.809981201578417,0.0001661932581051422,3.388248248190361e-05,4,-2.1860584460825505e-06,-2.064413603975281e-09,-1.1405955396386511e-06,-1.1429055622473139e-06,2
1.245,0.0,0.0,-5.601584173675422e-07,29.430041342894427,0.0007665608000612497,5.2093763045040894e-05,4,-3.279037930264961e-06,0.0,1.280267070508806e-06,19.62004109220444,0.0007806556010567377,7.957736657003362e-05,8,-2.280596617616759e-06,0.0,2.972812591160701e-06,9.81002066076952,0.0006067446340119983,0.00012369895130565482,4,-2.1860718595820283e-06,-1.9182628515860634e-09,-1.1023838044865907e-06,-1.104540987668361e-06,2
1.25,0.0,0.0,-6.365084840467239e-07,29.430189314033704,0.0015900232887993803,0.00010805389471559955,4,-3.279050287064572e-06,0.0,1.5617929529959982e-06,19.620189060459243,0.0015482532921966292,0.00015782246413892506,8,-2.285444031156769e-06,0.0,3.7044548021853046e-06,9.810094644226277,0.001118029593751912,0.0002279345173106821,4,-2.1860853279265235e-06,-2.9489407150865925e-09,-7.880706831005122e-07,-7.912136167049042e-07,2
1.2550000000000001,0.0,0.0,-2.0499944870663917e-07,29.430010155304476,0.0002499073503768462,1.6983164399744713e-05,4,-3.2790530446191735e-06,0.0,1.7675267781743843e-06,19.62000915831857,0.00019096846454267981,1.9466704933897774e-05,8,-2.288420100977906e-06,0.0,3.5010513754244657e-06,9.810005072008009,0.00010048321859527028,2.0485864759028587e-05,4,-2.1860888596361705e-06,2.19661289921865e-09,-5.01788359416517e-07,-4.997244884467445e-07,2
1.26,0.0,0.0,1.9663950447229715e-07,29.429822436020025,0.0015337301194694457,0.00010422965499052881,4,-3.2790364628311475e-06,0.0,1.4968968557287384e-06,19.6198222421411,0.0015311569027608505,0.00015608264783073346,8,-2.2913184491504812e-06,0.0,2.8222256255873885e-06,9.809911226610188,0.0011463174963520395,0.00023370598772444738,4,-2.186072971310793e-06,3.8850195124059044e-09,-7.167838172306327e-07,-7.130535287333361e-07,2
1.2650000000000001,0.0,0.0,-2.4867885561123892e-08,29.429803534862902,0.0013851759304112038,9.413422884527975e-05,4,-3.279020435901364e-06,0.0,1.2830869175144738e-06,19.61980469467299,0.0013139065142454894,0.0001339367577499108,8,-2.296350947221526e-06,0.0,2.627520376818504e-06,9.809901770504466,0.0009224450177776563,0.00018806406819509271,4,-2.186057950298581e-06,1.3876105589890248e-09,-1.2654779065062355e-06,-1.2643385862577783e-06,2
1.27,0.0,0.0,-4.231335110839529e-07,29.429997588382747,0.00021373151917450145,1.4524739156544833e-05,4,-3.2790273344247833e-06,0.0,1.0395488115869137e-06,19.619997807040605,0.00018027033457359036,1.8376182948287655e-05,8,-2.3034541512881312e-06,0.0,3.0023870777095526e-06,9.80999878709484,9.590624082418854e-05,1.9552752840368186e-05,4,-2.1860662589995306e-06,-3.019030754192556e-09,-1.4845385815747299e-06,-1.487854889776912e-06,2
1.2750000000000001,0.0,0.0,-8.105599116684458e-07,29.430142572356733,0.0014474258819233237,9.836349778902314e-05,4,-3.2790415797206984e-06,0.0,1.4762645356718068e-06,19.620143106615078,0.0014533539505954263,0.00014814916921838527,8,-2.310650943464221e-06,0.0,3.634993254870579e-06,9.810071268395582,0.0010957062439911438,0.0002233839518620224,4,-2.186081952383623e-06,-3.2429547446536737e-09,-1.348575102192013e-06,-1.3520977584270779e-06,2
1.28,0.0,0.0,-5.84642971003635e-07,29.430185025198075,0.0013131771936311057,8.924015887136052e-05,4,-3.2790586793063348e-06,0.0,1.7667891805575189e-06,19.620183514310156,0.0012339816924087671,0.00012578696743674713,8,-2.316017709093343e-06,0.0,3.996255392293843e-06,9.810092501404107,0.0008563776050349503,0.00017459113762941135,4,-2.186100242815292e-06,-1.6537652002494393e-09,-8.190366542473358e-07,-8.208832096727006e-07,2
1.285,0.0,0.0,-2.1105653703934102e-07,29.42992694071028,0.00031031779391712855,2.1088587446533372e-05,4,-3.2790484775536977e-06,0.0,2.0969052033382983e-06,19.619926854437132,0.00029450072507753073,3.0020573191987015e-05,8,-2.319623378592428e-06,0.0,3.7003725867225585e-06,9.80996346892482,0.0001899324635424761,3.872235898617324e-05,4,-2.1860908737403317e-06,4.054099400718399e-09,-7.342966261816473e-07,-7.304052289393395e-07,2
1.29,0.0,0.0,8.212137398751574e-08,29.429869471122164,0.0011837192886342668,8.0443393729339e-05,4,-3.2790345751397554e-06,0.0,1.7182266840931814e-06,19.619869208422113,0.0011892443661755984,0.00012122857227458968,8,-2.3238513173692854e-06,0.0,3.4518181205283413e-06,9.809934742561364,0.0009023209659586582,0.0001839606459447381,4,-2.186077890327376e-06,2.0392664744402674e-09,-9.567885105090832e-07,-9.549487948940328e-07,2
1.295,0.0,0.0,1.8271547180818526e-08,29.429737883683984,0.0015525694173157316,0.00010551024432850862,4,-3.2790200782777112e-06,0.0,1.4537179396716147e-06,19.61973851164464,0.0015035468369490837,0.00015326879469435372,8,-2.3299751830685445e-06,0.0,2.9000272889359664e-06,9.809868946877497,0.0010826978590432934,0.0002207364573178969,4,-2.186064572376467e-06,2.743327019416228e-09,-1.514834722673237e-06,-1.512370483972052e-06,2
1.3,0.0,0.0,-4.2978235403680585e-07,29.42991974538166,0.00043803245359670277,2.9767832014930434e-05,4,-3.2790196188361986e-06,0.0,1.1330241692259879e-06,19.61992053934113,0.0003719239733086364,3.7912892925623055e-05,8,-2.3389189540770627e-06,0.0,3.0998793094907065e-06,9.809959866241844,0.00022004705842905181,4.4861969147555945e-05,4,-2.186065739422094e-06,-2.3499245366490984e-09,-1.9586265241036305e-06,-1.9613320969253205e-06,2
1.305,0.0,0.0,-8.136000819736938e-07,29.43002765879242,0.0007100177646770879,4.8251246849573743e-05,4,-3.2790343043077874e-06,0.0,1.2959158079231266e-06,19.62002740745028,0.0007262397360243772,7.403045071676133e-05,8,-2.3488545254635174e-06,0.0,3.2588900236148254e-06,9.810013814135385,0.0005738772129641593,0.00011699824767570698,4,-2.1860822151179016e-06,-2.446231306763395e-09,-1.983036568842041e-06,-1.9858362437391963e-06,2
1.31,0.0,0.0,-9.68947872605288e-07,29.430289830840685,0.0017296316495091155,0.00011754091851970783,4,-3.2790529573070715e-06,0.0,1.5794807882436233e-06,19.620289724003342,0.0016921851850372832,0.00017249339422007354,8,-2.3579402635490188e-06,0.0,4.163318914608372e-06,9.810144895178595,0.0012306171714606099,0.00025088664532680303,4,-2.1861025491093367e-06,-4.978208609252393e-09,-1.5588995978326373e-06,-1.5641803210103932e-06,2
1.315,0.0,0.0,-4.5988835348989583e-07,29.430076306885283,0.0006134216139721526,4.168671583285295e-05,4,-3.2790624909379007e-06,0.0,1.9052481690716286e-06,19.620074572301622,0.0005277097420290897,5.379283754344918e-05,8,-2.3640548018830088e-06,0.0,3.9153975931555244e-06,9.810038146393994,0.0003261301107899688,6.648906067910628e-05,4,-2.186113316544891e-06,2.1780721445093426e-09,-1.0201191162415762e-06,-1.0181476921703833e-06,2
1.32,0.0,0.0,-2.805396356181779e-07,29.42989501345283,0.0004133263400206331,2.8088876282548455e-05,4,-3.2790414304026405e-06,0.0,2.2450309758612075e-06,19.61989586794836,0.0003987623720151934,4.0648775579550684e-05,8,-2.3693610374311835e-06,0.0,3.898381122817405e-06,9.809947505325,0.0002752724626032609,5.612108779457555e-05,4,-2.1860932818557055e-06,3.872028926021528e-09,-1.1570796772735385e-06,-1.1534270022776444e-06,2
1.325,0.0,0.0,-4.792953964063119e-07,29.42998792150196,0.00019501864246141882,1.3253056235129167e-05,4,-3.279035131628638e-06,0.0,2.5392971740295357e-06,19.619988339962116,0.00023060239841794813,2.35068843489836e-05,8,-2.375625950644389e-06,0.0,4.658229669895988e-06,9.809993954186451,0.0002040087800521301,4.159202972088859e-05,4,-2.186088191927227e-06,-6.354960765623619e-10,-1.2970065534106028e-06,-1.297898661973977e-06,2
1.33,0.0,0.0,-5.493426620678574e-07,29.429952909700265,0.00018675723694023175,1.2691643613107895e-05,4,-3.2790376364444374e-06,0.0,2.7832961732959166e-06,19.619952438780075,0.00018337431945744342,1.869263649130897e-05,8,-2.382176266711722e-06,0.0,5.20221675716204e-06,9.809976448578835,0.00013177067707339216,2.6864626589900058e-05,4,-2.1860920102964587e-06,3.141757299648017e-10,-1.3403685650497277e-06,-1.3403224577205702e-06,2
1.335,0.0,0.0,-2.3901164235539834e-07,29.429866094149226,0.0009435440918437591,6.412153482623826e-05,4,-3.2790326473033926e-06,0.0,2.33502323447768e-06,19.619865536025056,0.0009885157025361958,0.00010076681725683906,8,-2.3893813820771714e-06,0.0,5.067688018855883e-06,9.80993305152937,0.0007941191855522736,0.00016190104078813672,4,-2.186088444162959e-06,1.4288407999881368e-09,-1.5559855481568532e-06,-1.5548550563774611e-06,2
1.34,0.0,0.0,-3.920720661269107e-08,29.42960358066931,0.0021014309489767835,0.00014281068674381318,4,-3.2790143731954713e-06,0.0,1.8904588854299922e-06,19.619603836235775,0.002065162994261364,0.00021052035622117708,8,-2.3987927509350193e-06,0.0,3.8445235619022515e-06,9.809801801222271,0.0015177620129410228,0.0003094378548508318,4,-2.186071827288416e-06,4.797117574372919e-09,-2.280094129395912e-06,-2.2756750455915997e-06,2
1.345,0.0,0.0,-5.042073835945912e-07,29.429777073506322,0.001055285256158958,7.171547739034431e-05,4,-3.279004770376931e-06,0.0,1.3614037945291131e-06,19.619778543800305,0.0009605594475773327,9.791746073309904e-05,8,-2.412607888864493e-06,0.0,3.4879674454821297e-06,9.809888531201409,0.0006389379313061073,0.00013026405535065895,4,-2.1860644352084124e-06,-1.582876969852634e-09,-3.1183328348192343e-06,-3.120407232428827e-06,2
1.35,0.0,0.0,-9.232075082234888e-07,29.43001433065733,0.00057253973037235,3.890855940059355e-05,4,-3.2790242431128547e-06,0.0,7.849273450875246e-07,19.620014127405426,0.0005321765644390342,5.424833651833969e-05,8,-2.4289531608337467e-06,0.0,3.322118756769883e-06,9.810007146463551,0.00034711579837687286,7.076769531243532e-05,4,-2.186086456794356e-06,-4.580653506192446e-09,-3.3207732529978633e-06,-3.3258635470769053e-06,2
1.355,0.0,0.0,-9.299588778750379e-07,29.430067783305518,0.0005613091477858108,3.814528406245933e-05,4,-3.2790409994522263e-06,0.0,2.6643496751340054e-07,19.62006729671957,0.0005572344534052527,5.680250174253184e-05,8,-2.4452567861099617e-06,0.0,2.6565203297557095e-06,9.810033872988292,0.000404105263239854,8.23861096652375e-05,4,-2.186105644501335e-06,-2.0723557233818593e-09,-3.1944441125147023e-06,-3.196976999112403e-06,2
1.36,0.0,0.0,4.853431279910999e-07,29.441855059355483,0.005673614565469982,0.00038541148674442146,4,-3.2794061573492017e-06,0.0,5.961476212784634e-07,19.631477378480493,0.005887299773181726,0.0005997816322917427,8,-2.4822748202132927e-06,0.0,1.8250866380776682e-06,9.815927650897565,0.005283727723271017,0.0010765620756766426,4,-2.1864718902295244e-06,-5.214227953635137e-07,6.554590513788245e-06,6.033380318284233e-06,2
1.365,0.0,0.0,-8.038124139943204e-07,29.469412880310742,0.013540988160974429,0.0009189859476312474,4,-3.2784363646343184e-06,0.0,5.867316729337512e-07,19.66062706106375,0.01818767064466508,0.0018501618069633459,8,-2.4830563702185615e-06,0.0,1.9530467596512837e-06,9.829706852976942,0.01809935784246912,0.003682583440825135,4,-2.185501013461655e-06,-3.541202045757259e-07,-7.402937706212822e-06,-7.756897581583965e-06,2
1.37,0.0,0.0,-7.041479943835649e-07,29.454144927872292,0.013237959899886876,0.00089888604352998,4,-3.278876885934312e-06,0.0,-1.3839151782185855e-07,19.644367279714135,0.015277422162700003,0.0015553997688157986,8,-2.4871123977879273e-06,0.0,-1.8744607887596878e-06,9.822072743211148,0.013504496493230099,0.0027498262019214183,4,-2.1859406972302153e-06,-5.529354451304874e-07,2.537312288244594e-06,1.984558668757987e-06,2
1.375,0.0,0.0,-7.278026754683541e-07,29.439407959665832,0.011619776552375696,0.00078940286899082,4,-3.2792432053362075e-06,0.0,-1.5156319806863458e-06,19.62914027205355,0.011861816923847116,0.0012085926086875085,8,-2.481107412410921e-06,0.0,-5.205190278417397e-06,9.814704136274887,0.009214257012191498,0.0018776433572023526,4,-2.1863062464322347e-06,-4.1196519262189983e-07,8.255082153005618e-06,7.843268413888127e-06,2
1.3800000000000001,0.0,0.0,-8.237076798575256e-07,29.431461071943946,0.009266436649618773,0.0006296959995949481,4,-3.2794152871676308e-06,0.0,-2.9270768381852507e-06,19.621148044878993,0.008886154186997832,0.0009057731144653452,8,-2.472035472288192e-06,0.0,-7.294877028238856e-06,9.810730619839635,0.006342514017079156,0.0012929748584173907,4,-2.186477694100797e-06,-1.7947164178879822e-07,9.570796891117379e-06,9.391442165084773e-06,2
1.385,0.0,0.0,-3.9207544957269127e-07,29.427343004318292,0.007318944460037595,0.0004974247562182954,4,-3.2794563879258443e-06,0.0,-3.981084017198086e-06,19.617117955105286,0.006792112942744191,0.0006924679719302568,8,-2.4611465696613988e-06,0.0,-9.223125526916218e-06,9.808671546031643,0.0045865642718976056,0.0009352060063124901,4,-2.1865179405528012e-06,1.1845571473133941e-08,9.328951911599087e-06,9.340938804544973e-06,2
1.3900000000000001,0.0,0.0,-1.2652643898669354e-07,29.428296861755243,0.005915791070762964,0.0004020478044348584,4,-3.2794259876636755e-06,0.0,-4.402931541106064e-06,19.61806703109334,0.005444497793264971,0.000555049361859739,8,-2.4544191501649215e-06,0.0,-9.551462556260605e-06,9.809148471235423,0.0036603051269898,0.0007463043581659234,4,-2.1864864978363152e-06,-2.612118251024212e-08,9.304769524648407e-06,9.27887478549868e-06,2
1.395,0.0,0.0,-2.1616533824735804e-06,29.45084540778572,0.006780038229842143,0.0004604308050219672,4,-3.278765792012056e-06,0.0,-4.0888962921884365e-06,19.640852170768415,0.00792891524915231,0.000807390145826051,8,-2.4610767328792083e-06,0.0,-3.353006078977117e-06,9.820422899940334,0.007454048749628444,0.001518070825579972,4,-2.185825487228954e-06,-6.48764866974095e-07,3.525938792461086e-06,2.8774644730219146e-06,2
1.4000000000000001,0.0,0.0,8.688148769931956e-07,29.426527517508383,0.0018687792929348225,0.00012701323945361371,4,-3.2791503527321297e-06,0.0,-4.52076112174922e-06,19.616548407596472,0.0017398229995556392,0.0001773831933534134,8,-2.421278965054896e-06,0.0,-9.33737226449261e-06,9.808263761052977,0.0011386532016797353,0.00023218241870720123,4,-2.1862082196025256e-06,1.406303686191981e-07,5.0110893974803885e-06,5.152004765209234e-06,2
1.405,0.0,0.0,-6.80380560015745e-07,29.429900947606445,0.002307193401394115,0.00015679246800738965,4,-3.2789140756682433e-06,0.0,-3.3217587481616194e-06,19.61991497102995,0.0023695898793332356,0.00024154945450396555,8,-2.410119101431407e-06,0.0,-5.203012266613892e-06,9.809950445584368,0.0018411646446085967,0.00037536675742074464,4,-2.1859711213795263e-06,-1.8499193681710057e-08,1.1914129846537314e-06,1.173038785553377e-06,2
1.41,0.0,0.0,1.3668655084673616e-07,29.430267311590462,0.002191692887368953,0.00014894141899321473,4,-3.279034826074445e-06,0.0,-2.324938456931458e-06,19.620260389851406,0.0019485996600665818,0.000198631376072307,8,-2.4021941437621375e-06,0.0,-4.069158601674308e-06,9.810133640160503,0.0012563753171403445,0.0002561382674741603,4,-2.186090800021523e-06,-1.396966431146486e-08,1.973355582398842e-06,1.959693528403268e-06,2
1.415,0.0,0.0,1.1254103199025531e-06,29.429706392356472,0.001000711492745268,6.80068961207968e-05,4,-3.279036182416567e-06,0.0,-1.3562247262881423e-06,19.619705693001052,0.0009643981723459582,9.830913750046602e-05,8,-2.392235158459044e-06,0.0,-4.503627431761795e-06,9.80985320408017,0.0006523570463081765,0.0001330003686572689,4,-2.1860904271808757e-06,6.679441843714596e-09,1.7861018713582842e-06,1.793118631133812e-06,2
1.42,0.0,0.0,7.172683224904132e-07,29.429788878980418,0.0007054158801102383,4.79389018392902e-05,4,-3.2790142542767076e-06,0.0,-5.249308286786344e-07,19.61979056430843,0.0007300545846013426,7.442022199048647e-05,8,-2.385332826086717e-06,0.0,-3.023172766881412e-06,9.809894440723152,0.0005756388228514899,0.00011735882100053582,4,-2.1860671483575622e-06,6.23006699650641e-10,1.0670524568025894e-06,1.0678803960882566e-06,2
1.425,0.0,0.0,1.0026313398984785e-07,29.4299417959523,0.0003569226762234589,2.4255751417935114e-05,4,-3.279024030810457e-06,0.0,6.610231087039904e-08,19.619941524087064,0.00042724012878719793,4.3551621014026224e-05,8,-2.38086161200024e-06,0.0,-9.406885499721326e-07,9.809970891101736,0.0003986969463283055,8.128402229815969e-05,4,-2.186076159510497e-06,-2.6455370151454833e-09,7.920968623118334e-07,7.895696316480753e-07,2
1.43,0.0,0.0,-6.6172164407459e-08,29.429888689785578,0.00034273194820196723,2.3291419944848208e-05,4,-3.2790303384766517e-06,0.0,5.062218512057366e-07,19.61988811715445,0.00035156291759177554,3.5837402893688276e-05,8,-2.3773283153796787e-06,0.0,3.5728515650802447e-07,9.809944341829508,0.0002731306113439696,5.5684436491518776e-05,4,-2.1860819955851762e-06,2.0272026555100356e-10,6.025945492733415e-07,6.028704639631969e-07,2
1.435,0.0,0.0,-9.661040751371607e-08,29.42983642338723,0.0005253080773983488,3.569901441795975e-05,4,-3.2790254965789356e-06,0.0,9.087605960167958e-07,19.619836627001277,0.0005279938543672991,5.382245167532757e-05,8,-2.3752423624831542e-06,0.0,1.154161912481759e-06,9.809918212375877,0.00039276046361386163,8.007415660578447e-05,4,-2.186076939976467e-06,1.0196837375344596e-09,2.3174824364977914e-07,2.3277954742425148e-07,2
1.44,0.0,0.0,-2.060514675665772e-07,29.429878275253564,0.000407502199628848,2.769309446797819e-05,4,-3.2790242467661823e-06,0.0,1.2702319111104001e-06,19.619878509272212,0.0004141316757630194,4.2215518874625423e-05,8,-2.375081368154175e-06,0.0,1.9632929392931965e-06,9.809939136711247,0.00031336294732822495,6.388682803454762e-05,4,-2.1860758117608903e-06,-4.4422543501544476e-10,-1.2989046507907166e-07,-1.303894795802548e-07,2
1.445,0.0,0.0,-3.0716488503313555e-07,29.429909409714288,0.00026812151443161755,1.822102206968503e-05,4,-3.27902775274988e-06,0.0,1.5852978246246983e-06,19.619909318843824,0.0002803322975491992,2.8576309196287235e-05,8,-2.376424111480424e-06,0.0,2.6883331132956817e-06,9.809954702007348,0.00021748563457406938,4.4339783654570126e-05,4,-2.1860797267680976e-06,-6.738452746022481e-10,-3.8367069923352655e-07,-3.844481893692616e-07,2
1.45,0.0,0.0,-3.7842309905600914e-07,29.42990936091237,0.00024370231950812045,1.6561540609553908e-05,4,-3.2790297131608803e-06,0.0,1.8584050024233257e-06,19.61990928922414,0.0002544905471758582,2.5942071741955733e-05,8,-2.378930083882236e-06,0.0,3.271652796325526e-06,9.809954677226681,0.0001964672858999974,4.005467759317714e-05,4,-2.1860823112770933e-06,-1.6494512680244137e-10,-6.08671609738895e-07,-6.089801767378651e-07,2
1.455,0.0,0.0,-4.545691326626036e-07,29.429913180099064,0.00022865788314353706,1.5539147651863197e-05,4,-3.279030175412645e-06,0.0,2.094621115785032e-06,19.619913192228793,0.0002377973664586303,2.424040964185498e-05,8,-2.3825646170358428e-06,0.0,3.7914198520109105e-06,9.809956586512493,0.00018351030299468027,3.741307137831472e-05,4,-2.186083594077348e-06,-9.370021860722979e-11,-8.323294051779866e-07,-8.326054768576323e-07,2
1.46,0.0,0.0,-5.283890538740913e-07,29.429919676325653,0.0002004667655969653,1.3623330800880645e-05,4,-3.2790308104775623e-06,0.0,2.2979645864491315e-06,19.619919663242065,0.00020835490564594363,2.12391191423986e-05,8,-2.3872770885391414e-06,0.0,4.254845474299263e-06,9.809959834135324,0.00016084103097924594,3.279137401145596e-05,4,-2.186085236062507e-06,-1.347351180856058e-10,-1.0398355644960693e-06,-1.040188241887267e-06,2
1.465,0.0,0.0,-5.906528460205715e-07,29.429920120708125,0.00018678270790042185,1.2693388710151049e-05,4,-3.2790312659083942e-06,0.0,2.472070633052364e-06,19.619920094337726,0.00019319814554597236,1.969408077270702e-05,8,-2.3929990471474594e-06,0.0,4.6440135676069335e-06,9.809960055977893,0.00014833089335144098,3.0240876110612218e-05,4,-2.186086867000947e-06,-4.276110257085501e-11,-1.239092940762429e-06,-1.2393859882690413e-06,2
1.47,0.0,0.0,-6.500629282652545e-07,29.429918814235233,0.0001801939618677253,1.2245630917647355e-05,4,-3.2790312958046186e-06,0.0,2.618786842211077e-06,19.619918804159713,0.0001852863675457915,1.8887577404908328e-05,8,-2.39972240628078e-06,0.0,4.972814059352021e-06,9.809959402410497,0.00014170070017350642,2.8889151190307233e-05,4,-2.186088229903793e-06,1.3038239909045806e-11,-1.4407167117378633e-06,-1.4409848617426381e-06,2
1.475,0.0,0.0,-7.11390519233824e-07,29.429918185437693,0.0001715428197312948,1.1657716385781626e-05,4,-3.279031225020962e-06,0.0,2.738239108261228e-06,19.619918177051343,0.0001755031709427218,1.7890306102091807e-05,8,-2.4074603007795403e-06,0.0,5.2526971085627405e-06,9.809959087589625,0.00013398717958010715,2.7316562359492717e-05,4,-2.1860896435924038e-06,1.3693273714020692e-11,-1.6444689869359513e-06,-1.6447661790014825e-06,2
1.48,0.0,0.0,-7.732961116532086e-07,29.42991662362204,0.00016731841420922783,1.1370634606210813e-05,4,-3.2790311265962213e-06,0.0,2.82991523021427e-06,19.619916610185637,0.00016996477946353903,1.732573923125669e-05,8,-2.416222626679121e-06,0.0,5.481393104439173e-06,9.809958306253929,0.00012930152943896463,2.636128012012729e-05,4,-2.1860911744581157e-06,2.8464945155614218e-11,-1.850776019705755e-06,-1.8510867496110242e-06,2
1.485,0.0,0.0,-8.360581635493159e-07,29.42991423346512,0.00016964416435481564,1.1528689007316994e-05,4,-3.279030930551652e-06,0.0,2.892926425909739e-06,19.61991422159416,0.00017061533285128562,1.7392056960524546e-05,8,-2.4260295005892885e-06,0.0,5.6570325188050606e-06,9.809957110737125,0.0001289772409919059,2.6295169191053577e-05,4,-2.1860927460828905e-06,4.67128461236634e-11,-2.0623201884409e-06,-2.062639828375328e-06,2
1.49,0.0,0.0,-9.010438977895608e-07,29.429912132669724,0.0001746738145202446,1.1870495143364135e-05,4,-3.2790306902855115e-06,0.0,2.925872138604251e-06,19.619912123334508,0.00017377594952322457,1.7714243410555136e-05,8,-2.4369095614831804e-06,0.0,5.7795560963757435e-06,9.80995605984533,0.0001303721408513947,2.6579556535434722e-05,4,-2.186094406463057e-06,4.641790471903069e-11,-2.279609516790313e-06,-2.2799555072083128e-06,2
1.495,0.0,0.0,-9.68787244689724e-07,29.42991076673165,0.0001808051210582926,1.2287167466554434e-05,4,-3.2790304883151267e-06,0.0,2.9269593565753366e-06,19.619910757852736,0.000177939972140338,1.8138713711439153e-05,8,-2.448888146579231e-06,0.0,5.847189571876385e-06,9.809955376296946,0.0001323771624959694,2.6988331224385047e-05,4,-2.1860962318848154e-06,3.363897258433686e-11,-2.5012229697141314e-06,-2.501606381298742e-06,2
1.5,0.0,0.0,-1.0395092411248073e-06,29.429910508982974,0.0001876060836854049,1.2749347887289115e-05,4,-3.2790303727860126e-06,0.0,2.8942648185297857e-06,19.61991050084389,0.00018263231114138483,1.8617038149437986e-05,8,-2.4619813058582296e-06,0.0,5.857428708573782e-06,9.809955246741099,0.00013454192706898157,2.7429671937326497e-05,4,-2.1860982623439495e-06,1.1789702191388386e-11,-2.7249062127425926e-06,-2.7253342786381174e-06,2
1.5050000000000001,0.019000000000000128,-8.15983850002492e-09,-4.13748120252475e-06,29.134317051276277,0.16766470802238453,0.01150977438237494,4,-3.2782647441977064e-06,3.2083667166510605e-08,1.3234774445461735e-05,19.31545623808994,0.202266935669458,0.02094353176815871,6,-2.5205759564966845e-06,8.580940731874063e-08,4.262364175290243e-05,9.662154195466151,0.18460639541690352,0.03821226440445917,4,-2.1853357300080645e-06,1.5055771162076673e-06,-4.4418011791996796e-05,-4.2913205588275855e-05,2
1.51,0.0389999999999997,-2.1448009645798407e-08,1.8130770903281697e-06,29.459022178676697,0.027426440932681408,0.0018620061973770106,4,-3.2764515517126613e-06,1.8481337047528736e-07,4.9083474462751786e-05,19.650121529080625,0.020566559667255672,0.0020932755694990273,6,-2.8671181038983362e-06,4.900718221179373e-07,0.00011825101051439937,9.824509840541921,0.01917004850853575,0.0039024946424153265,4,-2.183528583110661e-06,-6.477600720508302e-07,-9.008308296520777e-05,-9.07331911296884e-05,2
1.5150000000000001,0.05900000000000016,8.737213682865163e-08,4.3063079838435624e-05,28.986749587789973,0.05906119523614417,0.004075047811571284,4,-3.2792603560372058e-06,5.252082908761384e-07,6.521605870327514e-05,19.164298791206818,0.09024757609258707,0.009418301924409098,4,-3.1404536997778343e-06,1.1160320616199406e-06,0.00014813765914984775,9.588375816449778,0.055689131144594804,0.011615967544587637,4,-2.1863607060773615e-06,3.2241698463765003e-06,-9.782996603441535e-05,-9.461154265750662e-05,2
1.52,0.07899999999999974,3.097482351641124e-07,-8.972221572228291e-07,29.499824276864118,0.10248253781819795,0.0069480100529664595,4,-3.2787867690863004e-06,5.156220382829897e-07,-1.8183992224210213e-05,19.68929573068433,0.07710266833765562,0.007831937657119625,4,-4.039984674880648e-06,2.42147733893461e-06,0.00038049421788073374,9.844909141196435,0.04878772823569211,0.009911260233278906,4,-2.1859022002607142e-06,-2.412614837018624e-06,-0.00011508767819177272,-0.00011750457359958873,2
1.5250000000000001,0.0990000000000002,2.099952160472165e-08,-0.0001241521015428979,29.36143379162096,0.0912369784735583,0.006214749533082755,4,-3.2928755092954953e-06,2.83797671048619e-07,-4.03758588876434e-05,19.547592273343653,0.057266875259589546,0.005859225469694528,6,-3.7000618991686607e-06,5.237680809775975e-06,0.0007281858506507916,9.763554464807902,0.04871719880682357,0.00997939817561761,6,-1.8150165402297525e-06,2.555665567814812e-06,0.00021529090281862756,0.000286141154295798,2
1.53,0.11899999999999977,-6.825566900161314e-07,-0.00013830826577192751,29.382988877365076,0.07551371559379554,0.005139961486488998,4,-3.276582653529564e-06,-1.236428787464665e-07,-0.0001479588262283513,19.573809202133244,0.07494123034508748,0.0076572964997451845,6,-3.0861550269697946e-06,9.926899847821988e-06,0.001155212726261815,9.784241370484432,0.04873304194809565,0.009961537149953365,6,-1.6471905921952579e-06,1.3160188535726636e-06,6.0216475116334046e-05,7.225530901606165e-05,2
1.5350000000000001,0.13900000000000023,-1.3981138472013168e-06,-0.00014739175777761998,29.418507836871576,0.0657559356859608,0.004470378718770083,4,-3.276083571635696e-06,-1.1288136551834633e-06,-0.00023989250131868384,19.60855135822453,0.06410751889721891,0.006538730753338381,6,-2.958950115566905e-06,1.7012817174194742e-05,0.0016606311124475826,9.803929057072663,0.04923329072494189,0.010043583636383914,6,-1.625525036359765e-06,-3.843794104362542e-07,5.479829842253537e-06,6.233710118047245e-06,2
1.54,0.1589999999999998,-2.144090925267646e-06,-0.0001475304818955749,29.429494588050947,0.04010989591877227,0.0027258297487078027,4,-3.277908119953682e-06,-2.4083817665705405e-06,-0.0002571123130163537,19.61945620553739,0.04257630232284315,0.004340212274673181,6,-2.9705084278602856e-06,2.668521939890563e-05,0.0021813317217246886,9.809717725096279,0.04893827251774715,0.009977508810992181,6,-1.6260750246091527e-06,-2.957761610268517e-07,-6.0970556301518915e-06,-6.514744816574489e-06,2
1.545,0.17900000000000027,-2.8135742129705957e-06,-0.00011629972445934336,29.431717731698466,0.02155886996354332,0.0014650092910020026,4,-3.2788811383001326e-06,-3.58945570766565e-06,-0.00021040210020851493,19.62168679175018,0.029165667886094808,0.0029727992496911466,6,-2.994844135462138e-06,3.8959512975728096e-05,0.002705899618537348,9.81086759971307,0.049393226507555475,0.010069084309934024,6,-1.6278388819887524e-06,-1.0965643840190722e-07,-3.375136918348617e-06,-3.6240949169663015e-06,2
1.55,0.19899999999999984,-3.2657562412686087e-06,-6.691628981060052e-05,29.430928517415683,0.01705117289837912,0.0011587247672657781,4,-3.2791283860744702e-06,-4.456465388446578e-06,-0.00013910650155473357,19.620917883236707,0.02601171673434726,0.00265142710337426,6,-3.002013929935543e-06,5.397614723589195e-05,0.0032872808989728277,9.810472292591225,0.049190152516803885,0.010028090605577026,6,-1.6285444686264805e-06,-1.1084423351538392e-08,-9.05182287061455e-08,-1.5266538841201978e-07,2
1.555,0.2190000000000003,-3.499299286822748e-06,-3.312740522616379e-05,29.430018099482794,0.033903423352752114,0.002304002888353503,4,-3.279099034199373e-06,-4.988303978666869e-06,-8.17866246289786e-05,19.620016852450117,0.037545528455875665,0.003827267707080184,6,-2.998939834415737e-06,7.221138713886482e-05,0.003998134396724252,9.81001522141259,0.04912799786414944,0.010015886164359136,6,-1.6285901449641926e-06,1.4122123174064e-08,9.128254254379721e-07,9.417137213610384e-07,2
1.56,0.23899999999999988,-3.6533414736465345e-06,-3.4547965057015976e-05,29.429524277254743,0.059038660162120046,0.004012206218892187,4,-3.279027127933709e-06,-5.337534723745932e-06,-6.699234589742836e-05,19.619525456946864,0.05533173352522987,0.005640476233398199,6,-2.9958543388483583e-06,9.445714455551551e-05,0.004886870129726804,9.809768976010766,0.04928019248304412,0.01004716677906606,6,-1.6282866674433016e-06,1.267906570987407e-08,1.8871257652514423e-07,2.7773200512132414e-07,2
1.565,0.25900000000000034,-3.900574921065583e-06,-6.644972171557e-05,29.429456125331438,0.07542268640127861,0.005125659548723936,4,-3.278981664987801e-06,-5.739356407901025e-06,-9.830306618123891e-05,19.619457687668902,0.0672168406541218,0.0068520589839104985,6,-2.9985982746214e-06,0.00012162233837383422,0.005952421976773253,9.80973751939169,0.04929649335827271,0.010050522404055032,6,-1.6276556762118144e-06,5.291809680317814e-09,-1.2232407473916038e-06,-1.0593825275757014e-06,2
1.57,0.2789999999999999,-4.344220634181321e-06,-0.00010799436810832535,29.42983974914937,0.07362984012622105,0.005003754064161986,4,-3.278981474525572e-06,-6.360725033970211e-06,-0.0001481737196778218,19.619840724810857,0.06630909888442532,0.006759392169842864,6,-3.0076468566578307e-06,0.0001544781230075562,0.0071463167817214296,9.809931496245365,0.0490393492893441,0.009997898417152725,6,-1.6265842035234623e-06,-4.541738971931577e-09,-2.175448114605512e-06,-1.9120304963299847e-06,2
1.575,0.2990000000000004,-4.959674659417673e-06,-0.00013270916536441108,29.430187234271358,0.05816295843773496,0.003952605396271783,4,-3.2790128302769006e-06,-7.210200957903682e-06,-0.0001849633865914403,19.620187418538013,0.05580746299459948,0.00568877980664651,6,-3.01886729751899e-06,0.0001935086919275728,0.008410261213907904,9.810105732819883,0.049050509415571944,0.009999996075775737,6,-1.6249522776304315e-06,-7.312549348182952e-09,-2.1806207550019676e-06,-1.7962978177170059e-06,2
1.58,0.31899999999999995,-5.624350288120703e-06,-0.00012836841032134257,29.430418798973804,0.039487796883062955,0.0026834682274001374,4,-3.279049593216815e-06,-8.154383108245638e-06,-0.0001862692145119597,19.6204182935772,0.0429190234453444,0.004374934601612858,6,-3.027966137665594e-06,0.0002389574348262038,0.009709476147232924,9.810218802920561,0.04922926955019673,0.010036324477399194,6,-1.6227315494943273e-06,-6.631209869124599e-09,-1.415306078142382e-06,-9.210781668655392e-07,2
1.585,0.3390000000000004,-6.1978988824742965e-06,-9.992329539821644e-05,29.43037184150916,0.028071580083887195,0.0019076605783345559,4,-3.2790707158135424e-06,-9.015074272923863e-06,-0.00015553531096062465,19.620370957383432,0.03464752959378145,0.0035317914904909663,6,-3.0323485515210136e-06,0.00029100468458019525,0.011052312791933413,9.81019117844389,0.04919931881105947,0.010030246692677307,6,-1.6200464957594196e-06,-1.6535604595813387e-09,-4.1684847020944746e-07,1.523114369249029e-07,2
1.59,0.359,-6.610053890391649e-06,-6.782518344904282e-05,29.430182040077,0.03009235463543224,0.0020449995582394642,4,-3.2790666971010962e-06,-9.679489861735822e-06,-0.00011240170397861669,19.620181763111514,0.035487481653451725,0.003617446778212095,6,-3.032480011162797e-06,0.00034996638384518416,0.012478941457202746,9.810093302648752,0.04913562494212858,0.010017361390204479,6,-1.6170940696502711e-06,2.5899835801357122e-09,2.5499903420439973e-07,8.595168904775315e-07,2
1.595,0.37900000000000045,-6.897343892437061e-06,-5.1596809078811454e-05,29.42998951409806,0.043100059618333936,0.0029289891250343396,4,-3.2790487152004055e-06,-1.0149649987648208e-05,-8.083943493968399e-05,19.619989771338428,0.044134558659946435,0.004498937988685371,6,-3.0305416478873526e-06,0.00041638066765619584,0.014032997400839011,9.809997291541968,0.049157973861171836,0.010022015786600695,6,-1.6140236210257508e-06,4.1099283781586884e-09,4.383199170907061e-07,1.0613011083345248e-06,2
1.6,0.399,-7.163311710128171e-06,-5.796767421003587e-05,29.429856548916966,0.0576933603981925,0.0039207367730316476,4,-3.2790286081003928e-06,-1.0529541060672975e-05,-7.636247791537356e-05,19.619856971163856,0.054503862299637086,0.005555989768910523,6,-3.0288374370107674e-06,0.0004909553381110921,0.01573684511364259,9.809934724378483,0.049208613779552914,0.01003240391748286,6,-1.6108216270502296e-06,3.782642080539777e-09,2.046415213398702e-07,8.67239153074908e-07,2
1.605,0.4190000000000005,-7.507440153038128e-06,-8.014070988913218e-05,29.429837964028827,0.0650984909378603,0.004423978889549317,4,-3.279013863020236e-06,-1.0958044712894287e-05,-9.697867282432149e-05,19.61983862107764,0.05997275873280378,0.006113481348248695,6,-3.0290061696497395e-06,0.0005744294415982765,0.017581735393162615,9.809931092784867,0.04917308528808889,0.010025164259156793,6,-1.607292945522698e-06,1.8863566896054386e-09,-2.5401364143267757e-07,4.997210371054409e-07,2
1.61,0.43900000000000006,-7.972653610860338e-06,-0.00010366947095160855,29.429941764166244,0.06188609391540643,0.004205655207293589,4,-3.279012027276873e-06,-1.1518066740094236e-05,-0.0001251192093550865,19.619942339739264,0.05800891188461882,0.005913260179885902,6,-3.0313113202964925e-06,0.0006674294352905791,0.019535598476781962,9.809986357301655,0.049074444381206575,0.010004997477836461,6,-1.603174435878263e-06,-9.774161115150514e-10,-6.077235753239549e-07,2.846196136084303e-07,2
1.615,0.4590000000000005,-8.527970695752062e-06,-0.00011507620227874717,29.42803820129525,0.05253919374214159,0.0035706895160839583,4,-3.277205757788726e-06,-1.219482064010261e-05,-0.00014163495521314488,19.618856950940895,0.05243180149996672,0.005345041419189527,6,-3.0326744264244643e-06,0.0007704106906823609,0.021566194163534995,9.810679556736929,0.05145019242625454,0.010488609301467609,4,-1.7893797556317592e-06,2.06043603003002e-07,-3.509796044960884e-07,-9.675601876971044e-05,2
1.62,0.4790000000000001,-9.087454668384293e-06,-0.00010671750764697524,29.440075186689143,0.041776281802683064,0.002838055374367491,4,-3.2795162614313034e-06,-1.2909614625009876e-05,-0.0001414879727094614,19.6299086634145,0.0445660886342804,0.004540631278365654,6,-3.039996790764332e-06,0.0008837080491947586,0.02365948463528706,9.81956952199863,0.04913340763459149,0.010007242685031899,4,-2.082568745925828e-06,-2.8389286103483035e-07,-1.6352724481388196e-06,-2.891711459331351e-05,2
1.625,0.49900000000000055,-9.579289210912625e-06,-9.029982688292655e-05,29.432011734207673,0.03810127269133116,0.002589104206359604,4,-3.279625355089022e-06,-1.3578243077756241e-05,-0.00012471499653824824,19.62200225116159,0.04150126174593834,0.004230074098934683,6,-3.0451377968851445e-06,0.0010076633792102997,0.025828224980720866,9.81194014018332,0.049162877647675664,0.01002103089608884,4,-2.145307371595462e-06,8.594579432106153e-08,-7.509744100831442e-07,-5.442928133214376e-06,2
1.6300000000000001,0.5190000000000001,-9.988773412366236e-06,-7.522005260223637e-05,29.430372657644867,0.04026364776298144,0.0027361969371816645,4,-3.279251334049188e-06,-1.4142564945339068e-05,-0.00010233586176310619,19.620383161620687,0.042604113266986696,0.0043428421265823535,6,-3.0487898403513958e-06,0.0011427043033569425,0.02809271921282308,9.81036265368133,0.04911806019488235,0.010013505500013465,4,-2.154428479471393e-06,5.241631905592433e-08,-5.962080432222964e-07,-9.428551308198533e-07,2
1.635,0.5389999999999997,-1.0343966766216461e-05,-6.898815474540578e-05,29.43007260023749,0.04687104202337091,0.0031852481412494157,4,-3.2790948718795787e-06,-1.4608577882717468e-05,-8.682403025462917e-05,19.620077063202444,0.04705095132430131,0.00479620453811016,6,-3.051687651960122e-06,0.001289364906803934,0.030472940354454157,9.810065668828631,0.04910617214783296,0.010011385000992856,4,-2.1536222416448925e-06,1.7163699298804207e-08,-5.120885955667791e-07,-1.0001708625809783e-07,2
1.6400000000000001,0.5590000000000002,-1.0696881573243729e-05,-7.356134203307181e-05,29.429997473774637,0.05351846070555433,0.0036370006999317727,4,-3.2790461127821247e-06,-1.5031567235630005e-05,-8.475308299666307e-05,19.619998938336582,0.05174431389300574,0.005274650019669442,6,-3.0542269691194446e-06,0.0014482526650032718,0.03297746395054022,9.810002804095662,0.049103562900577685,0.010010917199753912,4,-2.1511901097115427e-06,5.275234118949674e-09,-4.977717334611557e-07,2.2037137109209375e-08,2
1.645,0.5789999999999997,-1.1092836129649033e-05,-8.478146450341541e-05,29.42999359851958,0.056212483317918054,0.0038200812466874417,4,-3.2790311984103038e-06,-1.54751739773369e-05,-9.340521654456024e-05,19.61999420103713,0.05377927656257685,0.005482088935554734,6,-3.0568070155181926e-06,0.0016199768818882707,0.035599430893498096,9.809998683380769,0.049082810642082864,0.010006690566683686,4,-2.1485380688954225e-06,1.4980749108759184e-09,-5.26935244304744e-07,1.1035047020457405e-08,2
1.6500000000000001,0.5990000000000002,-1.1546074013305561e-05,-9.525394488615275e-05,29.430024269924218,0.053978251155601974,0.0036682437405098998,4,-3.2790283902434103e-06,-1.5971365705000676e-05,-0.00010406355408551626,19.620024588655927,0.05239106285367521,0.005340570560137536,6,-3.0594401948871863e-06,0.001805084086250024,0.038322705705545884,9.810012999100032,0.049069200209748975,0.010003901159815094,4,-2.1458100303156646e-06,-9.668693392719782e-11,-5.12157759190052e-07,3.897828365614317e-08,2
1.655,0.6189999999999998,-1.2035553301677672e-05,-9.895074467983293e-05,29.430056634311697,0.04882938171775066,0.0033183341999295933,4,-3.279030873343941e-06,-1.650637364005918e-05,-0.00010814478628336368,19.620056792111836,0.048896429809977424,0.004984331118718885,6,-3.061743690295493e-06,0.0020040396025703473,0.04113263416160808,9.81002427909825,0.04907988495296051,0.010006067988543652,4,-2.1430735605287854e-06,-7.270678658257976e-10,-3.983876512594856e-07,1.375877926331421e-07,2
1.6600000000000001,0.6390000000000002,-1.2521599291914641e-05,-9.450010218963481e-05,29.430066765887474,0.04404461015739997,0.0029931709301082715,4,-3.27903447009531e-06,-1.703534637712747e-05,-0.00010212058331302777,19.620066816652763,0.045540816478123566,0.004642269254605215,6,-3.0632280229106468e-06,0.0022172588453543973,0.044024285282009225,9.810021137873111,0.0490913011915219,0.010008398657164418,4,-2.1405769777133044e-06,-6.116436800609745e-10,-1.9613299339509863e-07,2.569172466636233e-07,2
1.665,0.6589999999999998,-1.2971068671635166e-05,-8.545110574457457e-05,29.430049785359152,0.04230486446625439,0.0028749434523417075,4,-3.2790361855113137e-06,-1.7512424137509115e-05,-8.861925715417464e-05,19.62004980048486,0.044184735025325626,0.004504039028915585,6,-3.0635920167804143e-06,0.0024451626759866146,0.047003836884332226,9.81000403835155,0.04908692516356114,0.01000752394630198,4,-2.138721205434402e-06,-6.715682756699952e-11,3.7913767034941406e-08,3.213151029951228e-07,2
1.67,0.6790000000000003,-1.3376109218704265e-05,-7.76105058317772e-05,29.430017227136425,0.04423992726976132,0.0030064492948355588,4,-3.2790350133100887e-06,-1.7916385878911357e-05,-7.411472570239683e-05,19.620017257464298,0.045373647015417955,0.004625240275785779,6,-3.062844014217747e-06,0.0026882219713628168,0.050083600141547745,9.80998182633468,0.04907527514424499,0.01000517146983973,4,-2.137919703375235e-06,4.769437219373787e-10,2.4266562594261167e-07,2.8232277402236935e-07,2
1.675,0.6989999999999998,-1.3755323992675402e-05,-7.527821719536527e-05,29.429986763307287,0.04823518081002152,0.00327796143423076,4,-3.2790318417359743e-06,-1.8259480580510414e-05,-6.479672769940435e-05,19.619986809149562,0.048080330494796784,0.0049011582895025245,6,-3.0612338118504723e-06,0.002946967727805702,0.053274107421924656,9.80996462250303,0.049063057479891946,0.010002698147829493,4,-2.138454076996976e-06,7.16353985107138e-10,3.8449166373161737e-07,1.421556767298931e-07,2
1.68,0.7190000000000003,-1.4139156782597131e-05,-7.888549610038209e-05,29.429970853812918,0.05161291109423696,0.0035075067760422227,4,-3.2790284460113006e-06,-1.8575905899330066e-05,-6.304508287619715e-05,19.61997087241172,0.050474290070581664,0.005145195209393018,6,-3.059072989107514e-06,0.00322196492570782,0.05657820209532599,9.809957182795156,0.04904681912865646,0.009999395148161396,4,-2.1404189547505337e-06,5.966328791892908e-10,4.6995149252477255e-07,-5.826317984040158e-08,2
1.685,0.7389999999999999,-1.4550361148049835e-05,-8.539507563171934e-05,29.429970197482795,0.05249010797525658,0.0035671193428354992,4,-3.2790262848025886e-06,-1.8898759028983364e-05,-6.637662147396536e-05,19.619970145386322,0.05118084492450773,0.005217219449902478,6,-3.0565548126901265e-06,0.0035137698553126466,0.05999037183019797,9.809956246910485,0.04902732210998354,0.009995421157036057,4,-2.1437997180448476e-06,2.6944513740054263e-10,5.353074969171643e-07,-2.755672822748807e-07,2
1.69,0.7590000000000003,-1.4992221854127459e-05,-9.05511632327384e-05,29.429974681618074,0.05072608470186425,0.0034472394387445875,4,-3.279025759521381e-06,-1.924039846825559e-05,-6.967585625932092e-05,19.61997453612398,0.05004363432976233,0.005101294523866257,6,-3.0536676245626615e-06,0.003822898578242741,0.06350123159542377,9.809953583800166,0.0490135878926079,0.00999262381292962,4,-2.148643864663402e-06,-1.916137995075492e-11,6.215014983374566e-07,-4.980633641077709e-07,2
1.695,0.7789999999999999,-1.5449397200512777e-05,-9.147420906240301e-05,29.429971992544363,0.04771151221378155,0.0032423756452006508,4,-3.2790261461079773e-06,-1.9588271209574973e-05,-6.85804950501893e-05,19.619971758143457,0.04797650517868576,0.004890578413679179,6,-3.0502421592346063e-06,0.004149823523647535,0.06710351881550625,9.809942240824697,0.049007043169700115,0.0099913010630693,4,-2.1552084587331266e-06,-8.9020392747524e-11,7.492961275043563e-07,-7.545131758705308e-07,2
1.7,0.7990000000000004,-1.5899400875553697e-05,-8.814050286705458e-05,29.429993103480793,0.04554267274628813,0.0030949835826432205,4,-3.2790265499516025e-06,-1.9915607479525506e-05,-6.18226748598727e-05,19.619993379823867,0.04647917149730406,0.00473793956985742,6,-3.046044252781599e-06,0.004494995683322916,0.07079594029987658,9.80991826199097,0.04917326646802481,0.010025214309593003,4,-2.1640459934926803e-06,-4.590900703163313e-10,9.5476577905646e-07,-1.1099057543623508e-06,2
1.705,0.819,-1.63267216524317e-05,-8.298097509483083e-05,29.429988487382687,0.0448072413005753,0.003045005696810598,4,-3.2790308573567295e-06,-2.0197598325183537e-05,-5.117180940802089e-05,19.619987684193166,0.045814244524881725,0.004670160375461596,6,-3.0400507551459066e-06,0.004858875197744218,0.07458277578260128,9.809902302298667,0.04902120537811163,0.009994229069258911,4,-2.176641592584183e-06,-2.455147924087796e-10,1.4195493643873234e-06,-1.527440096642219e-06,2
1.71,0.8390000000000004,-1.6729871317018938e-05,-7.889209644553925e-05,29.429901017414966,0.04597263566121449,0.003124212727321812,4,-3.2790269310946363e-06,-2.0425057969380237e-05,-4.070000610328574e-05,19.61990049620391,0.046526208566484865,0.0047427568325830016,6,-3.03206141726714e-06,0.005241952177119917,0.0784710316190059,9.809858844965335,0.04891908310560776,0.00997345300859538,4,-2.1937668022720125e-06,1.3730728439562414e-09,1.7256196574752578e-06,-2.131341505687757e-06,2
1.715,0.859,-1.712045731729889e-05,-7.798541402398898e-05,29.42984797461458,0.04824656206101878,0.003278750342348693,4,-3.2790200078409992e-06,-2.0608404217683468e-05,-3.3722598877615223e-05,19.61984751436473,0.04808645875765472,0.004901817786549878,6,-3.0230356964366933e-06,0.005644749558033649,0.08246615592611803,9.809829864998603,0.048886570383445675,0.00996685387131383,4,-2.215454767397207e-06,1.250178647803385e-09,1.8612036070628277e-06,-2.9151038176375215e-06,2
1.72,0.8790000000000004,-1.7515421543987194e-05,-8.024451096740536e-05,29.43009630572069,0.04994353393833214,0.003394044886535013,4,-3.2790417340139433e-06,-2.0767979018738274e-05,-3.0956132467102655e-05,19.62009265044426,0.04932683990359725,0.00502819642928448,6,-3.0136185721410524e-06,0.00606780561596103,0.086568862894329,9.810073951116927,0.048841110975231625,0.009957337981059931,4,-2.237850063972757e-06,-2.4778811353001494e-09,1.9106446824907527e-06,-2.2026113064505305e-06,3
1.725,0.899,-1.7925298983554015e-05,-8.357416020507438e-05,29.429843629059967,0.050459021830192324,0.0034291056701617998,4,-3.279030303927899e-06,-2.092407440659487e-05,-3.183237410583502e-05,19.619842824385636,0.0497963967190778,0.0050761259572564485,6,-3.003900931754233e-06,0.006511652354527563,0.09077654964783659,9.809832749879746,0.04877995120914989,0.00994511373494066,4,-2.2590955383663958e-06,3.961408083873212e-09,1.9701100741699782e-06,-2.5761198718991297e-06,3
1.73,0.9190000000000005,-1.835083005672023e-05,-8.625727619179767e-05,29.429774651834528,0.049677358207193864,0.003375993108672831,4,-3.27901492105237e-06,-2.1087802538615095e-05,-3.344757055914432e-05,19.61977400356412,0.049302056398732044,0.005025751712509619,6,-2.9939381084656547e-06,0.006976803064086394,0.09508462954581307,9.809761698358622,0.04871506477546402,0.009931956814733852,4,-2.284552486041258e-06,2.123141949449152e-09,2.0205964545658204e-06,-3.618803265445759e-06,3
1.735,0.9390000000000001,-1.8784844724151313e-05,-8.692001425736413e-05,29.429736449868308,0.04815186793335494,0.003272327498778564,4,-3.279007813480894e-06,-2.1255567517582237e-05,-3.32281246845682e-05,19.61973542485652,0.04824599207673895,0.004918108326335066,6,-2.9836640194971786e-06,0.007463748537680916,0.09948917610636801,9.809717607038605,0.04864761400714731,0.009918249628764439,4,-2.3162477860855235e-06,9.908394323674116e-10,2.0927422810379016e-06,-4.91792520729476e-06,3
1.74,0.9590000000000005,-1.9216160315345546e-05,-8.537468703830273e-05,29.42969429906791,0.04680392597743906,0.003180727975072539,4,-3.2790036764186736e-06,-2.141493731978891e-05,-3.0228074058317363e-05,19.619693044554896,0.047271474978844014,0.00481877824199328,6,-2.9729596079941523e-06,0.007972966826449775,0.10398907797512397,9.809670861984529,0.0485763759286165,0.009903772840506768,4,-2.355443403552482e-06,7.635103505862761e-10,2.1892568353549307e-06,-6.439492853577066e-06,3
1.745,0.9790000000000001,-1.9636117180394524e-05,-8.268093110081136e-05,29.429644981921427,0.0463243631477832,0.003148142845504264,4,-3.2789997121071557e-06,-2.1553505804071412e-05,-2.5257717286137447e-05,19.619643559340687,0.04687483123184802,0.0047783570675045675,6,-2.961729044591299e-06,0.008504938649728417,0.1085862304689356,9.809619333145772,0.04849998443736798,0.009888250051353397,4,-2.403406108825168e-06,8.40140173517827e-10,2.300441567560435e-06,-8.20607730251602e-06,3
1.75,0.9990000000000006,-2.0043037055524506e-05,-8.038419391120036e-05,29.429590399806763,0.046809201489928114,0.003181097721987695,4,-3.2789951619552338e-06,-2.1665990465562056e-05,-2.0123483841644644e-05,19.619588799419855,0.04714920629382284,0.0048063399060858025,6,-2.9499299116428346e-06,0.009060158967533477,0.11328401415858386,9.809564496030243,0.04841797654673709,0.009871585342311778,4,-2.4614592673000146e-06,9.744070196035781e-10,2.4151219439582704e-06,-1.0237446683841662e-05,3
1.7550000000000001,1.0190000000000001,-2.0442098232302113e-05,-7.956620616628647e-05,29.42953142733786,0.04778609735150265,0.003247492911634529,4,-3.2789899402918543e-06,-2.1756135078111656e-05,-1.6445837343232074e-05,19.619529618996737,0.04778711802959214,0.004871382643478053,6,-2.937565096554351e-06,0.009639138774327868,0.1180851629863841,9.809505938915015,0.04832951711233264,0.009853608818484114,4,-2.5309656522740087e-06,1.1076828242182191e-09,2.526590914493094e-06,-1.2549837053455053e-05,3
1.76,1.0390000000000006,-2.084132782282768e-05,-8.029780686113905e-05,29.429465985719762,0.048566986442554395,0.003300568652256269,4,-3.2789840236982504e-06,-2.1833186896578833e-05,-1.4766869062035972e-05,19.61946395062063,0.048314610447182806,0.00492517130628887,6,-2.9246522917705797e-06,0.010242397583202872,0.12299032452437153,9.809440468592445,0.04823318502466824,0.009834033894002357,4,-2.6133751634266345e-06,1.2559605019099847e-09,2.6348267172290945e-06,-1.5169369796527084e-05,3
1.7650000000000001,1.0590000000000002,-2.1246569696495402e-05,-8.175048404574711e-05,29.429389456402212,0.04867738789272326,0.0033080800378027376,4,-3.2789772180796817e-06,-2.190578924075128e-05,-1.4408081064881548e-05,19.619387195112893,0.0483898927062764,0.00493286484690308,6,-2.911196670112026e-06,0.010870452301485667,0.12799802964178078,9.809362027563374,0.048128213555885514,0.009812710229401223,4,-2.7103349120177755e-06,1.4685229588793078e-09,2.745671783675524e-06,-1.8145658478173538e-05,3
1.77,1.0789999999999997,-2.1658434532416744e-05,-8.278683889978966e-05,29.429296471967206,0.04810553749750638,0.0032692278283532315,4,-3.27896913855652e-06,-2.1977208800703476e-05,-1.409067733452081e-05,19.619294003214865,0.04799838704033866,0.00489297800751378,6,-2.897167225839048e-06,0.011523809426519286,0.13310590417513515,9.809266299826687,0.048014487650161176,0.0097896185469059,4,-2.82384973558647e-06,1.7642029882289615e-09,2.865213893429258e-06,-2.1554328038108894e-05,3
1.7750000000000001,1.0990000000000002,-2.207258499090864e-05,-8.267698577421437e-05,29.429183569784747,0.047268881134976196,0.0032123814120013612,4,-3.278959367591233e-06,-2.204502095423258e-05,-1.2897856412964032e-05,19.61918091141502,0.047402942520488135,0.004832305969808118,6,-2.8825121755338134e-06,0.012202965040272655,0.13831234895922906,9.80915062043411,0.04789107287840511,0.009764570803641235,4,-2.956379496932282e-06,2.1350271231832224e-09,2.9959702041428336e-06,-2.549086871412879e-05,3
1.78,1.1189999999999998,-2.2483319284389158e-05,-8.154777499704963e-05,29.429048627927262,0.04661447688803295,0.0031679227879488595,4,-3.278947580138275e-06,-2.210373058154475e-05,-1.0527593003475293e-05,19.619045769486213,0.04690174546534453,0.004781246347698673,6,-2.867177986483338e-06,0.012908411044962775,0.14361724326354033,9.809013112531593,0.04775612057113728,0.009737191707925443,4,-3.1108854030709177e-06,2.570444682080422e-09,3.136944743211861e-06,-3.0058902773853075e-05,3
1.7850000000000001,1.1390000000000002,-2.2887097914016365e-05,-8.003984292090103e-05,29.428888370994674,0.046390141008726876,0.003152694075556679,4,-3.2789334035304707e-06,-2.214839308804439e-05,-7.4378398369477785e-06,19.61888528292279,0.04668083806768882,0.004758765586781023,6,-2.851118786291462e-06,0.013640642349147232,0.1490217484642515,9.808850760950524,0.04760775032981516,0.009707100554398026,4,-3.2908700445671846e-06,3.0905070912176897e-09,3.2860658287640664e-06,-3.537465910577547e-05,3
1.79,1.1589999999999998,-2.3286683363614265e-05,-8.135690758286792e-05,29.42873215552917,0.045285007856770594,0.0030776050845440378,4,-3.278916793737069e-06,-2.2171098382530534e-05,1.9832415347366265e-06,19.61872920788323,0.04444298439952332,0.004530669028416496,6,-2.8343107364436904e-06,0.01440015753678695,0.15452352881181955,9.808696295142084,0.04747728234458123,0.00968065090731683,4,-3.500399775945018e-06,3.208975264711058e-09,3.4305739873651864e-06,-4.152070358198594e-05,3
1.795,1.1790000000000003,-2.3691942013332994e-05,-7.91551191876749e-05,29.428410773377557,0.041846774106339336,0.002843971047474712,4,-3.278893926903642e-06,-2.211100967247581e-05,2.0311099204867434e-05,19.618407542704773,0.043035654211844625,0.004387272934173263,6,-2.8166197032428175e-06,0.015187409760651638,0.16011374996963018,9.808352614495202,0.047319153684075466,0.009648746439671266,4,-3.7444304413492002e-06,5.80782947654376e-09,3.6584260371116994e-06,-4.892467669434025e-05,3
1.8,1.1989999999999998,-2.4069393746297993e-05,-7.222206829786358e-05,29.428098988887456,0.042549067399560304,0.0028917306153977223,4,-3.278862959938539e-06,-2.1972206433937326e-05,3.357376348042997e-05,19.618095826013246,0.04379402839737656,0.004464656385183567,6,-2.797755944410063e-06,0.0160028742131344,0.1658052734459119,9.808047688813037,0.0470625750307981,0.009596726387143735,4,-4.030891275152992e-06,6.426639914546032e-09,3.881841689499403e-06,-5.7904445907969104e-05,3
1.805,1.2190000000000003,-2.441880055600328e-05,-6.866842068502273e-05,29.42773435806307,0.046359938100679475,0.003150765025713035,4,-3.27882845623656e-06,-2.1785664237424184e-05,3.923417498989986e-05,19.61773068396176,0.04649642460974805,0.004740244971123051,6,-2.7778527010510756e-06,0.01684708678438548,0.1716088688134484,9.807684495380848,0.04683187903464719,0.009550037841593239,4,-4.3675035657289585e-06,7.474335647826596e-09,4.0811857986786135e-06,-6.85361407402924e-05,3
1.81,1.2389999999999999,-2.476634156722323e-05,-7.119434090214225e-05,29.407046697505287,0.05097886043580141,0.003467118678063387,4,-3.2787712941038938e-06,-2.1594626272287604e-05,3.596202386687999e-05,19.596361733911,0.05056886898344485,0.005161046695309438,6,-2.756853201515974e-06,0.017720622703155546,0.1775286704399072,9.783534590392634,0.06316448190453425,0.012912405290938789,3,-4.772528174212809e-06,6.64372253652332e-08,4.5136828723808e-06,-8.505999678196888e-05,4
1.815,1.2590000000000003,-2.5136725395380717e-05,-7.708869213064188e-05,29.427201356716882,0.052595643373927324,0.003574627619960343,4,-3.279054821715005e-06,-2.144291028451511e-05,2.3536903682260932e-05,19.616884137035704,0.05046705718631388,0.005145267396572382,6,-2.736064976555097e-06,0.018624055672442782,0.18356172653592745,9.80573322531294,0.04645619724756135,0.009475313305003513,4,-5.250399162097519e-06,-1.536425404959032e-07,3.5492525320603454e-06,-8.280131820444373e-05,3
1.82,1.279,-2.5543818716691633e-05,-8.359252782352167e-05,29.442905769622122,0.05079769757233909,0.0034505899634912998,4,-3.2787152544414e-06,-2.1344942692946854e-05,1.3824517604045787e-05,19.633223365434933,0.050886226393385935,0.005183685373128607,6,-2.7126578163796933e-06,0.01955791844576044,0.18969397746190964,9.824988180570964,0.046293240056117735,0.009423571653279582,4,-5.798529778569539e-06,-2.0737903948777745e-07,3.6422438062537214e-06,-0.00010567936932866276,4
1.825,1.2990000000000004,-2.5968825127719513e-05,-8.495291158989856e-05,29.420564804972663,0.05020187057876928,0.0034127061061916906,4,-3.2789128515155197e-06,-2.129899110785755e-05,1.3736638653045411e-06,19.610340974892495,0.05010410346644957,0.0051099675962390295,6,-2.6930067559896576e-06,0.020522696994690417,0.19592530968787114,9.800578467454972,0.045579535894866664,0.00930139706471894,2,-6.38940145175626e-06,6.603591226426048e-08,2.7554180160988547e-06,-0.0001166144673691393,3
1.83,1.319,-2.6408182816928793e-05,-9.286112853748256e-05,29.27346851140862,0.05188923903913065,0.0035451377426565004,4,-3.2730544629461233e-06,-2.1360925314055188e-05,-2.667711384284524e-05,19.46287284678512,0.0489244518746757,0.005027464574198977,6,-2.6804208835481957e-06,0.021518974229818202,0.20229362923675115,9.651857611025445,0.03915967936188559,0.008114433705933035,2,-7.657346064997295e-06,2.441113406250394e-06,5.467612561538438e-06,-0.0004916259956530486,3
1.835,1.3390000000000004,-2.6921491368753352e-05,-0.00011267147203289913,28.985228911752934,0.03798935978496867,0.002621290996226339,4,-3.252921882454518e-06,-2.1597496705300456e-05,-6.808209621118788e-05,19.17463294093412,0.03368179675875985,0.0035131620889446856,6,-2.659233314043774e-06,0.022547565305481448,0.20885166308398026,9.363448693969012,0.019379640790113947,0.004139423715237817,2,-1.3469328215033605e-05,5.457513317537276e-06,1.0863665345706765e-05,-0.0019846574520578633,3
1.84,1.359,-2.7522030365005783e-05,-0.00012337941710980875,28.57753116352219,0.0014633864276397284,0.0001024151750034775,4,-3.21819056886552e-06,-2.210686290610825e-05,-0.00013933034525053962,18.767029934787864,0.0014414133077316725,0.00015361123339604943,6,-2.6259367308587023e-06,0.02360960866854518,0.21567706433963768,8.956022289332521,0.019200593110028606,0.0042877501841187575,2,-3.116053321503692e-05,8.218388857405313e-06,1.5944646275844298e-05,-0.0052430812679325044,2
1.845,1.3790000000000004,-2.8114303519164895e-05,-0.0001112746220816405,28.078345423846077,0.06816869297772805,0.004855606122705114,4,-3.1710223520192704e-06,-2.3070401059965333e-05,-0.00024057352916774034,18.26796793569407,0.0650027610192053,0.007116583655940777,6,-2.582371285593521e-06,0.024706683147745323,0.22285686093179768,8.457572496878525,0.07858986215482587,0.01858449624495241,2,-7.098727216420936e-05,1.0435761850335542e-05,1.9931517512057075e-05,-0.010790698932161965,3
1.85,1.399,-2.8519342465446676e-05,-2.907479162072079e-05,27.517434757736325,0.11513098636295929,0.008367857496643365,4,-3.1144640849530003e-06,-2.4698489029056968e-05,-0.00048045662587577637,17.7071730344913,0.08873573527112001,0.010022575043263449,6,-2.5316163341088105e-06,0.025840827989470298,0.2305550010554962,7.898065657618449,0.15773364287166525,0.03994234783792051,2,-0.00014543976355980287,1.2018666499031913e-05,2.2876286565391702e-05,-0.019004481772063007,3
1.855,1.4190000000000005,-2.8359742888821433e-05,7.743985832320497e-05,26.91868310857015,0.10076947639206327,0.00748695439413833,4,-3.0515006268286293e-06,-2.877131656830426e-05,-0.001185363252328089,17.10851801833133,0.08534005464883546,0.009976323438113787,6,-2.4740561340649836e-06,0.02701593844281055,0.23923336101216194,7.302494359731381,0.25275927467032,0.06922546248419632,2,-0.00026854095571934855,1.3036701675192305e-05,2.499704430556555e-05,-0.030129653567940968,4
1.86,1.439,-2.7836372559829635e-05,0.00012113658707795517,27.184514653362452,0.10633351254025891,0.007823094426819683,4,-2.977711427550045e-06,-3.752796671698171e-05,-0.0023384997141868455,17.414131218139104,0.09221467871515965,0.010590787167045802,6,-2.4056760110982567e-06,0.02823729914008342,0.24901220844926564,7.696508953159676,0.4124571738926756,0.10718032718544375,2,-0.0004570799124692382,1.6603784464758045e-05,3.193087081304853e-05,-0.044834065493541485,3
1.865,1.4590000000000005,-2.719893865218026e-05,0.00012922969262124312,26.544747510366456,0.09435431182335818,0.0071090758566462325,4,-2.912481284682994e-06,-5.3470943334421795e-05,-0.004029939738360415,16.76707687537311,0.08708913501043654,0.010388111852501849,6,-2.3469270361356487e-06,0.02951084951753757,0.26002858139370755,7.044512216899011,0.5414103627386713,0.15371124247322257,2,-0.0007241644971578212,1.2704565174305926e-05,2.396881579222726e-05,-0.061942705126413734,3
1.87,1.479,-2.6572495214104684e-05,0.00012276551679447738,25.987424760691617,0.08455072851204111,0.006507049412601429,4,-2.841165769189996e-06,-7.91454030209474e-05,-0.00624696136159417,16.202950522295303,0.08108286007836636,0.010008406798107064,6,-2.282082653223827e-06,0.030842345969340736,0.27220999995307693,6.481098424647216,0.6773546840433454,0.20902465590320538,2,-0.0010870890933584176,5.320865825567532e-06,8.665559622581036e-06,-0.08238693596829841,3
1.875,1.4990000000000006,-2.5981334972086765e-05,0.00011249137422359034,23.180249612433528,0.45847094862885246,0.03955703293056307,4,-2.764915086002351e-06,-0.00011708398521169565,-0.008845199249102884,13.344294424201173,0.6214368530794142,0.09313896011652413,6,-2.2118465063183934e-06,0.03223730353384107,0.28523169449035046,3.5138059617952817,1.3942014816547046,0.7935563299815087,1,-0.001562531538327687,2.6558949160866507e-05,5.2899581664637994e-05,-0.10714612616913718,4
1.8800000000000001,1.5190000000000001,-2.544083467808487e-05,0.00010258029605935224,23.169673716888,0.21424714945888879,0.018493756284770426,4,-2.6881493136315937e-06,-0.00016937111994890097,-0.011899643571195353,13.34788261492163,0.40238789610862186,0.060292393590394844,6,-2.1409920515982894e-06,0.03370031220650248,0.2992504479472809,3.567671345288786,1.3767598569374093,0.7717974688198008,1,-0.0021676220339619454,1.8068205283028854e-05,3.526746856704283e-05,-0.1344842687154275,5
1.885,1.5390000000000006,-2.496623643417417e-05,9.1755980610495e-05,22.466185389963556,0.3571384859108183,0.03179342462564782,4,-2.6095154827578126e-06,-0.00023708380333435812,-0.01511652002060283,12.630106170159895,0.4795518577971386,0.07593789811999142,6,-2.0676802129776517e-06,0.03523397361456351,0.3136835572220273,2.829455132909655,1.1638720608495232,0.8226828178417953,1,-0.002920943580831274,7.373574498147213e-06,1.2914348165919706e-05,-0.16545206890278036,6
1.8900000000000001,1.5590000000000002,-2.453349382351665e-05,8.418888745078663e-05,24.230836615151233,0.14201492439837424,0.01172183417798906,4,-2.5246479305775227e-06,-0.00032037170795718513,-0.018206378023115574,14.483072168382856,0.10167866452638594,0.014041035402468635,6,-1.986189358933743e-06,0.03683895241971184,0.327931939936494,4.969179884751885,1.273675277461105,0.5126299739598583,2,-0.0038407025990822435,2.2222503350014233e-06,1.8234778360415009e-06,-0.20043320402384066,5
1.895,1.5789999999999997,-2.4147633392196078e-05,7.122538340941442e-05,19.78480139943424,0.05532237331555696,0.00559241128567901,4,-2.4468105917566096e-06,-0.0004181033098175124,-0.02076396127945512,9.922606300990708,0.05697926987330712,0.011484738615018537,6,-1.9112326899786702e-06,0.038513391926135246,0.3412071910137136,0.0,0.0,nan,0,-0.00494531329110022,2.2191398176225706e-05,4.518107089222331e-05,-0.23961309591920807,2
1.9000000000000001,1.5990000000000002,-2.3810524273033438e-05,6.590163468330658e-05,21.70955523417492,0.3530451441436554,0.032524401383211755,4,-2.362840480940598e-06,-0.0005275765182000741,-0.022883002505209745,11.930002756671364,0.43171319277333203,0.07237436597102447,6,-1.827126110708066e-06,0.04025232026657885,0.35367776634695197,2.330600609759113,1.1034221678112655,0.9468994071234825,1,-0.006253062790558733,8.55380382439428e-06,1.5894516363814405e-05,-0.28163268363365196,4
1.905,1.6189999999999998,-2.349910497322644e-05,5.898294292333813e-05,19.645788231641454,0.12976535503214368,0.013210501253713399,4,-2.2921660836339175e-06,-0.0006453525737728347,-0.023968204400715235,9.827733204471835,0.10906978447056097,0.022196325887424744,6,-1.7546684260502654e-06,0.04204923054198721,0.3641663233739359,0.0,0.0,nan,0,-0.007779667642313873,2.0001860319097548e-05,4.197871263244153e-05,-0.3272608896910931,2
1.9100000000000001,1.6390000000000002,-2.3215107031708238e-05,5.461200388383546e-05,19.610442218627462,0.04960735015160173,0.0050592790920829895,4,-2.225399708729453e-06,-0.0007666613599576647,-0.024202847418985946,9.803457870676032,0.04947974402297487,0.010094345214860972,6,-1.6831105280543102e-06,0.04389502236359763,0.3730394264625675,0.0,0.0,nan,0,-0.009539983529944458,1.2421825108580903e-05,2.5902826254184674e-05,-0.37519854896057825,2
1.915,1.6589999999999998,-2.2943527258422192e-05,5.451192266345911e-05,19.61703170023827,0.04885679158177391,0.004981058534067668,4,-2.193648592101194e-06,-0.0008870357298044509,-0.023959548713399618,9.807965990765469,0.04866332544095265,0.00992322475154804,6,-1.651059021244572e-06,0.04578118923390846,0.38104372783820156,0.0,0.0,nan,0,-0.01154479632737078,2.6950129496970796e-06,4.846204128817262e-06,-0.42424854896057873,2
1.92,1.6790000000000003,-2.2668501257381963e-05,5.541236478646412e-05,19.619432574908416,0.04878859292020574,0.004973496836254296,4,-2.1874152184575557e-06,-0.0010061975154179892,-0.023717242167581896,9.809606952239367,0.048641330066557804,0.009917080328168258,6,-1.6488472069156601e-06,0.047707640073758294,0.38914802085026085,0.0,0.0,nan,0,-0.013794803767361606,4.930234456504825e-07,3.543698190772809e-08,-0.4732985489605792,2
1.925,1.6989999999999998,-2.238993417872501e-05,5.59304004990208e-05,19.619893571827312,0.048708074419353986,0.004965172134194969,4,-2.18628705732013e-06,-0.0011241468684033637,-0.023474579715344134,9.80992328511793,0.04863276847062039,0.009915015042859378,6,-1.6527960587445212e-06,0.049674874939902344,0.39735234036231054,0.0,0.0,nan,0,-0.01629004994147381,8.84491094704633e-08,-8.771855753962268e-07,-0.5223485489605791,2
1.93,1.7190000000000003,-2.2109405192698236e-05,5.625508810841001e-05,19.619978025636605,0.04868673766218099,0.00496297575854204,4,-2.1860850816859956e-06,-0.001240882375681857,-0.023231760612319397,9.809981603051233,0.04862512761958661,0.009913398329811866,6,-1.6579697344407118e-06,0.051683393998432144,0.40565669657167647,0.0,0.0,nan,0,-0.019030543964576686,1.5792136245458442e-08,-1.0580472447523848e-06,-0.5713985489605785,2
1.935,1.7389999999999999,-2.1827303857475788e-05,5.65734270516473e-05,19.619993561393684,0.048683365671052956,0.004962628098599109,4,-2.186049103382326e-06,-0.001356403836948337,-0.022988973552990805,9.809992425632426,0.04861741997633861,0.009911816006974003,6,-1.66343665326113e-06,0.05373369743860072,0.4140610911734046,0.0,0.0,nan,0,-0.022016287528439087,2.797975178310426e-09,-1.1037674827399306e-06,-0.6204485489605779,2
1.94,1.7590000000000003,-2.154355430232319e-05,5.6911612908145316e-05,19.619996525527903,0.04867834700986175,0.004962115762510513,4,-2.1860427836355167e-06,-0.001470711520542352,-0.02274624483458587,9.809994516402133,0.048609735763731475,0.009910247285552887,6,-1.6690189024240465e-06,0.05582628545287692,0.4225655242691432,0.0,0.0,nan,0,-0.025247280947312566,4.798378557670474e-10,-1.1239635138465203e-06,-0.6694985489605773,2
1.945,1.779,-2.1258093098077287e-05,5.725580035283126e-05,19.619997185926753,0.04867094545745588,0.004961361104818823,4,-2.1860417496188944e-06,-0.0015838056819070534,-0.022503560420997396,9.809994990116127,0.0486020976541405,0.009908689597315517,6,-1.6746798051428535e-06,0.057961658233274704,0.43116999566811004,0.0,0.0,nan,0,-0.028723524282246726,6.734627087795099e-11,-1.1388406589574682e-06,-0.7185485489605766,2
1.95,1.7990000000000004,-2.0970911640898138e-05,5.7599401158284856e-05,19.619997421959788,0.04866312223225857,0.00496056357049182,4,-2.186041655510146e-06,-0.0016956865205264493,-0.022260913478498925,9.809995162129907,0.0485945101581511,0.009907142532698344,6,-1.6804094724598428e-06,0.06014031597067425,0.43987450512480614,0.0,0.0,nan,0,-0.03244501754747636,-5.983814237279778e-12,-1.15215357920278e-06,-0.767598548960576,2
1.955,1.819,-2.0682014768598822e-05,5.7942129006257766e-05,19.61999757939677,0.048655481902384036,0.004959784699818498,4,-2.1860417288924183e-06,-0.0018063542211807526,-0.022018303464576814,9.809995277566077,0.04858697427464415,0.00990560604769198,6,-1.6862031677819522e-06,0.06236275885469358,0.448679052383036,0.0,0.0,nan,0,-0.0364117607485105,-1.9163215807364573e-11,-1.1646052592977845e-06,-0.8166485489605754,2
1.96,1.8390000000000004,-2.0391405101467015e-05,5.828459830142738e-05,19.619997721860475,0.0486479766544932,0.004959019602768856,4,-2.1860418329411324e-06,-0.0019158089695778058,-0.021775730734435825,9.809995382144603,0.04857949042704181,0.00990408018243565,6,-1.692057159642657e-06,0.06462948707366083,0.45758363718359985,0.0,0.0,nan,0,-0.040623753889217476,-2.1702195944610094e-11,-1.176329344313492e-06,-0.8656985489605747,2
1.965,1.859,-2.0099083288280222e-05,5.8626995271375884e-05,19.619997861056948,0.04864053098285628,0.004958260579569295,4,-2.1860419434777123e-06,-0.002024050952095894,-0.021533195213217685,9.809995484402991,0.04857205897314159,0.009902565001251385,6,-1.697967922757726e-06,0.06694100081460307,0.46658825926541175,0.0,0.0,nan,0,-0.04508099697314665,-2.2366380651843155e-11,-1.187353375647509e-06,-0.9147485489605741,2
1.97,1.8790000000000004,-1.9805049712556152e-05,5.896930181601691e-05,19.619997999198375,0.04863313100797063,0.004957506214828122,4,-2.186042056210452e-06,-0.002131080354068435,-0.021290696619944184,9.809995585994894,0.04856468027444594,0.009901060576169603,6,-1.7039319839887157e-06,0.06929780026323717,0.47569291836559363,0.0,0.0,nan,0,-0.049783490003775514,-2.2693330674454228e-11,-1.197684840500029e-06,-0.9637985489605735,2
1.975,1.899,-1.9509304901101422e-05,5.931149332135803e-05,19.619998136735774,0.04862578158844013,0.004956757003701746,4,-2.186042170355257e-06,-0.002236897359366365,-0.02104823466528139,9.809995687269248,0.04855735470688189,0.009899566983479179,6,-1.7099458912567256e-06,0.07170038560396096,0.4848976142194255,0.0,0.0,nan,0,-0.054731232984557024,-2.295082470055554e-11,-1.2073272966535647e-06,-1.012848548960573,2
1.98,1.9190000000000005,-1.9211849445736918e-05,5.9653565506810175e-05,19.61999827374355,0.04861848582257377,0.004956013262002925,4,-2.186042285759471e-06,-0.002341502150466988,-0.020805809078303292,9.80999578828796,0.048550082664436625,0.009898084303440783,6,-1.7160062070406545e-06,0.07414925701984354,0.49420234656026196,0.0,0.0,nan,0,-0.059924225918928736,-2.3200790526371476e-11,-1.216283504238019e-06,-1.0618985489605723,2
1.985,1.939,-1.8912683938814327e-05,5.999552011779485e-05,19.61999841023222,0.04861124435177196,0.004955275055111138,4,-2.1860424023710523e-06,-0.002444894908508589,-0.02056341959209023,9.809995889060515,0.04854286455999843,0.009896612620221451,6,-1.7221095068853387e-06,0.07664491469261554,0.5036071151194379,0.0,0.0,nan,0,-0.06536246881031516,-2.342899953361844e-11,-1.2245560165647317e-06,-1.1109485489605717,2
1.99,1.9590000000000005,-1.861180896469251e-05,6.033735830772911e-05,19.619998546191876,0.04860405737904919,0.004954542403723362,4,-2.186042520110204e-06,-0.002547075813288614,-0.020321065937019146,9.809995989575132,0.04853570082453451,0.00989515202169549,6,-1.728252379422368e-06,0.07918785880265879,0.5131119196261769,0.0,0.0,nan,0,-0.07104596166212772,-2.364987263120788e-11,-1.232147512276788e-06,-1.159998548960571,2
1.995,1.979,-1.8309225104367536e-05,6.067908043837798e-05,19.619998681577805,0.048596925269721584,0.004953815345089871,4,-2.1860426389040677e-06,-0.0026480450432482512,-0.020078747840475662,9.80999608979631,0.04852859190596531,0.009893702599217433,6,-1.7344314266545813e-06,0.08190466268099621,0.7054387494100504,0.0,0.0,nan,0,-0.07656876856382275,-2.3855501478490793e-11,-1.239060718170754e-06,-0.6269696881477776,2
2.0,1.9990000000000006,-1.800493293756154e-05,6.102068673276259e-05,19.61999881640132,0.048589848491559305,0.004953093926890624,4,-2.186042758704071e-06,-0.002747802775459127,-0.01983646502742463,9.809996189732887,0.0485215382684876,0.009892264447415403,6,-1.7406432646707715e-06,0.08581224282684996,0.7917476907530405,0.0,0.0,nan,0,-0.07869612476215584,-2.4050905615806135e-11,-1.2452984643827548e-06,-0.4261372723213682,2
2.005,2.019,-1.769893304275702e-05,6.136217746517327e-05,19.619998950622417,0.04858282753385489,0.00495237819901246,4,-2.1860428794755193e-06,-0.0028463491856116495,-0.019594217220522507,9.809996289345596,0.04851454039117348,0.009890837663998705,6,-1.7468845238469144e-06,0.08908117722196299,0.4180212122515797,0.0,0.0,nan,0,-0.07952456036657432,-2.4241861311506402e-11,-1.2508636861586153e-06,0.291875517853375,2
2.0100000000000002,2.0389999999999997,-1.739122599696933e-05,6.170355294038405e-05,19.61999908424388,0.04857586289282144,0.004951668212036868,4,-2.186043001142085e-06,-0.00294368444800325,-0.019352004140023093,9.80999638864659,0.048507598767578,0.009889422349577485,6,-1.7531518494290355e-06,0.0911545418443384,0.41910410146705973,0.0,0.0,nan,0,-0.07810853207006219,-2.4418521331452387e-11,-1.255759375354432e-06,0.26046963087710434,2
2.015,2.059000000000001,-1.7081812375670187e-05,6.204481346869921e-05,19.619999217222496,0.04856895507563541,0.00495096401767452,4,-2.1860431236621347e-06,-0.0030398087355261116,-0.01910982550368414,9.809996487587023,0.04850071390432868,0.009888018607488506,6,-1.7594419019564822e-06,0.09327628384763985,0.4291090815701925,0.0,0.0,nan,0,-0.07693493387550163,-2.4578572414949975e-11,-1.2599886554987513e-06,0.2114196308771043,2
2.02,2.0790000000000006,-1.6770692752778302e-05,6.23859593611082e-05,19.619999349551765,0.04856210460194667,0.004950265668898313,4,-2.1860432469732183e-06,-0.0031347222196544925,-0.018867681026697686,9.809996586165635,0.04849388632084316,0.00988662654362811,6,-1.765751357879486e-06,0.09544831334154523,0.43921409594731364,0.0,0.0,nan,0,-0.07600658566153685,-2.4733343721831664e-11,-1.263554748196334e-06,0.16236963087710438,2
2.025,2.099,-1.645786770065242e-05,6.272699093086969e-05,19.619999481206026,0.048555312003403205,0.00494957321990903,4,-2.1860433710267635e-06,-0.0032284250704317464,-0.01862557042163098,9.809996684360984,0.048487116548215574,0.009885246266293512,6,-1.772076909989373e-06,0.09767113049667021,0.4494191443106772,0.0,0.0,nan,0,-0.07532348743147518,-2.4878227826545244e-11,-1.2664609822977086e-06,0.11331963087710445,2
2.0300000000000002,2.1189999999999998,-1.614333779007419e-05,6.30679084953843e-05,19.619999612145566,0.048548577822913004,0.0049488867260588,4,-2.186043495756851e-06,-0.003320917456457053,-0.018383493398371614,9.8099967821359,0.048480405128485525,0.009883877886029242,6,-1.7784152680291876e-06,0.09994523548218484,0.4597242263698533,0.0,0.0,nan,0,-0.07488563918860688,-2.5006464359049174e-11,-1.2687108035052646e-06,0.06426963087710452,2
2.035,2.1389999999999993,-1.582710359023014e-05,6.340871237497701e-05,19.619999742380926,0.04854190261374089,0.004948206243742818,4,-2.186043621114908e-06,-0.0034121995448718767,-0.018141449664073078,9.809996879499906,0.04847375261422336,0.00988252151547972,6,-1.7847631593251312e-06,0.10227112846579972,0.47012934183167515,0.0,0.0,nan,0,-0.07469304093620469,-2.512861376075369e-11,-1.270307773919395e-06,0.01521963087710448,2
2.04,2.1590000000000007,-1.550916566869464e-05,6.374940289426419e-05,19.619999871862912,0.0485352869386272,0.004947531830337244,4,-2.186043747052363e-06,-0.003502271501346158,-0.017899438923106473,9.809996976409327,0.048467159567340046,0.009881177269247251,6,-1.7911173292375904e-06,0.10464930961375234,0.48063449040018924,0.0,0.0,nan,0,-0.07474569267752335,-2.523765498125106e-11,-1.271255559115499e-06,-0.03383036912289552,2
2.045,2.1790000000000003,-1.5189524591409102e-05,6.408998038147556e-05,19.62000000056749,0.048528731369402035,0.00494686354413847,4,-2.1860438734998267e-06,-0.00359113349006429,-0.017657460877013826,9.809997072843906,0.04846062655879515,0.009879845263755307,6,-1.797474541820332e-06,0.10708027909079308,0.4912396717766093,0.0,0.0,nan,0,-0.07504359441579878,-2.5335582425182734e-11,-1.2715579675155982e-06,-0.08288036912289551,2
2.05,2.199,-1.4868180922664183e-05,6.443044516863797e-05,19.62000012848454,0.04852223648604072,0.004946201444269675,4,-2.1860440004087267e-06,-0.0036787856737108544,-0.017415515224465033,9.809997168794343,0.04845415416788425,0.00987852561711581,6,-1.8038315804588811e-06,0.10939440592109008,0.3666838089047909,0.0,0.0,nan,0,-0.07524648387585789,-2.5422632348008334e-11,-1.2712188911272976e-06,0.13859178456187074,2
2.055,2.2189999999999994,-1.454513522507883e-05,6.477079759190793e-05,19.620000255585328,0.04851580287627593,0.0049455455906494885,4,-2.186044127730491e-06,-0.0037652282134561536,-0.017173601661218976,9.809997264230933,0.04844774298145617,0.009877218449001125,6,-1.8101852483978775e-06,0.11125614716076526,0.37748905498912155,0.0,0.0,nan,0,-0.07468227484925327,-2.5496800575123813e-11,-1.2702424018449745e-06,0.08954178456187081,2
2.06,2.2390000000000008,-1.4220388059582031e-05,6.511103799137257e-05,19.62000038183386,0.04850943113484833,0.004944896043912738,4,-2.1860442554026693e-06,-0.0038504612689415634,-0.016931719880086356,9.809997359128452,0.048441393593423976,0.0098759238805193,6,-1.8165323695043534e-06,0.11317217721471268,0.3883943329675895,0.0,0.0,nan,0,-0.07436331582919511,-2.5564891441402486e-11,-1.2686326753426584e-06,0.040491784561870824,2
2.065,2.2590000000000003,-1.3893939985390386e-05,6.545116671140093e-05,19.620000507208132,0.04850312186328456,0.00494425286538246,4,-2.1860443833766896e-06,-0.003934484998264698,-0.016689869570896337,9.80999745346447,0.04843510660416517,0.009874642034093488,6,-1.8228697888506007e-06,0.11514299624158912,0.39939964252967947,0.0,0.0,nan,0,-0.07428960681883848,-2.562123348354538e-11,-1.266393990176524e-06,-0.008558215438129187,2
2.07,2.279,-1.3565791559988227e-05,6.579118410049226e-05,19.620000631678977,0.048496875668302464,0.004943616116912668,4,-2.186044511593571e-06,-0.004017299557964422,-0.016448050420466057,9.809997547212324,0.04842888261990983,0.009873373033344277,6,-1.8291943732831606e-06,0.11706294208720246,0.3335905579045384,0.0,0.0,nan,0,-0.07424882318758672,-2.566504288409709e-11,-1.2635307809517003e-06,0.09622064356485442,2
2.075,2.2989999999999995,-1.3235943339105372e-05,6.613109051158796e-05,19.620000755225114,0.048490693162800844,0.004942985860985455,4,-2.1860446400047417e-06,-0.004098905103005721,-0.01620626211257297,9.809997640353263,0.04842272225223913,0.009872117002975222,6,-1.8355030121999794e-06,0.11876026740236374,0.3447959296902342,0.0,0.0,nan,0,-0.07389646991099513,-2.5695226739512182e-11,-1.260047630850465e-06,0.047170643564854446,2
2.08,2.319000000000001,-1.290439587669592e-05,6.64708863018522e-05,19.620000877824893,0.048484574963715076,0.004942362160494476,4,-2.1860447685512208e-06,-0.004179301786764428,-0.01596450432792943,9.809997732866567,0.048416626117488516,0.009870874068661127,6,-1.8417926182720534e-06,0.12051388215700091,0.35610133210980044,0.0,0.0,nan,0,-0.07378936665343624,-2.5718274525414186e-11,-1.2559492443900377e-06,-0.0018793564351455578,2
2.085,2.3390000000000004,-1.257114972491647e-05,6.681057183312464e-05,19.620000999443363,0.04847852169269314,0.004941745078817124,4,-2.1860448971879054e-06,-0.004258489761011847,-0.015722776744160793,9.809997824720755,0.04841059483616897,0.009869644356938885,6,-1.8480601279569076e-06,0.12208429189196833,0.31269714916984315,0.0,0.0,nan,0,-0.07344752418249281,-2.573105852149814e-11,-1.251240450996167e-06,0.0586898778007543,2
2.09,2.359,-1.2236205434102053e-05,6.715014747181192e-05,19.620001120041113,0.048472533974856284,0.004941134679685963,4,-2.1860450258349984e-06,-0.004336469175899255,-0.015481079035785692,9.809997915884763,0.04840462903249959,0.009868427995100952,6,-1.8543025022965676e-06,0.12367478647661098,0.31159690811981067,0.0,0.0,nan,0,-0.07327652194892702,-2.57245601640904e-11,-1.2459262316427085e-06,0.03485128603692524,2
2.095,2.3789999999999996,-1.1901100421319035e-05,6.709275247755032e-05,19.5852589911084,0.0577862821774454,0.005900997500587565,4,-2.1853515987831085e-06,-0.004413239061081668,-0.01523917550037539,9.77465244996978,0.06059120465318852,0.012397618219842864,4,-1.9650221762743114e-06,0.12511836641055918,0.2918839148880824,0.0,0.0,nan,0,-0.07294125599879706,3.509722511069026e-07,-5.096526594983947e-05,0.04843858215767366,2
2.1,2.399000000000001,-1.155619502539994e-05,7.140990384173643e-05,19.628329826283625,0.050006209491215044,0.005095309680832186,4,-2.186224714439272e-06,-0.004488807571592488,-0.015000691792212337,9.818218873764685,0.048937769559066896,0.009968767286260805,4,-2.2047307197473054e-06,0.1265315168377456,0.27164612920947623,0.0,0.0,nan,0,-0.07267367282229398,-2.685459098516073e-07,-2.6653396308628882e-05,0.0632735547653115,2
2.105,2.4190000000000005,-1.1188527939313843e-05,7.489021928509125e-05,19.62179405929794,0.04904351192981013,0.004998881527509507,4,-2.18649271334706e-06,-0.004563183272882999,-0.014760980692683908,9.811776937923232,0.04867029856409491,0.009920791895702533,4,-2.2697642488508918e-06,0.1278791692550171,0.2639618519716081,0.0,0.0,nan,0,-0.0723983427368527,5.213013347270103e-08,-5.677474565070997e-06,0.05826480902903622,2
2.11,2.439,-1.081142157189212e-05,7.565007951935079e-05,19.62031864390608,0.04866664139281897,0.004960841082765437,4,-2.1862208860051746e-06,-0.004636352483569609,-0.014518564210929553,9.810323848215763,0.048633519348071606,0.009914763284173692,4,-2.284842977866297e-06,0.12920821373542718,0.2677640752183337,0.0,0.0,nan,0,-0.0721428133208326,4.167953743215558e-08,-1.5604997668801544e-06,0.04518490355888645,2
2.115,2.4589999999999996,-1.0433014909662807e-05,7.569877553235855e-05,19.62005504571623,0.048638862633145576,0.004958076062458877,4,-2.1860932251649423e-06,-0.004708307179366847,-0.01427546223443273,9.810056504413257,0.04862761260530703,0.009913829259481,4,-2.2903062777898664e-06,0.1305598813819253,0.27289650704237833,0.0,0.0,nan,0,-0.0719467993786897,1.4132736837353503e-08,-8.141941550981382e-07,0.0337324759493016,2
2.12,2.479000000000001,-1.0054225556545759e-05,7.583415756606704e-05,19.620009550947103,0.04866179333920284,0.004960425040858742,4,-2.1860546180266227e-06,-0.004779046574464159,-0.014032473655713883,9.81000850637993,0.04862224321491697,0.009912783089493865,4,-2.293972116811094e-06,0.13194034265560123,0.27920600446958316,0.0,0.0,nan,0,-0.07180800050725786,3.819554731261503e-09,-6.798358471747282e-07,0.022209555585024732,2
2.125,2.4990000000000006,-9.674470112416129e-06,7.606365539386096e-05,19.62000180329616,0.048665725004530765,0.004960827780999992,4,-2.186044710691254e-06,-0.00484857138621149,-0.01378960597588503,9.809999929231978,0.04861690289721245,0.009911703006713202,4,-2.2972996982575933e-06,0.1333557933337792,0.286799952190573,0.0,0.0,nan,0,-0.07172864645302449,9.201747005317435e-10,-6.549666124214176e-07,0.010125314831113254,2
2.13,2.519,-9.293510556306746e-06,7.630718073117265e-05,19.620000531545752,0.048659702479327036,0.004960214185630646,4,-2.186042425383894e-06,-0.004916881986023071,-0.013546778885055354,9.809998417791803,0.04861161805804324,0.009910627094471143,4,-2.3005596695921393e-06,0.13481284899336402,0.2957813762814704,0.0,0.0,nan,0,-0.07171411690962594,1.9650944880889412e-10,-6.49504507721324e-07,-0.003892245634231907,2
2.1350000000000002,2.5389999999999997,-8.911350679085718e-06,7.654392754942667e-05,19.620000386439052,0.04865325417377302,0.004959556902700284,4,-2.186041988698484e-06,-0.0049839785021395236,-0.013303971276162056,9.809998195025887,0.04860639607172319,0.009909562694184559,4,-2.3038012874967984e-06,0.13631770466228202,0.30587233504942324,0.0,0.0,nan,0,-0.07177056914564739,2.6806083226586473e-11,-6.47225129219378e-07,-0.01869271269179736,2
2.14,2.559000000000001,-8.528018053419362e-06,7.677726316474107e-05,19.62000044293834,0.0486478349452107,0.0049590044696171355,4,-2.186041978359532e-06,-0.005049861037453762,-0.013061186196278723,9.809998214010035,0.048601238936331795,0.009908511271066798,4,-2.307032042299373e-06,0.1378760143773443,0.31704009219426255,0.0,0.0,nan,0,-0.07190649980831557,-1.1501293599610087e-11,-6.451361977058339e-07,-0.03524545142592507,2
2.145,2.5790000000000006,-8.14352001310408e-06,7.701034223893033e-05,19.62000053428617,0.048642789690916184,0.0049584901494688916,4,-2.186042062899546e-06,-0.005114529713476116,-0.012818426472702395,9.809998277451381,0.0485961478106453,0.009907473260692658,4,-2.3102513717482287e-06,0.13949259393611013,0.3290845680208236,0.0,0.0,nan,0,-0.07213256271802651,-1.9822393852893565e-11,-6.426779211253148e-07,-0.05411629715403764,2
2.15,2.599,-7.757855948842478e-06,7.72436372376086e-05,19.62000063007212,0.048637789525573044,0.004957980424427158,4,-2.186042167506841e-06,-0.005177984658008611,-0.012575692245059757,9.809998347765175,0.048591123750964395,0.009906448916382128,4,-2.313457178403089e-06,0.1411710077052775,0.3417115653376006,0.0,0.0,nan,0,-0.07246107701545892,-2.148444879101655e-11,-6.397535789093774e-07,-0.0764963827550939,2
2.1550000000000002,2.6189999999999998,-7.371025320285715e-06,7.747693628740792e-05,19.620000725427705,0.048632819041173676,0.004957473725079438,4,-2.186042275746647e-06,-0.005240225997106497,-0.012332982963475923,9.809998418450974,0.04858616776922614,0.009905438451008034,4,-2.316647107668268e-06,0.1429132823501839,0.354582246838249,0.0,0.0,nan,0,-0.07290703415322705,-2.1702403334318862e-11,-6.363523285142698e-07,-0.10001360493611222,2
2.16,2.6389999999999993,-6.983028447432953e-06,7.771013453757638e-05,19.620000819789006,0.048627910086393965,0.004956973298120067,4,-2.1860423840766585e-06,-0.0053012538542615215,-0.012090298180117864,9.809998488586253,0.04858128085030233,0.009904442066290986,4,-2.319818784644878e-06,0.14471943286930436,0.3672174736054178,0.0,0.0,nan,0,-0.07348760022417491,-2.1611562221908768e-11,-6.324771503114974e-07,-0.13156091730202527,2
2.165,2.6590000000000007,-6.593865864010498e-06,7.794322776112735e-05,19.620000913078147,0.04862307337446848,0.004956480235641344,4,-2.186042491723189e-06,-0.005361068351023946,-0.011847637542886875,9.809998558018291,0.048576463967427014,0.009903459960801442,4,-2.3229698532176157e-06,0.14658632286978748,0.3788291439938353,0.0,0.0,nan,0,-0.07422138422972863,-2.1448139169040784e-11,-6.281330166706871e-07,-0.16264442046462443,2
2.17,2.6790000000000003,-6.203538065805468e-06,7.817622632232977e-05,19.620001005231906,0.048618309089102085,0.004955994556385337,4,-2.1860425984850107e-06,-0.005419669607229872,-0.011605000709426466,9.809998626671444,0.04857171808752527,0.009902492331745774,4,-2.3260979830352913e-06,0.14850787187525752,0.3889645790648014,0.0,0.0,nan,0,-0.075130277900578,-2.126180288930138e-11,-6.23325425246171e-07,-0.1996923266451167,2
2.1750000000000003,2.699,-5.8120455147722265e-06,7.84091335735691e-05,19.62000109619612,0.048613616941017734,0.004955516230877564,4,-2.186042704282326e-06,-0.005477057740972962,-0.011362387325549674,9.80999869449453,0.04856704417122825,0.009901539375022458,4,-2.3292008720990354e-06,0.1504771601147802,0.3983114743578402,0.0,0.0,nan,0,-0.07623348223111504,-2.106424136660459e-11,-6.180601917312094e-07,-0.23992289148335105,2
2.18,2.7189999999999994,-5.419388667127108e-06,7.864194947579479e-05,19.62000118593004,0.04860899764262793,0.004955045331749172,4,-2.1860428090561546e-06,-0.005533232868552351,-0.011119797028893501,9.809998761453706,0.04856244317196698,0.009900601285044545,4,-2.332276248025178e-06,0.15249412712558874,0.40794748495783406,0.0,0.0,nan,0,-0.07754243898866786,-2.0853918052284346e-11,-6.123433628462599e-07,-0.2814983189359683,2
2.185,2.7390000000000008,-5.02556798021813e-06,7.887467386116335e-05,19.620001274407738,0.04860445221136674,0.004954581962720484,4,-2.186042912757924e-06,-0.005588195104441943,-0.010877229452219524,9.809998827521586,0.04855791603524503,0.009899678254602357,4,-2.3353218691415933e-06,0.15456150942246794,0.4188921026581959,0.0,0.0,nan,0,-0.07906352327093069,-2.063436745236183e-11,-6.061811538303127e-07,-0.32557960297704674,2
2.19,2.7590000000000003,-4.630583911282195e-06,7.910730689675042e-05,19.62000136158815,0.04859998162977144,0.004954126223958374,4,-2.1860430153113064e-06,-0.005641944561268026,-0.010634684223918965,9.809998892667071,0.0485534636980092,0.009898770474745452,4,-2.338335525278734e-06,0.1563362669115508,0.19023176725194457,0.0,0.0,nan,0,-0.08010985627800361,-2.0398363347214375e-11,-5.995799501040044e-07,0.10972458431998142,2
2.195,2.779,-4.234436916360459e-06,7.933984885526129e-05,19.620001447444384,0.04859558683081128,0.004953678210573336,4,-2.1860431166954852e-06,-0.00569448134978696,-0.010392160967827734,9.809998956863183,0.0485490870881041,0.009897878134663536,4,-2.3413150387341375e-06,0.1572442656676628,0.18714390219668295,0.0,0.0,nan,0,-0.07953232466601984,-2.016285395744669e-11,-5.925463377288086e-07,0.09405981028169477,2
2.2,2.7989999999999995,-3.837127450125091e-06,7.95723000065783e-05,19.62000153193749,0.048591268730403724,0.0049532380159406945,4,-2.1860432168653576e-06,-0.005745805578862156,-0.010149659303164697,9.809999020078504,0.04854478712362167,0.009897001421562465,4,-2.344258265007948e-06,0.15821591861766032,0.2008486680808686,0.0,0.0,nan,0,-0.0791907789212849,-1.991420618840558e-11,-5.850870006745479e-07,0.04500981028169479,2
2.205,2.819000000000001,-3.4386559659202535e-06,7.980466061404777e-05,19.620001615031626,0.04858702823577814,0.0049528057325493565,4,-2.1860433157584735e-06,-0.0057959173554410935,-0.009907178844578948,9.809999082279878,0.04854056471231163,0.009896140520541339,4,-2.347163093628646e-06,0.1592563579531436,0.21465345526167537,0.0,0.0,nan,0,-0.07909448321494894,-1.9654276777077457e-11,-5.772088697646928e-07,-0.004040189718305226,2
2.21,2.8390000000000004,-3.0390229157672368e-06,8.003693094461266e-05,19.620001696692462,0.0485828662452284,0.004952381451976989,4,-2.1860434133401385e-06,-0.00584481678453264,-0.009664719202212747,9.80999914343914,0.048536420751008336,0.009895295614468868,4,-2.350027449207759e-06,0.16036608377957354,0.2285582633489786,0.0,0.0,nan,0,-0.0792434375490873,-1.938475281837052e-11,-5.689190345126642e-07,-0.05309018971830525,2
2.215,2.859,-2.638228750334363e-06,8.02691112723999e-05,19.62000177688637,0.04857878364559533,0.004951965264633592,4,-2.186043509513208e-06,-0.00589250396918468,-0.009422279981761176,9.809999203527452,0.04853235612500563,0.009894466883861622,4,-2.3528492921545685e-06,0.1615455962004487,0.24256309194819925,0.0,0.0,nan,0,-0.07963764192573969,-1.910162018991693e-11,-5.602247029206568e-07,-0.1021401897183052,2
2.22,2.8789999999999996,-2.236273918899274e-06,8.050120187881725e-05,19.620001855583855,0.048574781311149305,0.0049515572596467335,4,-2.1860436042742126e-06,-0.005938979010462034,-0.00917986078453222,9.809999262512733,0.04852837170744226,0.00989365450676134,4,-2.3556266195365327e-06,0.1626528580812064,0.18855485758150922,0.0,0.0,nan,0,-0.07999201683866111,-1.882024260202067e-11,-5.511333428443382e-07,-0.01496112215204332,2
2.225,2.899000000000001,-1.8331588693173827e-06,8.073320305107369e-05,19.62000193275024,0.0485708601037885,0.004951157524884103,4,-2.1860436976023356e-06,-0.005984242007424673,-0.008937461207506745,9.809999320372038,0.04852446835876911,0.009892858658613822,4,-2.3583574660854256e-06,0.1634171269936272,0.15405822755513954,0.0,0.0,nan,0,-0.07976406907991568,-1.8521099225284364e-11,-5.416525196169568e-07,0.03339267054361664,2
2.23,2.9190000000000005,-1.4288840479902855e-06,8.096511508339446e-05,19.620002008338158,0.048567020871752825,0.004950766146824316,4,-2.1860437894073714e-06,-0.006028293057106262,-0.008695080843405464,9.809999377060377,0.04852064692600507,0.009892079512148667,4,-2.3610399047663266e-06,0.16422492689124094,0.16836311527900596,0.0,0.0,nan,0,-0.0797258592946671,-1.821547081381661e-11,-5.317900062829435e-07,-0.015657329456383363,2
2.235,2.939,-1.023449899831891e-06,8.119693827602204e-05,19.62000208234358,0.04856326444958605,0.00495038321053891,4,-2.1860438796546255e-06,-0.006071132254493036,-0.008452719280755668,9.809999432572328,0.048516908242455706,0.009891317237259788,4,-2.363672047943355e-06,0.16510451377723295,0.18276802189316355,0.0,0.0,nan,0,-0.07993289955971558,-1.789224847603302e-11,-5.215536993901576e-07,-0.0647073294563834,2
2.24,2.9589999999999996,-6.168568682368103e-07,8.142867293621685e-05,19.62000215468436,0.04855959165718966,0.0049500087996265435,4,-2.1860439682712396e-06,-0.006112759692503015,-0.008210376103963968,9.809999486845177,0.0485132531266539,0.009890572000887108,4,-2.3662520479764138e-06,0.16581788986205798,0.12509419885214967,0.0,0.0,nan,0,-0.07990774796457478,-1.7570660830630893e-11,-5.109517487434305e-07,0.030698731039542983,2
2.245,2.979000000000001,-2.0910539504892962e-07,8.166031937689802e-05,19.62000222537786,0.048556003299582005,0.004949642996143633,4,-2.1860440552641525e-06,-0.006153175461965597,-0.007968050893388005,9.809999539879948,0.04850968238238278,0.009889843966899192,4,-2.3687780981856976e-06,0.16648165726215305,0.13969914199513303,0.0,0.0,nan,0,-0.07988300803323985,-1.724001420943703e-11,-4.999923834490477e-07,-0.018351268960457016,2
2.25,2.9990000000000006,1.9980407947209932e-07,8.189187791813326e-05,19.62000229436694,0.048552500166294865,0.004949285880586739,4,-2.186044140570914e-06,-0.006192379651601512,-0.007725743225415338,9.80999959163688,0.0485061967975922,0.00988913329597775,4,-2.3712484336149697e-06,0.16716310816210825,0.1102735915395895,0.0,0.0,nan,0,-0.07998638821642429,-1.68976787161507e-11,-4.886840218739014e-07,0.024751542876342493,2
2.255,3.019,6.098711166828157e-07,8.212334888621228e-05,19.620002361615345,0.048549083029879196,0.004948937531716186,4,-2.1860442241429523e-06,-0.006230372348003179,-0.007483452672542058,9.809999642076912,0.04850279714404307,0.00988844014550328,4,-2.373661331843413e-06,0.16773899645032644,0.12215455878213434,0.0,0.0,nan,0,-0.07996177243074082,-1.6545975160982585e-11,-4.770352599224243e-07,-0.018243913157529972,2
2.2600000000000002,3.0389999999999997,1.0210952795883184e-06,8.235473261391734e-05,19.620002427115935,0.04854575264703494,0.0049485980266691515,4,-2.186044305910878e-06,-0.006267153635615463,-0.007241178803455347,9.809999691201787,0.048499484176953093,0.00988776466944243,4,-2.376015113769725e-06,0.16829516989203708,0.10498088092905788,0.0,0.0,nan,0,-0.07997932694338858,-1.618119229040597e-11,-4.6505483835606425e-07,0.0017357794014695432,2
2.265,3.059000000000001,1.4334761328750792e-06,8.258602944061633e-05,19.62000249080992,0.04854250975674707,0.0049482674407900365,4,-2.186044385871222e-06,-0.00630272359671686,-0.006998921183118947,9.809999738952127,0.048496258633949595,0.009887107018237253,4,-2.378308144528052e-06,0.168808807080616,0.09160619545688833,0.0,0.0,nan,0,-0.07999329556005505,-1.5818584124689984e-11,-4.5275169217556084e-07,0.011961251784394888,2
2.27,3.0790000000000006,1.847013242941335e-06,8.281723971164756e-05,19.620002552683253,0.04853935508062199,0.004947945847640442,4,-2.1860444639754117e-06,-0.006337082311401093,-0.006756679372859793,9.809999785317837,0.04849312123507902,0.009886467338695843,4,-2.3805388340916722e-06,0.16927136306667487,0.08156472963585652,0.0,0.0,nan,0,-0.07999042863051184,-1.5440741034540883e-11,-4.401348253038544e-07,0.01406070291597841,2
2.275,3.099,2.2617061779317347e-06,8.304836377933533e-05,19.620002612691888,0.04853628932096256,0.004947633318821798,4,-2.186044540174875e-06,-0.006370229857559185,-0.006514452930460424,9.809999830261676,0.0484900726819074,0.009885845773886003,4,-2.3827056381472977e-06,0.1696945618499553,0.08318613356873851,0.0,0.0,nan,0,-0.07999808275225301,-1.5060054885270327e-11,-4.272134926262476e-07,-0.006679884705727313,2
2.2800000000000002,3.1189999999999998,2.6775545077668497e-06,8.327940200195793e-05,19.620002670826175,0.04853331316217181,0.004947329924102211,4,-2.1860446144487955e-06,-0.006402166310861961,-0.006272241410250131,9.809999873772604,0.04848711365726785,0.009885242463029981,4,-2.3848070588028403e-06,0.17006641879162684,0.07035386140082203,0.0,0.0,nan,0,-0.07999005749571855,-1.4664925178538606e-11,-4.139970151324984e-07,0.0021731865617910175,2
2.285,3.1389999999999993,3.094557804176881e-06,8.351035474443331e-05,19.62000272703578,0.04853042726902681,0.004947035731259438,4,-2.1860446867347227e-06,-0.00643289174474305,-0.0060300443632019226,9.809999915806767,0.048484244824465894,0.009884657541401944,4,-2.386841645309057e-06,0.17040119954957506,0.06452936966731976,0.0,0.0,nan,0,-0.07998768851415079,-1.426298136697094e-11,-4.0049491018861293e-07,-0.0023196425628174383,2
2.29,3.1590000000000007,3.512715640732525e-06,8.374122237781666e-05,19.620002781318483,0.04852763228571076,0.004946750805959841,4,-2.1860447569979624e-06,-0.006462406230382341,-0.005787861337029842,9.809999956359892,0.04848146682714649,0.009884091140227909,4,-2.388807994836706e-06,0.17070153928183732,0.05729805621419897,0.0,0.0,nan,0,-0.07999310071449936,-1.3856915963446657e-11,-3.8671682957352293e-07,-0.003000513130586266,2
2.295,3.1790000000000003,3.932027592875436e-06,8.397200527940249e-05,19.620002833619182,0.04852492883748133,0.004946475211953905,4,-2.1860448252072895e-06,-0.006490709836689968,-0.005545691876289455,9.809999995389136,0.048478780288428315,0.009883543386588003,4,-2.390704753059414e-06,0.17095768511320447,0.0469058158710681,0.0,0.0,nan,0,-0.07999318299005746,-1.3440849670916554e-11,-3.726725269615411e-07,0.0006779587353019598,2
2.3000000000000003,3.199,4.352493237951602e-06,8.42027038327493e-05,19.620002883933246,0.04852231752757664,0.004946209010734794,4,-2.1860448913141317e-06,-0.006517802630290774,-0.005303535522481113,9.810000032884794,0.04847618581079373,0.00988301440332177,4,-2.3925306149655268e-06,0.17117284572581448,0.03864274105018338,0.0,0.0,nan,0,-0.0799927793193902,-1.3016347459756139e-11,-3.5837192500114815e-07,0.0019115877569437934,2
2.305,3.2189999999999994,4.774112155240597e-06,8.443331842769903e-05,19.62000293221596,0.04851979893827775,0.004945952261669487,4,-2.186044955280325e-06,-0.006543684675509319,-0.005061391814155043,9.810000068810954,0.0484736839753416,0.009882504308935643,4,-2.3942843254270985e-06,0.17135324624871323,0.03352818561431108,0.0,0.0,nan,0,-0.07999648508359028,-1.259265349095765e-11,-3.4382508938639986e-07,-0.0025151393399531694,2
2.31,3.2390000000000008,5.196883925986576e-06,8.466384945992848e-05,19.62000297847407,0.04851737363044174,0.0049457050219281,4,-2.1860450171128087e-06,-0.006568356034355403,-0.004819260287018033,9.810000103169562,0.04847127534166537,0.009882013217513533,4,-2.3959646798937806e-06,0.1714921845939943,0.024727522552332813,0.0,0.0,nan,0,-0.07999494526483913,-1.215696911349321e-11,-3.290421701296826e-07,-0.0017208396139278364,2
2.315,3.2590000000000003,5.620808133428554e-06,8.489429733154635e-05,19.620003022632922,0.04851504214259494,0.004945467346424947,4,-2.1860450767179074e-06,-0.0065918167665101396,-0.004577140474043864,9.810000135895761,0.0484689604469123,0.009881541238630482,4,-2.3975705249132395e-06,0.17159165824723446,0.01541046181288256,0.0,0.0,nan,0,-0.07999578438671445,-1.1708943496887038e-11,-3.140334501281968e-07,0.0014619882803972753,2
2.32,3.279,6.0458843628317345e-06,8.512466245030016e-05,19.620003064721182,0.04851280499091325,0.004945239287769974,4,-2.18604513410256e-06,-0.006614066929312585,-0.004335031905584256,9.810000167014707,0.0484667398061505,0.009881088477269512,4,-2.3991007589152513e-06,0.17165123595062942,0.0077072899376292876,0.0,0.0,nan,0,-0.07999662599977816,-1.1264556747266377e-11,-2.988093624114936e-07,0.0003280272447894605,2
2.325,3.2989999999999995,6.472112201515372e-06,8.535494522998891e-05,19.620003104692145,0.048510662668352106,0.004945020896225111,4,-2.186045189239011e-06,-0.006635106577746918,-0.004092934109482583,9.810000196485325,0.04846461391120166,0.00988065503374104,4,-2.400554332586402e-06,0.17167624627146155,0.004140234619300911,0.0,0.0,nan,0,-0.07999643044222263,-1.08083390170061e-11,-2.833804181372953e-07,-2.2126959660694448e-05,2
2.33,3.319000000000001,6.899491238883316e-06,8.558514609034478e-05,19.62000314251646,0.04850861564481076,0.004944812219697642,4,-2.1860452420509324e-06,-0.006654935764430207,-0.0038508466111894387,9.81000022428408,0.048462583230681505,0.009880241003606753,4,-2.4019302494945882e-06,0.1716959878893338,0.0037978692371828005,0.0,0.0,nan,0,-0.0799964869554527,-1.0340716631747665e-11,-2.6775722367427396e-07,-5.1132805921242425e-06,2
2.335,3.3390000000000004,7.328021066453658e-06,8.581526545668204e-05,19.620003178190426,0.04850666436612532,0.004944613303635473,4,-2.186045292548733e-06,-0.006673554539600748,-0.003608768933880057,9.810000250403855,0.04846064820963013,0.009879846477605363,4,-2.4032275666371894e-06,0.17171427176461176,0.0035344727064714134,0.0,0.0,nan,0,-0.07999649750603002,-9.87826522124872e-12,-2.5195055122911173e-07,-8.655700393228667e-07,2
2.34,3.359,7.757701277884838e-06,8.604530375994933e-05,19.620003211703565,0.04850480925469747,0.004944424191099395,4,-2.186045340701187e-06,-0.00669096295110701,-0.0033667005985728578,9.810000274836112,0.04845880926908209,0.009879471541582939,4,-2.404445394968424e-06,0.17173129561069983,0.0032884268908259613,0.0,0.0,nan,0,-0.07999649759013555,-9.406070493485666e-12,-2.3597119792411606e-07,7.040476528185557e-08,2
2.345,3.3789999999999996,8.188531469005801e-06,8.627526143707024e-05,19.620003243005705,0.04850305070840053,0.0049442449226598665,4,-2.1860453864562535e-06,-0.0067071610443971506,-0.003124641124251084,9.810000297535643,0.04845706680556734,0.009879116276426654,4,-2.4055828997116002e-06,0.17174709973406554,0.003045552266785896,0.0,0.0,nan,0,-0.0799964954413092,-8.917330334031227e-12,-2.1983007449915411e-07,2.738559564133762e-07,2
2.35,3.399000000000001,8.620511237844116e-06,8.650513893002455e-05,19.6200032721,0.04850138910016458,0.004944075536331274,4,-2.186045429789646e-06,-0.006722148862509174,-0.0028825900279844273,9.810000318507232,0.048455421191230454,0.009878780758001814,4,-2.406639300997493e-06,0.17176169133984903,0.0028032385514607902,0.0,0.0,nan,0,-0.07999649287480974,-8.438715852650577e-12,-2.0353822711332433e-07,3.171898088486439e-07,2
2.355,3.4190000000000005,9.053640184651211e-06,8.673493668621221e-05,19.620003298992692,0.04849982477812052,0.0049439160675992895,4,-2.1860454707013643e-06,-0.0067359264460616864,-0.0026405468250527003,9.810000337754907,0.04845387277329224,0.009878465057093213,4,-2.407613874259862e-06,0.1717750717086746,0.0025610262488415607,0.0,0.0,nan,0,-0.07999649028480812,-7.949751872234375e-12,-1.8710671177784446e-07,3.2623726546720444e-07,2
2.36,3.439,9.487917911929738e-06,8.69646551586765e-05,19.620003323608636,0.0484983580655776,0.004943766549439857,4,-2.1860455091324282e-06,-0.006748493833245269,-0.002398511029071841,9.810000355211885,0.048452421873428755,0.009878169239349071,4,-2.4085059503534123e-06,0.1717872410887846,0.00231883736347776,0.0,0.0,nan,0,-0.07999648775543655,-7.447476317752916e-12,-1.7054668564658185e-07,3.2810021627948585e-07,2
2.365,3.4589999999999996,9.923344024461645e-06,8.719429480529252e-05,19.620003345997493,0.04849698925974753,0.00494362701213718,4,-2.1860455450758987e-06,-0.0067598510598144935,-0.002156482152119743,9.810000370920978,0.048451068788417394,0.009877893365231082,4,-2.409314916414218e-06,0.17179819955212713,0.0020766582121540932,0.0,0.0,nan,0,-0.07999648530469665,-6.952920810095491e-12,-1.538694091299185e-07,3.2847934692103387e-07,2
2.37,3.479000000000001,1.0359918129331023e-05,8.742385608914998e-05,19.620003366118723,0.04849571863258956,0.00494349748342404,4,-2.186045578517898e-06,-0.006769998159080569,-0.001914459704864069,9.810000384848463,0.04844981378897789,0.009877637489965563,4,-2.4100402157001266e-06,0.17180794713856032,0.0018344860376566076,0.0,0.0,nan,0,-0.07999648293671754,-6.4486344196718335e-12,-1.37086162604043e-07,3.2855579503509524e-07,2
2.375,3.4990000000000006,1.0797639835949875e-05,8.76533394782917e-05,19.620003383956195,0.04849454643023743,0.00494337798839451,4,-2.186045609399445e-06,-0.0067789351619046145,-0.0016724431966911619,9.810000396980767,0.04844865712004176,0.009877401663501022,4,-2.410681348159749e-06,0.1718164838803769,0.0015923199562403964,0.0,0.0,nan,0,-0.07999648065272535,-5.935795315155672e-12,-1.2020829072705722e-07,3.285710385970635e-07,2
2.38,3.519,1.1236508756084928e-05,8.788274544550315e-05,19.620003399513276,0.04849347287210194,0.004943268549413702,4,-2.186045637737888e-06,-0.006786662096691617,-0.00143043213583592,9.810000407317084,0.04844759900052225,0.009877185930468699,4,-2.4112378707100146e-06,0.17182380980652417,0.001350159407371844,0.0,0.0,nan,0,-0.07999647845330948,-5.424452347187497e-12,-1.032472287361628e-07,3.285740112671736e-07,2
2.3850000000000002,3.5389999999999997,1.1676524503877052e-05,8.811207446816224e-05,19.62000341280023,0.04849249815188362,0.004943169186224174,4,-2.1860456634985315e-06,-0.006793178989384999,-0.0011884260295119645,9.810000415864003,0.04844663962311529,0.009876990330147384,4,-2.4117093973680115e-06,0.1718299249433307,0.0011080038857864834,0.0,0.0,nan,0,-0.07999647633888526,-4.903528598606017e-12,-8.621439020366922e-08,3.285745271163147e-07,2
2.39,3.559000000000001,1.211768669586921e-05,8.83413270290287e-05,19.620003423733746,0.0484916224369229,0.004943079915905009,4,-2.186045686636273e-06,-0.00679848586346186,-0.000946424384044786,9.810000422562497,0.048445779153786374,0.009876814896432332,4,-2.4120955994730298e-06,0.17183482931462896,0.0008658528951177703,0.0,0.0,nan,0,-0.07999647430978721,-4.381814815320213e-12,-6.912130256369477e-08,3.285745625635154e-07,2
2.395,3.5790000000000006,1.2559994951026039e-05,8.857050361406808e-05,19.62000343238915,0.04849084586765762,0.00494300075275296,4,-2.1860457071788686e-06,-0.006802582739928887,-0.0007044267050012957,9.810000427463738,0.04844501773250682,0.009876659657808337,4,-2.412396206026568e-06,0.17183852294177288,0.0006237059399425039,0.0,0.0,nan,0,-0.07999647236628747,-3.860134782814358e-12,-5.1979474800671715e-08,3.285744897359936e-07,2
2.4,3.599,1.3003448890755647e-05,8.879960471439671e-05,19.62000343873723,0.048490168557913854,0.004942931708378411,4,-2.186045725091623e-06,-0.006805469637318904,-0.0004624324973250214,9.810000430543482,0.04844435547222959,0.009876524637327815,4,-2.4126110036090664e-06,0.17184100584363898,0.00038156252450502774,0.0,0.0,nan,0,-0.07999647050859976,-3.3239681161939836e-12,-3.4800450102338956e-08,3.285744008288897e-07,2
2.4050000000000002,3.6189999999999998,1.3448048138932997e-05,8.902863082531854e-05,19.620003442746523,0.04848959059494686,0.004942872791683772,4,-2.1860457403259648e-06,-0.006807146571688112,-0.0002204412654687373,9.810000431784248,0.04844379245920092,0.009876409852591604,4,-2.4127398367337904e-06,0.1718422780366234,0.00013942215260459844,0.0,0.0,nan,0,-0.07999646873687961,-2.7963959080518372e-12,-1.75958267243857e-08,3.285743148820845e-07,2
2.41,3.6389999999999993,1.3911303493322361e-05,0.0001005062473296955,19.62012103822692,0.039928064500237455,0.00407011398374592,4,-2.186048441401439e-06,-0.006807661161781013,-1.2518098303149615e-05,9.810119345685967,0.03511868135956823,0.007159684836048765,4,-2.412499501787402e-06,0.1718423696286363,-7.989875242267377e-05,0.0,0.0,nan,0,-0.07999646733164217,-1.6083187194414444e-09,2.135358857106652e-07,3.285742158084462e-07,2
2.415,3.6590000000000007,1.4455084239577881e-05,0.00010918266698164533,19.620085613610375,0.0044329690071577225,0.00045188069965225734,4,-2.1860545343227455e-06,-0.0068074400626638954,8.025535795299317e-05,9.810084401012494,0.007367116578255689,0.0015019476443027,4,-2.4096080150567967e-06,0.17184164540542066,-0.00018126875726509986,0.0,0.0,nan,0,-0.07999646857416515,2.1018969418984776e-10,8.656292241677256e-07,3.2857411954944555e-07,2
2.42,3.6790000000000003,1.4909694900403693e-05,6.773951226158779e-05,19.61995313960768,0.026628234827006825,0.002714403509277625,4,-2.18604648713136e-06,-0.006806971619155502,9.520056414499234e-05,9.809953714852945,0.014909694721022507,0.0030397074551836473,4,-2.4048739049320478e-06,0.17184076340723428,-0.0001546909454033943,0.0,0.0,nan,0,-0.07999647167345211,2.292652490172413e-09,9.198337758339958e-07,3.285740318493762e-07,2
2.4250000000000003,3.699,1.5083666716393895e-05,5.019656188603675e-06,19.61989147255793,0.035231308916288194,0.0035913867276550163,4,-2.186035372095385e-06,-0.006806582887884626,5.556285315243647e-05,9.80989265189315,0.023231077791134754,0.004736255250795539,4,-2.4012958724436984e-06,0.17184024215942634,-5.2253522894536185e-05,0.0,0.0,nan,0,-0.07999647361972975,1.8730547958046886e-09,4.881979866435196e-07,3.2857393045581596e-07,2
2.43,3.7189999999999994,1.4972362418555697e-05,-4.241192914242746e-05,19.61989476522273,0.023513723113860054,0.002396926527408224,4,-2.1860296377518296e-06,-0.006806457651489288,-1.849045585297224e-06,9.8098958348128,0.01709949260821295,0.0034861721054226173,4,-2.400346496032879e-06,0.1718402700818638,5.266980856613589e-05,0.0,0.0,nan,0,-0.07999647293197112,3.538798286474334e-10,-7.526828873043878e-08,3.2857382999972806e-07,2
2.435,3.7390000000000008,1.4713444928382926e-05,-5.4254423023316665e-05,19.619957151420227,0.0031837678091103288,0.00032454380858623497,4,-2.186033017468475e-06,-0.0068065847676685035,-4.225627077267446e-05,9.809957555153943,0.004181027422417905,0.0008524047935806373,4,-2.401824892431237e-06,0.17184069836928367,0.00010499936681138972,0.0,0.0,nan,0,-0.07999646980732611,-1.453100269792503e-09,-4.4602585810676187e-07,3.285737322392615e-07,2
2.44,3.7590000000000003,1.4484554475877033e-05,-3.439784412233332e-05,19.620022497206946,0.013379621965310146,0.0013638742735605765,4,-2.1860419701993927e-06,-0.0068068307173742865,-5.015475685008551e-05,9.810022093073382,0.007510113849514202,0.001531110486451791,4,-2.4042740576560306e-06,0.1718412158623664,9.312110478278685e-05,0.0,0.0,nan,0,-0.07999646570633975,-1.8508125306947424e-09,-4.812669836383107e-07,3.285736310273338e-07,2
2.445,3.779,1.4396663604392675e-05,-2.1524612695857793e-06,19.620057638764663,0.018123256740408152,0.00184742135564381,4,-2.1860494582234824e-06,-0.006807038111726983,-3.0489242694805112e-05,9.810056846723702,0.011843513368878091,0.002414565695984424,4,-2.406165055181264e-06,0.17184155419964658,4.1290030017685385e-05,0.0,0.0,nan,0,-0.07999646216498632,-1.0636817159447282e-09,-2.607661036376151e-07,3.2857353151138273e-07,2
2.45,3.7989999999999995,1.4456845023834431e-05,2.2479015653584226e-05,19.620053322913396,0.012322747193813419,0.0012561379921860075,4,-2.1860520081143364e-06,-0.006807113159349101,-1.032160989441819e-06,9.8100526888099,0.008968927453820677,0.0018285176926830014,4,-2.4066918721601938e-06,0.17184161251699365,-1.2718715092642951e-05,0.0,0.0,nan,0,-0.07999645999275203,-3.68921989778421e-11,2.997089467244429e-08,3.285734361387841e-07,2
2.455,3.819000000000001,1.4594577213188672e-05,2.9096288664220017e-05,19.620023091875048,0.002038090593135016,0.00020775618699236096,4,-2.186050255145039e-06,-0.006807055935704183,2.0447345417572274e-05,9.810022881307436,0.002434632399991609,0.0004963561103676308,4,-2.4059736312767588e-06,0.1718414614113481,-4.073568989311179e-05,0.0,0.0,nan,0,-0.07999645906987898,6.246072318095734e-10,2.2269944910231056e-07,3.285733292362973e-07,2
2.46,3.8390000000000004,1.4719824819336767e-05,1.9441795608839267e-05,19.619989731368175,0.006573405600252493,0.0006700722773308103,4,-2.1860464786173373e-06,-0.006806933829363038,2.527785706084672e-05,9.809989895069046,0.0036405908350393905,0.0007422211182642134,4,-2.404730206961858e-06,0.17184125830658886,-3.583191294431214e-05,0.0,0.0,nan,0,-0.07999645867421346,7.985936717315206e-10,2.4720767360548306e-07,3.2857322442058567e-07,2
2.465,3.859,1.4774480019035098e-05,3.055630849670415e-06,19.619971066436616,0.009245612685328447,0.0009424695534994627,4,-2.186042989862913e-06,-0.006806828125494592,1.572968152322155e-05,9.809971404202955,0.006014868482347346,0.001226276455764255,4,-2.4037442847915647e-06,0.1718411425956622,-9.81778637411001e-06,0.0,0.0,nan,0,-0.07999645802075853,5.50497358016269e-10,1.3885945849007718e-07,3.2857312080569125e-07,2
2.47,3.8789999999999996,1.4752904046974452e-05,-9.801902727660745e-06,19.61997242134605,0.006470489815431776,0.0006595819480757314,4,-2.1860414529360772e-06,-0.006806788656591906,7.524806177677289e-07,9.809972716281035,0.004681301607299866,0.0009543964581125869,4,-2.403444954911238e-06,0.1718411697497797,1.8096724932610202e-05,0.0,0.0,nan,0,-0.07999645667876,7.410851453182591e-11,-9.473228125771361e-09,3.28573015873184e-07,2
2.475,3.899000000000001,1.4689896756994902e-05,-1.3582763116909417e-05,19.619987449170686,0.0012483218381289286,0.00012725001393226618,4,-2.1860422319310013e-06,-0.006806817352936605,-1.0480958822224992e-05,9.809987556670515,0.001383850873879295,0.00028213101512821295,4,-2.4037897487158566e-06,0.17184130689932142,3.319079194675136e-05,0.0,0.0,nan,0,-0.0799964546903224,-3.294733982460691e-10,-1.1089044354922076e-07,3.2857290908127535e-07,2
2.48,3.9190000000000005,1.4631479765578212e-05,-8.939283385467922e-06,19.620004615033327,0.003217148399840148,0.0003279457332415804,4,-2.186044320083569e-06,-0.006806880868177601,-1.3311060321123449e-05,9.810004520265927,0.0017572506955959657,0.0003582568574694868,4,-2.404420128894469e-06,0.17184147467627106,3.145717106669332e-05,0.0,0.0,nan,0,-0.07999645241498979,-4.4659597388407586e-10,-1.2701274058129363e-07,3.285728024510151e-07,2
2.485,3.939,1.460826189203685e-05,-6.304302608330295e-07,19.620014550280423,0.004710844184616924,0.00048020802151235844,4,-2.1860462337368325e-06,-0.006806937589848444,-8.683211117447366e-06,9.810014352059099,0.0030513872368863365,0.000622096385872434,4,-2.40493384184165e-06,0.17184160085929323,1.860021606193533e-05,0.0,0.0,nan,0,-0.07999645025649947,-2.9360227484109555e-10,-7.383890031791726e-08,3.285726952767458e-07,2
2.49,3.9589999999999996,1.4624223501264033e-05,6.069411900974688e-06,19.620014243814783,0.0033918632828241983,0.00034575543530948095,4,-2.1860470363656292e-06,-0.006806961188030767,-1.0738555980939386e-06,9.810014069867025,0.0024400856279113647,0.0004974683238032176,4,-2.40510232744906e-06,0.17184165513805388,4.370755474778953e-06,0.0,0.0,nan,0,-0.07999644844434806,-3.8774993786791567e-11,1.8368159186500693e-09,3.2857258509776877e-07,2
2.495,3.979000000000001,1.4662253511130807e-05,8.203993675867217e-06,19.620006769256285,0.000745778196921446,7.602221606671907e-05,4,-2.1860466694681446e-06,-0.006806949688197221,4.793261640438535e-06,9.810006695898888,0.0007788367531303352,0.00015878414302325215,4,-2.4049378744075978e-06,0.17184165264905615,-3.5512168784267797e-06,0.0,0.0,nan,0,-0.07999644696630534,1.5675336949139414e-10,5.505869702222125e-08,3.2857247306205475e-07,2
2.5,3.9990000000000006,1.4698858745729038e-05,5.98274264239503e-06,19.619997972870145,0.001569280714589645,0.00015996746959501138,4,-2.1860456662324557e-06,-0.006806919558122715,6.423975198264973e-06,9.80999800155976,0.0008441059364706313,0.0001720909497303508,4,-2.4046189113571814e-06,0.17184163335319827,-2.88096338418701e-06,0.0,0.0,nan,0,-0.07999644564340957,2.1764419653858275e-10,6.510035456592358e-08,3.285723640861155e-07,2
2.505,4.0,1.4717945978685926e-05,1.7747423210078607e-06,19.619992707570454,0.0023975615611214235,0.0002443998422279041,4,-2.1860447064273036e-06,-0.006806892078815849,4.1909962430237595e-06,9.809992788950861,0.0015461234294709574,0.0003152139787936193,4,-2.404351876962585e-06,0.17184163214085763,2.6351860163818e-06,0.0,0.0,nan,0,-0.07999644482007298,1.5287039954581522e-10,3.911802205420325e-08,1.0628712309934075e-07,2
2.5100000000000002,4.0,1.4716918697021971e-05,-1.7117565913260127e-06,19.619992651636327,0.0017752653365695507,0.00018096493389068542,4,-2.1860442630805554e-06,-0.006806881135156355,3.295765680642126e-07,9.809992724712785,0.0012701621656119786,0.0002589527232598771,4,-2.40425810184991e-06,0.1718416640329539,9.616721309746757e-06,0.0,0.0,nan,0,-0.07999644466785269,2.7629068906190282e-11,5.783240879032874e-10,1.9098939914135693e-08,2
2.515,4.0,1.4704165744572886e-05,-2.9054570225277436e-06,19.619996355697623,0.00043686309486726385,4.453243384424986e-05,4,-2.186044424225958e-06,-0.0068068882431495115,-2.7303984200305626e-06,9.809996380365192,0.0004346301062202621,8.86096364092812e-05,4,-2.4043361872352897e-06,0.1718417248405022,1.3802202546801247e-05,0.0,0.0,nan,0,-0.07999644454704918,-7.789198387830603e-11,-2.7319149359876644e-08,3.1823723421970907e-09,2
2.52,4.0,1.4691666689360262e-05,-1.8495560594891537e-06,19.620000865077696,0.0007626669296474355,7.774382222428259e-05,4,-2.1860449400772086e-06,-0.006806905291382977,-3.657646235345926e-06,9.810000836743457,0.00040327249055399964,8.221660675981565e-05,4,-2.4044975770881605e-06,0.1718417951803575,1.3661761634239567e-05,0.0,0.0,nan,0,-0.07999644437811212,-1.1362179987306214e-10,-3.3382392765894794e-08,5.208423715592465e-10,2
2.525,4.0,1.4687868521251244e-05,2.789170937797379e-07,19.62000365256238,0.0012188296774913751,0.0001242435729447171,4,-2.186045444017848e-06,-0.006806921408533447,-2.585638929596253e-06,9.810003595332143,0.0007824514192092473,0.0001595211279191698,4,-2.4046364269711407e-06,0.17184185586177056,1.0459264375457362e-05,0.0,0.0,nan,0,-0.07999644423761199,-8.0641404125334e-11,-2.0723675332505586e-08,8.441121634405748e-11,2
2.5300000000000002,4.0,1.469438572748865e-05,2.0908694482938466e-06,19.620003786847704,0.0009277665654524362,9.457353581902626e-05,4,-2.186045681550064e-06,-0.006806929286019559,-6.284907528334888e-07,9.810003733029795,0.0006603088034996758,0.00013461948057704584,4,-2.404688442959879e-06,0.17184189798361352,6.689817476099164e-06,0.0,0.0,nan,0,-0.07999644418517339,-1.6164161469209336e-11,-1.1119355598985859e-09,1.3548484661504706e-11,2
2.535,4.0,1.4707118785534423e-05,2.753088144566613e-06,19.620001953769375,0.0002519103847456085,2.5678935745183424e-05,4,-2.1860456096041425e-06,-0.0068069278893786766,9.652357537100284e-07,9.810001924592095,0.00024077957519567006,4.908858877837209e-05,4,-2.404651837553673e-06,0.17184192461469344,4.433810925697203e-06,0.0,0.0,nan,0,-0.07999644422182116,3.77547127851124e-11,1.3485259090013795e-08,2.147367277990911e-12,2
2.54,4.0,1.4719966011439177e-05,2.2548169835711207e-06,19.619999646307722,0.00036914427688350176,3.7629386701132875e-05,4,-2.186045353895494e-06,-0.006806921202903764,1.4868298299018284e-06,9.809999644267025,0.00019147485308851624,3.903666871189223e-05,4,-2.4045704817912683e-06,0.17184194584162638,4.410475288945311e-06,0.0,0.0,nan,0,-0.07999644430342796,5.7137281668342926e-11,1.705627066179288e-08,3.416907807779398e-13,2
2.545,4.0,1.4728500958254792e-05,1.1795879664178929e-06,19.619998174542477,0.0006188839791017154,6.308705776586009e-05,4,-2.186045096143341e-06,-0.006806914774009769,9.751336473891083e-07,9.809998187690521,0.00039547788442088487,8.062751426745955e-05,4,-2.4044985812085584e-06,0.17184197163838327,5.997396064685365e-06,0.0,0.0,nan,0,-0.07999644437558556,4.208511237957785e-11,1.0914574566096734e-08,5.15810667483992e-14,2
2.5500000000000003,4.0,1.4731751639881437e-05,2.3910207896228383e-07,19.619998050770324,0.00048416044682974456,4.935377114481776e-05,4,-2.186044967902173e-06,-0.006806912442939583,-1.5616630780052343e-08,9.809998062911143,0.00034283413705015126,6.989484296562935e-05,4,-2.4044701247213918e-06,0.17184200681721176,7.928629222639585e-06,0.0,0.0,nan,0,-0.07999644440417017,9.819327668861234e-12,9.481385909239613e-10,1.393828896466849e-14,2
2.555,4.0,1.4731714366028481e-05,-1.257709009704664e-07,19.61999895525156,0.00014341343662474233,1.4619107468031314e-05,4,-2.1860449982875896e-06,-0.006806914871266141,-8.445726359646887e-07,9.809998955260381,0.0001325440568309108,2.70222366863428e-05,4,-2.404487312680781e-06,0.1718420500433782,9.122455441768643e-06,0.0,0.0,nan,0,-0.0799964443869518,-1.8408239725761832e-11,-6.679100085276005e-09,3.752658847547453e-15,2
2.56,4.0,1.473149343486795e-05,1.0733713802390193e-07,19.620000135108032,0.00017786008622710183,1.813048776782004e-05,4,-2.1860451270665215e-06,-0.006806920107856351,-1.13537075877247e-06,9.810000121162615,9.026931674431066e-05,1.8403530199673953e-05,4,-2.404528466143363e-06,0.17184209626145197,9.18014280094243e-06,0.0,0.0,nan,0,-0.07999644434566952,-2.9238739334022714e-11,-8.745681819015531e-09,4.0031251619028864e-15,2
2.565,4.0,1.4733404825770377e-05,6.497870927671893e-07,19.620000910948228,0.0003138772181828937,3.199563747295709e-05,4,-2.186045260497982e-06,-0.006806925325143675,-8.927413717214834e-07,9.810000888876385,0.0001996292568799945,4.06991312521399e-05,4,-2.4045658549090576e-06,0.17184214032788714,8.395060741480066e-06,0.0,0.0,nan,0,-0.07999644430814731,-2.2052703123495775e-11,-5.77834832853769e-09,2.179694866258529e-15,2
2.57,4.0,1.473802023029542e-05,1.1373381605065855e-06,19.620001002259237,0.00025231161497243454,2.5719837113502793e-05,4,-2.186045329196501e-06,-0.0068069285086669856,-3.9183572629113687e-07,9.810000980394179,0.000177780579541712,3.6244762849059076e-05,4,-2.404581544372675e-06,0.17184217965653112,7.406601311915211e-06,0.0,0.0,nan,0,-0.07999644429238913,-5.678641905479447e-12,-7.189700006947127e-10,4.117700178044203e-15,2
2.575,4.0,1.4744371321048658e-05,1.3371945117242807e-06,19.62000055700723,8.078708144295351e-05,8.235176263957914e-06,4,-2.186045316668328e-06,-0.006806929252384243,3.8777758923921464e-08,9.81000054120497,7.255707216691767e-05,1.479247057370813e-05,4,-2.404573750079686e-06,0.1718422148096692,6.776128759179275e-06,0.0,0.0,nan,0,-0.07999644430019595,8.90249084018186e-12,3.2604690988826078e-09,1.5872798603185458e-15,2
2.58,4.0,1.4750880581717564e-05,1.2292657067793132e-06,19.619999954484264,8.525674832272055e-05,8.690800053058576e-06,4,-2.1860452524766205e-06,-0.0068069285086091655,1.996839879226874e-07,9.809999945835093,4.220773852879896e-05,8.605043580396463e-06,4,-2.404553158925904e-06,0.1718422483171315,6.723148618972178e-06,0.0,0.0,nan,0,-0.07999644432085126,1.4800794463479213e-11,4.4393976079206095e-09,4.2513710302090735e-15,2
2.585,4.0,1.4756338063807207e-05,9.559755486887156e-07,19.61999954632097,0.00015899478254770933,1.6207419594718914e-05,4,-2.186045183961982e-06,-0.0068069277169474285,8.552627961068577e-08,9.809999541966052,0.00010063416755875113,2.051665081700559e-05,4,-2.4045339412429034e-06,0.17184228282847214,7.110593769142868e-06,0.0,0.0,nan,0,-0.07999644434013747,1.1497040304345126e-11,3.012815073151373e-09,2.9151065977702357e-15,2
2.59,4.0,1.4760413396569195e-05,7.035336974458179e-07,19.619999485234374,0.00013131107536612017,1.3385431071488285e-05,4,-2.1860451472240083e-06,-0.006806927932430024,-1.6739386997907974e-07,9.80999948094682,9.207877444921965e-05,1.8772432073631996e-05,4,-2.4045255420587774e-06,0.1718423197290928,7.615953053683228e-06,0.0,0.0,nan,0,-0.07999644434857336,3.2723669175532306e-12,4.476876764371553e-10,3.9311827099071815e-15,2
2.595,4.0,1.4763574225131428e-05,5.94628764334782e-07,19.61999970376464,4.510624336049504e-05,4.59798614082957e-06,4,-2.1860451519910284e-06,-0.00680692939726039,-3.908011848440561e-07,9.809999696481187,3.952348281714039e-05,8.057794911312244e-06,4,-2.404529211533224e-06,0.17184235879355186,7.948262585362055e-06,0.0,0.0,nan,0,-0.0799964443448991,-4.290413706417636e-12,-1.62569965827403e-09,9.274464082823135e-15,2
2.6,4.0,1.4766621255067054e-05,6.439677096898955e-07,19.620000011136177,4.062967394173355e-05,4.141658911179656e-06,4,-2.186045184062596e-06,-0.006806931648332088,-4.792608465276391e-07,9.810000000187543,1.95461545147413e-05,3.98494485512082e-06,4,-2.4045396960839516e-06,0.1718423987580373,7.987380585322726e-06,0.0,0.0,nan,0,-0.07999644433438247,-7.521206672908616e-12,-2.2907136097359317e-09,3.4577836122070148e-15,2
2.605,4.0,1.4770185700226783e-05,7.814591502482881e-07,19.62000022552034,8.043914742020427e-05,8.19970912289538e-06,4,-2.1860452193329938e-06,-0.006806933953535417,-4.260421539674888e-07,9.81000021229492,5.066030330852312e-05,1.0328298106462897e-05,4,-2.4045497625177492e-06,0.17184243825922563,7.796667735861698e-06,0.0,0.0,nan,0,-0.07999644432428074,-6.0000012890277176e-12,-1.6086402079771896e-09,8.573691309679736e-15,2
2.61,4.0,1.477445584923763e-05,9.120127368926132e-07,19.620000264098987,6.82496702245402e-05,6.95715283443952e-06,4,-2.1860452389249607e-06,-0.006806935761164339,-2.9850718871225106e-07,9.810000250754442,4.7634476040755106e-05,9.711411788616776e-06,4,-2.4045544454939782e-06,0.1718424765571221,7.538576467564357e-06,0.0,0.0,nan,0,-0.07999644431957817,-1.8528284616542933e-12,-3.096601933137475e-10,2.77832712113642e-15,2
2.615,4.0,1.477920696712866e-05,9.710865595016245e-07,19.620000157171404,2.499487466686092e-05,2.547897499147055e-06,4,-2.1860452373081984e-06,-0.006806936929743346,-1.8274324036231295e-07,9.810000145310802,2.143480788760137e-05,4.36999134966318e-06,4,-2.404552932953885e-06,0.17184251373498613,7.363735980305557e-06,0.0,0.0,nan,0,-0.07999644432109229,2.0584801486727758e-12,7.691761234120369e-10,6.1822709146371516e-15,2
2.62,4.0,1.4784033124884088e-05,9.488908419094387e-07,19.620000000546206,1.9232627511083573e-05,1.960512488333145e-06,4,-2.1860452213348647e-06,-0.006806937683564134,-1.343844583259353e-07,9.80999999056148,8.949278593842078e-06,1.8245216314887809e-06,4,-2.404547799948753e-06,0.1718425504230385,7.337570199503781e-06,0.0,0.0,nan,0,-0.07999644432624126,3.810245992166789e-12,1.1407744723925213e-09,3.374738929965054e-15,2
2.625,4.0,1.4788605482176093e-05,8.79821222173433e-07,19.61999988811567,4.0644046000571874e-05,4.143123978832538e-06,4,-2.186045203220882e-06,-0.006806938394506758,-1.5891930136650523e-07,9.809999879338681,2.546641821348632e-05,5.191930382613436e-06,4,-2.4045427345492643e-06,0.17184258732199964,7.4311719458357304e-06,0.0,0.0,nan,0,-0.07999644433132475,3.1199017659382993e-12,8.167291724660539e-10,4.484517865380359e-15,2
2.63,4.0,1.4792817921392001e-05,8.123828109090987e-07,19.6199998646568,3.5428065396806806e-05,3.6114236127622445e-06,4,-2.1860451928298885e-06,-0.00680693935065064,-2.2314002113156565e-07,9.809999855977692,2.4613730302834113e-05,5.018089839794608e-06,4,-2.4045403426500855e-06,0.1718426248260665,7.562828360390968e-06,0.0,0.0,nan,0,-0.07999644433372705,1.0366393145027694e-12,1.597634128948609e-10,2.6921738144255064e-15,2
2.6350000000000002,4.0,1.479677783888575e-05,7.804700597330654e-07,19.619999916801277,1.3760332092268622e-05,1.402684215149785e-06,4,-2.1860451932427527e-06,-0.0068069406333137236,-2.8305400878966533e-07,9.80999990739081,1.1578771342356512e-05,2.3606058005429983e-06,4,-2.404541127716542e-06,0.17184266290916075,7.65465238275916e-06,0.0,0.0,nan,0,-0.07999644433294154,-9.813180422674698e-13,-4.008458359059976e-10,3.737559814412556e-15,2
2.64,4.0,1.4800690773631864e-05,7.90249279810203e-07,19.619999996514316,9.033397433782012e-06,9.208356203248606e-07,4,-2.1860452011843168e-06,-0.006806942134361519,-3.0936047291693935e-07,9.809999986146128,4.0425448965403995e-06,8.241681757898797e-07,4,-2.404543831692474e-06,0.17184270125760878,7.67117691026853e-06,0.0,0.0,nan,0,-0.0799964443302296,-1.9266209892982384e-12,-6.06859716527467e-10,6.559746743009704e-15,2
2.645,4.0,1.4804727810640588e-05,8.248942685712809e-07,19.620000055357597,2.0509749335544203e-05,2.0906981934430366e-06,4,-2.1860452104754957e-06,-0.006806943665118964,-2.982045378414257e-07,9.810000044357702,1.2782770398000608e-05,2.606069386381444e-06,4,-2.404546576288691e-06,0.1718427395116507,7.625373269886947e-06,0.0,0.0,nan,0,-0.07999644432747569,-1.6243743171634956e-12,-4.540608372004021e-10,4.314431698007787e-15,2
2.65,4.0,1.4808948206389091e-05,8.596905785385802e-07,19.62000006928481,1.8367976077644317e-05,1.8723726822406548e-06,4,-2.186045216005794e-06,-0.006806945075374881,-2.659123612527772e-07,9.810000058206723,1.2703961119570355e-05,2.5900022516192827e-06,4,-2.4045479960696503e-06,0.17184277746181872,7.558282066744711e-06,0.0,0.0,nan,0,-0.07999644432605035,-5.773749410770626e-13,-1.2221786365601932e-10,9.08439390100731e-15,2
2.6550000000000002,4.0,1.4813300968399278e-05,8.768676916070629e-07,19.62000004395718,7.532633952148153e-06,7.678525927901973e-07,4,-2.186045216012733e-06,-0.006806946318982823,-2.349403249166863e-07,9.810000033238108,6.2323859970741185e-06,1.2706189553430445e-06,4,-2.4045477884857003e-06,0.17184281511295896,7.510130200951911e-06,0.0,0.0,nan,0,-0.07999644432625794,4.66046852334818e-13,1.6874061321131194e-10,3.8516907413440225e-15,2
2.66,4.0,1.4817682154463816e-05,8.726798687837064e-07,19.620000003429922,4.203942943179423e-06,4.2853648750708455e-07,4,-2.1860452120645024e-06,-0.006806947447807936,-2.2069270232899412e-07,9.809999993201277,1.7970282234299934e-06,3.66366610535251e-07,4,-2.404546566019128e-06,0.17184285262087873,7.5000676846194924e-06,0.0,0.0,nan,0,-0.07999644432748432,9.744788155324268e-13,2.8218475218294206e-10,7.783656605356478e-15,2
2.665,4.0,1.4822002870203624e-05,8.553302466143363e-07,19.619999972669362,1.0335468790652524e-05,1.0535646080580856e-06,4,-2.186045207294013e-06,-0.0068069485574595925,-2.2567706797567708e-07,9.809999962772638,6.406273548327644e-06,1.3060700453900948e-06,4,-2.404545284204196e-06,0.17184289017008175,7.5223989558887805e-06,0.0,0.0,nan,0,-0.0799964443287709,8.426105214703395e-13,2.1075980489298668e-10,1.3683438798624727e-15,2
2.67,4.0,1.4826230283091329e-05,8.373970914984785e-07,19.619999964568358,9.511378579913943e-06,9.695594900194174e-07,4,-2.1860452043657996e-06,-0.006806949726154309,-2.41890535200344e-07,9.809999954724107,6.549477720120967e-06,1.3352655964013533e-06,4,-2.4045446573583984e-06,0.1718429278716171,7.556542861468268e-06,0.0,0.0,nan,0,-0.07999644432940065,3.182148834462506e-13,4.3366364006643575e-11,5.5503319690205125e-15,2
2.6750000000000003,4.0,1.4830388423222055e-05,8.281826554283322e-07,19.61999997682624,4.102725812101999e-06,4.182187377112996e-07,4,-2.186045204251308e-06,-0.0068069509798079405,-2.57882848484098e-07,9.80999996680439,3.343648797600997e-06,6.816817143558444e-07,4,-2.4045448631729305e-06,0.17184296572737057,7.581746894179258e-06,0.0,0.0,nan,0,-0.07999644432919495,-2.1672432059809842e-13,-1.0744650130051586e-10,2.8027520276781738e-15,2
2.68,4.0,1.4834529786873216e-05,8.29904639369554e-07,19.61999999740409,1.935195253704059e-06,1.972676099857394e-07,4,-2.1860452061907287e-06,-0.0068069522936902395,-2.6556927737074387e-07,9.809999987133692,7.84216239034248e-07,1.5988098676101673e-07,4,-2.404545604670072e-06,0.17184300366011562,7.587708622495315e-06,0.0,0.0,nan,0,-0.07999644432845149,-4.920889405929875e-13,-1.6956120712380656e-10,5.552552415069763e-15,2
2.685,4.0,1.4838700504460947e-05,8.385789639471046e-07,19.620000013459283,5.20122412683098e-06,5.301961389666616e-07,4,-2.1860452086401583e-06,-0.006806953619411976,-2.633934358133244e-07,9.810000003014256,3.2054752547285113e-06,6.535117744635241e-07,4,-2.4045463963284774e-06,0.17184304157533253,7.576855739557338e-06,0.0,0.0,nan,0,-0.07999644432765737,-4.3901805956985594e-13,-1.3653026070132122e-10,7.829397793971032e-15,2
2.69,4.0,1.484291864699013e-05,8.478113704924735e-07,19.62000001810146,4.91954960865424e-06,5.014831400729308e-07,4,-2.186045210191001e-06,-0.006806954916298916,-2.552656022772165e-07,9.810000007622595,3.372861853090727e-06,6.876374822568677e-07,4,-2.404546864974433e-06,0.17184307941427618,7.559492782936872e-06,0.0,0.0,nan,0,-0.07999644432718714,-1.773953360845674e-13,-5.220494952313072e-11,3.249061683577487e-15,2
2.695,4.0,1.4847172990722879e-05,8.52739792754141e-07,19.620000012198076,2.224822420911375e-06,2.267912762006286e-07,4,-2.1860452103124317e-06,-0.006806956169922344,-2.4701755422865513e-07,9.8100000018053,1.7885676674210468e-06,3.64641726216494e-07,4,-2.4045469080372084e-06,0.17184311717374148,7.546313595751474e-06,0.0,0.0,nan,0,-0.07999644432714395,9.973986758999376e-14,2.5875122662440508e-11,7.95463095114875e-15,2
2.7,4.0,1.4851437057539835e-05,8.520761532311723e-07,19.62000000176095,8.78888783817655e-07,8.959110945349361e-08,4,-2.1860452093548643e-06,-0.006806957391994064,-2.4288558993055226e-07,9.809999991496777,3.355084914538804e-07,6.840132349535091e-08,4,-2.404546668895169e-06,0.17184315489191845,7.542842554351634e-06,0.0,0.0,nan,0,-0.07999644432738404,2.4796041453718027e-13,5.970666733928386e-11,3.881000629194124e-15,2
2.705,4.0,1.4855686938263758e-05,8.477472789169074e-07,19.619999993385964,2.61352093148143e-06,2.664139584467345e-07,4,-2.1860452081058634e-06,-0.006806958606973458,-2.4380552000279014e-07,9.809999983214507,1.6011255811570771e-06,3.26427234229704e-07,4,-2.4045463939692535e-06,0.17184319261717557,7.548088641945346e-06,0.0,0.0,nan,0,-0.07999644432766019,2.2690436874134949e-13,4.462602571491845e-11,9.211847504234275e-15,2
2.71,4.0,1.4859912743835528e-05,8.429999349427988e-07,19.619999990767404,2.541416678914115e-06,2.5906388176452917e-07,4,-2.186045207294013e-06,-0.006806959835984785,-2.478735229314337e-07,9.809999980613528,1.7349789496357847e-06,3.5371640225574746e-07,4,-2.4045462779301308e-06,0.17184323038052618,7.556901271984921e-06,0.0,0.0,nan,0,-0.07999644432777703,9.466081929693868e-14,2.208660094978425e-12,3.1686815365946225e-15,2
2.715,4.0,1.4864119660564115e-05,8.403717238825946e-07,19.619999993588102,1.2015095794606387e-06,1.2247804075976524e-07,4,-2.186045207200338e-06,-0.006806961087002504,-2.521227812956356e-07,9.809999983394608,9.540346887707269e-07,1.9450248529778223e-07,4,-2.4045463791408372e-06,0.17184326818475845,7.563776024562355e-06,0.0,0.0,nan,0,-0.07999644432767589,-4.757162874462952e-14,-3.816765641745758e-11,6.864836030176693e-15,2
2.72,4.0,1.486832102516739e-05,8.40599719878636e-07,19.619999998879088,3.927777185623916e-07,4.0038503423530214e-08,4,-2.186045207675652e-06,-0.006806962354524202,-2.5433696425386116e-07,9.80999998861919,1.414874029979507e-07,2.8845546006543025e-08,4,-2.4045466287744843e-06,0.17184330601103326,7.5657594946893386e-06,0.0,0.0,nan,0,-0.07999644432742578,-1.2365654488982108e-13,-5.6505145278166664e-11,3.6371956529864365e-15,2
2.725,4.0,1.4872529214718334e-05,8.427564569971146e-07,19.620000003240513,1.3114210293752716e-06,1.3368206209568527e-07,4,-2.186045208320969e-06,-0.006806963626202487,-2.5396617595414517e-07,9.809999992930411,7.983983988078961e-07,1.6277235461432474e-07,4,-2.404546901854654e-06,0.17184334383462613,7.5632292525778294e-06,0.0,0.0,nan,0,-0.07999644432715201,-1.1624558415584327e-13,-4.9732041866705126e-11,5.449079629174693e-15,2
2.73,4.0,1.4876749613535817e-05,8.45195315932073e-07,19.620000004710008,1.311538098023771e-06,1.3369399568898278e-07,4,-2.1860452087442417e-06,-0.006806964891080159,-2.5193369997381316e-07,9.809999994389655,8.91550524340095e-07,1.817636136289446e-07,4,-2.4045470970457394e-06,0.17184338163919552,7.558755200679898e-06,0.0,0.0,nan,0,-0.0799964443269564,-5.217416931551561e-14,-2.842762585758932e-11,3.105176779586061e-15,2
2.735,4.0,1.4880979856584265e-05,8.465937262010854e-07,19.620000003363327,6.466966012908193e-07,6.592218156778393e-08,4,-2.186045208799753e-06,-0.006806966144777629,-2.4974710598908853e-07,9.8099999930639,5.076608194801052e-07,1.0349863809154814e-07,4,-2.4045471814226893e-06,0.17184341942272688,7.555167479599617e-06,0.0,0.0,nan,0,-0.07999644432687195,2.262599674557968e-14,-7.574712239503597e-12,4.470751099875004e-15,2
2.74,4.0,1.4885213235866485e-05,8.465349167700304e-07,19.620000000687128,1.718142418819717e-07,1.7514193871147243e-08,4,-2.186045208560361e-06,-0.006806967389855575,-2.4856420284937393e-07,9.809999990420312,6.017657197795277e-08,1.2268414278637423e-08,4,-2.404547187910555e-06,0.17184345719448893,7.554040668844369e-06,0.0,0.0,nan,0,-0.0799964443268657,6.561383225906575e-14,2.3328771760439933e-12,1.663663204412758e-15,2
2.745,4.0,1.4889443351711462e-05,8.454629230373783e-07,19.619999998437137,6.568628587372226e-07,6.695849732819022e-08,4,-2.1860452082550497e-06,-0.006806968632538723,-2.487025335929198e-07,9.809999988192533,3.9730640175066736e-07,8.100028587744576e-08,4,-2.404547179750416e-06,0.17184349496710602,7.5552482763836664e-06,0.0,0.0,nan,0,-0.07999644432687411,6.078702663720543e-14,-6.47152824499373e-13,4.393035488151243e-15,2
2.75,4.0,1.4893667285614206e-05,8.442118217215759e-07,19.619999997597635,6.759210280721007e-07,6.89012261116069e-08,4,-2.1860452080191273e-06,-0.006806969878503645,-2.4971630428500824e-07,9.809999987365625,4.5757362053614183e-07,9.3287180657585e-08,4,-2.404547209643171e-06,0.17184353274917322,7.557510431402925e-06,0.0,0.0,nan,0,-0.07999644432684447,2.744303240482333e-14,-1.1335086473722088e-11,2.2209951627745864e-15,2
2.755,4.0,1.4897886098174029e-05,8.434699903076171e-07,19.61999999824189,3.4677853396006426e-07,3.5349493780951926e-08,4,-2.1860452079983106e-06,-0.006806971130142445,-2.5084035586407467e-07,9.809999987996376,2.6943001359213346e-07,5.492966644685239e-08,4,-2.4045472959907666e-06,0.17184357054202207,7.559373597454165e-06,0.0,0.0,nan,0,-0.07999644432675812,-1.179136110701e-14,-2.20936320836678e-11,4.649274962234728e-15,2
2.7600000000000002,4.0,1.4902103158344843e-05,8.434707906960064e-07,19.619999999595763,7.335057485071957e-08,7.477122818779902e-09,4,-2.1860452081162718e-06,-0.006806972386277125,-2.5147071497367635e-07,9.80999998933243,2.748364278393632e-08,5.603189156742614e-09,4,-2.404547423180692e-06,0.1718436083411056,7.560000439125458e-06,0.0,0.0,nan,0,-0.0799964443266308,-2.6375250758486063e-14,-2.7421117647478596e-11,3.1922182647166723e-15,2
2.765,4.0,1.4906321771288655e-05,8.440029425057817e-07,19.62000000076742,3.286197136578865e-07,3.3498441757903454e-08,4,-2.1860452082550497e-06,-0.006806973643773958,-2.514265096323431e-07,9.80999999049433,1.9738280307468884e-07,4.024114235799151e-08,4,-2.4045475592385235e-06,0.17184364613998496,7.559421364876692e-06,0.0,0.0,nan,0,-0.07999644432649458,-3.318180607785795e-14,-2.615468357875342e-11,4.198524414236915e-15,2
2.77,4.0,1.4910543512621116e-05,8.446444801821603e-07,19.620000001212674,3.481126612462124e-07,3.548549044084569e-08,4,-2.186045208373011e-06,-0.00680697489969561,-2.5092192024255445e-07,9.80999999093591,2.346531056472892e-07,4.783957306097865e-08,4,-2.4045476767139973e-06,0.1718436839341471,7.558272520871629e-06,0.0,0.0,nan,0,-0.07999644432637698,-1.5754413215711944e-14,-2.0808512961438182e-11,9.301997613833836e-15,2
2.775,4.0,1.4914767917024618e-05,8.450375839636223e-07,19.620000000916534,1.8555522297937081e-07,1.8914905501600686e-08,4,-2.1860452084111748e-06,-0.006806976152741841,-2.503448329417925e-07,9.809999990644135,1.4274490515684665e-07,2.910191749092425e-08,4,-2.404547765483267e-06,0.17184372172275722,7.5572996126131455e-06,0.0,0.0,nan,0,-0.07999644432628815,-6.917953960175214e-16,-1.526644660005231e-11,3.625649333530336e-15,2
2.7800000000000002,4.0,1.4918993295112867e-05,8.450526547838734e-07,19.620000000242406,3.019880862641603e-08,3.078369890524253e-09,4,-2.186045208373011e-06,-0.006806977403446845,-2.500098763852512e-07,9.809999989976905,1.4424763517786371e-08,2.9408284469978534e-09,4,-2.404547832908499e-06,0.17184375950803882,7.5569468681275934e-06,0.0,0.0,nan,0,-0.07999644432622074,1.1330587693043374e-14,-1.240411045417104e-11,7.741468130420715e-15,2
2.785,4.0,1.4923217941860632e-05,8.447895067901237e-07,19.61999999964941,1.6396858193071365e-07,1.6714432409137985e-08,4,-2.186045208303622e-06,-0.006806978653385972,-2.500189396221619e-07,9.809999989384185,9.778782647094589e-08,1.993635608089016e-08,4,-2.4045478950948662e-06,0.17184379729327232,7.557216362243501e-06,0.0,0.0,nan,0,-0.07999644432615861,1.443343900226576e-14,-1.291714629020716e-11,2.4550301763655683e-15,2
2.79,4.0,1.4927441009703373e-05,8.444613420372159e-07,19.619999999382657,1.789315931377446e-07,1.8239713878019845e-08,4,-2.186045208234233e-06,-0.00680697990407735,-2.5026969920916065e-07,9.809999989126618,1.201378564129111e-07,2.4492937114387693e-08,4,-2.4045479662462843e-06,0.17184383508082335,7.557792569321438e-06,0.0,0.0,nan,0,-0.07999644432608752,1.2399066331942626e-14,-1.5580637939664386e-11,6.2741973810761086e-15,2
2.795,4.0,1.4931662696752615e-05,8.442539191256006e-07,19.619999999512597,9.885554547015669e-08,1.007701788711646e-08,4,-2.1860452081995385e-06,-0.006806981156224708,-2.5056576357104736e-07,9.809999989256289,7.54027578699704e-08,1.5372631590733936e-08,4,-2.404548051997135e-06,0.1718438728711976,7.558293339527477e-06,0.0,0.0,nan,0,-0.07999644432600178,-2.127535811462773e-15,-1.8447129428282228e-11,3.0523301636139036e-15,2
2.8000000000000003,4.0,1.4935883848802967e-05,8.442387109183799e-07,19.619999999873155,1.211982111632168e-08,1.235455771294601e-09,4,-2.1860452082446413e-06,-0.006806982409590203,-2.5074345200256816e-07,9.809999989607563,8.544022070872541e-09,1.741900525978356e-09,4,-2.4045481489612386e-06,0.1718439106633114,7.558483518973303e-06,0.0,0.0,nan,0,-0.07999644432590475,-5.8734282965480496e-15,-1.997677028670423e-11,3.810390444827958e-15,2
2.805,4.0,1.4940105344427864e-05,8.443689584516981e-07,19.62000000017772,8.181699293353871e-08,8.340162378470705e-09,4,-2.1860452082689275e-06,-0.0068069836633830845,-2.507458916556233e-07,9.809999989911116,4.8401782954609694e-08,9.867845668580524e-09,4,-2.404548248922944e-06,0.17184394845549542,7.558352993854832e-06,0.0,0.0,nan,0,-0.07999644432580477,-1.0484406562421252e-14,-1.9780875430812006e-11,2.2396469095882858e-15,2
2.81,4.0,1.4944327638062713e-05,8.445370813820292e-07,19.620000000316885,9.202561290168146e-08,9.380796422038242e-09,4,-2.1860452082862747e-06,-0.006806984916819628,-2.506216505611687e-07,9.809999990049514,6.15075900846722e-08,1.2539773730287588e-08,4,-2.404548344540902e-06,0.17184398624651145,7.5580579126431296e-06,0.0,0.0,nan,0,-0.0799964443257091,-2.8416312609016733e-15,-1.8432975416985886e-11,3.7206844244382446e-15,2
2.815,4.0,1.4948550648975908e-05,8.44646764986963e-07,19.62000000025573,5.268979291044366e-08,5.371028838915076e-09,4,-2.186045208303622e-06,-0.00680698616952042,-2.504700388474781e-07,9.8099999899883,3.981948120210444e-08,8.118140926145287e-09,4,-2.4045484327342437e-06,0.17184402403606094,7.557793900044325e-06,0.0,0.0,nan,0,-0.07999644432562089,-1.6252709151223513e-15,-1.697235490355879e-11,1.2315644032286438e-15,2
2.82,4.0,1.4952773954431868e-05,8.446588290636022e-07,19.620000000069027,4.730711019383071e-09,4.822335391810834e-10,4,-2.1860452083001525e-06,-0.006806987421588805,-2.5037609857983945e-07,9.809999989807935,5.342302957240725e-09,1.0891545286016498e-09,4,-2.4045485150850365e-06,0.17184406182466988,7.557685178455616e-06,0.0,0.0,nan,0,-0.07999644432553851,-1.2868749372166041e-15,-1.6169366116984202e-11,4.3281984635131304e-15,2
2.825,4.0,1.4956997102220472e-05,8.445949582581836e-07,19.619999999925316,4.0595112762563304e-08,4.138135857565528e-09,4,-2.1860452083001525e-06,-0.006806988673421083,-2.5037133112126277e-07,9.80999998965915,2.383446474774038e-08,4.859218098443344e-09,4,-2.4045485957774337e-06,0.17184409961318675,7.557741564430578e-06,0.0,0.0,nan,0,-0.07999644432545783,1.916340533431898e-15,-1.6229281300909544e-11,8.418704175442058e-15,2
2.83,4.0,1.496121984941654e-05,8.445093630828153e-07,19.61999999983998,4.7122771802427115e-08,4.8035445262804735e-09,4,-2.1860452083001525e-06,-0.006806989925421386,-2.504328574080176e-07,9.80999998957791,3.138978660284142e-08,6.3995487535555055e-09,4,-2.4045486785098658e-06,0.17184413740225868,7.5578859685978655e-06,0.0,0.0,nan,0,-0.07999644432537506,5.085805224131795e-15,-1.6897563619281897e-11,3.435579151714507e-15,2
2.835,4.0,1.4965442226688757e-05,8.444519218320179e-07,19.619999999873656,2.7859082304659422e-08,2.8398656783729686e-09,4,-2.1860452083001525e-06,-0.006806991177793559,-2.505105239662611e-07,9.809999989610777,2.0922533266879063e-08,4.265552148631386e-09,4,-2.404548765030934e-06,0.17184417519205886,7.558018358955973e-06,0.0,0.0,nan,0,-0.07999644432528852,5.62759406014887e-15,-1.764511808205853e-11,9.613304149938729e-15,2
2.84,4.0,1.496966444494993e-05,8.444439992306932e-07,19.619999999958292,2.096721441950649e-09,2.1373307257442468e-10,4,-2.186045208296683e-06,-0.006806992430494211,-2.505602018987055e-07,9.809999989695646,3.2828752366533398e-09,6.692915881960548e-10,4,-2.404548854549604e-06,0.17184421298233288,7.558073242201347e-06,0.0,0.0,nan,0,-0.07999644432519899,6.868823401679795e-15,-1.8065768707501913e-11,3.300576031920089e-15,2
2.845,4.0,1.4973886736699163e-05,8.44475662630818e-07,19.620000000029894,2.0252061885914666e-08,2.0644303655335178e-09,4,-2.186045208289744e-06,-0.006806993683325049,-2.50564558063934e-07,9.80999998976994,1.1770830707020666e-08,2.399761614535274e-09,4,-2.404548945018903e-06,0.17184425077265003,7.558043217540835e-06,0.0,0.0,nan,0,-0.0799964443251085,3.082935045648194e-16,-1.807199528231321e-11,6.907468594322298e-15,2
2.85,4.0,1.4978109231438683e-05,8.445196331549709e-07,19.620000000085142,2.425789030900238e-08,2.4727716930578094e-09,4,-2.186045208289744e-06,-0.006806994936077915,-2.5053427374600383e-07,9.809999989819325,1.60678952647957e-08,3.2758196292498934e-09,4,-2.4045490345583898e-06,0.17184428856267264,7.557966245386597e-06,0.0,0.0,nan,0,-0.07999644432501898,2.0659985971513668e-15,-1.772638907199634e-11,3.394278855198453e-15,2
2.855,4.0,1.4982331918955769e-05,8.445501114222203e-07,19.62000000007511,1.4855032211208856e-08,1.5142744353875626e-09,4,-2.186045208289744e-06,-0.006806996188643634,-2.5049464354635057e-07,9.809999989809464,1.1040920890702555e-08,2.2509522736333862e-09,4,-2.404549122168864e-06,0.17184432635230174,7.557893419473207e-06,0.0,0.0,nan,0,-0.07999644432493133,8.891343489888795e-17,-1.7349150387261846e-11,6.7578105306028285e-15,2
2.86,4.0,1.4986554694217826e-05,8.445555011440908e-07,19.620000000017747,1.2041569439644212e-09,1.2274790458341816e-10,4,-2.186045208289744e-06,-0.006806997441039516,-2.504685380386753e-07,9.809999989755829,2.0415366527904724e-09,4.1621542404125654e-10,4,-2.4045492082111486e-06,0.17184436414165966,7.557859206751653e-06,0.0,0.0,nan,0,-0.07999644432484529,2.5011781807446035e-16,-1.711698054835223e-11,1.6121488560701521e-15,2
2.865,4.0,1.4990777437819322e-05,8.445402822210911e-07,19.619999999978802,9.93040069974005e-09,1.0122732619521693e-09,4,-2.186045208289744e-06,-0.006806998693364609,-2.504654401636962e-07,9.80999998971634,5.7322893139330965e-09,1.1686624505488603e-09,4,-2.404549293726077e-06,0.17184440193096484,7.557868610291011e-06,0.0,0.0,nan,0,-0.07999644432475975,-5.346738493665879e-15,-1.712377644553057e-11,5.48327449833315e-15,2
2.87,4.0,1.499500008089856e-05,8.445181612963862e-07,19.619999999957866,1.2319190375153857e-08,1.2557788353904498e-09,4,-2.1860452083001525e-06,-0.006806999945726009,-2.504804170535904e-07,9.80999998969478,8.149671352301273e-09,1.6615028258638836e-09,4,-2.4045493797128503e-06,0.17184443972039332,7.557902990711079e-06,0.0,0.0,nan,0,-0.07999644432467375,-6.813565153800637e-15,-1.7287767488497956e-11,3.087413211192062e-15,2
2.875,4.0,1.4999222625861946e-05,8.445024675199434e-07,19.619999999964367,7.746700220542523e-09,7.896738247254426e-10,4,-2.1860452083070914e-06,-0.0068070011981820186,-2.5050072887820775e-07,9.8099999897018,5.74971828554284e-09,1.1722157577122722e-09,4,-2.4045494666780076e-06,0.17184447751000087,7.557936278763954e-06,0.0,0.0,nan,0,-0.07999644432458675,-6.030635876834977e-15,-1.7482080498624696e-11,5.657801557804225e-15,2
2.88,4.0,1.5003445124911379e-05,8.444994690032002e-07,19.61999999998715,7.262348440265228e-10,7.403005545637089e-11,4,-2.1860452083070914e-06,-0.006807002450726302,-2.50514536862054e-07,9.809999989723396,1.1814750988066477e-09,2.4087158002942274e-10,4,-2.4045495544411377e-06,0.17184451529972908,7.557950367683716e-06,0.0,0.0,nan,0,-0.07999644432449898,-5.547910905727959e-15,-1.7593320404800037e-11,2.533633966509033e-15,2
2.8850000000000002,4.0,1.5007667639303316e-05,8.445071853881495e-07,19.620000000008798,5.008071222410138e-09,5.105067505002949e-10,4,-2.1860452083070914e-06,-0.006807003703309475,-2.5051667904763736e-07,9.809999989744613,2.8471940234579426e-09,5.804676914239354e-10,4,-2.4045496424679458e-06,0.17184455308946722,7.55794207584135e-06,0.0,0.0,nan,0,-0.07999644432441091,-2.532101081636183e-15,-1.7594411531988636e-11,4.6319554830505784e-15,2
2.89,4.0,1.501189020556797e-05,8.445187398559551e-07,19.62000000002342,6.403280618653458e-09,6.527299305449352e-10,4,-2.1860452083070914e-06,-0.006807004955876495,-2.50509403311153e-07,9.809999989758703,4.194781650864244e-09,8.55205230426799e-10,4,-2.4045497302588315e-06,0.17184459087912377,7.5579205280457965e-06,0.0,0.0,nan,0,-0.07999644432432312,2.7916403660463677e-15,-1.7514272969535928e-11,7.988825820307202e-15,2
2.895,4.0,1.5016112823922485e-05,8.445272539687981e-07,19.620000000015747,4.188554908759854e-09,4.2696788060718577e-10,4,-2.1860452082932136e-06,-0.006807006208396314,-2.5049911685574886e-07,9.80999998975325,3.0561032541548604e-09,6.230587680625941e-10,4,-2.4045498175639946e-06,0.1718446286686674,7.557899009907379e-06,0.0,0.0,nan,0,-0.07999644432423582,-4.2045688879913593e-16,-1.741896787238843e-11,3.8134990692969154e-15,2
2.9,4.0,1.502033546847701e-05,8.445293522898428e-07,19.620000000000452,5.69701208300263e-10,5.8073517665672765e-11,4,-2.1860452082932136e-06,-0.006807007460870875,-2.5049194084492803e-07,9.809999989738966,7.358465206896631e-10,1.500196781772358e-10,4,-2.404549904452824e-06,0.17184466645812602,7.557887017951388e-06,0.0,0.0,nan,0,-0.0799964443241489,-2.78967282334922e-15,-1.7356776731262605e-11,8.86634609897093e-15,2
2.9050000000000002,4.0,1.5024558107840767e-05,8.445258868355803e-07,19.61999999999626,2.3680125151261803e-09,2.413876162208595e-10,4,-2.186045208310561e-06,-0.006807008713324752,-2.5049067272009534e-07,9.809999989733484,1.344917768981049e-09,2.74193225359542e-10,4,-2.4045499911959367e-06,0.17184470424755555,7.5578864976640185e-06,0.0,0.0,nan,0,-0.07999644432406214,-6.717197795263173e-15,-1.73643639954129e-11,2.448812927427675e-15,2
2.91,4.0,1.5028780722677307e-05,8.44520302163801e-07,19.619999999988334,3.1696119032010305e-09,3.231000920696142e-10,4,-2.186045208320969e-06,-0.006807009965786201,-2.5049430527307756e-07,9.809999989725487,2.0905029121048e-09,4.2619835153808163e-10,4,-2.4045500780708884e-06,0.17184474203700356,7.557892997175173e-06,0.0,0.0,nan,0,-0.07999644432397524,1.4327273839051778e-15,-1.7390621214034493e-11,5.389571675054792e-15,2
2.915,4.0,1.5033003312131739e-05,8.44516144134058e-07,19.619999999988345,2.101975781386581e-09,2.1426868311802546e-10,4,-2.186045208320969e-06,-0.006807011218271721,-2.504996207201531e-07,9.8099999897249,1.5548179080341718e-09,3.1698632205151985e-10,4,-2.4045501651748236e-06,0.17184477982648746,7.557899752919284e-06,0.0,0.0,nan,0,-0.07999644432388812,-5.767762906663554e-16,-1.7446080406828202e-11,2.9395315043119953e-15,2
2.92,4.0,1.5037225889016219e-05,8.445152242966934e-07,19.61999999999716,2.705551300268928e-10,2.757952395789317e-11,4,-2.186045208320969e-06,-0.006807012470780984,-2.505034580624307e-07,9.809999989733868,3.8416865004029084e-10,7.832184514624303e-11,4,-2.404550252514681e-06,0.1718448176159941,7.55790179236467e-06,0.0,0.0,nan,0,-0.07999644432380076,-7.64626026432932e-16,-1.747903893162643e-11,4.4818533301212616e-15,2
2.9250000000000003,4.0,1.5041448469399206e-05,8.44517189786274e-07,19.620000000013427,1.2644911392294965e-09,1.288981793301357e-10,4,-2.186045208320969e-06,-0.006807013723301785,-2.505043072992195e-07,9.809999989749516,6.961154486795521e-10,1.4191956155085101e-10,4,-2.4045503399447443e-06,0.17184485540549516,7.557897958406704e-06,0.0,0.0,nan,0,-0.07999644432371333,1.2133473142392472e-15,-1.747444305239369e-11,1.9532093692350062e-15,2
2.93,4.0,1.504567106349445e-05,8.445203181151232e-07,19.620000000005803,1.7198271137765524e-09,1.7531367112905645e-10,4,-2.186045208320969e-06,-0.006807014975819632,-2.505026096655207e-07,9.809999989741108,1.1061814385657151e-09,2.2552119056524238e-10,4,-2.4045504272360296e-06,0.171844893194966,7.557890414678142e-06,0.0,0.0,nan,0,-0.07999644432362601,6.1636097364378955e-15,-1.7456769634109284e-11,3.814387247716619e-15,2
2.935,4.0,1.5049893672120817e-05,8.445227836180608e-07,19.619999999999614,1.2075414907968822e-09,1.2309291445432272e-10,4,-2.1860452083001525e-06,-0.006807016228325784,-2.5049997873351116e-07,9.809999989737062,8.559980694074365e-10,1.7451540678959366e-10,4,-2.404550514457926e-06,0.17184493098439702,7.557882600461193e-06,0.0,0.0,nan,0,-0.0799964443235388,-4.786325752894912e-16,-1.7441010684408546e-11,2.2525254966739494e-15,2
2.94,4.0,1.5054116288953609e-05,8.445236169548244e-07,19.61999999999643,2.684923254164373e-10,2.736924825856128e-11,4,-2.1860452083001525e-06,-0.0068070174808200655,-2.504980451839141e-07,9.809999989733972,2.620969249609162e-10,5.34346432691533e-11,4,-2.4045506015549223e-06,0.17184496877379432,7.5578771157775095e-06,0.0,0.0,nan,0,-0.07999644432345168,2.825391145994974e-15,-1.7413661894509138e-11,3.948946278301188e-15,2
2.945,4.0,1.505833890577633e-05,8.445229557626817e-07,19.619999999988103,5.195476589228934e-10,5.296102537443511e-11,4,-2.1860452083001525e-06,-0.006807018733308522,-2.5049762100441466e-07,9.80999998972562,2.9383937957243455e-10,5.990609171869184e-11,4,-2.4045506886588575e-06,0.17184500656317225,7.557874634950421e-06,0.0,0.0,nan,0,-0.07999644432336458,-5.335192174209776e-15,-1.742044624536802e-11,4.226057945247627e-15,2
2.95,4.0,1.5062561517204303e-05,8.445216598908832e-07,19.619999999998484,7.74843920671784e-10,7.898510914086073e-11,4,-2.186045208320969e-06,-0.006807019985798576,-2.504985187171902e-07,9.80999998973521,5.178577608613806e-10,1.0557752526060063e-10,4,-2.404550775790548e-06,0.1718450443525436,7.5578741107185766e-06,0.0,0.0,nan,0,-0.0799964443232774,-6.9232551886336e-15,-1.7429156167040813e-11,3.940952672523888e-15,2
2.955,4.0,1.5066784122623045e-05,8.44520668290784e-07,19.619999999996523,5.306285210380667e-10,5.4090572990638195e-11,4,-2.186045208327908e-06,-0.006807021238294854,-2.5049993048730773e-07,9.809999989733452,4.0265055531100744e-10,8.208981768244586e-11,4,-2.4045508629361168e-06,0.1718450821419136,7.5578737961076176e-06,0.0,0.0,nan,0,-0.07999644432319025,1.5761681986867484e-15,-1.7424332470043424e-11,6.827532536549296e-15,2
2.96,4.0,1.5071006725146947e-05,8.445204983682047e-07,19.619999999997585,6.316579577626228e-11,6.438919039375133e-12,4,-2.186045208327908e-06,-0.006807022490797623,-2.505010161172649e-07,9.809999989734097,1.0573016201141226e-10,2.1555588607962496e-11,4,-2.404550950109441e-06,0.17184511993127938,7.5578723339081265e-06,0.0,0.0,nan,0,-0.07999644432310304,5.449930534149035e-16,-1.7445919202445025e-11,3.4839848755881737e-15,2
2.965,4.0,1.5075229328973103e-05,8.445211016376259e-07,19.620000000001987,3.542529170936506e-10,3.6111408470297115e-11,4,-2.186045208327908e-06,-0.00680702374330389,-2.505013403032993e-07,9.809999989738014,1.8448951270404886e-10,3.761254085566535e-11,4,-2.404551037352154e-06,0.17184515772063377,7.557869336794716e-06,0.0,0.0,nan,0,-0.07999644432301578,1.8430658138066366e-15,-1.7443270654397476e-11,8.232630796514893e-15,2
2.97,4.0,1.5079451936934874e-05,8.445220495932337e-07,19.619999999999834,4.963982067016793e-10,5.060124431209822e-11,4,-2.186045208327908e-06,-0.006807024995809858,-2.505009792753269e-07,9.809999989735728,3.0613119472861533e-10,6.241206830762948e-11,4,-2.404551124539356e-06,0.17184519550997013,7.557865309906346e-06,0.0,0.0,nan,0,-0.07999644432292859,5.626705881729169e-15,-1.7444241877499423e-11,2.6970587957338638e-15,2
2.975,4.0,1.5083674549446207e-05,8.445228598280681e-07,19.619999999997074,3.8071347238139335e-10,3.8808712780983706e-11,4,-2.1860452083070914e-06,-0.006807026248313087,-2.5050033671782953e-07,9.809999989736145,2.535201487655563e-10,5.16860650419583e-11,4,-2.4045512117543133e-06,0.17184523329928558,7.5578611391610394e-06,0.0,0.0,nan,0,-0.07999644432284136,-6.003130187884081e-16,-1.7452531246690487e-11,7.040695357277326e-15,2
2.98,4.0,1.5087897164977996e-05,8.445232571682491e-07,19.619999999980443,1.394682015977048e-10,1.421694205890355e-11,4,-2.1860452083070914e-06,-0.006807027500813349,-2.504998451554828e-07,9.80999998972556,1.0259127865672997e-10,2.0915653162931354e-11,4,-2.404551298948454e-06,0.1718452710885815,7.5578575322846655e-06,0.0,0.0,nan,0,-0.07999644432275417,2.510975985421131e-15,-1.7433708081441786e-11,1.9931773981215138e-15,2
2.985,4.0,1.5092119781389115e-05,8.445232550169322e-07,19.62000000000198,7.23890751199817e-11,7.379110613656922e-12,4,-2.1860452083313775e-06,-0.0068070287533121224,-2.504997371608616e-07,9.809999989737516,4.5495144812823115e-11,9.275258891012582e-12,4,-2.4045513861634116e-06,0.17184530887786148,7.5578547083989005e-06,0.0,0.0,nan,0,-0.0799964443226669,-6.7256354902503215e-15,-1.7448344817709242e-11,4.7540800157593545e-15,2
2.99,4.0,1.5096342397191208e-05,8.44523066306354e-07,19.619999999997976,1.5058725463874905e-10,1.5350382735857755e-11,4,-2.186045208334847e-06,-0.006807030005811345,-2.5049998394223407e-07,9.809999989735369,1.1136689881823876e-10,2.270477042502891e-11,4,-2.404551473322858e-06,0.17184534666712886,7.5578524258213016e-06,0.0,0.0,nan,0,-0.07999644432257974,-1.3317279474114604e-15,-1.7429292946517465e-11,2.2951580608195582e-15,2
2.995,4.0,1.5100565012121202e-05,8.445229388149764e-07,19.619999999998434,9.640097955497907e-11,9.826807294086316e-12,4,-2.186045208334847e-06,-0.006807031258312302,-2.5050038406119484e-07,9.809999989735388,8.815417124059454e-11,1.7972308120863186e-11,4,-2.4045515604753653e-06,0.17184538445638534,7.557850235427154e-06,0.0,0.0,nan,0,-0.07999644432249256,-5.868987404449551e-15,-1.7438586401412002e-11,4.0795085059971085e-15,2
3.0,4.0,1.5104787626927935e-05,8.445230185104427e-07,19.61999999999975,2.8061823530375924e-11,2.8605324699670013e-12,4,-2.186045208334847e-06,-0.006807032510815158,-2.505007152354413e-07,9.80999998973569,1.5529006291404487e-11,3.165954395036219e-12,4,-2.4045516476625672e-06,0.17184542224563018,7.557847768640767e-06,0.0,0.0,nan,0,-0.07999644432240538,2.1148484102348754e-15,-1.743061366782756e-11,6.974970154219517e-15,2
3.005,4.0,1.5109010242702157e-05,8.445233044046709e-07,19.61999999999803,1.3520079744455046e-10,1.3781936538691543e-11,4,-2.186045208334847e-06,-0.0068070337633191836,-2.505008533825925e-07,9.809999989734477,6.443739024208112e-11,1.3137082631908386e-11,4,-2.4045517348150747e-06,0.17184546003486167,7.557844903021541e-06,0.0,0.0,nan,0,-0.0799964443223182,2.6108960576373953e-15,-1.7437785264477434e-11,4.3819332579050016e-15,2
3.0100000000000002,4.0,1.5113232860224888e-05,8.445236908331483e-07,19.619999999999617,1.783863620082123e-10,1.8184134761286013e-11,4,-2.186045208334847e-06,-0.006807035015823391,-2.5050080811592296e-07,9.80999998973565,9.999723592471104e-11,2.0386796336256808e-11,4,-2.404551821967582e-06,0.171845497824078,7.557841753103415e-06,0.0,0.0,nan,0,-0.07999644432223105,5.253670945455117e-15,-1.7441517390197015e-11,9.11059516438847e-15,2
3.015,4.0,1.511745547965645e-05,8.445240507147594e-07,19.619999999969004,1.5308105830747925e-10,1.560459309966576e-11,4,-2.1860452083140303e-06,-0.0068070362683271025,-2.505006796781225e-07,9.80999998971638,8.970990195140032e-11,1.828948053933565e-11,4,-2.4045519091409062e-06,0.17184553561327834,7.557838546622752e-06,0.0,0.0,nan,0,-0.07999644432214387,4.446760851157556e-15,-1.7444027826500293e-11,3.104288601166371e-15,2
3.02,4.0,1.5121678100631491e-05,8.445243067934734e-07,19.62000000000453,9.148165396552198e-11,9.325346989347692e-12,4,-2.1860452083140303e-06,-0.006807037520830214,-2.505005823141704e-07,9.809999989739138,5.1430224718396394e-11,1.04852649892335e-11,4,-2.4045519963697415e-06,0.1718455734024629,7.557835475096993e-06,0.0,0.0,nan,0,-0.07999644432205663,3.092732850324715e-15,-1.743591165210108e-11,7.723260472816873e-15,2
3.025,4.0,1.5125900722594616e-05,8.445244566122461e-07,19.619999999998793,3.516276341932198e-11,3.584379553447925e-12,4,-2.1860452083140303e-06,-0.006807038773333079,-2.5050058179331514e-07,9.809999989737271,1.2560388029405525e-11,2.560731507144867e-12,4,-2.4045520836193934e-06,0.1718456111916327,7.557832606591449e-06,0.0,0.0,nan,0,-0.07999644432196937,-5.863658333931348e-15,-1.7447562332521494e-11,4.543137641080576e-15,2
3.0300000000000002,4.0,1.5130123345137417e-05,8.445245524370428e-07,19.62000000000907,1.130412472839778e-11,1.1523062923947557e-12,4,-2.1860452083487247e-06,-0.006807040025836206,-2.505006761372729e-07,9.809999989741302,6.965292354031749e-12,1.4200392173936036e-12,4,-2.404552170820473e-06,0.17184564898078852,7.557829886933813e-06,0.0,0.0,nan,0,-0.0799964443218821,4.717183337896459e-16,-1.7429387093429963e-11,9.813588383581118e-15,2
3.035,4.0,1.5134345968164139e-05,8.445246592951444e-07,19.6199999999964,2.312627693306442e-11,2.3574186476114848e-12,4,-2.1860452083487247e-06,-0.006807041278339946,-2.5050081525112215e-07,9.809999989733903,4.39229884582492e-12,8.954737717474883e-13,4,-2.4045522579729806e-06,0.17184568676993095,7.557827200937271e-06,0.0,0.0,nan,0,-0.07999644432179495,-9.551402974586052e-16,-1.744015314814436e-11,2.7219277914854693e-15,2
3.04,4.0,1.5138568591852568e-05,8.445248181251932e-07,19.619999999999646,5.412838926217743e-11,5.51767474639943e-12,4,-2.1860452083487247e-06,-0.006807042530844368,-2.505009408111321e-07,9.809999989736305,1.7165478983772724e-11,3.499587971810821e-12,4,-2.4045523451601825e-06,0.17184572455905975,7.557824449380086e-06,0.0,0.0,nan,0,-0.07999644432170773,-4.411042528511793e-15,-1.744413796062435e-11,4.771399494943508e-15,2
3.045,4.0,1.514279121648501e-05,8.445250317042558e-07,19.61999999999882,8.324827722609143e-11,8.486062918052643e-12,4,-2.1860452083487247e-06,-0.006807043783349296,-2.505010176995611e-07,9.809999989735429,3.690159197440077e-11,7.52326034923798e-12,4,-2.4045524323265677e-06,0.17184576234817456,7.55782159443938e-06,0.0,0.0,nan,0,-0.07999644432162056,-5.1486747060727475e-15,-1.7443937676390706e-11,2.306260291065811e-15,2
3.0500000000000003,4.0,1.5147013842275144e-05,8.445252741426526e-07,19.620000000002115,9.620219934907555e-11,9.806544276153433e-12,4,-2.1860452083487247e-06,-0.006807045035854474,-2.505010457206109e-07,9.809999989737955,4.7235951682781236e-11,9.630163452027283e-12,4,-2.404552519541525e-06,0.17184580013727485,7.5578186617737414e-06,0.0,0.0,nan,0,-0.07999644432153333,-3.2093371266575253e-15,-1.7439636228304098e-11,4.4254540004703104e-15,2
3.055,4.0,1.5151236469278606e-05,8.445255122447554e-07,19.620000000002605,9.079673123580878e-11,9.255528158592937e-12,4,-2.1860452083487247e-06,-0.006807046288359717,-2.505010495831042e-07,9.809999989737879,4.533895078234039e-11,9.243415051940655e-12,4,-2.4045526066940326e-06,0.17184583792636043,7.557815709178594e-06,0.0,0.0,nan,0,-0.07999644432144618,1.0010726719309183e-15,-1.743491378364655e-11,1.414529157686887e-15,2
3.06,4.0,1.5155459097409396e-05,8.445257243655078e-07,19.62000000000322,7.513610285271208e-11,7.659133828002014e-12,4,-2.186045208341786e-06,-0.006807047540864984,-2.505010592861814e-07,9.809999989738735,3.5695217320098484e-11,7.277312407224404e-12,4,-2.404552693853479e-06,0.17184587571543125,7.557812788456005e-06,0.0,0.0,nan,0,-0.079996444321359,7.414164951375672e-15,-1.7428658343036604e-11,4.47918879486217e-15,2
3.065,4.0,1.5159681726523974e-05,8.445259083596502e-07,19.619999999996168,6.007013348530767e-11,6.123357134079449e-12,4,-2.1860452083244386e-06,-0.00680704879337036,-2.505010932848679e-07,9.809999989733198,2.54045562813013e-11,5.179318309457455e-12,4,-2.404552781019864e-06,0.17184591350448766,7.557809920009749e-06,0.0,0.0,nan,0,-0.07999644432127184,-2.8767421505396166e-16,-1.7442431769880106e-11,5.381133980067649e-15,2
3.0700000000000003,4.0,1.5163904356511043e-05,8.4452607690685e-07,19.62000000000122,5.303559226656929e-11,5.406278518508256e-12,4,-2.186045208341786e-06,-0.006807050045875973,-2.5050115258963925e-07,9.80999998973693,1.988145685113794e-11,4.053304153300227e-12,4,-2.404552868283394e-06,0.1718459512935298,7.557807092427548e-06,0.0,0.0,nan,0,-0.07999644432118454,-6.994753551419459e-15,-1.7445603455016856e-11,4.212735268952134e-15,2
3.075,4.0,1.5168126987338384e-05,8.445262470012671e-07,19.61999999999442,5.5477962349227304e-11,5.655245907160355e-12,4,-2.1860452083487247e-06,-0.006807051298381922,-2.5050122476098654e-07,9.80999998973139,2.0610389881373656e-11,4.201914353302256e-12,4,-2.4045529554775347e-06,0.17184598908255788,7.55780427606678e-06,0.0,0.0,nan,0,-0.07999644432109732,3.2827751900807317e-16,-1.743466775822429e-11,9.09149932836492e-15,2
3.08,4.0,1.5172349619047673e-05,8.445264301195844e-07,19.61999999999741,6.333079134613536e-11,6.455738159647677e-12,4,-2.1860452083487247e-06,-0.0068070525508882335,-2.5050129456385894e-07,9.809999989734223,2.5438255541916737e-11,5.186188698988148e-12,4,-2.4045530426508588e-06,0.17184602687157186,7.557801444316747e-06,0.0,0.0,nan,0,-0.07999644432101014,-3.4704615820493625e-15,-1.744666793685285e-11,2.9919340310743123e-15,2
3.085,4.0,1.5176572251711693e-05,8.445266276414444e-07,19.619999999996267,7.105784962360789e-11,7.243409747565893e-12,4,-2.1860452083487247e-06,-0.006807053803394863,-2.5050135218421665e-07,9.809999989732637,3.0640596718115225e-11,6.246808715633915e-12,4,-2.4045531298658163e-06,0.1718460646605716,7.557798586028838e-06,0.0,0.0,nan,0,-0.0799964443209229,-5.294335966903569e-15,-1.743988625052923e-11,7.056682568831935e-15,2
3.09,4.0,1.518079488538843e-05,8.445268333857814e-07,19.619999999999372,7.481010653704157e-11,7.62590280703812e-12,4,-2.1860452083487247e-06,-0.006807055055901745,-2.5050139686773396e-07,9.809999989736106,3.357840511410616e-11,6.8457502852677244e-12,4,-2.4045532170183237e-06,0.17184610244955698,7.557795706512778e-06,0.0,0.0,nan,0,-0.07999644432083575,-4.6131031189935714e-15,-1.744143523369319e-11,2.7388031814597746e-15,2
3.095,4.0,1.5185017520095995e-05,8.445270386525908e-07,19.620000000002022,7.387270220751516e-11,7.53034681014348e-12,4,-2.1860452083487247e-06,-0.006807056308408829,-2.50501434607917e-07,9.809999989737491,3.3440769235180703e-11,6.8176899633361885e-12,4,-2.404553304170831e-06,0.17184614023852793,7.5577928205566655e-06,0.0,0.0,nan,0,-0.07999644432074857,-1.5666511394221416e-15,-1.7436408143837688e-11,5.958005863662878e-15,2
3.1,4.0,1.5189240155814461e-05,8.445272375077957e-07,19.62000000000279,6.997182269763151e-11,7.1327036389012805e-12,4,-2.1860452083487247e-06,-0.006807057560916103,-2.505014732498129e-07,9.80999998973757,3.1056919076339496e-11,6.3316858529722196e-12,4,-2.4045533913233386e-06,0.17184617802748445,7.557789941688499e-06,0.0,0.0,nan,0,-0.07999644432066141,4.390805610716448e-15,-1.7437482395636316e-11,1.709848482237178e-15,2
3.105,4.0,1.5193462792507216e-05,8.445274289627206e-07,19.619999999997297,6.592460528132977e-11,6.7201432498816356e-12,4,-2.186045208327908e-06,-0.006807058813423582,-2.5050151790574416e-07,9.809999989734205,2.8304048694679083e-11,5.770448261834496e-12,4,-2.4045534785036016e-06,0.17184621581642665,7.55778707649e-06,0.0,0.0,nan,0,-0.07999644432057423,-8.618815633900931e-16,-1.7444380433332925e-11,4.833127895112668e-15,2
3.11,4.0,1.5197685430144006e-05,8.445276160372506e-07,19.619999999998427,6.394136354395946e-11,6.517977935164586e-12,4,-2.186045208327908e-06,-0.006807060065931303,-2.5050156932905446e-07,9.809999989736404,2.682861954010355e-11,5.4696472106366305e-12,4,-2.404553565732437e-06,0.17184625360535455,7.557784222178375e-06,0.0,0.0,nan,0,-0.079996444320487,-4.973259468181972e-15,-1.7445410276210565e-11,2.5984709911471525e-15,2
3.115,4.0,1.5201908068714546e-05,8.445278031448963e-07,19.62000000000179,6.438640261606568e-11,6.563343793686014e-12,4,-2.1860452083556636e-06,-0.006807061318439294,-2.505016244073074e-07,9.809999989738069,2.6878989264936783e-11,5.479916267697053e-12,4,-2.404553652961272e-06,0.17184629139426816,7.557781371610699e-06,0.0,0.0,nan,0,-0.0799964443203997,-6.771820768074725e-15,-1.744453053548586e-11,3.6092180327658925e-15,2
3.12,4.0,1.5206130708227998e-05,8.445279933866141e-07,19.61999999999577,6.618997370244318e-11,6.747194057335112e-12,4,-2.186045208359133e-06,-0.006807062570947561,-2.5050167922870327e-07,9.809999989733065,2.789717767030613e-11,5.687498001937353e-12,4,-2.4045537401137795e-06,0.17184632918316756,7.5577785175004345e-06,0.0,0.0,nan,0,-0.07999644432031255,1.5241819190745125e-16,-1.7439454595817273e-11,6.483807488125349e-15,2
3.125,4.0,1.5210353348703268e-05,8.445281875467417e-07,19.619999999999052,6.836841854216896e-11,6.9692577514956436e-12,4,-2.186045208359133e-06,-0.006807063823456095,-2.5050173099923323e-07,9.809999989735859,2.940548109025166e-11,5.995001247914053e-12,4,-2.4045538273495537e-06,0.17184636697205263,7.557775656627617e-06,0.0,0.0,nan,0,-0.0799964443202253,-2.848736688259272e-15,-1.744520377472799e-11,3.990690664027097e-15,2
3.13,4.0,1.5214575990156169e-05,8.445283839893703e-07,19.619999999996164,6.946497192119511e-11,7.081036893089571e-12,4,-2.186045208359133e-06,-0.0068070650759648795,-2.5050177929703663e-07,9.80999998973237,3.0234857401269303e-11,6.164089181022344e-12,4,-2.404553914515939e-06,0.1718464047609234,7.557772789729347e-06,0.0,0.0,nan,0,-0.07999644432013812,-3.0983148241950084e-15,-1.7445801074715242e-11,8.957384386990197e-15,2
3.1350000000000002,4.0,1.5218798632592366e-05,8.445285804906602e-07,19.619999999998328,6.931481785902045e-11,7.065730668606153e-12,4,-2.186045208359133e-06,-0.006807066328473897,-2.5050182564798394e-07,9.809999989734113,3.025165764555689e-11,6.167514307281221e-12,4,-2.404554001696202e-06,0.17184644254977982,7.557769920937027e-06,0.0,0.0,nan,0,-0.07999644432005093,-8.80977399413646e-16,-1.743839499896258e-11,2.534522144928741e-15,2
3.14,4.0,1.5223021276007313e-05,8.445287753935093e-07,19.620000000003824,6.824964714099922e-11,6.957150575024049e-12,4,-2.186045208359133e-06,-0.006807067580983147,-2.505018721413158e-07,9.809999989738989,2.961512635605881e-11,6.0377423826779775e-12,4,-2.4045540888487094e-06,0.17184648033862188,7.557767053912616e-06,0.0,0.0,nan,0,-0.07999644431996375,3.9755821995066395e-15,-1.7430198000327166e-11,7.305816615557815e-15,2
3.145,4.0,1.5227243920391525e-05,8.445289683321561e-07,19.61999999998013,6.721100348345117e-11,6.851274565088607e-12,4,-2.186045208341786e-06,-0.006807068833492633,-2.5050192004656326e-07,9.80999998972348,2.8933553337924693e-11,5.8987876387837306e-12,4,-2.4045541760150946e-06,0.1718465181274496,7.5577641900707025e-06,0.0,0.0,nan,0,-0.0799964443198766,2.8205061646866247e-15,-1.7427140446117344e-11,3.3432085960657077e-15,2
3.15,4.0,1.5231466565736961e-05,8.445291601419118e-07,19.61999999999409,6.663470975718206e-11,6.7925290272377305e-12,4,-2.186045208341786e-06,-0.006807070086002363,-2.505019697008387e-07,9.809999989731548,2.841861241712239e-11,5.7938047801975726e-12,4,-2.404554263167602e-06,0.17184655591626305,7.55776132931099e-06,0.0,0.0,nan,0,-0.07999644431978942,2.5354008919628847e-15,-1.7440251735948946e-11,4.398808647879306e-15,2
3.1550000000000002,4.0,1.5235689212040692e-05,8.445293518125807e-07,19.619999999999038,6.673042959766235e-11,6.8022864013930295e-12,4,-2.186045208341786e-06,-0.006807071338512343,-2.505020204723509e-07,9.809999989736406,2.850529021765856e-11,5.8114760953072125e-12,4,-2.404554350410315e-06,0.17184659370506217,7.557758469628412e-06,0.0,0.0,nan,0,-0.07999644431970218,-5.777505027220437e-15,-1.744402915876793e-11,1.5264396385691015e-15,2
3.16,4.0,1.5239911859304377e-05,8.445295442322893e-07,19.620000000002218,6.719418260760958e-11,6.849559898838123e-12,4,-2.1860452083695414e-06,-0.006807072591022579,-2.5050207121089614e-07,9.809999989738497,2.875700023936038e-11,5.862793123229545e-12,4,-2.4045544376322114e-06,0.17184663149384705,7.557755609142509e-06,0.0,0.0,nan,0,-0.0799964443196149,-6.5271276134473415e-15,-1.7443859960778978e-11,4.300664932502443e-15,2
3.165,4.0,1.5244134507532836e-05,8.445297376276171e-07,19.619999999996235,6.768817077684248e-11,6.8999154716468365e-12,4,-2.1860452083695414e-06,-0.0068070738435330675,-2.5050212122145586e-07,9.809999989732963,2.90523696171772e-11,5.923011141199406e-12,4,-2.404554524784719e-06,0.17184666928261755,7.557752746837095e-06,0.0,0.0,nan,0,-0.07999644431952775,1.028606202941624e-15,-1.7435491987797773e-11,1.7409347269266827e-15,2
3.17,4.0,1.5248357156730418e-05,8.445299317556969e-07,19.62000000000196,6.804238718704042e-11,6.936023158719024e-12,4,-2.1860452083695414e-06,-0.006807075096043802,-2.5050217035229213e-07,9.809999989738483,2.93116732355921e-11,5.9758763030077225e-12,4,-2.4045546119788597e-06,0.1718467070713738,7.557749883135479e-06,0.0,0.0,nan,0,-0.07999644431944053,-4.004728743558777e-16,-1.7443086801464628e-11,4.5164922884895764e-15,2
3.1750000000000003,4.0,1.5252579806898847e-05,8.445301258706773e-07,19.620000000003927,6.800511200703979e-11,6.9322234461800384e-12,4,-2.1860452083695414e-06,-0.006807076348554781,-2.5050221895374054e-07,9.809999989739598,2.934694174562452e-11,5.983066621063987e-12,4,-2.4045546991591227e-06,0.1718467448601157,7.557747018727059e-06,0.0,0.0,nan,0,-0.07999644431935335,1.1045454578259847e-15,-1.7438326609224243e-11,2.9199915790786014e-15,2
3.18,4.0,1.525680245803703e-05,8.445303196639422e-07,19.619999999998715,6.787415299708467e-11,6.918873903882683e-12,4,-2.1860452083695414e-06,-0.006807077601066003,-2.505022673899193e-07,9.809999989734148,2.928419609230566e-11,5.970274438929793e-12,4,-2.40455478631163e-06,0.1718467826488433,7.557744154574784e-06,0.0,0.0,nan,0,-0.07999644431926617,4.450757654046206e-15,-1.7443633031192742e-11,3.925409550179142e-15,2
3.185,4.0,1.526102511014295e-05,8.445305129504103e-07,19.61999999999988,6.754075620959322e-11,6.884888502506996e-12,4,-2.1860452083452553e-06,-0.006807078853577469,-2.5050231628171237e-07,9.809999989737062,2.904158213285745e-11,5.920811857949013e-12,4,-2.4045548734849542e-06,0.17184682043755653,7.557741291200622e-06,0.0,0.0,nan,0,-0.079996444319179,6.774232399981733e-15,-1.7438090353764603e-11,8.047889685217271e-15,2
3.19,4.0,1.526524776321418e-05,8.445307058413033e-07,19.62000000000567,6.73227560365693e-11,6.862666262645244e-12,4,-2.1860452083452553e-06,-0.00680708010608918,-2.505023656814296e-07,9.809999989740202,2.8902232677231832e-11,5.8924021829682485e-12,4,-2.404554960692973e-06,0.17184685822625548,7.557738428863852e-06,0.0,0.0,nan,0,-0.07999644431909181,3.2153014722433312e-15,-1.7430628766860704e-11,2.8635922494276396e-15,2
3.1950000000000003,4.0,1.526947041724946e-05,8.445308986637717e-07,19.61999999999332,6.739609398948603e-11,6.870142098828643e-12,4,-2.1860452083452553e-06,-0.006807081358601139,-2.50502415294e-07,9.80999998973151,2.8941695533606945e-11,5.900447617513004e-12,4,-2.4045550478454802e-06,0.1718468960149401,7.55773556672332e-06,0.0,0.0,nan,0,-0.07999644431900463,-1.6021782762101478e-15,-1.744118654373568e-11,6.911021308001109e-15,2
3.2,4.0,1.527369307224968e-05,8.445310917917635e-07,19.620000000000857,6.757295902453017e-11,6.888171154386057e-12,4,-2.186045208359133e-06,-0.0068070826111133464,-2.5050246494346534e-07,9.809999989736829,2.9039348775166383e-11,5.920356535279755e-12,4,-2.4045551350812544e-06,0.17184693380361044,7.557732704283517e-06,0.0,0.0,nan,0,-0.07999644431891736,-6.7500603967920725e-15,-1.7450231752761896e-11,2.6317776818859057e-15,2
3.205,4.0,1.527791572821603e-05,8.445312851083337e-07,19.620000000021854,6.748356039271427e-11,6.879058143999909e-12,4,-2.186045208373011e-06,-0.0068070838636258004,-2.505025145233631e-07,9.809999989750674,2.8922185990769805e-11,5.896470136796581e-12,4,-2.4045552223031508e-06,0.17184697159226645,7.55772984159578e-06,0.0,0.0,nan,0,-0.0799964443188301,-2.5587464342271816e-15,-1.7435817061099378e-11,5.50414669119611e-15,2
3.21,4.0,1.528213838514914e-05,8.445314785335363e-07,19.619999999996416,6.771608943530651e-11,6.902761410328122e-12,4,-2.186045208373011e-06,-0.006807085116138503,-2.5050256371329603e-07,9.809999989733097,2.914517620787882e-11,5.941931954817828e-12,4,-2.404555309455658e-06,0.17184700938090816,7.557726978362814e-06,0.0,0.0,nan,0,-0.07999644431874295,1.4562641120272339e-15,-1.743362548084877e-11,2.137950480532635e-15,2
3.215,4.0,1.5286361043050067e-05,8.445316721422996e-07,19.619999999998694,6.771686191123492e-11,6.902840154050911e-12,4,-2.186045208373011e-06,-0.00680708636865145,-2.50502612787603e-07,9.80999998973432,2.9143429673858444e-11,5.941575882641305e-12,4,-2.4045553966081656e-06,0.1718470471695355,7.557724114775818e-06,0.0,0.0,nan,0,-0.07999644431865577,1.3621171995390203e-15,-1.7444369775191883e-11,4.175431775324721e-15,2
3.22,4.0,1.529058370191862e-05,8.445318655705876e-07,19.62000000000064,6.775309772699313e-11,6.9065339171244565e-12,4,-2.186045208373011e-06,-0.006807087621164643,-2.5050266186600817e-07,9.809999989736184,2.919593190870115e-11,5.952279702191173e-12,4,-2.4045554838023064e-06,0.1718470849581486,7.55772125131433e-06,0.0,0.0,nan,0,-0.07999644431856859,4.027096547849247e-15,-1.7444413740023653e-11,6.052596865360936e-15,2
3.225,4.0,1.5294806361753865e-05,8.445320588400311e-07,19.620000000000093,6.747419469566762e-11,6.8781034348284715e-12,4,-2.186045208359133e-06,-0.0068070888736780815,-2.505027110817196e-07,9.809999989735903,2.8996277464215052e-11,5.9115754321210076e-12,4,-2.4045555709686917e-06,0.17184712274674732,7.557718388222271e-06,0.0,0.0,nan,0,-0.07999644431848141,6.791107789956039e-15,-1.7435063885799468e-11,4.134575568018516e-15,2
3.23,4.0,1.5299029022555308e-05,8.445322520789274e-07,19.62000000000511,6.750793957461694e-11,6.881543279775674e-12,4,-2.1860452083487247e-06,-0.006807090126191765,-2.5050276041592804e-07,9.809999989740012,2.9054115165890758e-11,5.923367012492884e-12,4,-2.404555658197527e-06,0.17184716053533175,7.55771552527881e-06,0.0,0.0,nan,0,-0.07999644431839417,3.6380465579608265e-16,-1.7435511083633786e-11,5.489491747271057e-15,2
3.235,4.0,1.530325168432279e-05,8.445324453136865e-07,19.620000000000775,6.75952335887149e-11,6.890441752162306e-12,4,-2.186045208352194e-06,-0.0068070913787056965,-2.50502809689744e-07,9.80999998973881,2.9102125838180807e-11,5.933155121023736e-12,4,-2.404555745426362e-06,0.17184719832390186,7.557712662277765e-06,0.0,0.0,nan,0,-0.07999644431830694,-7.092453177586469e-15,-1.7449782334481524e-11,3.0128062239372577e-15,2
3.24,4.0,1.5307474347056488e-05,8.445326384859096e-07,19.620000000005533,6.746989046204634e-11,6.877664675028269e-12,4,-2.1860452083799498e-06,-0.006807092631219875,-2.5050285917887935e-07,9.809999989740067,2.8968331873499264e-11,5.905878063974765e-12,4,-2.404555832606625e-06,0.17184723611245767,7.557709799356288e-06,0.0,0.0,nan,0,-0.07999644431821973,4.948109727018493e-16,-1.742982141267718e-11,6.849292907831949e-15,2
3.245,4.0,1.5311697010756183e-05,8.445328317722726e-07,19.61999999999517,6.77054999715302e-11,6.901681954286124e-12,4,-2.1860452083799498e-06,-0.0068070938837343,-2.505029084255401e-07,9.809999989732752,2.917146116518822e-11,5.947290763653287e-12,4,-2.4045559197591326e-06,0.17184727390099913,7.557706936273147e-06,0.0,0.0,nan,0,-0.07999644431813255,-3.366100617734595e-15,-1.7439043813298137e-11,3.588345839902939e-15,2
3.25,4.0,1.5315919675422736e-05,8.445330251708408e-07,19.6199999999954,6.76408242084499e-11,6.895089114012819e-12,4,-2.1860452083799498e-06,-0.006807095136248972,-2.5050295769073695e-07,9.80999998973196,2.911407741304115e-11,5.935591731603383e-12,4,-2.4045560069532734e-06,0.1718473116895263,7.557704072829667e-06,0.0,0.0,nan,0,-0.07999644431804534,-6.665683446920561e-15,-1.7449095772563088e-11,8.152250649532031e-15,2
3.255,4.0,1.5320142341056235e-05,8.445332185296959e-07,19.61999999999888,6.752310899022894e-11,6.883089601450845e-12,4,-2.1860452083868886e-06,-0.00680709638876389,-2.505030069678144e-07,9.809999989735088,2.9003797800485592e-11,5.913108630139524e-12,4,-2.404556094161292e-06,0.17184734947803915,7.557701209639177e-06,0.0,0.0,nan,0,-0.0799964443179581,-5.8778691886465485e-15,-1.744368054873818e-11,2.6477648934405038e-15,2
3.2600000000000002,4.0,1.532436500765649e-05,8.445334119222486e-07,19.620000000002733,6.759344661389515e-11,6.8902595936682704e-12,4,-2.1860452083868886e-06,-0.006807097641279053,-2.5050305612608143e-07,9.809999989738387,2.9036174529790625e-11,5.919709390451276e-12,4,-2.404556181341555e-06,0.17184738726653767,7.557698346166721e-06,0.0,0.0,nan,0,-0.0799964443178709,-4.013138596486136e-15,-1.744444304991149e-11,6.471817079459394e-15,2
3.265,4.0,1.5328587675223537e-05,8.445336052073861e-07,19.620000000000637,6.751924273724382e-11,6.882695487996088e-12,4,-2.1860452083868886e-06,-0.006807098893794464,-2.505031054064767e-07,9.809999989735951,2.9004581030139768e-11,5.913268309987116e-12,4,-2.4045562685079402e-06,0.17184742505502187,7.557695482962666e-06,0.0,0.0,nan,0,-0.07999644431778374,-1.913068565164976e-16,-1.7441630188856304e-11,3.1069531364254677e-15,2
3.27,4.0,1.5332810343756725e-05,8.4453379843055e-07,19.620000000001973,6.759540382110649e-11,6.8904591051070026e-12,4,-2.1860452083868886e-06,-0.006807100146310119,-2.50503154694014e-07,9.80999998973634,2.9072767836124423e-11,5.927169799498807e-12,4,-2.4045563556604477e-06,0.1718474628434918,7.5576926197948685e-06,0.0,0.0,nan,0,-0.07999644431769656,6.598817162090959e-15,-1.7440767323521572e-11,5.817229584140398e-15,2
3.275,4.0,1.5337033013256217e-05,8.445339917108544e-07,19.61999999999646,6.754574269967057e-11,6.885396809345847e-12,4,-2.186045208359133e-06,-0.006807101398826024,-2.5050320400897786e-07,9.809999989733853,2.9017864692409547e-11,5.915976498017673e-12,4,-2.4045564428684663e-06,0.17184750063194737,7.557689756499214e-06,0.0,0.0,nan,0,-0.07999644431760938,-1.1021338259189783e-15,-1.7446057758278516e-11,2.987937228185649e-15,2
3.2800000000000002,4.0,1.5341255683722222e-05,8.445341850190343e-07,19.619999999998672,6.76407292722588e-11,6.895079436520222e-12,4,-2.1860452083799498e-06,-0.006807102651342172,-2.505032533135259e-07,9.80999998973388,2.909665994002959e-11,5.9320407687011435e-12,4,-2.4045565301042404e-06,0.17184753842038866,7.5576868931463904e-06,0.0,0.0,nan,0,-0.0799964443175221,-6.9090443339183975e-15,-1.7446738102948006e-11,4.616856449915678e-15,2
3.285,4.0,1.53454783551548e-05,8.445343782862123e-07,19.61999999999843,6.757384097268959e-11,6.888261057359327e-12,4,-2.186045208390358e-06,-0.006807103903858569,-2.5050330267695147e-07,9.809999989735374,2.906096153954089e-11,5.9247628073289764e-12,4,-2.4045566172983812e-06,0.17184757620881558,7.557684029943187e-06,0.0,0.0,nan,0,-0.0799964443174349,7.719226396482863e-16,-1.7424737479402822e-11,1.8532892970187388e-15,2
3.29,4.0,1.5349701027553717e-05,8.445345716391479e-07,19.619999999996395,6.769113428933573e-11,6.9002175626246854e-12,4,-2.186045208390358e-06,-0.0068071051563752105,-2.505033518466911e-07,9.809999989733006,2.909988443174795e-11,5.932698157431894e-12,4,-2.4045567044508886e-06,0.17184761399722823,7.557681166335308e-06,0.0,0.0,nan,0,-0.07999644431734773,-2.7941137154477165e-15,-1.7439945314394145e-11,3.4782117158601166e-15,2
3.295,4.0,1.535392370091964e-05,8.445347650113868e-07,19.619999999999372,6.770817384824235e-11,6.901954520718096e-12,4,-2.186045208390358e-06,-0.006807106408892101,-2.50503401154709e-07,9.809999989735674,2.919193420964604e-11,5.951464676899068e-12,4,-2.4045567916242128e-06,0.17184765178562655,7.5576783029798485e-06,0.0,0.0,nan,0,-0.07999644431726055,-4.637972114745176e-15,-1.7444144177873275e-11,1.6747654346590125e-15,2
3.3000000000000003,4.0,1.5358146375252188e-05,8.445349583340882e-07,19.619999999999266,6.76126164465527e-11,6.8922137050515014e-12,4,-2.186045208390358e-06,-0.006807107661409234,-2.5050345040413657e-07,9.809999989735015,2.909359720948893e-11,5.931416358803645e-12,4,-2.404556878790598e-06,0.17184768957401056,7.557675439553163e-06,0.0,0.0,nan,0,-0.07999644431717336,-4.308457921036429e-15,-1.744434890299902e-11,4.216732071840768e-15,2
3.305,4.0,1.536236905055118e-05,8.445351515928648e-07,19.62000000000499,6.75360595428954e-11,6.884409739335191e-12,4,-2.186045208390358e-06,-0.006807108913926617,-2.5050349975342084e-07,9.809999989740268,2.9036680373651106e-11,5.919812518658298e-12,4,-2.4045569660055555e-06,0.17184772736238021,7.557672576157254e-06,0.0,0.0,nan,0,-0.07999644431708614,-1.2007216305056922e-15,-1.7443011750388166e-11,4.236271997074171e-15,2
3.31,4.0,1.536659172681631e-05,8.445353448286672e-07,19.620000000002143,6.752068381072559e-11,6.882842386413681e-12,4,-2.186045208390358e-06,-0.006807110166444244,-2.505035490537482e-07,9.80999998973712,2.90128332379252e-11,5.914950717283876e-12,4,-2.404557053158063e-06,0.17184776515073558,7.557669712853046e-06,0.0,0.0,nan,0,-0.07999644431699897,4.716767090746392e-15,-1.7437545456304124e-11,3.5843490370142815e-15,2
3.315,4.0,1.537081440404792e-05,8.445355381711567e-07,19.620000000001227,6.760218995497028e-11,6.891150861872177e-12,4,-2.186045208373011e-06,-0.00680711141896212,-2.505035982767155e-07,9.80999998973841,2.9029248724230348e-11,5.918297401548607e-12,4,-2.4045571403522037e-06,0.17184780293907664,7.557666849232012e-06,0.0,0.0,nan,0,-0.07999644431691177,1.697098290317893e-17,-1.744771909601258e-11,8.490646627437776e-15,2
3.3200000000000003,4.0,1.5375037082246393e-05,8.445357315465229e-07,19.62000000000045,6.755949394985895e-11,6.886798567773436e-12,4,-2.186045208373011e-06,-0.006807112671480239,-2.5050364757314216e-07,9.809999989738378,2.9006360270440957e-11,5.913631050108599e-12,4,-2.4045572275741e-06,0.17184784072740336,7.557663985707518e-06,0.0,0.0,nan,0,-0.07999644431682454,-3.043691851383453e-15,-1.744276394860907e-11,2.635774484774551e-15,2
3.325,4.0,1.537925976141158e-05,8.445359248756487e-07,19.62000000000078,6.759737669818889e-11,6.890660213882386e-12,4,-2.1860452083938275e-06,-0.006807113923998608,-2.5050369678669216e-07,9.809999989737614,2.9057235028036784e-11,5.9240030700171225e-12,4,-2.404557314823752e-06,0.17184787851571579,7.557661122019821e-06,0.0,0.0,nan,0,-0.07999644431673725,-7.011184852183914e-15,-1.7445893889360092e-11,6.192484966463701e-15,2
3.33,4.0,1.5383482441543175e-05,8.445361180822022e-07,19.61999999999436,6.757432068605744e-11,6.888309957806001e-12,4,-2.1860452083938275e-06,-0.006807115176517221,-2.5050374607969734e-07,9.809999989731297,2.9043715407032515e-11,5.921246776235326e-12,4,-2.4045574019901372e-06,0.17184791630401386,7.55765825866027e-06,0.0,0.0,nan,0,-0.0799964443166501,-3.0232915897901784e-16,-1.7431729219922714e-11,2.298266685288501e-15,2
3.335,4.0,1.5387705122641164e-05,8.445363114450028e-07,19.61999999999974,6.764004603169968e-11,6.895009789164176e-12,4,-2.1860452083938275e-06,-0.006807116429036082,-2.5050379536015426e-07,9.809999989735893,2.9087149730680577e-11,5.930101888096672e-12,4,-2.4045574891426447e-06,0.17184795409229767,7.557655395036449e-06,0.0,0.0,nan,0,-0.07999644431656291,-3.568605297426228e-15,-1.7438395887140988e-11,5.601402228153267e-15,2
3.34,4.0,1.5391927804705835e-05,8.445365047329323e-07,19.61999999999682,6.760240186550503e-11,6.891172463355349e-12,4,-2.1860452083938275e-06,-0.006807117681555187,-2.5050384464627676e-07,9.80999998973277,2.908477898202203e-11,5.929618555038208e-12,4,-2.40455757630903e-06,0.17184799188056712,7.557652531409451e-06,0.0,0.0,nan,0,-0.07999644431647573,-3.738691464798802e-15,-1.744648630436604e-11,1.9545416368645525e-15,2
3.345,4.0,1.5396150487736963e-05,8.445366980299748e-07,19.6200000000027,6.747907490274958e-11,6.878600907516849e-12,4,-2.1860452083938275e-06,-0.006807118934074541,-2.5050389398711654e-07,9.809999989737923,2.896466734860255e-11,5.905130964098268e-12,4,-2.404557663489293e-06,0.17184802966882226,7.557649667936637e-06,0.0,0.0,nan,0,-0.07999644431638855,-1.6359290561587551e-15,-1.743846916186062e-11,4.78427808202915e-15,2
3.35,4.0,1.5400373171734394e-05,8.445368913105277e-07,19.620000000002147,6.760747113537734e-11,6.891689208498465e-12,4,-2.1860452083938275e-06,-0.006807120186594139,-2.505039432696832e-07,9.809999989737188,2.907474047196204e-11,5.927571967865203e-12,4,-2.4045577506418003e-06,0.17184806745706308,7.557646804246626e-06,0.0,0.0,nan,0,-0.0799964443163014,2.6637426736095507e-15,-1.743473303933815e-11,2.186800293616133e-15,2
3.355,4.0,1.540459585669836e-05,8.44537084605968e-07,19.619999999970943,6.777757109857439e-11,6.909028654299161e-12,4,-2.1860452083764803e-06,-0.006807121439113986,-2.5050399252922e-07,9.809999989716843,2.9282791266314776e-11,5.969988032010181e-12,4,-2.4045578378081855e-06,0.1718481052452896,7.557643940576873e-06,0.0,0.0,nan,0,-0.07999644431621422,4.397911038074046e-15,-1.743299443008159e-11,4.226057945247622e-15,2
3.36,4.0,1.5408818542629055e-05,8.445372779867454e-07,19.619999999994082,6.76868188327891e-11,6.899777658798116e-12,4,-2.1860452083764803e-06,-0.006807122691634076,-2.5050404179444313e-07,9.809999989731471,2.91289419699013e-11,5.93862222230209e-12,4,-2.404557924967632e-06,0.17184814303350177,7.55764107675685e-06,0.0,0.0,nan,0,-0.07999644431612704,1.6294589038687558e-15,-1.7445508419925954e-11,5.7874756070804415e-15,2
3.365,4.0,1.5413041229526513e-05,8.445374713039649e-07,19.619999999999568,6.757756477792427e-11,6.888640650145338e-12,4,-2.1860452083799498e-06,-0.006807123944154415,-2.5050409108301536e-07,9.809999989737237,2.9038909591134037e-11,5.920266997250395e-12,4,-2.4045580122519783e-06,0.17184818082169964,7.5576382131973865e-06,0.0,0.0,nan,0,-0.07999644431603975,-7.05559377316892e-15,-1.7446146132031296e-11,3.702476766834398e-15,2
3.37,4.0,1.541726391739043e-05,8.445376646218081e-07,19.620000000013235,6.748383080930803e-11,6.8790857094049445e-12,4,-2.186045208404236e-06,-0.006807125196674999,-2.5050414039889255e-07,9.809999989744554,2.8966430396180286e-11,5.905490402948421e-12,4,-2.4045580994808136e-06,0.1718482186098832,7.55763534940014e-06,0.0,0.0,nan,0,-0.07999644431595246,-1.2895394724757074e-15,-1.743379245839169e-11,7.911554297793292e-15,2
3.375,4.0,1.5421486606220836e-05,8.445378578999558e-07,19.619999999995244,6.753565623149753e-11,6.884368627065637e-12,4,-2.186045208404236e-06,-0.00680712644919583,-2.505041895873654e-07,9.809999989731663,2.8984664647406988e-11,5.909207885371225e-12,4,-2.40455818664026e-06,0.17184825639805243,7.557632485612001e-06,0.0,0.0,nan,0,-0.0799964443158653,-1.8112064674978406e-17,-1.744488003369402e-11,2.8058606521471205e-15,2
3.38,4.0,1.5425709296017783e-05,8.445380511941435e-07,19.62000000000015,6.753798866705917e-11,6.884606388079374e-12,4,-2.186045208404236e-06,-0.006807127701716907,-2.5050423894285354e-07,9.809999989735912,2.9018201618764456e-11,5.9160451884048646e-12,4,-2.4045582738482785e-06,0.17184829418620734,7.5576296218142935e-06,0.0,0.0,nan,0,-0.07999644431577807,-1.3392774639789148e-15,-1.744448390611883e-11,7.483896388707681e-15,2
3.3850000000000002,4.0,1.5429931986781075e-05,8.445382444574481e-07,19.620000000002292,6.75984842777813e-11,6.890773117000346e-12,4,-2.186045208404236e-06,-0.006807128954238233,-2.505042882374126e-07,9.809999989737843,2.9092714306946342e-11,5.9312363582833806e-12,4,-2.404558361007725e-06,0.17184833197434793,7.557626758183719e-06,0.0,0.0,nan,0,-0.07999644431569092,-6.211852116513635e-16,-1.7435670511660143e-11,2.494110026832378e-15,2
3.39,4.0,1.5434154678510853e-05,8.445384377852475e-07,19.61999999999603,6.765778759268389e-11,6.896818307104748e-12,4,-2.186045208404236e-06,-0.006807130206759803,-2.505043374847014e-07,9.809999989730686,2.911235112474686e-11,5.935239786997407e-12,4,-2.4045584481602322e-06,0.1718483697624742,7.557623894356116e-06,0.0,0.0,nan,0,-0.07999644431560374,3.327656042335393e-15,-1.7433465164644024e-11,6.176497754909099e-15,2
3.395,4.0,1.5438377371207454e-05,8.445386311584713e-07,19.620000000002765,6.751944107870291e-11,6.8827157062888275e-12,4,-2.1860452083868886e-06,-0.00680713145928162,-2.5050438677458527e-07,9.809999989739008,2.8987894562381504e-11,5.909866379755769e-12,4,-2.4045585353335563e-06,0.17184840755058614,7.557621030497481e-06,0.0,0.0,nan,0,-0.07999644431551658,6.613028016806154e-15,-1.742990401327024e-11,1.5939411984663035e-15,2
3.4,4.0,1.5442600064870594e-05,8.445388244550973e-07,19.620000000002975,6.757991467120547e-11,6.888880190743652e-12,4,-2.1860452083868886e-06,-0.006807132711803683,-2.505044360437866e-07,9.809999989737527,2.908227792319405e-11,5.9291086551718054e-12,4,-2.4045586224860638e-06,0.1718484453386838,7.557618166525342e-06,0.0,0.0,nan,0,-0.0799964443154294,3.0540970890677516e-15,-1.7438994963485076e-11,3.863237060800122e-15,2
3.4050000000000002,4.0,1.5446822759500226e-05,8.44539017745407e-07,19.61999999999944,6.756120885220249e-11,6.886973379429604e-12,4,-2.1860452083868886e-06,-0.006807133964325992,-2.505044853175236e-07,9.809999989737126,2.903744525378396e-11,5.919968457525364e-12,4,-2.4045587096940824e-06,0.1718484831267671,7.5576153025820405e-06,0.0,0.0,nan,0,-0.0799964443153422,-1.5391176084114466e-15,-1.7447571658394908e-11,5.442418291026944e-15,2
3.41,4.0,1.5451045455096394e-05,8.445392110461817e-07,19.620000000001916,6.752235030193105e-11,6.883012263193114e-12,4,-2.1860452084007664e-06,-0.006807135216848548,-2.5050453461842226e-07,9.8099999897375,2.8981057567410625e-11,5.908472496988475e-12,4,-2.4045587969437343e-06,0.1718485209148361,7.557612438829962e-06,0.0,0.0,nan,0,-0.0799964443152549,-6.678562034006222e-15,-1.7445374749073783e-11,3.3405440608065958e-15,2
3.415,4.0,1.5455268151658972e-05,8.445394043033701e-07,19.619999999999898,6.7537152950378e-11,6.884521197795958e-12,4,-2.1860452084111748e-06,-0.006807136469371352,-2.5050458393887215e-07,9.809999989735363,2.9013621132023847e-11,5.915111348090129e-12,4,-2.404558884137875e-06,0.17184855870289076,7.557609574959606e-06,0.0,0.0,nan,0,-0.0799964443151677,2.020701497746654e-15,-1.742963711565512e-11,6.438510388720633e-15,2
3.42,4.0,1.5459490849188134e-05,8.445395977125071e-07,19.620000000000704,6.754425994081908e-11,6.8852456616530736e-12,4,-2.1860452084111748e-06,-0.0068071377218944,-2.505046331389666e-07,9.80999998973682,2.9006471462440947e-11,5.91365371922271e-12,4,-2.404558971318138e-06,0.17184859649093112,7.557606710901771e-06,0.0,0.0,nan,0,-0.07999644431508052,8.22520967511299e-17,-1.7445105186923412e-11,4.123473337772255e-15,2
3.4250000000000003,4.0,1.5463713547684132e-05,8.445397910089701e-07,19.62000000000297,6.751260923573732e-11,6.882019290084311e-12,4,-2.1860452084111748e-06,-0.006807138974417695,-2.5050468246387634e-07,9.80999998973865,2.900850432741557e-11,5.914068166719415e-12,4,-2.404559058519218e-06,0.17184863427895714,7.557603846874927e-06,0.0,0.0,nan,0,-0.0799964443149933,2.2214019785389963e-16,-1.7438227133241252e-11,8.197547748936731e-15,2
3.43,4.0,1.546793624714631e-05,8.445399842484312e-07,19.620000000009586,6.7588722592807e-11,6.889778042076857e-12,4,-2.1860452084111748e-06,-0.006807140226941236,-2.505047317685511e-07,9.809999989744743,2.9031359993434065e-11,5.918727833594924e-12,4,-2.404559145685603e-06,0.17184867206696888,7.55760098309135e-06,0.0,0.0,nan,0,-0.07999644431490611,2.861806461202672e-15,-1.7440185566656693e-11,2.526972628361281e-15,2
3.435,4.0,1.547215894757498e-05,8.445401775539988e-07,19.62000000000085,6.755501279913102e-11,6.886341773611427e-12,4,-2.1860452084007664e-06,-0.006807141479465025,-2.5050478107166413e-07,9.809999989737264,2.905220731658545e-11,5.922978052391117e-12,4,-2.4045592328450494e-06,0.17184870985496628,7.557598119042705e-06,0.0,0.0,nan,0,-0.07999644431481895,7.15259640677398e-15,-1.743076821087261e-11,5.227923202669362e-15,2
3.44,4.0,1.5476381648970286e-05,8.445403709287484e-07,19.61999999999636,6.77047611869517e-11,6.901606644950485e-12,4,-2.186045208390358e-06,-0.00680714273198906,-2.5050483024545556e-07,9.809999989731098,2.9151940557721545e-11,5.943311027163544e-12,4,-2.4045593200114346e-06,0.17184874764294936,7.5575952548393014e-06,0.0,0.0,nan,0,-0.0799964443147318,4.424084459395331e-16,-1.744179405777477e-11,2.0948738271771707e-15,2
3.4450000000000003,4.0,1.548060435133246e-05,8.445405642550976e-07,19.619999999996853,6.765426849537743e-11,6.8964595815890195e-12,4,-2.186045208390358e-06,-0.0068071439845133405,-2.505048795168881e-07,9.809999989734182,2.909678990521296e-11,5.9320672651705855e-12,4,-2.40455940717782e-06,0.1718487854309181,7.557592390865871e-06,0.0,0.0,nan,0,-0.07999644431464459,2.7476755342712074e-15,-1.7445678506093334e-11,4.463645672517406e-15,2
3.45,4.0,1.5484827054661152e-05,8.445407575382715e-07,19.619999999997948,6.758341666260077e-11,6.889237172539026e-12,4,-2.186045208390358e-06,-0.006807145237037868,-2.5050492882363087e-07,9.809999989735585,2.9069549828614085e-11,5.926513732727866e-12,4,-2.4045594944344106e-06,0.17184882321887257,7.557589526683603e-06,0.0,0.0,nan,0,-0.07999644431455735,-5.3867065225523896e-15,-1.744486671101772e-11,2.026484088860262e-15,2
3.455,4.0,1.5489049758956253e-05,8.445409508333105e-07,19.619999999998534,6.75499943539934e-11,6.885830209378028e-12,4,-2.1860452084146442e-06,-0.006807146489562641,-2.5050497810406036e-07,9.809999989734003,2.9014614376067545e-11,5.915313844328409e-12,4,-2.404559581649368e-06,0.17184886100681268,7.557586662747817e-06,0.0,0.0,nan,0,-0.07999644431447009,-6.826887830096144e-15,-1.7444799653547025e-11,4.239824710752974e-15,2
3.46,4.0,1.5493272464217772e-05,8.445411440853589e-07,19.6199999999976,6.749599848240809e-11,6.88032604305977e-12,4,-2.186045208421583e-06,-0.006807147742087662,-2.505050274408801e-07,9.80999998973356,2.899921984704225e-11,5.9121753062978075e-12,4,-2.404559668829631e-06,0.1718488987947385,7.557583798618977e-06,0.0,0.0,nan,0,-0.0799964443143829,2.4723402241641674e-15,-1.7428551317537036e-11,1.4718166657575334e-15,2
3.465,4.0,1.5497495170445653e-05,8.445413374177352e-07,19.61999999999749,6.759930950548586e-11,6.890857238072835e-12,4,-2.186045208421583e-06,-0.0068071489946129275,-2.5050507670149264e-07,9.809999989733285,2.908795149307357e-11,5.930265346282517e-12,4,-2.4045597559821386e-06,0.17184893658264996,7.5575809345050205e-06,0.0,0.0,nan,0,-0.07999644431429573,2.2516278868686855e-15,-1.7441119486265002e-11,3.5745790743975784e-15,2
3.47,4.0,1.550171787764022e-05,8.445415307276765e-07,19.61999999999998,6.759716598875682e-11,6.890638734837603e-12,4,-2.186045208421583e-06,-0.006807150247138441,-2.505051260146341e-07,9.80999998973547,2.904940095073819e-11,5.9224059084879814e-12,4,-2.4045598431762794e-06,0.1718489743705471,7.557578070202241e-06,0.0,0.0,nan,0,-0.07999644431420852,3.5084003507443624e-15,-1.7443260884434902e-11,6.583727560341603e-15,2
3.475,4.0,1.5505940585801392e-05,8.445417240508091e-07,19.619999999998807,6.752188750121462e-11,6.8829650867705124e-12,4,-2.1860452084111748e-06,-0.0068071514996642,-2.505051752812902e-07,9.809999989734967,2.900069402613107e-11,5.9124758524927515e-12,4,-2.4045599303634813e-06,0.17184901215842993,7.557575206080038e-06,0.0,0.0,nan,0,-0.07999644431412134,7.18323856225363e-15,-1.7434352898974516e-11,3.4782117158601142e-15,2
3.48,4.0,1.551016329492916e-05,8.445419174036929e-07,19.620000000003465,6.758655450853534e-11,6.8895570345079915e-12,4,-2.186045208397297e-06,-0.006807152752190206,-2.5050522452606895e-07,9.809999989738863,2.9054643711994782e-11,5.923474769089822e-12,4,-2.4045600175715e-06,0.17184904994629843,7.557572341780309e-06,0.0,0.0,nan,0,-0.07999644431403413,-9.733479550624702e-16,-1.744279325849693e-11,9.118588770165762e-15,2
3.485,4.0,1.5514386005023526e-05,8.445421106754881e-07,19.619999999989762,6.761616545715368e-11,6.892575479835776e-12,4,-2.186045208397297e-06,-0.006807154004716457,-2.5050527374821273e-07,9.809999989728936,2.90858480006704e-11,5.92983649971932e-12,4,-2.4045601047240073e-06,0.1718490877341526,7.557569477540362e-06,0.0,0.0,nan,0,-0.07999644431394695,-1.5724242991502048e-15,-1.744379467966513e-11,3.608329854346184e-15,2
3.49,4.0,1.5518608716084482e-05,8.445423040152741e-07,19.61999999999881,6.766664521829505e-11,6.8977212251069475e-12,4,-2.1860452084250526e-06,-0.0068071552572429575,-2.5050532305528003e-07,9.809999989734978,2.9151972174674236e-11,5.943317473023115e-12,4,-2.4045601919597814e-06,0.1718491255219925,7.557566613239412e-06,0.0,0.0,nan,0,-0.07999644431385969,-6.4871595845608486e-15,-1.744491156402791e-11,8.673167292686149e-15,2
3.495,4.0,1.5522831428111937e-05,8.445424972966427e-07,19.61999999999832,6.753194253236625e-11,6.883990064461981e-12,4,-2.1860452084250526e-06,-0.0068071565097697,-2.505053723403824e-07,9.809999989735253,2.8993543792460616e-11,5.91101810862348e-12,4,-2.4045602791400444e-06,0.17184916330981803,7.557563749074837e-06,0.0,0.0,nan,0,-0.07999644431377248,-1.5253508429060992e-15,-1.7445223314653224e-11,2.9572950727059923e-15,2
3.5,4.0,1.5527054141105846e-05,8.445426905752487e-07,19.620000000000893,6.75510479901632e-11,6.8859376136758545e-12,4,-2.1860452084250526e-06,-0.006807157762296692,-2.505054216905732e-07,9.809999989737548,2.9057742372764293e-11,5.924106504212481e-12,4,-2.404560366355002e-06,0.17184920109762927,7.5575608848613125e-06,0.0,0.0,nan,0,-0.07999644431368524,-5.804150379811453e-15,-1.7443992743452732e-11,5.828331814386648e-15,2
3.505,4.0,1.5531276855065943e-05,8.44542883816882e-07,19.619999999998075,6.763253769934259e-11,6.8942444137970665e-12,4,-2.1860452084250526e-06,-0.0068071590148239295,-2.505054709734194e-07,9.809999989734242,2.9089237717850515e-11,5.930527573555799e-12,4,-2.4045604535075094e-06,0.17184923888542616,7.557558020539702e-06,0.0,0.0,nan,0,-0.07999644431359809,2.447915317622411e-15,-1.7431517389369623e-11,1.2844110192008079e-15,2
3.5100000000000002,4.0,1.5535499569992727e-05,8.445430772237679e-07,19.619999999998456,6.769495707943974e-11,6.900607245611118e-12,4,-2.1860452084250526e-06,-0.006807160267351415,-2.5050552022227244e-07,9.809999989734044,2.915226559176775e-11,5.943377293022421e-12,4,-2.4045605406600168e-06,0.17184927667320876,7.557555156143192e-06,0.0,0.0,nan,0,-0.07999644431351094,3.1646753023204123e-15,-1.7440428039365265e-11,5.167527070129756e-15,2
3.515,4.0,1.5539722285886457e-05,8.44543270589347e-07,19.620000000000868,6.76389099959425e-11,6.894893985314934e-12,4,-2.1860452084250526e-06,-0.006807161519879143,-2.5050556948300567e-07,9.80999998973595,2.911545543513962e-11,5.935872673925111e-12,4,-2.404560627826402e-06,0.171849314460977,7.557552291694838e-06,0.0,0.0,nan,0,-0.07999644431342376,6.537532851131638e-15,-1.74434145393015e-11,2.3568864609887115e-15,2
3.52,4.0,1.5543945002746916e-05,8.445434639168196e-07,19.619999999989478,6.76328481371656e-11,6.894276058838111e-12,4,-2.1860452084077053e-06,-0.00680716277240712,-2.505056186391119e-07,9.809999989728976,2.9091451516129034e-11,5.9309789085805606e-12,4,-2.4045607150344206e-06,0.17184935224873096,7.5575494271324445e-06,0.0,0.0,nan,0,-0.07999644431333655,5.760792981043963e-16,-1.745737892450523e-11,3.842808957147022e-15,2
3.525,4.0,1.554816772057378e-05,8.445436571225266e-07,19.6200000000025,6.752716165449449e-11,6.883502717072976e-12,4,-2.1860452084077053e-06,-0.006807164024935342,-2.505056680625592e-07,9.809999989736504,2.9045434063916298e-11,5.921597164995809e-12,4,-2.404560802242439e-06,0.17184939003647057,7.557546562951834e-06,0.0,0.0,nan,0,-0.07999644431324934,5.314511167204565e-15,-1.7435948955594703e-11,1.2599861126590577e-15,2
3.5300000000000002,4.0,1.5552390439366808e-05,8.445438504383804e-07,19.619999999997425,6.756486737051084e-11,6.887346317076423e-12,4,-2.1860452084077053e-06,-0.006807165277463813,-2.505057173327563e-07,9.80999998973454,2.9022661541734973e-11,5.916954448951092e-12,4,-2.404560889505969e-06,0.17184942782419588,7.557543698502941e-06,0.0,0.0,nan,0,-0.07999644431316205,-6.039961750241836e-15,-1.744827598388172e-11,4.066185829701604e-15,2
3.535,4.0,1.555661315912643e-05,8.445440437160881e-07,19.619999999998136,6.753822582052625e-11,6.88463056274543e-12,4,-2.1860452084319915e-06,-0.006807166529992527,-2.505057666845026e-07,9.80999998973457,2.902192881387798e-11,5.9168050650860866e-12,4,-2.404560976686232e-06,0.17184946561190687,7.557540834089811e-06,0.0,0.0,nan,0,-0.07999644431307484,1.3665580916375064e-15,-1.7428388336796996e-11,7.43327021878478e-15,2
3.54,4.0,1.5560835879852476e-05,8.445442370613125e-07,19.619999999996587,6.765005832707602e-11,6.896030410508439e-12,4,-2.1860452084319915e-06,-0.00680716778252149,-2.505058159000641e-07,9.809999989733331,2.9114811453815785e-11,5.935741383136785e-12,4,-2.4045610638387394e-06,0.1718495033996035,7.557537969579341e-06,0.0,0.0,nan,0,-0.07999644431298766,-3.4131740739787177e-15,-1.7439297832326178e-11,2.707716936770262e-15,2
3.545,4.0,1.5565058601545495e-05,8.4454443045077e-07,19.620000000000857,6.755657435426398e-11,6.886500953543428e-12,4,-2.1860452084319915e-06,-0.006807169035050698,-2.5050586518838793e-07,9.809999989736921,2.9040863363047776e-11,5.920665319761448e-12,4,-2.4045611510745135e-06,0.17184954118728582,7.55753510499681e-06,0.0,0.0,nan,0,-0.07999644431290043,-6.371252300789987e-15,-1.7442358051071263e-11,6.7285006427527296e-15,2
3.5500000000000003,4.0,1.5569281324205027e-05,8.445446236948655e-07,19.619999999998793,6.75545901229702e-11,6.886298687357223e-12,4,-2.1860452084319915e-06,-0.006807170287580154,-2.505059144611454e-07,9.809999989734566,2.9043276208649542e-11,5.921157235278525e-12,4,-2.4045612382408987e-06,0.17184957897495381,7.557532240533193e-06,0.0,0.0,nan,0,-0.07999644431281325,-6.419213935453794e-15,-1.7443996296166396e-11,1.9096886266696994e-15,2
3.555,4.0,1.5573504047830948e-05,8.445448169977141e-07,19.620000000002147,6.757202829903312e-11,6.888076279207516e-12,4,-2.1860452084319915e-06,-0.006807171540109855,-2.505059637518961e-07,9.809999989737102,2.902132812197535e-11,5.916682599864731e-12,4,-2.404561325414223e-06,0.17184961676260752,7.55752937599973e-06,0.0,0.0,nan,0,-0.07999644431272607,-4.726789956715205e-15,-1.7443883941596305e-11,4.9201693802432734e-15,2
3.56,4.0,1.5577726772423462e-05,8.445450103407155e-07,19.620000000001138,6.754078919710329e-11,6.8848918651477446e-12,4,-2.1860452084319915e-06,-0.006807172792639803,-2.505060130028301e-07,9.809999989736047,2.8992456310580006e-11,5.9107963997786086e-12,4,-2.404561412580608e-06,0.17184965455024687,7.557526511467123e-06,0.0,0.0,nan,0,-0.07999644431263889,-1.1758804768140506e-16,-1.7442033421858856e-11,1.961202975012306e-15,2
3.565,4.0,1.5581949497982645e-05,8.445452036572355e-07,19.620000000002907,6.74934027122376e-11,6.880061438555311e-12,4,-2.186045208428522e-06,-0.006807174045169998,-2.5050606228649433e-07,9.809999989737083,2.8951671909283335e-11,5.902481537119608e-12,4,-2.4045614997400544e-06,0.17184969233787192,7.557523646910465e-06,0.0,0.0,nan,0,-0.0799964443125517,7.224538858769681e-15,-1.7440184234389035e-11,4.063521294442503e-15,2
3.5700000000000003,4.0,1.5586172224508292e-05,8.445453969607767e-07,19.620000000010304,6.75453577722988e-11,6.885357571076792e-12,4,-2.1860452084111748e-06,-0.0068071752977004385,-2.5050611159128957e-07,9.809999989747451,2.8998923950887058e-11,5.91211498087547e-12,4,-2.4045615869897063e-06,0.17184973012548263,7.557520782203839e-06,0.0,0.0,nan,0,-0.07999644431246447,-1.269999547242319e-15,-1.744569271694801e-11,1.0463792027211779e-15,2
3.575,4.0,1.5590394952000437e-05,8.445455902447074e-07,19.61999999999987,6.756195791529415e-11,6.887049736523404e-12,4,-2.186045208428522e-06,-0.006807176550231125,-2.5050616085616987e-07,9.809999989736017,2.903910787399312e-11,5.9203074218911495e-12,4,-2.4045616742254805e-06,0.17184976791307902,7.557517917574381e-06,0.0,0.0,nan,0,-0.07999644431237721,-6.935689686509419e-15,-1.744802818210261e-11,4.886418600294669e-15,2
3.58,4.0,1.559461768045898e-05,8.445457834931021e-07,19.619999999997116,6.755554164853602e-11,6.886395682828333e-12,4,-2.1860452084424e-06,-0.006807177802762059,-2.50506210171875e-07,9.809999989733626,2.9031409914584004e-11,5.9187380112061146e-12,4,-2.4045617613918657e-06,0.17184980570066108,7.557515053039284e-06,0.0,0.0,nan,0,-0.07999644431229003,1.2946156396417912e-15,-1.74352148761308e-11,1.813765357342084e-15,2
3.585,4.0,1.559884040988402e-05,8.445459768513726e-07,19.61999999999802,6.766578034398089e-11,6.897633062587943e-12,4,-2.1860452084424e-06,-0.006807179055293239,-2.5050625945023594e-07,9.809999989734587,2.911750300926966e-11,5.936290120232191e-12,4,-2.404561848544373e-06,0.17184984348822882,7.557512188390716e-06,0.0,0.0,nan,0,-0.07999644431220285,-2.290072462267914e-15,-1.7443846194013446e-11,2.9119979733012898e-15,2
3.59,4.0,1.5603063140275844e-05,8.445461702033897e-07,19.620000000000964,6.751669687180422e-11,6.882435970621907e-12,4,-2.1860452084424e-06,-0.006807180307824665,-2.5050630873378495e-07,9.80999998973686,2.898820531632923e-11,5.90992973428266e-12,4,-2.404561935738514e-06,0.17184988127578227,7.5575093234649255e-06,0.0,0.0,nan,0,-0.07999644431211567,-4.17745160413068e-15,-1.744239269002961e-11,7.403516241724822e-15,2
3.595,4.0,1.5607285871634282e-05,8.445463635293734e-07,19.62000000000181,6.756876863798006e-11,6.887743999793459e-12,4,-2.1860452084424e-06,-0.006807181560356338,-2.5050635798375577e-07,9.809999989737364,2.9046096708847406e-11,5.921732260801977e-12,4,-2.4045620229465325e-06,0.17184991906332134,7.5575064588901965e-06,0.0,0.0,nan,0,-0.07999644431202843,-2.9069123747496508e-15,-1.7441458770421287e-11,3.76242881016416e-15,2
3.6,4.0,1.5611508603959313e-05,8.445465568055212e-07,19.620000000001536,6.755470272864221e-11,6.886310166018034e-12,4,-2.1860452084424e-06,-0.006807182812888258,-2.5050640725429467e-07,9.80999998973638,2.9041065979065266e-11,5.9207066278183915e-12,4,-2.40456211009904e-06,0.17184995685084614,7.55750359419225e-06,0.0,0.0,nan,0,-0.07999644431194125,8.087820440658239e-16,-1.743921301128707e-11,6.463823473682092e-15,2
3.605,4.0,1.5615731337250693e-05,8.445467500835718e-07,19.62000000000149,6.759206245528813e-11,6.890118496970744e-12,4,-2.1860452084424e-06,-0.006807184065420423,-2.5050645656154716e-07,9.80999998973625,2.9061304451865298e-11,5.924832718098022e-12,4,-2.4045621972515474e-06,0.17184999463835657,7.557500729400547e-06,0.0,0.0,nan,0,-0.0799964443118541,6.805318644671221e-15,-1.7436531156548785e-11,1.8941455043249483e-15,2
3.61,4.0,1.5619954071508612e-05,8.445469434422377e-07,19.620000000005867,6.764144433795628e-11,6.895152328026101e-12,4,-2.1860452084250526e-06,-0.006807185317952835,-2.505065058342933e-07,9.809999989740335,2.911164987468034e-11,5.935096820617001e-12,4,-2.404562284466505e-06,0.17185003242585273,7.557497864638945e-06,0.0,0.0,nan,0,-0.07999644431176689,1.0374879871386078e-15,-1.744293447886561e-11,5.648475684397378e-15,2
3.615,4.0,1.5624176806733233e-05,8.44547136758392e-07,19.619999999997624,6.768016583821902e-11,6.899099473825404e-12,4,-2.1860452084250526e-06,-0.006807186570485495,-2.505065550809494e-07,9.809999989735214,2.91391494752553e-11,5.9407032631488935e-12,4,-2.404562371702279e-06,0.1718500702133345,7.557494999697253e-06,0.0,0.0,nan,0,-0.07999644431167965,-2.8323053874948378e-15,-1.7446927729040585e-11,2.740135449089317e-15,2
3.62,4.0,1.5628399542924448e-05,8.445473300499353e-07,19.619999999998175,6.765224285857748e-11,6.896253094656857e-12,4,-2.1860452084424e-06,-0.006807187823018399,-2.5050660436160737e-07,9.80999998973413,2.9133304462651715e-11,5.939511619396297e-12,4,-2.4045624589311143e-06,0.171850108000802,7.557492134972713e-06,0.0,0.0,nan,0,-0.07999644431159238,-6.769156232815643e-15,-1.7440911652514753e-11,4.5271504295259705e-15,2
3.625,4.0,1.5632622280082066e-05,8.445475233470796e-07,19.620000000004943,6.76030692985727e-11,6.891240499343086e-12,4,-2.1860452084458692e-06,-0.006807189075551551,-2.505066536315836e-07,9.809999989741648,2.9050070995162636e-11,5.922542512852273e-12,4,-2.4045625460836217e-06,0.17185014578825514,7.557489270054034e-06,0.0,0.0,nan,0,-0.07999644431150522,-1.6421741471566138e-16,-1.7441589332648983e-11,1.3670116122329242e-15,2
3.63,4.0,1.563684501820631e-05,8.445477166872964e-07,19.62000000000075,6.756096188648148e-11,6.886948204534036e-12,4,-2.1860452084458692e-06,-0.006807190328084948,-2.505067029531101e-07,9.809999989736824,2.9049739912556693e-11,5.922475013852884e-12,4,-2.4045626332985792e-06,0.17185018357569398,7.557486405232647e-06,0.0,0.0,nan,0,-0.07999644431141799,-2.4548295591222847e-15,-1.7443308846069518e-11,5.424654722632946e-15,2
3.6350000000000002,4.0,1.5641067757297055e-05,8.445479099685885e-07,19.620000000001152,6.753234273771183e-11,6.884030860112933e-12,4,-2.1860452084458692e-06,-0.006807191580618593,-2.5050675222551914e-07,9.80999998973684,2.9021294325318798e-11,5.916675709618898e-12,4,-2.4045627204510867e-06,0.17185022136311848,7.5574835402638635e-06,0.0,0.0,nan,0,-0.07999644431133084,-2.2265677052593524e-15,-1.7441397486110318e-11,1.5979380013549548e-15,2
3.64,4.0,1.5645290497354318e-05,8.445481032674181e-07,19.62000000000078,6.755782279896259e-11,6.886628215999991e-12,4,-2.1860452084458692e-06,-0.006807192833152484,-2.5050680152675716e-07,9.809999989735827,2.9033373283019217e-11,5.919138290193017e-12,4,-2.404562807603594e-06,0.17185025915052868,7.557480675490446e-06,0.0,0.0,nan,0,-0.07999644431124367,1.0134793277467626e-16,-1.743965354778324e-11,3.720240335228405e-15,2
3.645,4.0,1.564951323837808e-05,8.445482965596509e-07,19.62000000000047,6.753598730396072e-11,6.884402375531e-12,4,-2.1860452084458692e-06,-0.006807194085686621,-2.5050685082399634e-07,9.809999989735177,2.9030318133845773e-11,5.918515425937213e-12,4,-2.4045628947561015e-06,0.17185029693792453,7.55747781043097e-06,0.0,0.0,nan,0,-0.07999644431115652,5.311402542735612e-15,-1.7443796456021935e-11,7.015382272315871e-15,2
3.65,4.0,1.565373598036825e-05,8.445484898671014e-07,19.61999999999937,6.755319665489245e-11,6.886156641681409e-12,4,-2.186045208428522e-06,-0.006807195338221004,-2.50506900101781e-07,9.809999989735818,2.9006322141871988e-11,5.913623276701578e-12,4,-2.404562981971059e-06,0.17185033472530606,7.557474945567744e-06,0.0,0.0,nan,0,-0.07999644431106931,-1.2069667215035513e-16,-1.745026861216629e-11,3.8583520794917745e-15,2
3.6550000000000002,4.0,1.5657958723325103e-05,8.445486831872291e-07,19.619999999992054,6.770516879555214e-11,6.9016481952680494e-12,4,-2.186045208428522e-06,-0.006807196590755635,-2.505069493409843e-07,9.809999989729752,2.915435354262723e-11,5.943802971080406e-12,4,-2.404563069151322e-06,0.17185037251267327,7.5574720804913905e-06,0.0,0.0,nan,0,-0.0799964443109821,1.8648261850892753e-15,-1.7442165316354155e-11,7.212557881489297e-15,2
3.66,4.0,1.566218146724874e-05,8.445488765903144e-07,19.619999999998228,6.756359906244667e-11,6.887217029811699e-12,4,-2.186045208428522e-06,-0.00680719784329051,-2.5050699860040686e-07,9.809999989735378,2.8989509568756725e-11,5.910195636919406e-12,4,-2.4045631564287295e-06,0.17185041030002615,7.5574692154719785e-06,0.0,0.0,nan,0,-0.07999644431089481,-6.801130655924846e-15,-1.7449186366761887e-11,2.3448960523227593e-15,2
3.665,4.0,1.566640421213901e-05,8.445490698369344e-07,19.6200000000021,6.752684953599968e-11,6.883470900712788e-12,4,-2.1860452084562776e-06,-0.006807199095825635,-2.5050704790705393e-07,9.809999989737399,2.898146245780213e-11,5.908555043449684e-12,4,-2.4045632436645037e-06,0.1718504480873647,7.557466350532136e-06,0.0,0.0,nan,0,-0.07999644431080752,-6.87662582159936e-15,-1.7444731707897883e-11,4.770955405733654e-15,2
3.67,4.0,1.567062695799554e-05,8.445492631284119e-07,19.619999999997102,6.767372315603644e-11,6.898442727425732e-12,4,-2.1860452084562776e-06,-0.006807200348361002,-2.505070971399276e-07,9.809999989733106,2.909087954561349e-11,5.930862298890776e-12,4,-2.404563330817011e-06,0.17185048587468893,7.557463485451903e-06,0.0,0.0,nan,0,-0.07999644431072037,1.2417690236696352e-15,-1.7430627434593044e-11,1.9731933836782586e-15,2
3.6750000000000003,4.0,1.5674849704818902e-05,8.445494565039905e-07,19.61999999999734,6.762614710106167e-11,6.893592976663693e-12,4,-2.1860452084562776e-06,-0.006807201600896619,-2.5050714645358853e-07,9.809999989733488,2.91073177303988e-11,5.934213610776889e-12,4,-2.4045634179695186e-06,0.17185052366199882,7.5574606203072925e-06,0.0,0.0,nan,0,-0.0799964443106332,2.0526480787958907e-16,-1.7441314885517285e-11,4.16610590191787e-15,2
3.68,4.0,1.567907245260877e-05,8.445496497804605e-07,19.62000000000322,6.75695998360574e-11,6.8878287294644555e-12,4,-2.1860452084562776e-06,-0.006807202853432478,-2.5050719575548015e-07,9.80999998973847,2.9058016116880795e-11,5.924162313410046e-12,4,-2.404563505177537e-06,0.17185056144929442,7.557457755231148e-06,0.0,0.0,nan,0,-0.079996444310546,1.5681745929094312e-15,-1.7439153059243734e-11,1.6450114575990652e-15,2
3.685,4.0,1.5683295201364965e-05,8.445498430385514e-07,19.62000000000306,6.754795027517763e-11,6.885621842524678e-12,4,-2.1860452084562776e-06,-0.006807204105968589,-2.505072450730962e-07,9.809999989737538,2.9041470259343433e-11,5.920789049892838e-12,4,-2.4045635923300446e-06,0.17185059923657564,7.557454890223302e-06,0.0,0.0,nan,0,-0.07999644431045883,5.649354431431507e-15,-1.7432352721173303e-11,4.894856295281825e-15,2
3.69,4.0,1.568751795108747e-05,8.445500363089539e-07,19.619999999986916,6.76828790714733e-11,6.8993760521425514e-12,4,-2.1860452084319915e-06,-0.006807205358504941,-2.5050729430652996e-07,9.809999989727725,2.910959437300818e-11,5.934677758101835e-12,4,-2.4045636795033687e-06,0.1718506370238426,7.5574520251456075e-06,0.0,0.0,nan,0,-0.07999644431037167,1.1538393601193213e-15,-1.7433892822553066e-11,2.690841546795964e-15,2
3.6950000000000003,4.0,1.5691740701776785e-05,8.445502296895773e-07,19.619999999975015,6.766115709646831e-11,6.89716178354276e-12,4,-2.1860452084319915e-06,-0.006807206611041543,-2.505073435507041e-07,9.809999989717845,2.9127851534061034e-11,5.9383999112315615e-12,4,-2.404563766662815e-06,0.17185067481109517,7.557449159896491e-06,0.0,0.0,nan,0,-0.07999644431028449,1.0712109250272305e-16,-1.744878935100827e-11,5.7754851984144964e-15,2
3.7,4.0,1.5695963453432958e-05,8.44550423080788e-07,19.620000000030245,6.749656450035238e-11,6.880383741105845e-12,4,-2.186045208459747e-06,-0.006807207863578389,-2.50507392920453e-07,9.809999989756594,2.8914937984116317e-11,5.89499245959403e-12,4,-2.4045638539263448e-06,0.17185071259833348,7.557446294696639e-06,0.0,0.0,nan,0,-0.0799964443101972,-4.3688540535760564e-15,-1.7451474758460237e-11,1.2013663369588518e-15,2
3.705,4.0,1.5700186206055527e-05,8.44550616345923e-07,19.619999999998992,6.767198392978564e-11,6.898265436268004e-12,4,-2.186045208459747e-06,-0.006807209116115484,-2.5050744208978536e-07,9.80999998973568,2.912965683898118e-11,5.938767965231374e-12,4,-2.4045639411274244e-06,0.17185075038555742,7.557443429404906e-06,0.0,0.0,nan,0,-0.07999644431011,-2.5800627163000036e-15,-1.7446083959541872e-11,3.249949861997193e-15,2
3.71,4.0,1.5704408959644805e-05,8.445508096744881e-07,19.619999999998768,6.755316491943606e-11,6.886153406670775e-12,4,-2.1860452084701554e-06,-0.006807210368652824,-2.505074914047556e-07,9.80999998973377,2.90171376257287e-11,5.9158282683170896e-12,4,-2.4045640283562597e-06,0.17185078817276705,7.5574405641440846e-06,0.0,0.0,nan,0,-0.07999644431002273,-6.945459649126119e-15,-1.7444696180761084e-11,7.501659957101692e-15,2
3.715,4.0,1.5708631714200413e-05,8.44551002896388e-07,19.619999999997003,6.756153884535705e-11,6.8870070178763885e-12,4,-2.1860452084701554e-06,-0.00680721162119041,-2.505075407086805e-07,9.809999989732521,2.9042630758864774e-11,5.921025645109435e-12,4,-2.404564115522645e-06,0.17185082595996234,7.557437698984874e-06,0.0,0.0,nan,0,-0.07999644430993556,3.831697295515199e-15,-1.743511007107727e-11,3.01946756208501e-15,2
3.72,4.0,1.5712854469722376e-05,8.445511962216738e-07,19.619999999998186,6.768857433817675e-11,6.8999566093968405e-12,4,-2.1860452084701554e-06,-0.0068072128737282425,-2.5050758999552796e-07,9.809999989733399,2.9152966550081935e-11,5.943520199916781e-12,4,-2.4045642026751524e-06,0.1718508637471433,7.557434833775591e-06,0.0,0.0,nan,0,-0.0799964443098484,4.506712894487293e-15,-1.7439028714264986e-11,5.529903865367413e-15,2
3.725,4.0,1.5717077226211054e-05,8.445513895538727e-07,19.619999999997606,6.7569689910063e-11,6.887837911322247e-12,4,-2.1860452084632165e-06,-0.006807214126266323,-2.5050763931953444e-07,9.809999989734559,2.902758498156628e-11,5.917958208346893e-12,4,-2.4045642898415376e-06,0.17185090153430996,7.557431968422245e-06,0.0,0.0,nan,0,-0.07999644430976122,6.660989651469947e-15,-1.74407651030755e-11,3.726958713786347e-16,2
3.73,4.0,1.5721299983666367e-05,8.445515828949759e-07,19.61999999998101,6.773337762903474e-11,6.9045237134658815e-12,4,-2.1860452084458692e-06,-0.006807215378804648,-2.505076885139812e-07,9.80999998972341,2.9205112272979927e-11,5.954151336100736e-12,4,-2.4045643770148617e-06,0.1718509393214623,7.5574291031600325e-06,0.0,0.0,nan,0,-0.07999644430967406,2.7858672063183007e-15,-1.7439186810023687e-11,5.5956290684252206e-15,2
3.735,4.0,1.572552274208843e-05,8.445517762281355e-07,19.62000000000329,6.75104997862162e-11,6.881804259551976e-12,4,-2.1860452084458692e-06,-0.00680721663134322,-2.505077378232509e-07,9.809999989737074,2.897495883925057e-11,5.907229127331967e-12,4,-2.404564464174308e-06,0.17185097710860028,7.557426237738591e-06,0.0,0.0,nan,0,-0.0799964443095869,4.683016310797768e-15,-1.7443456283687195e-11,2.4985509189308826e-15,2
3.74,4.0,1.5729745501476955e-05,8.445519695234374e-07,19.62000000000107,6.750732842799054e-11,6.881480981446163e-12,4,-2.1860452084458692e-06,-0.006807217883882039,-2.505077871247422e-07,9.809999989738309,2.896267844940562e-11,5.90472548006154e-12,4,-2.4045645514447767e-06,0.17185101489572396,7.557423372469576e-06,0.0,0.0,nan,0,-0.07999644430949959,-5.676252687374643e-15,-1.744737936776701e-11,4.532923589254017e-15,2
3.745,4.0,1.5733968261831844e-05,8.445521627623277e-07,19.620000000001287,6.749085047941767e-11,6.8798012721114414e-12,4,-2.1860452084701554e-06,-0.006807219136421104,-2.5050783647394174e-07,9.80999998973632,2.8989696515312116e-11,5.9102337503858286e-12,4,-2.4045646386319786e-06,0.1718510526828333,7.5574205071330365e-06,0.0,0.0,nan,0,-0.07999644430941238,6.768875487403535e-16,-1.7431502734425654e-11,1.1418583828389389e-15,2
3.75,4.0,1.573819102315311e-05,8.445523561268951e-07,19.620000000001763,6.761321450792697e-11,6.892274669512833e-12,4,-2.1860452084701554e-06,-0.006807220388960415,-2.5050788570396664e-07,9.809999989738095,2.9074678188268768e-11,5.927559269863974e-12,4,-2.4045647258677527e-06,0.1718510904699283,7.557417641695753e-06,0.0,0.0,nan,0,-0.07999644430932515,-3.2630719210494024e-15,-1.744511051599388e-11,4.598648792311827e-15,2
3.755,4.0,1.5742413785441125e-05,8.445525494042673e-07,19.62000000000156,6.752378791903985e-11,6.883158809279763e-12,4,-2.1860452084701554e-06,-0.006807221641499973,-2.5050793503809325e-07,9.80999998973739,2.9000295142914585e-11,5.912394530734533e-12,4,-2.4045648130757713e-06,0.171851128257009,7.55741477639337e-06,0.0,0.0,nan,0,-0.07999644430923794,-5.9777892608628345e-15,-1.7443757820260675e-11,2.3173625213120557e-15,2
3.7600000000000002,4.0,1.5746636548695652e-05,8.44552742761648e-07,19.62000000000217,6.76414520251484e-11,6.895153111635158e-12,4,-2.1860452084701554e-06,-0.006807222894039778,-2.5050798425193304e-07,9.809999989737873,2.9093208703976833e-11,5.9313371527850965e-12,4,-2.40456490028379e-06,0.17185116604407535,7.557411910773452e-06,0.0,0.0,nan,0,-0.0799964443091507,-6.8100124401218506e-15,-1.7444853832430586e-11,4.350847013215489e-15,2
3.765,4.0,1.5750859312916895e-05,8.445529360771137e-07,19.62000000000837,6.761800360248146e-11,6.892762854480388e-12,4,-2.1860452084701554e-06,-0.00680722414657983,-2.505080335690146e-07,9.809999989743616,2.907616518738597e-11,5.927862429721751e-12,4,-2.4045649874779307e-06,0.1718512038311274,7.557409045331105e-06,0.0,0.0,nan,0,-0.0799964443090635,-4.930626904036385e-15,-1.7438832426834222e-11,1.6614427583635094e-15,2
3.77,4.0,1.575508207810475e-05,8.44553129394015e-07,19.620000000000392,6.766053203143184e-11,6.897098066404739e-12,4,-2.1860452084701554e-06,-0.006807225399120126,-2.5050808278379544e-07,9.809999989734932,2.911925969847867e-11,5.9366482627826134e-12,4,-2.404565074630438e-06,0.1718512416181651,7.557406179730849e-06,0.0,0.0,nan,0,-0.07999644430897633,1.4306447644062984e-17,-1.7437526804557258e-11,3.944949475412531e-15,2
3.775,4.0,1.5759304844259207e-05,8.44553322693769e-07,19.620000000000907,6.750228451013102e-11,6.8809668206042714e-12,4,-2.186045208466686e-06,-0.006807226651660669,-2.505081320818484e-07,9.809999989734788,2.898084091201991e-11,5.908428326675952e-12,4,-2.4045651617829455e-06,0.1718512794051885,7.557403314334485e-06,0.0,0.0,nan,0,-0.07999644430888918,7.237417445855332e-15,-1.7431533820670327e-11,1.7467078866547207e-15,2
3.7800000000000002,4.0,1.5763527611380134e-05,8.445535159988166e-07,19.619999999995017,6.751668390424582e-11,6.882434648752596e-12,4,-2.186045208452808e-06,-0.006807227904201459,-2.5050818136647495e-07,9.809999989731944,2.899324837841096e-11,5.9109578815000984e-12,4,-2.4045652489493308e-06,0.17185131719219754,7.557400448791722e-06,0.0,0.0,nan,0,-0.07999644430880201,-8.552202252423597e-16,-1.743964200146377e-11,4.0830612196759e-15,2
3.785,4.0,1.5767750379467608e-05,8.44553709312468e-07,19.620000000000477,6.750975405656257e-11,6.8817282422590134e-12,4,-2.186045208466686e-06,-0.006807229156742495,-2.5050823065988956e-07,9.809999989736154,2.8972474022132504e-11,5.906722538724842e-12,4,-2.404565336185105e-06,0.17185135497919224,7.557397583268243e-06,0.0,0.0,nan,0,-0.07999644430871475,-6.910820690757814e-15,-1.7449683746676904e-11,2.652649874748849e-15,2
3.79,4.0,1.577197314852147e-05,8.445539025624371e-07,19.619999999997457,6.75627508578957e-11,6.88713056655499e-12,4,-2.1860452084805637e-06,-0.006807230409283779,-2.5050827994168056e-07,9.809999989733605,2.9020370661076268e-11,5.916487398867842e-12,4,-2.404565423365368e-06,0.17185139276617264,7.557394717675803e-06,0.0,0.0,nan,0,-0.07999644430862755,1.1973601026846293e-15,-1.743174653940185e-11,4.126581962241207e-15,2
3.795,4.0,1.5776195918541833e-05,8.445540959271788e-07,19.619999999999113,6.755654959398713e-11,6.886498429560671e-12,4,-2.1860452084805637e-06,-0.006807231661825308,-2.5050832924235043e-07,9.809999989735507,2.9007797721476973e-11,5.913924108425829e-12,4,-2.404565510538692e-06,0.17185143055313873,7.55739185207407e-06,0.0,0.0,nan,0,-0.07999644430854036,-2.8900369847753467e-15,-1.7444894244548666e-11,7.0988710437676746e-15,2
3.8000000000000003,4.0,1.5780418689528985e-05,8.445542892600937e-07,19.62000000000089,6.760246662235602e-11,6.891179064460036e-12,4,-2.1860452084805637e-06,-0.006807232914367084,-2.5050837850697916e-07,9.809999989736538,2.9094119623798942e-11,5.931522865288058e-12,4,-2.404565597732833e-06,0.17185146834009044,7.557388986385522e-06,0.0,0.0,nan,0,-0.07999644430845315,-4.3959434953769094e-15,-1.7444188586794218e-11,1.0179574932907673e-15,2
3.805,4.0,1.5784641461482784e-05,8.445544825913766e-07,19.62000000000086,6.754523899980675e-11,6.885345463792435e-12,4,-2.1860452084805637e-06,-0.006807234166909105,-2.5050842776746823e-07,9.80999998973607,2.9000412108216652e-11,5.91241837687237e-12,4,-2.404565684913096e-06,0.17185150612702785,7.557386120760193e-06,0.0,0.0,nan,0,-0.07999644430836597,-3.1600432243641846e-15,-1.7443946558174847e-11,4.762517710746494e-15,2
3.81,4.0,1.578886423440323e-05,8.445546759033545e-07,19.619999999999855,6.755167690300045e-11,6.8860017230378134e-12,4,-2.1860452084805637e-06,-0.006807235419451374,-2.5050847703467035e-07,9.809999989734518,2.9014792195426e-11,5.9153500970006034e-12,4,-2.404565772093359e-06,0.17185154391395094,7.557383255053635e-06,0.0,0.0,nan,0,-0.07999644430827879,4.823764748260295e-16,-1.7444492787902954e-11,6.649065714599663e-16,2
3.815,4.0,1.5793087008290075e-05,8.44554869176185e-07,19.620000000000395,6.752958216787685e-11,6.8837494564602944e-12,4,-2.1860452084805637e-06,-0.006807236671993888,-2.5050852633253485e-07,9.809999989734422,2.9020854028330147e-11,5.916585944688835e-12,4,-2.404565859252805e-06,0.17185158170085965,7.557380389433542e-06,0.0,0.0,nan,0,-0.07999644430819161,6.279961109418598e-15,-1.7443976756241113e-11,4.73986916104414e-15,2
3.8200000000000003,4.0,1.5797309783143383e-05,8.445550625041979e-07,19.620000000003785,6.763182266318614e-11,6.8941715252979716e-12,4,-2.186045208459747e-06,-0.00680723792453665,-2.505085756129693e-07,9.80999998973865,2.911981149658167e-11,5.936760759845314e-12,4,-2.4045659464955182e-06,0.17185161948775407,7.557377523672885e-06,0.0,0.0,nan,0,-0.07999644430810438,3.0296443404660626e-16,-1.7452042304470412e-11,8.855687957934519e-15,2
3.825,4.0,1.5801532558963285e-05,8.445552558085737e-07,19.61999999999787,6.758184056812087e-11,6.889076510512559e-12,4,-2.186045208459747e-06,-0.006807239177079656,-2.5050862487643645e-07,9.809999989735468,2.901845681062039e-11,5.91609721528713e-12,4,-2.4045660337243535e-06,0.17185165727463417,7.557374657982848e-06,0.0,0.0,nan,0,-0.07999644430801714,-4.310678367085694e-15,-1.7451209637201946e-11,1.6068197855519464e-15,2
3.83,4.0,1.580575533574974e-05,8.445554490998901e-07,19.619999999999994,6.75548099689586e-11,6.886321097753172e-12,4,-2.1860452084875026e-06,-0.006807240429622911,-2.505086742135313e-07,9.809999989735084,2.905125935786292e-11,5.922784788636364e-12,4,-2.4045661209184943e-06,0.17185169506149994,7.557371792281573e-06,0.0,0.0,nan,0,-0.0799964443079299,-6.8459836661197e-15,-1.7444343129839245e-11,7.116634612161675e-15,2
3.835,4.0,1.5809978113502692e-05,8.445556424118644e-07,19.619999999994697,6.758561372181653e-11,6.889461133724241e-12,4,-2.1860452084875026e-06,-0.00680724168216641,-2.50508723451011e-07,9.80999998973114,2.9070626313402794e-11,5.9267331995582455e-12,4,-2.4045662080710017e-06,0.1718517328483514,7.557368926424281e-06,0.0,0.0,nan,0,-0.07999644430784275,2.9097402538065653e-16,-1.7441715453984568e-11,2.8573750004897253e-15,2
3.84,4.0,1.5814200892222286e-05,8.445558357385081e-07,19.619999999999354,6.761410162953608e-11,6.892365099850999e-12,4,-2.1860452084875026e-06,-0.006807242934710157,-2.5050877277487996e-07,9.809999989735246,2.9085075826791337e-11,5.92967907384805e-12,4,-2.4045662952651425e-06,0.1718517706351885,7.5573660608039045e-06,0.0,0.0,nan,0,-0.07999644430775553,-2.175941535336442e-15,-1.7443528226139177e-11,5.979766234945516e-15,2
3.845,4.0,1.5818423671908493e-05,8.445560290882196e-07,19.619999999998253,6.759963323913112e-11,6.890890238444153e-12,4,-2.1860452084875026e-06,-0.00680724418725415,-2.5050882200217063e-07,9.80999998973408,2.9047486127133365e-11,5.9220155265098535e-12,4,-2.4045663824454055e-06,0.1718518084220113,7.557363194765682e-06,0.0,0.0,nan,0,-0.07999644430766835,-2.300286514094459e-15,-1.7443516679819718e-11,1.4562735434127772e-15,2
3.85,4.0,1.582264645256134e-05,8.445562223920759e-07,19.62000000000151,6.76026061049572e-11,6.891193282869724e-12,4,-2.1860452084875026e-06,-0.006807245439798391,-2.5050887127953185e-07,9.809999989735898,2.905898271252872e-11,5.924359376744716e-12,4,-2.4045664696117908e-06,0.17185184620881977,7.557360328953057e-06,0.0,0.0,nan,0,-0.07999644430758117,2.0037982657124388e-16,-1.744381421959032e-11,5.95134452551511e-15,2
3.855,4.0,1.5826869234180715e-05,8.445564156953656e-07,19.62000000000175,6.749542602093773e-11,6.8802676881683704e-12,4,-2.1860452084875026e-06,-0.006807246692342875,-2.505089205717766e-07,9.809999989736212,2.8948255071141072e-11,5.9017849340322944e-12,4,-2.404566556764298e-06,0.1718518839956139,7.557357463111475e-06,0.0,0.0,nan,0,-0.07999644430749402,5.27409904910821e-15,-1.744398430575769e-11,2.067784385376311e-15,2
3.86,4.0,1.583109201676668e-05,8.445566090132286e-07,19.61999999999268,6.764791426572787e-11,6.8958118517587275e-12,4,-2.186045208459747e-06,-0.006807247944887608,-2.5050896978002566e-07,9.809999989731889,2.9098055375815023e-11,5.932325261217515e-12,4,-2.4045666439723168e-06,0.1718519217823937,7.5573545971957495e-06,0.0,0.0,nan,0,-0.07999644430740682,-1.069299066449991e-16,-1.7453414096039648e-11,5.308747438862067e-15,2
3.865,4.0,1.5835314800319208e-05,8.445568022999498e-07,19.619999999994935,6.765022774348987e-11,6.896047680275977e-12,4,-2.186045208459747e-06,-0.0068072491974325855,-2.505090191110458e-07,9.80999998973252,2.913256554722763e-11,5.939360974050717e-12,4,-2.40456673121503e-06,0.17185195956915916,7.557351731283167e-06,0.0,0.0,nan,0,-0.07999644430731957,-9.999933076534752e-16,-1.7447831894671836e-11,1.911909072718938e-15,2
3.87,4.0,1.583953758483815e-05,8.445569956090367e-07,19.620000000001184,6.76295492259197e-11,6.893939778380797e-12,4,-2.1860452084770943e-06,-0.006807250449977812,-2.5050906846910457e-07,9.809999989735928,2.9129994100434593e-11,5.9388367239373935e-12,4,-2.4045668184716207e-06,0.1718519973559103,7.557348865483612e-06,0.0,0.0,nan,0,-0.07999644430723227,-6.553772966038357e-15,-1.7443238235885155e-11,5.165750713290347e-15,2
3.875,4.0,1.584376037032358e-05,8.445571888982478e-07,19.62000000000788,6.755340755952177e-11,6.886178140621267e-12,4,-2.1860452084944415e-06,-0.006807251702523282,-2.5050911782149195e-07,9.809999989741325,2.9025156216369262e-11,5.917463047241983e-12,4,-2.404566905693517e-06,0.17185203514264713,7.557345999642975e-06,0.0,0.0,nan,0,-0.07999644430714503,1.2910629259629994e-15,-1.7424529201563384e-11,2.0557939767103592e-15,2
3.88,4.0,1.5847983156775493e-05,8.445573822394298e-07,19.61999999999846,6.766333264539258e-11,6.897383552028327e-12,4,-2.1860452084944415e-06,-0.006807252955069001,-2.505091669900697e-07,9.80999998973486,2.914313107499413e-11,5.941515006215977e-12,4,-2.4045669928460245e-06,0.1718520729293696,7.557343133557896e-06,0.0,0.0,nan,0,-0.07999644430705787,-1.9974455150366026e-16,-1.743054128128633e-11,4.216287982630913e-15,2
3.8850000000000002,4.0,1.585220594419436e-05,8.445575756032467e-07,19.61999999999421,6.774488540037029e-11,6.90569677883693e-12,4,-2.1860452084944415e-06,-0.006807254207614965,-2.505092162213287e-07,9.809999989729763,2.9235030469988825e-11,5.9602508665841835e-12,4,-2.404567079998532e-06,0.17185211071607776,7.557340267471567e-06,0.0,0.0,nan,0,-0.07999644430697071,-9.90223345036772e-16,-1.7440725135046607e-11,1.2391139197960923e-15,2
3.89,4.0,1.585642873257996e-05,8.445577689281748e-07,19.620000000000758,6.744228645144653e-11,6.8748508105447425e-12,4,-2.1860452084944415e-06,-0.0068072554601611756,-2.505092655187251e-07,9.809999989735443,2.8904121004775268e-11,5.8927871631026895e-12,4,-2.404567167164917e-06,0.17185214850277156,7.5573374014103266e-06,0.0,0.0,nan,0,-0.07999644430688352,5.871815283506504e-16,-1.7443717408142582e-11,3.6562914890099825e-15,2
3.895,4.0,1.586065152193181e-05,8.44557962160319e-07,19.620000000001987,6.759229832855974e-11,6.8901425411368904e-12,4,-2.1860452084944415e-06,-0.006807256712707632,-2.50509314819782e-07,9.80999998973659,2.907291299895799e-11,5.927199394367915e-12,4,-2.4045672543174246e-06,0.17185218628945104,7.5573345353731435e-06,0.0,0.0,nan,0,-0.07999644430679637,4.704332592870582e-15,-1.7441891757400887e-11,8.407658985605853e-16,2
3.9,4.0,1.5864874312250083e-05,8.445581554729453e-07,19.619999999970847,6.760605250609224e-11,6.891544597980907e-12,4,-2.1860452084701554e-06,-0.006807257965254335,-2.505093641022745e-07,9.80999998971772,2.9093767530941664e-11,5.931451082861587e-12,4,-2.4045673414976876e-06,0.17185222407611617,7.557331669386793e-06,0.0,0.0,nan,0,-0.07999644430670921,4.144336099249651e-15,-1.7443242232688043e-11,4.323757571414625e-15,2
3.9050000000000002,4.0,1.5869097103534896e-05,8.445583487616416e-07,19.62000000000124,6.748168879389057e-11,6.8788673592136904e-12,4,-2.1860452084701554e-06,-0.006807259217801285,-2.5050941347425007e-07,9.809999989735605,2.898001660601788e-11,5.908260272444494e-12,4,-2.404567428719584e-06,0.171852261862767,7.557328803402168e-06,0.0,0.0,nan,0,-0.07999644430662198,3.306783849472433e-15,-1.7436509840266717e-11,1.8608388135861774e-15,2
3.91,4.0,1.587331989578612e-05,8.445585420970692e-07,19.619999999999692,6.766940435159214e-11,6.898002482323466e-12,4,-2.1860452084701554e-06,-0.006807260470348482,-2.5050946271606015e-07,9.809999989737033,2.913111668425159e-11,5.939065589139206e-12,4,-2.404567515955358e-06,0.1718522996494035,7.557325937286611e-06,0.0,0.0,nan,0,-0.07999644430653471,-3.714266558257057e-15,-1.7448960769443285e-11,3.4067133530742457e-15,2
3.915,4.0,1.587754268900403e-05,8.44558735426856e-07,19.619999999999347,6.761098598288028e-11,6.8920475008035204e-12,4,-2.1860452084944415e-06,-0.006807261722895926,-2.5050951198101224e-07,9.809999989734962,2.9037159438789684e-11,5.919910187395257e-12,4,-2.4045676032258267e-06,0.17185233743602565,7.557323071032418e-06,0.0,0.0,nan,0,-0.07999644430644742,-7.0755777876121805e-15,-1.744697835521051e-11,5.982931899824495e-16,2
3.92,4.0,1.588176548318875e-05,8.445589287459325e-07,19.619999999999397,6.754898107318797e-11,6.885726918775744e-12,4,-2.1860452085013804e-06,-0.006807262975443615,-2.505095612941085e-07,9.809999989734035,2.9058116068338033e-11,5.924182690875996e-12,4,-2.4045676904338453e-06,0.17185237522263347,7.55732020497874e-06,0.0,0.0,nan,0,-0.07999644430636019,1.783113770476868e-15,-1.7421883762140303e-11,4.194971700558106e-15,2
3.9250000000000003,4.0,1.588598827833993e-05,8.445591220740093e-07,19.61999999999555,6.76077736991411e-11,6.89172005088241e-12,4,-2.1860452085013804e-06,-0.0068072642279915505,-2.505096105064069e-07,9.809999989731306,2.9070028283132178e-11,5.926611276974812e-12,4,-2.4045677775863528e-06,0.17185241300922696,7.55731733871756e-06,0.0,0.0,nan,0,-0.07999644430627303,7.053092581707662e-16,-1.7433024184058603e-11,1.5868357711086885e-15,2
3.93,4.0,1.5890211074457912e-05,8.445593154045216e-07,19.620000000001063,6.747043385687917e-11,6.877720066959788e-12,4,-2.1860452085013804e-06,-0.006807265480539733,-2.505096598263835e-07,9.809999989736406,2.8956070583245763e-11,5.903378310609725e-12,4,-2.40456786473886e-06,0.17185245079580613,7.557314472575837e-06,0.0,0.0,nan,0,-0.07999644430618585,1.1995805487338859e-15,-1.7435247738732325e-11,3.651406507701629e-15,2
3.935,4.0,1.589443387154244e-05,8.445595087232227e-07,19.619999999992167,6.761993829791649e-11,6.8929600711461245e-12,4,-2.1860452085013804e-06,-0.006807266733088161,-2.5050970902893945e-07,9.80999998972627,2.913135425553222e-11,5.939114023657624e-12,4,-2.4045679518913676e-06,0.171852488582371,7.557311606312296e-06,0.0,0.0,nan,0,-0.0799964443060987,3.9458282224466726e-15,-1.743526772274677e-11,3.273987719739107e-16,2
3.94,4.0,1.589865666959361e-05,8.445597020651374e-07,19.620000000002335,6.750097745145565e-11,6.880833583226057e-12,4,-2.1860452084875026e-06,-0.006807267985636835,-2.505097583040702e-07,9.809999989737971,2.8955919810703623e-11,5.90334757206805e-12,4,-2.404568039057753e-06,0.1718525263689215,7.557308739801021e-06,0.0,0.0,nan,0,-0.07999644430601155,6.6978490558875095e-15,-1.7438232018222528e-11,5.0924759936650835e-15,2
3.9450000000000003,4.0,1.5902879468611196e-05,8.445598953181108e-07,19.620000000004897,6.75091432687324e-11,6.881665980501076e-12,4,-2.1860452084805637e-06,-0.006807269238185756,-2.5050980766467107e-07,9.809999989738857,2.9001966821151478e-11,5.912735341791476e-12,4,-2.4045681262727103e-06,0.1718525641554577,7.557305873830753e-06,0.0,0.0,nan,0,-0.07999644430592434,1.6525515427809486e-15,-1.743770888113332e-11,2.2356501066996315e-15,2
3.95,4.0,1.5907102268595036e-05,8.445600885847166e-07,19.619999999994157,6.761733054994752e-11,6.892694245664389e-12,4,-2.1860452084805637e-06,-0.006807270490734923,-2.505098569092861e-07,9.80999998973127,2.9062198199200507e-11,5.925014929586482e-12,4,-2.4045682134390955e-06,0.17185260194197952,7.557303007551678e-06,0.0,0.0,nan,0,-0.07999644430583715,1.3612290211193077e-15,-1.744658933306269e-11,5.693328694592219e-15,2
3.955,4.0,1.591132506954553e-05,8.445602819194626e-07,19.619999999998605,6.759821450418503e-11,6.890745617144734e-12,4,-2.1860452084805637e-06,-0.006807271743284338,-2.5050990625514487e-07,9.80999998973571,2.9076183930270444e-11,5.927866250905834e-12,4,-2.404568300730381e-06,0.17185263972848702,7.557300141340122e-06,0.0,0.0,nan,0,-0.07999644430574986,-6.673232963488026e-15,-1.7444705950723716e-11,1.7724650608260157e-15,2
3.96,4.0,1.591554787146258e-05,8.445604752350034e-07,19.620000000000715,6.752689431411531e-11,6.8834754652510556e-12,4,-2.18604520850485e-06,-0.006807272995833998,-2.5050995554415226e-07,9.8099999897362,2.8973809468451916e-11,5.906994800971666e-12,4,-2.4045683879522772e-06,0.1718526775149802,7.557297275020756e-06,0.0,0.0,nan,0,-0.07999644430566259,-6.746507683113287e-15,-1.7443873283455247e-11,5.737293526367376e-15,2
3.9650000000000003,4.0,1.591977067434614e-05,8.445606685267112e-07,19.619999999996317,6.768562255973249e-11,6.899655714550988e-12,4,-2.1860452085083193e-06,-0.006807274248383906,-2.5051000477837293e-07,9.809999989732088,2.914607405176408e-11,5.94211500148229e-12,4,-2.4045684751256013e-06,0.17185271530145904,7.557294408614253e-06,0.0,0.0,nan,0,-0.07999644430557541,1.8919156268901294e-15,-1.7435389847279477e-11,1.8164298926011736e-15,2
3.97,4.0,1.5923993478196468e-05,8.445608619114525e-07,19.619999999997592,6.753289926240542e-11,6.884087590460113e-12,4,-2.1860452085083193e-06,-0.006807275500934059,-2.5051005405714436e-07,9.809999989732344,2.9010655984596416e-11,5.914506832815592e-12,4,-2.4045685622781088e-06,0.17185275308792358,7.55729154224964e-06,0.0,0.0,nan,0,-0.07999644430548825,1.2391044884105375e-15,-1.7443681436916588e-11,6.150740580737785e-15,2
3.975,4.0,1.5928216283013486e-05,8.445610552158207e-07,19.620000000000665,6.757143400260933e-11,6.888015698532828e-12,4,-2.1860452085083193e-06,-0.00680727675348446,-2.5051010332720564e-07,9.809999989735093,2.9037567995086356e-11,5.9199934812376035e-12,4,-2.4045686494722496e-06,0.17185279087437375,7.55728867573509e-06,0.0,0.0,nan,0,-0.07999644430540104,3.898310676992713e-15,-1.7437705328419638e-11,1.9643115994812445e-15,2
3.98,4.0,1.5932439088797076e-05,8.445612485425372e-07,19.620000000001326,6.759832467404732e-11,6.8907568475069065e-12,4,-2.186045208497911e-06,-0.006807278006035105,-2.505101525857281e-07,9.809999989736811,2.904299320849834e-11,5.921099539017945e-12,4,-2.404568736631696e-06,0.17185282866080964,7.557285809379609e-06,0.0,0.0,nan,0,-0.07999644430531389,6.774676489191569e-15,-1.743171989404928e-11,6.720951126185265e-15,2
3.985,4.0,1.5936661895547247e-05,8.445614418894e-07,19.62000000000452,6.747364575987904e-11,6.878047478069674e-12,4,-2.1860452084875026e-06,-0.006807279258585998,-2.505102018647366e-07,9.80999998973865,2.8921584699686498e-11,5.8963475494268586e-12,4,-2.404568823798081e-06,0.17185286644723113,7.557282942905233e-06,0.0,0.0,nan,0,-0.07999644430522673,8.758116726932432e-17,-1.7441239390351625e-11,2.380423189110753e-15,2
3.99,4.0,1.5940884703263942e-05,8.445616351417098e-07,19.61999999999805,6.755340409491788e-11,6.886177787454087e-12,4,-2.1860452084875026e-06,-0.006807280511137136,-2.505102511548911e-07,9.80999998973566,2.8994268372492442e-11,5.911165831361784e-12,4,-2.4045689110269164e-06,0.17185290423363833,7.557280076554541e-06,0.0,0.0,nan,0,-0.07999644430513947,-3.3696533314134136e-15,-1.7452017879563892e-11,6.294625484729206e-15,2
3.995,4.0,1.5945107511947117e-05,8.445618284542154e-07,19.6200000000305,6.742504103988941e-11,6.873092868479571e-12,4,-2.1860452085117887e-06,-0.006807281763688522,-2.5051030053183935e-07,9.80999998975664,2.8899624583036e-11,5.89187046140923e-12,4,-2.4045689982835072e-06,0.17185294202003118,7.5572772100668e-06,0.0,0.0,nan,0,-0.07999644430505218,-4.354199109651002e-15,-1.7440210879741606e-11,1.6570018662650025e-15,2
4.0,4.0,1.594933032159654e-05,8.445620216978683e-07,19.619999999993723,6.760350263413767e-11,6.891284672187492e-12,4,-2.1860452085117887e-06,-0.006807283016240153,-2.5051034974927913e-07,9.809999989730768,2.9074144589910982e-11,5.927450483251002e-12,4,-2.4045690854360147e-06,0.1718529798064097,7.5572743436167444e-06,0.0,0.0,nan,0,-0.07999644430496503,-2.63557386753126e-15,-1.744271332243911e-11,6.503347413358735e-15,2
4.005,4.0,1.5953553132212723e-05,8.445622150786291e-07,19.619999999998214,6.761455277914535e-11,6.892411088598522e-12,4,-2.1860452085117887e-06,-0.006807284268792033,-2.505103990463844e-07,9.809999989733813,2.9083642124971475e-11,5.929386779899607e-12,4,-2.404569172671789e-06,0.17185301759277388,7.557271477017988e-06,0.0,0.0,nan,0,-0.07999644430487779,-6.545779360261062e-15,-1.7444399085079704e-11,2.6277808789972384e-15,2
4.01,4.0,1.5957775943795623e-05,8.445624084037545e-07,19.620000000004612,6.763512644581829e-11,6.894508302324402e-12,4,-2.1860452085187276e-06,-0.006807285521344156,-2.5051044836023673e-07,9.809999989737793,2.9119351353376836e-11,5.936666948794799e-12,4,-2.4045692598798074e-06,0.17185305537912376,7.5572686104589715e-06,0.0,0.0,nan,0,-0.07999644430479055,1.9563085623183856e-15,-1.742955540324046e-11,7.772554375110213e-15,2
4.015,4.0,1.596199875634507e-05,8.445626017380877e-07,19.620000000005838,6.751727155560465e-11,6.882494552047356e-12,4,-2.1860452085187276e-06,-0.0068072867738965285,-2.5051049759397035e-07,9.80999998974106,2.8983727775496254e-11,5.909016881917712e-12,4,-2.404569347032315e-06,0.17185309316545927,7.557265743928757e-06,0.0,0.0,nan,0,-0.0799964443047034,5.099571989637129e-15,-1.7433498915423928e-11,3.172678339483264e-15,2
4.0200000000000005,4.0,1.5966221569861257e-05,8.44562795097975e-07,19.61999999999723,6.768427339167507e-11,6.899518184677332e-12,4,-2.1860452085083193e-06,-0.006807288026449144,-2.5051054678877286e-07,9.809999989733107,2.9156143207029616e-11,5.944167836400343e-12,4,-2.4045694341987e-06,0.17185313095178048,7.557262877087363e-06,0.0,0.0,nan,0,-0.07999644430461622,6.496232554615576e-15,-1.74385424365802e-11,7.25829907010384e-15,2
4.025,4.0,1.5970444384344092e-05,8.445629883966875e-07,19.620000000005632,6.741914631735471e-11,6.872491979341015e-12,4,-2.186045208490972e-06,-0.00680728927900201,-2.50510596099293e-07,9.809999989740822,2.887330077769031e-11,5.886503732494527e-12,4,-2.4045695214205964e-06,0.17185316873808731,7.557260010644021e-06,0.0,0.0,nan,0,-0.07999644430452903,-1.710091954203731e-15,-1.7447112026062683e-11,3.2148668144190184e-15,2
4.03,4.0,1.5974667199793325e-05,8.445631816286005e-07,19.61999999998828,6.772055119107189e-11,6.90321622743245e-12,4,-2.186045208490972e-06,-0.006807290531555118,-2.5051064535191534e-07,9.809999989727563,2.917492156051468e-11,5.9479962469041566e-12,4,-2.404569608573104e-06,0.17185320652437985,7.557257143933356e-06,0.0,0.0,nan,0,-0.07999644430444186,6.36003499374184e-17,-1.7438543324758626e-11,7.642880325833994e-15,2
4.035,4.0,1.5978890016208995e-05,8.445633749466462e-07,19.620000000001365,6.754632858080762e-11,6.885456532191939e-12,4,-2.18604520850485e-06,-0.006807291784108476,-2.505106947412309e-07,9.80999998973695,2.9011316089273757e-11,5.914641410728825e-12,4,-2.4045696957950002e-06,0.17185324431065804,7.557254277441784e-06,0.0,0.0,nan,0,-0.07999644430435461,-7.698190859821975e-15,-1.7444131743375378e-11,2.594918277468333e-15,2
4.04,4.0,1.5983112833591157e-05,8.445635682557091e-07,19.619999999999834,6.761334773890169e-11,6.8922882506526254e-12,4,-2.1860452085256665e-06,-0.006807293036662078,-2.505107440385838e-07,9.809999989734692,2.9083788201731157e-11,5.929416561093742e-12,4,-2.404569783003019e-06,0.17185328209692194,7.557251410770423e-06,0.0,0.0,nan,0,-0.07999644430426736,1.3727753405754037e-15,-1.7435010151005054e-11,6.68275945413816e-15,2
4.045,4.0,1.598733565193994e-05,8.445637616082557e-07,19.620000000002616,6.759325728986873e-11,6.89024029458305e-12,4,-2.1860452085256665e-06,-0.0068072942892159274,-2.505107932838643e-07,9.809999989738946,2.9061082691183485e-11,5.9247875069481685e-12,4,-2.4045698701971596e-06,0.17185331988317146,7.557248544057238e-06,0.0,0.0,nan,0,-0.07999644430418018,-2.294957443576264e-15,-1.7444381765600518e-11,2.0762220803634594e-15,2
4.05,4.0,1.5991558471255484e-05,8.445639549453824e-07,19.62000000000032,6.75219570611488e-11,6.882972177487023e-12,4,-2.1860452085256665e-06,-0.006807295541770022,-2.505108425521463e-07,9.809999989736077,2.8987216683791494e-11,5.909728178209988e-12,4,-2.404569957405178e-06,0.17185335766940665,7.557245677314751e-06,0.0,0.0,nan,0,-0.07999644430409295,-4.794291516612417e-15,-1.7444087778543595e-11,6.058814114298822e-15,2
4.055,4.0,1.5995781291537554e-05,8.445641482315469e-07,19.620000000003838,6.755729731406796e-11,6.886574649750738e-12,4,-2.1860452085256665e-06,-0.006807296794324365,-2.5051089182924164e-07,9.809999989738706,2.899964035941483e-11,5.912261037665353e-12,4,-2.404570044613197e-06,0.1718533954556275,7.5572428104961516e-06,0.0,0.0,nan,0,-0.07999644430400574,-5.003457534451796e-15,-1.744371607587495e-11,2.789429351382662e-15,2
4.0600000000000005,4.0,1.6000004112786164e-05,8.445643415358873e-07,19.619999999998676,6.74642167985991e-11,6.877086319939211e-12,4,-2.1860452085256665e-06,-0.006807298046878953,-2.5051094114074856e-07,9.809999989733402,2.8950333540491137e-11,5.902208679059926e-12,4,-2.40457013179346e-06,0.17185343324183405,7.557239943821243e-06,0.0,0.0,nan,0,-0.07999644430391856,-2.4010947647304297e-15,-1.744422944300154e-11,5.293648405727168e-15,2
4.065,4.0,1.6004226935001225e-05,8.445645348340241e-07,19.62000000000229,6.751261770448556e-11,6.88202015336164e-12,4,-2.1860452085256665e-06,-0.0068072992994337896,-2.505109904555964e-07,9.809999989736568,2.899886425622851e-11,5.912102810717175e-12,4,-2.404570218973723e-06,0.17185347102802623,7.557237077081048e-06,0.0,0.0,nan,0,-0.07999644430383138,2.621110109463928e-15,-1.7435223757914995e-11,1.1858232146140879e-15,2
4.07,4.0,1.600844975818294e-05,8.445647281932324e-07,19.620000000004847,6.75155815070778e-11,6.8823222739104095e-12,4,-2.1860452085083193e-06,-0.00680730055198887,-2.505110397195044e-07,9.809999989740032,2.8981777852127473e-11,5.908619344024179e-12,4,-2.404570306140108e-06,0.1718535088142041,7.557234210194202e-06,0.0,0.0,nan,0,-0.0799964443037442,6.990503845178694e-15,-1.7431361514056925e-11,3.1482534329415144e-15,2
4.075,4.0,1.601267258233135e-05,8.445649215178579e-07,19.619999999998427,6.758629657725524e-11,6.8895307418206584e-12,4,-2.18604520850485e-06,-0.006807301804544199,-2.5051108893514435e-07,9.80999998973598,2.9040623184277324e-11,5.920616353651781e-12,4,-2.4045703933620044e-06,0.1718535466003676,7.557231343211292e-06,0.0,0.0,nan,0,-0.07999644430365696,-2.1852674087432998e-15,-1.7446207416342213e-11,-3.1519831467912405e-16,2
4.08,4.0,1.6016895407446326e-05,8.445651148263969e-07,19.619999999999756,6.764054310716166e-11,6.8950604594457186e-12,4,-2.186045208529136e-06,-0.006807303057099772,-2.5051113819946327e-07,9.809999989734534,2.9094685901810347e-11,5.9316383144252526e-12,4,-2.404570480570023e-06,0.1718535843865168,7.557228476424154e-06,0.0,0.0,nan,0,-0.07999644430356972,-6.942795113867022e-15,-1.7444315596308257e-11,3.3818443573226465e-15,2
4.085,4.0,1.6021118233527848e-05,8.445653081165438e-07,19.619999999994732,6.753075264944468e-11,6.883868771606811e-12,4,-2.186045208529136e-06,-0.006807304309655594,-2.5051118749967977e-07,9.809999989731674,2.9011133621127767e-11,5.9146042102944565e-12,4,-2.404570567736408e-06,0.17185362217265168,7.557225609497458e-06,0.0,0.0,nan,0,-0.07999644430348257,-2.645815761417803e-16,-1.743350335631604e-11,5.612504458399511e-15,2
4.09,4.0,1.6025341060575923e-05,8.445655014411326e-07,19.62000000000205,6.755307967937521e-11,6.886144717570658e-12,4,-2.186045208529136e-06,-0.0068073055622116605,-2.5051123683395473e-07,9.80999998973797,2.90487253934412e-11,5.922268180189287e-12,4,-2.4045706549652435e-06,0.1718536599587722,7.557222742742017e-06,0.0,0.0,nan,0,-0.07999644430339531,-3.953630642366251e-15,-1.7444218784860513e-11,2.703276044671749e-15,2
4.095,4.0,1.6029563888590435e-05,8.445656947273252e-07,19.61999999999947,6.762065315121102e-11,6.89303294100029e-12,4,-2.186045208529136e-06,-0.006807306814767974,-2.505112860880527e-07,9.809999989734626,2.9087781888286097e-11,5.930230768343346e-12,4,-2.4045707421455065e-06,0.17185369774487838,7.557219875768494e-06,0.0,0.0,nan,0,-0.07999644430330813,-4.7325631164432604e-15,-1.7444056692298922e-11,6.4380662995107745e-15,2
4.1,4.0,1.603378671757161e-05,8.445658880859374e-07,19.620000000001905,6.765817787201148e-11,6.896858090928125e-12,4,-2.186045208529136e-06,-0.006807308067324535,-2.505113353538495e-07,9.809999989736436,2.912553091290369e-11,5.9379267978340135e-12,4,-2.4045708293257695e-06,0.17185373553097022,7.557217008847721e-06,0.0,0.0,nan,0,-0.07999644430322095,-3.083659880269979e-15,-1.7443838644496888e-11,2.3666564236054004e-15,2
4.105,4.0,1.6038009547519504e-05,8.445660814023008e-07,19.62000000000105,6.757838763315379e-11,6.888724529373106e-12,4,-2.186045208529136e-06,-0.006807309319881341,-2.5051138463052865e-07,9.80999998973545,2.9041306508212416e-11,5.9207556653617455e-12,4,-2.4045709164990936e-06,0.17185377331704776,7.557214141882374e-06,0.0,0.0,nan,0,-0.07999644430313374,4.397439106804173e-16,-1.74441326315538e-11,3.8241572103333055e-15,2
4.11,4.0,1.6042232378434007e-05,8.445662747373116e-07,19.620000000001667,6.762807262405534e-11,6.893789258312904e-12,4,-2.1860452085256665e-06,-0.006807310572438393,-2.505114338727178e-07,9.80999998973544,2.9090360131783317e-11,5.930756404122655e-12,4,-2.404571003665479e-06,0.17185381110311093,7.557211274809266e-06,0.0,0.0,nan,0,-0.07999644430304659,7.060669940335001e-15,-1.7444113979806986e-11,-1.895210682915604e-16,2
4.115,4.0,1.6046455210315096e-05,8.445664680255991e-07,19.620000000005156,6.752717080966413e-11,6.883503650320732e-12,4,-2.1860452085117887e-06,-0.0068073118249956915,-2.5051148322259106e-07,9.809999989738683,2.8992279939990586e-11,5.910760442470271e-12,4,-2.404571090887375e-06,0.17185384888915978,7.557208407916767e-06,0.0,0.0,nan,0,-0.07999644430295938,1.7582447747252548e-15,-1.744072646731425e-11,4.5164922884895536e-15,2
4.12,4.0,1.6050678043162527e-05,8.445666613069201e-07,19.61999999999792,6.759732365329453e-11,6.890654806656646e-12,4,-2.1860452085117887e-06,-0.006807313077553238,-2.505115325078514e-07,9.80999998973544,2.906211676325743e-11,5.924998326945195e-12,4,-2.404571178137027e-06,0.17185388667519427,7.55720554090223e-06,0.0,0.0,nan,0,-0.0799964443028721,-5.431115443537409e-15,-1.7444611359722016e-11,8.124717118521314e-15,2
4.125,4.0,1.6054900876976546e-05,8.44566854634153e-07,19.619999999999056,6.765237054849398e-11,6.896266110957924e-12,4,-2.1860452085395443e-06,-0.006807314330111029,-2.5051158177250543e-07,9.809999989734226,2.911560383775269e-11,5.935902929300919e-12,4,-2.4045712653728013e-06,0.17185392446121447,7.557202673810291e-06,0.0,0.0,nan,0,-0.07999644430278485,-6.591520548875624e-15,-1.7444502557865602e-11,1.201810426168687e-15,2
4.13,4.0,1.6059123711757103e-05,8.445670479334496e-07,19.619999999997752,6.758170325506392e-11,6.889062513259089e-12,4,-2.1860452085395443e-06,-0.006807315582669068,-2.505116310499758e-07,9.809999989733727,2.9022982502504396e-11,5.917019884378647e-12,4,-2.4045713525253087e-06,0.1718539622472203,7.5571998067087055e-06,0.0,0.0,nan,0,-0.07999644430269767,4.694978877403712e-16,-1.7429924441373855e-11,4.871319567159753e-15,2
4.135,4.0,1.606334654750426e-05,8.44567241251929e-07,19.61999999999806,6.76191736105568e-11,6.8928821213622305e-12,4,-2.1860452085395443e-06,-0.0068073168352273524,-2.505116803479575e-07,9.809999989733441,2.9067697427112e-11,5.926136076968912e-12,4,-2.404571439677816e-06,0.17185400003321183,7.557196939675724e-06,0.0,0.0,nan,0,-0.07999644430261052,-1.497817311895406e-15,-1.74383030724961e-11,1.4100882655883655e-15,2
4.14,4.0,1.606756938421806e-05,8.445674345978129e-07,19.619999999997333,6.755263978530098e-11,6.886099876178406e-12,4,-2.1860452085395443e-06,-0.006807318087785884,-2.5051172958804316e-07,9.809999989732015,2.8984226590858423e-11,5.909118577206074e-12,4,-2.404571526858079e-06,0.171854037819189,7.5571940724659655e-06,0.0,0.0,nan,0,-0.07999644430252331,-1.2575650493665222e-15,-1.7449339133450087e-11,4.750971391290386e-15,2
4.1450000000000005,4.0,1.6071792221898586e-05,8.445676279244397e-07,19.62000000000011,6.752548727305741e-11,6.883332035989503e-12,4,-2.1860452085395443e-06,-0.006807319340344661,-2.5051177889257307e-07,9.809999989734719,2.9014178093176135e-11,5.915224897764905e-12,4,-2.40457161405222e-06,0.17185407560515184,7.55719120536477e-06,0.0,0.0,nan,0,-0.07999644430243613,1.7902191978344576e-15,-1.7441389936593767e-11,1.7280561398410102e-15,2
4.15,4.0,1.6076015060545625e-05,8.445678212453464e-07,19.620000000000843,6.761407119549447e-11,6.892361997501689e-12,4,-2.1860452085326054e-06,-0.006807320592903685,-2.505118281424737e-07,9.809999989735712,2.9067374801838244e-11,5.9260703021919856e-12,4,-2.404571701218605e-06,0.17185411339110035,7.557188338188914e-06,0.0,0.0,nan,0,-0.07999644430234895,7.185903097512718e-15,-1.7440589687837616e-11,5.3589295195751225e-15,2
4.155,4.0,1.6080237900159298e-05,8.445680145789818e-07,19.620000000004378,6.763185640005178e-11,6.89417496432586e-12,4,-2.1860452085117887e-06,-0.006807321845462955,-2.505118774244033e-07,9.809999989739016,2.9092330663407033e-11,5.9311581434937395e-12,4,-2.4045717884543794e-06,0.1718541511770345,7.557185470975954e-06,0.0,0.0,nan,0,-0.07999644430226174,-1.5999578301609214e-15,-1.7448875504314996e-11,1.8177621602307227e-15,2
4.16,4.0,1.6084460740739496e-05,8.445682078395684e-07,19.619999999996214,6.759631424610883e-11,6.8905519109196616e-12,4,-2.1860452085117887e-06,-0.006807323098022473,-2.5051192670858545e-07,9.80999998973324,2.90534241233169e-11,5.923226127160667e-12,4,-2.404571875662398e-06,0.17185418896295432,7.557182603823423e-06,0.0,0.0,nan,0,-0.07999644430217452,-1.0541721912551946e-15,-1.744857485591993e-11,6.534877747258088e-15,2
4.165,4.0,1.6088683582286146e-05,8.445684011384334e-07,19.620000000000715,6.758107796786022e-11,6.8889987734819325e-12,4,-2.186045208529136e-06,-0.006807324350582234,-2.505119760518433e-07,9.809999989735156,2.9084296929239035e-11,5.92952027720119e-12,4,-2.404571962898172e-06,0.17185422674885983,7.557179736704791e-06,0.0,0.0,nan,0,-0.07999644430208727,-6.7820348199013034e-15,-1.74478656454518e-11,3.527949707363315e-15,2
4.17,4.0,1.6092906424799227e-05,8.445685944494112e-07,19.620000000014333,6.753433851042645e-11,6.884234302790735e-12,4,-2.1860452085430138e-06,-0.006807325603142245,-2.505120253911184e-07,9.809999989744194,2.8995212145118258e-11,5.91135824167811e-12,4,-2.404572050099252e-06,0.171854264534751,7.557176869522761e-06,0.0,0.0,nan,0,-0.07999644430200004,-1.210047503912567e-15,-1.743649651759043e-11,5.158645285932744e-15,2
4.175,4.0,1.609712926827888e-05,8.445687877696427e-07,19.619999999999962,6.761115978683814e-11,6.8920652178224535e-12,4,-2.1860452085430138e-06,-0.006807326855702501,-2.505120745927485e-07,9.809999989735323,2.9059798709516055e-11,5.924525736987304e-12,4,-2.4045721372517592e-06,0.1718543023206278,7.557174002090362e-06,0.0,0.0,nan,0,-0.07999644430191288,2.332424281001366e-16,-1.7433418979366168e-11,1.1702800922693313e-15,2
4.18,4.0,1.610135211272533e-05,8.44568981148877e-07,19.619999999999564,6.752082765277024e-11,6.882857049212205e-12,4,-2.1860452085430138e-06,-0.006807328108263004,-2.505121238540193e-07,9.809999989734829,2.8978928957643233e-11,5.908038529656829e-12,4,-2.4045722244250833e-06,0.1718543401064903,7.557171134775846e-06,0.0,0.0,nan,0,-0.07999644430182568,-3.427412770753947e-16,-1.7444737036968405e-11,3.4155951372712463e-15,2
4.1850000000000005,4.0,1.6105574958138563e-05,8.445691744526439e-07,19.620000000001294,6.754408478401407e-11,6.8852278067288094e-12,4,-2.1860452085430138e-06,-0.006807329360823751,-2.505121731397365e-07,9.809999989735777,2.9031281933575515e-11,5.918711919256066e-12,4,-2.4045723115845297e-06,0.17185437789233846,7.557168267452438e-06,0.0,0.0,nan,0,-0.07999644430173852,1.626350279399783e-15,-1.7441687032275154e-11,4.096383895971392e-15,2
4.19,4.0,1.6109797804518247e-05,8.445693677514147e-07,19.620000000002555,6.746767384213771e-11,6.877438719890818e-12,4,-2.1860452085430138e-06,-0.006807330613384748,-2.5051222242247383e-07,9.809999989736703,2.894282584012451e-11,5.9006780571671185e-12,4,-2.404572398737037e-06,0.17185441567817225,7.557165400008031e-06,0.0,0.0,nan,0,-0.07999644430165137,5.769258518091017e-15,-1.744011762100754e-11,3.563032754941464e-15,2
4.195,4.0,1.6114020651864342e-05,8.445695610529255e-07,19.62000000000145,6.757531156743044e-11,6.8884109650790464e-12,4,-2.1860452085256665e-06,-0.0068073318659459875,-2.505122716727232e-07,9.809999989736548,2.8997946213457056e-11,5.911915646033718e-12,4,-2.4045724859658724e-06,0.17185445346399172,7.557162532674505e-06,0.0,0.0,nan,0,-0.07999644430156413,-6.327315311074857e-16,-1.745644722534294e-11,7.323580183951795e-15,2
4.2,4.0,1.6118243500177098e-05,8.44569754356458e-07,19.61999999998945,6.764843253270339e-11,6.89586468223647e-12,4,-2.1860452085256665e-06,-0.006807333118507477,-2.505123209330634e-07,9.809999989729,2.910006712244364e-11,5.932735403243874e-12,4,-2.4045725731877687e-06,0.17185449124979688,7.5571596652777725e-06,0.0,0.0,nan,0,-0.07999644430147691,-2.0267275608268317e-15,-1.745151694693518e-11,3.3862852494211395e-15,2
4.205,4.0,1.6122466349456562e-05,8.44569947740346e-07,19.620000000015374,6.759350037914592e-11,6.890265074321403e-12,4,-2.186045208553422e-06,-0.00680733437106921,-2.5051237032225216e-07,9.809999989745977,2.9083975618867275e-11,5.929454770492897e-12,4,-2.4045726604512985e-06,0.17185452903558768,7.557156797944627e-06,0.0,0.0,nan,0,-0.07999644430138961,-1.0701594028097976e-15,-1.7443591730896193e-11,3.0931863709200973e-15,2
4.21,4.0,1.6126689199702497e-05,8.445701410259617e-07,19.620000000002864,6.755827536929523e-11,6.886674349570374e-12,4,-2.186045208553422e-06,-0.006807335623631192,-2.505124195523375e-07,9.809999989739124,2.9032225842356996e-11,5.918904357334061e-12,4,-2.404572747659317e-06,0.17185456682136416,7.557153930573748e-06,0.0,0.0,nan,0,-0.0799964443013024,-2.6409029380494687e-15,-1.7440261061822324e-11,-4.710736273365053e-16,2
4.215,4.0,1.6130912050915128e-05,8.44570334369727e-07,19.62000000000172,6.759388365569144e-11,6.890304144310449e-12,4,-2.186045208553422e-06,-0.006807336876193417,-2.505124688072222e-07,9.809999989737562,2.908168428624225e-11,5.928987628270169e-12,4,-2.4045728348950912e-06,0.17185460460712626,7.5571510630500566e-06,0.0,0.0,nan,0,-0.07999644430121515,-6.5098081342632145e-15,-1.744468330217401e-11,5.897609731123243e-15,2
4.22,4.0,1.6135134903094243e-05,8.445705276044121e-07,19.619999999996793,6.757382908411663e-11,6.888259845476827e-12,4,-2.186045208553422e-06,-0.006807338128755892,-2.505125180980745e-07,9.809999989731907,2.907215944269479e-11,5.927045764143633e-12,4,-2.4045729220614764e-06,0.17185464239287404,7.557148195687402e-06,0.0,0.0,nan,0,-0.07999644430112798,2.8640269072519075e-15,-1.742682070188622e-11,3.178895588421159e-15,2
4.225,4.0,1.613935775623981e-05,8.445707209418361e-07,19.620000000000886,6.763286237270815e-11,6.894277509959745e-12,4,-2.186045208553422e-06,-0.006807339381318611,-2.505125674124999e-07,9.809999989735678,2.911159742913734e-11,5.935086128358238e-12,4,-2.404573009213984e-06,0.1718546801786075,7.5571453281714184e-06,0.0,0.0,nan,0,-0.07999644430104082,3.2423909140441606e-15,-1.742610571825836e-11,5.890060214555791e-15,2
4.23,4.0,1.614358061035186e-05,8.445709142349319e-07,19.620000000000932,6.761406980039125e-11,6.8923618552893e-12,4,-2.186045208553422e-06,-0.006807340633881579,-2.5051261669884877e-07,9.809999989734958,2.9046063829890028e-11,5.921725557652071e-12,4,-2.4045730963664913e-06,0.17185471796432664,7.5571424606379356e-06,0.0,0.0,nan,0,-0.07999644430095366,6.908347341356428e-15,-1.743076643451574e-11,1.6792063267574967e-15,2
4.235,4.0,1.614780346543065e-05,8.445711075933079e-07,19.619999999995304,6.765182393980551e-11,6.896210391419134e-12,4,-2.186045208529136e-06,-0.0068073418864447914,-2.50512665925483e-07,9.809999989732145,2.9087680111814655e-11,5.9302100188093626e-12,4,-2.4045731835398154e-06,0.1718547557500314,7.557139593101142e-06,0.0,0.0,nan,0,-0.0799964443008665,-1.1487631929532583e-15,-1.7443143644883468e-11,5.46995182203763e-15,2
4.24,4.0,1.6152026321476198e-05,8.445713009269186e-07,19.619999999981076,6.7604635088262e-11,6.8914001109405924e-12,4,-2.186045208529136e-06,-0.006807343139008251,-2.505127152014898e-07,9.80999998972213,2.908799762427288e-11,5.93027475122287e-12,4,-2.4045732706992617e-06,0.17185479353572183,7.557136725470616e-06,0.0,0.0,nan,0,-0.07999644430077935,4.3574710779176613e-16,-1.744638727247222e-11,1.6485641712778428e-15,2
4.245,4.0,1.6156249178488375e-05,8.445714942522331e-07,19.620000000000978,6.75889806770163e-11,6.889804350358097e-12,4,-2.1860452085430138e-06,-0.006807344391571956,-2.505127645046656e-07,9.809999989736095,2.90776946184631e-11,5.928174240343773e-12,4,-2.4045733579766693e-06,0.17185483132139795,7.557133858023437e-06,0.0,0.0,nan,0,-0.07999644430069203,-7.441507296528645e-15,-1.7445417825727123e-11,4.611527379397459e-15,2
4.25,4.0,1.616047203646688e-05,8.445716874760562e-07,19.619999999998925,6.757941501186206e-11,6.888829257070924e-12,4,-2.1860452085568916e-06,-0.006807345644135909,-2.505128138514812e-07,9.80999998973403,2.9046775990743864e-11,5.9218707484486726e-12,4,-2.404573445177749e-06,0.1718548691070597,7.557130990412527e-06,0.0,0.0,nan,0,-0.07999644430060482,5.094659166268756e-16,-1.743128557480207e-11,5.067606997913474e-15,2
4.255,4.0,1.6164694895411845e-05,8.445718808742158e-07,19.620000000000005,6.761672936510661e-11,6.892632962803935e-12,4,-2.1860452085568916e-06,-0.006807346896700106,-2.505128630776214e-07,9.809999989736012,2.9079928504688995e-11,5.92862967076752e-12,4,-2.4045735323788286e-06,0.17185490689270713,7.557128122665804e-06,0.0,0.0,nan,0,-0.0799964443005176,-3.724036520873772e-15,-1.7446250492995595e-11,2.5753783522349226e-15,2
4.26,4.0,1.6168917755323735e-05,8.445720742009624e-07,19.619999999999887,6.75131133137292e-11,6.882070674182425e-12,4,-2.1860452085568916e-06,-0.006807348149264552,-2.50512912374585e-07,9.80999998973534,2.8990949394739432e-11,5.910489179423856e-12,4,-2.4045736196284806e-06,0.1718549446783402,7.55712525495807e-06,0.0,0.0,nan,0,-0.07999644430043035,-6.682558836894889e-15,-1.744459981340258e-11,6.219130319054686e-15,2
4.265,4.0,1.617314061620209e-05,8.445722674801031e-07,19.620000000003863,6.759788644085578e-11,6.8907121754171735e-12,4,-2.186045208560361e-06,-0.0068073494018292425,-2.5051296168289075e-07,9.809999989739044,2.9064189704883196e-11,5.925420945011914e-12,4,-2.404573706836499e-06,0.17185498246395897,7.557122387415645e-06,0.0,0.0,nan,0,-0.07999644430034314,-5.851223836055574e-15,-1.7439245873888626e-11,3.0900777464511455e-15,2
4.2700000000000005,4.0,1.617736347804688e-05,8.445724608089759e-07,19.620000000009945,6.767713764619165e-11,6.898790789618486e-12,4,-2.186045208560361e-06,-0.0068073506543941805,-2.505130109474782e-07,9.809999989744504,2.910907594143543e-11,5.934572063581329e-12,4,-2.404573794016762e-06,0.17185502024956334,7.557119519733364e-06,0.0,0.0,nan,0,-0.07999644430025593,-3.272397794456258e-15,-1.7439815640344865e-11,5.81234460283203e-15,2
4.275,4.0,1.6181586340858387e-05,8.445726541216523e-07,19.620000000003948,6.760999132710806e-11,6.891946108776193e-12,4,-2.186045208560361e-06,-0.006807351906959365,-2.505130602173834e-07,9.809999989737982,2.906029041207336e-11,5.924625982155488e-12,4,-2.4045738811692696e-06,0.17185505803515344,7.5571166519615725e-06,0.0,0.0,nan,0,-0.07999644430016878,1.3487945232434937e-15,-1.7428631253594796e-11,2.572713816975823e-15,2
4.28,4.0,1.6185809204636467e-05,8.445728474548359e-07,19.619999999999045,6.76758070602055e-11,6.89865515394585e-12,4,-2.1860452085430138e-06,-0.006807353159524794,-2.5051310944866847e-07,9.809999989735248,2.913704016110748e-11,5.940273229683016e-12,4,-2.404573968335655e-06,0.17185509582072916,7.557113784131096e-06,0.0,0.0,nan,0,-0.07999644430008163,6.7911077899560135e-15,-1.7426247382716316e-11,6.416305928228114e-15,2
4.285,4.0,1.6190032069381323e-05,8.445730408251231e-07,19.619999999994373,6.763129459729847e-11,6.8941176959549305e-12,4,-2.1860452085430138e-06,-0.006807354412090471,-2.5051315869450556e-07,9.809999989730905,2.9083270307712805e-11,5.929310976178825e-12,4,-2.404574055495101e-06,0.17185513360629057,7.557110916387761e-06,0.0,0.0,nan,0,-0.07999644429999445,-9.817856500496325e-16,-1.7445260174057625e-11,2.5425157507060188e-15,2
4.29,4.0,1.619425493509294e-05,8.445732341454567e-07,19.61999999999985,6.764684812840677e-11,6.895703173130203e-12,4,-2.186045208560361e-06,-0.0068073556646563935,-2.505132079737548e-07,9.809999989735537,2.913436731870822e-11,5.93972830768446e-12,4,-2.404574142751692e-06,0.1718551713918376,7.5571080486334235e-06,0.0,0.0,nan,0,-0.07999644429990715,-6.961002771470874e-15,-1.7444594040242846e-11,5.641370257039756e-15,2
4.295,4.0,1.619847780177093e-05,8.445734273573694e-07,19.619999999996423,6.760506599848865e-11,6.891444036544441e-12,4,-2.1860452085707693e-06,-0.006807356917222563,-2.5051325730772876e-07,9.80999998973246,2.911800269354727e-11,5.936391992665309e-12,4,-2.404574229931955e-06,0.17185520917737032,7.557105180840831e-06,0.0,0.0,nan,0,-0.07999644429981997,1.0752355699758588e-15,-1.7432349612548854e-11,9.859830701815488e-16,2
4.3,4.0,1.62027006694151e-05,8.445736206683178e-07,19.619999999999376,6.755224712891271e-11,6.88605985004229e-12,4,-2.1860452085707693e-06,-0.006807358169788979,-2.505133066382181e-07,9.809999989735507,2.9010841249149714e-11,5.9145446033648554e-12,4,-2.4045743171330347e-06,0.1718552469628887,7.557102313084499e-06,0.0,0.0,nan,0,-0.07999644429973277,-2.128423989882493e-15,-1.7444825854810377e-11,6.343919387022555e-15,2
4.305,4.0,1.6206923538025847e-05,8.445738139706268e-07,19.620000000000147,6.760024036839042e-11,6.890952127256872e-12,4,-2.1860452085707693e-06,-0.006807359422355642,-2.505133559402658e-07,9.809999989735402,2.9072568517869747e-11,5.92712916376953e-12,4,-2.4045744043410533e-06,0.17185528474839273,7.5570994453478904e-06,0.0,0.0,nan,0,-0.07999644429964556,-3.0752221852828274e-15,-1.7443730730818887e-11,1.7040753225091006e-15,2
4.3100000000000005,4.0,1.6211146407603283e-05,8.445740073186771e-07,19.620000000000438,6.756409770309169e-11,6.88726785964222e-12,4,-2.1860452085707693e-06,-0.00680736067492255,-2.505134052355927e-07,9.809999989734825,2.90343043058682e-11,5.919328101172206e-12,4,-2.404574491549072e-06,0.17185532253388242,7.557096577530396e-06,0.0,0.0,nan,0,-0.07999644429955832,-1.9499001275227693e-15,-1.7444326698538508e-11,3.615435281703772e-15,2
4.315,4.0,1.6215369278147293e-05,8.445742006258127e-07,19.620000000000932,6.753231373992219e-11,6.8840279041711504e-12,4,-2.1860452085707693e-06,-0.006807361927489707,-2.505134545237003e-07,9.809999989735068,2.8981591871714864e-11,5.908581427531184e-12,4,-2.404574578729335e-06,0.17185536031935778,7.557093709457716e-06,0.0,0.0,nan,0,-0.07999644429947114,2.072215846089248e-15,-1.7437307868576827e-11,6.253769277422994e-15,2
4.32,4.0,1.6219592149657936e-05,8.445743939607186e-07,19.62000000000122,6.755198495193872e-11,6.8860331245600935e-12,4,-2.186045208553422e-06,-0.006807363180057108,-2.5051350381086076e-07,9.809999989737035,2.9031599236799903e-11,5.918776609005505e-12,4,-2.404574665902659e-06,0.1718553981048188,7.557090841629656e-06,0.0,0.0,nan,0,-0.07999644429938399,7.022478268287896e-15,-1.743447635577482e-11,2.9048925459436706e-15,2
4.325,4.0,1.6223815022135336e-05,8.445745873503848e-07,19.620000000003902,6.749813025789204e-11,6.880543349426975e-12,4,-2.186045208546483e-06,-0.006807364432624757,-2.505135530383002e-07,9.809999989737728,2.895080074255738e-11,5.902303929223834e-12,4,-2.4045747530690442e-06,0.17185543589026547,7.5570879736729096e-06,0.0,0.0,nan,0,-0.07999644429929681,1.5530755597745254e-15,-1.7438561088327027e-11,7.623340400600586e-15,2
4.33,4.0,1.6228037895579586e-05,8.445747806880177e-07,19.619999999995873,6.754738877273988e-11,6.885564604765962e-12,4,-2.186045208546483e-06,-0.00680736568519265,-2.5051360223113314e-07,9.80999998973301,2.902663026993387e-11,5.917763567851719e-12,4,-2.4045748402909406e-06,0.1718554736756978,7.55708510552087e-06,0.0,0.0,nan,0,-0.07999644429920957,-5.270799238781536e-15,-1.74517967231374e-11,2.2360941959094774e-15,2
4.335,4.0,1.6232260769990362e-05,8.445749739431746e-07,19.620000000001863,6.75038428290702e-11,6.8811256706487045e-12,4,-2.1860452085742388e-06,-0.006807366937760792,-2.505136515749246e-07,9.809999989736752,2.8983948009256475e-11,5.909061781769532e-12,4,-2.4045749275405925e-06,0.1718555114611158,7.557082237659548e-06,0.0,0.0,nan,0,-0.07999644429912228,-6.905935709449465e-15,-1.7443430526513035e-11,7.802308352170163e-15,2
4.34,4.0,1.623648364536738e-05,8.445751672002956e-07,19.619999999996352,6.752576862211626e-11,6.883360715813334e-12,4,-2.1860452085777082e-06,-0.006807368190329178,-2.5051370085610775e-07,9.809999989731928,2.8978731576644944e-11,5.907998288884163e-12,4,-2.404575014686161e-06,0.1718555492465195,7.5570793697394285e-06,0.0,0.0,nan,0,-0.07999644429903513,1.2124591358195296e-15,-1.743650051439332e-11,1.6854235756953983e-15,2
4.345,4.0,1.624070652171092e-05,8.445753605578909e-07,19.62000000000058,6.752047984486376e-11,6.882821594787132e-12,4,-2.1860452085777082e-06,-0.006807369442897813,-2.5051375017461625e-07,9.809999989735813,2.8992161393829248e-11,5.9107362740394904e-12,4,-2.404575101880302e-06,0.17185558703190879,7.5570765017657095e-06,0.0,0.0,nan,0,-0.07999644429894792,-1.094140220141696e-15,-1.7444263193781504e-11,6.701411200951857e-15,2
4.3500000000000005,4.0,1.624492939902116e-05,8.445755538943647e-07,19.619999999999795,6.760228426063272e-11,6.891160475090054e-12,4,-2.1860452085777082e-06,-0.006807370695466692,-2.505137994287316e-07,9.809999989734568,2.905962503248971e-11,5.924490328827408e-12,4,-2.4045751890744427e-06,0.1718556248172838,7.557073633742724e-06,0.0,0.0,nan,0,-0.07999644429886074,-6.842458794500881e-16,-1.744359350725305e-11,1.8635033488452743e-15,2
4.355,4.0,1.624915227729811e-05,8.44575747214017e-07,19.620000000001987,6.76922549466681e-11,6.900331798844164e-12,4,-2.1860452085777082e-06,-0.00680737194803582,-2.505138487017573e-07,9.80999998973618,2.915939512850586e-11,5.94483081733215e-12,4,-2.4045752762616446e-06,0.17185566260264443,7.557070765504337e-06,0.0,0.0,nan,0,-0.07999644429877353,2.4359249089564517e-15,-1.7443931903230953e-11,5.902050623221744e-15,2
4.36,4.0,1.6253375156541596e-05,8.445759405169064e-07,19.619999999999983,6.74906288564781e-11,6.8797786805788135e-12,4,-2.1860452085673e-06,-0.0068073732006051916,-2.5051389800292215e-07,9.809999989735374,2.89609050740151e-11,5.904363935640804e-12,4,-2.4045753634557854e-06,0.17185570038799075,7.557067897501812e-06,0.0,0.0,nan,0,-0.07999644429868635,7.125951054182964e-15,-1.7443957216315915e-11,1.287519643669744e-15,2
4.365,4.0,1.6257598036751668e-05,8.445761338552231e-07,19.62000000000404,6.755697033867976e-11,6.886541318926183e-12,4,-2.1860452085568916e-06,-0.0068073744531748125,-2.505139472993685e-07,9.809999989737786,2.9040046024196996e-11,5.920498685948156e-12,4,-2.4045754506846206e-06,0.17185573817332267,7.557065029464243e-06,0.0,0.0,nan,0,-0.07999644429859912,4.197598962371681e-16,-1.7442481507871584e-11,4.3903709528921315e-15,2
4.37,4.0,1.6261820917928245e-05,8.445763271354603e-07,19.61999999999496,6.768396824032139e-11,6.899487078525869e-12,4,-2.1860452085568916e-06,-0.006807375705744677,-2.505139965192017e-07,9.80999998973198,2.9144938787121234e-11,5.941883550994276e-12,4,-2.404575537851006e-06,0.1718557759586403,7.557062161181438e-06,0.0,0.0,nan,0,-0.07999644429851197,1.2004687271535778e-15,-1.7446332205410205e-11,1.3643470769738042e-15,2
4.375,4.0,1.6266043800071497e-05,8.445765204867616e-07,19.619999999999468,6.761762178825352e-11,6.892723933563237e-12,4,-2.1860452085568916e-06,-0.00680737695831479,-2.505140458202339e-07,9.809999989735623,2.9075355413349046e-11,5.927697338179635e-12,4,-2.404575625100658e-06,0.1718558137439436,7.557059293114385e-06,0.0,0.0,nan,0,-0.0799964442984247,-6.826887830096154e-15,-1.744442217771864e-11,4.059524491553836e-15,2
4.38,4.0,1.6270266683181382e-05,8.44576713794701e-07,19.6199999999976,6.754991429580603e-11,6.885822048502987e-12,4,-2.186045208584647e-06,-0.006807378210885147,-2.505140950928229e-07,9.80999998973311,2.9026803999781623e-11,5.917798986780902e-12,4,-2.4045757123017375e-06,0.17185585152923255,7.557056424929903e-06,0.0,0.0,nan,0,-0.07999644429833747,-6.51247266952231e-15,-1.7451087956758484e-11,4.610696241387778e-16,2
4.385,4.0,1.6274489567257638e-05,8.44576907063585e-07,19.61999999999795,6.763185883894249e-11,6.894175212940831e-12,4,-2.186045208584647e-06,-0.0068073794634557535,-2.505141443857149e-07,9.809999989733223,2.9087653240053083e-11,5.9302045403659786e-12,4,-2.4045757994681227e-06,0.17185588931450715,7.557053556824769e-06,0.0,0.0,nan,0,-0.07999644429825029,1.4216251536589085e-15,-1.7435817505188583e-11,3.703809034463934e-15,2
4.39,4.0,1.627871245230058e-05,8.445771004400709e-07,19.620000000001276,6.758666386183469e-11,6.889568181634077e-12,4,-2.186045208584647e-06,-0.0068073807160266035,-2.5051419368628177e-07,9.809999989736015,2.904558502364807e-11,5.9216279416998614e-12,4,-2.404575886627569e-06,0.17185592709976738,7.55705068840921e-06,0.0,0.0,nan,0,-0.07999644429816313,1.0548074663227564e-15,-1.7443919024643876e-11,4.95569651703126e-15,2
4.3950000000000005,4.0,1.628293533831013e-05,8.445772937261956e-07,19.620000000001042,6.755311650851045e-11,6.886148471815174e-12,4,-2.186045208584647e-06,-0.006807381968597702,-2.505142429997718e-07,9.809999989735452,2.9013401896708407e-11,5.91506665179738e-12,4,-2.404575973814771e-06,0.17185596488501328,7.557047820412236e-06,0.0,0.0,nan,0,-0.07999644429807592,2.5793657237380213e-15,-1.7443590842717802e-11,2.9990394584318818e-15,2
4.4,4.0,1.628715822528627e-05,8.44577487061198e-07,19.620000000000815,6.7575797733797e-11,6.888460523322548e-12,4,-2.1860452085811777e-06,-0.006807383221169046,-2.5051429227340364e-07,9.809999989735116,2.9066724480064484e-11,5.925937718752092e-12,4,-2.404576060981156e-06,0.17185600267024484,7.5570449520713975e-06,0.0,0.0,nan,0,-0.07999644429798874,7.121954251294313e-15,-1.744303661938391e-11,6.054817311410161e-15,2
4.405,4.0,1.6291381113229066e-05,8.445776804180412e-07,19.620000000001365,6.758954225849243e-11,6.889861596176119e-12,4,-2.186045208560361e-06,-0.0068073844737406375,-2.5051434147935247e-07,9.809999989737257,2.900907883172475e-11,5.9141852929811685e-12,4,-2.4045761482030525e-06,0.17185604045546213,7.5570420836801074e-06,0.0,0.0,nan,0,-0.07999644429790154,-5.203769610154144e-16,-1.7455205551912222e-11,-3.009304195539604e-17,2
4.41,4.0,1.6295604002138614e-05,8.445778737024974e-07,19.61999999999425,6.763880384855392e-11,6.894883164992227e-12,4,-2.186045208560361e-06,-0.006807385726312475,-2.505143907789983e-07,9.809999989730102,2.913787255717426e-11,5.940442933267713e-12,4,-2.404576235411071e-06,0.171856078240665,7.557039215393176e-06,0.0,0.0,nan,0,-0.07999644429781433,5.4917027619347334e-15,-1.7442273674121384e-11,5.6533606657057054e-15,2
4.415,4.0,1.629982689201468e-05,8.445780670597641e-07,19.619999999999727,6.762814528001227e-11,6.893796664629277e-12,4,-2.186045208560361e-06,-0.006807386978884557,-2.505144400316687e-07,9.809999989736081,2.9068403865545658e-11,5.926280101112964e-12,4,-2.404576322660723e-06,0.17185611602585357,7.557036346996896e-06,0.0,0.0,nan,0,-0.07999644429772707,-3.0388068700751196e-15,-1.7450079430162917e-11,2.3675446020250917e-15,2
4.42,4.0,1.630404978285744e-05,8.445782603639463e-07,19.62000000000034,6.753686855023315e-11,6.88449220695535e-12,4,-2.1860452085742388e-06,-0.006807388231456887,-2.5051448933588236e-07,9.809999989735624,2.9014476873585788e-11,5.91528581120166e-12,4,-2.404576409910375e-06,0.17185615381102776,7.5570334786386285e-06,0.0,0.0,nan,0,-0.0799964442976398,-6.78425526595055e-15,-1.7447231041970934e-11,4.712335630033421e-15,2
4.425,4.0,1.6308272674666572e-05,8.445784536385486e-07,19.620000000015473,6.75812401531693e-11,6.889015306128033e-12,4,-2.1860452085881166e-06,-0.006807389484029463,-2.5051453869356506e-07,9.809999989744897,2.90506631660674e-11,5.9226632408636415e-12,4,-2.4045764970767602e-06,0.17185619159618762,7.55703061041093e-06,0.0,0.0,nan,0,-0.07999644429755261,-1.1305555353494005e-15,-1.743309257379694e-11,5.498874661087841e-16,2
4.43,4.0,1.6312495567442004e-05,8.445786469096619e-07,19.619999999990462,6.764452554250116e-11,6.895466416160453e-12,4,-2.1860452085881166e-06,-0.006807390736602285,-2.5051458790594615e-07,9.809999989725602,2.909969323363155e-11,5.932659177188339e-12,4,-2.4045765842292677e-06,0.17185622938133313,7.557027742024989e-06,0.0,0.0,nan,0,-0.07999644429746544,1.984730271748789e-15,-1.7435976489125713e-11,5.4974853530483315e-15,2
4.4350000000000005,4.0,1.6316718461184186e-05,8.44578840285878e-07,19.619999999999884,6.762954793689288e-11,6.893939646981986e-12,4,-2.1860452085881166e-06,-0.006807391989175355,-2.505146372400677e-07,9.8099999897346,2.912623462894568e-11,5.938070266956985e-12,4,-2.404576671395653e-06,0.1718562671664643,7.557024873516018e-06,0.0,0.0,nan,0,-0.07999644429737829,2.7703240839735496e-15,-1.7443553983313382e-11,1.7005226088302948e-15,2
4.44,4.0,1.6320941355893097e-05,8.445790336055266e-07,19.620000000001973,6.759192358618056e-11,6.890104341098243e-12,4,-2.1860452085881166e-06,-0.006807393241748671,-2.5051468655012555e-07,9.809999989735896,2.9108666781687646e-11,5.934488646716361e-12,4,-2.404576758562038e-06,0.17185630495158113,7.557022005186322e-06,0.0,0.0,nan,0,-0.07999644429729111,6.366114416129506e-15,-1.7442198178955717e-11,3.3920584091491816e-15,2
4.445,4.0,1.6325164251568554e-05,8.445792269189341e-07,19.619999999991396,6.76229679254715e-11,6.893268901682074e-12,4,-2.1860452085638304e-06,-0.006807394494322232,-2.505147357225754e-07,9.809999989730576,2.9053490335236583e-11,5.92323962602461e-12,4,-2.404576845763118e-06,0.17185634273668365,7.557019136587149e-06,0.0,0.0,nan,0,-0.07999644429720393,-5.230693383345025e-17,-1.745329996511276e-11,7.55539475149352e-15,2
4.45,4.0,1.6329387148210753e-05,8.445794202335735e-07,19.619999999971398,6.76254136887589e-11,6.893518214970182e-12,4,-2.1860452085638304e-06,-0.00680739574689604,-2.5051478504606486e-07,9.809999989714981,2.914157350871796e-11,5.941197459586264e-12,4,-2.4045769329780753e-06,0.1718563805217718,7.5570162681861905e-06,0.0,0.0,nan,0,-0.07999644429711669,1.600149016018633e-15,-1.7443064597004138e-11,2.8733622120443084e-15,2
4.455,4.0,1.6333610045819478e-05,8.445796135779387e-07,19.620000000000097,6.76219940748587e-11,6.893169630464665e-12,4,-2.1860452085811777e-06,-0.006807396999470095,-2.5051483433178916e-07,9.809999989734484,2.9086194125176276e-11,5.929907065364537e-12,4,-2.404577020255483e-06,0.17185641830684562,7.557013399564752e-06,0.0,0.0,nan,0,-0.0799964442970294,-7.34647220562073e-15,-1.745223681554438e-11,7.205896543341519e-15,2
4.46,4.0,1.633783294439475e-05,8.44579806849159e-07,19.62000000000236,6.757989076660857e-11,6.888877753985774e-12,4,-2.186045208598525e-06,-0.006807398252044397,-2.5051488367636223e-07,9.809999989737678,2.9053504032542677e-11,5.923242418539406e-12,4,-2.4045771074635014e-06,0.17185645609190509,7.557010531293358e-06,0.0,0.0,nan,0,-0.07999644429694217,1.5544078274040739e-15,-1.7435024361859804e-11,3.2042086733826027e-15,2
4.465,4.0,1.634205584393645e-05,8.445800001863267e-07,19.62000000000102,6.757186033496749e-11,6.8880591574886825e-12,4,-2.186045208598525e-06,-0.006807399504618944,-2.505149329367561e-07,9.809999989736626,2.9031081912131172e-11,5.918671140163902e-12,4,-2.4045771946853978e-06,0.17185649387695018,7.557007662547875e-06,0.0,0.0,nan,0,-0.07999644429685493,-3.0423595837539245e-15,-1.7448238236298888e-11,7.143724053962508e-15,2
4.47,4.0,1.6346278744444907e-05,8.445801935408474e-07,19.6200000000024,6.762256467215313e-11,6.893227795325673e-12,4,-2.186045208598525e-06,-0.006807400757193739,-2.5051498221191145e-07,9.809999989737857,2.909744385848747e-11,5.932200588975742e-12,4,-2.4045772819003552e-06,0.17185653166198098,7.557004794029171e-06,0.0,0.0,nan,0,-0.07999644429676772,-5.755300566727957e-15,-1.744282168020635e-11,2.229432857761715e-15,2
4.4750000000000005,4.0,1.6350501645919944e-05,8.445803868292415e-07,19.619999999999738,6.759828150169581e-11,6.8907524466561374e-12,4,-2.186045208598525e-06,-0.006807402009768778,-2.505150314688575e-07,9.809999989734756,2.9057384378610247e-11,5.924033518657711e-12,4,-2.4045773690528627e-06,0.17185656944699743,7.557001925456241e-06,0.0,0.0,nan,0,-0.07999644429668054,-5.486182505558819e-15,-1.7442490389655796e-11,4.154559582461736e-15,2
4.48,4.0,1.6354724548361703e-05,8.445805801787751e-07,19.620000000000132,6.756708631660586e-11,6.887572509337962e-12,4,-2.186045208598525e-06,-0.006807403262344066,-2.505150807414261e-07,9.809999989734953,2.9046509103198213e-11,5.921816337123766e-12,4,-2.40457745620537e-06,0.17185660723199955,7.556999056830691e-06,0.0,0.0,nan,0,-0.07999644429659339,-3.479787455456235e-15,-1.7443101900497766e-11,-8.689775593621727e-16,2
4.485,4.0,1.6358947451770103e-05,8.445807734964135e-07,19.62000000000276,6.762136674221263e-11,6.893105682181765e-12,4,-2.186045208598525e-06,-0.006807404514919599,-2.505151300371047e-07,9.809999989736243,2.91230486367494e-11,5.93742072726188e-12,4,-2.4045775434133887e-06,0.1718566450169873,7.556996188168222e-06,0.0,0.0,nan,0,-0.07999644429650618,1.5668423252798766e-15,-1.7438151638075566e-11,4.157668206930684e-15,2
4.49,4.0,1.636317035614486e-05,8.445809667542927e-07,19.620000000001333,6.753634081515854e-11,6.884438411330678e-12,4,-2.1860452085777082e-06,-0.006807405767495379,-2.505151793324224e-07,9.809999989737047,2.8971043469021733e-11,5.906430886713648e-12,4,-2.404577630586713e-06,0.17185668280196073,7.556993319505643e-06,0.0,0.0,nan,0,-0.07999644429641903,6.9620821357482875e-15,-1.7430933856147874e-11,3.541272383658796e-15,2
4.495,4.0,1.636739326148614e-05,8.44581160106766e-07,19.619999999998274,6.756919594145859e-11,6.887787557743581e-12,4,-2.1860452085777082e-06,-0.0068074070200714034,-2.5051522860361045e-07,9.80999998973479,2.904165514016113e-11,5.9208267422121095e-12,4,-2.4045777177947314e-06,0.17185672058691978,7.556990450823143e-06,0.0,0.0,nan,0,-0.07999644429633179,-1.7536126967690417e-15,-1.744685578658863e-11,3.2499498619971543e-15,2
4.5,4.0,1.6371616167794192e-05,8.445813534546427e-07,19.620000000001507,6.768139671280297e-11,6.8992249452393245e-12,4,-2.186045208598525e-06,-0.006807408272647677,-2.505152778580395e-07,9.809999989736019,2.913750091660296e-11,5.9403671655634796e-12,4,-2.4045778050652e-06,0.1718567583718645,7.556987582015017e-06,0.0,0.0,nan,0,-0.0799964442962445,-6.841986863231061e-15,-1.7445702930999863e-11,3.9707066495838065e-15,2
4.505,4.0,1.6375839075068898e-05,8.445815467511384e-07,19.619999999995635,6.755086263229616e-11,6.885918718890029e-12,4,-2.186045208605464e-06,-0.006807409525224194,-2.505153271253505e-07,9.809999989731239,2.9002540591115624e-11,5.912852318343417e-12,4,-2.404577892245463e-06,0.1718567961567949,7.556984713413709e-06,0.0,0.0,nan,0,-0.07999644429615732,5.481016778838303e-16,-1.7437270565083228e-11,2.4288289129843897e-15,2
4.51,4.0,1.6380061983310156e-05,8.445817400638121e-07,19.61999999999675,6.760682527268055e-11,6.891623371324337e-12,4,-2.186045208605464e-06,-0.006807410777800961,-2.505153764303069e-07,9.809999989731898,2.9072694362627034e-11,5.927154820195178e-12,4,-2.404577979432665e-06,0.17185683394171092,7.556981844641578e-06,0.0,0.0,nan,0,-0.07999644429607011,-2.7870082880901407e-15,-1.7444117088431483e-11,6.488248380223812e-15,2
4.515,4.0,1.6384284892517913e-05,8.445819333727257e-07,19.620000000000644,6.755522103714603e-11,6.886363000728218e-12,4,-2.186045208605464e-06,-0.006807412030377971,-2.5051542575881163e-07,9.809999989734969,2.902902396833209e-11,5.918251579756903e-12,4,-2.404578066668439e-06,0.1718568717266126,7.556978975938053e-06,0.0,0.0,nan,0,-0.07999644429598288,-4.191218369636038e-15,-1.7438327497402666e-11,2.8191833284425945e-15,2
4.5200000000000005,4.0,1.6388507802692324e-05,8.445821267357833e-07,19.62000000000157,6.767258781943799e-11,6.898326994845319e-12,4,-2.186045208605464e-06,-0.00680741328295523,-2.505154749936701e-07,9.809999989736045,2.912667894550751e-11,5.93816085137248e-12,4,-2.404578153855641e-06,0.17185690951149996,7.5569761071236e-06,0.0,0.0,nan,0,-0.07999644429589567,-2.7772383254734404e-15,-1.74402810458368e-11,6.166727792292365e-15,2
4.525,4.0,1.6392730713833403e-05,8.445823200345089e-07,19.620000000002094,6.76379891262081e-11,6.894800114801313e-12,4,-2.186045208605464e-06,-0.006807414535532733,-2.5051552427878794e-07,9.809999989736305,2.910042484025245e-11,5.932808332456415e-12,4,-2.4045782410081484e-06,0.17185694729637296,7.556973238273189e-06,0.0,0.0,nan,0,-0.07999644429580852,1.2222290984362236e-15,-1.7434725933910785e-11,1.8683883301536073e-15,2
4.53,4.0,1.639695362594094e-05,8.445825133003609e-07,19.6200000000016,6.744051444502724e-11,6.874670177881931e-12,4,-2.1860452085950555e-06,-0.0068074157881104855,-2.505155736400378e-07,9.809999989736678,2.8932507285468663e-11,5.898574376297278e-12,4,-2.4045783281675948e-06,0.1718569850812316,7.556970369570202e-06,0.0,0.0,nan,0,-0.07999644429572136,7.282714545260029e-15,-1.742647786501624e-11,4.85799689086423e-15,2
4.535,4.0,1.6401176539014833e-05,8.4458270665251e-07,19.62000000000622,6.772979073405455e-11,6.904158076863719e-12,4,-2.186045208584647e-06,-0.006807417040688482,-2.505156228950995e-07,9.809999989739618,2.916257897530883e-11,5.9454799196351224e-12,4,-2.4045784153686744e-06,0.17185702286607593,7.556967500584576e-06,0.0,0.0,nan,0,-0.07999644429563418,1.1511748248602139e-15,-1.7440903658909013e-11,5.872480001460307e-17,2
4.54,4.0,1.6405399453055617e-05,8.445829000161939e-07,19.620000000001255,6.767862011858523e-11,6.8989419081122224e-12,4,-2.186045208584647e-06,-0.006807418293266727,-2.5051567213833485e-07,9.809999989737811,2.911984773978767e-11,5.936768148878652e-12,4,-2.4045785026183264e-06,0.17185706065090586,7.5569646317228045e-06,0.0,0.0,nan,0,-0.07999644429554692,-5.444438119832916e-15,-1.7445140714060185e-11,4.332639355611605e-15,2
4.545,4.0,1.640962236806317e-05,8.445830933540362e-07,19.620000000022728,6.740773566733453e-11,6.8713288141953564e-12,4,-2.1860452086124027e-06,-0.006807419545845216,-2.505157214831971e-07,9.809999989749702,2.888857229998354e-11,5.889617192694945e-12,4,-2.4045785898402228e-06,0.17185709843572153,7.5569617627731164e-06,0.0,0.0,nan,0,-0.07999644429545966,-2.3531331300666294e-15,-1.7435509751366164e-11,5.144878520427369e-15,2
4.55,4.0,1.6413845284037163e-05,8.445832866263592e-07,19.619999999994533,6.76428738050646e-11,6.895298043331646e-12,4,-2.1860452086124027e-06,-0.006807420798423953,-2.505157706401174e-07,9.809999989730086,2.91028677559335e-11,5.933306378471106e-12,4,-2.40457867699273e-06,0.1718571362205228,7.556958893832016e-06,0.0,0.0,nan,0,-0.0799964442953725,-2.566158124245111e-17,-1.7443978088508796e-11,3.0221320973440683e-15,2
4.555,4.0,1.6418068200977842e-05,8.445834799745161e-07,19.620000000001014,6.75474244459275e-11,6.88556824117472e-12,4,-2.1860452086124027e-06,-0.006807422051002935,-2.505158199588307e-07,9.80999998973604,2.901668211770849e-11,5.915735402256458e-12,4,-2.404578764242382e-06,0.17185717400530975,7.556956024791018e-06,0.0,0.0,nan,0,-0.07999644429528524,-2.106663618599845e-15,-1.744370319728791e-11,5.074712425271057e-15,2
4.5600000000000005,4.0,1.6422291118885054e-05,8.445836732674011e-07,19.619999999996967,6.769648149936487e-11,6.900762640099422e-12,4,-2.1860452086124027e-06,-0.0068074233035821646,-2.5051586920133205e-07,9.809999989731939,2.914373588963379e-11,5.94163831195481e-12,4,-2.4045788514087674e-06,0.17185721179008237,7.556953155907831e-06,0.0,0.0,nan,0,-0.07999644429519806,-1.5320121810538638e-15,-1.7444008730664287e-11,3.3440967744853624e-15,2
4.565,4.0,1.6426514037758887e-05,8.445838665706907e-07,19.62000000000039,6.763837637524731e-11,6.894839589729457e-12,4,-2.1860452086124027e-06,-0.00680742455616164,-2.5051591853473117e-07,9.809999989734616,2.9116459332494117e-11,5.9360773420921864e-12,4,-2.404578938609847e-06,0.1718572495748406,7.556950286978571e-06,0.0,0.0,nan,0,-0.07999644429511087,1.2386603992006768e-15,-1.7437037862337267e-11,7.330241522099524e-15,2
4.57,4.0,1.6430736957599204e-05,8.445840599070872e-07,19.62000000000411,6.759271268572134e-11,6.890184779378917e-12,4,-2.1860452086124027e-06,-0.006807425808741363,-2.5051596784219044e-07,9.809999989737635,2.9079767845152077e-11,5.928596916528601e-12,4,-2.4045790257623545e-06,0.17185728735958453,7.5569474179764985e-06,0.0,0.0,nan,0,-0.0799964442950237,6.493568019356467e-15,-1.743939020288185e-11,2.340455160224221e-15,2
4.575,4.0,1.6434959878406088e-05,8.445842532004998e-07,19.620000000004502,6.75940299464989e-11,6.890319056726135e-12,4,-2.186045208591586e-06,-0.006807427061321331,-2.505160171236222e-07,9.809999989738886,2.903488681551097e-11,5.919446859506836e-12,4,-2.4045791129564953e-06,0.1718573251443141,7.556944548893681e-06,0.0,0.0,nan,0,-0.07999644429493652,-9.230280477999862e-18,-1.7442488613298976e-11,5.260785804198232e-15,2
4.58,4.0,1.6439182800179578e-05,8.445844465223531e-07,19.619999999995215,6.758651268093225e-11,6.889552770738913e-12,4,-2.186045208591586e-06,-0.006807428313901546,-2.505160663798548e-07,9.809999989732168,2.904058580481281e-11,5.9206087329681386e-12,4,-2.4045792001228805e-06,0.1718573629290293,7.556941679879123e-06,0.0,0.0,nan,0,-0.07999644429484935,7.736711544276206e-17,-1.7445731796798507e-11,1.4580499002521455e-15,2
4.585,4.0,1.6443405722919798e-05,8.445846398771755e-07,19.62000000000196,6.755441462615661e-11,6.886280797772668e-12,4,-2.186045208605464e-06,-0.0068074295664820065,-2.505161156870157e-07,9.809999989736541,2.9001828513832284e-11,5.912707144581998e-12,4,-2.404579287400288e-06,0.17185740071373018,7.556938810804813e-06,0.0,0.0,nan,0,-0.07999644429476205,-7.204807747678566e-15,-1.7450541282941184e-11,6.018846085412287e-15,2
4.59,4.0,1.644762864662667e-05,8.445848331931379e-07,19.620000000008844,6.759949726452803e-11,6.890876377624624e-12,4,-2.1860452086193416e-06,-0.006807430819062715,-2.5051616500021235e-07,9.809999989740872,2.909145870732528e-11,5.930980374668425e-12,4,-2.4045793746221844e-06,0.17185743849841673,7.556935941722328e-06,0.0,0.0,nan,0,-0.07999644429467481,5.72526584425581e-16,-1.7431051983877705e-11,1.447391759215743e-15,2
4.595,4.0,1.6451851571299888e-05,8.445850265008635e-07,19.61999999999757,6.765935498529912e-11,6.896978082090469e-12,4,-2.1860452086193416e-06,-0.006807432071643669,-2.50516214171935e-07,9.809999989732637,2.9082083068077073e-11,5.929068929360861e-12,4,-2.404579461774692e-06,0.1718574762830889,7.556933072571887e-06,0.0,0.0,nan,0,-0.07999644429458766,4.1842762860760914e-16,-1.7442674686677894e-11,3.7526588475474195e-15,2
4.6000000000000005,4.0,1.645607449693999e-05,8.445852198386594e-07,19.6200000000016,6.758918938221169e-11,6.8898256250974694e-12,4,-2.1860452086193416e-06,-0.006807433324224869,-2.5051626353222235e-07,9.809999989736504,2.9067816519208568e-11,5.926160356701351e-12,4,-2.404579549003527e-06,0.17185751406774674,7.556930203347236e-06,0.0,0.0,nan,0,-0.07999644429450042,-5.18156514966173e-16,-1.7443996740255617e-11,6.441174923979699e-15,2
4.605,4.0,1.6460297423546493e-05,8.445854131172222e-07,19.620000000011,6.752558050563959e-11,6.883341539816691e-12,4,-2.1860452086193416e-06,-0.0068074345768063165,-2.505163128339649e-07,9.809999989745439,2.8979626546125543e-11,5.9081807495246575e-12,4,-2.404579636197668e-06,0.1718575518523902,7.55692733428714e-06,0.0,0.0,nan,0,-0.07999644429441322,1.4718072343719577e-15,-1.7441886428330406e-11,3.0789755162048732e-15,2
4.61,4.0,1.6464520351119523e-05,8.445856064429075e-07,19.619999999998857,6.758448969758396e-11,6.889346554290306e-12,4,-2.1860452086193416e-06,-0.006807435829388009,-2.5051636207378666e-07,9.809999989732585,2.9037174290322683e-11,5.919913215232168e-12,4,-2.4045797233501753e-06,0.1718575896370194,7.556924465025192e-06,0.0,0.0,nan,0,-0.07999644429432606,6.1103190312558615e-15,-1.7441746540229302e-11,1.8923691474855056e-15,2
4.615,4.0,1.6468743279659167e-05,8.445857997719538e-07,19.619999999996036,6.759548191679647e-11,6.890467065933754e-12,4,-2.186045208598525e-06,-0.0068074370819699494,-2.505164113121853e-07,9.809999989731923,2.9004109383066473e-11,5.913172153603451e-12,4,-2.404579810558194e-06,0.17185762742163418,7.556921595923663e-06,0.0,0.0,nan,0,-0.07999644429423887,-2.179522091075312e-16,-1.745150673288339e-11,4.3237575714146e-15,2
4.62,4.0,1.64729662091656e-05,8.445859930842139e-07,19.619999999997034,6.753833765158274e-11,6.884641962445764e-12,4,-2.186045208598525e-06,-0.006807438334552136,-2.505164606723258e-07,9.809999989732816,2.901473388921442e-11,5.915338209904455e-12,4,-2.4045798977523347e-06,0.17185766520623463,7.556918726668899e-06,0.0,0.0,nan,0,-0.07999644429415166,4.7109939310183135e-15,-1.742661775311735e-11,7.8880175696712e-15,2
4.625,4.0,1.6477189139638574e-05,8.445861864621978e-07,19.619999999999997,6.761905198712467e-11,6.892869723458173e-12,4,-2.186045208598525e-06,-0.006807439587134569,-2.505165099052578e-07,9.809999989736465,2.9059085064339516e-11,5.9243802435763625e-12,4,-2.404579984967292e-06,0.17185770299082076,7.556915857368413e-06,0.0,0.0,nan,0,-0.07999644429406444,-3.4131740739787322e-15,-1.744775684359543e-11,5.245743811473125e-16,2
4.63,4.0,1.648141207107827e-05,8.445863797535951e-07,19.619999999999045,6.759495149143342e-11,6.890412996068982e-12,4,-2.186045208615872e-06,-0.006807440839717248,-2.505165591865643e-07,9.809999989734784,2.9070733444064334e-11,5.9267550406695296e-12,4,-2.4045800721891886e-06,0.1718577407753925,7.5569129880780995e-06,0.0,0.0,nan,0,-0.0799964442939772,-7.100002694153951e-15,-1.7443871063009244e-11,6.767136404009642e-15,2
4.635,4.0,1.6485635003484517e-05,8.445865730488316e-07,19.619999999997507,6.756825295848453e-11,6.8876914330777896e-12,4,-2.1860452086262805e-06,-0.006807442092300173,-2.5051660850465765e-07,9.80999998973154,2.908880703139157e-11,5.930439767959187e-12,4,-2.4045801593625127e-06,0.1718577785599499,7.556910118897339e-06,0.0,0.0,nan,0,-0.07999644429389002,1.7111713184811415e-15,-1.7438790682448562e-11,3.037231130478966e-15,2
4.64,4.0,1.6489857936857127e-05,8.445867663437714e-07,19.619999999999095,6.768817576990634e-11,6.89991598062278e-12,4,-2.1860452086262805e-06,-0.006807443344883345,-2.5051665779202996e-07,9.809999989734107,2.917216517947762e-11,5.947434293579099e-12,4,-2.4045802465566535e-06,0.171857816344493,7.5569072495973335e-06,0.0,0.0,nan,0,-0.0799964442938028,1.214679581868772e-15,-1.7444235216161324e-11,4.820249308026968e-15,2
4.6450000000000005,4.0,1.64940808711965e-05,8.44586959726449e-07,19.620000000000374,6.76152591054049e-11,6.8924830892358424e-12,4,-2.1860452086262805e-06,-0.006807444597466764,-2.50516707049533e-07,9.809999989734703,2.911327525514665e-11,5.935428192785142e-12,4,-2.4045803337507943e-06,0.17185785412902174,7.556904380084464e-06,0.0,0.0,nan,0,-0.07999644429371561,2.4456948715731456e-15,-1.744297666734061e-11,-2.627957879168499e-16,2
4.65,4.0,1.6498303806502562e-05,8.445871530277405e-07,19.619999999999795,6.751287204254745e-11,6.882046079770455e-12,4,-2.1860452086262805e-06,-0.006807445850050427,-2.505167563453546e-07,9.809999989733754,2.900216948603914e-11,5.912776659814506e-12,4,-2.4045804209310573e-06,0.1718578919135361,7.556901510853842e-06,0.0,0.0,nan,0,-0.07999644429362843,5.997964461163797e-15,-1.744416860277985e-11,5.728411742170346e-15,2
4.655,4.0,1.650252674277513e-05,8.445873463195816e-07,19.61999999998593,6.75453974632856e-11,6.885361617057497e-12,4,-2.186045208605464e-06,-0.00680744710263434,-2.5051680557701425e-07,9.809999989726181,2.9008466581950934e-11,5.914060471423227e-12,4,-2.404580508139076e-06,0.17185792969803612,7.556898641350676e-06,0.0,0.0,nan,0,-0.07999644429354125,1.2111268681899724e-15,-1.74475254731171e-11,4.234939729444585e-15,2
4.66,4.0,1.6506749680014377e-05,8.445875396643084e-07,19.620000000002285,6.75084429205878e-11,6.881594589253816e-12,4,-2.186045208605464e-06,-0.006807448355218496,-2.505168549100931e-07,9.809999989735152,2.896543587937119e-11,5.90528764723336e-12,4,-2.4045805953470945e-06,0.17185796748252177,7.556895772052365e-06,0.0,0.0,nan,0,-0.07999644429345401,4.5422400312752925e-15,-1.7439971959746768e-11,2.8844644422905463e-15,2
4.665,4.0,1.6510972618220178e-05,8.44587732998802e-07,19.619999999998956,6.758056317212895e-11,6.888946296853471e-12,4,-2.1860452086193416e-06,-0.006807449607802901,-2.50516904169052e-07,9.809999989733903,2.9058065776064672e-11,5.924172437609324e-12,4,-2.4045806826036853e-06,0.17185800526699307,7.556892902465902e-06,0.0,0.0,nan,0,-0.07999644429336675,-7.58450402210037e-15,-1.7454981286861278e-11,4.105709769378218e-15,2
4.67,4.0,1.6515195557392464e-05,8.445879262273471e-07,19.619999999995446,6.755648225309072e-11,6.886491565046523e-12,4,-2.18604520862975e-06,-0.006807450860387551,-2.5051695349709437e-07,9.809999989731091,2.899369079997407e-11,5.911048079576774e-12,4,-2.404580769797826e-06,0.17185804305145005,7.5568900332853995e-06,0.0,0.0,nan,0,-0.07999644429327954,-5.381405294094253e-16,-1.743053550812667e-11,4.5156041100698255e-15,2
4.675,4.0,1.6519418497531235e-05,8.445881196371866e-07,19.620000000001276,6.758451854971429e-11,6.889349495383271e-12,4,-2.18604520862975e-06,-0.0068074521129724485,-2.505170027629733e-07,9.809999989736935,2.9030890651007956e-11,5.9186321470702566e-12,4,-2.4045808570058447e-06,0.17185808083589268,7.5568871636891305e-06,0.0,0.0,nan,0,-0.0799964442931923,-5.305438197149847e-15,-1.7447077831193577e-11,6.455829867904748e-15,2
4.68,4.0,1.6523641438636958e-05,8.445883129882939e-07,19.62000000000308,6.756398803442118e-11,6.88725668036805e-12,4,-2.186045208636689e-06,-0.006807453365557591,-2.505170520254346e-07,9.809999989737612,2.9004638980331108e-11,5.913280124500162e-12,4,-2.4045809441999855e-06,0.17185811862032097,7.556884294113981e-06,0.0,0.0,nan,0,-0.0799964442931051,-6.6647952685008896e-15,-1.744392390962523e-11,2.821016725691774e-16,2
4.6850000000000005,4.0,1.6527864380709376e-05,8.445885063083249e-07,19.619999999997418,6.77149259180422e-11,6.90264280510205e-12,4,-2.186045208636689e-06,-0.006807454618142981,-2.5051710123560567e-07,9.809999989732441,2.916839814604838e-11,5.94666629491891e-12,4,-2.404581031352493e-06,0.1718581564047349,7.556881424568249e-06,0.0,0.0,nan,0,-0.07999644429301794,4.197626804431643e-15,-1.74284629437843e-11,5.990868465191732e-15,2
4.69,4.0,1.653208732374826e-05,8.445886995986313e-07,19.620000000001543,6.752686886658014e-11,6.8834728712104824e-12,4,-2.186045208636689e-06,-0.0068074558707286155,-2.505171505508513e-07,9.809999989735514,2.8973533901210985e-11,5.906938620087019e-12,4,-2.4045811185050003e-06,0.1718581941891345,7.556878555001212e-06,0.0,0.0,nan,0,-0.07999644429293079,6.534424226662671e-15,-1.7434301384626202e-11,1.5939411984662621e-15,2
4.695,4.0,1.6536310267753647e-05,8.445888928888568e-07,19.619999999998946,6.762220951956178e-11,6.893191592208503e-12,4,-2.1860452086124027e-06,-0.0068074571233144995,-2.505171998794688e-07,9.809999989733175,2.912931733915991e-11,5.93869875018261e-12,4,-2.4045812056783245e-06,0.17185823197351974,7.5568756855757505e-06,0.0,0.0,nan,0,-0.07999644429284364,7.0842066684570494e-15,-1.7438599724088345e-11,4.448990728592316e-15,2
4.7,4.0,1.6540533212725737e-05,8.445890862483514e-07,19.620000000003987,6.764192300365773e-11,6.8952011216762475e-12,4,-2.1860452086124027e-06,-0.006807458375900627,-2.5051724916358363e-07,9.809999989736943,2.9116937087724334e-11,5.9361747437688045e-12,4,-2.4045812929140986e-06,0.17185826975789065,7.556872815958799e-06,0.0,0.0,nan,0,-0.0799964442927564,2.8644709964617545e-15,-1.743964910689122e-11,-1.4289170125733252e-16,2
4.705,4.0,1.654475615866442e-05,8.445892795743394e-07,19.61999999999732,6.753642555389179e-11,6.884447049327321e-12,4,-2.1860452086124027e-06,-0.006807459628487002,-2.505172984211782e-07,9.809999989733925,2.897608647220025e-11,5.907459021921195e-12,4,-2.4045813801637506e-06,0.1718583075422472,7.556869946368154e-06,0.0,0.0,nan,0,-0.07999644429266914,-3.753346408723879e-15,-1.7452225713314174e-11,3.736671635992814e-15,2
4.71,4.0,1.6548979105569737e-05,8.445894728869147e-07,19.62000000000395,6.759124611990216e-11,6.890035282353573e-12,4,-2.1860452086401583e-06,-0.0068074608810736225,-2.5051734774269586e-07,9.809999989738264,2.9091788474073056e-11,5.9310476054035635e-12,4,-2.4045814674272803e-06,0.17185834532658942,7.556867076801553e-06,0.0,0.0,nan,0,-0.07999644429258185,-6.880178535278168e-15,-1.7447837223742433e-11,2.9409208123512823e-16,2
4.715,4.0,1.6553202053441404e-05,8.445896661367638e-07,19.61999999999864,6.745777415989088e-11,6.876429577971005e-12,4,-2.1860452086436277e-06,-0.006807462133660491,-2.505173970314774e-07,9.809999989734473,2.8938738695000037e-11,5.8998447961840046e-12,4,-2.4045815545867266e-06,0.17185838311091725,7.556864207268937e-06,0.0,0.0,nan,0,-0.07999644429249467,-3.0990651760651646e-17,-1.744161642209085e-11,3.8174958721855235e-15,2
4.72,4.0,1.6557425002279583e-05,8.445898594558942e-07,19.62000000000075,6.757139929943398e-11,6.888012161002182e-12,4,-2.1860452086436277e-06,-0.006807463386247606,-2.5051744634889006e-07,9.809999989736303,2.9060584688912868e-11,5.9246859774347516e-12,4,-2.4045816417808674e-06,0.1718584208952308,7.556861337387919e-06,0.0,0.0,nan,0,-0.07999644429240749,-3.882132279580396e-15,-1.7444803650349942e-11,5.4211020089541e-15,2
4.7250000000000005,4.0,1.6561647952084497e-05,8.445900528264607e-07,19.62000000000209,6.757528778334027e-11,6.888408540604799e-12,4,-2.1860452086436277e-06,-0.006807464638834968,-2.505174956272761e-07,9.809999989737204,2.9075373029802137e-11,5.927700929708365e-12,4,-2.404581728988886e-06,0.17185845867952992,7.556858467735961e-06,0.0,0.0,nan,0,-0.07999644429232025,-4.743665346689517e-15,-1.744918547858353e-11,3.3072373700678027e-15,2
4.73,4.0,1.656587090285618e-05,8.4459024616144e-07,19.620000000000765,6.760173046134638e-11,6.891104022563073e-12,4,-2.1860452086436277e-06,-0.006807465891422574,-2.505175448603103e-07,9.809999989735154,2.9056405957459436e-11,5.923834044416526e-12,4,-2.404581816169149e-06,0.17185849646381474,7.556855597998964e-06,0.0,0.0,nan,0,-0.07999644429223307,-3.476234741777439e-15,-1.74431520825785e-11,6.592165255328716e-15,2
4.735,4.0,1.65700938545945e-05,8.445904394978479e-07,19.620000000000708,6.755551412886011e-11,6.886392877559396e-12,4,-2.1860452086436277e-06,-0.006807467144010428,-2.505175941389196e-07,9.809999989734855,2.904857804769385e-11,5.922238140283418e-12,4,-2.4045819033216564e-06,0.17185853424808517,7.556852728208638e-06,0.0,0.0,nan,0,-0.07999644429214592,5.654211570679812e-16,-1.7443552651045786e-11,3.0909659248708234e-15,2
4.74,4.0,1.6574316807299423e-05,8.445906328106034e-07,19.620000000001458,6.754791211478346e-11,6.885617952576803e-12,4,-2.1860452086436277e-06,-0.006807468396598528,-2.5051764341552643e-07,9.80999998973498,2.903474785851288e-11,5.919418529845944e-12,4,-2.404581990474164e-06,0.17185857203234128,7.556849858451068e-06,0.0,0.0,nan,0,-0.07999644429205877,6.569951363450678e-15,-1.7442775939017757e-11,6.7298329103822364e-15,2
4.745,4.0,1.65785397609709e-05,8.445908261366427e-07,19.620000000007227,6.758997653751904e-11,6.8899058651879865e-12,4,-2.186045208622811e-06,-0.006807469649186875,-2.5051769270344984e-07,9.809999989740618,2.9038383301125713e-11,5.920159700610459e-12,4,-2.404582077723816e-06,0.17185860981658305,7.556846988630462e-06,0.0,0.0,nan,0,-0.07999644429197153,6.715584782221466e-16,-1.744686466837285e-11,2.4146180582691774e-15,2
4.75,4.0,1.6582762715609046e-05,8.445910194480704e-07,19.61999999999916,6.754817581147362e-11,6.8856448329741605e-12,4,-2.186045208622811e-06,-0.006807470901775468,-2.5051774197114896e-07,9.80999998973539,2.9023673442740104e-11,5.917160748849904e-12,4,-2.4045821649873456e-06,0.17185864760081046,7.556844118923703e-06,0.0,0.0,nan,0,-0.07999644429188424,-6.069715727301804e-15,-1.7447400239959923e-11,6.399430538253789e-15,2
4.755,4.0,1.658698567121371e-05,8.445912127774892e-07,19.62000000001566,6.755991600937643e-11,6.886841591164373e-12,4,-2.1860452086505666e-06,-0.006807472154364307,-2.5051779131031796e-07,9.809999989745155,2.9010022871269047e-11,5.914377757715507e-12,4,-2.4045822522369975e-06,0.17185868538502355,7.556841249213357e-06,0.0,0.0,nan,0,-0.07999644429179698,-1.2646704767241263e-15,-1.7435983150463886e-11,1.5246632817296519e-15,2
4.76,4.0,1.6591208627784872e-05,8.445914060642779e-07,19.61999999999576,6.757752606714075e-11,6.888636704093308e-12,4,-2.1860452086505666e-06,-0.0068074734069533925,-2.505178405257146e-07,9.809999989730915,2.9039990186768475e-11,5.920487302174815e-12,4,-2.404582339389505e-06,0.17185872316922224,7.556838379233355e-06,0.0,0.0,nan,0,-0.07999644429170982,-7.859423085057585e-16,-1.744170435175438e-11,6.367456115144584e-15,2
4.765,4.0,1.6595431585322737e-05,8.44591599408867e-07,19.619999999998807,6.75562785910582e-11,6.886470804389634e-12,4,-2.1860452086505666e-06,-0.006807474659542725,-2.505178898501535e-07,9.809999989733699,2.9037168506216506e-11,5.919912036004955e-12,4,-2.4045824266114013e-06,0.17185876095340658,7.556835509498438e-06,0.0,0.0,nan,0,-0.07999644429162259,-2.8074363917432433e-15,-1.7441344639494405e-11,1.3328167430744249e-15,2
4.7700000000000005,4.0,1.6599654543827296e-05,8.445917927561413e-07,19.619999999999642,6.770110659364809e-11,6.90123410740564e-12,4,-2.1860452086505666e-06,-0.006807475912132304,-2.505179390742199e-07,9.809999989734143,2.9144142824995585e-11,5.941721275330074e-12,4,-2.4045825137639087e-06,0.1718587987375766,7.556832639388683e-06,0.0,0.0,nan,0,-0.07999644429153543,-2.383775285546284e-15,-1.7443128101761167e-11,4.718108789761451e-15,2
4.775,4.0,1.6603877503298557e-05,8.445919860708265e-07,19.620000000006932,6.751861288222562e-11,6.882631282589375e-12,4,-2.1860452086505666e-06,-0.006807477164722128,-2.505179883990424e-07,9.80999998974089,2.899214168388746e-11,5.910732255699671e-12,4,-2.4045826009719273e-06,0.17185883652173226,7.556829769639203e-06,0.0,0.0,nan,0,-0.07999644429144823,2.190315733849328e-16,-1.7444356008426402e-11,5.614337855648654e-16,2
4.78,4.0,1.6608100463736242e-05,8.445921793503132e-07,19.62000000000186,6.75893653651554e-11,6.889843564235372e-12,4,-2.1860452086505666e-06,-0.0068074784173122,-2.505180376776836e-07,9.809999989735292,2.9032232909490526e-11,5.918905798138317e-12,4,-2.4045826881244348e-06,0.17185887430587357,7.556826899703991e-06,0.0,0.0,nan,0,-0.07999644429136107,5.837648256407924e-15,-1.743630555923024e-11,5.068939265543001e-15,2
4.785,4.0,1.6612323425140588e-05,8.44592372733286e-07,19.620000000001337,6.753631412375576e-11,6.884435690494511e-12,4,-2.1860452086262805e-06,-0.006807479669902517,-2.505180868954676e-07,9.809999989736502,2.8984494046848194e-11,5.909173104418468e-12,4,-2.4045827753255145e-06,0.17185891209000054,7.5568240295746806e-06,0.0,0.0,nan,0,-0.0799964442912739,-6.447219397734415e-16,-1.744561944222843e-11,1.7374390536576145e-16,2
4.79,4.0,1.661654638751171e-05,8.44592566045508e-07,19.6199999999967,6.77012021482618e-11,6.901243847938143e-12,4,-2.1860452086262805e-06,-0.006807480922493082,-2.505181361772046e-07,9.80999998973343,2.9163859519413975e-11,5.945740988773732e-12,4,-2.404582862533533e-06,0.17185894987411318,7.556821159644685e-06,0.0,0.0,nan,0,-0.07999644429118666,-2.0054112787540338e-15,-1.7447028981380503e-11,3.5461573649671373e-15,2
4.795,4.0,1.6620769350849473e-05,8.445927593757085e-07,19.620000000001287,6.762852759819144e-11,6.893835636920184e-12,4,-2.1860452086436277e-06,-0.006807482175083891,-2.505181854857635e-07,9.809999989736237,2.913706328675359e-11,5.9402779443911094e-12,4,-2.4045829498040017e-06,0.17185898765821142,7.5568182896495955e-06,0.0,0.0,nan,0,-0.07999644429109938,-6.5595461257664255e-15,-1.744408378174078e-11,2.353777836519719e-15,2
4.8,4.0,1.662499231515372e-05,8.445929526371189e-07,19.619999999998832,6.753228387645388e-11,6.884024859985514e-12,4,-2.1860452086575055e-06,-0.00680748342767495,-2.505182348036273e-07,9.809999989733118,2.9039359186503177e-11,5.920358657878693e-12,4,-2.4045830369981425e-06,0.17185902544229537,7.55681541969552e-06,0.0,0.0,nan,0,-0.07999644429101216,1.7617974884040472e-15,-1.7432748848748573e-11,3.514182941857934e-15,2
4.805,4.0,1.66292152804243e-05,8.445931459517865e-07,19.61999999999905,6.758022691416632e-11,6.888912019793027e-12,4,-2.1860452086575055e-06,-0.006807484680266252,-2.505182841050143e-07,9.80999998973473,2.9039198637501044e-11,5.920325926174907e-12,4,-2.404583124220039e-06,0.1718590632263649,7.556812549556022e-06,0.0,0.0,nan,0,-0.07999644429092492,-4.542076687477652e-16,-1.7445102966477393e-11,7.67885155183182e-15,2
4.8100000000000005,4.0,1.6633438246661523e-05,8.445933392542233e-07,19.619999999996832,6.773404141506414e-11,6.9045913776834944e-12,4,-2.1860452086575055e-06,-0.006807485932857803,-2.5051833338123067e-07,9.809999989731589,2.921895068109614e-11,5.956972622157077e-12,4,-2.404583211400302e-06,0.17185910101042012,7.55680967972622e-06,0.0,0.0,nan,0,-0.07999644429083774,-1.3552646755335423e-15,-1.744595961456319e-11,7.768170523421481e-16,2
4.815,4.0,1.66376612138653e-05,8.445935325807912e-07,19.620000000001653,6.759075653659071e-11,6.889985375798676e-12,4,-2.1860452086575055e-06,-0.0068074871854495985,-2.50518382693134e-07,9.809999989735346,2.905292494296366e-11,5.923124357464439e-12,4,-2.4045832985944426e-06,0.17185913879446102,7.556806809557143e-06,0.0,0.0,nan,0,-0.07999644429075053,7.501622683656043e-16,-1.7439208570395046e-11,6.288852325001126e-15,2
4.82,4.0,1.6641884182035854e-05,8.44593725958932e-07,19.620000000002726,6.768308043317153e-11,6.899396578303989e-12,4,-2.1860452086575055e-06,-0.0068074884380416424,-2.5051843194584667e-07,9.809999989736205,2.916834510884074e-11,5.946655482030247e-12,4,-2.40458338574695e-06,0.1718591765784875,7.556803939392098e-06,0.0,0.0,nan,0,-0.07999644429066338,5.18750165318743e-15,-1.74341481738488e-11,2.1894648288751954e-15,2
4.825,4.0,1.6646107151173178e-05,8.445939192925008e-07,19.61999999998781,6.759813989756695e-11,6.890738011988679e-12,4,-2.186045208636689e-06,-0.00680748969063393,-2.5051848111244806e-07,9.809999989725938,2.9053795539938748e-11,5.923301849208346e-12,4,-2.404583472941091e-06,0.17185921436249968,7.556801069207053e-06,0.0,0.0,nan,0,-0.0799964442905762,2.9674718510868946e-16,-1.7446653725998166e-11,4.76784678126466e-15,2
4.83,4.0,1.6650330121277318e-05,8.44594112640291e-07,19.6199999999956,6.759872001528334e-11,6.890797147329103e-12,4,-2.186045208636689e-06,-0.006807490943226466,-2.5051853044306436e-07,9.809999989731013,2.9076931698704293e-11,5.928018701150187e-12,4,-2.4045835601352317e-06,0.17185925214649747,7.5567981988815926e-06,0.0,0.0,nan,0,-0.07999644429048902,4.0453042054530686e-15,-1.743466020870775e-11,-6.9356232147141e-16,2
4.835,4.0,1.6654553092347936e-05,8.445943059341748e-07,19.619999999997084,6.757531696558295e-11,6.888411515350967e-12,4,-2.186045208636689e-06,-0.006807492195819246,-2.5051857976149895e-07,9.809999989733411,2.9056331083617616e-11,5.923818779618007e-12,4,-2.404583647371006e-06,0.17185928993048097,7.5567953289313655e-06,0.0,0.0,nan,0,-0.07999644429040179,-4.094406921888729e-15,-1.7448283089309113e-11,5.455296878112559e-15,2
4.84,4.0,1.6658776064385005e-05,8.445944992257393e-07,19.620000000001728,6.758878676212065e-11,6.8897845832940576e-12,4,-2.186045208660975e-06,-0.006807493448412276,-2.505186290554781e-07,9.809999989735626,2.907464242626452e-11,5.927551978936967e-12,4,-2.404583734613719e-06,0.17185932771445006,7.556792458663458e-06,0.0,0.0,nan,0,-0.0799964442903145,-6.849536379798517e-15,-1.7444987059193613e-11,1.2346730276975632e-15,2
4.845,4.0,1.666299903738847e-05,8.445946924983023e-07,19.619999999996875,6.761450487341783e-11,6.892406205242467e-12,4,-2.186045208667914e-06,-0.0068074947010055495,-2.50518678349665e-07,9.809999989731617,2.909472578627526e-11,5.931646445816405e-12,4,-2.404583821793982e-06,0.17185936549840483,7.5567895885717465e-06,0.0,0.0,nan,0,-0.07999644429022731,2.392404166391136e-15,-1.743219196087942e-11,3.694927250266909e-15,2
4.8500000000000005,4.0,1.666722201135868e-05,8.445948859264237e-07,19.62000000000227,6.755510376341687e-11,6.8863510462190675e-12,4,-2.186045208667914e-06,-0.0068074959535990714,-2.5051872760656245e-07,9.809999989737001,2.9028862219298862e-11,5.9182186033982056e-12,4,-2.4045839089950616e-06,0.17185940328234522,7.556786718098898e-06,0.0,0.0,nan,0,-0.0799964442901401,1.306606048307734e-15,-1.744450699875777e-11,3.663396916367554e-15,2
4.855,4.0,1.6671444986295767e-05,8.44595079245512e-07,19.620000000002705,6.761137062560361e-11,6.892086710050387e-12,4,-2.186045208667914e-06,-0.006807497206192838,-2.505187768500465e-07,9.809999989736577,2.9070562749822844e-11,5.9267202406191775e-12,4,-2.404583996210019e-06,0.17185944106627127,7.556783847854668e-06,0.0,0.0,nan,0,-0.07999644429005287,2.438589444215544e-15,-1.7444562509909e-11,3.3409881500164073e-15,2
4.86,4.0,1.667566796219942e-05,8.445952725337775e-07,19.619999999999145,6.749636546163717e-11,6.8803634517472086e-12,4,-2.186045208667914e-06,-0.006807498458786853,-2.505188261477964e-07,9.809999989732903,2.8961609199957605e-11,5.904507488332045e-12,4,-2.4045840833625265e-06,0.171859478850183,7.556780977615814e-06,0.0,0.0,nan,0,-0.07999644428996572,5.421536666778414e-15,-1.7443416759747593e-11,5.187066995363117e-15,2
4.865,4.0,1.667989093906945e-05,8.445954658088431e-07,19.620000000001347,6.754635647583246e-11,6.8854593757214906e-12,4,-2.1860452086436277e-06,-0.006807499711381113,-2.5051887548743246e-07,9.809999989735958,2.8993111216076253e-11,5.910929917718913e-12,4,-2.4045841705497284e-06,0.17185951663408033,7.5567781074264935e-06,0.0,0.0,nan,0,-0.07999644428987855,6.887031059283621e-15,-1.7436288239751078e-11,3.5408282944489344e-15,2
4.87,4.0,1.66841139169061e-05,8.445956591607847e-07,19.620000000005998,6.746489493054133e-11,6.8771554465362595e-12,4,-2.1860452086436277e-06,-0.00680750096397562,-2.5051892481156017e-07,9.8099999897385,2.8963847689339106e-11,5.904963857214271e-12,4,-2.404584257757747e-06,0.17185955441796333,7.556775237103048e-06,0.0,0.0,nan,0,-0.07999644428979136,3.736662204607277e-15,-1.7431446335096084e-11,6.34214303018313e-15,2
4.875,4.0,1.668833689570934e-05,8.445958525125722e-07,19.61999999999601,6.771976513479831e-11,6.9031360993692225e-12,4,-2.1860452086644444e-06,-0.006807502216570373,-2.505189739734905e-07,9.809999989730152,2.9156470188045124e-11,5.944234499198434e-12,4,-2.4045843449796434e-06,0.17185959220183197,7.55677236660179e-06,0.0,0.0,nan,0,-0.07999644428970411,-7.496574358550056e-15,-1.7457568106508673e-11,4.1110388398964155e-15,2
4.88,4.0,1.6692559875479442e-05,8.445960457955221e-07,19.619999999997592,6.758343059053629e-11,6.889238592308316e-12,4,-2.1860452086713833e-06,-0.006807503469165373,-2.505190233175216e-07,9.809999989732962,2.904313363816581e-11,5.921128168921924e-12,4,-2.404584432187662e-06,0.1718596299856863,7.55676949639544e-06,0.0,0.0,nan,0,-0.07999644428961689,-4.133514614415579e-16,-1.744088411898381e-11,6.6148138050310685e-15,2
4.885,4.0,1.669678285621588e-05,8.44596239114572e-07,19.619999999999244,6.756763050116108e-11,6.887627981769998e-12,4,-2.1860452086713833e-06,-0.006807504721760619,-2.5051907261913144e-07,9.80999998973433,2.9026961977556266e-11,5.917831194277577e-12,4,-2.404584519423436e-06,0.17185966776952621,7.5567666259156136e-06,0.0,0.0,nan,0,-0.07999644428952965,-5.282345558237645e-15,-1.7444654880464642e-11,1.5872798603185076e-15,2
4.89,4.0,1.670100583791905e-05,8.445964324499525e-07,19.619999999998264,6.761627846274517e-11,6.892586999261076e-12,4,-2.1860452086713833e-06,-0.006807505974356112,-2.5051912188576447e-07,9.809999989732656,2.9070883594141476e-11,5.92678565230737e-12,4,-2.404584606603699e-06,0.1718597055533518,7.556763755584093e-06,0.0,0.0,nan,0,-0.07999644428944244,2.5744807424296634e-15,-1.7430555048051903e-11,3.572358628348286e-15,2
4.8950000000000005,4.0,1.6705228820588762e-05,8.445966258029489e-07,19.619999999997315,6.760131351805593e-11,6.891061520699815e-12,4,-2.1860452086713833e-06,-0.00680750722695185,-2.5051917112516146e-07,9.80999998973162,2.904225889506079e-11,5.920949831898078e-12,4,-2.4045846937562065e-06,0.17185974333716306,7.556760884941267e-06,0.0,0.0,nan,0,-0.07999644428935529,2.4297076600185436e-15,-1.7444350679355896e-11,1.6774299699180688e-15,2
4.9,4.0,1.670945180422525e-05,8.445968191013458e-07,19.620000000002364,6.757940576584838e-11,6.888828314560677e-12,4,-2.1860452086713833e-06,-0.006807508479547836,-2.5051922045666704e-07,9.809999989735893,2.9055236763876313e-11,5.923595676712849e-12,4,-2.404584780964225e-06,0.17185978112095995,7.55675801462456e-06,0.0,0.0,nan,0,-0.07999644428926808,4.935258981992596e-15,-1.7444208570808734e-11,3.376071197594557e-15,2
4.905,4.0,1.6713674788828175e-05,8.445970124200216e-07,19.62000000000436,6.756611802852121e-11,6.8874738051484405e-12,4,-2.186045208654036e-06,-0.006807509732144067,-2.505192697841866e-07,9.809999989738477,2.907324093757682e-11,5.927266252393111e-12,4,-2.404584868158366e-06,0.17185981890474247,7.556755144081533e-06,0.0,0.0,nan,0,-0.0799964442891809,7.234752910596222e-15,-1.7438192938372105e-11,4.532479500044119e-15,2
4.91,4.0,1.67178977743978e-05,8.44597205771136e-07,19.620000000015516,6.755495957536012e-11,6.886336348145433e-12,4,-2.186045208647097e-06,-0.006807510984740545,-2.505193190786706e-07,9.809999989748725,2.9016860617239892e-11,5.91577179359062e-12,4,-2.4045849554149568e-06,0.17185985668851064,7.556752273763245e-06,0.0,0.0,nan,0,-0.07999644428909364,6.475776608902422e-16,-1.744001459231091e-11,3.7673137914724595e-15,2
4.915,4.0,1.6722120760933995e-05,8.445973991011202e-07,19.619999999997642,6.767401234835873e-11,6.898472206765225e-12,4,-2.186045208647097e-06,-0.00680751223733727,-2.5051936825091607e-07,9.809999989734482,2.9121780602477334e-11,5.937162208552774e-12,4,-2.404585042636853e-06,0.1718598944722645,7.55674940293928e-06,0.0,0.0,nan,0,-0.0799964442890064,-5.2792369337686946e-15,-1.7447159987697395e-11,7.51631490102669e-15,2
4.92,4.0,1.6726343748437032e-05,8.445975924549836e-07,19.620000000021143,6.747043985388131e-11,6.8777206782679506e-12,4,-2.186045208678322e-06,-0.006807513489934239,-2.505194175952826e-07,9.80999998974823,2.892429668713823e-11,5.896900452062195e-12,4,-2.404585129837933e-06,0.17185993225600396,7.5567465324998145e-06,0.0,0.0,nan,0,-0.07999644428891917,-2.3571299329552817e-15,-1.7436044434774852e-11,7.408458263442834e-16,2
4.925,4.0,1.6730566736906615e-05,8.445977857408518e-07,19.619999999985478,6.757985827297801e-11,6.8888744416950086e-12,4,-2.186045208678322e-06,-0.006807514742531457,-2.5051946677925566e-07,9.809999989721284,2.9073913163293214e-11,5.92740330147936e-12,4,-2.4045852169904403e-06,0.1718599700397291,7.556743661883347e-06,0.0,0.0,nan,0,-0.07999644428883201,-1.5897437783343734e-15,-1.7441974357993984e-11,5.760830254489391e-15,2
4.93,4.0,1.6734789726342805e-05,8.445979790353686e-07,19.61999999999886,6.756497684873588e-11,6.88735747693576e-12,4,-2.186045208678322e-06,-0.0068075159951289195,-2.505195161442881e-07,9.809999989733889,2.904792323832439e-11,5.922104641941464e-12,4,-2.404585304240092e-06,0.17186000782343985,7.5567407913138344e-06,0.0,0.0,nan,0,-0.07999644428874478,-5.6731440629057e-15,-1.7443963877654117e-11,1.6268037999951566e-15,2
4.9350000000000005,4.0,1.6739012716745378e-05,8.445981723556092e-07,19.620000000002232,6.755931662501533e-11,6.8867804918458354e-12,4,-2.186045208678322e-06,-0.006807517247726631,-2.505195654185532e-07,9.809999989736127,2.903143450358763e-11,5.918743024253261e-12,4,-2.4045853914481108e-06,0.1718600456071363,7.556737920794811e-06,0.0,0.0,nan,0,-0.07999644428865754,-6.669236160599392e-15,-1.744386218122506e-11,5.886507500876955e-15,2
4.94,4.0,1.6743235708114667e-05,8.445983657016688e-07,19.619999999998335,6.759848741662331e-11,6.890773436965244e-12,4,-2.186045208678322e-06,-0.006807518500324587,-2.505196146844336e-07,9.809999989732091,2.9067158587324498e-11,5.92602622176319e-12,4,-2.4045854786422516e-06,0.17186008339081837,7.556735050107474e-06,0.0,0.0,nan,0,-0.07999644428857036,-4.919524673790145e-15,-1.7445119841867355e-11,6.49363449115166e-16,2
4.945,4.0,1.6747458700450664e-05,8.445985590239793e-07,19.62000000000186,6.762669756805006e-11,6.893649089504959e-12,4,-2.186045208678322e-06,-0.006807519752922791,-2.5051966397217163e-07,9.809999989735806,2.9082585398109405e-11,5.929171341190314e-12,4,-2.4045855658225146e-06,0.17186012117448607,7.556732179442648e-06,0.0,0.0,nan,0,-0.07999644428848318,-1.4995936687348128e-15,-1.7444209458987167e-11,6.19248496646365e-15,2
4.95,4.0,1.6751681693753288e-05,8.445987523623415e-07,19.620000000001276,6.749809008194728e-11,6.880539254020682e-12,4,-2.186045208678322e-06,-0.006807521005521239,-2.5051971325768067e-07,9.809999989734425,2.8967442534143177e-11,5.905696751163275e-12,4,-2.4045856529889e-06,0.17186015895813944,7.556729308750881e-06,0.0,0.0,nan,0,-0.07999644428839602,5.0445049276157095e-15,-1.7442342063859737e-11,2.334682000496157e-15,2
4.955,4.0,1.67559046880225e-05,8.445989456837661e-07,19.62000000000522,6.753898148916383e-11,6.8847075931851036e-12,4,-2.1860452086575055e-06,-0.006807522258119935,-2.50519762543224e-07,9.809999989738769,2.899204367215756e-11,5.910712273696871e-12,4,-2.404585740224674e-06,0.17186019674177846,7.5567264380143585e-06,0.0,0.0,nan,0,-0.07999644428830878,-4.320032082552648e-16,-1.7444380877422162e-11,3.429361902776561e-15,2
4.96,4.0,1.676012768325842e-05,8.44599139009852e-07,19.620000000003444,6.7510577332674e-11,6.8818121643896175e-12,4,-2.186045208667914e-06,-0.006807523510718877,-2.5051981186338317e-07,9.809999989738154,2.900577125331347e-11,5.913510965067327e-12,4,-2.404585827474326e-06,0.1718602345254031,7.556723567261828e-06,0.0,0.0,nan,0,-0.07999644428822152,-7.48724848514321e-15,-1.7445654969365218e-11,4.423677643630851e-15,2
4.965,4.0,1.6764350679460782e-05,8.445993322725054e-07,19.620000000002793,6.757209615005431e-11,6.88808319572321e-12,4,-2.1860452086887305e-06,-0.0068075247633180664,-2.5051986117344526e-07,9.809999989736113,2.9066023392543175e-11,5.9257947855156004e-12,4,-2.4045859146962223e-06,0.1718602723090134,7.5567206968157585e-06,0.0,0.0,nan,0,-0.07999644428813427,1.1023250117766998e-15,-1.7428317726612675e-11,3.3725184839157526e-15,2
4.97,4.0,1.6768573676629576e-05,8.445995256025853e-07,19.619999999996985,6.76454789762364e-11,6.895563606141365e-12,4,-2.1860452086887305e-06,-0.006807526015917501,-2.505199103975171e-07,9.809999989731846,2.9099163684338282e-11,5.932551216064517e-12,4,-2.4045860018487297e-06,0.17186031009260938,7.556717825839468e-06,0.0,0.0,nan,0,-0.07999644428804711,-1.675008906625592e-15,-1.74375565585344e-11,7.5926982451209e-15,2
4.9750000000000005,4.0,1.677279667476525e-05,8.445997189790108e-07,19.6199999999991,6.765603801872228e-11,6.896639961134086e-12,4,-2.1860452086887305e-06,-0.006807527268517185,-2.5051995969350966e-07,9.809999989733553,2.9125147548860054e-11,5.9378486400286154e-12,4,-2.404586089022054e-06,0.17186034787619095,7.5567149550641654e-06,0.0,0.0,nan,0,-0.07999644428795993,-3.564164405327758e-15,-1.744411353571783e-11,1.6512287065369127e-15,2
4.98,4.0,1.6777019673867575e-05,8.445999122771969e-07,19.620000000001305,6.752266958054807e-11,6.8830448094335955e-12,4,-2.1860452086887305e-06,-0.0068075285211171115,-2.505200089999512e-07,9.809999989735505,2.900649205415123e-11,5.913657917329579e-12,4,-2.404586176264767e-06,0.1718603856597582,7.556712084269415e-06,0.0,0.0,nan,0,-0.07999644428787268,-3.708493398529028e-15,-1.7441922399556426e-11,5.6791178398769806e-15,2
4.985,4.0,1.6781242673936455e-05,8.446001056304853e-07,19.62000000000191,6.767316733636529e-11,6.8983860689458415e-12,4,-2.1860452086887305e-06,-0.006807529773717286,-2.5052005821509565e-07,9.809999989735473,2.913901142895073e-11,5.940675119151852e-12,4,-2.4045862634242132e-06,0.17186042344331107,7.556709213291631e-06,0.0,0.0,nan,0,-0.07999644428778552,-5.749999338269869e-16,-1.7443555759670254e-11,1.6743213454491154e-15,2
4.99,4.0,1.6785465674972104e-05,8.446002989496876e-07,19.620000000001717,6.758772770353811e-11,6.889676626252008e-12,4,-2.1860452086887305e-06,-0.006807531026317705,-2.505201074937995e-07,9.8099999897346,2.9040496491921447e-11,5.9205905244261085e-12,4,-2.4045863505836595e-06,0.1718604612268496,7.556706342460117e-06,0.0,0.0,nan,0,-0.07999644428769835,5.006757344778451e-15,-1.7442995763176644e-11,4.221617053149074e-15,2
4.995,4.0,1.6789688676974203e-05,8.446004922467337e-07,19.619999999998793,6.760308664126693e-11,6.891242267203984e-12,4,-2.1860452086713833e-06,-0.0068075322789183735,-2.505201567474348e-07,9.809999989734642,2.90545291941335e-11,5.923451421923888e-12,4,-2.404586437791678e-06,0.17186049901037376,7.556703471565072e-06,0.0,0.0,nan,0,-0.07999644428761116,7.070577729500658e-17,-1.745539073711277e-11,-1.1247729442358295e-15,2
5.0,4.0,1.6793911679942985e-05,8.446006855596469e-07,19.619999999996036,6.763084698465281e-11,6.894072067753973e-12,4,-2.1860452086713833e-06,-0.006807533531519286,-2.5052020608059836e-07,9.809999989732379,2.9103476693053956e-11,5.933430524671777e-12,4,-2.4045865250690857e-06,0.17186053679388358,7.556700600797196e-06,0.0,0.0,nan,0,-0.0799964442875239,-1.065718510711304e-15,-1.74472674572862e-11,4.077732149157655e-15,2
5.005,4.0,1.679813468387823e-05,8.446008788701307e-07,19.619999999997944,6.757250676857558e-11,6.8881250528626564e-12,4,-2.186045208685261e-06,-0.006807534784120446,-2.505202553615127e-07,9.809999989732878,2.9013720409755287e-11,5.915131588199995e-12,4,-2.40458661230486e-06,0.17186057457737905,7.556697729747683e-06,0.0,0.0,nan,0,-0.07999644428743663,-6.728300025509453e-15,-1.7448618376662565e-11,2.620231362429749e-15,2
5.01,4.0,1.680235768878011e-05,8.446010721856435e-07,19.619999999995983,6.75828268448614e-11,6.889177048407261e-12,4,-2.1860452086922e-06,-0.006807536036721852,-2.505203046639086e-07,9.809999989730773,2.9072867871836003e-11,5.9271901941426776e-12,4,-2.404586699485123e-06,0.17186061236086014,7.556694858927785e-06,0.0,0.0,nan,0,-0.07999644428734942,9.220247925775765e-16,-1.743473481569502e-11,2.9723941058408482e-15,2
5.015,4.0,1.6806580694648686e-05,8.446012655739837e-07,19.61999999999902,6.757182992669696e-11,6.888056057767618e-12,4,-2.1860452086922e-06,-0.006807537289323505,-2.5052035393356594e-07,9.809999989733678,2.9049248731826338e-11,5.922374875071731e-12,4,-2.4045867866792636e-06,0.17186065014432692,7.556691987777389e-06,0.0,0.0,nan,0,-0.07999644428726224,-2.4397305259873977e-15,-1.7443846194013507e-11,6.4584944031638384e-15,2
5.0200000000000005,4.0,1.681080370148414e-05,8.446014589115557e-07,19.619999999999006,6.759719305657415e-11,6.890641494044604e-12,4,-2.1860452086922e-06,-0.006807538541925404,-2.5052040320360785e-07,9.809999989733818,2.9091662945304744e-11,5.93102201340453e-12,4,-2.4045868738595266e-06,0.17186068792777928,7.556689116833132e-06,0.0,0.0,nan,0,-0.07999644428717506,-3.0579027060986854e-15,-1.7443350146366102e-11,3.78863007354526e-15,2
5.025,4.0,1.681502670928605e-05,8.446016521990427e-07,19.620000000001887,6.750938863778978e-11,6.881690992638459e-12,4,-2.1860452086922e-06,-0.006807539794527549,-2.505204524791215e-07,9.80999998973545,2.8958278781118967e-11,5.9038285038570925e-12,4,-2.404586961025912e-06,0.17186072571121735,7.556686245779234e-06,0.0,0.0,nan,0,-0.07999644428708788,-8.32571675540021e-16,-1.7441856230264172e-11,7.205008364921793e-15,2
5.03,4.0,1.681924971805456e-05,8.446018455339565e-07,19.62000000000228,6.755050272068315e-11,6.885882030649878e-12,4,-2.1860452086922e-06,-0.00680754104712994,-2.505205017648517e-07,9.809999989735543,2.900803848862094e-11,5.913973194489868e-12,4,-2.4045870482339304e-06,0.17186076349464102,7.5566833747691746e-06,0.0,0.0,nan,0,-0.07999644428700067,3.1611225886415925e-15,-1.7440515524939635e-11,1.981631078665356e-15,2
5.035,4.0,1.682347272778963e-05,8.446020388223867e-07,19.619999999969735,6.767343461559469e-11,6.898413314546287e-12,4,-2.1860452086713833e-06,-0.006807542299732579,-2.505205510230717e-07,9.809999989714981,2.917400576749558e-11,5.947809540893425e-12,4,-2.4045871354003157e-06,0.17186080127805037,7.556680503768536e-06,0.0,0.0,nan,0,-0.07999644428691352,4.2868887356115005e-15,-1.7442364268320244e-11,6.367900204354423e-15,2
5.04,4.0,1.682769573849134e-05,8.446022321528591e-07,19.61999999999592,6.760537340770944e-11,6.891475372856626e-12,4,-2.1860452086713833e-06,-0.006807543552335463,-2.5052060035258684e-07,9.809999989730937,2.911180303716481e-11,5.935128046409564e-12,4,-2.404587222622212e-06,0.17186083906144536,7.556677632743417e-06,0.0,0.0,nan,0,-0.07999644428682628,2.0717717568793876e-15,-1.7441651949227645e-11,1.4540530973634808e-15,2
5.045,4.0,1.6831918750159632e-05,8.446024254840915e-07,19.6199999999993,6.7607236855237e-11,6.8916653267318456e-12,4,-2.1860452086713833e-06,-0.0068075448049385945,-2.5052064964615985e-07,9.80999998973583,2.9092178587595603e-11,5.931127139252732e-12,4,-2.4045873098996196e-06,0.17186087684482595,7.556674761670053e-06,0.0,0.0,nan,0,-0.07999644428673902,-5.899629559929236e-15,-1.744812676990726e-11,6.6312451057955125e-15,2
5.05,4.0,1.683614176279455e-05,8.446026188155649e-07,19.62000000000049,6.75404040255767e-11,6.884852601995414e-12,4,-2.1860452087026083e-06,-0.006807546057541972,-2.5052069893371045e-07,9.809999989735104,2.9018681723798224e-11,5.916143069146283e-12,4,-2.4045873971631493e-06,0.17186091462819225,7.5566718904305505e-06,0.0,0.0,nan,0,-0.07999644428665173,-6.968108198828485e-15,-1.744684734889368e-11,2.3218034134105054e-15,2
5.055,4.0,1.6840364776395967e-05,8.446028120932607e-07,19.619999999993837,6.766607872953128e-11,6.897663479057343e-12,4,-2.1860452087026083e-06,-0.006807547310145596,-2.5052074817565193e-07,9.809999989728883,2.909768721060682e-11,5.932250202053463e-12,4,-2.4045874843225956e-06,0.17186095241154417,7.556669019374632e-06,0.0,0.0,nan,0,-0.07999644428656455,1.2097946005604195e-15,-1.743447013852595e-11,4.47696834881286e-15,2
5.0600000000000005,4.0,1.6844587790964112e-05,8.446030054872861e-07,19.619999999999834,6.760691027037825e-11,6.891632035716496e-12,4,-2.1860452087026083e-06,-0.006807548562749466,-2.50520797462489e-07,9.809999989734417,2.9065775214423432e-11,5.9257441885502635e-12,4,-2.4045875715028586e-06,0.17186099019488174,7.556666148157349e-06,0.0,0.0,nan,0,-0.07999644428647737,-2.050736220218801e-16,-1.7445883675308304e-11,1.3838870022071735e-15,2
5.065,4.0,1.6848810806499074e-05,8.446031988196562e-07,19.62000000000041,6.768743591751661e-11,6.899840562437838e-12,4,-2.1860452087026083e-06,-0.006807549815353582,-2.505208467351667e-07,9.80999998973419,2.91423980787959e-11,5.9413655676437035e-12,4,-2.4045876586900605e-06,0.17186102797820493,7.5566632768880905e-06,0.0,0.0,nan,0,-0.07999644428639019,3.4470881977249745e-16,-1.7443164961165597e-11,5.009875400632933e-15,2
5.07,4.0,1.685303382300063e-05,8.446033921282586e-07,19.620000000000463,6.75500464605674e-11,6.88583552095472e-12,4,-2.1860452087026083e-06,-0.006807551067957946,-2.5052089603464287e-07,9.809999989734138,2.9025482066026065e-11,5.917529479388448e-12,4,-2.404587745842568e-06,0.17186106576151378,7.556660405776647e-06,0.0,0.0,nan,0,-0.07999644428630304,3.2410586464146048e-15,-1.7442200843491012e-11,7.510598781708323e-16,2
5.075,4.0,1.685725684046876e-05,8.446035854467113e-07,19.620000000001188,6.757718762460454e-11,6.888602204342554e-12,4,-2.186045208685261e-06,-0.0068075523205625545,-2.505209453111473e-07,9.80999998973599,2.9048541330027002e-11,5.922230654519861e-12,4,-2.404587833008953e-06,0.17186110354480827,7.556657534510032e-06,0.0,0.0,nan,0,-0.07999644428621586,6.5730599879196235e-15,-1.743722127118096e-11,2.938643325892243e-15,2
5.08,4.0,1.686147985890346e-05,8.446037787748947e-07,19.620000000005604,6.748998145414374e-11,6.879712686455093e-12,4,-2.186045208685261e-06,-0.006807553573167411,-2.50520994622529e-07,9.80999998973855,2.895340211335336e-11,5.902834280048762e-12,4,-2.404587920258605e-06,0.17186114132808838,7.5566546632354756e-06,0.0,0.0,nan,0,-0.07999644428612862,2.9901482428493185e-15,-1.7440134940486785e-11,4.729211020007695e-15,2
5.085,4.0,1.6865702878304755e-05,8.446039721232957e-07,19.6199999999971,6.755331892176222e-11,6.886169105175556e-12,4,-2.186045208685261e-06,-0.006807554825772513,-2.505210438409027e-07,9.80999998973357,2.9002452272777877e-11,5.912834312564675e-12,4,-2.4045880074666237e-06,0.17186117911135418,7.556651791951609e-06,0.0,0.0,nan,0,-0.07999644428604141,2.807321314940004e-17,-1.744946436660731e-11,4.34995883479574e-15,2
5.09,4.0,1.6869925898672867e-05,8.446041654340639e-07,19.620000000001603,6.755601548035216e-11,6.886443983725447e-12,4,-2.1860452086922e-06,-0.006807556078377863,-2.5052109317104363e-07,9.809999989736147,2.9031703611286657e-11,5.918797888208256e-12,4,-2.4045880947440312e-06,0.17186121689460562,7.556648920617528e-06,0.0,0.0,nan,0,-0.07999644428595412,-7.093341356006205e-15,-1.744511096008315e-11,7.534078469420689e-15,2
5.095,4.0,1.6874148920007376e-05,8.446043587278204e-07,19.61999999999967,6.761617699346446e-11,6.8925766558068905e-12,4,-2.1860452087095472e-06,-0.006807557330983457,-2.5052114244948874e-07,9.809999989734331,2.9087814401085237e-11,5.930237396844886e-12,4,-2.4045881819867443e-06,0.1718612546778427,7.556646049402191e-06,0.0,0.0,nan,0,-0.07999644428586686,-6.8593063424152236e-15,-1.7444658433178306e-11,1.7102925714469687e-15,2
5.1000000000000005,4.0,1.6878371942308343e-05,8.446045519994146e-07,19.619999999998637,6.7549000126416e-11,6.885728861001091e-12,4,-2.1860452087095472e-06,-0.0068075585835893,-2.5052119179989173e-07,9.80999998973304,2.9022963763268737e-11,5.917016063943654e-12,4,-2.4045882691392517e-06,0.17186129246106538,7.556643178141094e-06,0.0,0.0,nan,0,-0.0799964442857797,1.0925550491599977e-15,-1.7434206793624483e-11,6.595273879797658e-15,2
5.105,4.0,1.6882594965576018e-05,8.446047454117148e-07,19.62000000000277,6.755125771838015e-11,6.88595899269833e-12,4,-2.1860452087095472e-06,-0.006807559836195387,-2.5052124104554766e-07,9.809999989737133,2.9017131551486043e-11,5.9158270299373536e-12,4,-2.4045883563403314e-06,0.17186133024427372,7.5566403067169195e-06,0.0,0.0,nan,0,-0.0799964442856925,1.0556956447424424e-15,-1.7444169046869045e-11,3.293026515352593e-15,2
5.11,4.0,1.6886817989810632e-05,8.446049387704152e-07,19.62000000000159,6.757916379528988e-11,6.8888036488567184e-12,4,-2.1860452087095472e-06,-0.006807561088801723,-2.5052129026183717e-07,9.809999989734884,2.9053751895617962e-11,5.923292951278207e-12,4,-2.4045884435136555e-06,0.17186136802746774,7.5566374352750055e-06,0.0,0.0,nan,0,-0.07999644428560532,3.7149018333246166e-15,-1.7445040349898777e-11,4.5591248526351225e-15,2
5.115,4.0,1.689104101501199e-05,8.446051320751757e-07,19.620000000002783,6.752648262181499e-11,6.883433498654986e-12,4,-2.186045208699139e-06,-0.006807562341408302,-2.505213395487329e-07,9.809999989736609,2.8982389787782345e-11,5.9087441015503e-12,4,-2.4045885306869796e-06,0.17186140581064738,7.556634563770014e-06,0.0,0.0,nan,0,-0.07999644428551814,7.033136409324286e-15,-1.742882842920399e-11,4.3309200391819065e-16,2
5.12,4.0,1.689526404117979e-05,8.446053254203473e-07,19.62000000000554,6.755181519454755e-11,6.886015820033484e-12,4,-2.1860452086922e-06,-0.0068075635940151305,-2.505213888304607e-07,9.809999989738179,2.9011426213070625e-11,5.9146638620628415e-12,4,-2.4045886178949982e-06,0.17186144359381267,7.556631692329802e-06,0.0,0.0,nan,0,-0.07999644428543096,1.295059728851627e-15,-1.744010341015287e-11,5.382466247697139e-15,2
5.125,4.0,1.6899487068314116e-05,8.446055186681721e-07,19.619999999995972,6.76226668797304e-11,6.893238214041211e-12,4,-2.1860452086922e-06,-0.006807564846622202,-2.505214381186905e-07,9.809999989732614,2.9079406323394527e-11,5.9285232117899584e-12,4,-2.404588705103017e-06,0.17186148137696358,7.5566288210178614e-06,0.0,0.0,nan,0,-0.07999644428534375,-4.594451372179903e-15,-1.7450543059298027e-11,1.64862121168753e-16,2
5.13,4.0,1.69037100964149e-05,8.446057119641184e-07,19.620000000007256,6.751206282988937e-11,6.881963591219613e-12,4,-2.186045208716486e-06,-0.006807566099229524,-2.505214875520822e-07,9.809999989739056,2.8997883765672647e-11,5.911902914577676e-12,4,-2.404588792331852e-06,0.17186151916010017,7.5566259496837265e-06,0.0,0.0,nan,0,-0.07999644428525646,2.4390056913653033e-16,-1.743268534399154e-11,3.382732535742308e-15,2
5.135,4.0,1.6907933125482156e-05,8.446059053196621e-07,19.619999999998754,6.762940754494156e-11,6.893925335876234e-12,4,-2.186045208716486e-06,-0.0068075673518370895,-2.505215367282972e-07,9.809999989734154,2.9044920821434975e-11,5.921492528405615e-12,4,-2.404588879525993e-06,0.17186155694322236,7.556623077975525e-06,0.0,0.0,nan,0,-0.07999644428516928,-3.290161362850268e-15,-1.744587479352409e-11,2.8689213199457846e-15,2
5.14,4.0,1.6912156155516418e-05,8.446060987045112e-07,19.619999999999532,6.763661162412298e-11,6.894659696648787e-12,4,-2.186045208716486e-06,-0.006807568604444905,-2.5052158597772487e-07,9.809999989734493,2.9071601361659577e-11,5.926931986153121e-12,4,-2.404588966761767e-06,0.17186159472633022,7.5566202064748835e-06,0.0,0.0,nan,0,-0.07999644428508204,-6.801574745134713e-15,-1.7443806225984606e-11,3.689598179748698e-15,2
5.1450000000000005,4.0,1.691637918651756e-05,8.44606292062871e-07,19.620000000003394,6.747698153650811e-11,6.87838751646243e-12,4,-2.1860452087199556e-06,-0.006807569857052962,-2.5052163525859916e-07,9.809999989737893,2.8964377859557964e-11,5.905071944925016e-12,4,-2.4045890539906023e-06,0.1718616325094237,7.556617334819232e-06,0.0,0.0,nan,0,-0.0799964442849948,-6.720750508942001e-15,-1.7444673976300652e-11,7.125516396358632e-15,2
5.15,4.0,1.6920602218485082e-05,8.446064853053001e-07,19.62000000000061,6.758338234453436e-11,6.889233674264247e-12,4,-2.1860452087199556e-06,-0.006807571109661268,-2.505216845532568e-07,9.809999989734576,2.904698476460626e-11,5.921913311926959e-12,4,-2.4045891412124987e-06,0.17186167029250285,7.556614463464713e-06,0.0,0.0,nan,0,-0.07999644428490757,-5.897409113879986e-15,-1.7442719095598894e-11,1.6081520531814557e-15,2
5.155,4.0,1.692482525141907e-05,8.446066786251892e-07,19.620000000002033,6.750312789189572e-11,6.88105279224146e-12,4,-2.1860452087199556e-06,-0.0068075723622698205,-2.505217338785369e-07,9.809999989735443,2.897528899585129e-11,5.907296437547233e-12,4,-2.4045892283927617e-06,0.17186170807556764,7.556611591805566e-06,0.0,0.0,nan,0,-0.07999644428482039,-1.9157052583643263e-15,-1.743680293914527e-11,4.978345066733581e-15,2
5.16,4.0,1.6929048285319685e-05,8.446068719712729e-07,19.620000000001877,6.752937176909528e-11,6.883728009081429e-12,4,-2.1860452087199556e-06,-0.006807573614878619,-2.50521783148312e-07,9.809999989735028,2.9004223709286125e-11,5.913195461699392e-12,4,-2.404589315545269e-06,0.17186174585861805,7.556608720179961e-06,0.0,0.0,nan,0,-0.07999644428473324,4.57954352490269e-15,-1.7436590220413754e-11,1.3243790480872651e-15,2
5.165,4.0,1.6933271320186853e-05,8.446070652550611e-07,19.619999999997663,6.763062503225384e-11,6.894049442636278e-12,4,-2.186045208699139e-06,-0.0068075748674876636,-2.5052183239266073e-07,9.809999989732678,2.90542305944888e-11,5.9233905453409744e-12,4,-2.4045894027116543e-06,0.17186178364165414,7.55660584850329e-06,0.0,0.0,nan,0,-0.07999644428464608,-2.774601632274461e-16,-1.7441912629593814e-11,6.501126967309445e-15,2
5.17,4.0,1.693749435602092e-05,8.44607258698404e-07,19.62000000000304,6.751262173362746e-11,6.882020564079205e-12,4,-2.1860452087130167e-06,-0.006807576120096955,-2.5052188166739477e-07,9.809999989736907,2.8964565796539676e-11,5.905110260314378e-12,4,-2.404589489975184e-06,0.17186182142467582,7.556602976864653e-06,0.0,0.0,nan,0,-0.07999644428455882,-7.489468931192463e-15,-1.745181048990295e-11,1.4611585247210838e-15,2
5.175,4.0,1.694171739282172e-05,8.446074519236283e-07,19.619999999997603,6.767323000575707e-11,6.898392457264561e-12,4,-2.1860452087268945e-06,-0.006807577372706494,-2.5052193097061866e-07,9.809999989732404,2.917498878571269e-11,5.948009952344255e-12,4,-2.4045895771832027e-06,0.17186185920768315,7.556600105235926e-06,0.0,0.0,nan,0,-0.07999644428447159,1.0046253856096841e-15,-1.74307579968208e-11,5.426431079472292e-15,2
5.18,4.0,1.6945940430588785e-05,8.446076452652703e-07,19.619999999997635,6.759494260516493e-11,6.89041209023171e-12,4,-2.1860452087268945e-06,-0.006807578625316278,-2.5052198022828213e-07,9.8099999897329,2.9057356345026197e-11,5.9240278033511705e-12,4,-2.4045896643634657e-06,0.17186189699067614,7.556597233548252e-06,0.0,0.0,nan,0,-0.0799964442843844,-2.888260627935965e-15,-1.744630600414686e-11,2.838780294085666e-16,2
5.1850000000000005,4.0,1.6950163469322638e-05,8.44607838596897e-07,19.619999999998534,6.754538178136363e-11,6.885360018488142e-12,4,-2.1860452087268945e-06,-0.006807579877926308,-2.5052202956466504e-07,9.809999989733056,2.9014293113397914e-11,5.915248347352432e-12,4,-2.404589751585362e-06,0.17186193477365477,7.556594361830294e-06,0.0,0.0,nan,0,-0.07999644428429718,-5.38937105781152e-15,-1.744364191297697e-11,5.141325806748551e-15,2
5.19,4.0,1.6954386509023125e-05,8.446080319375822e-07,19.62000000000089,6.757392619015244e-11,6.888269744153862e-12,4,-2.1860452087268945e-06,-0.006807581130536585,-2.5052207880446956e-07,9.809999989735122,2.9034548283268092e-11,5.919377841722515e-12,4,-2.4045898387933806e-06,0.17186197255661906,7.55659149003934e-06,0.0,0.0,nan,0,-0.07999644428420996,-4.739668543800879e-15,-1.7444518100988e-11,6.515838951644189e-16,2
5.195,4.0,1.6958609549690388e-05,8.446082252873289e-07,19.61999999999967,6.753620827436609e-11,6.884424900547118e-12,4,-2.1860452087268945e-06,-0.006807582383147108,-2.505221280590727e-07,9.809999989732905,2.8980321901772985e-11,5.908322514190345e-12,4,-2.4045899259875214e-06,0.17186201033956897,7.556588618256788e-06,0.0,0.0,nan,0,-0.07999644428412278,-1.6092837035677863e-15,-1.744492577488264e-11,3.300576031920041e-15,2
5.2,4.0,1.6962832591324292e-05,8.446084186088984e-07,19.620000000000715,6.755369422186381e-11,6.886207362065377e-12,4,-2.1860452087268945e-06,-0.006807583635757878,-2.5052217734673395e-07,9.80999998973417,2.9015878879579624e-11,5.915571643209735e-12,4,-2.4045900131677844e-06,0.17186204812250452,7.556585746440433e-06,0.0,0.0,nan,0,-0.0799964442840356,3.5434833983224904e-15,-1.7444324478092505e-11,1.7280561398409694e-15,2
5.205,4.0,1.6967055633924688e-05,8.446086118833226e-07,19.619999999990046,6.763400053080636e-11,6.8943935301570516e-12,4,-2.1860452087095472e-06,-0.006807584888368894,-2.505222265837926e-07,9.80999998972724,2.9098443292528677e-11,5.932404347196689e-12,4,-2.4045901003619252e-06,0.17186208590542573,7.556582874767176e-06,0.0,0.0,nan,0,-0.0799964442839484,7.901302972520992e-16,-1.7448698312720316e-11,4.115035642785056e-15,2
5.21,4.0,1.6971278677491677e-05,8.446088051923669e-07,19.61999999999552,6.763509846689283e-11,6.894505450245491e-12,4,-2.1860452087095472e-06,-0.006807586140980156,-2.505222759528638e-07,9.809999989731987,2.9129919284405935e-11,5.938821470926786e-12,4,-2.4045901875976994e-06,0.17186212368833256,7.55658000287778e-06,0.0,0.0,nan,0,-0.07999644428386117,-2.232340864987427e-15,-1.74467363265912e-11,6.152516937577144e-15,2
5.215,4.0,1.6975501722025077e-05,8.446089985158768e-07,19.62000000000213,6.758452008402156e-11,6.8893496517853435e-12,4,-2.1860452087268945e-06,-0.0068075873935916666,-2.5052232526899285e-07,9.809999989736387,2.9046913691932334e-11,5.9218988220840726e-12,4,-2.4045902748334735e-06,0.17186216147122504,7.556577131080404e-06,0.0,0.0,nan,0,-0.07999644428377392,-6.730964560768562e-15,-1.744331151060484e-11,3.7180198891791015e-15,2
5.22,4.0,1.6979724767525185e-05,8.446091918496071e-07,19.619999999995542,6.757803632544176e-11,6.888688718191347e-12,4,-2.1860452087338333e-06,-0.006807588646203421,-2.5052237450695666e-07,9.80999998973043,2.9002984573534674e-11,5.9129428346373824e-12,4,-2.404590361985981e-06,0.17186219925410315,7.556574259219069e-06,0.0,0.0,nan,0,-0.07999644428368674,1.4264822929070726e-16,-1.7444834292505416e-11,7.078887029324376e-15,2
5.2250000000000005,4.0,1.698394781399209e-05,8.446093852250048e-07,19.619999999999926,6.7566336323455e-11,6.887496057436825e-12,4,-2.1860452087338333e-06,-0.006807589898815424,-2.5052242381669254e-07,9.809999989734354,2.903231463075078e-11,5.918922458946292e-12,4,-2.404590449221755e-06,0.1718622370369669,7.556571387288582e-06,0.0,0.0,nan,0,-0.0799964442835995,-2.6697687366897395e-15,-1.7444680637638812e-11,1.3172736207296637e-15,2
5.23,4.0,1.6988170861425737e-05,8.446095785885033e-07,19.619999999998946,6.763462318108316e-11,6.8944570011301524e-12,4,-2.1860452087338333e-06,-0.006807591151427671,-2.5052247301483257e-07,9.809999989732844,2.9071549920572582e-11,5.9269214986745966e-12,4,-2.404590536402018e-06,0.17186227481981628,7.556568515192229e-06,0.0,0.0,nan,0,-0.07999644428351232,-3.1191870170580035e-15,-1.744450655466855e-11,6.81953893077194e-15,2
5.235,4.0,1.6992393909826174e-05,8.44609771902099e-07,19.620000000002936,6.754767437321652e-11,6.885593717961918e-12,4,-2.1860452087338333e-06,-0.006807592404040166,-2.5052252232248285e-07,9.809999989736973,2.901378204219356e-11,5.9151441534245065e-12,4,-2.4045906236100367e-06,0.17186231260265133,7.5565656433731966e-06,0.0,0.0,nan,0,-0.07999644428342512,-1.5928524028033387e-15,-1.7443917692376286e-11,2.616678648750946e-15,2
5.24,4.0,1.699661695919305e-05,8.446099651965269e-07,19.620000000002108,6.756918395845692e-11,6.887786336233401e-12,4,-2.1860452087338333e-06,-0.006807593656652906,-2.505225716170074e-07,9.809999989735484,2.904889841454405e-11,5.922303454625655e-12,4,-2.404590710776422e-06,0.171862350385472,7.556562771434082e-06,0.0,0.0,nan,0,-0.07999644428333794,2.9923686888985577e-15,-1.74427865971588e-11,5.352268181427332e-15,2
5.245,4.0,1.7000840009526503e-05,8.446101585254166e-07,19.619999999998956,6.765050215008972e-11,6.896075652405027e-12,4,-2.1860452087130167e-06,-0.0068075949092658945,-2.505226208992773e-07,9.809999989733846,2.9133381780931943e-11,5.939527382552496e-12,4,-2.404590797956685e-06,0.17186238816827834,7.556559899471123e-06,0.0,0.0,nan,0,-0.07999644428325078,6.493568019356453e-15,-1.7443266657594646e-11,2.8831892150706794e-16,2
5.25,4.0,1.7005063060826516e-05,8.446103518043896e-07,19.619999999996587,6.762893102150376e-11,6.89387676060301e-12,4,-2.1860452087130167e-06,-0.006807596161879127,-2.5052267022578737e-07,9.80999998973139,2.9092878619876724e-11,5.931269857355693e-12,4,-2.4045908852202147e-06,0.17186242595107026,7.55655702754215e-06,0.0,0.0,nan,0,-0.07999644428316352,2.0713276676695295e-15,-1.7443398108000763e-11,6.021954709881227e-15,2
5.255,4.0,1.7009286113093042e-05,8.446105451468894e-07,19.619999999997518,6.753509626221401e-11,6.884311545588436e-12,4,-2.1860452087130167e-06,-0.006807597414492609,-2.505227195005895e-07,9.8099999897333,2.898833532151928e-11,5.909956238910735e-12,4,-2.4045909724837444e-06,0.17186246373384786,7.556554155467299e-06,0.0,0.0,nan,0,-0.07999644428307626,-6.411220329676517e-15,-1.7449273852336292e-11,4.823859062115456e-16,2
5.26,4.0,1.7013509166326344e-05,8.446107384924446e-07,19.620000000003984,6.758836432707842e-11,6.889741521617196e-12,4,-2.1860452087407722e-06,-0.006807598667106334,-2.505227687873768e-07,9.809999989738412,2.9033961367370217e-11,5.919258185064365e-12,4,-2.4045910597195186e-06,0.1718625015166111,7.556551283486641e-06,0.0,0.0,nan,0,-0.079996444282989,-6.822002848787825e-15,-1.7443596615877562e-11,3.730010297845051e-15,2
5.265,4.0,1.7017732220526213e-05,8.446109318069149e-07,19.619999999997557,6.764010204581299e-11,6.895015499064364e-12,4,-2.1860452087407722e-06,-0.006807599919720309,-2.50522818033329e-07,9.809999989732407,2.910589168744859e-11,5.9339228782695496e-12,4,-2.404591146872026e-06,0.17186253929935996,7.5565484111913676e-06,0.0,0.0,nan,0,-0.07999644428290184,3.2117209165043217e-16,-1.743065630039174e-11,5.975769432056818e-15,2
5.2700000000000005,4.0,1.7021955275692857e-05,8.446111251720775e-07,19.62000000000203,6.77023069461255e-11,6.90135646749424e-12,4,-2.1860452087407722e-06,-0.006807601172334527,-2.5052286730235203e-07,9.80999998973643,2.9169959959688714e-11,5.946984707483663e-12,4,-2.404591234052289e-06,0.1718625770820945,7.556545539164015e-06,0.0,0.0,nan,0,-0.07999644428281463,-1.4538524801202682e-15,-1.7446714122130712e-11,3.567029557830077e-15,2
5.275,4.0,1.7026178331826285e-05,8.44611318486194e-07,19.61999999999962,6.748855060253285e-11,6.8795668300238695e-12,4,-2.1860452087407722e-06,-0.006807602424948994,-2.50522916616167e-07,9.809999989733857,2.8981576179877977e-11,5.9085782283806585e-12,4,-2.404591321232552e-06,0.17186261486481466,7.55654266707663e-06,0.0,0.0,nan,0,-0.07999644428272748,-5.905430561717464e-16,-1.7443987858471434e-11,5.315852866219623e-15,2
5.28,4.0,1.7030401388926015e-05,8.446115117545542e-07,19.620000000002026,6.756844753160966e-11,6.887711267237787e-12,4,-2.1860452087407722e-06,-0.006807603677563705,-2.505229659315757e-07,9.809999989735395,2.9030902169834215e-11,5.918634495455747e-12,4,-2.4045914083989373e-06,0.17186265264752046,7.556539795081218e-06,0.0,0.0,nan,0,-0.0799964442826403,3.156237607333232e-15,-1.7444097104417057e-11,3.1251607940292636e-15,2
5.285,4.0,1.7034624446992195e-05,8.446117050767911e-07,19.61999999999936,6.750800898277313e-11,6.881550355022968e-12,4,-2.1860452087268945e-06,-0.006807604930178665,-2.5052301524289075e-07,9.809999989733997,2.8994320170454738e-11,5.911176391599758e-12,4,-2.4045914955792003e-06,0.17186269043021188,7.556536922946123e-06,0.0,0.0,nan,0,-0.07999644428255312,6.868823401679756e-15,-1.7441993897919215e-11,6.057481846669228e-15,2
5.29,4.0,1.7038847506025308e-05,8.446118984818633e-07,19.62000000000469,6.75247821880629e-11,6.883260161880403e-12,4,-2.186045208723425e-06,-0.00680760618279387,-2.5052306453637027e-07,9.809999989737452,2.9022490269079494e-11,5.9169195309767236e-12,4,-2.4045915828288522e-06,0.17186272821288895,7.556534050762537e-06,0.0,0.0,nan,0,-0.07999644428246587,2.4443626039435824e-15,-1.7442004111971042e-11,2.785489588903638e-16,2
5.295,4.0,1.704307056602511e-05,8.446120918018306e-07,19.619999999996352,6.762158810958385e-11,6.893128247665282e-12,4,-2.186045208723425e-06,-0.0068076074354093226,-2.505231137278268e-07,9.809999989732393,2.9088512862263314e-11,5.9303797946399014e-12,4,-2.4045916700576875e-06,0.17186276599555167,7.556531178442131e-06,0.0,0.0,nan,0,-0.07999644428237865,-8.650180299192544e-17,-1.7449566951214788e-11,4.9521438033524215e-15,2
5.3,4.0,1.7047293626991625e-05,8.446122851296486e-07,19.619999999998853,6.764900032670634e-11,6.895922561336422e-12,4,-2.186045208730364e-06,-0.00680760868802502,-2.5052316301695816e-07,9.809999989733795,2.91632162753238e-11,5.94560984828608e-12,4,-2.404591757342034e-06,0.1718628037782,7.556528306255955e-06,0.0,0.0,nan,0,-0.07999644428229136,-7.395766107914107e-15,-1.7450658078403397e-11,6.311557915113132e-16,2
5.305,4.0,1.7051516688924674e-05,8.446124784309555e-07,19.620000000000253,6.765313039578296e-11,6.896343567358011e-12,4,-2.1860452087511806e-06,-0.006807609940640965,-2.505232123002482e-07,9.809999989734484,2.911182053011037e-11,5.9351316127571785e-12,4,-2.404591844577808e-06,0.171862841560834,7.556525434010516e-06,0.0,0.0,nan,0,-0.0799964442822041,-6.805127458813523e-15,-1.7447613846869873e-11,4.084393487305399e-15,2
5.3100000000000005,4.0,1.70557397518242e-05,8.446126717058877e-07,19.619999999997617,6.759259344560403e-11,6.890172624425305e-12,4,-2.1860452087511806e-06,-0.006807611193257157,-2.5052326162450434e-07,9.809999989732253,2.9077795164460132e-11,5.928194739020333e-12,4,-2.4045919317303155e-06,0.17186287934345365,7.5565225618008845e-06,0.0,0.0,nan,0,-0.07999644428211694,1.6578806132991208e-15,-1.743292071127278e-11,-4.608595755099921e-16,2
5.315,4.0,1.70599628156903e-05,8.446128650626347e-07,19.61999999999925,6.75341104794836e-11,6.8842110580515976e-12,4,-2.1860452087511806e-06,-0.0068076124458735935,-2.505233109221463e-07,9.809999989733278,2.899882294444679e-11,5.912094388337555e-12,4,-2.404592018882823e-06,0.17186291712605892,7.556519689513691e-06,0.0,0.0,nan,0,-0.07999644428202977,1.6938518392969756e-15,-1.743823335049022e-11,3.551486435485323e-15,2
5.32,4.0,1.7064185880523184e-05,8.446130584479146e-07,19.62000000000144,6.75840529240809e-11,6.889302030996529e-12,4,-2.1860452087511806e-06,-0.006807613698490277,-2.505233601185318e-07,9.809999989734887,2.9004545302636444e-11,5.913261026093087e-12,4,-2.404592106063086e-06,0.17186295490864983,7.556516817004784e-06,0.0,0.0,nan,0,-0.0799964442819426,3.993789857110449e-15,-1.7446595550311698e-11,4.278904561219725e-15,2
5.325,4.0,1.7068408946323026e-05,8.446132518047443e-07,19.62000000000151,6.746640242017489e-11,6.877309115205881e-12,4,-2.1860452087407722e-06,-0.006807614951107206,-2.5052340942076e-07,9.809999989735115,2.8946485608713305e-11,5.90142418736025e-12,4,-2.404592193243349e-06,0.17186299269122635,7.556513944633276e-06,0.0,0.0,nan,0,-0.07999644428185543,6.871487936938855e-15,-1.7439171710990642e-11,3.2730425009093337e-15,2
5.33,4.0,1.707263201308947e-05,8.446134451207752e-07,19.62000000000648,6.752141121311728e-11,6.882916535483688e-12,4,-2.186045208730364e-06,-0.006807616203724383,-2.5052345871258165e-07,9.809999989739243,2.9004957840181574e-11,5.913345131604337e-12,4,-2.404592280479123e-06,0.17186303047378854,7.556511072397854e-06,0.0,0.0,nan,0,-0.07999644428176819,1.1080981715047426e-15,-1.7440859694077276e-11,4.775396297832095e-15,2
5.335,4.0,1.7076855080822443e-05,8.446136384168816e-07,19.619999999995677,6.763906880061583e-11,6.894910173356853e-12,4,-2.186045208730364e-06,-0.006807617456341805,-2.505235079451994e-07,9.809999989732425,2.9114205660853165e-11,5.935617877946048e-12,4,-2.4045923676871417e-06,0.17186306825633635,7.55650820002279e-06,0.0,0.0,nan,0,-0.07999644428168098,-4.549154272775204e-15,-1.745479876619604e-11,3.6038889622476285e-15,2
5.34,4.0,1.708107814952187e-05,8.446138317082386e-07,19.62000000001371,6.754884244385773e-11,6.885712787340523e-12,4,-2.1860452087581195e-06,-0.006807618708959474,-2.505235573589335e-07,9.809999989744506,2.9024674716344502e-11,5.917364882097299e-12,4,-2.4045924549437325e-06,0.17186310603886984,7.556505327702583e-06,0.0,0.0,nan,0,-0.07999644428159369,-4.635335421546281e-16,-1.744256233210784e-11,7.488781370015976e-15,2
5.345,4.0,1.7085301219187732e-05,8.446140249985099e-07,19.620000000000623,6.762387759559445e-11,6.89336163053948e-12,4,-2.1860452087581195e-06,-0.006807619961577391,-2.5052360661790815e-07,9.809999989735731,2.910963650690679e-11,5.934686348086523e-12,4,-2.4045925421795067e-06,0.1718631438213889,7.55650245534661e-06,0.0,0.0,nan,0,-0.07999644428150646,-2.7554779541908018e-15,-1.744700233602792e-11,4.481910370530833e-16,2
5.3500000000000005,4.0,1.7089524289820317e-05,8.44614218355809e-07,19.62000000001716,6.746329689507992e-11,6.8769925479124276e-12,4,-2.1860452087581195e-06,-0.0068076212141955535,-2.505236560208418e-07,9.809999989745831,2.8941205929932613e-11,5.900347800241426e-12,4,-2.404592629415281e-06,0.17186318160389363,7.55649958302626e-06,0.0,0.0,nan,0,-0.07999644428141922,-2.081822464908436e-16,-1.742789584186333e-11,5.693772783802023e-15,2
5.355,4.0,1.709374736141934e-05,8.446144116666901e-07,19.620000000004467,6.77012295794601e-11,6.901246644183965e-12,4,-2.1860452087581195e-06,-0.006807622466813963,-2.5052370514647877e-07,9.809999989739234,2.911203842657807e-11,5.935176036091295e-12,4,-2.4045927165677883e-06,0.17186321938638402,7.556496710368901e-06,0.0,0.0,nan,0,-0.07999644428133207,3.2628190176972466e-15,-1.7436737658031448e-11,4.2021341683253035e-16,2
5.36,4.0,1.7097970433985526e-05,8.446146051129423e-07,19.620000000000644,6.757793939029414e-11,6.888678836930879e-12,4,-2.1860452087581195e-06,-0.006807623719432618,-2.5052375440406283e-07,9.809999989734475,2.9055100299557284e-11,5.923567855241906e-12,4,-2.4045928037202957e-06,0.17186325716886003,7.556493837766958e-06,0.0,0.0,nan,0,-0.07999644428124492,4.653262333737794e-15,-1.7443507798035603e-11,5.357153162735677e-15,2
5.365,4.0,1.710219350751859e-05,8.446147984297153e-07,19.62000000000154,6.757287702009991e-11,6.888162795116678e-12,4,-2.186045208747711e-06,-0.006807624972051517,-2.5052380365440286e-07,9.809999989735221,2.902664454085561e-11,5.917766477314555e-12,4,-2.404592890879742e-06,0.1718632949513217,7.5564909652403995e-06,0.0,0.0,nan,0,-0.07999644428115776,6.879481542716156e-15,-1.7440837045527567e-11,3.003093301730139e-16,2
5.37,4.0,1.7106416582018063e-05,8.446149917109604e-07,19.619999999998363,6.750845087495872e-11,6.8815954000983035e-12,4,-2.186045208730364e-06,-0.006807626224670666,-2.505238529346116e-07,9.809999989731828,2.8984101192748093e-11,5.909093011842178e-12,4,-2.404592978115516e-06,0.17186333273376897,7.556488092797005e-06,0.0,0.0,nan,0,-0.07999644428107056,-1.1021338259190195e-15,-1.744944305032525e-11,5.060501570555837e-15,2
5.375,4.0,1.7110639657483953e-05,8.44615184974238e-07,19.62000000000088,6.757550199880064e-11,6.8884303770435895e-12,4,-2.186045208730364e-06,-0.00680762747729006,-2.5052390223706447e-07,9.809999989735454,2.9023321096738545e-11,5.917088914802581e-12,4,-2.4045930653374126e-06,0.17186337051620193,7.556485220178212e-06,0.0,0.0,nan,0,-0.07999644428098332,-1.7296318794371581e-15,-1.7447761284487548e-11,2.9710618382112925e-15,2
5.38,4.0,1.7114862733916404e-05,8.446153783341928e-07,19.620000000000086,6.753025545859611e-11,6.883818089561246e-12,4,-2.1860452087511806e-06,-0.006807628729909702,-2.5052395156997496e-07,9.809999989733853,2.8995515639645403e-11,5.91142011620574e-12,4,-2.404593152607881e-06,0.17186340829862046,7.556482347652186e-06,0.0,0.0,nan,0,-0.07999644428089603,-6.7020987621283104e-15,-1.7445198001568298e-11,3.514627031067769e-15,2
5.385,4.0,1.7119085811315563e-05,8.446155716467222e-07,19.619999999994338,6.751401809668816e-11,6.882162904863165e-12,4,-2.186045208761589e-06,-0.006807629982529588,-2.505240008429167e-07,9.80999998972935,2.897838231992586e-11,5.907927084661567e-12,4,-2.4045932397812053e-06,0.17186344608102466,7.556479475110061e-06,0.0,0.0,nan,0,-0.07999644428080882,5.84072903881667e-16,-1.743781857116822e-11,5.806571443103941e-15,2
5.39,4.0,1.7123308889681355e-05,8.446157650015636e-07,19.620000000001077,6.75395800597387e-11,6.884768609555045e-12,4,-2.186045208761589e-06,-0.006807631235149723,-2.5052405016506054e-07,9.809999989735752,2.901591311502602e-11,5.915578622912437e-12,4,-2.4045933270308573e-06,0.1718634838634145,7.556476602547741e-06,0.0,0.0,nan,0,-0.07999644428072158,-4.049998000903737e-15,-1.7443704529555573e-11,4.219897736719311e-16,2
5.3950000000000005,4.0,1.7127531969013836e-05,8.446159583559166e-07,19.619999999999603,6.761607220306245e-11,6.892565973808748e-12,4,-2.186045208761589e-06,-0.006807632487770101,-2.505240993631953e-07,9.809999989734276,2.906877970653916e-11,5.926356725169894e-12,4,-2.4045934142666314e-06,0.17186352164579,7.556473729707801e-06,0.0,0.0,nan,0,-0.07999644428063435,-6.173188513196884e-15,-1.7445444471079774e-11,5.239913611335262e-15,2
5.4,4.0,1.713175504931304e-05,8.44616151619526e-07,19.619999999998036,6.758731528164113e-11,6.889634585285209e-12,4,-2.186045208761589e-06,-0.006807633740390729,-2.5052414870167977e-07,9.809999989731805,2.907354397700844e-11,5.927328034136579e-12,4,-2.4045935014607722e-06,0.1718635594281511,7.556470857207973e-06,0.0,0.0,nan,0,-0.07999644428054714,-5.4324477111669814e-15,-1.7440507531333872e-11,9.202578671237022e-16,2
5.405,4.0,1.713597813057868e-05,8.446163449700173e-07,19.61999999999849,6.764306335156359e-11,6.895317365093659e-12,4,-2.186045208761589e-06,-0.0068076349930116,-2.5052419798534355e-07,9.809999989732574,2.9128457183823373e-11,5.938523387219173e-12,4,-2.404593588654913e-06,0.17186359721049782,7.556467984531363e-06,0.0,0.0,nan,0,-0.07999644428045996,-2.459714540430663e-15,-1.7437421111325415e-11,5.4104438679176846e-15,2
5.41,4.0,1.7140201212810995e-05,8.446165383112974e-07,19.62000000000316,6.759399048127282e-11,6.890315033767782e-12,4,-2.186045208761589e-06,-0.0068076362456327205,-2.505242472547612e-07,9.80999998973589,2.906285538986644e-11,5.925148913409711e-12,4,-2.4045936758074204e-06,0.17186363499283022,7.556465111814636e-06,0.0,0.0,nan,0,-0.07999644428037281,2.729911965877169e-15,-1.7439517212395908e-11,1.0845708747682242e-15,2
5.415,4.0,1.71444242960101e-05,8.446167316417498e-07,19.619999999977217,6.760186196309722e-11,6.891117427438911e-12,4,-2.186045208737303e-06,-0.006807637498254085,-2.5052429649331243e-07,9.80999998971973,2.9100597445974638e-11,5.932843522216158e-12,4,-2.4045937629876835e-06,0.17186367277514825,7.556462239037234e-06,0.0,0.0,nan,0,-0.07999644428028566,2.1392733167765865e-15,-1.74371275683577e-11,6.307948161024661e-15,2
5.42,4.0,1.7148647380175847e-05,8.446169249920014e-07,19.619999999989055,6.76494859772956e-11,6.895972067006457e-12,4,-2.186045208737303e-06,-0.006807638750875697,-2.505243457683459e-07,9.809999989724574,2.915516759615314e-11,5.9439689351053105e-12,4,-2.404593850202641e-06,0.1718637105574519,7.556459366189251e-06,0.0,0.0,nan,0,-0.07999644428019842,-4.409710260882288e-15,-1.7448101456822304e-11,1.097449461853876e-15,2
5.425,4.0,1.7152870465308294e-05,8.446171183124819e-07,19.62000000000236,6.75966097952371e-11,6.89058203824964e-12,4,-2.1860452087650584e-06,-0.006807640003497555,-2.505243950854066e-07,9.809999989736763,2.9053953060519034e-11,5.923333963489363e-12,4,-2.4045939374661707e-06,0.1718637483397412,7.5564564935971405e-06,0.0,0.0,nan,0,-0.07999644428011113,-6.881510802907736e-15,-1.7449866267342252e-11,4.815364326718601e-15,2
5.43,4.0,1.7157093551407173e-05,8.446173115737636e-07,19.619999999995024,6.771757575339277e-11,6.902912920836896e-12,4,-2.1860452087754667e-06,-0.00680764125611966,-2.505244443536587e-07,9.809999989729905,2.9171760393238835e-11,5.947351768354489e-12,4,-2.404594024625617e-06,0.17186378612201608,7.556453620754075e-06,0.0,0.0,nan,0,-0.07999644428002395,1.3425772743055743e-15,-1.7440746007239553e-11,1.7644714550486711e-15,2
5.4350000000000005,4.0,1.7161316638472766e-05,8.446175049779689e-07,19.619999999997436,6.752055017996895e-11,6.882828764523728e-12,4,-2.1860452087754667e-06,-0.00680764250874201,-2.505244936647163e-07,9.809999989731873,2.8985237718260702e-11,5.909324719388288e-12,4,-2.4045941118475134e-06,0.17186382390427668,7.556450747898154e-06,0.0,0.0,nan,0,-0.07999644427993674,-1.6061750790988415e-15,-1.7444905346779013e-11,4.480965151701503e-15,2
5.44,4.0,1.7165539726505055e-05,8.446176982738649e-07,19.62000000000001,6.757675061259104e-11,6.888557656737105e-12,4,-2.1860452087754667e-06,-0.006807643761364609,-2.50524542952436e-07,9.809999989734045,2.9036350987674008e-11,5.91974536555758e-12,4,-2.4045941990832875e-06,0.17186386168652287,7.556447875001975e-06,0.0,0.0,nan,0,-0.0799964442798495,-2.4743694843557137e-15,-1.7443706750001634e-11,4.026217800815039e-15,2
5.445,4.0,1.716976281550376e-05,8.446178915542571e-07,19.619999999999713,6.767138891016129e-11,6.898204781871792e-12,4,-2.1860452087754667e-06,-0.006807645013987453,-2.505245922690433e-07,9.809999989733242,2.91523495357469e-11,5.943394406984016e-12,4,-2.404594286291306e-06,0.17186389946875472,7.556445002335148e-06,0.0,0.0,nan,0,-0.0799964442797623,-4.630894529447803e-16,-1.744387683616901e-11,3.3529785586823445e-15,2
5.45,4.0,1.7173985905469067e-05,8.446180848945942e-07,19.619999999998413,6.767634828714093e-11,6.898710324887503e-12,4,-2.1860452087754667e-06,-0.006807646266610545,-2.505246415375232e-07,9.809999989731535,2.911122038453641e-11,5.935009258921127e-12,4,-2.4045943734576913e-06,0.17186393725097218,7.5564421292682604e-06,0.0,0.0,nan,0,-0.07999644427967512,4.106144427202515e-15,-1.7440058113053506e-11,6.885708223039592e-15,2
5.455,4.0,1.717820899640125e-05,8.446182782929104e-07,19.620000000001,6.767427442062842e-11,6.898498921572372e-12,4,-2.1860452087511806e-06,-0.006807647519233882,-2.5052469080453557e-07,9.809999989734676,2.9164489346983306e-11,5.945869393986023e-12,4,-2.4045944606379543e-06,0.1718639750331753,7.556439256421257e-06,0.0,0.0,nan,0,-0.07999644427958796,6.9896156667589714e-15,-1.7436588888146155e-11,1.7631391874191201e-15,2
5.46,4.0,1.7182432088300306e-05,8.446184716515722e-07,19.61999999999786,6.759525733113235e-11,6.890444172389371e-12,4,-2.186045208747711e-06,-0.0068076487718574654,-2.50524740080973e-07,9.809999989732903,2.911005021932469e-11,5.93477069312765e-12,4,-2.4045945478737285e-06,0.17186401281536404,7.556436383508095e-06,0.0,0.0,nan,0,-0.07999644427950073,1.140960773033647e-15,-1.7438677883789285e-11,5.681782375136072e-15,2
5.465,4.0,1.7186655181165873e-05,8.446186649443731e-07,19.620000000002186,6.760121841320029e-11,6.8910518260135326e-12,4,-2.1860452087511806e-06,-0.006807650024481295,-2.505247893391685e-07,9.809999989737689,2.9065656338085146e-11,5.925719952801415e-12,4,-2.4045946351095027e-06,0.1718640505975384,7.556433510471799e-06,0.0,0.0,nan,0,-0.07999644427941349,-6.976101804605798e-15,-1.744482940752413e-11,4.375328960166833e-16,2
5.47,4.0,1.7190878274998094e-05,8.446188582833597e-07,19.620000000024618,6.753827156236533e-11,6.884635225512802e-12,4,-2.1860452087754667e-06,-0.006807651277105371,-2.505248386853394e-07,9.809999989751459,2.8967839169131285e-11,5.905777614555369e-12,4,-2.4045947223175212e-06,0.17186408837969844,7.556430637621176e-06,0.0,0.0,nan,0,-0.07999644427932626,-2.6471201869873886e-15,-1.743484894662196e-11,4.862437782962707e-15,2
5.4750000000000005,4.0,1.7195101369796794e-05,8.446190515865888e-07,19.619999999997827,6.764288262502021e-11,6.895298942408533e-12,4,-2.1860452087754667e-06,-0.006807652529729693,-2.505248878662563e-07,9.809999989732445,2.9107888194638563e-11,5.934329913374943e-12,4,-2.4045948094977843e-06,0.17186412616184404,7.5564277645686705e-06,0.0,0.0,nan,0,-0.07999644427923908,-5.043897494608367e-16,-1.7446660831425554e-11,-4.92833998619198e-16,2
5.48,4.0,1.719932446556237e-05,8.446192449647123e-07,19.62000000000295,6.754747732968472e-11,6.885573631974981e-12,4,-2.1860452087754667e-06,-0.006807653782354261,-2.5052493715838607e-07,9.809999989737149,2.9022566860793438e-11,5.91693514600525e-12,4,-2.4045948967196806e-06,0.17186416394397533,7.556424891490978e-06,0.0,0.0,nan,0,-0.07999644427915184,-2.0675837681330574e-15,-1.74440025134154e-11,4.902849901059063e-15,2
5.485,4.0,1.720354756229457e-05,8.446194382369954e-07,19.620000000000765,6.751987622922904e-11,6.8827600641413255e-12,4,-2.1860452087754667e-06,-0.006807655034979077,-2.505249864794545e-07,9.809999989734642,2.9019072313332117e-11,5.916222700040405e-12,4,-2.4045949839276992e-06,0.17186420172609226,7.55642201852919e-06,0.0,0.0,nan,0,-0.07999644427906463,-9.089550196342444e-16,-1.744470328618855e-11,1.3427700609873977e-17,2
5.49,4.0,1.720777065999313e-05,8.446196315301771e-07,19.620000000001752,6.765290471161141e-11,6.89632056183541e-12,4,-2.1860452087754667e-06,-0.006807656287604138,-2.5052503579518844e-07,9.809999989734754,2.914174892890188e-11,5.941233223118448e-12,4,-2.4045950711079622e-06,0.17186423950819482,7.556419145578028e-06,0.0,0.0,nan,0,-0.07999644427897745,2.6615222275602594e-15,-1.74428256770093e-11,3.3170073326844912e-15,2
5.495,4.0,1.7211993758658196e-05,8.446198248545956e-07,19.62000000000785,6.750480342549152e-11,6.881223590771102e-12,4,-2.186045208761589e-06,-0.006807657540229447,-2.5052508513404616e-07,9.809999989742575,2.8930071533797614e-11,5.898077790835302e-12,4,-2.404595158302103e-06,0.171864277290283,7.556416272479088e-06,0.0,0.0,nan,0,-0.07999644427889027,7.083762579247184e-15,-1.743884175270773e-11,4.246930138110522e-15,2
5.5,4.0,1.7216216858289985e-05,8.446200182187664e-07,19.62000000000548,6.759993963733698e-11,6.890921471693996e-12,4,-2.1860452087581195e-06,-0.0068076587928550016,-2.505251344048033e-07,9.809999989737562,2.907126263916302e-11,5.926862929576972e-12,4,-2.4045952455309383e-06,0.17186431507235683,7.556413399298051e-06,0.0,0.0,nan,0,-0.07999644427880304,2.314688554667361e-15,-1.7441078185968528e-11,3.4173714941106054e-15,2
5.505,4.0,1.7220439958888522e-05,8.44620211562829e-07,19.61999999999397,6.768311550993183e-11,6.899400153919739e-12,4,-2.1860452087581195e-06,-0.006807660045480803,-2.505251836068581e-07,9.809999989730047,2.9149497127014925e-11,5.942812876153136e-12,4,-2.404595332732018e-06,0.17186435285441629,7.556410526125042e-06,0.0,0.0,nan,0,-0.07999644427871583,-4.4399361692122763e-16,-1.7450615001750057e-11,7.099759222187325e-15,2
5.51,4.0,1.7224663060453965e-05,8.446204049132737e-07,19.620000000003397,6.750946710975074e-11,6.881698991818456e-12,4,-2.1860452087719973e-06,-0.0068076612981068495,-2.50525232931186e-07,9.809999989736504,2.896661557423605e-11,5.905528155869874e-12,4,-2.4045954200094255e-06,0.17186439063646136,7.556407652982439e-06,0.0,0.0,nan,0,-0.07999644427862854,-6.785143444370271e-15,-1.744566251888181e-11,1.1840468577746391e-15,2
5.515,4.0,1.7228886162986007e-05,8.446205982387693e-07,19.620000000023172,6.752259036298227e-11,6.883036734240828e-12,4,-2.186045208785875e-06,-0.006807662550733145,-2.505252822333994e-07,9.809999989749729,2.897684070479677e-11,5.907612790025298e-12,4,-2.4045955071966274e-06,0.1718644284184921,7.556404779813802e-06,0.0,0.0,nan,0,-0.07999644427854136,-2.550308739240073e-15,-1.7435971160055255e-11,6.059258203508626e-15,2
5.5200000000000005,4.0,1.723310926648459e-05,8.446207915428075e-07,19.61999999999765,6.760315143635191e-11,6.8912488722079515e-12,4,-2.186045208785875e-06,-0.006807663803359684,-2.505253314239736e-07,9.809999989731924,2.903975533493727e-11,5.920439422086245e-12,4,-2.404595594349135e-06,0.17186446620050844,7.556401906636474e-06,0.0,0.0,nan,0,-0.0799964442784542,1.3661140024276284e-15,-1.7435267722746845e-11,1.0765772689909224e-15,2
5.525,4.0,1.7237332370949723e-05,8.446209848658916e-07,19.619999999999123,6.762070160502301e-11,6.8930378802269146e-12,4,-2.186045208785875e-06,-0.006807665055986472,-2.505253807238724e-07,9.809999989733454,2.9097717800822792e-11,5.932256438588111e-12,4,-2.4045956815432756e-06,0.17186450398251044,7.556399033465489e-06,0.0,0.0,nan,0,-0.079996444278367,1.4571522904468915e-15,-1.7449380877835876e-11,6.004191141487217e-15,2
5.53,4.0,1.7241555476381627e-05,8.446211781939483e-07,19.619999999999084,6.759879706208617e-11,6.890805001232347e-12,4,-2.186045208785875e-06,-0.006807666308613503,-2.505254300318618e-07,9.809999989732463,2.907304764263904e-11,5.9272268446621916e-12,4,-2.4045957687374164e-06,0.17186454176449806,7.556396160212363e-06,0.0,0.0,nan,0,-0.07999644427827982,3.562135145136188e-15,-1.7443994963898813e-11,1.1351970446911305e-15,2
5.535,4.0,1.7245778582779996e-05,8.446213715060956e-07,19.620000000000832,6.76047690164284e-11,6.891413763142256e-12,4,-2.1860452087754667e-06,-0.006807667561240785,-2.505254793310643e-07,9.809999989734425,2.9057411544400244e-11,5.924039057045275e-12,4,-2.4045958559246183e-06,0.1718645795464713,7.5563932869665796e-06,0.0,0.0,nan,0,-0.07999644427819264,6.8399576030395e-15,-1.744294913380961e-11,5.465955019148941e-15,2
5.54,4.0,1.7250001690145154e-05,8.446215648960845e-07,19.62000000000642,6.752515109458161e-11,6.8832977670295125e-12,4,-2.1860452087650584e-06,-0.006807668813868309,-2.5052552863406476e-07,9.809999989739335,2.9003193886655097e-11,5.9129855080511065e-12,4,-2.404595943181209e-06,0.1718646173284302,7.556390413667844e-06,0.0,0.0,nan,0,-0.07999644427810537,9.762036761792722e-16,-1.7448632143428065e-11,6.538613816232849e-17,2
5.545,4.0,1.7254224798476926e-05,8.44621758181661e-07,19.619999999997624,6.766690981561081e-11,6.897748197310806e-12,4,-2.1860452087650584e-06,-0.006807670066496082,-2.5052557787180316e-07,9.809999989733944,2.912393107584911e-11,5.937600633298059e-12,4,-2.4045960304239222e-06,0.17186465511037471,7.556387540393826e-06,0.0,0.0,nan,0,-0.07999644427801814,-5.3449621368265195e-15,-1.74488408653567e-11,3.015470759196293e-15,2
5.55,4.0,1.7258447907775373e-05,8.446219515177251e-07,19.620000000015793,6.75464036672753e-11,6.885464186261053e-12,4,-2.186045208792814e-06,-0.0068076713191241,-2.505256272446128e-07,9.809999989747192,2.9018851600709233e-11,5.916177702556157e-12,4,-2.4045961176596964e-06,0.17186469289230488,7.556384667036527e-06,0.0,0.0,nan,0,-0.07999644427793087,2.7409863540632377e-16,-1.7437310089022937e-11,3.885441521292565e-15,2
5.555,4.0,1.7262671018040244e-05,8.446221448254458e-07,19.620000000006282,6.758649005655173e-11,6.889550464478093e-12,4,-2.186045208792814e-06,-0.006807672571752367,-2.5052567648337136e-07,9.809999989741376,2.9014117204964215e-11,5.915212484262015e-12,4,-2.404596204867715e-06,0.17186473067422067,7.556381793821989e-06,0.0,0.0,nan,0,-0.07999644427784366,-2.751037062092303e-15,-1.7444856941055135e-11,2.7858766377038105e-15,2
5.5600000000000005,4.0,1.7266894129271904e-05,8.446223381811594e-07,19.620000000000594,6.755081803708043e-11,6.885914172994739e-12,4,-2.186045208792814e-06,-0.006807673824380877,-2.5052572575615373e-07,9.809999989735426,2.9013489339126547e-11,5.915084478997851e-12,4,-2.404596292054917e-06,0.1718647684561221,7.556378920382094e-06,0.0,0.0,nan,0,-0.07999644427775647,-6.385907244715065e-15,-1.7444448823071288e-11,6.576178043774096e-15,2
5.565,4.0,1.727111724147039e-05,8.446225315295211e-07,19.620000000002477,6.752457708108713e-11,6.88323925393258e-12,4,-2.186045208799753e-06,-0.006807675077009636,-2.5052577505983566e-07,9.809999989736536,2.8998017695239653e-11,5.911930219281977e-12,4,-2.404596379283752e-06,0.17186480623800918,7.556376047029969e-06,0.0,0.0,nan,0,-0.07999644427766923,-5.85255610368514e-15,-1.7443144977151164e-11,2.8227360421213646e-15,2
5.57,4.0,1.727534035463535e-05,8.446227248297674e-07,19.620000000000786,6.766016674473588e-11,6.897060830248029e-12,4,-2.186045208799753e-06,-0.00680767632963864,-2.505258242820547e-07,9.809999989734502,2.909727321961751e-11,5.932165800217295e-12,4,-2.4045964664501374e-06,0.17186484401988184,7.556373173544574e-06,0.0,0.0,nan,0,-0.07999644427758207,-4.307569742616773e-15,-1.7443600612680473e-11,6.527328230690587e-15,2
5.575,4.0,1.727956346876707e-05,8.446229181851968e-07,19.620000000000083,6.759753968604751e-11,6.890676828343244e-12,4,-2.186045208799753e-06,-0.006807677582267892,-2.505258735560741e-07,9.809999989733173,2.9056753558460264e-11,5.923904911084632e-12,4,-2.404596553602645e-06,0.17186488180174017,7.556370300122415e-06,0.0,0.0,nan,0,-0.07999644427749492,-1.0781808506473052e-16,-1.744434757073144e-11,1.9056918237809867e-15,2
5.58,4.0,1.7283786583865496e-05,8.446231115082476e-07,19.62000000000195,6.769763666909668e-11,6.900880394402645e-12,4,-2.186045208799753e-06,-0.006807678834897388,-2.5052592283779837e-07,9.8099999897343,2.915536368260409e-11,5.944008911949806e-12,4,-2.404596640762091e-06,0.1718649195835841,7.556367426589348e-06,0.0,0.0,nan,0,-0.07999644427740776,5.993079479855429e-15,-1.7443178283841908e-11,6.145411510219535e-15,2
5.585,4.0,1.7288009699930456e-05,8.446233048141823e-07,19.6199999999998,6.764572957042709e-11,6.89558915091007e-12,4,-2.1860452087719973e-06,-0.006807680087527132,-2.5052597212542393e-07,9.809999989734996,2.910346365344125e-11,5.9334278662374275e-12,4,-2.4045967279909264e-06,0.1718649573654137,7.556364553232284e-06,0.0,0.0,nan,0,-0.07999644427732056,-4.861820918569854e-16,-1.7451982352427184e-11,1.0987817294834227e-15,2
5.59,4.0,1.7292232816961995e-05,8.446234981142509e-07,19.61999999999872,6.761681448081019e-11,6.892641639226769e-12,4,-2.186045208792814e-06,-0.006807681340157122,-2.5052602147506587e-07,9.809999989731967,2.913178577223553e-11,5.939201998517328e-12,4,-2.404596815261395e-06,0.17186499514722894,7.556361679781009e-06,0.0,0.0,nan,0,-0.07999644427723325,-7.065363735785662e-15,-1.745469484932095e-11,3.4093778883333008e-15,2
5.595,4.0,1.7296455934960005e-05,8.446236914110351e-07,19.619999999996736,6.76726719009413e-11,6.898335565846336e-12,4,-2.186045208799753e-06,-0.00680768259278736,-2.5052607073371793e-07,9.809999989731486,2.910515993452256e-11,5.9337736931678046e-12,4,-2.4045969024832914e-06,0.17186503292902977,7.556358806203174e-06,0.0,0.0,nan,0,-0.07999644427714603,2.9319447142987525e-16,-1.7446840243466338e-11,-1.6221528592679087e-15,2
5.6000000000000005,4.0,1.7300679053924738e-05,8.446238847913125e-07,19.619999999998292,6.759980339330926e-11,6.890907583416427e-12,4,-2.186045208799753e-06,-0.006807683845417843,-2.505261200599648e-07,9.809999989732924,2.907360886996355e-11,5.9273412640961835e-12,4,-2.4045969897398822e-06,0.17186507071081628,7.556355932647186e-06,0.0,0.0,nan,0,-0.07999644427705876,-4.248505877706715e-15,-1.7441512949304974e-11,3.4537868093183073e-15,2
5.605,4.0,1.730490217385618e-05,8.446240781147079e-07,19.61999999999989,6.754243907458375e-11,6.885060048377587e-12,4,-2.186045208799753e-06,-0.006807685098048572,-2.5052616935992794e-07,9.80999998973384,2.9043384810238418e-11,5.9211793762756996e-12,4,-2.4045970769617786e-06,0.17186510849258838,7.55635305910381e-06,0.0,0.0,nan,0,-0.07999644427697154,-5.9080672549164e-15,-1.7440697157426473e-11,4.162997277448857e-15,2
5.61,4.0,1.7309125294754335e-05,8.446242714879824e-07,19.619999999999273,6.764664959128718e-11,6.8956829348919145e-12,4,-2.186045208799753e-06,-0.006807686350679548,-2.505262185887273e-07,9.809999989732685,2.91409940627017e-11,5.941079325831023e-12,4,-2.404597164114286e-06,0.17186514627434615,7.556350185490909e-06,0.0,0.0,nan,0,-0.07999644427688439,-5.352955742603822e-15,-1.744347404725567e-11,2.760563552742359e-15,2
5.615,4.0,1.7313348416619342e-05,8.446244648467028e-07,19.620000000003046,6.760206830244115e-11,6.891138461002106e-12,4,-2.186045208799753e-06,-0.006807687603310771,-2.505262678520876e-07,9.809999989736262,2.9076452751841637e-11,5.927921056526596e-12,4,-2.4045972513361824e-06,0.17186518405608953,7.556347311735274e-06,0.0,0.0,nan,0,-0.07999644427679717,-2.811877283841764e-15,-1.7441580894954077e-11,6.578398489823347e-15,2
5.62,4.0,1.7317571539451044e-05,8.446246581889133e-07,19.620000000001486,6.760075719145448e-11,6.891004810545297e-12,4,-2.186045208799753e-06,-0.00680768885594224,-2.5052631707327125e-07,9.80999998973461,2.9054725082815917e-11,5.923491358454514e-12,4,-2.40459733848869e-06,0.17186522183781855,7.556344438149148e-06,0.0,0.0,nan,0,-0.07999644427671002,2.8058512207615287e-15,-1.743680560368056e-11,2.8542663760207225e-15,2
5.625,4.0,1.732179466324945e-05,8.446248514847676e-07,19.619999999979584,6.765807834806697e-11,6.896847945783627e-12,4,-2.1860452087824056e-06,-0.0068076901085739544,-2.5052636629681486e-07,9.809999989720305,2.9123562189301336e-11,5.937525427078351e-12,4,-2.404597425655075e-06,0.17186525961953322,7.5563415644443175e-06,0.0,0.0,nan,0,-0.07999644427662286,2.842266535969235e-15,-1.7440798409766314e-11,5.029415325866329e-15,2
5.63,4.0,1.7326017788014452e-05,8.446250448179187e-07,19.619999999998594,6.759607182822047e-11,6.890527199615221e-12,4,-2.1860452087824056e-06,-0.006807691361205916,-2.505264156373872e-07,9.809999989734356,2.9038156895993835e-11,5.920113542585264e-12,4,-2.404597512904727e-06,0.1718652974012335,7.556338690824547e-06,0.0,0.0,nan,0,-0.0799964442765356,-4.117055471591096e-15,-1.7448877724761112e-11,-6.527061141652214e-16,2
5.635,4.0,1.7330240913745914e-05,8.446252381091261e-07,19.620000000032977,6.74638817512356e-11,6.877052166271377e-12,4,-2.186045208810161e-06,-0.006807692613838123,-2.505264650166275e-07,9.80999998975636,2.8881875737721415e-11,5.888251940444441e-12,4,-2.4045976001682567e-06,0.17186533518291938,7.556335817246757e-06,0.0,0.0,nan,0,-0.07999644427644831,-4.144589002601799e-15,-1.7442680459837657e-11,3.7482179554489e-15,2
5.64,4.0,1.7334464040443753e-05,8.44625431400295e-07,19.61999999999755,6.767830601424666e-11,6.898909889322641e-12,4,-2.186045208810161e-06,-0.006807693866470578,-2.5052651424255965e-07,9.809999989732045,2.911332401647698e-11,5.935438133934636e-12,4,-2.4045976873485198e-06,0.17186537296459092,7.556332943569648e-06,0.0,0.0,nan,0,-0.07999644427636113,-2.596965948334513e-16,-1.7447499715942956e-11,-9.076133206191566e-16,2
5.6450000000000005,4.0,1.7338687168108327e-05,8.446256247408406e-07,19.619999999999983,6.766265868579253e-11,6.897314850743383e-12,4,-2.186045208810161e-06,-0.0068076951191032775,-2.5052656360345484e-07,9.809999989734045,2.9124668105101625e-11,5.937750894103969e-12,4,-2.4045977746120495e-06,0.1718654107462481,7.556330069944822e-06,0.0,0.0,nan,0,-0.07999644427627386,-3.2115575727068185e-15,-1.7443937232301537e-11,3.553706881534572e-15,2
5.65,4.0,1.73429102967395e-05,8.446258180399147e-07,19.61999999999731,6.751898450138065e-11,6.882669164259929e-12,4,-2.186045208810161e-06,-0.006807696371736226,-2.5052661291750423e-07,9.809999989731145,2.9008232448863894e-11,5.914012737865232e-12,4,-2.404597861820068e-06,0.17186544852789093,7.556327196125662e-06,0.0,0.0,nan,0,-0.07999644427618666,-4.224969149584659e-15,-1.7442399795457042e-11,-1.6492423010687615e-15,2
5.655,4.0,1.7347133426337363e-05,8.446260114396972e-07,19.61999999999965,6.75951944524848e-11,6.890437762740673e-12,4,-2.186045208810161e-06,-0.006807697624369419,-2.5052666213427264e-07,9.809999989733047,2.9053461546596655e-11,5.923233756779498e-12,4,-2.404597949014209e-06,0.17186548630951934,7.5563243222810395e-06,0.0,0.0,nan,0,-0.07999644427609948,-2.029392096085949e-15,-1.7440137160932856e-11,3.2437326130592305e-15,2
5.66,4.0,1.735135655690226e-05,8.446262048345328e-07,19.620000000002676,6.767486961813176e-11,6.898559594100156e-12,4,-2.186045208810161e-06,-0.00680769887700286,-2.505267113713727e-07,9.809999989735665,2.9155197646046055e-11,5.943975061478396e-12,4,-2.4045980361667163e-06,0.1718655240911334,7.556321448198794e-06,0.0,0.0,nan,0,-0.07999644427601232,2.6299918936609082e-15,-1.743595428466527e-11,3.759764274905003e-15,2
5.665,4.0,1.7355579688434034e-05,8.446263982024838e-07,19.619999999999102,6.753504266275356e-11,6.884306081830444e-12,4,-2.1860452087962834e-06,-0.006807700129636545,-2.5052676058805713e-07,9.809999989733127,2.9000620121092588e-11,5.9124607852077126e-12,4,-2.4045981233331015e-06,0.1718655618727331,7.556318574344618e-06,0.0,0.0,nan,0,-0.07999644427592517,6.835516710941002e-15,-1.744014382227099e-11,2.622451808478993e-15,2
5.67,4.0,1.735980282093242e-05,8.44626591493301e-07,19.61999999999484,6.754730720525044e-11,6.885556290037534e-12,4,-2.186045208785875e-06,-0.0068077013822704785,-2.505268098850694e-07,9.809999989729755,2.904152044116232e-11,5.920799280645535e-12,4,-2.404598210561937e-06,0.1718655996543184,7.5563157005739645e-06,0.0,0.0,nan,0,-0.07999644427583794,-3.4318536628526046e-16,-1.7442564996643085e-11,5.850092185669248e-15,2
5.675,4.0,1.7364025954397152e-05,8.446267847264064e-07,19.62000000000176,6.752854074637459e-11,6.8836432972852734e-12,4,-2.186045208799753e-06,-0.006807702634904657,-2.505268592445271e-07,9.809999989735374,2.899044667762769e-11,5.9103866886771955e-12,4,-2.4045982978254665e-06,0.1718656374358894,7.556312826829761e-06,0.0,0.0,nan,0,-0.07999644427575067,-7.303839641475142e-15,-1.7444281845528363e-11,1.8821550956589378e-15,2
5.68,4.0,1.7368249088828062e-05,8.446269779879656e-07,19.61999999999548,6.75201684884289e-11,6.882789856110547e-12,4,-2.1860452088136306e-06,-0.006807703887539084,-2.505269085963946e-07,9.809999989729565,2.9005354913223858e-11,5.913426084320201e-12,4,-2.4045983850265462e-06,0.171865675217446,7.556309953066395e-06,0.0,0.0,nan,0,-0.07999644427566346,1.0992163873077422e-15,-1.7432334069426563e-11,5.3180733122688715e-15,2
5.6850000000000005,4.0,1.7372472224225627e-05,8.446271713810919e-07,19.620000000000868,6.753621489625935e-11,6.884425575561301e-12,4,-2.1860452088136306e-06,-0.006807705140173754,-2.505269578830557e-07,9.809999989735559,2.8958078966840086e-11,5.903787767000943e-12,4,-2.4045984722415037e-06,0.1718657129989882,7.556307079122683e-06,0.0,0.0,nan,0,-0.07999644427557623,-2.2181300102722257e-15,-1.744516069807466e-11,1.6467878144384021e-15,2
5.69,4.0,1.737669536059003e-05,8.4462736473125e-07,19.620000000000022,6.758875156067895e-11,6.889780994972362e-12,4,-2.1860452088136306e-06,-0.006807706392808675,-2.5052700716617686e-07,9.809999989734,2.9066336275912256e-11,5.925858574175268e-12,4,-2.404598559477278e-06,0.17186575078051605,7.556304205164003e-06,0.0,0.0,nan,0,-0.07999644427548899,-3.626336894706774e-15,-1.7443696535949788e-11,5.908267872159603e-15,2
5.695,4.0,1.7380918497921316e-05,8.446275581107851e-07,19.620000000001497,6.756555892456628e-11,6.887416811881868e-12,4,-2.1860452088136306e-06,-0.006807707645443839,-2.505270564176714e-07,9.809999989734921,2.905080046404718e-11,5.9226912323028795e-12,4,-2.4045986466991742e-06,0.17186578856202955,7.55630133119805e-06,0.0,0.0,nan,0,-0.07999644427540178,-2.518778405340718e-15,-1.7444182369545366e-11,4.171047923635784e-16,2
5.7,4.0,1.7385141636219406e-05,8.446277514658626e-07,19.61999999999813,6.768330949164363e-11,6.8994199277930776e-12,4,-2.1860452088136306e-06,-0.006807708898079251,-2.5052710559761556e-07,9.809999989731255,2.916853622416511e-11,5.9466944454021724e-12,4,-2.4045987338655594e-06,0.17186582634352865,7.556298457107291e-06,0.0,0.0,nan,0,-0.0799964442753146,7.448331978473925e-16,-1.7443240456331264e-11,5.329619631724969e-15,2
5.705,4.0,1.738936477548423e-05,8.446279447732031e-07,19.620000000002758,6.752024309850074e-11,6.882797461619903e-12,4,-2.1860452088136306e-06,-0.006807710150714907,-2.505271549390956e-07,9.809999989735122,2.901093980033216e-11,5.914564695349297e-12,4,-2.4045988210388836e-06,0.1718658641250134,7.556295583158972e-06,0.0,0.0,nan,0,-0.07999644427522744,6.7604656344763415e-15,-1.7436831804943913e-11,1.715234593164927e-16,2
5.71,4.0,1.7393587915715474e-05,8.446281381038967e-07,19.62000000000357,6.757948981150714e-11,6.888836881905692e-12,4,-2.1860452087962834e-06,-0.006807711403350811,-2.5052720418579083e-07,9.80999998973582,2.9016675599748024e-11,5.915734073416535e-12,4,-2.4045989082191466e-06,0.17186590190648376,7.556292709121825e-06,0.0,0.0,nan,0,-0.07999644427514027,1.4127433694618881e-15,-1.7442189741260758e-11,4.147010065894253e-15,2
5.715,4.0,1.7397811056913528e-05,8.446283314509762e-07,19.619999999996473,6.76866313076881e-11,6.8997585430887126e-12,4,-2.1860452087962834e-06,-0.006807712655986961,-2.505272534384763e-07,9.809999989732287,2.913474070942752e-11,5.93980443219605e-12,4,-2.4045989954549207e-06,0.17186593968793976,7.556289834953711e-06,0.0,0.0,nan,0,-0.07999644427505304,-3.1982348964113122e-15,-1.7454397309550327e-11,-1.495587434460643e-15,2
5.72,4.0,1.7402034199078215e-05,8.446285247409099e-07,19.620000000004485,6.759612649321333e-11,6.890532771987552e-12,4,-2.1860452088171e-06,-0.006807713908623359,-2.5052730279513356e-07,9.809999989738065,2.9084950461724634e-11,5.9296535152190605e-12,4,-2.4045990827184505e-06,0.1718659774693814,7.556286961039306e-06,0.0,0.0,nan,0,-0.07999644427496574,-6.935689686509441e-15,-1.7447451310219068e-11,3.1824483020999168e-15,2
5.7250000000000005,4.0,1.7406257342209075e-05,8.446287179562575e-07,19.61999999999518,6.756110687835889e-11,6.886962984543882e-12,4,-2.186045208824039e-06,-0.006807715161260002,-2.5052735212458604e-07,9.80999998972951,2.9045208584097552e-11,5.921551195617975e-12,4,-2.4045991699125913e-06,0.17186601525080863,7.556284087016401e-06,0.0,0.0,nan,0,-0.07999644427487856,1.3359159361578263e-15,-1.7431228731383245e-11,4.4325594278278436e-15,2
5.73,4.0,1.7410480486306664e-05,8.446289113826432e-07,19.61999999999951,6.75541042460806e-11,6.886249158622048e-12,4,-2.186045208824039e-06,-0.006807716413896892,-2.5052740142945857e-07,9.809999989733685,2.9005196334754987e-11,5.9133937543546114e-12,4,-2.404599257106732e-06,0.17186605303222152,7.556281212868909e-06,0.0,0.0,nan,0,-0.07999644427479136,-8.490029763044818e-16,-1.7445906767947205e-11,2.4727937447595164e-15,2
5.735,4.0,1.741470363137105e-05,8.446291047006042e-07,19.61999999999977,6.766244566383493e-11,6.8972931359669445e-12,4,-2.186045208824039e-06,-0.006807717666534028,-2.5052745070127925e-07,9.809999989733313,2.9129039936472706e-11,5.938642195098429e-12,4,-2.4045993443147506e-06,0.17186609081362006,7.556278338677995e-06,0.0,0.0,nan,0,-0.07999644427470415,-1.204718433394382e-15,-1.7444227222555545e-11,6.1249834065664314e-15,2
5.74,4.0,1.741892677740222e-05,8.446292980802589e-07,19.619999999999056,6.761957634649817e-11,6.892923174974661e-12,4,-2.186045208824039e-06,-0.006807718919171411,-2.505274999485723e-07,9.80999998973233,2.9078930332854455e-11,5.928426169885835e-12,4,-2.4045994315227692e-06,0.1718661285950042,7.5562754645556205e-06,0.0,0.0,nan,0,-0.07999644427461694,1.3936475334383346e-15,-1.744440219370422e-11,1.3838870022071622e-15,2
5.745,4.0,1.7423149924400184e-05,8.446294914386064e-07,19.62000000000828,6.75659643105728e-11,6.887458135631426e-12,4,-2.186045208824039e-06,-0.00680772017180904,-2.5052754922386335e-07,9.809999989741016,2.9022622343986394e-11,5.916946457561126e-12,4,-2.40459951871691e-06,0.17186616637637397,7.556272590320236e-06,0.0,0.0,nan,0,-0.07999644427452976,6.417184675262243e-15,-1.743941551596681e-11,6.19026452041439e-15,2
5.75,4.0,1.7427373072364838e-05,8.446296847965588e-07,19.620000000002648,6.764777096573597e-11,6.895797244212727e-12,4,-2.1860452088066917e-06,-0.0068077214244469135,-2.505275983863683e-07,9.809999989735832,2.905997423427275e-11,5.924561521850784e-12,4,-2.4045996059388064e-06,0.17186620415772935,7.556269715901182e-06,0.0,0.0,nan,0,-0.07999644427444255,-7.898012848465326e-18,-1.7453258220727045e-11,1.3097241041622019e-15,2
5.755,4.0,1.7431596221296336e-05,8.446298781133232e-07,19.61999999999517,6.757513614048327e-11,6.888393082619767e-12,4,-2.1860452088066917e-06,-0.006807722677085036,-2.5052764767422816e-07,9.809999989730013,2.9046111426396723e-11,5.921735261326156e-12,4,-2.4045996931190694e-06,0.1718662419390704,7.556266841788117e-06,0.0,0.0,nan,0,-0.07999644427435537,2.683282598842914e-15,-1.7445305471157052e-11,5.364258590093274e-15,2
5.76,4.0,1.743581937119429e-05,8.446300713885512e-07,19.619999999998058,6.76238457817654e-11,6.893358387540478e-12,4,-2.1860452088066917e-06,-0.006807723929723403,-2.505276970291754e-07,9.809999989733337,2.9090928191763733e-11,5.930872216556344e-12,4,-2.404599780382599e-06,0.17186627972039709,7.556263967638458e-06,0.0,0.0,nan,0,-0.07999644427426811,-5.623406071402507e-15,-1.7444418625004977e-11,8.922802469031428e-16,2
5.765,4.0,1.7440042522058603e-05,8.44630264692964e-07,19.6200000000268,6.751592913151863e-11,6.882357709625526e-12,4,-2.1860452088275084e-06,-0.006807725182362018,-2.5052774635634203e-07,9.809999989751358,2.8945929607125702e-11,5.901310833305997e-12,4,-2.4045998676044955e-06,0.17186631750170936,7.556261093455594e-06,0.0,0.0,nan,0,-0.07999644427418084,-4.331994649158525e-15,-1.744645699447819e-11,5.175520675906997e-15,2
5.7700000000000005,4.0,1.7444265673889454e-05,8.446304579961854e-07,19.619999999997994,6.763358023495791e-11,6.894350686540758e-12,4,-2.1860452088275084e-06,-0.006807726435000879,-2.505277956379269e-07,9.809999989731951,2.9076653180104915e-11,5.927961918560493e-12,4,-2.404599954763942e-06,0.17186635528300728,7.55625821914996e-06,0.0,0.0,nan,0,-0.07999644427409369,2.2080793022431737e-16,-1.744476989956997e-11,-1.686488754286562e-16,2
5.775,4.0,1.7448488826687068e-05,8.44630651380169e-07,19.620000000001127,6.758226804459647e-11,6.889120086095064e-12,4,-2.1860452088275084e-06,-0.006807727687639987,-2.505278449428835e-07,9.809999989734807,2.903574762776962e-11,5.919622356402172e-12,4,-2.4046000419788993e-06,0.17186639306429083,7.55625534484156e-06,0.0,0.0,nan,0,-0.07999644427400648,-9.80453382420102e-16,-1.7444233439804472e-11,4.175431775324657e-15,2
5.78,4.0,1.74527119804515e-05,8.446308447297559e-07,19.62000000000151,6.757409985921601e-11,6.8882874474221006e-12,4,-2.1860452088275084e-06,-0.00680772894027934,-2.505278942125797e-07,9.809999989735106,2.9048211169153838e-11,5.922163343435072e-12,4,-2.404600129179979e-06,0.17186643084556,7.556252470379527e-06,0.0,0.0,nan,0,-0.07999644427391928,8.904944586782119e-16,-1.744372140494551e-11,4.8335719843224495e-15,2
5.785,4.0,1.7456935135182645e-05,8.446310380739852e-07,19.620000000000655,6.759845342870615e-11,6.8907699723449434e-12,4,-2.1860452088275084e-06,-0.006807730192918942,-2.50527943442861e-07,9.809999989732908,2.9034360945138505e-11,5.91933964842522e-12,4,-2.404600216360242e-06,0.17186646862681484,7.5562495960710674e-06,0.0,0.0,nan,0,-0.0799964442738321,4.588869398309533e-15,-1.7444294280026216e-11,3.368077591817243e-15,2
5.79,4.0,1.7461158290880553e-05,8.446312314076202e-07,19.619999999992,6.760043986494791e-11,6.890972463300252e-12,4,-2.186045208810161e-06,-0.006807731445558786,-2.5052799267347735e-07,9.809999989729304,2.9039254760065665e-11,5.920337368087392e-12,4,-2.4046003035751995e-06,0.17186650640805526,7.556246721483102e-06,0.0,0.0,nan,0,-0.07999644427374489,4.4152026751979757e-16,-1.7456190541779683e-11,6.406091876401522e-15,2
5.795,4.0,1.7465381447545252e-05,8.446314247472016e-07,19.62000000000276,6.749458166425352e-11,6.880181617150257e-12,4,-2.186045208810161e-06,-0.00680773269819888,-2.505280420652636e-07,9.80999998973527,2.903576669703887e-11,5.919626244122437e-12,4,-2.4046003908248514e-06,0.1718665441892813,7.556243847294165e-06,0.0,0.0,nan,0,-0.07999644427365765,5.5294503447719654e-15,-1.7431309111530204e-11,1.307503658112953e-15,2
5.8,4.0,1.746960460517619e-05,8.446316180279857e-07,19.62000000000023,6.756368827721479e-11,6.887226124078899e-12,4,-2.186045208810161e-06,-0.006807733950839218,-2.505280913349866e-07,9.809999989736331,2.904234323290876e-11,5.9209670261557966e-12,4,-2.404600478046748e-06,0.171866581970493,7.55624097288453e-06,0.0,0.0,nan,0,-0.07999644427357042,-2.065363322083805e-15,-1.7447455751111148e-11,5.728411742170326e-15,2
5.805,4.0,1.747382776377382e-05,8.446318113668538e-07,19.62000000000152,6.758444318626148e-11,6.88934181307403e-12,4,-2.186045208824039e-06,-0.0068077352034798064,-2.50528140631965e-07,9.809999989734823,2.903726538325352e-11,5.919931786674433e-12,4,-2.4046005653102775e-06,0.17186661975169032,7.556238098508901e-06,0.0,0.0,nan,0,-0.07999644427348315,-6.8410986848113795e-15,-1.744365878836693e-11,3.704754253293196e-16,2
5.8100000000000005,4.0,1.7478050923338155e-05,8.44632004704216e-07,19.620000000019964,6.752360428056504e-11,6.883140089754978e-12,4,-2.1860452088379168e-06,-0.006807736456120638,-2.505281899633892e-07,9.80999998974638,2.8975601128304285e-11,5.907360073107074e-12,4,-2.4046006524905406e-06,0.17186665753287328,7.556235224109052e-06,0.0,0.0,nan,0,-0.07999644427339594,-2.3984302294713517e-15,-1.7436921066875093e-11,5.5814182137099555e-15,2
5.815,4.0,1.748227408386903e-05,8.446321980125764e-07,19.61999999999884,6.769682261753645e-11,6.900797412593319e-12,4,-2.1860452088379168e-06,-0.006807737708761717,-2.5052823917528523e-07,9.809999989732624,2.916945747561837e-11,5.946882264250317e-12,4,-2.404600739643048e-06,0.17186669531404186,7.556232349536519e-06,0.0,0.0,nan,0,-0.07999644427330879,1.772899718650286e-15,-1.7436800718699227e-11,3.652033952207419e-17,2
5.82,4.0,1.748649724536683e-05,8.44632391397384e-07,19.620000000000324,6.759042376399127e-11,6.8899514540255e-12,4,-2.1860452088379168e-06,-0.006807738961403041,-2.5052828846232e-07,9.80999998973359,2.905181616258016e-11,5.922898306418677e-12,4,-2.4046008268649444e-06,0.17186673309519607,7.556229474919599e-06,0.0,0.0,nan,0,-0.07999644427322158,2.08287398712563e-15,-1.744131532960656e-11,4.9454824652046664e-15,2
5.825,4.0,1.749072040783126e-05,8.446325847242776e-07,19.62000000000022,6.75866197536264e-11,6.889563685384876e-12,4,-2.1860452088379168e-06,-0.006807740214044613,-2.5052833771653986e-07,9.809999989733198,2.905186277829815e-11,5.922907810133091e-12,4,-2.4046009140313296e-06,0.1718667708763359,7.556226600363755e-06,0.0,0.0,nan,0,-0.07999644427313442,5.0640448528491e-15,-1.7443918136465488e-11,-4.133420300560395e-16,2
5.83,4.0,1.7494943571262362e-05,8.446327780253334e-07,19.62000000000289,6.760023195272101e-11,6.890951269389507e-12,4,-2.1860452088171e-06,-0.006807741466686431,-2.505283870320576e-07,9.809999989736472,2.9046416442781592e-11,5.921797446110267e-12,4,-2.4046010012254704e-06,0.17186680865746135,7.5562237259645445e-06,0.0,0.0,nan,0,-0.07999644427304725,6.749363404230088e-15,-1.744375027074416e-11,4.34063296138888e-15,2
5.835,4.0,1.7499166735659984e-05,8.446329713468364e-07,19.62000000000527,6.758100038433746e-11,6.888990864864354e-12,4,-2.1860452088171e-06,-0.006807742719328496,-2.505284363627332e-07,9.809999989737292,2.9057352767594826e-11,5.924027074004711e-12,4,-2.404601088489e-06,0.17186684643857242,7.556220851304696e-06,0.0,0.0,nan,0,-0.07999644427295999,3.0159054170206118e-15,-1.7439931547628655e-11,-7.002236596191808e-16,2
5.84,4.0,1.750338990102417e-05,8.446331646944854e-07,19.61999999999646,6.759479345311821e-11,6.8903968861498886e-12,4,-2.186045208824039e-06,-0.006807743971970807,-2.5052848559166984e-07,9.809999989731686,2.9062709081267898e-11,5.9251190849517615e-12,4,-2.404601175738652e-06,0.17186688421966914,7.556217976733007e-06,0.0,0.0,nan,0,-0.07999644427287272,-7.351801276138951e-15,-1.7458497141135652e-11,3.48798167847676e-15,2
5.845,4.0,1.7507613067355196e-05,8.446333580040332e-07,19.61999999999632,6.757605923096555e-11,6.888487179508483e-12,4,-2.1860452088448556e-06,-0.006807745224613364,-2.505285349162824e-07,9.809999989730066,2.9091375794051133e-11,5.930963470847387e-12,4,-2.4046012629605484e-06,0.1718669220007515,7.556215102096368e-06,0.0,0.0,nan,0,-0.07999644427278549,9.571078401557196e-16,-1.7439173487347443e-11,2.7157105425475013e-15,2
5.8500000000000005,4.0,1.7511836234652815e-05,8.446335513834052e-07,19.6199999999997,6.757393860009315e-11,6.888271009183913e-12,4,-2.1860452088448556e-06,-0.006807746477256168,-2.505285841577708e-07,9.80999998973452,2.9036442526983975e-11,5.9197640280058274e-12,4,-2.4046013501963226e-06,0.17186695978181943,7.556212227424906e-06,0.0,0.0,nan,0,-0.07999644427269824,-3.626336894706777e-15,-1.7444858273322737e-11,3.0079212426288414e-15,2
5.855,4.0,1.751605940291727e-05,8.446337447203031e-07,19.61999999999683,6.762384526990265e-11,6.8933583353632595e-12,4,-2.186045208848325e-06,-0.006807747729899219,-2.505286333990068e-07,9.809999989731297,2.9076760699268988e-11,5.927983838879784e-12,4,-2.404601437418219e-06,0.17186699756287305,7.556209352689306e-06,0.0,0.0,nan,0,-0.07999644427261102,-6.9858717672225025e-15,-1.744494753525391e-11,4.9548083386115165e-15,2
5.86,4.0,1.752028257214846e-05,8.44633938090647e-07,19.619999999997255,6.759127776011211e-11,6.890038507657652e-12,4,-2.186045208848325e-06,-0.006807748982542515,-2.5052868264624087e-07,9.809999989730905,2.9053671921834543e-11,5.923276646737592e-12,4,-2.404601524605421e-06,0.17186703534391226,7.556206478011969e-06,0.0,0.0,nan,0,-0.07999644427252384,-6.443194752785727e-15,-1.7444665538605658e-11,2.398630846714557e-15,2
5.865,4.0,1.7524505742346206e-05,8.446341313449647e-07,19.619999999998633,6.748050941983018e-11,6.878747137597847e-12,4,-2.186045208848325e-06,-0.006807750235186058,-2.505287320088512e-07,9.809999989731732,2.897161701788399e-11,5.9065478181873595e-12,4,-2.404601611771806e-06,0.1718670731249371,7.556203603400608e-06,0.0,0.0,nan,0,-0.07999644427243666,-4.303128850518276e-15,-1.7443932791409405e-11,5.548111522971201e-15,2
5.87,4.0,1.7528728913510434e-05,8.446343246819661e-07,19.620000000001347,6.761133062891786e-11,6.89208263291674e-12,4,-2.186045208848325e-06,-0.006807751487829848,-2.5052878131510884e-07,9.809999989734086,2.909523352267952e-11,5.93174995986278e-12,4,-2.4046016989937025e-06,0.17186711090594758,7.556200728778998e-06,0.0,0.0,nan,0,-0.07999644427234945,-2.2017265515680028e-16,-1.7441538706479095e-11,2.0891006674490643e-15,2
5.875,4.0,1.7532952085641243e-05,8.4463451798965e-07,19.620000000003266,6.766335254020219e-11,6.89738558003985e-12,4,-2.1860452088448556e-06,-0.006807752740473883,-2.5052883060658787e-07,9.809999989735227,2.912004190122309e-11,5.936807733270761e-12,4,-2.404601786153149e-06,0.17186714868694367,7.556197853907251e-06,0.0,0.0,nan,0,-0.0799964442722623,7.0899798281850805e-15,-1.7438054382538613e-11,4.505834147453106e-15,2
5.88,4.0,1.7537175258738815e-05,8.446347113836877e-07,19.61999999999854,6.762515158791261e-11,6.893491497239311e-12,4,-2.1860452088275084e-06,-0.0068077539931181656,-2.5052887986827496e-07,9.80999998973402,2.9097187434379403e-11,5.932148310872387e-12,4,-2.404601873395862e-06,0.1718671864679254,7.556194979179815e-06,0.0,0.0,nan,0,-0.07999644427217506,-1.5195776831780837e-15,-1.7448524673839253e-11,1.9127972511385905e-15,2
5.885,4.0,1.7541398432803162e-05,8.446349046881368e-07,19.620000000000505,6.748329487035202e-11,6.879031077507674e-12,4,-2.1860452088448556e-06,-0.006807755245762693,-2.5052892918355817e-07,9.809999989734473,2.8970646761536612e-11,5.906350008532622e-12,4,-2.4046019606663305e-06,0.17186722424889272,7.556192104354648e-06,0.0,0.0,nan,0,-0.07999644427208777,-6.653248949044807e-15,-1.7449151283714358e-11,5.015648560360978e-15,2
5.89,4.0,1.7545621607834036e-05,8.446350979927104e-07,19.61999999999443,6.772395209790699e-11,6.9035629049873815e-12,4,-2.186045208855264e-06,-0.006807756498407469,-2.5052897839376344e-07,9.809999989728798,2.916290333940956e-11,5.945546048918147e-12,4,-2.4046020478604713e-06,0.1718672620298457,7.556189229543955e-06,0.0,0.0,nan,0,-0.07999644427200056,4.659451740615473e-16,-1.744465887726751e-11,1.0312801695862149e-15,2
5.8950000000000005,4.0,1.7549844783831665e-05,8.44635291380453e-07,19.620000000000555,6.766828856139857e-11,6.897888742242268e-12,4,-2.186045208855264e-06,-0.0068077577510524895,-2.505290276983252e-07,9.809999989734491,2.9129823220166723e-11,5.938801885963126e-12,4,-2.4046021351101232e-06,0.17186729981078433,7.556186354593467e-06,0.0,0.0,nan,0,-0.07999644427191333,-3.395410505584747e-15,-1.7445417381637944e-11,4.738092804204688e-15,2
5.9,4.0,1.755406796079605e-05,8.446354846997407e-07,19.619999999999692,6.758870169989405e-11,6.8897759123236605e-12,4,-2.186045208855264e-06,-0.006807759003697758,-2.50529076972972e-07,9.809999989733315,2.9032398622870184e-11,5.918939582722554e-12,4,-2.404602222318142e-06,0.17186733759170855,7.556183479896679e-06,0.0,0.0,nan,0,-0.07999644427182612,-4.519400295715256e-15,-1.7445692272858837e-11,5.47667020059497e-16,2
5.905,4.0,1.7558291138727123e-05,8.446356780579782e-07,19.620000000002022,6.766516233648667e-11,6.897570064880703e-12,4,-2.186045208855264e-06,-0.006807760256343272,-2.505291262473248e-07,9.80999998973506,2.914424054023816e-11,5.94174119688766e-12,4,-2.4046023095122826e-06,0.1718673753726184,7.556180604900408e-06,0.0,0.0,nan,0,-0.07999644427173891,-4.073090639815944e-15,-1.744306592927179e-11,4.999661348806375e-15,2
5.91,4.0,1.7562514317624905e-05,8.446358713787126e-07,19.620000000001554,6.771054321611903e-11,6.9021960464947676e-12,4,-2.186045208855264e-06,-0.006807761508989033,-2.5052917550662473e-07,9.809999989734438,2.918541401419144e-11,5.9501353811890284e-12,4,-2.40460239666479e-06,0.17186741315351386,7.556177729963224e-06,0.0,0.0,nan,0,-0.07999644427165176,-3.693866296664212e-16,-1.744225635464223e-11,-2.9921110312457203e-16,2
5.915,4.0,1.7566737497489315e-05,8.446360647122401e-07,19.62000000000252,6.7564905702097e-11,6.887350224473835e-12,4,-2.186045208855264e-06,-0.006807762761635039,-2.5052922481131515e-07,9.809999989734788,2.905524503190193e-11,5.923597362345652e-12,4,-2.4046024838172975e-06,0.17186745093439496,7.556174855050868e-06,0.0,0.0,nan,0,-0.0799964442715646,5.842977326926105e-15,-1.7438655235239554e-11,4.2784604720098744e-15,2
5.92,4.0,1.7570960678320243e-05,8.446362580231531e-07,19.620000000000307,6.761767858747568e-11,6.892729723493845e-12,4,-2.1860452088275084e-06,-0.006807764014281293,-2.5052927406444223e-07,9.809999989734656,2.9063697298852416e-11,5.925320556425105e-12,4,-2.4046025710461327e-06,0.17186748871526172,7.556171980118442e-06,0.0,0.0,nan,0,-0.07999644427147741,-1.1776289915935365e-15,-1.74546131369063e-11,-8.538785262272987e-16,2
5.925,4.0,1.7575183860117927e-05,8.446364513449879e-07,19.619999999998708,6.745226722696978e-11,6.875868218855681e-12,4,-2.1860452088275084e-06,-0.006807765266927792,-2.505293234378211e-07,9.809999989734285,2.894354523983686e-11,5.900824723776748e-12,4,-2.404602658337418e-06,0.17186752649611406,7.55616910529468e-06,0.0,0.0,nan,0,-0.07999644427139012,-6.751836753631521e-15,-1.7447092930226702e-11,3.3782916436437982e-15,2
5.93,4.0,1.7579407042882035e-05,8.446366446420457e-07,19.62000000002127,6.744635342288188e-11,6.8752653845880486e-12,4,-2.1860452088587334e-06,-0.0068077665195745395,-2.5052937281878536e-07,9.809999989747686,2.8922383949992604e-11,5.896510495457501e-12,4,-2.404602745580131e-06,0.17186756427695205,7.556166230404028e-06,0.0,0.0,nan,0,-0.07999644427130284,-2.576065913411382e-15,-1.743612881172471e-11,-2.20790652706014e-15,2
5.9350000000000005,4.0,1.7583630226612634e-05,8.446368379872978e-07,19.6199999999967,6.765520796814038e-11,6.896555348435449e-12,4,-2.1860452088587334e-06,-0.006807767772221531,-2.505294219741279e-07,9.80999998973105,2.909574796966869e-11,5.931854842023578e-12,4,-2.404602832760394e-06,0.17186760205777563,7.55616335522846e-06,0.0,0.0,nan,0,-0.07999644427121566,-9.915556126663582e-16,-1.7446522275592033e-11,2.3364583573355497e-15,2
5.94,4.0,1.7587853411310254e-05,8.446370313672141e-07,19.619999999997646,6.755225306238837e-11,6.886060454882413e-12,4,-2.1860452088587334e-06,-0.006807769024868771,-2.5052947130729333e-07,9.809999989731423,2.9034194430823674e-11,5.919305700553536e-12,4,-2.4046029199961683e-06,0.17186763983858486,7.556160480083028e-06,0.0,0.0,nan,0,-0.07999644427112843,-3.996263206511881e-15,-1.7438947001850416e-11,-4.1778292215453836e-16,2
5.945,4.0,1.759207659697457e-05,8.446372247348285e-07,19.62000000000061,6.755711421242961e-11,6.886555984956933e-12,4,-2.1860452088587334e-06,-0.006807770277516255,-2.5052952053885866e-07,9.8099999897341,2.900566807321447e-11,5.9134899293716855e-12,4,-2.4046030072180646e-06,0.17186767761937974,7.5561576050408075e-06,0.0,0.0,nan,0,-0.07999644427104122,-3.767557263439099e-15,-1.7443994963898787e-11,1.4056473734898194e-15,2
5.95,4.0,1.7596299783605707e-05,8.446374180619956e-07,19.620000000002076,6.76689110956578e-11,6.8979522013915025e-12,4,-2.1860452088587334e-06,-0.006807771530163987,-2.50529569784182e-07,9.809999989734704,2.916427686572294e-11,5.945826074666824e-12,4,-2.4046030944122054e-06,0.1718677154001602,7.556154729863615e-06,0.0,0.0,nan,0,-0.07999644427095401,-1.017756876047512e-15,-1.7445360982308283e-11,2.570937460136384e-15,2
5.955,4.0,1.7600522971203473e-05,8.446376113560286e-07,19.620000000001415,6.757281305924602e-11,6.888156275152003e-12,4,-2.1860452088587334e-06,-0.0068077727828119656,-2.50529619089003e-07,9.809999989733848,2.9061095991343985e-11,5.924790218502831e-12,4,-2.404603181564713e-06,0.17186775318092629,7.556151854865206e-06,0.0,0.0,nan,0,-0.07999644427086686,3.669160644710048e-15,-1.742938265253788e-11,4.997053853956921e-16,2
5.96,4.0,1.7604746159767778e-05,8.446378047161086e-07,19.619999999989815,6.768578824384248e-11,6.8996726038611225e-12,4,-2.186045208841386e-06,-0.006807774035460191,-2.5052966825928316e-07,9.809999989726872,2.9110463459176184e-11,5.9348549418269e-12,4,-2.404603268744976e-06,0.17186779096167804,7.5561489796926335e-06,0.0,0.0,nan,0,-0.0799964442707797,5.427726073656082e-16,-1.7444542525894535e-11,3.3019082995495872e-15,2
5.965,4.0,1.7608969349299076e-05,8.446379980908065e-07,19.619999999995088,6.763373354469451e-11,6.894366314445611e-12,4,-2.186045208841386e-06,-0.006807775288108661,-2.5052971756690347e-07,9.80999998973049,2.9114833669033045e-11,5.93574591223479e-12,4,-2.4046033559321778e-06,0.17186782874241538,7.5561461044262896e-06,0.0,0.0,nan,0,-0.07999644427069251,3.700219047339337e-16,-1.744650495611286e-11,-1.3166194828910648e-15,2
5.97,4.0,1.76131925397969e-05,8.4463819134787e-07,19.61999999999697,6.754183512576128e-11,6.884998483768778e-12,4,-2.1860452088517945e-06,-0.006807776540757379,-2.5052976689644414e-07,9.809999989730558,2.8996081434679188e-11,5.911535466877324e-12,4,-2.404603443216524e-06,0.17186786652313837,7.556143229436059e-06,0.0,0.0,nan,0,-0.07999644427060522,-7.223459494492288e-15,-1.745223281874151e-11,2.7312536648922555e-15,2
5.9750000000000005,4.0,1.7617415731261012e-05,8.446383845907205e-07,19.62000000000348,6.751764723866196e-11,6.882532847976553e-12,4,-2.1860452088691418e-06,-0.0068077777934063425,-2.505298163907372e-07,9.80999998973543,2.9059352940913506e-11,5.924434856538102e-12,4,-2.4046035304522984e-06,0.17186790430384696,7.556140354540638e-06,0.0,0.0,nan,0,-0.07999644427051797,7.985679922392436e-16,-1.7435420933524215e-11,-3.319905908524698e-15,2
5.98,4.0,1.7621638923691318e-05,8.446385779190001e-07,19.61999999999951,6.745495137026864e-11,6.876141831831837e-12,4,-2.1860452088691418e-06,-0.006807779046055554,-2.5052986563993635e-07,9.8099999897338,2.8906010954026117e-11,5.8931724738585855e-12,4,-2.404603617653378e-06,0.17186794208454118,7.556137479255407e-06,0.0,0.0,nan,0,-0.07999644427043076,-4.471022413901821e-16,-1.7445497761784925e-11,1.7711327931964203e-15,2
5.985,4.0,1.762586211708859e-05,8.446387713059426e-07,19.619999999999884,6.76080342124129e-11,6.89174660676996e-12,4,-2.1860452088691418e-06,-0.0068077802987050115,-2.505299149135896e-07,9.809999989733482,2.9083784629879446e-11,5.9294158328882104e-12,4,-2.4046037048822133e-06,0.17186797986522104,7.556134603968168e-06,0.0,0.0,nan,0,-0.07999644427034353,-1.4556288369596742e-15,-1.744420768263031e-11,-3.9180940741927316e-15,2
5.99,4.0,1.763008531145269e-05,8.446389646644101e-07,19.619999999998864,6.762153906768763e-11,6.893123248490474e-12,4,-2.1860452088691418e-06,-0.006807781551354716,-2.5052996415659504e-07,9.809999989732056,2.909348343232345e-11,5.931393162645271e-12,4,-2.404603792076354e-06,0.17186801764588652,7.556131728771123e-06,0.0,0.0,nan,0,-0.07999644427025634,2.14118750016341e-17,-1.74390047334477e-11,8.247786870059373e-16,2
5.995,4.0,1.7634308506783753e-05,8.446391581010692e-07,19.62000000000504,6.763996844764023e-11,6.895001880491627e-12,4,-2.1860452088691418e-06,-0.006807782804004666,-2.50530013376037e-07,9.809999989737403,2.9078911314713178e-11,5.928422292585868e-12,4,-2.404603879263556e-06,0.17186805542653763,7.556128853322888e-06,0.0,0.0,nan,0,-0.07999644427016915,4.10392398115326e-15,-1.7438458059630383e-11,-4.7374386663660974e-15,2
6.0,4.0,1.7638531703081733e-05,8.446393514274468e-07,19.62000000000614,6.759484874536479e-11,6.890402522461125e-12,4,-2.186045208848325e-06,-0.006807784056654862,-2.505300626421422e-07,9.809999989738778,2.9076735774428336e-11,5.927978757358306e-12,4,-2.40460396643688e-06,0.17186809320717433,7.556125977829091e-06,0.0,0.0,nan,0,-0.079996444270082,7.038021390632626e-15,-1.7437742631913322e-11,-4.741252113958653e-17,2
6.005,4.0,1.764275490034619e-05,8.446395447128398e-07,19.620000000002,6.75584700350715e-11,6.88669419317682e-12,4,-2.186045208848325e-06,-0.0068077853093053056,-2.5053011191300224e-07,9.809999989734862,2.9044216428807293e-11,5.921348921345366e-12,4,-2.40460405363796e-06,0.17186813098779666,7.556123102587091e-06,0.0,0.0,nan,0,-0.0799964442699948,4.312645909782792e-15,-1.7433690761962648e-11,-6.784062479269062e-17,2
6.01,4.0,1.7646978098577148e-05,8.44639738033462e-07,19.619999999999553,6.75616736522983e-11,6.8870207596635915e-12,4,-2.186045208848325e-06,-0.006807786561955993,-2.5053016122540913e-07,9.809999989734854,2.9029689199566416e-11,5.918387202842604e-12,4,-2.404604140880673e-06,0.17186816876840463,7.556120227332979e-06,0.0,0.0,nan,0,-0.07999644426990755,-3.2688450807774776e-15,-1.7451300675490044e-11,-1.1314342823835907e-15,2
6.015000000000001,4.0,1.765120129777473e-05,8.446399313302566e-07,19.619999999997965,6.750165634119157e-11,6.880902787074268e-12,4,-2.1860452088656723e-06,-0.006807787814606929,-2.5053021052509317e-07,9.809999989732125,2.8962695197132208e-11,5.90472889448455e-12,4,-2.404604228130325e-06,0.1718682065489982,7.556117351918553e-06,0.0,0.0,nan,0,-0.07999644426982029,-6.597293708603696e-15,-1.744368721007637e-11,1.6689922749309046e-15,2
6.0200000000000005,4.0,1.765542449793893e-05,8.446401246649347e-07,19.61999999999773,6.765323657971484e-11,6.896354391409038e-12,4,-2.1860452088760807e-06,-0.00680778906725811,-2.505302598165326e-07,9.809999989731079,2.9142469577948806e-11,5.9413801444351864e-12,4,-2.4046043153244656e-06,0.17186824432957745,7.556114476628532e-06,0.0,0.0,nan,0,-0.07999644426973308,2.1823499701320408e-15,-1.7429453706811467e-11,-3.389627914471159e-15,2
6.025,4.0,1.765964769906974e-05,8.446403180219908e-07,19.61999999999741,6.766554150874489e-11,6.897608716488666e-12,4,-2.1860452088760807e-06,-0.006807790319909539,-2.5053030906345814e-07,9.809999989731264,2.912228884931318e-11,5.937265826666114e-12,4,-2.404604402490851e-06,0.17186828211014227,7.55611160107755e-06,0.0,0.0,nan,0,-0.07999644426964592,5.907342420294165e-16,-1.7445620774496055e-11,5.800855323785501e-16,2
6.03,4.0,1.7663870901167565e-05,8.446405114103262e-07,19.620000000002896,6.766261576159272e-11,6.8973104751868226e-12,4,-2.1860452088760807e-06,-0.0068077915725612125,-2.505303583394675e-07,9.809999989735914,2.9142934243592124e-11,5.941474877489099e-12,4,-2.404604489712747e-06,0.1718683198906927,7.556108725719993e-06,0.0,0.0,nan,0,-0.0799964442695587,1.1840374263891001e-15,-1.744393057096337e-11,-5.103368175282552e-15,2
6.035,4.0,1.766809410423209e-05,8.446407047189856e-07,19.62000000000091,6.758229599549054e-11,6.889122935319817e-12,4,-2.1860452088760807e-06,-0.006807792825213134,-2.5053040762120904e-07,9.809999989733747,2.906805315107685e-11,5.926208599693543e-12,4,-2.404604576913827e-06,0.17186835767122877,7.5561058502122565e-06,0.0,0.0,nan,0,-0.0799964442694715,4.292217806129689e-15,-1.7443288417965922e-11,-1.2335177602394964e-16,2
6.04,4.0,1.767231730826309e-05,8.446408980294317e-07,19.62000000000339,6.74767992491078e-11,6.878368934668312e-12,4,-2.186045208862203e-06,-0.006807794077865301,-2.505304569217684e-07,9.809999989736111,2.892479016238667e-11,5.89700105864419e-12,4,-2.4046046641218455e-06,0.17186839545175048,7.556102974838126e-06,0.0,0.0,nan,0,-0.07999644426938429,6.915008679504159e-15,-1.7444154391925122e-11,-5.905393288271764e-15,2
6.045,4.0,1.7676540513260694e-05,8.446410913380423e-07,19.620000000005042,6.751163848281609e-11,6.881920334637996e-12,4,-2.186045208855264e-06,-0.006807795330517716,-2.505305062805538e-07,9.809999989736381,2.9007396786252883e-11,5.913842368318368e-12,4,-2.4046047513714974e-06,0.17186843323225784,7.556100099383277e-06,0.0,0.0,nan,0,-0.07999644426929706,2.3004776999521574e-15,-1.7439017167945576e-11,-1.4374117479702837e-15,2
6.05,4.0,1.7680763719224844e-05,8.446412846704376e-07,19.620000000000864,6.752662016070292e-11,6.883447518929658e-12,4,-2.1860452088656723e-06,-0.006807796583170375,-2.505305555674898e-07,9.809999989734921,2.900271962692514e-11,5.912888819015958e-12,4,-2.4046048386142105e-06,0.17186847101275077,7.556097223874102e-06,0.0,0.0,nan,0,-0.07999644426920982,-7.504567964327376e-15,-1.7455451133245285e-11,-7.196360621305897e-15,2
6.055,4.0,1.7684986926155595e-05,8.446414779552358e-07,19.61999999999747,6.75972592774681e-11,6.890648244391112e-12,4,-2.18604520887955e-06,-0.006807797835823284,-2.505306048513324e-07,9.809999989731828,2.9084332750395563e-11,5.929527580191288e-12,4,-2.404604925822229e-06,0.17186850879322935,7.556094348444285e-06,0.0,0.0,nan,0,-0.07999644426912259,-1.2336120740948507e-16,-1.743363169809772e-11,-1.5764116706533535e-15,2
6.0600000000000005,4.0,1.768921013405308e-05,8.446416713900518e-07,19.62000000000218,6.758493012304573e-11,6.889391449850991e-12,4,-2.18604520887955e-06,-0.006807799088476436,-2.5053065408217977e-07,9.809999989736543,2.9050308316026837e-11,5.922590896313958e-12,4,-2.4046050130441254e-06,0.17186854657369352,7.556091472624715e-06,0.0,0.0,nan,0,-0.07999644426903536,-5.4861825055588416e-15,-1.7450887228435655e-11,-1.203376734379301e-15,2
6.065,4.0,1.769343334291767e-05,8.446418647759232e-07,19.62000000000813,6.760881685378511e-11,6.891826386723455e-12,4,-2.186045208886489e-06,-0.006807800341129836,-2.50530703343405e-07,9.80999998973834,2.9072522337323735e-11,5.927119748773655e-12,4,-2.404605100252144e-06,0.17186858435414332,7.5560885969930505e-06,0.0,0.0,nan,0,-0.07999644426894816,1.2035773516225011e-15,-1.743110882729656e-11,-2.4583728414155774e-15,2
6.07,4.0,1.7697656552748932e-05,8.446420580940709e-07,19.619999999998118,6.755964450313593e-11,6.886813914693416e-12,4,-2.186045208886489e-06,-0.006807801593783481,-2.505307525547959e-07,9.809999989731544,2.901566836907115e-11,5.915528725676416e-12,4,-2.4046051874046515e-06,0.17186862213457876,7.556085721328873e-06,0.0,0.0,nan,0,-0.07999644426886102,3.612317225849241e-15,-1.7437415782254844e-11,-3.9246983719308417e-16,2
6.075,4.0,1.770187976354681e-05,8.446422513900379e-07,19.620000000000324,6.756078367909272e-11,6.8869300386433846e-12,4,-2.186045208886489e-06,-0.006807802846437374,-2.5053080188367983e-07,9.809999989733345,2.9032084425822763e-11,5.918875526239814e-12,4,-2.4046052745849145e-06,0.17186865991499983,7.556082845812801e-06,0.0,0.0,nan,0,-0.07999644426877384,5.416207596260195e-15,-1.7443288862055117e-11,-3.3052509645996445e-15,2
6.08,4.0,1.7706102975311176e-05,8.446424446949958e-07,19.620000000000402,6.753563028275089e-11,6.884365981931651e-12,4,-2.1860452088656723e-06,-0.0068078040990915125,-2.5053085117812973e-07,9.809999989734413,2.896874332921326e-11,5.905961948935238e-12,4,-2.404605361792933e-06,0.17186869769540652,7.556079970234874e-06,0.0,0.0,nan,0,-0.07999644426868663,7.029139606435623e-15,-1.744238336415623e-11,-1.517734854543498e-16,2
6.085,4.0,1.7710326188042178e-05,8.44642638042762e-07,19.620000000006982,6.747952968620517e-11,6.878647266685133e-12,4,-2.186045208862203e-06,-0.006807805351745898,-2.50530900537433e-07,9.809999989739115,2.896536281331001e-11,5.905272750990148e-12,4,-2.4046054490564628e-06,0.1718687354757988,7.556077094575295e-06,0.0,0.0,nan,0,-0.07999644426859936,9.078139378623602e-16,-1.744674032339407e-11,-5.194406463301811e-15,2
6.09,4.0,1.7714549401739618e-05,8.446428313336534e-07,19.61999999999793,6.76127006204704e-11,6.8922222854717156e-12,4,-2.186045208862203e-06,-0.00680780660440053,-2.5053094976601224e-07,9.809999989733228,2.904692819812244e-11,5.921901779515157e-12,4,-2.404605536292237e-06,0.17186877325617675,7.556074218866299e-06,0.0,0.0,nan,0,-0.07999644426851214,-2.4939094095891187e-15,-1.7454431504419465e-11,-2.476967547819628e-16,2
6.095,4.0,1.7718772616403976e-05,8.446430247125283e-07,19.620000000001255,6.759294869229579e-11,6.890208837134706e-12,4,-2.1860452088899585e-06,-0.006807807857055409,-2.5053099906335434e-07,9.809999989734276,2.904908810310036e-11,5.9223421271149696e-12,4,-2.4046056235557667e-06,0.17186881103654028,7.5560713430756835e-06,0.0,0.0,nan,0,-0.07999644426842485,-6.9561177901625475e-15,-1.7451536486860453e-11,-6.252226961164659e-15,2
6.1000000000000005,4.0,1.772299583203494e-05,8.44643218003059e-07,19.61999999999622,6.76662321624189e-11,6.8976791195139585e-12,4,-2.1860452088899585e-06,-0.006807809109710533,-2.505310483171383e-07,9.809999989730528,2.913631576284608e-11,5.940125544005516e-12,4,-2.4046057107360297e-06,0.17186884881688944,7.55606846742378e-06,0.0,0.0,nan,0,-0.07999644426833769,-4.839616458077354e-16,-1.7441476978078928e-11,9.64723828518363e-17,2
6.105,4.0,1.7727219048632553e-05,8.446434113733608e-07,19.619999999999862,6.76476109314941e-11,6.895780930835328e-12,4,-2.1860452088899585e-06,-0.006807810362365904,-2.5053109762528726e-07,9.809999989733846,2.9126996506460554e-11,5.938225593668078e-12,4,-2.4046057979440483e-06,0.1718688865972242,7.556065591562842e-06,0.0,0.0,nan,0,-0.07999644426825048,-4.4097102608822884e-15,-1.7443604165394107e-11,-5.7068854114687825e-15,2
6.11,4.0,1.7731442266196996e-05,8.446436047397547e-07,19.620000000003856,6.758161409884704e-11,6.889053424957569e-12,4,-2.1860452088899585e-06,-0.006807811615021521,-2.5053114691022953e-07,9.809999989737593,2.9027713198420273e-11,5.917984348376485e-12,4,-2.4046058851937002e-06,0.17186892437754464,7.556062715874452e-06,0.0,0.0,nan,0,-0.07999644426816321,-6.234472824156194e-15,-1.7448102789089894e-11,-1.251782458252954e-15,2
6.115,4.0,1.7735665484728073e-05,8.446437980462242e-07,19.61999999999926,6.751015240127067e-11,6.8817688482439576e-12,4,-2.1860452088899585e-06,-0.0068078128676773856,-2.505311961787578e-07,9.809999989732058,2.8962194982355168e-11,5.9046269138979315e-12,4,-2.4046059723670243e-06,0.17186896215785066,7.556059839965338e-06,0.0,0.0,nan,0,-0.07999644426807605,-4.8218250476231445e-15,-1.7444359117050848e-11,-7.810478958118873e-16,2
6.12,4.0,1.773988870422581e-05,8.446439914022003e-07,19.620000000002545,6.762946056352503e-11,6.893930740419598e-12,4,-2.1860452088899585e-06,-0.006807814120333496,-2.505312454598612e-07,9.809999989735031,2.9109234135987285e-11,5.934604315279622e-12,4,-2.4046060595472873e-06,0.17186899993814234,7.556056964216689e-06,0.0,0.0,nan,0,-0.07999644426798887,-1.1247823756213726e-15,-1.7443457615954853e-11,-4.155237712252663e-15,2
6.125,4.0,1.7744111924690393e-05,8.4464418475797e-07,19.62000000000332,6.757849345085162e-11,6.888735316089723e-12,4,-2.1860452088899585e-06,-0.006807815372989853,-2.5053129471744304e-07,9.809999989735152,2.903296569317058e-11,5.919055193384237e-12,4,-2.4046061467136726e-06,0.1718690377184196,7.556054088179383e-06,0.0,0.0,nan,0,-0.07999644426790171,5.063600763639251e-15,-1.7441815374056835e-11,-9.664938302329016e-18,2
6.13,4.0,1.7748335146121603e-05,8.446443780975841e-07,19.620000000004023,6.759611848177685e-11,6.890531955327521e-12,4,-2.1860452088726112e-06,-0.006807816625646456,-2.505313439739609e-07,9.809999989737058,2.904906934428173e-11,5.92233830268543e-12,4,-2.404606233942508e-06,0.1718690754986825,7.5560512122963895e-06,0.0,0.0,nan,0,-0.0799964442678145,-1.7531964496193827e-16,-1.7453445182284396e-11,-2.249650912786045e-15,2
6.135,4.0,1.7752558368519487e-05,8.446445713783306e-07,19.6199999999967,6.751262511597428e-11,6.882020908867037e-12,4,-2.1860452088726112e-06,-0.006807817878303305,-2.5053139331700624e-07,9.809999989731828,2.8991466795288177e-11,5.910594663737753e-12,4,-2.404606321233793e-06,0.17186911327893098,7.556048336584104e-06,0.0,0.0,nan,0,-0.07999644426772722,-4.78985062451394e-15,-1.7449013616059293e-11,1.5295482630379888e-15,2
6.140000000000001,4.0,1.775678159188381e-05,8.44644764709749e-07,19.620000000022817,6.752859567277297e-11,6.883648896299128e-12,4,-2.1860452088968974e-06,-0.006807819130960401,-2.5053144267583467e-07,9.809999989748812,2.8963149817834038e-11,5.904821579632978e-12,4,-2.404606408490384e-06,0.1718691510591651,7.556045460770983e-06,0.0,0.0,nan,0,-0.07999644426763994,-2.5316569924263724e-15,-1.744327864800329e-11,-4.299122616244083e-15,2
6.1450000000000005,4.0,1.776100481621475e-05,8.446449580312694e-07,19.619999999995233,6.763344729392954e-11,6.8943371349588146e-12,4,-2.1860452088968974e-06,-0.006807820383617743,-2.50531491861813e-07,9.809999989729656,2.9080242191936135e-11,5.9286936233192655e-12,4,-2.404606495663708e-06,0.17186918883938487,7.55604258468633e-06,0.0,0.0,nan,0,-0.07999644426755276,-1.1518718174222276e-15,-1.744804994247393e-11,-1.2512813286334407e-16,2
6.15,4.0,1.7765228041512462e-05,8.446451513804762e-07,19.619999999999504,6.7633938598203e-11,6.894387216942376e-12,4,-2.1860452088968974e-06,-0.006807821636275333,-2.505315411953018e-07,9.809999989733237,2.911339537643363e-11,5.935452682345071e-12,4,-2.4046065828856045e-06,0.17186922661959025,7.5560397088183115e-06,0.0,0.0,nan,0,-0.07999644426746554,-3.7049406848502376e-15,-1.7443758708439144e-11,-5.443984599237544e-15,2
6.155,4.0,1.776945126777705e-05,8.446453447659899e-07,19.619999999999152,6.757370570403929e-11,6.888247268505832e-12,4,-2.1860452088968974e-06,-0.0068078228889331665,-2.50531590443246e-07,9.809999989732194,2.9042295697926883e-11,5.920957335030479e-12,4,-2.4046066700658675e-06,0.17186926439978126,7.556036832788032e-06,0.0,0.0,nan,0,-0.07999644426737837,-3.258186939741075e-15,-1.7444477244780682e-11,-7.002236596191758e-16,2
6.16,4.0,1.777367449500847e-05,8.446455381378182e-07,19.620000000004673,6.750022961611149e-11,6.880757351283936e-12,4,-2.1860452088968974e-06,-0.006807824141591249,-2.5053163967193935e-07,9.809999989737676,2.8926791739997378e-11,5.897409127473586e-12,4,-2.404606757273886e-06,0.17186930217995788,7.5560339565703286e-06,0.0,0.0,nan,0,-0.07999644426729116,-8.672106339083379e-16,-1.7447816795638753e-11,-6.153639156577945e-15,2
6.165,4.0,1.7777897723206396e-05,8.446457313717641e-07,19.620000000000644,6.754263414280103e-11,6.885079933007014e-12,4,-2.1860452088968974e-06,-0.006807825394249575,-2.505316890110247e-07,9.809999989732862,2.9013295744314325e-11,5.915045010128362e-12,4,-2.40460684444721e-06,0.1718693399601201,7.556031080894887e-06,0.0,0.0,nan,0,-0.07999644426720398,4.1265725308556165e-15,-1.7438547321561553e-11,-2.2305550767624914e-15,2
6.17,4.0,1.7782120952370773e-05,8.446459247139726e-07,19.61999999999661,6.759243410433209e-11,6.890156381686418e-12,4,-2.1860452088760807e-06,-0.006807826646908151,-2.5053173824940135e-07,9.809999989731972,2.90442983464466e-11,5.921365622191024e-12,4,-2.40460693164829e-06,0.17186937774026798,7.55602820452753e-06,0.0,0.0,nan,0,-0.0799964442671168,-4.568722040068802e-16,-1.7449547411289538e-11,-2.756356701224966e-15,2
6.175,4.0,1.778634418250179e-05,8.446461180316309e-07,19.619999999996576,6.766368581372997e-11,6.897419552878877e-12,4,-2.1860452088760807e-06,-0.00680782789956697,-2.5053178756009956e-07,9.809999989731566,2.9104415888975694e-11,5.933622001924607e-12,4,-2.4046070188701862e-06,0.17186941552040144,7.556025328629635e-06,0.0,0.0,nan,0,-0.07999644426702959,-8.228017129233319e-16,-1.7447574322930177e-11,-1.875727798092292e-15,2
6.18,4.0,1.7790567413599576e-05,8.446463113940491e-07,19.619999999999337,6.771040503501722e-11,6.902181960756321e-12,4,-2.186045208893428e-06,-0.006807829152226039,-2.505318368904252e-07,9.809999989732493,2.916886368820816e-11,5.946761206674285e-12,4,-2.4046071061475938e-06,0.1718694533005205,7.55602245256916e-06,0.0,0.0,nan,0,-0.0799964442669423,-6.8100124401218766e-15,-1.7451215410361745e-11,3.011975085927149e-16,2
6.1850000000000005,4.0,1.779479064566412e-05,8.446465047251475e-07,19.619999999998438,6.760197093067113e-11,6.891128535237158e-12,4,-2.1860452089073057e-06,-0.006807830404885352,-2.5053188619422266e-07,9.8099999897311,2.907696147430388e-11,5.9280247716087715e-12,4,-2.40460719336949e-06,0.17186949108062521,7.556019576463295e-06,0.0,0.0,nan,0,-0.07999644426685505,1.3900948197595323e-15,-1.743666926829311e-11,-3.867467904269823e-15,2
6.19,4.0,1.7799013878695383e-05,8.44646698110836e-07,19.620000000003248,6.764243719853869e-11,6.895253537056829e-12,4,-2.1860452089073057e-06,-0.006807831657544912,-2.505319354669141e-07,9.809999989737252,2.910668918542798e-11,5.9340854670495394e-12,4,-2.4046072805913865e-06,0.17186952886071552,7.556016700157162e-06,0.0,0.0,nan,0,-0.07999644426676783,-7.819455056171239e-16,-1.7441858450710214e-11,6.795615153849688e-16,2
6.195,4.0,1.7803237112693384e-05,8.446468914326655e-07,19.620000000008492,6.752444462798209e-11,6.883225752084899e-12,4,-2.1860452089073057e-06,-0.006807832910204718,-2.505319847418206e-07,9.809999989742288,2.8977594017386448e-11,5.907766370578294e-12,4,-2.4046073678271607e-06,0.17186956664079148,7.5560138241513575e-06,0.0,0.0,nan,0,-0.0799964442666806,-1.9943090485077947e-15,-1.7441794945953207e-11,-4.766304465006349e-15,2
6.2,4.0,1.7807460347658025e-05,8.446470847761958e-07,19.620000000001756,6.762203195869263e-11,6.893173492220854e-12,4,-2.1860452089073057e-06,-0.006807834162864772,-2.505320339699261e-07,9.809999989734608,2.906545342060834e-11,5.9256785832870636e-12,4,-2.404607454993546e-06,0.17186960442085308,7.556010947907187e-06,0.0,0.0,nan,0,-0.07999644426659344,-1.2069667215038074e-16,-1.7443158299827446e-11,6.022899928710564e-16,2
6.205,4.0,1.7811683583589415e-05,8.44647278107673e-07,19.620000000002957,6.763807147072693e-11,6.89480850873769e-12,4,-2.1860452089073057e-06,-0.006807835415525071,-2.5053208327296727e-07,9.809999989735207,2.9127671216935354e-11,5.9383631493197525e-12,4,-2.4046075421460533e-06,0.17186964220090026,7.556008071644756e-06,0.0,0.0,nan,0,-0.07999644426650629,4.043527848613657e-15,-1.7440581250142683e-11,-5.831230390226801e-15,2
6.21,4.0,1.7815906820487277e-05,8.446474713989725e-07,19.619999999997273,6.757242710282544e-11,6.888116931991319e-12,4,-2.1860452088830196e-06,-0.0068078366681856165,-2.5053213254365874e-07,9.809999989731653,2.90482643896323e-11,5.9221741936876196e-12,4,-2.4046076293263163e-06,0.1718696799809331,7.5560051955067235e-06,0.0,0.0,nan,0,-0.07999644426641914,6.8124240720288e-15,-1.744480365034994e-11,-1.7109707012379213e-15,2
6.215,4.0,1.7820130058351847e-05,8.446476647243418e-07,19.619999999999784,6.750147607212618e-11,6.880884411022112e-12,4,-2.1860452088830196e-06,-0.006807837920846408,-2.505321819136103e-07,9.809999989733033,2.899164687829386e-11,5.910631377907439e-12,4,-2.4046077165759683e-06,0.1718697177609515,7.556002319376151e-06,0.0,0.0,nan,0,-0.0799964442663319,2.3471070669864205e-15,-1.744037696910615e-11,-7.15061943269134e-15,2
6.22,4.0,1.7824353297182922e-05,8.446478580577578e-07,19.61999999999811,6.765122990044776e-11,6.896149836947428e-12,4,-2.1860452088830196e-06,-0.006807839173507448,-2.505322311867513e-07,9.809999989733285,2.9157037622695524e-11,5.944350184140673e-12,4,-2.404607803832559e-06,0.17186975554095557,7.555999443147608e-06,0.0,0.0,nan,0,-0.07999644426624464,-4.999016642353317e-15,-1.7449105542525758e-11,-1.8171080223920874e-15,2
6.2250000000000005,4.0,1.782857653698076e-05,8.446480514154005e-07,19.620000000001497,6.76305181378761e-11,6.894038546164214e-12,4,-2.186045208910775e-06,-0.006807840426168733,-2.5053228044644996e-07,9.80999998973462,2.9074593285508954e-11,5.927541960434901e-12,4,-2.404607891096089e-06,0.17186979332094524,7.55599656667334e-06,0.0,0.0,nan,0,-0.07999644426615735,-7.046711988971954e-15,-1.7445625659477375e-11,-1.5231209654713458e-15,2
6.23,4.0,1.7832799777745463e-05,8.446482447870631e-07,19.619999999994846,6.771469114135384e-11,6.90261887271882e-12,4,-2.186045208910775e-06,-0.006807841678830265,-2.5053232965345186e-07,9.809999989728745,2.91613746957629e-11,5.945234398836985e-12,4,-2.404607978269413e-06,0.17186983110092052,7.555993690291114e-06,0.0,0.0,nan,0,-0.07999644426607017,5.503221239330678e-16,-1.7439704618042445e-11,-2.7834461430258233e-15,2
6.235,4.0,1.7837023019477043e-05,8.446484381302464e-07,19.619999999998285,6.758628317471933e-11,6.889529375609096e-12,4,-2.186045208910775e-06,-0.006807842931492042,-2.505323789700972e-07,9.809999989731562,2.9075214543432942e-11,5.92766861852536e-12,4,-2.404608065512126e-06,0.1718698688808814,7.5559908140203645e-06,0.0,0.0,nan,0,-0.07999644426598293,-9.031818599061874e-16,-1.7444455040320214e-11,1.1254270820744284e-15,2
6.24,4.0,1.7841246262175265e-05,8.446486314962201e-07,19.619999999996395,6.763888229508103e-11,6.8948911615793534e-12,4,-2.186045208910775e-06,-0.006807844184154066,-2.5053242817665007e-07,9.809999989729773,2.909458732035542e-11,5.931618216272162e-12,4,-2.4046081527201446e-06,0.1718699066608279,7.555987937560779e-06,0.0,0.0,nan,0,-0.07999644426589572,-8.903032728205358e-16,-1.7439684634028006e-11,-3.311024124327697e-15,2
6.245,4.0,1.7845469505840093e-05,8.446488247667771e-07,19.620000000001284,6.75505056558186e-11,6.88588232984854e-12,4,-2.186045208910775e-06,-0.0068078454368163364,-2.5053247754926047e-07,9.809999989733639,2.9052110102368104e-11,5.9229582329809825e-12,4,-2.4046082399142854e-06,0.17186994444076004,7.555985061320255e-06,0.0,0.0,nan,0,-0.07999644426580854,2.263174206324759e-15,-1.7437849213323695e-11,2.8609847545780925e-16,2
6.25,4.0,1.7849692750471318e-05,8.446490180764499e-07,19.620000000002594,6.760438439926491e-11,6.89137455649908e-12,4,-2.1860452089038362e-06,-0.0068078466894788536,-2.505325268578625e-07,9.809999989735445,2.907415733420088e-11,5.927453081472418e-12,4,-2.4046083270737317e-06,0.17186998222067779,7.555982184997257e-06,0.0,0.0,nan,0,-0.07999644426572139,7.393292758512683e-15,-1.744163951472976e-11,-5.392470250894942e-15,2
6.255,4.0,1.785391599606921e-05,8.446492114086959e-07,19.62000000000691,6.762190261024396e-11,6.893160306852206e-12,4,-2.186045208893428e-06,-0.006807847942141617,-2.505325762174594e-07,9.809999989738444,2.913555291055199e-11,5.9399700185583405e-12,4,-2.404608414309506e-06,0.17187002000058113,7.555979308698461e-06,0.0,0.0,nan,0,-0.07999644426563417,1.1103186175539959e-15,-1.7436811820929477e-11,1.14851972098663e-15,2
6.26,4.0,1.7858139242633636e-05,8.446494047297326e-07,19.61999999999241,6.757184966884927e-11,6.888058070221754e-12,4,-2.186045208893428e-06,-0.006807849194804627,-2.505326253984269e-07,9.809999989727647,2.8985719971454753e-11,5.909423038084932e-12,4,-2.404608501489769e-06,0.17187005778047013,7.555976432151424e-06,0.0,0.0,nan,0,-0.07999644426554699,4.899259913934576e-16,-1.745226878996752e-11,-4.0255636629764495e-15,2
6.265000000000001,4.0,1.7862362490165e-05,8.446495981115896e-07,19.62000000000194,6.752057988876313e-11,6.882831792941534e-12,4,-2.1860452089038362e-06,-0.006807850447467885,-2.505326747664384e-07,9.809999989734989,2.8994599356635063e-11,5.911233310290418e-12,4,-2.4046085887671764e-06,0.17187009556034477,7.555973555632022e-06,0.0,0.0,nan,0,-0.0799964442654597,-7.358018525076848e-15,-1.745250815405162e-11,-2.587989850282187e-16,2
6.2700000000000005,4.0,1.7866585738663106e-05,8.446497914640315e-07,19.619999999999376,6.764811537203199e-11,6.895832351889311e-12,4,-2.186045208924653e-06,-0.006807851700131386,-2.505327239843717e-07,9.809999989732788,2.9087224350267792e-11,5.930117101062319e-12,4,-2.4046086760237673e-06,0.171870133340205,7.555970679129849e-06,0.0,0.0,nan,0,-0.07999644426537242,-6.5275717026572316e-15,-1.7444228998912385e-11,-6.496920115792048e-15,2
6.275,4.0,1.7870808988127962e-05,8.446499848177267e-07,19.61999999999605,6.765655859507815e-11,6.896693027022606e-12,4,-2.186045208924653e-06,-0.006807852952795137,-2.505327731905033e-07,9.809999989729338,2.91073837868355e-11,5.934227077942858e-12,4,-2.4046087631832136e-06,0.17187017112005087,7.555967802476731e-06,0.0,0.0,nan,0,-0.07999644426528527,2.193896289588149e-15,-1.743840521301441e-11,-4.1245385163633987e-16,2
6.28,4.0,1.787503223855983e-05,8.446501782194129e-07,19.620000000001045,6.756865402102325e-11,6.887732316108017e-12,4,-2.186045208924653e-06,-0.006807854205459131,-2.5053282247084944e-07,9.809999989734434,2.9044469008265507e-11,5.921400415628699e-12,4,-2.404608850412049e-06,0.17187020889988233,7.555964925963302e-06,0.0,0.0,nan,0,-0.07999644426519803,1.4131874586717387e-15,-1.744462290604152e-11,-6.572859370676409e-15,2
6.285,4.0,1.7879255489958226e-05,8.446503714774614e-07,19.620000000001667,6.760216026548188e-11,6.891147835420605e-12,4,-2.186045208924653e-06,-0.006807855458123373,-2.505328717853793e-07,9.809999989733932,2.911634163828963e-11,5.936053347351599e-12,4,-2.4046089376270063e-06,0.1718702466796994,7.555962049523996e-06,0.0,0.0,nan,0,-0.07999644426511082,3.573237375382442e-15,-1.744356952643576e-11,-2.270523105649002e-15,2
6.29,4.0,1.7883478742322943e-05,8.446505647400488e-07,19.619999999997347,6.760670958034253e-11,6.8916115780175e-12,4,-2.186045208910775e-06,-0.006807856710787861,-2.5053292110631234e-07,9.80999998973174,2.9054666873282175e-11,5.9234794910691315e-12,4,-2.4046090248142082e-06,0.17187028445950214,7.555959172916695e-06,0.0,0.0,nan,0,-0.07999644426502364,6.718277159540586e-15,-1.7437548564928612e-11,-1.4107663953792805e-15,2
6.295,4.0,1.7887701995654118e-05,8.446507580780861e-07,19.620000000006183,6.749027697115558e-11,6.879742810513182e-12,4,-2.186045208900367e-06,-0.006807857963452597,-2.5053297050148155e-07,9.809999989738465,2.89655771655911e-11,5.9053164517614485e-12,4,-2.4046091120569213e-06,0.17187032223929044,7.555956296459834e-06,0.0,0.0,nan,0,-0.07999644426493643,-4.422172600818234e-16,-1.7444137072445955e-11,-3.1067430877966696e-15,2
6.3,4.0,1.7891925249951995e-05,8.446509514356338e-07,19.61999999999864,6.763780080448802e-11,6.894780917889165e-12,4,-2.186045208900367e-06,-0.006807859216117577,-2.5053301971531054e-07,9.809999989734141,2.9058095308896806e-11,5.924178458573944e-12,4,-2.40460919926494e-06,0.17187036001906442,7.555953419711967e-06,0.0,0.0,nan,0,-0.07999644426484923,-4.870230771496798e-15,-1.7453006422145084e-11,8.554208424855872e-16,2
6.305,4.0,1.789614850521683e-05,8.446511448181481e-07,19.62000000001606,6.758087004575208e-11,6.888977578562362e-12,4,-2.186045208931592e-06,-0.0068078604687828075,-2.5053306908542695e-07,9.809999989743874,2.9062476278766143e-11,5.925071622660608e-12,4,-2.404609286507653e-06,0.17187039779882393,7.5559505432313205e-06,0.0,0.0,nan,0,-0.07999644426476193,-1.1687472073965283e-15,-1.7436316661460498e-11,-3.0205897810857594e-15,2
6.3100000000000005,4.0,1.790037176144847e-05,8.446513381898513e-07,19.61999999998487,6.760555979655912e-11,6.8914943727432476e-12,4,-2.186045208931592e-06,-0.006807861721448281,-2.505331181836117e-07,9.809999989719351,2.907613553690998e-11,5.927856384787174e-12,4,-2.404609373674038e-06,0.17187043557856913,7.5559476663083546e-06,0.0,0.0,nan,0,-0.07999644426467478,-2.1564016101030672e-15,-1.744869653636349e-11,4.504114831023304e-16,2
6.315,4.0,1.7904595018647076e-05,8.446515315367583e-07,19.620000000002303,6.760424583156217e-11,6.891360431351094e-12,4,-2.186045208931592e-06,-0.006807862974114002,-2.505331675270398e-07,9.809999989736175,2.9103334503842442e-11,5.9334015360432495e-12,4,-2.4046094609653235e-06,0.1718704733582999,7.555944789734706e-06,0.0,0.0,nan,0,-0.07999644426458749,-6.434757057798571e-15,-1.7446958371196134e-11,-5.1166908515780545e-15,2
6.32,4.0,1.7908818276811854e-05,8.446517247615823e-07,19.619999999997138,6.760025109386535e-11,6.890953220578514e-12,4,-2.186045208931592e-06,-0.006807864226779968,-2.505332167936567e-07,9.809999989730528,2.9050173179620695e-11,5.92256334557217e-12,4,-2.404609548117831e-06,0.1718705111380163,7.555941913027358e-06,0.0,0.0,nan,0,-0.07999644426450034,2.9066594713974954e-15,-1.7436067527413765e-11,1.4655994168195734e-15,2
6.325,4.0,1.791304153594336e-05,8.446519181957707e-07,19.620000000000474,6.76208273416852e-11,6.893050697419324e-12,4,-2.186045208931592e-06,-0.006807865479446182,-2.5053326606820134e-07,9.809999989733514,2.9068154224734846e-11,5.926229205944061e-12,4,-2.404609635298094e-06,0.17187054891771833,7.555939036196956e-06,0.0,0.0,nan,0,-0.07999644426441316,4.107476694832066e-15,-1.74440491427824e-11,-4.148132284895068e-15,2
6.33,4.0,1.791726479604193e-05,8.446521115425987e-07,19.619999999997717,6.7556162466437e-11,6.886458967017825e-12,4,-2.1860452089211835e-06,-0.0068078667321126414,-2.505333153566284e-07,9.809999989731951,2.902413434091556e-11,5.9172547138215886e-12,4,-2.4046097224991736e-06,0.17187058669740596,7.55593615942961e-06,0.0,0.0,nan,0,-0.07999644426432598,6.7653506157846895e-15,-1.7444127302483333e-11,-4.497573452637468e-16,2
6.335,4.0,1.7921488057107065e-05,8.446523048726459e-07,19.62000000000192,6.763094359777335e-11,6.894081916184173e-12,4,-2.186045208910775e-06,-0.006807867984779348,-2.505333645938824e-07,9.80999998973527,2.9086261241797598e-11,5.929920748671176e-12,4,-2.4046098097488255e-06,0.17187062447707918,7.555933282699145e-06,0.0,0.0,nan,0,-0.07999644426423874,-6.50495099501506e-16,-1.7457278116254622e-11,-5.916051429308167e-15,2
6.34,4.0,1.7925711319138847e-05,8.446524981448277e-07,19.619999999986483,6.762129098792037e-11,6.893097960037406e-12,4,-2.186045208910775e-06,-0.0068078692374463,-2.5053341386154246e-07,9.809999989723709,2.908001352355412e-11,5.928647003876936e-12,4,-2.404609896956844e-06,0.17187066225673805,7.555930405998554e-06,0.0,0.0,nan,0,-0.07999644426415153,9.175839004790643e-16,-1.7449422178132373e-11,3.5715274903381617e-16,2
6.345,4.0,1.7929934582137195e-05,8.446526914768969e-07,19.61999999999702,6.753610337159118e-11,6.884414207094948e-12,4,-2.1860452089211835e-06,-0.0068078704901135,-2.5053346324798247e-07,9.809999989730603,2.9002182109873893e-11,5.912779233483024e-12,4,-2.4046099842342517e-06,0.17187070003638252,7.555927529064421e-06,0.0,0.0,nan,0,-0.07999644426406424,-7.563187740027582e-15,-1.7452154214951375e-11,-1.5124628244349482e-15,2
6.3500000000000005,4.0,1.793415784610203e-05,8.446528847665239e-07,19.619999999996484,6.760988725983832e-11,6.891935500494438e-12,4,-2.186045208931592e-06,-0.0068078717427809445,-2.505335125521921e-07,9.809999989730347,2.9073847721256862e-11,5.927389959570434e-12,4,-2.4046100714353313e-06,0.17187073781601261,7.555924652400698e-06,0.0,0.0,nan,0,-0.07999644426397703,-4.693067018826816e-16,-1.744065940984362e-11,-1.6190442347989635e-15,2
6.355,4.0,1.7938381111033496e-05,8.446530781535789e-07,19.619999999999937,6.765617863102708e-11,6.896654294702069e-12,4,-2.186045208931592e-06,-0.006807872995448636,-2.505335618290539e-07,9.809999989733965,2.911901132264189e-11,5.9365976255075535e-12,4,-2.4046101586572277e-06,0.17187077559562833,7.555921775479194e-06,0.0,0.0,nan,0,-0.07999644426388983,-5.085169949064232e-15,-1.7444566506711872e-11,-1.917415143408626e-16,2
6.36,4.0,1.7942604376931848e-05,8.446532715183263e-07,19.620000000000207,6.758139851729237e-11,6.889031449265204e-12,4,-2.1860452089385307e-06,-0.006807874248116574,-2.505336111103033e-07,9.809999989732994,2.9051705152006607e-11,5.922875674293926e-12,4,-2.4046102458583074e-06,0.17187081337522964,7.555918898575501e-06,0.0,0.0,nan,0,-0.07999644426380262,-6.2744408530427e-15,-1.7443925241892857e-11,-4.4687646944068164e-15,2
6.365,4.0,1.7946827643797078e-05,8.446534649108369e-07,19.620000000001664,6.755323084930747e-11,6.8861601273498205e-12,4,-2.1860452089385307e-06,-0.006807875500784759,-2.5053366036350535e-07,9.809999989734738,2.8997223595265622e-11,5.91176832326372e-12,4,-2.4046103331079594e-06,0.1718708511548166,7.555916021612002e-06,0.0,0.0,nan,0,-0.07999644426371538,-5.395144217539574e-15,-1.7442636939095086e-11,1.889704612226379e-15,2
6.37,4.0,1.7951050911629098e-05,8.446536582227687e-07,19.620000000003635,6.756708260086963e-11,6.887572130566475e-12,4,-2.1860452089385307e-06,-0.00680787675345319,-2.50533709622364e-07,9.809999989735795,2.904970018970823e-11,5.9224669154134425e-12,4,-2.4046104202951613e-06,0.17187088893438915,7.555913144687442e-06,0.0,0.0,nan,0,-0.07999644426362817,-3.110749322070853e-15,-1.7444373327905592e-11,-3.829720321432577e-15,2
6.375,4.0,1.7955274180427636e-05,8.446538515273301e-07,19.619999999999667,6.752130165653135e-11,6.8829053676383785e-12,4,-2.1860452089385307e-06,-0.006807878006121868,-2.5053375891397336e-07,9.809999989731946,2.9003886679039277e-11,5.913126750131994e-12,4,-2.4046105074684854e-06,0.17187092671394733,7.555910267772805e-06,0.0,0.0,nan,0,-0.07999644426354102,2.0984171094703817e-15,-1.7443470494541968e-11,6.347085051901034e-16,2
6.38,4.0,1.7959497450192694e-05,8.446540448290079e-07,19.62000000000067,6.765560776323546e-11,6.896596102266377e-12,4,-2.186045208917714e-06,-0.006807879258790792,-2.5053380821987663e-07,9.809999989733345,2.9113455384481705e-11,5.935464916401711e-12,4,-2.4046105946487484e-06,0.1718709644934911,7.555907390799629e-06,0.0,0.0,nan,0,-0.07999644426345387,6.974072544414219e-15,-1.7443668558329566e-11,-4.6037678142012356e-15,2
6.385,4.0,1.796372072092448e-05,8.446542382110573e-07,19.620000000000854,6.763248210037214e-11,6.894238746215005e-12,4,-2.1860452089142446e-06,-0.006807880511459961,-2.5053385755059214e-07,9.809999989735912,2.9150038252291463e-11,5.942923197306994e-12,4,-2.404610681926156e-06,0.1718710022730205,7.555904513995607e-06,0.0,0.0,nan,0,-0.07999644426336658,-4.0042568122891796e-15,-1.7449802318496018e-11,-7.823801634414467e-16,2
6.390000000000001,4.0,1.7967943992622927e-05,8.446544315210496e-07,19.620000000000225,6.753937733377422e-11,6.884747944319413e-12,4,-2.186045208942e-06,-0.006807881764129379,-2.505339067977347e-07,9.809999989733118,2.898904289098596e-11,5.9101004936442636e-12,4,-2.4046107691896856e-06,0.17187104005253553,7.555901636780608e-06,0.0,0.0,nan,0,-0.07999644426327929,-6.640814451169002e-15,-1.7453472715815425e-11,-7.036932594969729e-15,2
6.3950000000000005,4.0,1.7972167265288016e-05,8.446546248471484e-07,19.619999999999155,6.758607173055935e-11,6.889507821667916e-12,4,-2.186045208942e-06,-0.006807883016799041,-2.505339560765992e-07,9.809999989733114,2.9030467589429767e-11,5.918545895986195e-12,4,-2.4046108563838264e-06,0.17187107783203615,7.555898759886756e-06,0.0,0.0,nan,0,-0.0799964442631921,-6.340637987370544e-16,-1.7446234949873284e-11,-1.5364436417668533e-15,2
6.4,4.0,1.7976390538919894e-05,8.446548182300677e-07,19.61999999999932,6.752394543918755e-11,6.883174866380214e-12,4,-2.186045208942e-06,-0.006807884269468952,-2.505340053535618e-07,9.809999989733255,2.8980523134432774e-11,5.908363540216637e-12,4,-2.4046109435640894e-06,0.1718711156115224,7.55589588269216e-06,0.0,0.0,nan,0,-0.07999644426310493,-4.257831751113566e-15,-1.7445585247359272e-11,-2.01028682867687e-15,2
6.405,4.0,1.7980613813518717e-05,8.446550116110793e-07,19.619999999999354,6.755325895520523e-11,6.886162992375887e-12,4,-2.186045208942e-06,-0.006807885522139107,-2.505340546314001e-07,9.809999989732546,2.905326986831034e-11,5.923194678637799e-12,4,-2.4046110308137414e-06,0.17187115339099426,7.555893005596711e-06,0.0,0.0,nan,0,-0.07999644426301769,-5.3018854834710636e-15,-1.7441942827660083e-11,-1.4089900385398852e-15,2
6.41,4.0,1.798483708908419e-05,8.44655204906851e-07,19.620000000000374,6.755868351618118e-11,6.8867159547583985e-12,4,-2.186045208942e-06,-0.006807886774809511,-2.505341039096724e-07,9.8099999897331,2.902663867390381e-11,5.917765281199258e-12,4,-2.4046111179801266e-06,0.17187119117045174,7.5558901284859035e-06,0.0,0.0,nan,0,-0.07999644426293051,-3.29282589810938e-15,-1.744378890650543e-11,-4.458550642580266e-15,2
6.415,4.0,1.7989060365616118e-05,8.446553982059751e-07,19.62000000000573,6.760616146804224e-11,6.891555705201069e-12,4,-2.186045208942e-06,-0.0068078880274801586,-2.5053415325824106e-07,9.809999989737747,2.909714578322269e-11,5.932139819298929e-12,4,-2.4046112052159008e-06,0.17187122894989482,7.555887251440044e-06,0.0,0.0,nan,0,-0.07999644426284329,8.900503694683595e-16,-1.7442277226835102e-11,-3.7648832967944684e-15,2
6.42,4.0,1.799328364311451e-05,8.446555915149398e-07,19.619999999999887,6.757813408634513e-11,6.888698683623396e-12,4,-2.1860452089350613e-06,-0.006807889280151055,-2.505342025385562e-07,9.809999989732297,2.904978199668914e-11,5.922483593699142e-12,4,-2.404611292368408e-06,0.17187126672932354,7.555884374364054e-06,0.0,0.0,nan,0,-0.07999644426275615,7.170359975167945e-15,-1.7440076764800297e-11,9.98417568057304e-16,2
6.425,4.0,1.799750692157973e-05,8.446557849064892e-07,19.620000000001664,6.765986083250146e-11,6.897029646533713e-12,4,-2.186045208924653e-06,-0.006807890532822195,-2.5053425183940353e-07,9.809999989734674,2.913027328636575e-11,5.938893642578611e-12,4,-2.40461137961806e-06,0.17187130450873786,7.555881497107211e-06,0.0,0.0,nan,0,-0.07999644426266891,1.4762481264704405e-15,-1.7443475823612494e-11,-3.9931451506574e-15,2
6.43,4.0,1.8001730201011763e-05,8.446559782576391e-07,19.619999999997233,6.760867244805134e-11,6.8918116664689984e-12,4,-2.186045208924653e-06,-0.006807891785493586,-2.505343010637835e-07,9.809999989731844,2.9065322435774997e-11,5.9256518789394e-12,4,-2.4046114669024066e-06,0.17187134228813783,7.555878619854717e-06,0.0,0.0,nan,0,-0.07999644426258162,-6.225146950749345e-15,-1.745068827646967e-11,6.583022737217119e-17,2
6.4350000000000005,4.0,1.800595348141065e-05,8.446561716132854e-07,19.62000000001355,6.748761684650032e-11,6.879471645917809e-12,4,-2.1860452089524085e-06,-0.006807893038165219,-2.5053435040449207e-07,9.809999989741392,2.8967236788064497e-11,5.905654804965626e-12,4,-2.404611554131242e-06,0.17187138006752334,7.555875742810865e-06,0.0,0.0,nan,0,-0.07999644426249437,-1.4396416254050706e-15,-1.743411264671202e-11,-5.011885798053446e-15,2
6.44,4.0,1.8010176762776093e-05,8.446563649475081e-07,19.62000000000261,6.762867546494653e-11,6.89385070998344e-12,4,-2.1860452089524085e-06,-0.006807894290837102,-2.505343996295088e-07,9.809999989736408,2.908549144786671e-11,5.9297638080116305e-12,4,-2.4046116413184437e-06,0.17187141784689453,7.555872865385417e-06,0.0,0.0,nan,0,-0.0799964442624072,-5.821053611845995e-16,-1.74430881337323e-11,2.310314134363949e-16,2
6.445,4.0,1.8014400045108396e-05,8.446565583060513e-07,19.620000000006247,6.755084121097401e-11,6.88591653526529e-12,4,-2.1860452089524085e-06,-0.0068078955435092285,-2.5053444891310363e-07,9.809999989739739,2.9015884983432348e-11,5.915572887620797e-12,4,-2.404611728561157e-06,0.1718714556262513,7.555869988137448e-06,0.0,0.0,nan,0,-0.07999644426231994,-2.4397305259874115e-15,-1.7439544745926895e-11,-5.656259241545885e-15,2
6.45,4.0,1.8018623328407196e-05,8.44656751564278e-07,19.61999999999903,6.75461919187164e-11,6.885442601296609e-12,4,-2.1860452089524085e-06,-0.006807896796181603,-2.5053449821064626e-07,9.80999998973224,2.902523193433745e-11,5.917478484142115e-12,4,-2.4046118157136642e-06,0.1718714934055937,7.555867110996195e-06,0.0,0.0,nan,0,-0.07999644426223279,-1.5240185752765826e-15,-1.7439001624823246e-11,-1.0852490045591912e-15,2
6.455,4.0,1.8022846612672475e-05,8.446569449081967e-07,19.620000000001653,6.759485538537739e-11,6.890403199324332e-12,4,-2.1860452089524085e-06,-0.0068078980488542225,-2.5053454752497475e-07,9.809999989733985,2.9088139616382605e-11,5.930303699658084e-12,4,-2.404611902914744e-06,0.17187153118492174,7.5558642336967745e-06,0.0,0.0,nan,0,-0.07999644426214561,1.3803248571428267e-15,-1.7441358850349123e-11,-7.1688270902952e-15,2
6.46,4.0,1.802706989790453e-05,8.446571382629306e-07,19.62000000000132,6.758448718198315e-11,6.8893462978571464e-12,4,-2.186045208948939e-06,-0.00680789930152709,-2.5053459679845815e-07,9.8099999897333,2.9049911921555483e-11,5.922510081948583e-12,4,-2.4046119900741902e-06,0.17187156896423536,7.5558613564600456e-06,0.0,0.0,nan,0,-0.07999644426205846,7.189899900401345e-15,-1.7440144710449388e-11,-1.3739069909617333e-15,2
6.465,4.0,1.803129318410341e-05,8.446573316428102e-07,19.62000000000645,6.765193432931654e-11,6.8962216441686336e-12,4,-2.186045208931592e-06,-0.006807900554200203,-2.505346460617653e-07,9.809999989738742,2.9093208590976016e-11,5.931337129746688e-12,4,-2.4046120773099644e-06,0.1718716067435346,7.555858478882016e-06,0.0,0.0,nan,0,-0.07999644426197124,3.9089409759688477e-16,-1.744591831426665e-11,-2.8038742466789342e-15,2
6.47,4.0,1.803551647126907e-05,8.446575249880632e-07,19.619999999997283,6.761795708873723e-11,6.892758113022079e-12,4,-2.186045208931592e-06,-0.006807901806873563,-2.50534695279773e-07,9.809999989732553,2.9063914526307273e-11,5.9253648433693086e-12,4,-2.404612164524922e-06,0.17187164452281944,7.555855601559764e-06,0.0,0.0,nan,0,-0.07999644426188401,-1.2917599185250026e-15,-1.7448771587439935e-11,-3.1968931973962395e-15,2
6.4750000000000005,4.0,1.803973975940159e-05,8.446577183428205e-07,19.619999999999642,6.753343180640445e-11,6.88414187629008e-12,4,-2.1860452089454696e-06,-0.006807903059547168,-2.505347445744203e-07,9.80999998973277,2.901410827685918e-11,5.915210664062303e-12,4,-2.4046122518023294e-06,0.17187168230208988,7.555852724025539e-06,0.0,0.0,nan,0,-0.07999644426179675,-6.86729994819254e-15,-1.7449383098281902e-11,-8.027512266849952e-17,2
6.48,4.0,1.804396304850076e-05,8.446579116328661e-07,19.620000000001042,6.752279868503441e-11,6.883057969931786e-12,4,-2.1860452089593474e-06,-0.00680790431222102,-2.505347939158538e-07,9.809999989732747,2.901162537079401e-11,5.914704465067868e-12,4,-2.4046123390311647e-06,0.17187172008134594,7.5558498468284155e-06,0.0,0.0,nan,0,-0.07999644426170949,1.4385005436331814e-15,-1.7433877723519993e-11,-2.8624940223791415e-15,2
6.485,4.0,1.8048186338566397e-05,8.446581049931876e-07,19.6199999999995,6.752040988461355e-11,6.882814463263534e-12,4,-2.1860452089593474e-06,-0.006807905564895119,-2.505348431441444e-07,9.809999989733202,2.8943498611437506e-11,5.900815217477828e-12,4,-2.404612426253061e-06,0.1718717578605876,7.555846969236926e-06,0.0,0.0,nan,0,-0.07999644426162228,3.029644340465709e-16,-1.7446227400356717e-11,2.4479817894174643e-16,2
6.49,4.0,1.805240962959886e-05,8.446582983053144e-07,19.61999999999749,6.768490112220068e-11,6.899582173517772e-12,4,-2.1860452089593474e-06,-0.006807906817569464,-2.5053489244897237e-07,9.809999989730127,2.9167592509652355e-11,5.946502046929106e-12,4,-2.4046125134749574e-06,0.1718717956398149,7.555844091825233e-06,0.0,0.0,nan,0,-0.07999644426153504,-2.903387503131129e-16,-1.743914328928119e-11,-5.8871856306679176e-15,2
6.495,4.0,1.8056632921598023e-05,8.446584916636188e-07,19.620000000002584,6.748948490218218e-11,6.879662069538562e-12,4,-2.1860452089593474e-06,-0.006807908070244056,-2.5053494177262426e-07,9.809999989734722,2.8984801256617012e-11,5.909235736380629e-12,4,-2.404612600676037e-06,0.1718718334190278,7.555841214351106e-06,0.0,0.0,nan,0,-0.07999644426144786,1.993167966735909e-15,-1.7438067261125716e-11,1.4478358484255684e-15,2
6.5,4.0,1.8060856214563645e-05,8.446586849298551e-07,19.620000000000992,6.758135393772736e-11,6.889026904966762e-12,4,-2.1860452089593474e-06,-0.006807909322918894,-2.5053499107886846e-07,9.809999989733088,2.9089690195749053e-11,5.930619821853951e-12,4,-2.4046126878285445e-06,0.17187187119822628,7.55583833704179e-06,0.0,0.0,nan,0,-0.07999644426136071,6.8261908375341396e-15,-1.7433990966268503e-11,-5.1371189552311594e-15,2
6.505,4.0,1.806507950849567e-05,8.446588782771733e-07,19.620000000006264,6.760559533619777e-11,6.891497995532741e-12,4,-2.1860452089385307e-06,-0.006807910575593979,-2.505350403544005e-07,9.809999989739067,2.900552861617109e-11,5.9134614977594094e-12,4,-2.4046127750643187e-06,0.17187190897741042,7.5558354595063204e-06,0.0,0.0,nan,0,-0.0799964442612735,-9.373767290646538e-16,-1.7449598481548682e-11,-4.275528847712456e-16,2
6.51,4.0,1.8069302803394642e-05,8.446590716243748e-07,19.619999999994633,6.768697290747988e-11,6.8997933646787355e-12,4,-2.1860452089385307e-06,-0.00680791182826931,-2.505350896491547e-07,9.809999989728961,2.916281069173267e-11,5.94552716050276e-12,4,-2.404612862237643e-06,0.17187194675658019,7.555832581856972e-06,0.0,0.0,nan,0,-0.07999644426118632,4.4400995130097534e-15,-1.7438832426834286e-11,-6.494255580532951e-15,2
6.515000000000001,4.0,1.8073526099260444e-05,8.446592650202377e-07,19.619999999999102,6.763821385737046e-11,6.894823023177733e-12,4,-2.1860452089385307e-06,-0.006807913080944888,-2.505351389160046e-07,9.809999989733758,2.9093333241748224e-11,5.931362542751198e-12,4,-2.4046129495081114e-06,0.17187198453573552,7.555829704266724e-06,0.0,0.0,nan,0,-0.07999644426109906,-3.7764390476361046e-15,-1.74472008439047e-11,-7.441884913943399e-16,2
6.5200000000000005,4.0,1.807774939609305e-05,8.446594583505965e-07,19.620000000000957,6.75647120680836e-11,6.887330486042844e-12,4,-2.1860452089593474e-06,-0.006807914333620712,-2.505351881739875e-07,9.809999989734255,2.9026581006703184e-11,5.91775352437885e-12,4,-2.4046130367647023e-06,0.1718720223148765,7.555826826673161e-06,0.0,0.0,nan,0,-0.0799964442610118,-7.14352343671928e-15,-1.7444673532211437e-11,-4.684147961184095e-15,2
6.525,4.0,1.8081972693892437e-05,8.446596517144178e-07,19.62000000000775,6.75234988780617e-11,6.883129345365447e-12,4,-2.1860452089697557e-06,-0.006807915586296783,-2.505352375012168e-07,9.809999989737284,2.9014213452705662e-11,5.915232106637887e-12,4,-2.4046131239865987e-06,0.1718720600940031,7.5558239490256745e-06,0.0,0.0,nan,0,-0.07999644426092456,1.0290502921514223e-15,-1.743077842492445e-11,-2.8940243562784923e-15,2
6.53,4.0,1.8086195992658385e-05,8.446598450046889e-07,19.61999999999861,6.768300157503294e-11,6.899388539759199e-12,4,-2.1860452089697557e-06,-0.006807916838973099,-2.5053528670529264e-07,9.809999989731928,2.913871584334219e-11,5.9406148570522976e-12,4,-2.404613211152984e-06,0.17187209787311528,7.555821071477357e-06,0.0,0.0,nan,0,-0.07999644426083741,2.778761778960669e-15,-1.744517801755384e-11,-4.1778292215454314e-16,2
6.535,4.0,1.8090419292391014e-05,8.446600383682131e-07,19.619999999999663,6.758714178450027e-11,6.88961689954143e-12,4,-2.1860452089697557e-06,-0.006807918091649663,-2.505353360056089e-07,9.809999989732225,2.9053371851913455e-11,5.923215470402157e-12,4,-2.404613298388758e-06,0.17187213565221313,7.555818193773502e-06,0.0,0.0,nan,0,-0.07999644426075017,3.9667004153095856e-15,-1.7444125082037282e-11,-2.609807261974452e-15,2
6.54,4.0,1.809464259309029e-05,8.446602316802365e-07,19.61999999999777,6.759865585065938e-11,6.890790606591953e-12,4,-2.186045208962817e-06,-0.006807919344326471,-2.5053538527516967e-07,9.809999989730361,2.9043955147516126e-11,5.921295652991011e-12,4,-2.404613385582899e-06,0.17187217343129654,7.555815316112599e-06,0.0,0.0,nan,0,-0.07999644426066299,7.213880717733243e-15,-1.7439010950696647e-11,8.016860480937287e-16,2
6.545,4.0,1.8098865894756208e-05,8.446604250261327e-07,19.620000000001255,6.762002121863074e-11,6.892968523815129e-12,4,-2.1860452089454696e-06,-0.0068079205970035285,-2.5053543458421035e-07,9.809999989735282,2.9076861985241986e-11,5.928004488413177e-12,4,-2.404613472804795e-06,0.17187221121036556,7.5558124384792844e-06,0.0,0.0,nan,0,-0.07999644426057578,-1.019533232886919e-15,-1.7450706484127256e-11,-4.320882987526744e-15,2
6.55,4.0,1.810308919738882e-05,8.446606183209504e-07,19.619999999981843,6.767725818161503e-11,6.898803076623614e-12,4,-2.1860452089454696e-06,-0.00680792184968083,-2.5053548386133387e-07,9.809999989720506,2.915823105312554e-11,5.944593493104841e-12,4,-2.4046135599850582e-06,0.1718722489894202,7.555809560825387e-06,0.0,0.0,nan,0,-0.0799964442604886,1.8066504985988795e-15,-1.7440257065019482e-11,1.8008867702563693e-15,2
6.555,4.0,1.8107312500988155e-05,8.446608117450657e-07,19.620000000001482,6.754291019282233e-11,6.885108072662307e-12,4,-2.1860452089697557e-06,-0.006807923102358379,-2.505355331842069e-07,9.809999989733786,2.903166120222016e-11,5.918789242120681e-12,4,-2.40461364723471e-06,0.17187228676846042,7.55580668291652e-06,0.0,0.0,nan,0,-0.07999644426040134,-7.173721502989087e-15,-1.746022775678644e-11,-4.510953169342571e-15,2
6.5600000000000005,4.0,1.8111535805554286e-05,8.446610050336231e-07,19.619999999995372,6.768665691882819e-11,6.899761153806744e-12,4,-2.186045208973225e-06,-0.006807924355036174,-2.505355824168002e-07,9.809999989729247,2.917475137723107e-11,5.947961551024687e-12,4,-2.4046137344566065e-06,0.17187232454748627,7.555803805238564e-06,0.0,0.0,nan,0,-0.0799964442603141,-4.790766644993919e-16,-1.7444853388341432e-11,-8.187954786491512e-16,2
6.565,4.0,1.8115759111087078e-05,8.446611984076885e-07,19.62000000000016,6.762686034769566e-11,6.8936656827416015e-12,4,-2.186045208973225e-06,-0.006807925607714217,-2.5053563171943384e-07,9.80999998973391,2.909380783891635e-11,5.9314593005836485e-12,4,-2.4046138217201363e-06,0.17187236232649775,7.555800927367277e-06,0.0,0.0,nan,0,-0.07999644426022684,-4.908866532753767e-15,-1.74448698196422e-11,-6.85263557288195e-15,2
6.57,4.0,1.8119982417586613e-05,8.446613917345099e-07,19.620000000003632,6.759306853797225e-11,6.890221053818526e-12,4,-2.186045208973225e-06,-0.006807926860392504,-2.5053568104412197e-07,9.809999989734326,2.9072600916344128e-11,5.927135768963741e-12,4,-2.404613908921216e-06,0.17187240010549482,7.555798049684976e-06,0.0,0.0,nan,0,-0.07999644426013966,1.3776603218837219e-15,-1.7431319325582044e-11,-9.493006659354737e-17,2
6.575,4.0,1.8124205725052632e-05,8.446615850452004e-07,19.619999999997006,6.758013801260399e-11,6.888902957453038e-12,4,-2.186045208973225e-06,-0.006807928113071039,-2.5053573029268523e-07,9.80999998972995,2.9054031683944715e-11,5.923349992734203e-12,4,-2.4046139960806623e-06,0.17187243788447754,7.555795171775255e-06,0.0,0.0,nan,0,-0.07999644426005251,3.2326209514274334e-15,-1.7444574944406866e-11,-4.454997928901462e-15,2
6.58,4.0,1.8128429033485455e-05,8.446617784113453e-07,19.62000000000211,6.757793687385921e-11,6.888678580413042e-12,4,-2.186045208973225e-06,-0.006807929365749819,-2.505357796050197e-07,9.809999989734388,2.9016003985767037e-11,5.915597149058237e-12,4,-2.4046140832956198e-06,0.17187247566344585,7.555792293932249e-06,0.0,0.0,nan,0,-0.07999644425996529,6.003737620891825e-15,-1.7444124637948083e-11,-3.0538964718245142e-15,2
6.585,4.0,1.813265234288513e-05,8.446619717762452e-07,19.61999999997935,6.767586257377558e-11,6.898660812828422e-12,4,-2.1860452089524085e-06,-0.0068079306184288466,-2.505358287787388e-07,9.809999989719449,2.915576366015753e-11,5.944090456821975e-12,4,-2.404614170524455e-06,0.1718725134423998,7.555789415925672e-06,0.0,0.0,nan,0,-0.07999644425987809,2.527851375395385e-15,-1.745276972259624e-11,-1.3217651981136464e-17,2
6.59,4.0,1.8136875653251573e-05,8.446621650788824e-07,19.620000000000594,6.760843872109827e-11,6.891787841090339e-12,4,-2.1860452089524085e-06,-0.00680793187110812,-2.505358781430717e-07,9.809999989731914,2.9086072651913262e-11,5.929882300174828e-12,4,-2.4046142577532903e-06,0.1718725512213393,7.555786538227708e-06,0.0,0.0,nan,0,-0.07999644425979086,3.5226112054595257e-15,-1.7442218607059403e-11,-2.5014494947710372e-15,2
6.595,4.0,1.814109896458454e-05,8.44662358434824e-07,19.62000000000046,6.75871438512046e-11,6.8896171102143746e-12,4,-2.1860452089524085e-06,-0.00680793312378764,-2.50535927432625e-07,9.809999989735168,2.9051719451740528e-11,5.9228785896308264e-12,4,-2.404614345030698e-06,0.17187258900026442,7.555783660150304e-06,0.0,0.0,nan,0,-0.07999644425970359,-5.307214553989269e-15,-1.74463437517297e-11,-6.527562271271705e-15,2
6.6000000000000005,4.0,1.8145322276884158e-05,8.446625517600717e-07,19.620000000017292,6.74754135188822e-11,6.878227677759707e-12,4,-2.1860452089836335e-06,-0.006807934376467407,-2.5053597681318427e-07,9.809999989744561,2.8971628440941315e-11,5.906550147039438e-12,4,-2.4046144322456553e-06,0.17187262677917514,7.555780782457944e-06,0.0,0.0,nan,0,-0.07999644425961636,-1.0057664673815646e-15,-1.7432803471721368e-11,-2.302941617968059e-15,2
6.605,4.0,1.814954559015036e-05,8.446627451063538e-07,19.620000000001852,6.750745200769694e-11,6.881493578765603e-12,4,-2.1860452089836335e-06,-0.006807935629147419,-2.5053602601800803e-07,9.809999989735587,2.896978332453734e-11,5.90617397652376e-12,4,-2.404614519439796e-06,0.17187266455807151,7.555777904315902e-06,0.0,0.0,nan,0,-0.07999644425952916,-1.1052424503879785e-15,-1.744656890495909e-11,4.410856096954768e-16,2
6.61,4.0,1.8153768904383496e-05,8.446629384704691e-07,19.619999999998377,6.761727221779054e-11,6.892688299469534e-12,4,-2.1860452089836335e-06,-0.006807936881827679,-2.5053607527583413e-07,9.809999989731914,2.9107695208103925e-11,5.9342905685159696e-12,4,-2.4046146066755703e-06,0.17187270233695345,7.55577502631206e-06,0.0,0.0,nan,0,-0.07999644425944194,-4.7543234877259425e-15,-1.7445053672575085e-11,-4.07041667317131e-15,2
6.615,4.0,1.8157992219583482e-05,8.446631318467822e-07,19.620000000003472,6.760482632210651e-11,6.89141960469873e-12,4,-2.1860452089836335e-06,-0.006807938134508185,-2.5053612452615065e-07,9.80999998973588,2.9049662182340267e-11,5.922459166714512e-12,4,-2.4046146938974666e-06,0.17187274011582107,7.5557721482460986e-06,0.0,0.0,nan,0,-0.0799964442593547,-5.582993953306158e-15,-1.744257121389202e-11,-1.0825274288905188e-16,2
6.62,4.0,1.8162215535750184e-05,8.446633251640796e-07,19.620000000001387,6.760554503746639e-11,6.891492868242774e-12,4,-2.1860452089836335e-06,-0.006807939387188939,-2.505361737999016e-07,9.809999989733404,2.9052518295941457e-11,5.923041452873841e-12,4,-2.4046147810916074e-06,0.17187277789467423,7.55576927029634e-06,0.0,0.0,nan,0,-0.07999644425926752,-3.4389312481500555e-15,-1.744349181082404e-11,-6.276651867706422e-15,2
6.625,4.0,1.816643885288343e-05,8.446635184802056e-07,19.62000000000311,6.752983686867809e-11,6.88377541984377e-12,4,-2.1860452089836335e-06,-0.006807940639869936,-2.505362231143757e-07,9.809999989734688,2.9001513659300415e-11,5.912642954056672e-12,4,-2.4046148682857482e-06,0.17187281567351306,7.5557663922912216e-06,0.0,0.0,nan,0,-0.07999644425918034,4.0776948757118736e-16,-1.74439363441231e-11,1.0152929580316067e-15,2
6.63,4.0,1.8170662170983143e-05,8.446637117554664e-07,19.62000000000239,6.753191611460075e-11,6.8839873715180964e-12,4,-2.186045208980164e-06,-0.006807941892551182,-2.5053627245446965e-07,9.809999989733868,2.8996300776155175e-11,5.911580184811357e-12,4,-2.4046149554660112e-06,0.17187285345233747,7.555763514345034e-06,0.0,0.0,nan,0,-0.07999644425909316,7.2347529105962e-15,-1.7444078896759464e-11,-5.356499024897091e-15,2
6.635,4.0,1.8174885490049414e-05,8.446639051071511e-07,19.620000000007735,6.761351854193052e-11,6.892305661763901e-12,4,-2.186045208962817e-06,-0.0068079431452326734,-2.5053632179057906e-07,9.809999989741783,2.9071426890513976e-11,5.926896416088414e-12,4,-2.404615042729541e-06,0.17187289123114746,7.555760636224739e-06,0.0,0.0,nan,0,-0.07999644425900593,3.6424874500588198e-16,-1.7452398019927595e-11,-1.054606849079534e-15,2
6.640000000000001,4.0,1.8179108810082428e-05,8.446640984557616e-07,19.619999999998527,6.752609725530442e-11,6.883394215627879e-12,4,-2.186045208973225e-06,-0.006807944397914411,-2.5053637103163677e-07,9.809999989731773,2.8979013036897614e-11,5.908055671198826e-12,4,-2.4046151300069485e-06,0.17187292900994305,7.555757757974496e-06,0.0,0.0,nan,0,-0.07999644425891864,-7.666660525922651e-15,-1.7452613403194376e-11,-4.0841834386766616e-15,2
6.6450000000000005,4.0,1.818333213108238e-05,8.44664291817075e-07,19.62000000000028,6.757423594688743e-11,6.888301319764165e-12,4,-2.1860452089905724e-06,-0.006807945650596395,-2.505364203414614e-07,9.80999998973267,2.9053414512859446e-11,5.923224167842466e-12,4,-2.404615217214967e-06,0.1718729667887243,7.555754880018793e-06,0.0,0.0,nan,0,-0.0799964442588314,1.2324431502627524e-15,-1.7432474845706103e-11,-1.7207406638546285e-15,2
6.65,4.0,1.8187555453048954e-05,8.446644851823867e-07,19.61999999999842,6.769099604665343e-11,6.90020347060743e-12,4,-2.1860452089905724e-06,-0.006807946903278627,-2.5053646955056244e-07,9.809999989732193,2.915973959848823e-11,5.944901045669476e-12,4,-2.40461530439523e-06,0.17187300456749113,7.555752001662383e-06,0.0,0.0,nan,0,-0.07999644425874425,-2.173277000077378e-15,-1.7444913784474004e-11,-8.125782297112505e-16,2
6.655,4.0,1.8191778775982378e-05,8.446646785072927e-07,19.62000000000253,6.753549030327844e-11,6.8843517128715326e-12,4,-2.1860452089905724e-06,-0.006807948155961103,-2.505365188827751e-07,9.809999989735722,2.901038944223138e-11,5.9144524918624204e-12,4,-2.4046153916310042e-06,0.17187304234624362,7.555749123528329e-06,0.0,0.0,nan,0,-0.07999644425865698,-3.8221802362506586e-15,-1.7449143290108615e-11,-4.266260014715187e-15,2
6.66,4.0,1.8196002099882422e-05,8.446648718647323e-07,19.61999999999817,6.752568336919762e-11,6.8833520254030495e-12,4,-2.1860452089905724e-06,-0.006807949408643828,-2.505365681136736e-07,9.809999989730969,2.8985005733633442e-11,5.909277423848057e-12,4,-2.404615478839023e-06,0.17187308012498168,7.555746245343919e-06,0.0,0.0,nan,0,-0.0799964442585698,-3.2666246347282305e-15,-1.7444961746108668e-11,1.070804109262865e-15,2
6.665,4.0,1.8200225424749243e-05,8.446650652066062e-07,19.62000000000527,6.759325863205056e-11,6.890240431399837e-12,4,-2.1860452089905724e-06,-0.006807950661326796,-2.5053661739928257e-07,9.809999989737607,2.90553469229525e-11,5.923618135239093e-12,4,-2.4046155660331636e-06,0.17187311790370535,7.555743367121651e-06,0.0,0.0,nan,0,-0.07999644425848262,1.6970982903131943e-17,-1.7443270654397563e-11,-3.564154973942239e-15,2
6.67,4.0,1.8204448750582745e-05,8.446652585474642e-07,19.620000000001298,6.753705241983504e-11,6.884510950033697e-12,4,-2.1860452089905724e-06,-0.006807951914010014,-2.505366666511033e-07,9.809999989732736,2.8958917581643888e-11,5.903958738420518e-12,4,-2.404615653185671e-06,0.17187315568241465,7.555740488876601e-06,0.0,0.0,nan,0,-0.07999644425839547,5.959328699906819e-15,-1.7443933235498668e-11,6.440343785969522e-16,2
6.675,4.0,1.820867207738301e-05,8.446654519012234e-07,19.6200000000034,6.755783265428693e-11,6.886629220619288e-12,4,-2.1860452089697557e-06,-0.006807953166693475,-2.5053671593276154e-07,9.809999989736461,2.9011229713087278e-11,5.91462380090515e-12,4,-2.4046157404214452e-06,0.17187319346110952,7.555737610518592e-06,0.0,0.0,nan,0,-0.07999644425830824,-4.693067018826867e-16,-1.745538318759624e-11,-5.552786455650822e-15,2
6.68,4.0,1.821289540514988e-05,8.446656451700649e-07,19.61999999999864,6.755717443192018e-11,6.886562123539742e-12,4,-2.1860452089697557e-06,-0.0068079544193771855,-2.5053676528395375e-07,9.80999998973323,2.9030974127490397e-11,5.9186491657233645e-12,4,-2.4046158277127305e-06,0.17187323123979,7.5557347323687665e-06,0.0,0.0,nan,0,-0.07999644425822097,-3.4851165259744617e-15,-1.7449014504237774e-11,1.7241163773618604e-16,2
6.6850000000000005,4.0,1.8217118733883313e-05,8.446658385512779e-07,19.62000000000124,6.757824480675718e-11,6.88870997010733e-12,4,-2.186045208994042e-06,-0.00680795567206114,-2.505368145726322e-07,9.809999989734337,2.902925723695989e-11,5.91829913707187e-12,4,-2.404615914983199e-06,0.17187326901845612,7.555731854023407e-06,0.0,0.0,nan,0,-0.07999644425813368,-6.969884555667906e-15,-1.74458867839328e-11,-6.224249340944115e-15,2
6.69,4.0,1.8221342063583568e-05,8.44666031871611e-07,19.619999999998058,6.757847404160827e-11,6.888733337575429e-12,4,-2.1860452089975113e-06,-0.006807956924745342,-2.505368638389137e-07,9.809999989731377,2.9034197893303907e-11,5.91930640646187e-12,4,-2.4046160021565233e-06,0.17187330679710786,7.555728975752501e-06,0.0,0.0,nan,0,-0.0799964442580465,9.66433713562564e-16,-1.743936178117248e-11,-8.916261090645636e-16,2
6.695,4.0,1.8225565394250626e-05,8.446662252518352e-07,19.620000000000367,6.758255582243712e-11,6.8891494212472836e-12,4,-2.1860452089975113e-06,-0.006807958177429791,-2.505369131353232e-07,9.809999989733482,2.9091064656269747e-11,5.930900038066176e-12,4,-2.4046160893922974e-06,0.17187334457574518,7.555726097323268e-06,0.0,0.0,nan,0,-0.07999644425795926,-2.2221268131608862e-15,-1.7441764747886983e-11,-7.0271626323530284e-15,2
6.7,4.0,1.8229788725884495e-05,8.446664186398129e-07,19.6200000000002,6.760846859613176e-11,6.891790886455766e-12,4,-2.1860452089975113e-06,-0.0068079594301144845,-2.505369623340718e-07,9.809999989733097,2.9067423310404887e-11,5.926080191809609e-12,4,-2.4046161765725604e-06,0.17187338235436808,7.55572321886323e-06,0.0,0.0,nan,0,-0.0799964442578721,-2.2692002694049936e-15,-1.7443167181611687e-11,-1.8237693605398437e-15,2
6.705,4.0,1.8234012058485004e-05,8.446666119119263e-07,19.620000000004048,6.758785129934388e-11,6.889689225212022e-12,4,-2.1860452089975113e-06,-0.006807960682799426,-2.505370116672558e-07,9.80999998973614,2.9054002534364943e-11,5.92334404990074e-12,4,-2.404616263780579e-06,0.17187342013297663,7.555720340415684e-06,0.0,0.0,nan,0,-0.07999644425778489,2.403478554577108e-16,-1.7447518811779008e-11,-3.00593483716071e-15,2
6.71,4.0,1.8238235392051897e-05,8.446668051821279e-07,19.619999999999816,6.761266547798371e-11,6.892218703158445e-12,4,-2.1860452089975113e-06,-0.006807961935484615,-2.5053706099838984e-07,9.80999998973172,2.9094411236419208e-11,5.931582317405256e-12,4,-2.404616350960842e-06,0.17187345791157077,7.5557174622582065e-06,0.0,0.0,nan,0,-0.07999644425769772,4.6288374271960296e-15,-1.7441476978078996e-11,-2.6662065916254122e-15,2
6.715,4.0,1.8242458726585362e-05,8.446669985348003e-07,19.61999999999275,6.759317666408506e-11,6.890232075852195e-12,4,-2.1860452089766946e-06,-0.006807963188170049,-2.5053711027024334e-07,9.809999989729091,2.9046058202990686e-11,5.921724410479395e-12,4,-2.404616438154983e-06,0.17187349569015054,7.555714583687198e-06,0.0,0.0,nan,0,-0.07999644425761054,4.2020398544698587e-16,-1.745359484034818e-11,7.910279070573273e-16,2
6.72,4.0,1.824668206208572e-05,8.446671919116996e-07,19.619999999997507,6.771663136764608e-11,6.90281665317581e-12,4,-2.1860452089766946e-06,-0.00680796444085573,-2.505371595441003e-07,9.80999998973164,2.916159244677138e-11,5.945278792516923e-12,4,-2.404616525390757e-06,0.17187353346871592,7.555711705286701e-06,0.0,0.0,nan,0,-0.07999644425752331,1.923445960789448e-15,-1.7445958726384814e-11,-4.245831911062083e-15,2
6.7250000000000005,4.0,1.8250905398552954e-05,8.446673853026458e-07,19.61999999999872,6.755241145674216e-11,6.886076601095472e-12,4,-2.1860452089766946e-06,-0.006807965693541657,-2.50537208846547e-07,9.809999989733221,2.9018549195307246e-11,5.916116050087049e-12,4,-2.4046166126820423e-06,0.17187357124726685,7.555708826702905e-06,0.0,0.0,nan,0,-0.07999644425743602,-6.378801817357472e-15,-1.745105731460311e-11,5.023699206547871e-16,2
6.73,4.0,1.8255128735987027e-05,8.446675786691526e-07,19.62000000000047,6.763852072719575e-11,6.894854304505008e-12,4,-2.1860452090079197e-06,-0.006807966946227831,-2.5053725806723146e-07,9.80999998973327,2.9113638021646014e-11,5.935502151297678e-12,4,-2.404616699945572e-06,0.17187360902580343,7.555705948129281e-06,0.0,0.0,nan,0,-0.07999644425734873,-7.106219943091874e-15,-1.745238869405424e-11,-5.961792617922725e-15,2
6.735,4.0,1.8259352074387713e-05,8.446677719409605e-07,19.619999999993077,6.753272706302643e-11,6.884070037008182e-12,4,-2.1860452090079197e-06,-0.006807968198914252,-2.505373073445735e-07,9.809999989726558,2.8999427967127768e-11,5.912217736492799e-12,4,-2.4046167871050184e-06,0.17187364680432562,7.555703069732553e-06,0.0,0.0,nan,0,-0.07999644425726157,1.4647018070143348e-15,-1.7443538440191136e-11,-1.2113703401566054e-15,2
6.74,4.0,1.8263575413755033e-05,8.446679653202873e-07,19.619999999996587,6.764602762787499e-11,6.895619533933411e-12,4,-2.1860452090079197e-06,-0.006807969451600917,-2.505373566193392e-07,9.809999989729555,2.9094599373257224e-11,5.931620673540757e-12,4,-2.4046168743269147e-06,0.17187368458283342,7.555700191036997e-06,0.0,0.0,nan,0,-0.07999644425717437,4.983636863805986e-16,-1.7444014059734887e-11,-6.7935717079718924e-15,2
6.745,4.0,1.8267798754089244e-05,8.446681586594834e-07,19.619999999999635,6.762751154368924e-11,6.893732063577013e-12,4,-2.1860452090079197e-06,-0.0068079707042878294,-2.5053740592912106e-07,9.809999989732185,2.911051824070474e-11,5.934866110331049e-12,4,-2.4046169615349333e-06,0.1718737223613268,7.555697312544256e-06,0.0,0.0,nan,0,-0.07999644425708716,1.2439894697188537e-15,-1.7443484705396748e-11,-1.9316830385334067e-15,2
6.75,4.0,1.8272022095389968e-05,8.446683519622634e-07,19.620000000000665,6.759873959408602e-11,6.890799143127801e-12,4,-2.1860452090079197e-06,-0.006807971956974988,-2.505374552535374e-07,9.809999989732535,2.909206521459428e-11,5.9311040254929624e-12,4,-2.4046170486874408e-06,0.17187376013980582,7.5556944339564645e-06,0.0,0.0,nan,0,-0.07999644425700003,5.1550831408683556e-15,-1.7443632143014413e-11,-4.206307971385427e-15,2
6.755,4.0,1.827624543765721e-05,8.446685452715562e-07,19.619999999997766,6.754333311794228e-11,6.885151184296633e-12,4,-2.1860452089836335e-06,-0.006807973209662394,-2.505375045332631e-07,9.80999998973032,2.897868169844309e-11,5.907988120036629e-12,4,-2.4046171358885204e-06,0.1718737979182704,7.555691555351219e-06,0.0,0.0,nan,0,-0.07999644425691285,6.839069424619794e-15,-1.7447489501891164e-11,-1.0856930937690367e-15,2
6.76,4.0,1.828046878089121e-05,8.446687386371594e-07,19.620000000002776,6.75943017936783e-11,6.890346767958077e-12,4,-2.1860452089836335e-06,-0.006807974462350046,-2.5053755388868837e-07,9.809999989734116,2.9075490301035274e-11,5.92772483821854e-12,4,-2.4046172231381724e-06,0.17187383569672063,7.5556886767527086e-06,0.0,0.0,nan,0,-0.07999644425682559,3.898310676992678e-15,-1.7441041326564143e-11,-5.452365253815097e-16,2
6.765000000000001,4.0,1.8284692125091983e-05,8.4466893202586e-07,19.619999999999933,6.756896067100432e-11,6.8877635750259485e-12,4,-2.1860452089836335e-06,-0.006807975715037946,-2.5053760311434967e-07,9.809999989734564,2.904314971886993e-11,5.921131447351973e-12,4,-2.4046173103878243e-06,0.17187387347515645,7.55568579806173e-06,0.0,0.0,nan,0,-0.07999644425673835,-1.6390376806277516e-15,-1.7447743520919195e-11,-3.5495000300171835e-15,2
6.7700000000000005,4.0,1.828891547025967e-05,8.446691253693068e-07,19.620000000003806,6.757347359669361e-11,6.888223608224312e-12,4,-2.1860452089975113e-06,-0.0068079769677260905,-2.5053765238746333e-07,9.80999998973597,2.903350174447003e-11,5.919164480091186e-12,4,-2.404617397665232e-06,0.17187391125357793,7.555682919282266e-06,0.0,0.0,nan,0,-0.07999644425665106,-6.6585780195630095e-15,-1.7446424575965947e-11,5.791973539588495e-16,2
6.775,4.0,1.8293138816393977e-05,8.446693186885473e-07,19.620000000015832,6.75205653501535e-11,6.882830310917331e-12,4,-2.186045209011389e-06,-0.006807978220414483,-2.505377017353226e-07,9.809999989742636,2.9005805225549587e-11,5.9135178911066545e-12,4,-2.404617484914884e-06,0.17187394903198497,7.555680040769623e-06,0.0,0.0,nan,0,-0.0799964442565638,-9.724597766428068e-16,-1.743394877779363e-11,-5.150441631526658e-15,2
6.78,4.0,1.829736216349483e-05,8.446695120247812e-07,19.619999999996406,6.7693951782031e-11,6.900504768811764e-12,4,-2.186045209011389e-06,-0.006807979473103119,-2.5053775091411214e-07,9.809999989729729,2.91853149814317e-11,5.950115191026779e-12,4,-2.404617572095147e-06,0.1718739868103776,7.5556771618622e-06,0.0,0.0,nan,0,-0.07999644425647665,1.3194846353933665e-15,-1.7447067617141805e-11,5.840823352672002e-16,2
6.785,4.0,1.8301585511562547e-05,8.446697053753904e-07,19.620000000001763,6.756561914354818e-11,6.8874229504120396e-12,4,-2.186045209011389e-06,-0.0068079807257920046,-2.505378002464509e-07,9.80999998973424,2.9035894490777636e-11,5.919652297892456e-12,4,-2.4046176593031654e-06,0.17187402458875584,7.555674283204748e-06,0.0,0.0,nan,0,-0.07999644425638944,1.712947675320522e-15,-1.7443880832971924e-11,-6.3876741701689345e-15,2
6.79,4.0,1.830580886059687e-05,8.446698986805964e-07,19.619999999998637,6.761367182807318e-11,6.8923212872658394e-12,4,-2.186045209011389e-06,-0.006807981978481134,-2.505378495194103e-07,9.809999989730404,2.9062727729645008e-11,5.925122886864285e-12,4,-2.4046177464834284e-06,0.17187406236711972,7.555671404436288e-06,0.0,0.0,nan,0,-0.07999644425630226,4.6807958647484904e-15,-1.7443310178337265e-11,4.545916412866158e-18,2
6.795,4.0,1.8310032210597863e-05,8.446700920466696e-07,19.6200000000001,6.756617979876779e-11,6.8874801018111565e-12,4,-2.186045208994042e-06,-0.0068079832311705125,-2.5053789883395065e-07,9.809999989733411,2.903190510847815e-11,5.91883896816744e-12,4,-2.404617833677569e-06,0.1718741001454692,7.5556685256889525e-06,0.0,0.0,nan,0,-0.07999644425621508,6.841289870669045e-15,-1.7440525738991494e-11,-6.7003129739033805e-15,2
6.8,4.0,1.8314255561565733e-05,8.446702854151068e-07,19.62000000000338,6.757671658685905e-11,6.888554188261713e-12,4,-2.186045208994042e-06,-0.006807984483860135,-2.505379481104189e-07,9.809999989734552,2.904328971776749e-11,5.9211599894310234e-12,4,-2.4046179209064045e-06,0.17187413792380424,7.5556656468296845e-06,0.0,0.0,nan,0,-0.07999644425612785,2.899109954830039e-15,-1.7436500514393417e-11,-3.485551183798777e-15,2
6.805,4.0,1.8318478913500298e-05,8.446704787483684e-07,19.61999999999811,6.755038194190607e-11,6.885869718849396e-12,4,-2.186045208994042e-06,-0.006807985736550005,-2.505379973851312e-07,9.80999998973293,2.9024539384724462e-11,5.917337291559902e-12,4,-2.4046180081491175e-06,0.17187417570212493,7.555662767739821e-06,0.0,0.0,nan,0,-0.07999644425604063,-5.619409268513862e-15,-1.744892168959292e-11,-5.763227700710158e-16,2
6.8100000000000005,4.0,1.8322702266401598e-05,8.4467067209958e-07,19.62000000000137,6.757190667628446e-11,6.888063881374082e-12,4,-2.186045209018328e-06,-0.006807986989240121,-2.505380466849584e-07,9.809999989733269,2.9053097563425664e-11,5.92315955022047e-12,4,-2.4046180953848917e-06,0.1718742134804312,7.5556598891367425e-06,0.0,0.0,nan,0,-0.07999644425595337,9.73983230130017e-16,-1.744057325653695e-11,-3.4846630053790764e-15,2
6.815,4.0,1.8326925620269438e-05,8.446708654038314e-07,19.61999999999923,6.766590434214385e-11,6.897645702563354e-12,4,-2.186045209018328e-06,-0.0068079882419304835,-2.505380959370216e-07,9.809999989732695,2.914027419059909e-11,5.9409325629149386e-12,4,-2.4046181826484214e-06,0.1718742512587231,7.555657010192906e-06,0.0,0.0,nan,0,-0.0799964442558661,-3.5255286440708175e-15,-1.7444951087967645e-11,1.3576857388260073e-15,2
6.82,4.0,1.8331148975103972e-05,8.446710587336677e-07,19.620000000000847,6.754279281888691e-11,6.885096107939246e-12,4,-2.186045209018328e-06,-0.006807989494621093,-2.505381452667928e-07,9.809999989733905,2.903250843540671e-11,5.918961970599189e-12,4,-2.4046182698841956e-06,0.17187428903700058,7.555654131409999e-06,0.0,0.0,nan,0,-0.07999644425577887,-6.627491774873505e-15,-1.744392701824973e-11,-4.447448412334012e-15,2
6.825,4.0,1.8335372330905087e-05,8.446712520508954e-07,19.62000000000127,6.756501895260638e-11,6.887361768868707e-12,4,-2.1860452090217974e-06,-0.006807990747311948,-2.5053819457707013e-07,9.809999989734214,2.9035376423887135e-11,5.9195466777312e-12,4,-2.4046183571269086e-06,0.17187432681526368,7.555651252442341e-06,0.0,0.0,nan,0,-0.07999644425569163,-6.211380185243996e-15,-1.744451499236357e-11,-1.3534218468990348e-16,2
6.83,4.0,1.8339595687673052e-05,8.446714454653927e-07,19.6200000000052,6.75443134734128e-11,6.885251118592753e-12,4,-2.1860452090217974e-06,-0.006807992000003051,-2.505382438423475e-07,9.809999989737246,2.8990115214736116e-11,5.910319112143566e-12,4,-2.404618444341866e-06,0.1718743645935124,7.555648373444992e-06,0.0,0.0,nan,0,-0.07999644425560443,-4.791182892143495e-15,-1.743740556820308e-11,-6.566642121738511e-15,2
6.835,4.0,1.8343819045407943e-05,8.446716388410246e-07,19.620000000004378,6.751488556777477e-11,6.882251332085597e-12,4,-2.1860452090217974e-06,-0.006807993252694399,-2.505382930625021e-07,9.80999998973592,2.8976284162813233e-11,5.9074993258166684e-12,4,-2.404618531522129e-06,0.17187440237174673,7.555645494396093e-06,0.0,0.0,nan,0,-0.07999644425551725,-3.0010871292981303e-16,-1.7443976756241233e-11,7.270790608389181e-16,2
6.84,4.0,1.8348042404109664e-05,8.446718321864851e-07,19.619999999998278,6.767654384547119e-11,6.898730259477791e-12,4,-2.1860452090217974e-06,-0.006807994505385995,-2.5053834227506817e-07,9.80999998972985,2.914890692306156e-11,5.942692549149385e-12,4,-2.4046186186746366e-06,0.1718744401499666,7.555642615295169e-06,0.0,0.0,nan,0,-0.0799964442554301,6.749363404230081e-15,-1.7442144888250604e-11,-5.156658880464561e-15,2
6.845,4.0,1.835226576377812e-05,8.446720255244534e-07,19.620000000001653,6.754718502435044e-11,6.885543835305275e-12,4,-2.1860452090009808e-06,-0.006807995758077835,-2.5053839159823164e-07,9.809999989735323,2.900290254068234e-11,5.912926110301627e-12,4,-2.4046187059242885e-06,0.17187447792817215,7.555639736328987e-06,0.0,0.0,nan,0,-0.07999644425534289,-1.8908641046729977e-16,-1.744574423129645e-11,8.687435187810885e-16,2
6.8500000000000005,4.0,1.8356489124413097e-05,8.446722187928782e-07,19.61999999999968,6.75474892775177e-11,6.88557484989998e-12,4,-2.186045209018328e-06,-0.006807997010769923,-2.505384409251641e-07,9.809999989732042,2.9028225040041815e-11,5.9180886993731214e-12,4,-2.4046187931739404e-06,0.17187451570636325,7.555636857498292e-06,0.0,0.0,nan,0,-0.07999644425525562,-7.329596815646457e-15,-1.7445423154797736e-11,-5.820128159980555e-15,2
6.855,4.0,1.836071248601445e-05,8.446724120748553e-07,19.61999999999452,6.761901235714415e-11,6.8928656837067325e-12,4,-2.1860452090287363e-06,-0.006807998263462256,-2.5053849023866206e-07,9.809999989728174,2.90796697767226e-11,5.928576922970694e-12,4,-2.4046188803472646e-06,0.17187455348454,7.5556339784758525e-06,0.0,0.0,nan,0,-0.07999644425516844,1.2097946005603982e-15,-1.7435675396641525e-11,3.5182367851561507e-16,2
6.86,4.0,1.8364935848582428e-05,8.446726054556485e-07,19.619999999999308,6.757134558834339e-11,6.888006685866032e-12,4,-2.1860452090287363e-06,-0.006807999516154837,-2.5053853955833936e-07,9.809999989732896,2.903681029270234e-11,5.919839005727246e-12,4,-2.4046189675830387e-06,0.17187459126270235,7.555631099343232e-06,0.0,0.0,nan,0,-0.0799964442550812,-2.3620149142636557e-15,-1.7451086624490956e-11,-5.8192399815608554e-15,2
6.865,4.0,1.836915921211734e-05,8.446727988178004e-07,19.61999999999793,6.758815349876746e-11,6.889720030456125e-12,4,-2.1860452090287363e-06,-0.006808000768847664,-2.5053858885351495e-07,9.809999989730706,2.90711967203968e-11,5.9268494904850315e-12,4,-2.4046190548326907e-06,0.17187462904085027,7.555628220281356e-06,0.0,0.0,nan,0,-0.07999644425499397,-4.4407965055717985e-15,-1.7444349347088323e-11,-1.5391081770259512e-15,2
6.87,4.0,1.8373382576619014e-05,8.44672992199647e-07,19.61999999999878,6.770321999258984e-11,6.901449540529465e-12,4,-2.1860452090287363e-06,-0.006808002021540738,-2.505386380640186e-07,9.809999989731407,2.9160814194716885e-11,5.945120127470111e-12,4,-2.404619142061526e-06,0.1718746668189838,7.555625340977227e-06,0.0,0.0,nan,0,-0.07999644425490675,-3.446036675507659e-15,-1.7444529647307513e-11,-7.064466125980431e-15,2
6.875,4.0,1.8377605942087722e-05,8.446731855861379e-07,19.619999999998797,6.759065918162646e-11,6.889975451746239e-12,4,-2.1860452090287363e-06,-0.0068080032742340564,-2.505386873222983e-07,9.809999989730594,2.905058815412261e-11,5.922647947917156e-12,4,-2.4046192292626056e-06,0.17187470459710297,7.555622461862556e-06,0.0,0.0,nan,0,-0.07999644425481955,-3.099065176067772e-17,-1.7444895132727225e-11,-1.1269363498755052e-16,2
6.88,4.0,1.838182930852316e-05,8.446733789025035e-07,19.619999999998733,6.761574318697191e-11,6.892532434961904e-12,4,-2.1860452090287363e-06,-0.006808004526927623,-2.505387365782697e-07,9.80999998973044,2.9075778143393937e-11,5.927783521678247e-12,4,-2.4046193164359297e-06,0.17187474237520772,7.555619582546141e-06,0.0,0.0,nan,0,-0.07999644425473237,5.762153090733389e-15,-1.7438068149304203e-11,-7.010731331588573e-15,2
6.885,4.0,1.8386052675925182e-05,8.446735722512568e-07,19.620000000004236,6.759911434139037e-11,6.890837343667256e-12,4,-2.1860452090079197e-06,-0.006808005779621434,-2.505387858832193e-07,9.809999989736548,2.9028927801877377e-11,5.918231973954765e-12,4,-2.404619403664765e-06,0.17187478015329807,7.555616703458369e-06,0.0,0.0,nan,0,-0.07999644425464518,-4.3333547588483494e-16,-1.7449307159027094e-11,-5.505655958997116e-16,2
6.890000000000001,4.0,1.839027604429382e-05,8.446737655410317e-07,19.619999999999507,6.759603559587726e-11,6.890523506205806e-12,4,-2.1860452090079197e-06,-0.0068080070323154945,-2.5053883521690134e-07,9.80999998973446,2.9075860862483562e-11,5.927800385914292e-12,4,-2.4046194909282947e-06,0.17187481793137402,7.555613824374817e-06,0.0,0.0,nan,0,-0.07999644425455792,-4.321336508122134e-15,-1.7446083515452787e-11,-6.914808062260959e-15,2
6.8950000000000005,4.0,1.839449941362895e-05,8.446739588561876e-07,19.620000000000978,6.752546920980815e-11,6.8833301946793865e-12,4,-2.1860452090356752e-06,-0.006808008285009798,-2.505388845240164e-07,9.809999989732676,2.8978362549719317e-11,5.9079230540364114e-12,4,-2.4046195781363133e-06,0.1718748557094356,7.555610945158717e-06,0.0,0.0,nan,0,-0.0799964442544707,-6.748284039952726e-15,-1.7444087334454506e-11,-2.508999011338489e-15,2
6.9,4.0,1.839872278393074e-05,8.446741522152783e-07,19.620000000000722,6.759758036047907e-11,6.890680974564382e-12,4,-2.1860452090356752e-06,-0.006808009537704352,-2.5053893381046427e-07,9.809999989734097,2.9062670574062732e-11,5.9251112343478165e-12,4,-2.404619665330454e-06,0.17187489348748278,7.555608065791193e-06,0.0,0.0,nan,0,-0.07999644425438351,-1.291343671375422e-16,-1.744380045282495e-11,-1.0004279654778276e-15,2
6.905,4.0,1.840294615519944e-05,8.446743455700464e-07,19.6199999999981,6.763071001921674e-11,6.894058105935095e-12,4,-2.1860452090356752e-06,-0.0068080107903991495,-2.5053898311503494e-07,9.8099999897313,2.913901588704835e-11,5.940676028042784e-12,4,-2.4046197525523505e-06,0.1718749312655155,7.555605186626417e-06,0.0,0.0,nan,0,-0.07999644425429628,-2.5538614529188845e-15,-1.7444757465072176e-11,-3.5104201795503816e-15,2
6.91,4.0,1.8407169527434905e-05,8.446745389467715e-07,19.62000000000175,6.755827266095918e-11,6.886674073491657e-12,4,-2.1860452090356752e-06,-0.006808012043094195,-2.505390323546364e-07,9.809999989734322,2.8991658570356677e-11,5.910633761609584e-12,4,-2.404619839760369e-06,0.17187496904353392,7.555602307265912e-06,0.0,0.0,nan,0,-0.0799964442542091,-2.580506805509888e-15,-1.7444124637948138e-11,7.297435960980165e-16,2
6.915,4.0,1.841139290063709e-05,8.44674732255227e-07,19.619999999999905,6.766663620162568e-11,6.897720305976148e-12,4,-2.1860452090356752e-06,-0.006808013295789486,-2.50539081633456e-07,9.809999989732175,2.915068402456333e-11,5.943054853226188e-12,4,-2.4046199269614488e-06,0.1718750068215379,7.555599427890547e-06,0.0,0.0,nan,0,-0.07999644425412189,-5.945398590604084e-16,-1.7444339577125704e-11,-5.142003936539512e-15,2
6.92,4.0,1.841561627480598e-05,8.44674925631867e-07,19.61999999999911,6.754231792796805e-11,6.885047699079625e-12,4,-2.1860452090356752e-06,-0.006808014548485023,-2.505391309037029e-07,9.809999989730917,2.8997126026010997e-11,5.911748431470971e-12,4,-2.4046200141486507e-06,0.17187504459952746,7.555596548569213e-06,0.0,0.0,nan,0,-0.07999644425403471,4.340179440793488e-15,-1.7444725046559855e-11,-2.1879225126168948e-15,2
6.925,4.0,1.8419839649941597e-05,8.446751189452494e-07,19.61999999998623,6.760361090548336e-11,6.891295709024547e-12,4,-2.1860452090148585e-06,-0.006808015801180806,-2.505391801292796e-07,9.809999989723881,2.904376920935505e-11,5.92125774511291e-12,4,-2.4046201013566693e-06,0.17187508237750262,7.555593669084612e-06,0.0,0.0,nan,0,-0.07999644425394753,1.468254520693132e-15,-1.7454502114603915e-11,-5.683291642937164e-16,2
6.93,4.0,1.8424063026043923e-05,8.446753122877964e-07,19.61999999999703,6.758773463097508e-11,6.8896773324144046e-12,4,-2.1860452090148585e-06,-0.006808017053876837,-2.505392294786264e-07,9.809999989731196,2.904836672323491e-11,5.9221950568077145e-12,4,-2.4046201886479546e-06,0.17187512015546344,7.555590789879128e-06,0.0,0.0,nan,0,-0.07999644425386024,8.962676184062512e-16,-1.744741977988522e-11,-2.399308976505524e-15,2
6.9350000000000005,4.0,1.8428286403112876e-05,8.446755056359401e-07,19.619999999998846,6.760518445831902e-11,6.891456111959531e-12,4,-2.186045209025267e-06,-0.006808018306573113,-2.5053927878107115e-07,9.809999989731699,2.9066614667851994e-11,5.925915330943229e-12,4,-2.404620275932301e-06,0.17187515793340982,7.5555879104333e-06,0.0,0.0,nan,0,-0.07999644425377295,-7.369564844532964e-15,-1.7446864668372915e-11,3.7669267426721614e-16,2
6.94,4.0,1.843250978114862e-05,8.44675698977824e-07,19.620000000005508,6.754429454636187e-11,6.885249189229654e-12,4,-2.1860452090460836e-06,-0.006808019559269637,-2.5053932813259466e-07,9.809999989736369,2.9061474321683004e-11,5.924867350068977e-12,4,-2.4046203631541974e-06,0.17187519571134183,7.555585031130297e-06,0.0,0.0,nan,0,-0.0799964442536857,1.6392288664854062e-15,-1.742847493419302e-11,-6.19227491783491e-15,2
6.945,4.0,1.8436733160150907e-05,8.446758923081826e-07,19.619999999995866,6.759906376003673e-11,6.890832187568907e-12,4,-2.1860452090460836e-06,-0.006808020811966406,-2.505393773336578e-07,9.809999989729254,2.906675651963989e-11,5.925944250779168e-12,4,-2.404620450306705e-06,0.1718752334892594,7.555582151532486e-06,0.0,0.0,nan,0,-0.07999644425359856,4.694978877403411e-16,-1.7438279091678888e-11,7.483953429117178e-16,2
6.95,4.0,1.8440956540120135e-05,8.44676085712973e-07,19.62000000000517,6.755314274091305e-11,6.8861511458608815e-12,4,-2.1860452090460836e-06,-0.006808022064663421,-2.5053942664577914e-07,9.809999989738035,2.9033759441227012e-11,5.91921701765513e-12,4,-2.4046205375563567e-06,0.1718752712671626,7.555579272087872e-06,0.0,0.0,nan,0,-0.07999644425351132,-8.658783662787972e-16,-1.7443364357220878e-11,-3.614337054655298e-15,2
6.955,4.0,1.8445179921056146e-05,8.446762790303279e-07,19.62000000000161,6.76010994323573e-11,6.891039697487436e-12,4,-2.1860452090460836e-06,-0.0068080233173606845,-2.5053947588683727e-07,9.80999998973379,2.9081875757040884e-11,5.929026664113191e-12,4,-2.4046206247366197e-06,0.1718753090450514,7.555576392352986e-06,0.0,0.0,nan,0,-0.07999644425342416,4.872614561343435e-16,-1.744231586259642e-11,4.108875434256713e-16,2
6.96,4.0,1.844940330295883e-05,8.446764723746528e-07,19.62000000000119,6.762209279860102e-11,6.893179694046576e-12,4,-2.1860452090460836e-06,-0.006808024570058193,-2.5053952515686636e-07,9.809999989733095,2.910690402734907e-11,5.934129267647634e-12,4,-2.404620711903005e-06,0.1718753468229258,7.555573513096165e-06,0.0,0.0,nan,0,-0.07999644425333699,4.515150589474411e-15,-1.744405225140693e-11,-3.1378293324861796e-15,2
6.965,4.0,1.845362668582809e-05,8.446766656739868e-07,19.61999999999893,6.759017753715964e-11,6.889926354450899e-12,4,-2.1860452090217974e-06,-0.006808025822755949,-2.505395744744051e-07,9.8099999897312,2.903883043214748e-11,5.920250858826589e-12,4,-2.4046207990971458e-06,0.17187538460078583,7.555570633532168e-06,0.0,0.0,nan,0,-0.07999644425324982,6.977181168883156e-15,-1.7444404858239548e-11,1.0894558560765677e-15,2
6.97,4.0,1.8457850069663955e-05,8.446768589906572e-07,19.620000000005476,6.758466250427049e-11,6.8893641696484836e-12,4,-2.1860452090217974e-06,-0.00680802707545395,-2.50539623853286e-07,9.809999989736031,2.9043967303301255e-11,5.9212981312312464e-12,4,-2.4046208863606755e-06,0.17187542237863143,7.555567754087224e-06,0.0,0.0,nan,0,-0.07999644425316256,3.2432790924638294e-15,-1.7440638537650816e-11,-4.885764462456025e-15,2
6.9750000000000005,4.0,1.8462073454466394e-05,8.4467705235344e-07,19.61999999999642,6.75758055855803e-11,6.888461323709748e-12,4,-2.1860452090217974e-06,-0.006808028328152199,-2.5053967309303227e-07,9.809999989731178,2.9049899090032912e-11,5.922507465941182e-12,4,-2.4046209736172663e-06,0.17187546015646263,7.555564874439268e-06,0.0,0.0,nan,0,-0.07999644425307531,-3.1382828530815712e-15,-1.745365123967785e-11,7.754847847125726e-16,2
6.98,4.0,1.8466296840235825e-05,8.446772457476591e-07,19.620000000000687,6.762684721768855e-11,6.893664344310518e-12,4,-2.1860452090391447e-06,-0.006808029580850693,-2.5053972233772576e-07,9.809999989732932,2.9070148741839524e-11,5.926635835323978e-12,4,-2.404621060887735e-06,0.17187549793427948,7.555561994732182e-06,0.0,0.0,nan,0,-0.07999644425298802,-6.763383073087631e-15,-1.745749172316463e-11,-5.387585269586596e-15,2
6.985,4.0,1.8470520226972175e-05,8.446774390688437e-07,19.619999999998377,6.764766933646174e-11,6.895786884451308e-12,4,-2.1860452090530225e-06,-0.006808030833549436,-2.505397716229408e-07,9.809999989730162,2.913050474199448e-11,5.938940830273284e-12,4,-2.4046211481096313e-06,0.17187553571208186,7.555559115143761e-06,0.0,0.0,nan,0,-0.07999644425290081,2.106410715247671e-15,-1.743783011748773e-11,1.1933727311814805e-15,2
6.99,4.0,1.8474743614674997e-05,8.446776324194068e-07,19.619999999999674,6.764619288342581e-11,6.895636379554224e-12,4,-2.1860452090530225e-06,-0.006808032086248421,-2.505398208753576e-07,9.809999989733107,2.9089849387564425e-11,5.930652276862204e-12,4,-2.404621235303772e-06,0.17187557348986987,7.55555623540257e-06,0.0,0.0,nan,0,-0.0799964442528136,8.691781766053966e-16,-1.7444000737058595e-11,-4.5566943579571306e-15,2
6.995,4.0,1.8478967003344805e-05,8.44677825826854e-07,19.620000000002086,6.747200416712152e-11,6.877880139359261e-12,4,-2.1860452090530225e-06,-0.006808033338947656,-2.5053987015650424e-07,9.809999989734502,2.8963435792322687e-11,5.904879882289695e-12,4,-2.404621322497913e-06,0.1718756112676435,7.555553355624561e-06,0.0,0.0,nan,0,-0.07999644425272642,1.4127433694618735e-15,-1.74429864373033e-11,4.2687475498027316e-16,2
7.0,4.0,1.848319039298128e-05,8.44678019121308e-07,19.620000000005597,6.752969757291471e-11,6.883761220478639e-12,4,-2.1860452090530225e-06,-0.006808034591647134,-2.505399194695716e-07,9.809999989737959,2.8994133774049754e-11,5.911138390291524e-12,4,-2.4046214097198093e-06,0.17187564904540273,7.5555504760392105e-06,0.0,0.0,nan,0,-0.07999644425263921,4.053297811230346e-15,-1.744354021654798e-11,-6.789574905083244e-15,2
7.005,4.0,1.848741378358429e-05,8.446782124203438e-07,19.619999999999244,6.758298097367385e-11,6.88919275980392e-12,4,-2.1860452090391447e-06,-0.006808035844346863,-2.5053996875166213e-07,9.809999989731649,2.9054794814891346e-11,5.9235055749854564e-12,4,-2.4046214968861945e-06,0.17187568682314752,7.555547596373001e-06,0.0,0.0,nan,0,-0.07999644425255206,6.815532696497735e-15,-1.7440812176531865e-11,-8.227922815378028e-16,2
7.01,4.0,1.8491637175153958e-05,8.446784057815837e-07,19.620000000005966,6.756292599742172e-11,6.887148419714697e-12,4,-2.1860452090287363e-06,-0.006808037097046834,-2.505400181009483e-07,9.809999989736953,2.90452347914538e-11,5.92155653860151e-12,4,-2.4046215841358465e-06,0.171875724600878,7.5555447167606355e-06,0.0,0.0,nan,0,-0.07999644425246483,1.225337722905148e-15,-1.744272753329395e-11,-7.230999579674205e-15,2
7.015000000000001,4.0,1.8495860567690322e-05,8.446785991283786e-07,19.619999999996786,6.76211740767496e-11,6.89308604248325e-12,4,-2.1860452090287363e-06,-0.006808038349747055,-2.5054006730383776e-07,9.809999989731217,2.90869491814667e-11,5.930061001409573e-12,4,-2.4046216713299873e-06,0.17187576237859398,7.5555418369037355e-06,0.0,0.0,nan,0,-0.07999644425237765,2.3240144280742024e-15,-1.744940619092088e-11,-9.96875251799026e-16,2
7.0200000000000005,4.0,1.8500083961193557e-05,8.446787924880688e-07,19.619999999998498,6.749312948631413e-11,6.880033586780764e-12,4,-2.1860452090287363e-06,-0.00680803960244752,-2.505401166246091e-07,9.809999989732766,2.8966863726431668e-11,5.905578747553241e-12,4,-2.4046217586212726e-06,0.1718758001562956,7.5555389570834375e-06,0.0,0.0,nan,0,-0.07999644425229036,-6.157645390852144e-15,-1.7453113003555496e-11,-4.578898818449632e-15,2
7.025,4.0,1.8504307355663508e-05,8.446789858193236e-07,19.619999999998694,6.768476654988328e-11,6.899568455646054e-12,4,-2.1860452090530225e-06,-0.006808040855148234,-2.5054016590029087e-07,9.809999989732072,2.916353844925538e-11,5.945675531045925e-12,4,-2.4046218458848023e-06,0.17187583793398284,7.555536077300442e-06,0.0,0.0,nan,0,-0.07999644425220306,-7.097338158894877e-15,-1.7452612515015995e-11,-2.8682671821071907e-15,2
7.03,4.0,1.8508530751100208e-05,8.446791791590633e-07,19.61999999999497,6.758419503250507e-11,6.889316517076697e-12,4,-2.186045209056492e-06,-0.006808042107849192,-2.505402151682067e-07,9.809999989727359,2.9065655833596172e-11,5.925719849955672e-12,4,-2.4046219331066987e-06,0.17187587571165566,7.55553319748965e-06,0.0,0.0,nan,0,-0.07999644425211586,2.0624458834725158e-15,-1.7438262216288894e-11,9.12264261346391e-16,2
7.035,4.0,1.851275414750352e-05,8.446793725172471e-07,19.619999999998893,6.759199042520076e-11,6.8901111544551046e-12,4,-2.186045209056492e-06,-0.006808043360550397,-2.5054026443471607e-07,9.809999989731645,2.905763983561443e-11,5.924085599598315e-12,4,-2.4046220203077784e-06,0.1718759134893141,7.555530317611266e-06,0.0,0.0,nan,0,-0.07999644425202866,1.8910274484703916e-15,-1.744753035809847e-11,-4.089956598404715e-15,2
7.04,4.0,1.8516977544873665e-05,8.446795658522718e-07,19.620000000002076,6.763779586864142e-11,6.894780414743554e-12,4,-2.186045209056492e-06,-0.006808044613251849,-2.505403137450756e-07,9.809999989734411,2.909074813344731e-11,5.9308355074187705e-12,4,-2.4046221074880414e-06,0.17187595126695812,7.555527437810997e-06,0.0,0.0,nan,0,-0.0799964442519415,3.469320500277514e-15,-1.7444236992518226e-11,-1.6713325250380184e-18,2
7.045,4.0,1.852120094321043e-05,8.446797591885678e-07,19.620000000000186,6.747941559292726e-11,6.8786356363839574e-12,4,-2.1860452090460836e-06,-0.006808045865953548,-2.5054036304947367e-07,9.809999989733013,2.896047461640937e-11,5.904276176701108e-12,4,-2.4046221946474877e-06,0.17187598904458776,7.555524557872935e-06,0.0,0.0,nan,0,-0.07999644425185434,6.833296264891738e-15,-1.7441754089745957e-11,-7.0267185431431786e-15,2
7.05,4.0,1.852542434251397e-05,8.446799525915968e-07,19.62000000000685,6.750383923566845e-11,6.881125304347082e-12,4,-2.1860452090356752e-06,-0.006808047118655491,-2.50540412315568e-07,9.809999989738133,2.8950818738445705e-11,5.902307598110103e-12,4,-2.4046222818971397e-06,0.171876026822203,7.555521677858475e-06,0.0,0.0,nan,0,-0.07999644425176711,1.2266421484744168e-16,-1.7455145155779777e-11,-7.548466324307439e-16,2
7.055,4.0,1.8529647742784254e-05,8.446801458635378e-07,19.619999999998477,6.755658455230211e-11,6.886501993099629e-12,4,-2.1860452090356752e-06,-0.006808048371357682,-2.505404616048013e-07,9.809999989732944,2.9022889021416486e-11,5.9170008260533285e-12,4,-2.4046223691467916e-06,0.17187606459980384,7.555518798047088e-06,0.0,0.0,nan,0,-0.07999644425167987,-3.08188352343061e-15,-1.7450685167845254e-11,-7.0253862755136276e-15,2
7.0600000000000005,4.0,1.8533871144021083e-05,8.446803391896989e-07,19.62000000000191,6.762959402192193e-11,6.8939443447416255e-12,4,-2.186045209063431e-06,-0.00680804962406012,-2.5054051093008354e-07,9.809999989734568,2.9098169804978763e-11,5.93234859030129e-12,4,-2.4046224564103214e-06,0.17187610237739026,7.555515918157359e-06,0.0,0.0,nan,0,-0.07999644425159258,-7.0089644061347135e-15,-1.745021398919361e-11,-1.2166994106748083e-15,2
7.065,4.0,1.8538094546224478e-05,8.446805325380663e-07,19.619999999994604,6.766337852038987e-11,6.897388228380069e-12,4,-2.1860452090669003e-06,-0.006808050876762804,-2.505405601534573e-07,9.80999998972841,2.9100947501934665e-11,5.932914889379184e-12,4,-2.404622543604462e-06,0.1718761401549623,7.555513038097776e-06,0.0,0.0,nan,0,-0.0799964442515054,-1.6377332550584844e-16,-1.7447537907615056e-11,-7.413076155712732e-15,2
7.07,4.0,1.8542317949394873e-05,8.446807259271352e-07,19.61999999999929,6.765033955598248e-11,6.896059078082052e-12,4,-2.1860452090669003e-06,-0.006808052129465734,-2.5054060948000743e-07,9.809999989732443,2.914343658239296e-11,5.9415772911102345e-12,4,-2.4046226308957475e-06,0.17187617793251994,7.555510158103556e-06,0.0,0.0,nan,0,-0.07999644425141811,-4.758764379824447e-15,-1.7444677529014415e-11,-5.958626953044203e-16,2
7.075,4.0,1.854654135353203e-05,8.446809192490011e-07,19.620000000001056,6.758987359704532e-11,6.889895371767756e-12,4,-2.1860452090669003e-06,-0.006808053382168912,-2.505406587650216e-07,9.809999989733795,2.9043998682562353e-11,5.921304528635477e-12,4,-2.4046227181315216e-06,0.17187621571006315,7.55550727806217e-06,0.0,0.0,nan,0,-0.07999644425133089,-6.2269233075887536e-15,-1.7445030579936246e-11,-7.073791999387284e-15,2
7.08,4.0,1.8550764758635756e-05,8.446811126027746e-07,19.620000000004453,6.756678871008946e-11,6.887542172280747e-12,4,-2.1860452090669003e-06,-0.006808054634872335,-2.5054070804573834e-07,9.80999998973638,2.900941748702589e-11,5.91425433585662e-12,4,-2.4046228053672958e-06,0.171876253487592,7.555504398018105e-06,0.0,0.0,nan,0,-0.07999644425124366,-5.154447865800852e-15,-1.7437735526486037e-11,-1.5821848303814092e-15,2
7.085,4.0,1.855498816470639e-05,8.446813060111614e-07,19.620000000011956,6.748983874357195e-11,6.879698138993968e-12,4,-2.1860452090669003e-06,-0.0068080558875760035,-2.505407572988436e-07,9.809999989743917,2.8896690280042475e-11,5.8912722345062515e-12,4,-2.4046228925614366e-06,0.17187629126510642,7.555501517776358e-06,0.0,0.0,nan,0,-0.07999644425115646,-1.5266831105356912e-15,-1.7442120907433303e-11,-1.6439132305505667e-15,2
7.09,4.0,1.8559211571743838e-05,8.446814993023952e-07,19.620000000002484,6.753341796193564e-11,6.884140465028245e-12,4,-2.1860452090669003e-06,-0.00680805714027992,-2.5054080658958213e-07,9.809999989733733,2.8989016572777443e-11,5.910095128056014e-12,4,-2.404622979713944e-06,0.17187632904260647,7.555498637752452e-06,0.0,0.0,nan,0,-0.0799964442510693,4.075502271722849e-15,-1.743875071441975e-11,-4.534933986674474e-15,2
7.095,4.0,1.856343497974791e-05,8.446816926418156e-07,19.61999999999408,6.756522863257135e-11,6.887383142975712e-12,4,-2.1860452090460836e-06,-0.0068080583929840816,-2.505408558156281e-07,9.809999989728626,2.9018727459327154e-11,5.916152393417056e-12,4,-2.404623066894207e-06,0.1718763668200921,7.555495757640096e-06,0.0,0.0,nan,0,-0.07999644425098218,1.2710510694594086e-16,-1.7444208126719597e-11,8.70519875620489e-16,2
7.1000000000000005,4.0,1.8567658388718734e-05,8.446818860202203e-07,19.619999999998722,6.761053556918178e-11,6.892001587073006e-12,4,-2.1860452090460836e-06,-0.006808059645688491,-2.5054090510803325e-07,9.809999989732836,2.905478257384917e-11,5.923503079359421e-12,4,-2.4046231541577368e-06,0.1718764045975633,7.555492877468515e-06,0.0,0.0,nan,0,-0.07999644425089492,-5.33696853104923e-15,-1.745474414322329e-11,-4.36884462219055e-15,2
7.105,4.0,1.8571881798656326e-05,8.446820793264173e-07,19.62000000001636,6.753042593050406e-11,6.883835466916182e-12,4,-2.186045209073839e-06,-0.006808060898393146,-2.5054095455342516e-07,9.80999998974368,2.907220430693369e-11,5.9270549107703515e-12,4,-2.4046232414073887e-06,0.17187644237502014,7.55548999758075e-06,0.0,0.0,nan,0,-0.07999644425080762,-1.2078270578633447e-15,-1.7440752224488548e-11,-3.920257479832391e-16,2
7.11,4.0,1.85761052095602e-05,8.446822726254499e-07,19.619999999999507,6.758359455373257e-11,6.889255306191057e-12,4,-2.186045209073839e-06,-0.006808062151098049,-2.5054100375029676e-07,9.809999989732887,2.9007009466931737e-11,5.913763404136672e-12,4,-2.4046233286154073e-06,0.17187648015246257,7.555487117297529e-06,0.0,0.0,nan,0,-0.07999644425072043,-1.1598654231995383e-15,-1.7444673532211524e-11,-6.950335199048963e-15,2
7.115,4.0,1.8580328621431006e-05,8.446824660168469e-07,19.619999999998058,6.75879915249955e-11,6.889703519368215e-12,4,-2.186045209073839e-06,-0.006808063403803197,-2.5054105305677273e-07,9.809999989730654,2.906205641268059e-11,5.924986023058808e-12,4,-2.4046234158511814e-06,0.17187651792989056,7.5554842370655225e-06,0.0,0.0,nan,0,-0.07999644425063321,-3.6272250731264866e-15,-1.7444678417192835e-11,3.341171505312186e-17,2
7.12,4.0,1.8584552034268622e-05,8.446826593701541e-07,19.61999999999842,6.764668958108032e-11,6.895687011323728e-12,4,-2.186045209073839e-06,-0.006808064656508593,-2.505411022906891e-07,9.809999989731056,2.9091508935618063e-11,5.93099061489716e-12,4,-2.4046235031008334e-06,0.1718765557073042,7.555481356739092e-06,0.0,0.0,nan,0,-0.07999644425054597,-3.718707450355599e-15,-1.744560878408747e-11,-7.088891032522183e-15,2
7.125,4.0,1.858877544807307e-05,8.446828527121503e-07,19.61999999999983,6.75292537389511e-11,6.883715977467042e-12,4,-2.186045209073839e-06,-0.006808065909214233,-2.5054115161207994e-07,9.809999989731782,2.9003892342227148e-11,5.913127904706583e-12,4,-2.404623590308852e-06,0.17187659348470344,7.555478476734158e-06,0.0,0.0,nan,0,-0.07999644425045876,-1.4640665319468322e-15,-1.744406557408324e-11,-1.6217087700580607e-15,2
7.13,4.0,1.8592998862844184e-05,8.446830460567826e-07,19.61999999999971,6.759075290415565e-11,6.889985005520556e-12,4,-2.186045209073839e-06,-0.006808067161920121,-2.505412008630974e-07,9.8099999897314,2.9042535847232327e-11,5.921006295134057e-12,4,-2.4046236775029928e-06,0.17187663126208824,7.555475596345355e-06,0.0,0.0,nan,0,-0.07999644425037158,3.5865600516779305e-15,-1.74373913573484e-11,-6.851303305252398e-15,2
7.135,4.0,1.859722227858208e-05,8.446832394190948e-07,19.61999999996951,6.764939422064498e-11,6.895962713634058e-12,4,-2.186045209049553e-06,-0.006808068414626253,-2.5054125012463126e-07,9.809999989713045,2.9173557912348924e-11,5.947718235054206e-12,4,-2.4046237646832558e-06,0.17187666903945867,7.555472715962931e-06,0.0,0.0,nan,0,-0.07999644425028443,4.557339064410168e-15,-1.7442886073141877e-11,-1.3588079578268236e-15,2
7.140000000000001,4.0,1.8601445695286735e-05,8.446834327459481e-07,19.61999999999602,6.753194691514024e-11,6.883990511228741e-12,4,-2.186045209049553e-06,-0.006808069667332634,-2.505412994462527e-07,9.809999989730512,2.899873148659497e-11,5.912075742497852e-12,4,-2.4046238519537244e-06,0.1718767068168147,7.555469835708917e-06,0.0,0.0,nan,0,-0.07999644425019717,-1.9649991606577017e-15,-1.7445359205951527e-11,-2.541861612867392e-15,2
7.1450000000000005,4.0,1.860566911295792e-05,8.446836260679364e-07,19.620000000001195,6.76990214567909e-11,6.90102155522801e-12,4,-2.1860452090669003e-06,-0.00680807092003926,-2.505413487139299e-07,9.809999989734028,2.9142689738897613e-11,5.941425029438301e-12,4,-2.4046239391964375e-06,0.17187674459415628,7.555466955441573e-06,0.0,0.0,nan,0,-0.0799964442501099,-6.860194520834944e-15,-1.7444786330870817e-11,-2.9379891880536474e-15,2
7.15,4.0,1.8609892531595768e-05,8.446838193855697e-07,19.619999999993365,6.76439906700174e-11,6.895411892970466e-12,4,-2.1860452090773086e-06,-0.006808072172746134,-2.5054139798361596e-07,9.809999989726567,2.9094701199579404e-11,5.931641433241297e-12,4,-2.4046240263767005e-06,0.17187678237148352,7.55546407499807e-06,0.0,0.0,nan,0,-0.07999644425002272,8.9005036946835e-16,-1.744211246973831e-11,8.993856742607427e-16,2
7.155,4.0,1.8614115951200405e-05,8.446840127554853e-07,19.61999999999965,6.764850112902219e-11,6.895871674722058e-12,4,-2.1860452090773086e-06,-0.006808073425453253,-2.5054144734354934e-07,9.809999989732786,2.911319265523938e-11,5.9354113528459626e-12,4,-2.4046241136263524e-06,0.17187682014879632,7.555461194749299e-06,0.0,0.0,nan,0,-0.07999644424993549,-2.7226153526619095e-15,-1.744429960909682e-11,-4.910633458207626e-15,2
7.16,4.0,1.8618339371771872e-05,8.446842061540785e-07,19.619999999999138,6.754723263241999e-11,6.8855486883203826e-12,4,-2.1860452090773086e-06,-0.006808074678160619,-2.50541496597355e-07,9.809999989731697,2.902431456674065e-11,5.9172914571092605e-12,4,-2.4046242008551877e-06,0.17187685792609472,7.555458314190083e-06,0.0,0.0,nan,0,-0.07999644424984825,-3.627225073126488e-15,-1.7444597148867415e-11,8.576412885348382e-16,2
7.165,4.0,1.862256279331011e-05,8.446843994852116e-07,19.62000000000009,6.759912590128426e-11,6.890838522047293e-12,4,-2.1860452090773086e-06,-0.00680807593086823,-2.505415458542752e-07,9.809999989732077,2.9060335476675834e-11,5.924635169641729e-12,4,-2.4046242880632063e-06,0.17187689570337875,7.55545543375429e-06,0.0,0.0,nan,0,-0.07999644424976105,-2.1044431725506237e-15,-1.7444250315194527e-11,-6.3810128320211825e-15,2
7.17,4.0,1.862678621581504e-05,8.446845928216931e-07,19.620000000000886,6.75465724009966e-11,6.885481386441748e-12,4,-2.1860452090773086e-06,-0.006808077183576089,-2.5054159512689875e-07,9.8099999897322,2.8984559079348287e-11,5.9091863628308784e-12,4,-2.404624375271225e-06,0.17187693348064834,7.555452553397461e-06,0.0,0.0,nan,0,-0.07999644424967386,2.0180369624875077e-15,-1.7444380877422224e-11,3.7447222821797045e-16,2
7.175,4.0,1.8631009639286702e-05,8.446847861605867e-07,19.62000000000002,6.766788128548041e-11,6.897847225838975e-12,4,-2.186045209063431e-06,-0.006808078436284195,-2.505416444233454e-07,9.809999989732827,2.915391715798949e-11,5.943714003772082e-12,4,-2.4046244624723045e-06,0.17187697125790355,7.5554496729579065e-06,0.0,0.0,nan,0,-0.07999644424958668,7.083762579247173e-15,-1.744375737617159e-11,-6.583073422502961e-15,2
7.18,4.0,1.863523306372503e-05,8.446849794971869e-07,19.620000000000417,6.754253355009156e-11,6.88506967890827e-12,4,-2.1860452090599614e-06,-0.006808079688992546,-2.505416937473658e-07,9.809999989732018,2.9051083098406657e-11,5.922748853988582e-12,4,-2.4046245497080787e-06,0.17187700903514436,7.555446792513581e-06,0.0,0.0,nan,0,-0.07999644424949946,2.420381786611665e-15,-1.744179583413168e-11,1.6841483484754166e-16,2
7.1850000000000005,4.0,1.863945648913002e-05,8.446851728507107e-07,19.61999999999694,6.766132167187846e-11,6.897178559825587e-12,4,-2.1860452090599614e-06,-0.0068080809417011435,-2.505417429829293e-07,9.80999998973096,2.910555223284381e-11,5.933853672438593e-12,4,-2.4046246369854862e-06,0.17187704681237073,7.555443911863956e-06,0.0,0.0,nan,0,-0.07999644424941219,-4.735671740912245e-15,-1.7448593951756055e-11,-4.583783799757979e-15,2
7.19,4.0,1.864367991550191e-05,8.446853662074839e-07,19.620000000001586,6.752002146148138e-11,6.882774868651981e-12,4,-2.186045209087717e-06,-0.006808082194409987,-2.5054179232972405e-07,9.809999989734534,2.9005210946247506e-11,5.9133967332516605e-12,4,-2.404624724249016e-06,0.17187708458958273,7.555441031400912e-06,0.0,0.0,nan,0,-0.0799964442493249,-6.951232808854208e-15,-1.744594718006535e-11,-3.3985096986681615e-15,2
7.195,4.0,1.8647903342840193e-05,8.446855594748259e-07,19.619999999994313,6.765113666932652e-11,6.89614033326668e-12,4,-2.186045209087717e-06,-0.006808083447119078,-2.505418415570436e-07,9.809999989727888,2.910340351493154e-11,5.933415605587338e-12,4,-2.404624811415401e-06,0.17187712236678035,7.555438150864305e-06,0.0,0.0,nan,0,-0.07999644424923774,5.543189268217001e-16,-1.743262183923459e-11,-2.079120656203626e-15,2
7.2,4.0,1.865212677114545e-05,8.446857529377213e-07,19.620000000002285,6.752305062822162e-11,6.8830836522134306e-12,4,-2.186045209087717e-06,-0.006808084699828415,-2.5054189086266726e-07,9.809999989735033,2.8974923689538876e-11,5.907221961234984e-12,4,-2.404624898595664e-06,0.17187716014396354,7.55543527016582e-06,0.0,0.0,nan,0,-0.07999644424915056,-1.3645905489404202e-15,-1.7444858717412003e-11,-3.0969731251799693e-15,2
7.205,4.0,1.86563502004175e-05,8.446859462430034e-07,19.619999999999443,6.758390073149795e-11,6.8892865169724634e-12,4,-2.186045209087717e-06,-0.006808085952537999,-2.5054194013474247e-07,9.809999989731423,2.9028283480512956e-11,5.918100613842648e-12,4,-2.404624985845316e-06,0.17187719792113232,7.555432389516346e-06,0.0,0.0,nan,0,-0.07999644424906333,-7.01565358634277e-16,-1.7442154214124015e-11,-1.239347960377156e-15,2
7.21,4.0,1.86605736306562e-05,8.446861395714425e-07,19.62000000000256,6.764998145549618e-11,6.896022574463543e-12,4,-2.186045209087717e-06,-0.006808087205247828,-2.505419894384695e-07,9.80999998973408,2.9099973109671505e-11,5.932716236518634e-12,4,-2.404625073039457e-06,0.17187723569828672,7.555429509138933e-06,0.0,0.0,nan,0,-0.07999644424897615,2.0726599352990643e-15,-1.7443965654010996e-11,-3.82527942933407e-15,2
7.215,4.0,1.8664797061861665e-05,8.44686332954811e-07,19.62000000000357,6.762546958009945e-11,6.893523912343236e-12,4,-2.1860452090773086e-06,-0.006808088457957906,-2.5054203869503066e-07,9.809999989736209,2.9086529306664287e-11,5.929975400019633e-12,4,-2.4046251602335977e-06,0.1718772734754267,7.555426628350788e-06,0.0,0.0,nan,0,-0.07999644424888896,7.029139606435613e-15,-1.7443538440191123e-11,1.572624916393443e-15,2
7.22,4.0,1.8669020494034015e-05,8.446865263413321e-07,19.620000000006826,6.754584017792162e-11,6.885406745963111e-12,4,-2.186045209063431e-06,-0.006808089710668227,-2.5054208797685914e-07,9.809999989738,2.900853495624257e-11,5.914074411128988e-12,4,-2.4046252474832497e-06,0.1718773112525523,7.555423747601851e-06,0.0,0.0,nan,0,-0.07999644424880173,-1.4290113264289854e-16,-1.7451547145001566e-11,-4.883099927196917e-15,2
7.2250000000000005,4.0,1.8673243927173025e-05,8.446867196236e-07,19.62000000000225,6.761034629503191e-11,6.89198229307076e-12,4,-2.186045209063431e-06,-0.006808090963378799,-2.5054213726212275e-07,9.809999989736415,2.906781786109692e-11,5.926160630277013e-12,4,-2.4046253347329016e-06,0.17187734902966345,7.555420867050084e-06,0.0,0.0,nan,0,-0.0799964442487145,-9.22721785139608e-16,-1.7446202531361022e-11,1.0002509653063617e-16,2
7.23,4.0,1.8677467361278426e-05,8.446869128889925e-07,19.61999999999929,6.755153087936291e-11,6.8859868378557955e-12,4,-2.1860452090773086e-06,-0.006808092216089613,-2.505421866189925e-07,9.809999989731583,2.9038621928626243e-11,5.920208350463165e-12,4,-2.404625422010309e-06,0.17187738680676024,7.555417986517526e-06,0.0,0.0,nan,0,-0.0799964442486272,-6.780258463061935e-15,-1.7449267635087408e-11,-7.032491702871219e-15,2
7.235,4.0,1.86816907963505e-05,8.446871062795691e-07,19.620000000015153,6.759400973458841e-11,6.890316996384934e-12,4,-2.186045209094656e-06,-0.006808093468800677,-2.505422359526444e-07,9.809999989741936,2.90382357736547e-11,5.920129623653259e-12,4,-2.4046255092460833e-06,0.17187742458384261,7.555415105759734e-06,0.0,0.0,nan,0,-0.07999644424853997,-1.0981370230303832e-15,-1.7437242143373876e-11,-9.320382271609095e-16,2
7.24,4.0,1.8685914232389373e-05,8.446872996323634e-07,19.619999999997326,6.75828345443302e-11,6.889177833265995e-12,4,-2.186045209094656e-06,-0.0068080947215119845,-2.5054228516143743e-07,9.809999989730168,2.9001242703295236e-11,5.912587713283563e-12,4,-2.4046255963985907e-06,0.17187746236091056,7.555412224929965e-06,0.0,0.0,nan,0,-0.07999644424845281,8.345392182370897e-16,-1.7443434967405238e-11,-7.330475562680612e-15,2
7.245,4.0,1.869013766939506e-05,8.446874929741944e-07,19.620000000004048,6.757877686632332e-11,6.888764206555493e-12,4,-2.186045209094656e-06,-0.006808095974223541,-2.5054233448056956e-07,9.809999989735784,2.9045557790490383e-11,5.921622389578142e-12,4,-2.4046256836066093e-06,0.1718775001379641,7.5554093441748705e-06,0.0,0.0,nan,0,-0.0799964442483656,-1.8112064675030467e-17,-1.7444120197056042e-11,-2.0991046706468735e-15,2
7.25,4.0,1.8694361107367587e-05,8.446876863850729e-07,19.62000000000016,6.76141255389965e-11,6.892367537104582e-12,4,-2.186045209094656e-06,-0.006808097226935342,-2.505423837017362e-07,9.809999989732157,2.9079143519815123e-11,5.928469633078781e-12,4,-2.4046257707868723e-06,0.1718775379150033,7.555406463148845e-06,0.0,0.0,nan,0,-0.07999644424827845,2.212548036401834e-15,-1.744383464769411e-11,-1.042172351203724e-15,2
7.255,4.0,1.8698584546307188e-05,8.446878797852399e-07,19.620000000006662,6.750498666436508e-11,6.881242269555776e-12,4,-2.186045209094656e-06,-0.00680809847964739,-2.5054243295363887e-07,9.809999989737733,2.8972841745074497e-11,5.906797507723356e-12,4,-2.4046258580226465e-06,0.17187757569202802,7.555403582351228e-06,0.0,0.0,nan,0,-0.07999644424819122,6.835960800150836e-15,-1.744324978220473e-11,-2.8900275533898337e-15,2
7.26,4.0,1.8702807986213517e-05,8.44688073117156e-07,19.620000000004797,6.757558364286376e-11,6.888438699576681e-12,4,-2.1860452090773086e-06,-0.006808099732359684,-2.505424821830363e-07,9.809999989736587,2.9041441281958844e-11,5.920783142169738e-12,4,-2.4046259452514818e-06,0.17187761346903835,7.55540070136066e-06,0.0,0.0,nan,0,-0.07999644424810401,-1.2158485057009623e-16,-1.7452677796129845e-11,4.570728212500864e-16,2
7.265000000000001,4.0,1.8707031427086406e-05,8.446882663814233e-07,19.619999999989844,6.756785256728475e-11,6.887650618483152e-12,4,-2.1860452090773086e-06,-0.006808100985072224,-2.5054253144523534e-07,9.809999989726153,2.9013568842671124e-11,5.915100687677175e-12,4,-2.404626032480317e-06,0.17187765124603432,7.555397820784735e-06,0.0,0.0,nan,0,-0.07999644424801677,-2.6271361725441504e-15,-1.7456621308313312e-11,-4.0277841090256954e-15,2
7.2700000000000005,4.0,1.871125486892591e-05,8.446884597191439e-07,19.620000000007938,6.75497544918951e-11,6.885805758600181e-12,4,-2.1860452091015947e-06,-0.006808102237785011,-2.5054258091729767e-07,9.809999989738296,2.9044607941662552e-11,5.921428740477987e-12,4,-2.4046261197438468e-06,0.17187768902301584,7.555394939946211e-06,0.0,0.0,nan,0,-0.07999644424792951,4.295298588538308e-16,-1.745075355758356e-11,7.244145255798256e-16,2
7.275,4.0,1.8715478311731774e-05,8.446886529931709e-07,19.619999999995976,6.761827994229757e-11,6.892791023681084e-12,4,-2.1860452091015947e-06,-0.006808103490498045,-2.505426301655937e-07,9.809999989729345,2.9045661751027372e-11,5.921643584390815e-12,4,-2.4046262069934987e-06,0.171877726799983,7.555392059102599e-06,0.0,0.0,nan,0,-0.07999644424784226,-3.421611768965912e-15,-1.7443708970447708e-11,-6.381012832021177e-15,2
7.28,4.0,1.8719701755504416e-05,8.446888464058404e-07,19.62000000002843,6.750117497378958e-11,6.880853718011393e-12,4,-2.186045209105064e-06,-0.0068081047432113255,-2.505426795730251e-07,9.809999989753392,2.895033476895882e-11,5.9022089295000264e-12,4,-2.4046262942639673e-06,0.17187776457693574,7.555389178345424e-06,0.0,0.0,nan,0,-0.07999644424775501,-2.6679923798503556e-15,-1.743684601579869e-11,5.680951237126014e-16,2
7.285,4.0,1.8723925200243895e-05,8.446890397816401e-07,19.620000000002243,6.767883605773354e-11,6.898963920257473e-12,4,-2.186045209105064e-06,-0.006808105995924853,-2.5054272868451037e-07,9.809999989734788,2.9082920560668067e-11,5.929239671987873e-12,4,-2.4046263814164748e-06,0.1718778023538741,7.555386297115345e-06,0.0,0.0,nan,0,-0.07999644424766786,2.602014273440337e-15,-1.7439522097377248e-11,-5.630502067374574e-15,2
7.29,4.0,1.872814864595055e-05,8.446892331699406e-07,19.61999999999956,6.768368773053149e-11,6.899458484254129e-12,4,-2.186045209105064e-06,-0.006808107248638626,-2.5054277796220024e-07,9.809999989731441,2.9175423351955364e-11,5.948098548928555e-12,4,-2.404626468568982e-06,0.17187784013079802,7.555383416124458e-06,0.0,0.0,nan,0,-0.0799964442475807,3.953377739014078e-15,-1.744216886906796e-11,2.638940149653067e-16,2
7.295,4.0,1.8732372092624043e-05,8.446894265344637e-07,19.620000000001117,6.75702620168025e-11,6.887896230050831e-12,4,-2.186045209105064e-06,-0.006808108501352644,-2.5054282724312503e-07,9.809999989732999,2.9064363889978978e-11,5.925456456757862e-12,4,-2.4046265557908786e-06,0.17187787790770753,7.555380535114619e-06,0.0,0.0,nan,0,-0.0799964442474935,6.8794815427161404e-15,-1.7441647064246382e-11,-7.127526793779135e-15,2
7.3,4.0,1.8736595540264088e-05,8.44689619838973e-07,19.619999999998164,6.754539612413333e-11,6.885361480544307e-12,4,-2.186045209080778e-06,-0.00680810975406691,-2.5054287646763066e-07,9.809999989732173,2.9002271009144743e-11,5.912797357696337e-12,4,-2.404626643005836e-06,0.17187791568460262,7.555377654115705e-06,0.0,0.0,nan,0,-0.07999644424740632,-8.98740967807706e-16,-1.7453170735152782e-11,-1.2344629790688047e-15,2
7.305,4.0,1.874081898887065e-05,8.446898131015413e-07,19.619999999992974,6.764590185990548e-11,6.895606713550429e-12,4,-2.186045209080778e-06,-0.006808111006781422,-2.505429258302934e-07,9.809999989722908,2.915726741477681e-11,5.9443970326854985e-12,4,-2.4046267302138546e-06,0.17187795346148332,7.555374773190969e-06,0.0,0.0,nan,0,-0.07999644424731911,5.723961418686279e-15,-1.7439449710836046e-11,-6.9001531183359036e-15,2
7.3100000000000005,4.0,1.874504243844379e-05,8.446900064927822e-07,19.619999999999727,6.765588987159162e-11,6.8966248594895575e-12,4,-2.1860452090981253e-06,-0.0068081122594961805,-2.5054297513793244e-07,9.809999989731393,2.913826010546752e-11,5.940521944132102e-12,4,-2.4046268174843233e-06,0.17187799123834963,7.555371892178457e-06,0.0,0.0,nan,0,-0.07999644424723182,-7.312721425672159e-15,-1.746707916511608e-11,-2.899797516006539e-15,2
7.315,4.0,1.8749265888983675e-05,8.446901997856332e-07,19.620000000001536,6.752044244032118e-11,6.882817781887451e-12,4,-2.186045209112003e-06,-0.006808113512211185,-2.5054302448952033e-07,9.809999989734667,2.896364208369094e-11,5.904921939653198e-12,4,-2.404626904761731e-06,0.17187802901520152,7.555369011183494e-06,0.0,0.0,nan,0,-0.07999644424714455,1.1511748248601831e-15,-1.7446866000640547e-11,-2.3970885304562672e-15,2
7.32,4.0,1.8753489340490188e-05,8.44690393172496e-07,19.62000000000158,6.756692708631098e-11,6.887556277910861e-12,4,-2.186045209112003e-06,-0.006808114764926438,-2.505430737490785e-07,9.809999989734573,2.900775546003566e-11,5.91391549243427e-12,4,-2.4046269920460772e-06,0.171878066792039,7.555366129991171e-06,0.0,0.0,nan,0,-0.07999644424705726,-3.1653722948824254e-15,-1.7443964321743383e-11,-2.9943885177046013e-15,2
7.325,4.0,1.875771279296373e-05,8.446905865653211e-07,19.61999999999802,6.761140644265575e-11,6.892090361127684e-12,4,-2.186045209112003e-06,-0.006808116017641934,-2.505431229807838e-07,9.80999998973064,2.9070999791634058e-11,5.926809341909547e-12,4,-2.4046270792610347e-06,0.1718781045688621,7.5553632487192896e-06,0.0,0.0,nan,0,-0.07999644424697006,-5.5008374494839044e-15,-1.7446672377745058e-11,-5.80763662169512e-16,2
7.33,4.0,1.8761936246403957e-05,8.446907798397885e-07,19.61999999999859,6.768723270586435e-11,6.89981984769309e-12,4,-2.186045209112003e-06,-0.00680811727035768,-2.505431723117606e-07,9.809999989730363,2.9180883850298297e-11,5.949211800376436e-12,4,-2.40462716648987e-06,0.17187814234567078,7.555360367783385e-06,0.0,0.0,nan,0,-0.07999644424688283,-5.8050385582311976e-15,-1.744071625326255e-11,-5.702444519370284e-15,2
7.335,4.0,1.87661597008109e-05,8.446909732452151e-07,19.62000000000127,6.762724090848995e-11,6.893704475890476e-12,4,-2.186045209112003e-06,-0.0068081185230736705,-2.5054322157958944e-07,9.809999989732944,2.908340372046123e-11,5.92933817551471e-12,4,-2.4046272537117663e-06,0.17187818012246506,7.555357486436214e-06,0.0,0.0,nan,0,-0.07999644424679564,-3.173365900659726e-15,-1.743619142830339e-11,5.11695794061643e-16,2
7.34,4.0,1.8770383156184648e-05,8.446911665837931e-07,19.62000000000293,6.763493515739823e-11,6.894488802995732e-12,4,-2.186045209112003e-06,-0.006808119775789909,-2.5054327085157635e-07,9.809999989734,2.913341630690753e-11,5.9395344214872915e-12,4,-2.4046273408642738e-06,0.17187821789924493,7.55535460538654e-06,0.0,0.0,nan,0,-0.07999644424670849,2.2147684824510833e-15,-1.743237981061525e-11,-6.5923992959098096e-15,2
7.345,4.0,1.877460661252513e-05,8.446913599620628e-07,19.619999999999497,6.76043317578095e-11,6.891369190398699e-12,4,-2.1860452090911864e-06,-0.006808121028506392,-2.505433200917827e-07,9.809999989732813,2.904441290073374e-11,5.921388976785269e-12,4,-2.404627428037598e-06,0.1718782556760104,7.555351723979181e-06,0.0,0.0,nan,0,-0.07999644424662133,7.050899977718266e-15,-1.7439210790841165e-11,3.349482885413157e-16,2
7.3500000000000005,4.0,1.877883006983254e-05,8.446915533294538e-07,19.61999999999899,6.764399507888051e-11,6.895412342393883e-12,4,-2.1860452090911864e-06,-0.006808122281223123,-2.5054336936677856e-07,9.809999989732988,2.9121026074578975e-11,5.937008380235809e-12,4,-2.4046275153011276e-06,0.17187829345276148,7.555348842775579e-06,0.0,0.0,nan,0,-0.07999644424653407,-2.42596376048207e-15,-1.7445487547733195e-11,-7.22256188468705e-15,2
7.355,4.0,1.878305352810659e-05,8.446917466296918e-07,19.619999999998477,6.760548612065194e-11,6.891486862452313e-12,4,-2.186045209112003e-06,-0.006808123533940098,-2.505434186564438e-07,9.80999998973017,2.9093344962889868e-11,5.931364932384694e-12,4,-2.4046276025577185e-06,0.1718783312294981,7.555345961500813e-06,0.0,0.0,nan,0,-0.07999644424644681,-6.805127458813537e-15,-1.7444817861204744e-11,-1.7615968711608278e-15,2
7.36,4.0,1.8787276987347062e-05,8.446919399210017e-07,19.61999999999405,6.774148493392771e-11,6.905350146172095e-12,4,-2.186045209112003e-06,-0.006808124786657322,-2.5054346792961146e-07,9.809999989727688,2.9184538947209876e-11,5.94995697813859e-12,4,-2.4046276897310426e-06,0.17187836900622033,7.555343080257114e-06,0.0,0.0,nan,0,-0.07999644424635965,-1.1265587324607859e-15,-1.7446231397159702e-11,-4.200978900867221e-15,2
7.365,4.0,1.8791500447554345e-05,8.446921333144837e-07,19.6199999999998,6.762777273086291e-11,6.893758688161427e-12,4,-2.186045209112003e-06,-0.006808126039374791,-2.505435172761362e-07,9.809999989732418,2.9088406812399487e-11,5.930358173872519e-12,4,-2.40462777700845e-06,0.1718784067829282,7.55534019902457e-06,0.0,0.0,nan,0,-0.07999644424627238,-4.7707547884904014e-15,-1.744406868270772e-11,-2.0333794675890648e-15,2
7.37,4.0,1.879572390872837e-05,8.446923266693636e-07,19.620000000002165,6.754077412821395e-11,6.884890329073038e-12,4,-2.186045209112003e-06,-0.006808127292092508,-2.5054356654678246e-07,9.809999989734054,2.89741466040412e-11,5.907063534018756e-12,4,-2.404627864265041e-06,0.17187844455962162,7.555337317647945e-06,0.0,0.0,nan,0,-0.07999644424618513,-5.6527159592526245e-15,-1.7444387094671185e-11,5.8781840424227225e-18,2
7.375,4.0,1.8799947370869274e-05,8.446925200339422e-07,19.62000000000198,6.764433112873528e-11,6.895446598239394e-12,4,-2.186045209112003e-06,-0.006808128544810469,-2.5054361581873866e-07,9.809999989733894,2.908066207334216e-11,5.928779226049928e-12,4,-2.404627951493876e-06,0.17187848233630065,7.555334436349969e-06,0.0,0.0,nan,0,-0.07999644424609789,-3.896787223505477e-15,-1.744437599244094e-11,-5.352946311218283e-15,2
7.38,4.0,1.88041708339769e-05,8.446927133352552e-07,19.619999999999386,6.755229119121721e-11,6.886064341612571e-12,4,-2.186045209112003e-06,-0.006808129797528677,-2.5054366514089226e-07,9.809999989730366,2.9046597609002045e-11,5.9218343811232575e-12,4,-2.404628038681078e-06,0.17187852011296528,7.555331554944969e-06,0.0,0.0,nan,0,-0.07999644424601074,-6.16328072403351e-17,-1.744007898524643e-11,-3.4761682699822776e-16,2
7.385,4.0,1.8808394298051132e-05,8.44692906693251e-07,19.620000000002978,6.762561729699801e-11,6.893538970131268e-12,4,-2.186045209112003e-06,-0.006808131050247133,-2.5054371441573536e-07,9.80999998973389,2.9084360123342563e-11,5.92953316081125e-12,4,-2.4046281258544022e-06,0.17187855788961548,7.555328673727964e-06,0.0,0.0,nan,0,-0.07999644424592356,6.465590399135886e-15,-1.743637661350391e-11,-4.7538699671305485e-15,2
7.390000000000001,4.0,1.8812617763092155e-05,8.446931000496539e-07,19.619999999998736,6.756966982814363e-11,6.887835864235269e-12,4,-2.186045209094656e-06,-0.0068081323029658344,-2.5054376372333396e-07,9.809999989731033,2.9057334675674386e-11,5.9240233855435656e-12,4,-2.404628213055482e-06,0.17187859566625127,7.555325792215349e-06,0.0,0.0,nan,0,-0.07999644424583638,6.546830882478157e-16,-1.744214666460749e-11,2.8254576177901283e-16,2
7.3950000000000005,4.0,1.8816841229099947e-05,8.44693293426923e-07,19.61999999999792,6.765091894641268e-11,6.896118139288467e-12,4,-2.1860452090981253e-06,-0.006808133555684783,-2.5054381296617986e-07,9.80999998973215,2.910642458033181e-11,5.934031521059467e-12,4,-2.4046283003259505e-06,0.1718786334428727,7.555322910767882e-06,0.0,0.0,nan,0,-0.07999644424574912,-7.324267745128259e-15,-1.7456634186900425e-11,-6.1523068889483945e-15,2
7.4,4.0,1.8821064696074752e-05,8.446934867980597e-07,19.62000000000875,6.753051853704567e-11,6.883844906933287e-12,4,-2.1860452091224114e-06,-0.006808134808403977,-2.505438623122888e-07,9.809999989738493,2.903874853205211e-11,5.920234161555019e-12,4,-2.4046283875686636e-06,0.17187867121947967,7.555320029403832e-06,0.0,0.0,nan,0,-0.07999644424566188,2.6740945519827517e-17,-1.7436454329115632e-11,5.405615927018987e-16,2
7.405,4.0,1.8825288164016016e-05,8.446936801150224e-07,19.620000000000708,6.755954289969132e-11,6.886803557562578e-12,4,-2.1860452091224114e-06,-0.006808136061123417,-2.5054391149582674e-07,9.809999989733981,2.8985086171813635e-11,5.909293823067502e-12,4,-2.4046284747628044e-06,0.17187870899607227,7.555317147816368e-06,0.0,0.0,nan,0,-0.07999644424557467,-1.5031463824136383e-15,-1.7447155990894594e-11,-7.10931913617528e-15,2
7.41,4.0,1.8829511632924136e-05,8.446938734570758e-07,19.62000000000075,6.758943951410643e-11,6.889851122742491e-12,4,-2.1860452091224114e-06,-0.006808137313843104,-2.505439608259578e-07,9.809999989733155,2.9057922154237942e-11,5.924143156911126e-12,4,-2.4046285620124563e-06,0.17187874677265044,7.555314266342856e-06,0.0,0.0,nan,0,-0.07999644424548744,-3.0383627808653045e-15,-1.7443590842717922e-11,-2.0218331481329636e-15,2
7.415,4.0,1.883373510279898e-05,8.446940667937942e-07,19.61999999999735,6.755113982106066e-11,6.885946974624851e-12,4,-2.1860452091224114e-06,-0.006808138566563037,-2.50544010115255e-07,9.809999989729453,2.9055331651184525e-11,5.923615021733722e-12,4,-2.4046286492343527e-06,0.1718787845492142,7.555311384784102e-06,0.0,0.0,nan,0,-0.07999644424540023,-3.0663404010858587e-15,-1.744418814270516e-11,-7.115980474323034e-15,2
7.42,4.0,1.883795857364039e-05,8.446942601101507e-07,19.62000000000198,6.763833387737773e-11,6.8948352576321e-12,4,-2.1860452091224114e-06,-0.006808139819283217,-2.505440594013221e-07,9.80999998973361,2.9096316699752164e-11,5.93197079107077e-12,4,-2.404628736456249e-06,0.17187882232576357,7.555308503327523e-06,0.0,0.0,nan,0,-0.07999644424531299,2.776513490851128e-16,-1.744465088366183e-11,-2.505446297659683e-15,2
7.425,4.0,1.8842182045448445e-05,8.446944534636104e-07,19.62000000000192,6.762418771790216e-11,6.893393243414428e-12,4,-2.1860452091224114e-06,-0.006808141072003644,-2.5054410870197346e-07,9.809999989732592,2.906010298583186e-11,5.9245877708964194e-12,4,-2.40462882365039e-06,0.17187886010229855,7.555305621668352e-06,0.0,0.0,nan,0,-0.07999644424522581,6.06946282394963e-15,-1.744421878486065e-11,-1.7180761285955227e-15,2
7.43,4.0,1.8846405518223285e-05,8.446946468218406e-07,19.6200000000011,6.766426677583364e-11,6.8974787742945825e-12,4,-2.1860452091015947e-06,-0.006808142324724315,-2.505441579599932e-07,9.809999989733171,2.9102546487487486e-11,5.933240880315039e-12,4,-2.404628910886164e-06,0.17187889787881908,7.555302740091675e-06,0.0,0.0,nan,0,-0.0799964442451386,-4.3111502983558546e-16,-1.7452375371377964e-11,-3.866135636640276e-15,2
7.4350000000000005,4.0,1.885062899196503e-05,8.446948401880061e-07,19.619999999997376,6.759724233293676e-11,6.890646517119857e-12,4,-2.1860452091015947e-06,-0.006808143577445236,-2.505442072506157e-07,9.809999989731374,2.906738436516188e-11,5.926072251903811e-12,4,-2.404628998135816e-06,0.17187893565532522,7.55529985835737e-06,0.0,0.0,nan,0,-0.07999644424505138,-2.584059519188689e-15,-1.744822358135508e-11,1.0525964516590181e-15,2
7.44,4.0,1.8854852466673592e-05,8.446950335660552e-07,19.61999999999753,6.766501813127516e-11,6.897555365064596e-12,4,-2.186045209118942e-06,-0.006808144830166401,-2.5054425650337347e-07,9.809999989730223,2.9127546514856263e-11,5.938337725861155e-12,4,-2.404629085378529e-06,0.17187897343181693,7.5552969768157846e-06,0.0,0.0,nan,0,-0.07999644424496412,-6.691440621091917e-15,-1.7444943982540335e-11,-4.855566396186215e-15,2
7.445,4.0,1.885907594234897e-05,8.446952269031554e-07,19.619999999994857,6.761459531640462e-11,6.892415424711758e-12,4,-2.1860452091293503e-06,-0.006808146082887815,-2.505443057734966e-07,9.809999989727688,2.910738136117809e-11,5.934226583416352e-12,4,-2.404629172551853e-06,0.17187901120829427,7.5552940951730876e-06,0.0,0.0,nan,0,-0.07999644424487695,1.3718871621556703e-15,-1.7445181126178394e-11,5.072549019631426e-16,2
7.45,4.0,1.886329941899105e-05,8.446954202294627e-07,19.619999999996868,6.75854592614607e-11,6.889445388529203e-12,4,-2.1860452091293503e-06,-0.006808147335609472,-2.5054435508676374e-07,9.809999989729272,2.9062362878201285e-11,5.925048503288189e-12,4,-2.4046292597876273e-06,0.1718790489847572,7.555291213528593e-06,0.0,0.0,nan,0,-0.07999644424478972,-1.5466671249789412e-15,-1.7445100301942192e-11,-6.038175962016931e-15,2
7.455,4.0,1.886752289659961e-05,8.446956135129685e-07,19.62000000000231,6.767643390000777e-11,6.898719051987748e-12,4,-2.1860452091293503e-06,-0.006808148588331378,-2.5054440443439683e-07,9.809999989734258,2.913868365432379e-11,5.940608294559871e-12,4,-2.4046293470234015e-06,0.17187908676120567,7.5552883319195276e-06,0.0,0.0,nan,0,-0.07999644424470248,-1.914372990734793e-15,-1.744412064114526e-11,4.3042746865908056e-16,2
7.46,4.0,1.887174637517479e-05,8.446958068686434e-07,19.619999999999422,6.75588114215483e-11,6.886728993022456e-12,4,-2.1860452091293503e-06,-0.006808149841053529,-2.5054445374810604e-07,9.809999989731201,2.8996519866821787e-11,5.911624851615582e-12,4,-2.40462943423142e-06,0.1718791245376398,7.555285450307615e-06,0.0,0.0,nan,0,-0.0799964442446153,-2.1395540621890371e-16,-1.7443542881083242e-11,-6.9418975040618116e-15,2
7.465,4.0,1.8875969854716792e-05,8.446960002692241e-07,19.619999999999564,6.75857172473835e-11,6.889471686787461e-12,4,-2.1860452091293503e-06,-0.006808151093775928,-2.505445029887396e-07,9.809999989730697,2.903226730729902e-11,5.918912810946091e-12,4,-2.404629521425561e-06,0.17187916231405947,7.555282568517106e-06,0.0,0.0,nan,0,-0.07999644424452812,4.150109258977662e-15,-1.7444299609096826e-11,-5.376870088140594e-16,2
7.47,4.0,1.888019333522585e-05,8.446961936608485e-07,19.619999999993667,6.762568701452158e-11,6.893546076915741e-12,4,-2.1860452091154725e-06,-0.006808152346498572,-2.505445521816099e-07,9.809999989728086,2.9082160847308826e-11,5.929084786495485e-12,4,-2.404629608661335e-06,0.17187920009046476,7.555279686515034e-06,0.0,0.0,nan,0,-0.07999644424444091,3.3005387584742264e-16,-1.745685223470245e-11,-7.246542702018954e-15,2
7.4750000000000005,4.0,1.8884416816701723e-05,8.446963869758645e-07,19.620000000007636,6.743559249412103e-11,6.874168449958694e-12,4,-2.1860452091154725e-06,-0.006808153599221463,-2.505446015563306e-07,9.809999989741197,2.888342289108251e-11,5.8885673641768275e-12,4,-2.4046296959248648e-06,0.17187923786685563,7.555276804951055e-06,0.0,0.0,nan,0,-0.07999644424435365,3.5719051077528794e-15,-1.74434509546168e-11,-1.2766514540045623e-15,2
7.48,4.0,1.8888640299144068e-05,8.446965803172927e-07,19.61999999999664,6.757233862609755e-11,6.8881079129570975e-12,4,-2.1860452091154725e-06,-0.006808154851944599,-2.5054465080149947e-07,9.809999989730645,2.9013919275314435e-11,5.915172131638519e-12,4,-2.4046297831745167e-06,0.17187927564323208,7.555273923011506e-06,0.0,0.0,nan,0,-0.07999644424426638,-4.766757985601746e-15,-1.745573934714256e-11,-7.406357777155371e-16,2
7.485,4.0,1.8892863782553278e-05,8.446967736779674e-07,19.62000000000108,6.747042899349841e-11,6.877719571202313e-12,4,-2.1860452091397586e-06,-0.006808156104667983,-2.5054470012160717e-07,9.809999989733729,2.89404111007082e-11,5.900185755554465e-12,4,-2.4046298704449853e-06,0.17187931341959414,7.555271041216694e-06,0.0,0.0,nan,0,-0.0799964442441791,-6.9712168232974586e-15,-1.7448057047901365e-11,-4.708572867725846e-15,2
7.49,4.0,1.8897087266929088e-05,8.446969669910794e-07,19.61999999999783,6.760353314639127e-11,6.891287782507517e-12,4,-2.186045209143228e-06,-0.006808157357391612,-2.505447493570682e-07,9.80999998973006,2.9053454716527602e-11,5.923232364310545e-12,4,-2.4046299576183094e-06,0.17187935119594178,7.555268159349049e-06,0.0,0.0,nan,0,-0.07999644424409194,1.9598612759971506e-15,-1.74320356414776e-11,3.282869503935635e-16,2
7.495,4.0,1.8901310752271653e-05,8.446971603492241e-07,19.620000000001323,6.751632392926958e-11,6.88239795405352e-12,4,-2.186045209143228e-06,-0.006808158610115489,-2.5054479873142116e-07,9.809999989733624,2.9019634570878014e-11,5.916337329510232e-12,4,-2.404630044840206e-06,0.171879388972275,7.555265277670077e-06,0.0,0.0,nan,0,-0.07999644424400473,7.732549072777831e-16,-1.7446076410025428e-11,-4.6677166604196415e-15,2
7.5,4.0,1.8905534238580772e-05,8.446973536576523e-07,19.62000000000106,6.764648624332745e-11,6.895666283723119e-12,4,-2.186045209143228e-06,-0.006808159862839612,-2.5054484801046004e-07,9.809999989732908,2.9080492459947945e-11,5.928744646357478e-12,4,-2.4046301320343466e-06,0.17187942674859383,7.5552623957354545e-06,0.0,0.0,nan,0,-0.07999644424391755,1.5903790534018982e-15,-1.7443594839520787e-11,1.6352414949822976e-15,2
7.505,4.0,1.8909757725856863e-05,8.446975470979051e-07,19.620000000000772,6.762190365061271e-11,6.893160412906223e-12,4,-2.186045209143228e-06,-0.00680816111556398,-2.505448972284251e-07,9.809999989731871,2.904256290103962e-11,5.921011810690821e-12,4,-2.4046302192146096e-06,0.17187946452489825,7.555259513634357e-06,0.0,0.0,nan,0,-0.07999644424383037,5.4881500482558986e-15,-1.744431959311126e-11,-5.4670772381497545e-15,2
7.51,4.0,1.89139812140999e-05,8.44697740439156e-07,19.619999999969366,6.772634674902084e-11,6.9038070080659106e-12,4,-2.186045209118942e-06,-0.006808162368288596,-2.5054494645771105e-07,9.809999989711677,2.923104805609041e-11,5.959438957542655e-12,4,-2.404630306422628e-06,0.17187950230118826,7.555256631650461e-06,0.0,0.0,nan,0,-0.07999644424374319,4.197182715221768e-15,-1.7448982529814687e-11,1.244500030723849e-16,2
7.515000000000001,4.0,1.8918204703309775e-05,8.446979338056396e-07,19.620000000002584,6.756496585120884e-11,6.8873563558817475e-12,4,-2.186045209118942e-06,-0.0068081636210134576,-2.5054499579672886e-07,9.809999989733265,2.9076184156386597e-11,5.927866297006425e-12,4,-2.404630393686158e-06,0.17187954007746384,7.555253749811241e-06,0.0,0.0,nan,0,-0.07999644424365593,3.902307479881326e-15,-1.7442081827582825e-11,-7.134632221136738e-15,2
7.5200000000000005,4.0,1.8922428193486283e-05,8.446981271494288e-07,19.6200000000005,6.75457834778965e-11,6.8854009661462564e-12,4,-2.1860452091466975e-06,-0.006808164873738566,-2.505450450454124e-07,9.809999989731187,2.9026955908178457e-11,5.917829956893578e-12,4,-2.4046304809427488e-06,0.17187957785372504,7.55525086780579e-06,0.0,0.0,nan,0,-0.07999644424356867,-6.824667384046936e-15,-1.7467010775377756e-11,-4.990512475571036e-16,2
7.525,4.0,1.8926651684629324e-05,8.446983203799297e-07,19.61999999999588,6.755994734511978e-11,6.886844785436695e-12,4,-2.1860452091466975e-06,-0.00680816612646392,-2.505450944217709e-07,9.809999989729256,2.9055363187512306e-11,5.923621451158472e-12,4,-2.4046305682201563e-06,0.1718796156299718,7.5552479859795775e-06,0.0,0.0,nan,0,-0.0799964442434814,-1.644810840355806e-15,-1.7445083870641406e-11,-7.270523519350858e-15,2
7.53,4.0,1.8930875176738707e-05,8.44698513726176e-07,19.62000000000235,6.763147217769035e-11,6.894135797928874e-12,4,-2.1860452091466975e-06,-0.006808167379189523,-2.5054514375746783e-07,9.809999989735125,2.9092782954692898e-11,5.931250353748149e-12,4,-2.404630655490625e-06,0.17187965340620417,7.5552451040116164e-06,0.0,0.0,nan,0,-0.07999644424339414,-6.247351411241855e-15,-1.7442294546314337e-11,-2.3091588669059582e-15,2
7.535,4.0,1.893509866981499e-05,8.44698707123817e-07,19.619999999996992,6.762830734105781e-11,6.893813184614494e-12,4,-2.1860452091466975e-06,-0.006808168631915371,-2.505451929931135e-07,9.809999989729599,2.9075975344828954e-11,5.9278237258449575e-12,4,-2.4046307426431324e-06,0.1718796911824221,7.555242221885988e-06,0.0,0.0,nan,0,-0.07999644424330701,1.4691426991128324e-15,-1.7441093285001685e-11,-6.881945460732053e-15,2
7.54,4.0,1.8939322163858365e-05,8.446989005453384e-07,19.620000000000207,6.765271565735523e-11,6.8963012902502054e-12,4,-2.1860452091466975e-06,-0.006808169884641466,-2.5054524223900853e-07,9.80999998973228,2.9097020497880085e-11,5.932114276928589e-12,4,-2.4046308298303343e-06,0.17187972895862566,7.555239339714979e-06,0.0,0.0,nan,0,-0.07999644424321982,1.9305513881470477e-15,-1.7444824078453638e-11,-2.2092387946896947e-15,2
7.545,4.0,1.8943545658868646e-05,8.446990939056397e-07,19.619999999996782,6.766952889122844e-11,6.898015177496386e-12,4,-2.1860452091466975e-06,-0.0068081711373678055,-2.5054529144286095e-07,9.809999989728341,2.9114855096272625e-11,5.9357502806845316e-12,4,-2.404630917024475e-06,0.17187976673481478,7.555236457378179e-06,0.0,0.0,nan,0,-0.07999644424313263,4.835782998986158e-15,-1.7448542881496917e-11,-1.3267764943080274e-16,2
7.55,4.0,1.8947769154845744e-05,8.446992872298841e-07,19.61999999999868,6.761978740713881e-11,6.892944689820934e-12,4,-2.1860452091293503e-06,-0.006808172390094394,-2.505453407596987e-07,9.809999989730601,2.9077860626882757e-11,5.928208085081004e-12,4,-2.4046310042394325e-06,0.1718798045109895,7.555233575437112e-06,0.0,0.0,nan,0,-0.07999644424304544,6.98606295308016e-15,-1.7443526449782456e-11,-5.844108977312457e-15,2
7.555,4.0,1.8951992651789545e-05,8.44699480612993e-07,19.62000000000396,6.76702765351573e-11,6.898091389922899e-12,4,-2.186045209125881e-06,-0.006808173642821226,-2.5054539005487533e-07,9.809999989734605,2.914016121290699e-11,5.940909529745134e-12,4,-2.4046310915029623e-06,0.17187984228714984,7.5552306933591246e-06,0.0,0.0,nan,0,-0.07999644424295821,1.952311759429701e-15,-1.7441720783055207e-11,1.6463437252285487e-15,2
7.5600000000000005,4.0,1.895621614969987e-05,8.446996739022289e-07,19.61999999999691,6.75290429656873e-11,6.883694491916201e-12,4,-2.186045209125881e-06,-0.006808174895548306,-2.505454393261921e-07,9.809999989730857,2.898423292254745e-11,5.909119868070999e-12,4,-2.4046311787456753e-06,0.17187988006329571,7.555227811211484e-06,0.0,0.0,nan,0,-0.07999644424287096,-5.526150534445352e-15,-1.7457117355960707e-11,-4.594441940794381e-15,2
7.565,4.0,1.896043964857679e-05,8.446998671964494e-07,19.62000000000959,6.758992878118976e-11,6.889900997059809e-12,4,-2.1860452091536364e-06,-0.006808176148275631,-2.505454887768093e-07,9.809999989738909,2.909084413438841e-11,5.930855079473381e-12,4,-2.404631266009205e-06,0.1718799178394272,7.555224929177538e-06,0.0,0.0,nan,0,-0.07999644424278368,4.432966243591905e-16,-1.7445803739250566e-11,1.0703600200530185e-15,2
7.57,4.0,1.8964663148420132e-05,8.44700060524223e-07,19.619999999998424,6.761839064937188e-11,6.892802308805027e-12,4,-2.1860452091536364e-06,-0.006808177401003205,-2.505455380147123e-07,9.809999989731631,2.907296954216026e-11,5.927210922037034e-12,4,-2.4046313532866126e-06,0.17187995561554428,7.555222047016122e-06,0.0,0.0,nan,0,-0.0799964442426964,-2.8118772838417683e-15,-1.7445544391152022e-11,-6.756712303554336e-15,2
7.575,4.0,1.896888664923038e-05,8.447002538917e-07,19.619999999998498,6.759286318569809e-11,6.890200120866796e-12,4,-2.1860452091536364e-06,-0.006808178653731023,-2.50545587324304e-07,9.809999989730844,2.9053809038900024e-11,5.923304601287195e-12,4,-2.404631440515448e-06,0.17187999339164695,7.555219164782106e-06,0.0,0.0,nan,0,-0.07999644424260918,-5.987559223479567e-15,-1.7446806048597213e-11,-9.120542127176618e-16,2
7.58,4.0,1.8973110151007716e-05,8.447004473483886e-07,19.61999999999655,6.754324284456053e-11,6.8851419821174726e-12,4,-2.1860452091536364e-06,-0.006808179906459089,-2.505456365389993e-07,9.80999998972862,2.9022069220105044e-11,5.91683369021245e-12,4,-2.404631527744283e-06,0.1718800311677352,7.555216282318242e-06,0.0,0.0,nan,0,-0.07999644424252197,-6.65014032457586e-15,-1.744240112772471e-11,-6.835760182907647e-15,2
7.585,4.0,1.897733365375206e-05,8.447006407070098e-07,19.6200000000003,6.758509986869132e-11,6.889408753179438e-12,4,-2.1860452091536364e-06,-0.006808181159187401,-2.5054568577624026e-07,9.809999989731864,2.905635752858481e-11,5.923824171049568e-12,4,-2.4046316149523017e-06,0.17188006894380908,7.5552133999869815e-06,0.0,0.0,nan,0,-0.07999644424243477,-5.359172991541728e-15,-1.7443222248673717e-11,-2.0755679425248265e-15,2
7.59,4.0,1.8981557157463103e-05,8.447008340358445e-07,19.620000000001447,6.756193972659438e-11,6.887047882425015e-12,4,-2.1860452091536364e-06,-0.006808182411915959,-2.505457350538105e-07,9.809999989732399,2.9038037231131855e-11,5.920089146080411e-12,4,-2.404631702111748e-06,0.1718801067198685,7.555210517750257e-06,0.0,0.0,nan,0,-0.07999644424234761,-9.933319695057614e-16,-1.7443013082655875e-11,-1.1856131659853018e-15,2
7.595,4.0,1.898578066214066e-05,8.447010273177535e-07,19.619999999995372,6.757195808692532e-11,6.888069122012361e-12,4,-2.1860452091536364e-06,-0.0068081836646447635,-2.505457843545837e-07,9.809999989726055,2.9043420924051706e-11,5.921186738933472e-12,4,-2.4046317892781333e-06,0.17188014449591352,7.555207635697135e-06,0.0,0.0,nan,0,-0.07999644424226046,5.8478623082344535e-15,-1.7446021342963398e-11,-4.025563662976452e-15,2
7.6000000000000005,4.0,1.8990004167784742e-05,8.447012206695391e-07,19.619999999999752,6.763595275328446e-11,6.894592533464354e-12,4,-2.186045209136289e-06,-0.006808184917373815,-2.505458336842038e-07,9.809999989732775,2.910101517173509e-11,5.932928685462272e-12,4,-2.4046318765555408e-06,0.17188018227194415,7.5552047532501516e-06,0.0,0.0,nan,0,-0.07999644424217323,7.159395571468799e-17,-1.7447854099132446e-11,7.915290366767725e-17,2
7.605,4.0,1.8994227674395648e-05,8.447014140199719e-07,19.61999999999917,6.762621072409161e-11,6.893599462191078e-12,4,-2.186045209150167e-06,-0.006808186170103113,-2.505458829912277e-07,9.809999989730866,2.91066300996707e-11,5.934073421027441e-12,4,-2.4046319638329483e-06,0.17188022004796033,7.555201870939351e-06,0.0,0.0,nan,0,-0.07999644424208593,-7.111549013610075e-15,-1.7448620597108652e-11,-6.4245335745864906e-15,2
7.61,4.0,1.899845118197329e-05,8.447016073518568e-07,19.619999999996946,6.77627031839124e-11,6.9075130666588126e-12,4,-2.1860452091640448e-06,-0.006808187422832657,-2.505459322492e-07,9.809999989728729,2.921506222069372e-11,5.956179867743627e-12,4,-2.404632051040967e-06,0.17188025782396213,7.5551989885665204e-06,0.0,0.0,nan,0,-0.07999644424199871,1.5250979395539436e-15,-1.7437512593702676e-11,2.4529930856118374e-17,2
7.615,4.0,1.9002674690517714e-05,8.447018007580417e-07,19.61999999999819,6.755600612396783e-11,6.886443029966775e-12,4,-2.1860452091640448e-06,-0.006808188675562448,-2.5054598152690956e-07,9.809999989731171,2.9017224601616124e-11,5.915846000405816e-12,4,-2.4046321383044966e-06,0.17188029559994952,7.55519610602921e-06,0.0,0.0,nan,0,-0.07999644424191146,-1.8801781215763366e-15,-1.7446284243775635e-11,-7.361561807370123e-15,2
7.62,4.0,1.9006898200029077e-05,8.447019941357133e-07,19.619999999998345,6.766833138394688e-11,6.897893107436553e-12,4,-2.1860452091640448e-06,-0.006808189928292484,-2.505460307657057e-07,9.80999998973042,2.910899465107589e-11,5.9345554906317195e-12,4,-2.4046322255541486e-06,0.17188033337592246,7.5551932236482595e-06,0.0,0.0,nan,0,-0.07999644424182423,-3.866589157235666e-15,-1.744451010738229e-11,-1.3237249102486725e-15,2
7.625,4.0,1.9011121710507373e-05,8.447021874959017e-07,19.62000000000242,6.750931016648554e-11,6.881682993524691e-12,4,-2.1860452091640448e-06,-0.006808191181022768,-2.5054608004996843e-07,9.809999989734338,2.8948970892784618e-11,5.901930871167835e-12,4,-2.404632312762167e-06,0.171880371151881,7.5551903411974736e-06,0.0,0.0,nan,0,-0.07999644424173702,-3.160931402783918e-15,-1.7446777626887783e-11,-6.825990220290948e-15,2
7.63,4.0,1.9015345221952167e-05,8.447023807659851e-07,19.619999999996622,6.759968634854027e-11,6.890895652247901e-12,4,-2.1860452091640448e-06,-0.0068081924337532965,-2.505461293408379e-07,9.80999998972771,2.9088571408322625e-11,5.930391730638527e-12,4,-2.404632399956308e-06,0.17188040892782516,7.555187458746144e-06,0.0,0.0,nan,0,-0.07999644424164984,4.0954584441058594e-16,-1.7442550785788435e-11,-1.7309547156811792e-15,2
7.635,4.0,1.9019568734363615e-05,8.447025741200965e-07,19.620000000002868,6.757893939227583e-11,6.88878077393129e-12,4,-2.1860452091640448e-06,-0.006808193686484073,-2.5054617868969857e-07,9.80999998973353,2.9039476326046075e-11,5.920382539538591e-12,4,-2.404632487136571e-06,0.17188044670375485,7.555184576255456e-06,0.0,0.0,nan,0,-0.07999644424156266,5.793239335422895e-15,-1.744042848345456e-11,-2.6155804217025035e-15,2
7.640000000000001,4.0,1.9023792247741623e-05,8.447027674600182e-07,19.6200000000048,6.75559340361438e-11,6.886435681562413e-12,4,-2.1860452091466975e-06,-0.0068081949392150955,-2.5054622796415066e-07,9.809999989736742,2.8981741663888254e-11,5.908611966199604e-12,4,-2.4046325743584673e-06,0.17188048447967016,7.55518169384355e-06,0.0,0.0,nan,0,-0.07999644424147548,3.7268643999303115e-16,-1.7446758086962546e-11,-3.1080753554262234e-15,2
7.6450000000000005,4.0,1.9028015762086523e-05,8.447029608342279e-07,19.619999999996452,6.753764984383685e-11,6.8845718495258986e-12,4,-2.1860452091466975e-06,-0.006808196191946366,-2.5054627724750326e-07,9.809999989730601,2.8986449208422075e-11,5.9095717102479e-12,4,-2.4046326615873026e-06,0.1718805222555711,7.555178811182433e-06,0.0,0.0,nan,0,-0.07999644424138827,-2.4930212311694238e-15,-1.7448188054218264e-11,1.5326568875069295e-15,2
7.65,4.0,1.9032239277398334e-05,8.447031542152419e-07,19.619999999999973,6.764586716016551e-11,6.8956031763675445e-12,4,-2.1860452091640448e-06,-0.006808197444677881,-2.505463265182538e-07,9.809999989732455,2.908968021997293e-11,5.930617788056957e-12,4,-2.4046327488577712e-06,0.17188056003145755,7.555175928639355e-06,0.0,0.0,nan,0,-0.07999644424130098,-6.7380699881261724e-15,-1.7455849925355805e-11,-3.92564359076019e-15,2
7.655,4.0,1.9036462793676888e-05,8.447033475026502e-07,19.619999999994135,6.760810446385e-11,6.891753767978614e-12,4,-2.186045209174453e-06,-0.0068081986974096445,-2.5054637581594817e-07,9.809999989726688,2.911271165420423e-11,5.935313289437695e-12,4,-2.404632836058851e-06,0.17188059780732962,7.5551730461433315e-06,0.0,0.0,nan,0,-0.07999644424121377,1.3683344484768714e-15,-1.7445121618224253e-11,1.380334288528357e-15,2
7.66,4.0,1.9040686310922014e-05,8.447035408781586e-07,19.61999999999967,6.760547027995282e-11,6.891485247701729e-12,4,-2.186045209174453e-06,-0.006808199950141651,-2.5054642510062024e-07,9.809999989731711,2.9057697662206496e-11,5.924097388913694e-12,4,-2.4046329233293195e-06,0.1718806355831873,7.555170163510436e-06,0.0,0.0,nan,0,-0.07999644424112651,-1.090587506462925e-15,-1.744441462820217e-11,-5.622952550807131e-15,2
7.665,4.0,1.90449098291341e-05,8.447037342806036e-07,19.619999999999365,6.75496416173617e-11,6.885794252534545e-12,4,-2.186045209174453e-06,-0.006808201202873907,-2.505464743597908e-07,9.809999989731235,2.900667282526247e-11,5.9136947717891215e-12,4,-2.4046330105650937e-06,0.1718806733590305,7.555167280879726e-06,0.0,0.0,nan,0,-0.0799964442410393,-1.3161848250667573e-15,-1.7444993276442598e-11,4.250983981408717e-16,2
7.67,4.0,1.904913334831292e-05,8.447039275882587e-07,19.620000000002083,6.762722385164946e-11,6.8937027371704674e-12,4,-2.186045209174453e-06,-0.006808202455606407,-2.505465236822259e-07,9.809999989733585,2.911543961113234e-11,5.935869447829234e-12,4,-2.40463309778699e-06,0.17188071113485934,7.555164398280283e-06,0.0,0.0,nan,0,-0.07999644424095206,5.045809353184995e-16,-1.7437214165753657e-11,-7.012951777637827e-15,2
7.675,4.0,1.9053356868458418e-05,8.447041209610246e-07,19.620000000003426,6.764419757307316e-11,6.8954329840021754e-12,4,-2.186045209174453e-06,-0.006808203708339156,-2.5054657293162765e-07,9.809999989734218,2.9088603566274223e-11,5.9303982867919084e-12,4,-2.404633184974192e-06,0.1718807489106738,7.555161515548246e-06,0.0,0.0,nan,0,-0.0799964442408649,5.416207596260192e-15,-1.744374050078162e-11,3.785260715161753e-17,2
7.68,4.0,1.9057580389570636e-05,8.447043142646353e-07,19.619999999990725,6.766402855696463e-11,6.8974544910292166e-12,4,-2.186045209150167e-06,-0.006808204961072149,-2.5054662215280655e-07,9.809999989725883,2.909186632343612e-11,5.9310634768408436e-12,4,-2.4046332721752717e-06,0.17188078668647377,7.555158632874684e-06,0.0,0.0,nan,0,-0.07999644424077773,4.841528316653979e-16,-1.7455265503955643e-11,-7.302942031669917e-15,2
7.6850000000000005,4.0,1.9061803911649705e-05,8.447045076323552e-07,19.619999999993507,6.761243756881499e-11,6.892195470829497e-12,4,-2.186045209150167e-06,-0.00680820621380539,-2.505466715083034e-07,9.809999989726897,2.9094159550356627e-11,5.931531005264881e-12,4,-2.404633359411046e-06,0.17188082446225936,7.555155750268666e-06,0.0,0.0,nan,0,-0.0799964442406905,1.9327718341963015e-15,-1.7442633386381455e-11,-1.4640571005612938e-15,2
7.69,4.0,1.90660274346954e-05,8.447047009730445e-07,19.619999999999948,6.760669373851547e-11,6.891609963151443e-12,4,-2.1860452091536364e-06,-0.006808207466538876,-2.5054672082368484e-07,9.809999989733567,2.9048794691089008e-11,5.922282308152775e-12,4,-2.4046334466884534e-06,0.17188086223803056,7.555152867430404e-06,0.0,0.0,nan,0,-0.07999644424060323,-7.013405298233209e-15,-1.7446864224283694e-11,-4.2147456663725826e-15,2
7.695,4.0,1.9070250958707827e-05,8.447048943590823e-07,19.620000000024362,6.756940365965311e-11,6.887808731862305e-12,4,-2.1860452091779226e-06,-0.006808208719272611,-2.505467701567966e-07,9.809999989749006,2.903945945973047e-11,5.920379100932794e-12,4,-2.4046335339242275e-06,0.1718809000137873,7.555149984848743e-06,0.0,0.0,nan,0,-0.07999644424051598,-2.542759222672628e-15,-1.743464377740704e-11,-3.021922048715315e-15,2
7.7,4.0,1.9074474483687035e-05,8.447050876894927e-07,19.6199999999966,6.768160848949483e-11,6.89924653307916e-12,4,-2.1860452091779226e-06,-0.006808209972006591,-2.505468193107485e-07,9.80999998972887,2.912147872104709e-11,5.937100662902641e-12,4,-2.4046336210906127e-06,0.17188093778952965,7.555147101909067e-06,0.0,0.0,nan,0,-0.07999644424042882,7.443891086375358e-16,-1.7447644489025393e-11,5.996254576119465e-16,2
7.705,4.0,1.9078698009633304e-05,8.447052810887073e-07,19.61999999999827,6.749570173692058e-11,6.880295793774366e-12,4,-2.1860452091779226e-06,-0.006808211224740817,-2.5054686866120223e-07,9.809999989730125,2.8993927149124926e-11,5.9110962649292634e-12,4,-2.4046337083680203e-06,0.1718809755652576,7.555144219200562e-06,0.0,0.0,nan,0,-0.07999644424034155,-1.14254594401538e-15,-1.7444471027531795e-11,-5.418671514276102e-15,2
7.71,4.0,1.9082921536546208e-05,8.44705474431019e-07,19.619999999999806,6.762489123414846e-11,6.893464957609493e-12,4,-2.1860452091779226e-06,-0.0068082124774752895,-2.50546917878013e-07,9.809999989731619,2.907575722635041e-11,5.927779257244599e-12,4,-2.404633795576039e-06,0.1718810133409711,7.555141336247895e-06,0.0,0.0,nan,0,-0.07999644424025434,3.3493885715577806e-16,-1.744557858602116e-11,1.0502431436367888e-19,2
7.715,4.0,1.908714506442582e-05,8.447056677336173e-07,19.619999999998875,6.748265257466493e-11,6.878965603941774e-12,4,-2.1860452091779226e-06,-0.006808213730210008,-2.5054696723772243e-07,9.809999989730144,2.896396879797065e-11,5.904988548071833e-12,4,-2.4046338827840574e-06,0.17188105111667024,7.5551384535571075e-06,0.0,0.0,nan,0,-0.07999644424016716,4.1803073252474696e-15,-1.7444355564337236e-11,-7.32070560006392e-15,2
7.72,4.0,1.9091368593271896e-05,8.447058610059841e-07,19.619999999966268,6.770404528881141e-11,6.9015336685961075e-12,4,-2.186045209157106e-06,-0.0068082149829449745,-2.505470165193091e-07,9.809999989708725,2.920138538200653e-11,5.9533915214353774e-12,4,-2.4046339699781982e-06,0.17188108889235496,7.555135570773132e-06,0.0,0.0,nan,0,-0.07999644424007998,4.133233869003362e-15,-1.744402782650036e-11,-2.019612702083721e-15,2
7.7250000000000005,4.0,1.909559212308477e-05,8.447060544462972e-07,19.620000000007472,6.754617476000366e-11,6.885440852189392e-12,4,-2.186045209157106e-06,-0.006808216235680186,-2.505470658978089e-07,9.809999989737333,2.9027000046430125e-11,5.9178389555140736e-12,4,-2.404634057241728e-06,0.1718811266680252,7.555132687893477e-06,0.0,0.0,nan,0,-0.07999644423999275,3.569684661703633e-15,-1.7436881098846237e-11,-6.97786873005967e-15,2
7.73,4.0,1.9099815653864418e-05,8.44706247790036e-07,19.62000000000232,6.752263472219477e-11,6.883041256084279e-12,4,-2.186045209157106e-06,-0.006808217488415645,-2.505471151516861e-07,9.80999998973616,2.899244746855436e-11,5.910794597122954e-12,4,-2.404634144477502e-06,0.1718811644436811,7.555129805042178e-06,0.0,0.0,nan,0,-0.07999644423990551,-1.8362132898011803e-15,-1.7449887583624333e-11,-1.6683381370923212e-15,2
7.735,4.0,1.9104039185610864e-05,8.447064411275564e-07,19.620000000002,6.755411802876354e-11,6.886250563583756e-12,4,-2.1860452091709837e-06,-0.006808218741151349,-2.505471644176647e-07,9.809999989734202,2.901128295136316e-11,5.9146346547853995e-12,4,-2.404634231727154e-06,0.17188120221932257,7.555126921972499e-06,0.0,0.0,nan,0,-0.07999644423981826,-6.5750892481111975e-15,-1.7444464366193647e-11,-2.7945483732720818e-15,2
7.74,4.0,1.9108262718324188e-05,8.44706634562457e-07,19.620000000019026,6.761710700812149e-11,6.892671458517423e-12,4,-2.186045209188331e-06,-0.006808219993887301,-2.5054721369066244e-07,9.809999989745245,2.9057114459165036e-11,5.923978489202754e-12,4,-2.404634318969867e-06,0.17188123999494961,7.555124039074916e-06,0.0,0.0,nan,0,-0.07999644423973101,-1.0466226746877672e-15,-1.7438008197260844e-11,-3.4180496239015696e-15,2
7.745,4.0,1.9112486252004396e-05,8.447068278922004e-07,19.61999999999458,6.765074882503755e-11,6.896100797661187e-12,4,-2.186045209188331e-06,-0.006808221246623497,-2.5054726285707833e-07,9.809999989727226,2.9107534817206774e-11,5.934257869049423e-12,4,-2.4046344061223746e-06,0.17188127777056222,7.555121155958745e-06,0.0,0.0,nan,0,-0.07999644423964387,1.931883655776603e-15,-1.7442230153378887e-11,1.6863117541150525e-15,2
7.75,4.0,1.911670978665138e-05,8.447070212142109e-07,19.6200000000011,6.765018156115876e-11,6.896042972594798e-12,4,-2.186045209188331e-06,-0.006808222499359942,-2.505473121989967e-07,9.809999989732674,2.911413087725716e-11,5.935602631545065e-12,4,-2.404634493337332e-06,0.17188131554616048,7.555118273077764e-06,0.0,0.0,nan,0,-0.07999644423955665,2.3413339072583603e-15,-1.744423432798294e-11,-4.775186249203358e-15,2
7.755,4.0,1.912093332226489e-05,8.447072145167595e-07,19.62000000000186,6.750178353746475e-11,6.880915753053859e-12,4,-2.186045209188331e-06,-0.006808223752096632,-2.5054736154200975e-07,9.80999998973337,2.8966373780025493e-11,5.905478860415938e-12,4,-2.4046345805453506e-06,0.17188135332174426,7.555115390068576e-06,0.0,0.0,nan,0,-0.07999644423946947,4.8380034450354115e-15,-1.74438444176567e-11,1.6951935383120542e-15,2
7.76,4.0,1.9125156858844894e-05,8.447074078271868e-07,19.619999999997475,6.762565429010925e-11,6.893542741092554e-12,4,-2.1860452091675142e-06,-0.00680822500483357,-2.5054741086238595e-07,9.809999989729361,2.9120361446400025e-11,5.936872880099442e-12,4,-2.404634667753369e-06,0.17188139109731362,7.555112507189635e-06,0.0,0.0,nan,0,-0.07999644423938229,6.9607498681187105e-15,-1.744455407221404e-11,-5.13267806313266e-15,2
7.765000000000001,4.0,1.912938039639163e-05,8.447076012085276e-07,19.620000000007824,6.758976371885691e-11,6.889884171134552e-12,4,-2.1860452091640448e-06,-0.0068082262575707535,-2.5054746020826907e-07,9.809999989738152,2.9056419034260808e-11,5.923836710429269e-12,4,-2.4046347550307767e-06,0.1718814288728686,7.5551096241229545e-06,0.0,0.0,nan,0,-0.07999644423929503,1.99494432357531e-15,-1.7445908988393295e-11,-4.444282747455477e-16,2
7.7700000000000005,4.0,1.913360393490533e-05,8.447077946473553e-07,19.61999999999552,6.774404687109245e-11,6.905611301845863e-12,4,-2.1860452091640448e-06,-0.006808227510308185,-2.5054750934720065e-07,9.80999998972932,2.918752591745298e-11,5.9505659425099206e-12,4,-2.4046348422943065e-06,0.17188146664840914,7.555106740864884e-06,0.0,0.0,nan,0,-0.07999644423920776,-6.456073339871382e-15,-1.7462223937784765e-11,-7.769679791222333e-15,2
7.775,4.0,1.913782747438627e-05,8.447079880084717e-07,19.620000000004666,6.752192291940823e-11,6.882968697185746e-12,4,-2.18604520919527e-06,-0.0068082287630458595,-2.5054755872860865e-07,9.809999989735607,2.9037484870876618e-11,5.919976534405525e-12,4,-2.4046349295508973e-06,0.17188150442393527,7.555103857873046e-06,0.0,0.0,nan,0,-0.0799964442391205,8.474178053227484e-16,-1.7446119486678768e-11,-1.0768113095720406e-15,2
7.78,4.0,1.9142051014833702e-05,8.447081813304516e-07,19.619999999996132,6.75891905707731e-11,6.8898257462575355e-12,4,-2.18604520919527e-06,-0.006808230015783783,-2.505476078780173e-07,9.809999989728926,2.9042676756674827e-11,5.921035022850667e-12,4,-2.4046350167866715e-06,0.171881542199447,7.555100974516701e-06,0.0,0.0,nan,0,-0.07999644423903327,-2.873161594801076e-15,-1.744426008515713e-11,-6.7722554258990925e-15,2
7.785,4.0,1.9146274556247945e-05,8.447083746905379e-07,19.62000000000105,6.752995684548072e-11,6.8837876498957296e-12,4,-2.18604520919527e-06,-0.006808231268521952,-2.50547657185252e-07,9.8099999897333,2.9006152903765385e-11,5.913588773521286e-12,4,-2.4046351040224456e-06,0.17188157997494433,7.555098091510117e-06,0.0,0.0,nan,0,-0.07999644423894603,-5.95558480037036e-15,-1.7444427506789243e-11,-3.660522332479703e-15,2
7.79,4.0,1.9150498098628883e-05,8.447085680112755e-07,19.61999999999642,6.75755455597558e-11,6.888434817509494e-12,4,-2.18604520919527e-06,-0.006808232521260367,-2.5054770646989155e-07,9.809999989728414,2.9048252880587446e-11,5.922171847299183e-12,4,-2.404635191174953e-06,0.1718816177504272,7.5550952083142326e-06,0.0,0.0,nan,0,-0.0799964442388589,3.5368220601747285e-15,-1.744320448510532e-11,-4.5478125737601295e-15,2
7.795,4.0,1.915472164197642e-05,8.44708761340971e-07,19.620000000000474,6.756666639363969e-11,6.887529703734766e-12,4,-2.18604520919527e-06,-0.006808233773999028,-2.5054775581443074e-07,9.80999998973125,2.9022100071893822e-11,5.916839980076065e-12,4,-2.404635278369094e-06,0.17188165552589568,7.555092325251445e-06,0.0,0.0,nan,0,-0.07999644423877171,5.550766626844762e-15,-1.744394966679944e-11,-3.504202930612483e-15,2
7.8,4.0,1.9158945186290674e-05,8.447089546980248e-07,19.620000000000537,6.757842868593685e-11,6.8887287141625885e-12,4,-2.1860452091779226e-06,-0.006808235026737938,-2.505478050894514e-07,9.809999989732322,2.9013778634525726e-11,5.9151434586938065e-12,4,-2.4046353655701735e-06,0.17188169330134973,7.555089441947456e-06,0.0,0.0,nan,0,-0.07999644423868454,6.757801099217233e-15,-1.7443251114472345e-11,1.6264167511948406e-16,2
7.805000000000001,4.0,1.9163168731571703e-05,8.447091480590638e-07,19.620000000007998,6.763183725944901e-11,6.894173013192807e-12,4,-2.1860452091675142e-06,-0.006808236279477093,-2.5054785443691794e-07,9.809999989738534,2.9117810018273455e-11,5.936352711260203e-12,4,-2.4046354528337033e-06,0.17188173107678936,7.555086558752777e-06,0.0,0.0,nan,0,-0.07999644423859728,2.984956998878527e-17,-1.744951810140175e-11,-5.569661845625124e-15,2
7.8100000000000005,4.0,1.9167392277819434e-05,8.447093414094902e-07,19.61999999999809,6.756618188756938e-11,6.88748031473761e-12,4,-2.1860452091675142e-06,-0.006808237532216495,-2.5054790367228094e-07,9.809999989731317,2.9014886871718946e-11,5.915369398999077e-12,4,-2.404635540090294e-06,0.1718817688522146,7.555083675515895e-06,0.0,0.0,nan,0,-0.07999644423851004,-3.274174151295681e-15,-1.7451576454889402e-11,2.6567037180469876e-16,2
7.815,4.0,1.9171615825034037e-05,8.447095347578383e-07,19.619999999995656,6.768567069850792e-11,6.899660621663905e-12,4,-2.18604520919527e-06,-0.006808238784956142,-2.5054795295026134e-07,9.80999998972804,2.913599928209089e-11,5.94006102193658e-12,4,-2.404635627353824e-06,0.1718818066276254,7.555080792211798e-06,0.0,0.0,nan,0,-0.07999644423842277,-7.192817339012633e-15,-1.7458736061130603e-11,-7.155060324789847e-15,2
7.82,4.0,1.9175839373215368e-05,8.447097280945531e-07,19.619999999999145,6.75396975811144e-11,6.884780589308597e-12,4,-2.1860452091987392e-06,-0.006808240037696036,-2.505480022478749e-07,9.809999989731859,2.8999825582466414e-11,5.912298799759546e-12,4,-2.4046357146104147e-06,0.17188184440302182,7.555077908961171e-06,0.0,0.0,nan,0,-0.07999644423833552,-3.796006814929723e-16,-1.7447568105681293e-11,-1.1274374794949459e-15,2
7.825,4.0,1.9180062922363544e-05,8.447099214936076e-07,19.61999999999657,6.765442585763525e-11,6.8964756225939945e-12,4,-2.1860452091987392e-06,-0.0068082412904361764,-2.5054805148472466e-07,9.80999998972931,2.911386950809926e-11,5.935549345276321e-12,4,-2.4046358018739444e-06,0.17188188217840378,7.555075025547255e-06,0.0,0.0,nan,0,-0.07999644423824828,-4.926186011937912e-15,-1.744829285927177e-11,-7.046702557586432e-15,2
7.83,4.0,1.9184286472478516e-05,8.447101147965233e-07,19.619999999999152,6.755217828775295e-11,6.886052832594891e-12,4,-2.1860452091987392e-06,-0.006808242543176563,-2.5054810084571186e-07,9.809999989731043,2.902826738083699e-11,5.918097331544003e-12,4,-2.4046358891097186e-06,0.17188191995377133,7.555072142347173e-06,0.0,0.0,nan,0,-0.07999644423816105,-6.521798542929189e-15,-1.7444692183958316e-11,-2.249650912786055e-15,2
7.835,4.0,1.9188510023559986e-05,8.447103081718047e-07,19.620000000004048,6.762013164490736e-11,6.892979780315332e-12,4,-2.1860452091987392e-06,-0.006808243795917197,-2.505481500828154e-07,9.809999989735134,2.907876131776006e-11,5.92839171216863e-12,4,-2.4046359762899816e-06,0.17188195772912448,7.55506925889533e-06,0.0,0.0,nan,0,-0.0799964442380739,-5.46575440190574e-15,-1.744433025125229e-11,-3.7315766060557156e-15,2
7.84,4.0,1.9192733575608558e-05,8.44710501586102e-07,19.620000000004197,6.764111294541487e-11,6.895118546931743e-12,4,-2.1860452091987392e-06,-0.006808245048658077,-2.505481993644988e-07,9.809999989735378,2.908439310389418e-11,5.929539884674092e-12,4,-2.4046360635257558e-06,0.1718819955044632,7.5550663755163305e-06,0.0,0.0,nan,0,-0.07999644423798666,-2.2283440620987845e-15,-1.744517268848337e-11,-2.6857465168588183e-15,2
7.845,4.0,1.919695712862402e-05,8.447106949277097e-07,19.620000000002143,6.755583138386176e-11,6.886425217518286e-12,4,-2.1860452091987392e-06,-0.006808246301399204,-2.5054824860366956e-07,9.809999989732356,2.8985056141302515e-11,5.9092877006401114e-12,4,-2.404636150678263e-06,0.17188203327978752,7.5550634920140785e-06,0.0,0.0,nan,0,-0.07999644423789952,3.616758117947739e-15,-1.7440299697583684e-11,-1.6110506290216653e-15,2
7.8500000000000005,4.0,1.9201180682606092e-05,8.44710888254099e-07,19.61999999999571,6.75372641717779e-11,6.884532535350935e-12,4,-2.1860452091779226e-06,-0.006808247554140575,-2.5054829784527826e-07,9.809999989729963,2.8965209211649254e-11,5.9052414356723295e-12,4,-2.4046362378862818e-06,0.1718820710550974,7.555060608543026e-06,0.0,0.0,nan,0,-0.07999644423781233,-4.8085302133879e-16,-1.7453465166298903e-11,-3.676065454824456e-15,2
7.855,4.0,1.9205404237555006e-05,8.447110816095272e-07,19.619999999997724,6.74616637951893e-11,6.876826074943642e-12,4,-2.1860452091779226e-06,-0.006808248806882195,-2.505483472017406e-07,9.80999998973114,2.8944293190021755e-11,5.9009772110743956e-12,4,-2.404636325177567e-06,0.17188210883039287,7.555057725179103e-06,0.0,0.0,nan,0,-0.07999644423772506,-6.15764539085214e-15,-1.7451058646870725e-11,-3.5294589751643655e-16,2
7.86,4.0,1.9209627793470555e-05,8.44711274954071e-07,19.62000000001687,6.760329365627107e-11,6.891263369644541e-12,4,-2.1860452092091476e-06,-0.006808250059624059,-2.5054839653740416e-07,9.809999989743764,2.906745663538785e-11,5.926086985887365e-12,4,-2.404636412427219e-06,0.1718821466056739,7.555054841783062e-06,0.0,0.0,nan,0,-0.07999644423763777,-1.2722199932916006e-15,-1.7442573434338115e-11,-5.818795892351007e-15,2
7.865,4.0,1.9213851350352636e-05,8.447114682494005e-07,19.619999999998168,6.76783858301461e-11,6.898918025499737e-12,4,-2.1860452092091476e-06,-0.006808251312366172,-2.5054844580271994e-07,9.809999989730711,2.9129577365080844e-11,5.938751762604327e-12,4,-2.404636499662993e-06,0.17188218438094058,7.5550519583134855e-06,0.0,0.0,nan,0,-0.07999644423755056,-1.2482391759596975e-15,-1.7447868754076363e-11,4.4330605574472593e-16,2
7.87,4.0,1.9218074908201446e-05,8.447116615958331e-07,19.620000000000605,6.768116737555414e-11,6.899201567334562e-12,4,-2.1860452092091476e-06,-0.006808252565108529,-2.5054849512173115e-07,9.809999989732525,2.913088014444761e-11,5.93901736492089e-12,4,-2.4046365869542785e-06,0.1718822221561928,7.555049074835616e-06,0.0,0.0,nan,0,-0.07999644423746327,-3.708937487738894e-15,-1.7444441717643955e-11,-6.920137132779163e-15,2
7.875,4.0,1.9222298467017092e-05,8.447118549885212e-07,19.619999999999028,6.751763540652355e-11,6.882531641847797e-12,4,-2.1860452092091476e-06,-0.006808253817851135,-2.505485443889193e-07,9.809999989731182,2.8975650803747583e-11,5.907370200627612e-12,4,-2.404636674162297e-06,0.17188225993143058,7.55504619117685e-06,0.0,0.0,nan,0,-0.07999644423737606,-4.227189595633918e-15,-1.7448111226784942e-11,-7.561789000602936e-16,2
7.88,4.0,1.9226522026799584e-05,8.447120483482494e-07,19.620000000002197,6.769508654420973e-11,6.900620442834062e-12,4,-2.1860452092091476e-06,-0.006808255070593985,-2.50548593663094e-07,9.809999989733253,2.914251547861103e-11,5.941389502367055e-12,4,-2.404636761356438e-06,0.17188229770665397,7.555043307631972e-06,0.0,0.0,nan,0,-0.0799964442372889,-1.6954370102787112e-15,-1.7442695558870824e-11,-6.579964798034015e-15,2
7.885,4.0,1.9230745587548905e-05,8.447122416982499e-07,19.620000000002456,6.769494181938431e-11,6.900605690048505e-12,4,-2.1860452092091476e-06,-0.006808256323337084,-2.5054864295775754e-07,9.809999989732997,2.915316067564741e-11,5.943559776994635e-12,4,-2.4046368485089453e-06,0.17188233548186296,7.55504042418725e-06,0.0,0.0,nan,0,-0.07999644423720174,3.3787263014681043e-15,-1.744173454982071e-11,-2.634232168516209e-15,2
7.890000000000001,4.0,1.923496914926484e-05,8.447124350411938e-07,19.620000000004083,6.770525232129382e-11,6.901656709610574e-12,4,-2.186045209188331e-06,-0.006808257576080427,-2.5054869222555524e-07,9.809999989735271,2.913852918526569e-11,5.940576802396513e-12,4,-2.404636935716964e-06,0.17188237325705752,7.555037540389215e-06,0.0,0.0,nan,0,-0.07999644423711458,6.760021545266484e-15,-1.7442723980580257e-11,-2.8234141719123356e-15,2
7.8950000000000005,4.0,1.9239192711947667e-05,8.447126283904411e-07,19.619999999995567,6.77167957712838e-11,6.902833411957094e-12,4,-2.186045209188331e-06,-0.006808258828824018,-2.50548741515664e-07,9.809999989729114,2.917656119321543e-11,5.948330524722271e-12,4,-2.4046370229874325e-06,0.17188241103223764,7.555034656892063e-06,0.0,0.0,nan,0,-0.07999644423702731,-7.153321241396206e-16,-1.744608840043408e-11,-4.1992025440278295e-15,2
7.9,4.0,1.9243416275597304e-05,8.447128217960739e-07,19.62000000000133,6.769457113586039e-11,6.900567903756963e-12,4,-2.1860452092022087e-06,-0.006808260081567855,-2.505487907551606e-07,9.809999989732708,2.912943747643331e-11,5.938723243001145e-12,4,-2.40463711026484e-06,0.17188244880740336,7.555031773013692e-06,0.0,0.0,nan,0,-0.07999644423694002,-6.8122328861711304e-15,-1.7447369153715288e-11,6.116158662778987e-16,2
7.905,4.0,1.924763984021384e-05,8.447130151138768e-07,19.61999999999743,6.755571046298248e-11,6.8864128912325515e-12,4,-2.186045209212617e-06,-0.006808261334311939,-2.50548840068263e-07,9.80999998972897,2.9042149138458765e-11,5.9209274554262536e-12,4,-2.4046371974797975e-06,0.17188248658255467,7.55502888952657e-06,0.0,0.0,nan,0,-0.07999644423685282,9.020407781343093e-16,-1.7435124281932084e-11,-5.61895574791848e-15,2
7.91,4.0,1.9251863405796988e-05,8.44713208491559e-07,19.62000000000238,6.752838230744797e-11,6.883627146528009e-12,4,-2.186045209212617e-06,-0.006808262587056268,-2.5054888934899904e-07,9.809999989734578,2.8995336620536432e-11,5.911383618935342e-12,4,-2.4046372847155717e-06,0.17188252435769152,7.555026005789998e-06,0.0,0.0,nan,0,-0.07999644423676558,-2.3735612337197525e-15,-1.7447771498539414e-11,6.560247872629045e-16,2
7.915,4.0,1.9256086972346934e-05,8.447134018384171e-07,19.62000000000111,6.749731331048677e-11,6.880460072424359e-12,4,-2.186045209212617e-06,-0.006808263839800843,-2.505489386160507e-07,9.809999989733113,2.891980888829126e-11,5.895985508370636e-12,4,-2.4046373719791014e-06,0.171882562132814,7.555023122116084e-06,0.0,0.0,nan,0,-0.07999644423667832,-3.1946821827325184e-15,-1.744541205256748e-11,-6.808670741106798e-15,2
7.92,4.0,1.9260310539863445e-05,8.447135951291436e-07,19.62000000000204,6.758013274724027e-11,6.8889024207169465e-12,4,-2.186045209212617e-06,-0.0068082650925456656,-2.505489879742971e-07,9.809999989733287,2.9069057954400223e-11,5.926413452563224e-12,4,-2.404637459200998e-06,0.17188259990792204,7.555020238499566e-06,0.0,0.0,nan,0,-0.07999644423659114,-2.0129607953215016e-15,-1.7440230863756158e-11,5.982931899823945e-16,2
7.925,4.0,1.9264534108346618e-05,8.44713788484348e-07,19.620000000008375,6.760595243038152e-11,6.891534396570098e-12,4,-2.186045209212617e-06,-0.006808266345290735,-2.5054903729144157e-07,9.80999998973931,2.9042725621141257e-11,5.921044985019013e-12,4,-2.4046375464090164e-06,0.17188263768301562,7.555017354668447e-06,0.0,0.0,nan,0,-0.07999644423650393,2.010043356710216e-15,-1.7439371107045894e-11,-6.939677058012568e-15,2
7.930000000000001,4.0,1.9268757677796594e-05,8.447139818568624e-07,19.619999999998825,6.758552114044913e-11,6.889451696274534e-12,4,-2.1860452091987392e-06,-0.00680826759803605,-2.505490865395195e-07,9.809999989731075,2.905445094563062e-11,5.9234354691221764e-12,4,-2.4046376335754016e-06,0.17188267545809485,7.555014470969667e-06,0.0,0.0,nan,0,-0.0799964442364168,7.186347186722548e-15,-1.7441794501864053e-11,-2.6190760949717556e-16,2
7.9350000000000005,4.0,1.927298124821345e-05,8.447141752247244e-07,19.620000000003635,6.758014148169482e-11,6.888903311078726e-12,4,-2.18604520919527e-06,-0.006808268850781612,-2.505491358590693e-07,9.809999989733361,2.9079958287983095e-11,5.928635742796468e-12,4,-2.404637720804237e-06,0.17188271323315965,7.555011587144505e-06,0.0,0.0,nan,0,-0.07999644423632957,2.5149727883097387e-15,-1.7438724069067158e-11,-7.206130583922605e-15,2
7.94,4.0,1.9277204819597174e-05,8.447143686262848e-07,19.61999999999701,6.764411952015428e-11,6.895425027539714e-12,4,-2.18604520919527e-06,-0.006808270103527421,-2.5054918502177974e-07,9.809999989730207,2.9083166591144218e-11,5.929289831109176e-12,4,-2.40463780804695e-06,0.17188275100821,7.5550087031787625e-06,0.0,0.0,nan,0,-0.07999644423624233,-3.611681950781725e-15,-1.7456042215983685e-11,-2.746586738608276e-15,2
7.945,4.0,1.9281428391947852e-05,8.447145619466989e-07,19.620000000001394,6.763235560872048e-11,6.894225852060722e-12,4,-2.1860452092160865e-06,-0.0068082713562734746,-2.5054923435674164e-07,9.809999989733809,2.9103248832572188e-11,5.933384069934519e-12,4,-2.4046378953174186e-06,0.17188278878324595,7.555005819336746e-06,0.0,0.0,nan,0,-0.07999644423615507,-6.652360770625106e-15,-1.745434002204232e-11,-6.9050380996442634e-15,2
7.95,4.0,1.9285651965264906e-05,8.447147551991733e-07,19.619999999995976,6.756707343174462e-11,6.887571195897908e-12,4,-2.186045209226495e-06,-0.006808272609019777,-2.5054928368385536e-07,9.809999989727844,2.9024117142177463e-11,5.917251207455439e-12,4,-2.4046379825184983e-06,0.17188282655826748,7.55500293564164e-06,0.0,0.0,nan,0,-0.07999644423606786,2.033580084832269e-15,-1.7439638004661028e-11,-4.277806334171293e-15,2
7.955,4.0,1.9289875539548554e-05,8.447149486166517e-07,19.620000000002435,6.769959124246427e-11,6.901079637355338e-12,4,-2.186045209226495e-06,-0.006808273861766323,-2.505493329613969e-07,9.80999998973422,2.912021746380405e-11,5.936843525846527e-12,4,-2.40463806976815e-06,0.17188286433327457,7.555000051607615e-06,0.0,0.0,nan,0,-0.07999644423598062,2.6477276199946954e-16,-1.7443292858858092e-11,-1.211313299747053e-16,2
7.96,4.0,1.929409911479941e-05,8.447151420403629e-07,19.61999999999938,6.771517216178175e-11,6.902667906399989e-12,4,-2.186045209226495e-06,-0.0068082751145131185,-2.505493821739117e-07,9.809999989730919,2.9159237910263355e-11,5.944798764686476e-12,4,-2.4046381570039244e-06,0.17188290210826723,7.5549971676382165e-06,0.0,0.0,nan,0,-0.07999644423589339,6.804402624191284e-16,-1.7445630988547956e-11,-5.823236784449509e-15,2
7.965,4.0,1.9298322691017296e-05,8.4471533541734e-07,19.620000000002097,6.752319715213231e-11,6.883098588391956e-12,4,-2.186045209226495e-06,-0.0068082763672601574,-2.5054943146248e-07,9.809999989732987,2.9018910237718032e-11,5.916189657102718e-12,4,-2.4046382442258207e-06,0.17188293988324554,7.554994283594659e-06,0.0,0.0,nan,0,-0.07999644423580618,3.5377102385944313e-15,-1.7443676107846192e-11,-1.3134538180125615e-16,2
7.97,4.0,1.9302546268201754e-05,8.447155286992277e-07,19.619999999999536,6.75917149208449e-11,6.890083070422681e-12,4,-2.186045209212617e-06,-0.006808277620007445,-2.5054948075144623e-07,9.809999989731754,2.905053000466556e-11,5.9226360927773906e-12,4,-2.4046383314199615e-06,0.1718829776582094,7.554991399821115e-06,0.0,0.0,nan,0,-0.07999644423571903,6.892360129801804e-15,-1.7439887138707748e-11,-7.052031628104633e-15,2
7.9750000000000005,4.0,1.9306769846352764e-05,8.447157220457425e-07,19.620000000007675,6.744167663801693e-11,6.8747886481132055e-12,4,-2.1860452091987392e-06,-0.006808278872754978,-2.505495301495703e-07,9.809999989737712,2.890717194826573e-11,5.8934091699297984e-12,4,-2.4046384186834913e-06,0.1718830154331588,7.554988515883824e-06,0.0,0.0,nan,0,-0.07999644423563179,1.1111789539134845e-16,-1.7446096394039873e-11,-1.2206962135634602e-15,2
7.98,4.0,1.9310993425470266e-05,8.447159153391487e-07,19.61999999999996,6.76185443414486e-11,6.892817975682848e-12,4,-2.1860452091987392e-06,-0.006808280125502758,-2.5054957940467236e-07,9.809999989733429,2.907338140401101e-11,5.92729488979358e-12,4,-2.4046385059053876e-06,0.17188305320809383,7.554985631996062e-06,0.0,0.0,nan,0,-0.07999644423554457,5.583157297103626e-16,-1.7445206883352532e-11,-7.134632221136743e-15,2
7.985,4.0,1.9315217005554646e-05,8.447161087360354e-07,19.61999999999834,6.762759660437967e-11,6.893740734391987e-12,4,-2.186045209205678e-06,-0.0068082813782507825,-2.505496287052332e-07,9.809999989730606,2.911360590290228e-11,5.9354956031354235e-12,4,-2.4046385931689174e-06,0.1718830909830144,7.554982747866428e-06,0.0,0.0,nan,0,-0.07999644423545732,-7.131088938843471e-15,-1.7444642001877604e-11,-2.2163442220472996e-15,2
7.99,4.0,1.9319440586605918e-05,8.44716302105262e-07,19.619999999990114,6.757785557986556e-11,6.888670293567749e-12,4,-2.186045209226495e-06,-0.0068082826309990565,-2.5054967793713774e-07,9.809999989722602,2.902894254168028e-11,5.918234979019839e-12,4,-2.4046386803908137e-06,0.17188312875792058,7.554979863708232e-06,0.0,0.0,nan,0,-0.07999644423537008,-7.076021876822065e-15,-1.7449818749796813e-11,-2.267414481180055e-15,2
7.995,4.0,1.9323664168623993e-05,8.447164954263881e-07,19.619999999995535,6.769567979218886e-11,6.90068091663652e-12,4,-2.1860452092299643e-06,-0.006808283883747575,-2.5054972724394405e-07,9.809999989727663,2.9178005380281573e-11,5.948624956337353e-12,4,-2.4046387675849545e-06,0.1718831665328123,7.554976979752748e-06,0.0,0.0,nan,0,-0.07999644423528288,1.871043434027146e-15,-1.744154359146047e-11,-3.4078355720750156e-15,2
8.0,4.0,1.9327887751608797e-05,8.447166888292569e-07,19.62000000000074,6.758815504911096e-11,6.889720188492193e-12,4,-2.1860452092299643e-06,-0.006808285136496342,-2.505497765295502e-07,9.809999989732248,2.9021880962587513e-11,5.916795309472703e-12,4,-2.40463885481379e-06,0.17188320430768964,7.554974095639475e-06,0.0,0.0,nan,0,-0.07999644423519568,1.4016411392156295e-15,-1.7443882165239543e-11,-4.3870522797944045e-15,2
8.005,4.0,1.9332111335560566e-05,8.447168821984942e-07,19.620000000001863,6.766576516485097e-11,6.897631515274673e-12,4,-2.1860452092299643e-06,-0.006808286389245353,-2.5054982578189514e-07,9.809999989732718,2.917312055460674e-11,5.9476290693455105e-12,4,-2.404638942035686e-06,0.17188324208255254,7.554971211463292e-06,0.0,0.0,nan,0,-0.07999644423510846,3.475981838425272e-15,-1.7444618021060264e-11,-4.07174894080086e-15,2
8.01,4.0,1.9336334920479126e-05,8.447170755555863e-07,19.620000000001944,6.757576079561202e-11,6.888456757961807e-12,4,-2.186045209219556e-06,-0.006808287641994612,-2.5054987504772803e-07,9.80999998973373,2.9038360166750642e-11,5.920154984126319e-12,4,-2.4046390292506437e-06,0.171883279857401,7.554968327249902e-06,0.0,0.0,nan,0,-0.07999644423502128,6.685414558011674e-15,-1.7443263104881018e-11,-9.129423911373658e-16,2
8.015,4.0,1.9340558506364496e-05,8.447172689368303e-07,19.620000000003976,6.757878574576876e-11,6.888765111697764e-12,4,-2.186045209212617e-06,-0.0068082888947441165,-2.5054992433469154e-07,9.809999989734177,2.9074111847849046e-11,5.92744380800695e-12,4,-2.4046391165141734e-06,0.17188331763223508,7.554965443128973e-06,0.0,0.0,nan,0,-0.07999644423493402,2.780954382949712e-16,-1.745427607319609e-11,-5.1002595508136065e-15,2
8.02,4.0,1.934478209321633e-05,8.447174621686866e-07,19.61999999999075,6.77084572846471e-11,6.901983413321002e-12,4,-2.186045209212617e-06,-0.006808290147493868,-2.505499735751002e-07,9.809999989724965,2.914703425535813e-11,5.942310761648696e-12,4,-2.4046392037499476e-06,0.17188335540705474,7.554962559134637e-06,0.0,0.0,nan,0,-0.07999644423484681,-2.4210787791737093e-15,-1.7453970539819715e-11,2.719446611521775e-17,2
8.025,4.0,1.9349005681034853e-05,8.447176555572827e-07,19.620000000021967,6.747403805101799e-11,6.878087466966609e-12,4,-2.186045209236903e-06,-0.006808291400243866,-2.50550023044041e-07,9.809999989746167,2.8921964909550646e-11,5.89642506417556e-12,4,-2.4046392910134773e-06,0.17188339318185997,7.554959675031567e-06,0.0,0.0,nan,0,-0.07999644423475952,-2.150184361165171e-15,-1.745010785187244e-11,-7.540085669729849e-15,2
8.03,4.0,1.935322926982005e-05,8.447178488755661e-07,19.6199999999985,6.756151525408708e-11,6.887004613057314e-12,4,-2.186045209236903e-06,-0.00680829265299411,-2.505500722846356e-07,9.80999998973105,2.9039961935770438e-11,5.9204815425421e-12,4,-2.4046393782631292e-06,0.17188343095665076,7.554956790813541e-06,0.0,0.0,nan,0,-0.07999644423467228,-2.5734013781522808e-15,-1.74445149923636e-11,-1.6465207254000801e-16,2
8.035,4.0,1.9357452859572153e-05,8.447180423083213e-07,19.61999999999987,6.763201788644766e-11,6.894191425733752e-12,4,-2.186045209236903e-06,-0.006808293905744601,-2.505501215104841e-07,9.809999989732162,2.904031402472471e-11,5.9205533241835575e-12,4,-2.4046394654919645e-06,0.17188346873142712,7.554953906376369e-06,0.0,0.0,nan,0,-0.07999644423458507,-6.389015869184019e-15,-1.7444374660173285e-11,-7.40863526361423e-15,2
8.040000000000001,4.0,1.936167645029129e-05,8.44718235642712e-07,19.619999999997944,6.765069059615406e-11,6.896094861994001e-12,4,-2.1860452092403726e-06,-0.0068082951584953364,-2.5055017080243726e-07,9.809999989728952,2.911526419057311e-11,5.935833684211361e-12,4,-2.4046395526652886e-06,0.1718835065061891,7.554951022172055e-06,0.0,0.0,nan,0,-0.0799964442344979,3.1340331468407245e-15,-1.7431092840085084e-11,-2.747861965828237e-16,2
8.045,4.0,1.936590004197712e-05,8.447184290255612e-07,19.619999999999056,6.751718846370612e-11,6.882486081927561e-12,4,-2.1860452092403726e-06,-0.006808296411246321,-2.5055022006846655e-07,9.809999989730196,2.8971542604791437e-11,5.906532647323324e-12,4,-2.4046396398594294e-06,0.17188354428093663,7.55494813779477e-06,0.0,0.0,nan,0,-0.07999644423441074,4.7243166073137985e-15,-1.7444171267315174e-11,-7.455264630648487e-15,2
8.05,4.0,1.9370123634629795e-05,8.447186223696342e-07,19.61999999999913,6.761891643898792e-11,6.892855906115282e-12,4,-2.1860452092299643e-06,-0.006808297663997549,-2.505502693461275e-07,9.809999989731711,2.910095048124464e-11,5.932915496779834e-12,4,-2.4046397270813258e-06,0.17188358205566973,7.554945253534066e-06,0.0,0.0,nan,0,-0.07999644423432353,6.8572770822236496e-15,-1.7444528759129103e-11,-1.332162605235824e-15,2
8.055,4.0,1.9374347228249166e-05,8.447188157411395e-07,19.620000000000957,6.767160489593413e-11,6.898226798769707e-12,4,-2.1860452092160865e-06,-0.0068082989167490265,-2.5055031857452484e-07,9.809999989732892,2.911212883692674e-11,5.935194468378263e-12,4,-2.4046398143171e-06,0.17188361983038844,7.554942369071435e-06,0.0,0.0,nan,0,-0.07999644423423632,-1.145210479274479e-15,-1.7456611982439915e-11,-6.77758449641729e-15,2
8.06,4.0,1.9378570822835326e-05,8.447190090158337e-07,19.619999999986398,6.761169078705092e-11,6.892119346289275e-12,4,-2.1860452092160865e-06,-0.006808300169500747,-2.5055036789057027e-07,9.809999989722328,2.9089692679414137e-11,5.930620328214194e-12,4,-2.404639901566752e-06,0.17188365760509272,7.554939484904506e-06,0.0,0.0,nan,0,-0.07999644423414906,2.88753579331373e-16,-1.74512282889489e-11,-3.4784457564411746e-15,2
8.065,4.0,1.938279441838804e-05,8.44719202393724e-07,19.619999999999003,6.762442929046368e-11,6.893417868549146e-12,4,-2.1860452092299643e-06,-0.006808301422252718,-2.505504172215022e-07,9.809999989730674,2.907160949938704e-11,5.926933645223211e-12,4,-2.4046399888441594e-06,0.17188369537978257,7.554936600454977e-06,0.0,0.0,nan,0,-0.0799964442340618,-7.25365756076209e-15,-1.7461624861440702e-11,1.1600660404427319e-15,2
8.07,4.0,1.9387018014907575e-05,8.447193957263261e-07,19.61999999999779,6.751956038147163e-11,6.882727867632949e-12,4,-2.1860452092473115e-06,-0.006808302675004933,-2.5055046656809407e-07,9.809999989729036,2.9001507651925088e-11,5.912641729314853e-12,4,-2.4046400760799336e-06,0.17188373315445798,7.554933716268678e-06,0.0,0.0,nan,0,-0.07999644423397456,1.4167401723505323e-15,-1.7443636139817307e-11,-4.007800094582447e-15,2
8.075,4.0,1.939124161239376e-05,8.447195891111648e-07,19.62000000000015,6.76679647720581e-11,6.897855736193433e-12,4,-2.1860452092473115e-06,-0.006808303927757397,-2.5055051579411016e-07,9.80999998973271,2.910863460355298e-11,5.934482086446178e-12,4,-2.4046401633295855e-06,0.17188377092911902,7.554930831684854e-06,0.0,0.0,nan,0,-0.07999644423388731,-2.5596346126469282e-15,-1.7449943538864805e-11,-5.22975024479383e-17,2
8.08,4.0,1.9395465210846997e-05,8.447197825019586e-07,19.62000000000177,6.757267444495822e-11,6.888142145255059e-12,4,-2.1860452092473115e-06,-0.006808305180510104,-2.505505650891568e-07,9.80999998973397,2.9004968401487244e-11,5.913347284778908e-12,4,-2.4046402505931153e-06,0.1718838087037656,7.5549279472340514e-06,0.0,0.0,nan,0,-0.07999644423380006,-5.221505336488204e-15,-1.7443826209999116e-11,-7.86959986343859e-15,2
8.085,4.0,1.9399688810267046e-05,8.44719975868517e-07,19.62000000000176,6.756829530773229e-11,6.887695750023061e-12,4,-2.1860452092473115e-06,-0.00680830643326306,-2.505506143498701e-07,9.80999998973306,2.9025284211157048e-11,5.917489142004955e-12,4,-2.404640337787256e-06,0.17188384647839777,7.554925062667679e-06,0.0,0.0,nan,0,-0.07999644423371288,-5.3458503152462215e-15,-1.7443823545463853e-11,-4.843963036320479e-16,2
8.09,4.0,1.9403912410653897e-05,8.447201692075683e-07,19.619999999999443,6.763393820707778e-11,6.894387177072344e-12,4,-2.1860452092473115e-06,-0.006808307686016261,-2.505506636055147e-07,9.80999998973057,2.9085759348328846e-11,5.929818425846436e-12,4,-2.404640424967519e-06,0.1718838842530155,7.554922178263188e-06,0.0,0.0,nan,0,-0.07999644423362573,-2.6440115625184395e-15,-1.7444335580322813e-11,-7.071571553338025e-15,2
8.095,4.0,1.940813601200737e-05,8.447203625213866e-07,19.62000000000707,6.750351584411715e-11,6.8810923388473826e-12,4,-2.1860452092473115e-06,-0.0068083089387697086,-2.5055071297388303e-07,9.809999989737262,2.8968314147571684e-11,5.905874450127809e-12,4,-2.4046405122032932e-06,0.17188392202761882,7.554919293917165e-06,0.0,0.0,nan,0,-0.0799964442335385,2.5589376200848942e-15,-1.744479565674421e-11,-2.0733474964755696e-15,2
8.1,4.0,1.941235961432747e-05,8.447205558633976e-07,19.61999999999967,6.755917791786548e-11,6.886766352483855e-12,4,-2.186045209226495e-06,-0.006808310191523402,-2.5055076225479597e-07,9.809999989731292,2.9001763281959763e-11,5.912693845528568e-12,4,-2.4046405993835562e-06,0.17188395980220772,7.554916409328041e-06,0.0,0.0,nan,0,-0.07999644423345134,6.9389894968360616e-15,-1.744376625795578e-11,-4.354189678265492e-15,2
8.105,4.0,1.9416583217614467e-05,8.447207492658982e-07,19.61999999999821,6.760233106528709e-11,6.8911652462072635e-12,4,-2.186045209226495e-06,-0.006808311444277342,-2.5055081151507656e-07,9.80999998973164,2.9043004934166198e-11,5.9211019295751685e-12,4,-2.4046406866609638e-06,0.1718839975767822,7.554913524861413e-06,0.0,0.0,nan,0,-0.07999644423336408,-2.1395262201287683e-15,-1.7452208837924238e-11,-2.6297912764176993e-15,2
8.11,4.0,1.942080682186837e-05,8.447209426124833e-07,19.61999999999864,6.754496021323897e-11,6.885317045182839e-12,4,-2.1860452092473115e-06,-0.006808312697031528,-2.505508607982068e-07,9.809999989730391,2.8976790703815624e-11,5.9076025961569846e-12,4,-2.4046407739383713e-06,0.17188403535134225,7.5549106401451416e-06,0.0,0.0,nan,0,-0.0799964442332768,-6.5124726695223355e-15,-1.7458094352222373e-11,-5.749905024414591e-16,2
8.115,4.0,1.9425030427088852e-05,8.447211358977005e-07,19.619999999992686,6.758429879384539e-11,6.88932709417641e-12,4,-2.186045209250781e-06,-0.006808313949785962,-2.505509100928955e-07,9.809999989725332,2.904237598168434e-11,5.9209737027731615e-12,4,-2.40464086114639e-06,0.17188407312588788,7.554907755616596e-06,0.0,0.0,nan,0,-0.07999644423318958,-2.9566782083130836e-16,-1.7444877813248026e-11,-3.593464861792335e-15,2
8.120000000000001,4.0,1.942925403327611e-05,8.447213293308913e-07,19.620000000009675,6.749829410102186e-11,6.880560051069172e-12,4,-2.186045209250781e-06,-0.006808315202540642,-2.5055095940469335e-07,9.809999989741977,2.895101938194992e-11,5.902348504021026e-12,4,-2.404640948437675e-06,0.17188411090041908,7.5549048709924875e-06,0.0,0.0,nan,0,-0.07999644423310232,-3.7648927281799975e-15,-1.7446296678273497e-11,-8.693646081623796e-17,2
8.125,4.0,1.943347764043022e-05,8.447215226622651e-07,19.620000000009473,6.75558117855049e-11,6.886423219721945e-12,4,-2.186045209250781e-06,-0.006808316455295568,-2.5055100869822983e-07,9.809999989741463,2.9016156712021867e-11,5.91562828590514e-12,4,-2.4046410356803882e-06,0.17188414867493584,7.554901986385985e-06,0.0,0.0,nan,0,-0.07999644423301508,-4.4931990323341005e-15,-1.7445036353095938e-11,-4.780071230511699e-15,2
8.13,4.0,1.943770124855097e-05,8.447217160102705e-07,19.620000000001525,6.764389326439138e-11,6.895401963749859e-12,4,-2.186045209250781e-06,-0.006808317708050741,-2.5055105793175054e-07,9.809999989732237,2.9085530960945283e-11,5.929771863687672e-12,4,-2.4046411228328957e-06,0.1718841864494382,7.554899101643555e-06,0.0,0.0,nan,0,-0.07999644423292794,-2.8216472464584643e-15,-1.7440673620698374e-11,5.485551984792017e-16,2
8.135,4.0,1.944192485763874e-05,8.447219094140985e-07,19.620000000002406,6.766027090673068e-11,6.897071448187807e-12,4,-2.186045209250781e-06,-0.00680831896080616,-2.505511072294898e-07,9.80999998973314,2.912167435892793e-11,5.937140548298844e-12,4,-2.404641210047853e-06,0.17188422422392613,7.554896216911516e-06,0.0,0.0,nan,0,-0.07999644423284072,7.563795173034904e-16,-1.7442169757246358e-11,-6.7425014488391264e-15,2
8.14,4.0,1.9446148467693302e-05,8.447221027512302e-07,19.62000000000178,6.756144791672842e-11,6.886997748901354e-12,4,-2.186045209243842e-06,-0.006808320213561826,-2.505511565018385e-07,9.809999989732246,2.903962179118811e-11,5.920412196041341e-12,4,-2.4046412972072995e-06,0.17188426199839968,7.5548933322523136e-06,0.0,0.0,nan,0,-0.0799964442327536,7.467455656557637e-15,-1.7441556470047558e-11,-6.971150351502223e-16,2
8.145,4.0,1.945037207871466e-05,8.447222961204781e-07,19.620000000004694,6.75585459818981e-11,6.8867019349522866e-12,4,-2.1860452092299643e-06,-0.006808321466317737,-2.505512058199047e-07,9.809999989735335,2.9042985187484058e-11,5.92109790374579e-12,4,-2.4046413844638903e-06,0.17188429977285874,7.554890447595389e-06,0.0,0.0,nan,0,-0.07999644423266636,1.2426572020893096e-15,-1.74422798913704e-11,-7.316708797175256e-15,2
8.15,4.0,1.9454595690702698e-05,8.447224894669806e-07,19.61999999999745,6.763133095790278e-11,6.894121402437469e-12,4,-2.1860452092299643e-06,-0.006808322719073896,-2.5055125503939897e-07,9.809999989730981,2.9087016215669776e-11,5.9300746679139244e-12,4,-2.404641471734359e-06,0.1718843375473034,7.554887562831778e-06,0.0,0.0,nan,0,-0.0799964442325791,-6.517801740040534e-15,-1.746133975616795e-11,-1.980532851616903e-15,2
8.155,4.0,1.945881930365754e-05,8.447226827915013e-07,19.620000000000022,6.75083083602781e-11,6.8815808726073425e-12,4,-2.1860452092611893e-06,-0.0068083239718303,-2.505513043891867e-07,9.80999998973244,2.9000070994293803e-11,5.912348832751581e-12,4,-2.4046415589909498e-06,0.17188437532173367,7.5548846780072735e-06,0.0,0.0,nan,0,-0.07999644423249183,-7.060034665267458e-15,-1.7462569883279236e-11,-4.331541128563133e-15,2
8.16,4.0,1.946304291757882e-05,8.447228760710625e-07,19.619999999999052,6.753507128629142e-11,6.884308999622292e-12,4,-2.1860452092646587e-06,-0.006808325224586953,-2.505513536992522e-07,9.809999989731454,2.8961910615441747e-11,5.904568938992338e-12,4,-2.4046416462544795e-06,0.17188441309614946,7.554881793445581e-06,0.0,0.0,nan,0,-0.07999644423240457,1.0610247152606384e-15,-1.7446512061540268e-11,-3.24396665364033e-15,2
8.165000000000001,4.0,1.9467266532466794e-05,8.447230694584326e-07,19.6199999999944,6.769774994705786e-11,6.900891941598082e-12,4,-2.1860452092646587e-06,-0.00680832647734385,-2.5055140296000796e-07,9.809999989726677,2.912923001006741e-11,5.938680946090195e-12,4,-2.404641733469437e-06,0.17188445087055085,7.554878908419904e-06,0.0,0.0,nan,0,-0.07999644423231737,-4.488785982295745e-16,-1.7446143911585306e-11,4.202134168325365e-16,2
8.17,4.0,1.9471490148321857e-05,8.447232628820421e-07,19.619999999999955,6.758374174846452e-11,6.889270310750732e-12,4,-2.1860452092646587e-06,-0.006808327730100996,-2.5055145227959324e-07,9.809999989731065,2.902673872511939e-11,5.917785679001849e-12,4,-2.404641820719089e-06,0.17188448864493783,7.554876023706142e-06,0.0,0.0,nan,0,-0.07999644423223012,-4.932875192145809e-16,-1.743914062474597e-11,-4.936834721588769e-15,2
8.175,4.0,1.9475713765143987e-05,8.447234562837579e-07,19.620000000002605,6.75474368609401e-11,6.885569506720808e-12,4,-2.1860452092646587e-06,-0.006808328982858386,-2.505515015239872e-07,9.809999989733079,2.9037441493454378e-11,5.919967690895881e-12,4,-2.4046419079271075e-06,0.17188452641931037,7.5548731386861755e-06,0.0,0.0,nan,0,-0.07999644423214294,2.788087652367532e-15,-1.7438053494360254e-11,6.53861381623343e-17,2
8.18,4.0,1.947993738293279e-05,8.447236495853474e-07,19.619999999998527,6.761717207284888e-11,6.892678091014675e-12,4,-2.186045209250781e-06,-0.006808330235616024,-2.5055155076341204e-07,9.80999998973118,2.908853340813627e-11,5.930383983401691e-12,4,-2.4046419950934927e-06,0.17188456419366846,7.5548702539045845e-06,0.0,0.0,nan,0,-0.07999644423205579,6.777785113660494e-15,-1.743599469678338e-11,-5.9391440682203635e-15,2
8.185,4.0,1.9484161001688183e-05,8.447238429385738e-07,19.620000000007366,6.752863182233665e-11,6.883652581275361e-12,4,-2.186045209236903e-06,-0.0068083314883739055,-2.505516001021933e-07,9.809999989737559,2.8981926470273032e-11,5.908649643341818e-12,4,-2.404642082336206e-06,0.1718846019680122,7.554867368979757e-06,0.0,0.0,nan,0,-0.07999644423196858,-4.302268514158729e-16,-1.7450712701376228e-11,3.1540836330791735e-16,2
8.19,4.0,1.9488384621410385e-05,8.447240362727151e-07,19.61999999999777,6.759901029819094e-11,6.890826737838799e-12,4,-2.186045209236903e-06,-0.006808332741132036,-2.505516493667545e-07,9.809999989730604,2.9053912956535978e-11,5.923325787349738e-12,4,-2.404642169565041e-06,0.17188463974234147,7.554864484115918e-06,0.0,0.0,nan,0,-0.07999644423188135,-1.7189737384007544e-15,-1.7449606919243702e-11,-7.2647503596228e-15,2
8.195,4.0,1.9492608242099322e-05,8.447242296372189e-07,19.619999999999504,6.763866679478383e-11,6.894869194167741e-12,4,-2.1860452092542504e-06,-0.006808333993890412,-2.505516986580832e-07,9.809999989731518,2.9091914691384003e-11,5.931073337785029e-12,4,-2.4046422568355097e-06,0.17188467751665631,7.554861599193642e-06,0.0,0.0,nan,0,-0.07999644423179408,-6.9596705038413444e-15,-1.7449424398578457e-11,3.265105935541712e-16,2
8.2,4.0,1.9496831863755022e-05,8.447244229560061e-07,19.62000000000015,6.752237501717176e-11,6.883014782586263e-12,4,-2.186045209268128e-06,-0.006808335246649036,-2.5055174801128043e-07,9.809999989730729,2.9031402461700743e-11,5.9187364917617325e-12,4,-2.404642344071284e-06,0.17188471529095672,7.554858714283913e-06,0.0,0.0,nan,0,-0.07999644423170685,1.3505708800828768e-15,-1.7433242675949936e-11,-7.194140175256639e-15,2
8.205,4.0,1.950105548637737e-05,8.447246163366083e-07,19.619999999998658,6.76197579410668e-11,6.892941686143877e-12,4,-2.186045209268128e-06,-0.006808336499407904,-2.505517972584247e-07,9.8099999897308,2.907382200811106e-11,5.927384717338595e-12,4,-2.4046424312931802e-06,0.17188475306524273,7.5548558292644895e-06,0.0,0.0,nan,0,-0.07999644423161964,-2.943355532017548e-16,-1.7446872661978652e-11,-1.9920791710730046e-15,2
8.21,4.0,1.950527910996661e-05,8.447248096923301e-07,19.620000000003397,6.759886447416061e-11,6.8908118730019275e-12,4,-2.186045209268128e-06,-0.00680833775216702,-2.5055184655319404e-07,9.809999989734969,2.907762504162988e-11,5.928160055465088e-12,4,-2.404642518542832e-06,0.1718847908395143,7.554852944135053e-06,0.0,0.0,nan,0,-0.0799964442315324,-3.076582294972566e-16,-1.744496796335761e-11,-6.935236165914052e-15,2
8.215,4.0,1.950950273452274e-05,8.447250030889823e-07,19.61999999999878,6.752973887513056e-11,6.883765430696713e-12,4,-2.186045209268128e-06,-0.006808339004926381,-2.5055189579570293e-07,9.809999989729656,2.9009443047882578e-11,5.914259547044509e-12,4,-2.4046426057786063e-06,0.17188482861377147,7.5548500592175186e-06,0.0,0.0,nan,0,-0.07999644423144517,1.893247894519654e-15,-1.7445088755622688e-11,-4.0166818787794406e-15,2
8.22,4.0,1.9513726360045707e-05,8.447251964333995e-07,19.619999999999088,6.762396862018145e-11,6.893370909295066e-12,4,-2.186045209268128e-06,-0.006808340257685989,-2.505519450599685e-07,9.809999989729397,2.9079035335113743e-11,5.928447577076067e-12,4,-2.404642692972747e-06,0.1718848663880142,7.554847174067104e-06,0.0,0.0,nan,0,-0.07999644423135799,6.0947759089110966e-15,-1.7440392068139313e-11,-6.318339213022624e-16,2
8.225,4.0,1.9517949986535485e-05,8.447253898125387e-07,19.62000000000281,6.758174808317644e-11,6.889067082891616e-12,4,-2.1860452092473115e-06,-0.0068083415104458435,-2.5055199434043176e-07,9.809999989734193,2.9063492822503673e-11,5.925278869096342e-12,4,-2.404642780236277e-06,0.17188490416224247,7.554844288941913e-06,0.0,0.0,nan,0,-0.07999644423127075,-9.595811895571492e-16,-1.7447979332289595e-11,-5.244588544014863e-15,2
8.23,4.0,1.9522173613991944e-05,8.447255831085865e-07,19.61999999999409,6.772335363957053e-11,6.9035019000602385e-12,4,-2.1860452092473115e-06,-0.006808342763205945,-2.5055204360652385e-07,9.809999989726856,2.918927759986497e-11,5.950923064308321e-12,4,-2.404642867402662e-06,0.17188494193645634,7.554841403946505e-06,0.0,0.0,nan,0,-0.07999644423118363,4.031537439947704e-15,-1.7438478043644854e-11,9.4601504129501e-16,2
8.235,4.0,1.9526397242415187e-05,8.44725776519156e-07,19.61999999999665,6.762808347567396e-11,6.893790364493935e-12,4,-2.1860452092473115e-06,-0.006808344015966293,-2.505520929029813e-07,9.809999989729924,2.908696562416003e-11,5.930064353641414e-12,4,-2.404642954666192e-06,0.1718849797106558,7.5548385187941106e-06,0.0,0.0,nan,0,-0.07999644423109636,-4.610882672944364e-15,-1.7459117089672635e-11,-6.43030673431453e-15,2
8.24,4.0,1.9530620871805307e-05,8.447259698443243e-07,19.620000000003042,6.751809843940694e-11,6.8825788419364395e-12,4,-2.186045209268128e-06,-0.006808345268726887,-2.5055214225399195e-07,9.809999989734601,2.897472975192335e-11,5.907182422475666e-12,4,-2.4046430419297216e-06,0.1718850174848408,7.554835633709504e-06,0.0,0.0,nan,0,-0.0799964442310091,-6.70698374343666e-15,-1.7453902594170576e-11,9.988616572671674e-16,2
8.245000000000001,4.0,1.9534844502161912e-05,8.447261631268554e-07,19.619999999997432,6.760803450889306e-11,6.891746636993058e-12,4,-2.186045209275067e-06,-0.006808346521487729,-2.505521915462093e-07,9.80999998972861,2.907634157321568e-11,5.927898390144661e-12,4,-2.404643129151618e-06,0.1718850552590114,7.554832748592086e-06,0.0,0.0,nan,0,-0.07999644423092186,1.6942959285068246e-15,-1.7435896108978783e-11,-6.4964760265821885e-15,2
8.25,4.0,1.9539068133485247e-05,8.447263565422497e-07,19.619999999998047,6.763903638427476e-11,6.894906868937971e-12,4,-2.186045209275067e-06,-0.006808347774248815,-2.5055224082978847e-07,9.809999989729558,2.9104819880912506e-11,5.9337043652157775e-12,4,-2.4046432163596365e-06,0.1718850930331676,7.554829863329615e-06,0.0,0.0,nan,0,-0.07999644423083468,9.837531927467246e-16,-1.744432136946806e-11,-3.1786284993826644e-16,2
8.255,4.0,1.954329176577562e-05,8.447265499279136e-07,19.61999999999959,6.755498842375075e-11,6.886339288863625e-12,4,-2.186045209275067e-06,-0.00680834902701015,-2.505522901064279e-07,9.809999989730905,2.9025097876151827e-11,5.917451153218198e-12,4,-2.4046433035954107e-06,0.17188513080730933,7.554826978111696e-06,0.0,0.0,nan,0,-0.07999644423074746,1.7213853703076786e-15,-1.7443859960779023e-11,-6.86373780312819e-15,2
8.26,4.0,1.9547515399032752e-05,8.447267432619728e-07,19.619999999998818,6.7652467866672e-11,6.896276031261578e-12,4,-2.186045209275067e-06,-0.0068083502797717296,-2.505523393719437e-07,9.809999989729096,2.9099570667683588e-11,5.932634189225351e-12,4,-2.404643390817307e-06,0.17188516858143665,7.55482409283389e-06,0.0,0.0,nan,0,-0.07999644423066024,5.6267058817291305e-15,-1.7445319682011805e-11,-2.0231654157625076e-15,2
8.265,4.0,1.9551739033256605e-05,8.447269366189275e-07,19.619999999989734,6.760832322863668e-11,6.891776068162289e-12,4,-2.186045209250781e-06,-0.006808351532533557,-2.505523886036828e-07,9.809999989725377,2.9022648971267337e-11,5.916951886170146e-12,4,-2.40464347806002e-06,0.17188520635554952,7.554821207601337e-06,0.0,0.0,nan,0,-0.07999644423057303,-1.3757206212468176e-16,-1.7457171978933493e-11,-6.7282905941239205e-15,2
8.27,4.0,1.955596266844739e-05,8.447271299578624e-07,19.619999999970297,6.7676609809011e-11,6.898736983599741e-12,4,-2.186045209250781e-06,-0.006808352785295628,-2.5055243793082624e-07,9.809999989710128,2.918388731905966e-11,5.9498241283733174e-12,4,-2.4046435652957943e-06,0.171885244129648,7.554818322370741e-06,0.0,0.0,nan,0,-0.07999644423048581,1.553519648984357e-15,-1.7446972137961653e-11,-3.437589549134957e-15,2
8.275,4.0,1.9560186304604877e-05,8.447273233597109e-07,19.620000000001355,6.763029992757322e-11,6.8940163025044396e-12,4,-2.1860452092785365e-06,-0.006808354038057948,-2.505524872192408e-07,9.809999989731349,2.908781383679732e-11,5.930237281803281e-12,4,-2.404643652559324e-06,0.17188528190373203,7.554815436998086e-06,0.0,0.0,nan,0,-0.07999644423039853,-6.673232963488055e-15,-1.745961091687399e-11,-1.2970795576576545e-15,2
8.28,4.0,1.9564409941729086e-05,8.447275166381967e-07,19.619999999997134,6.759091166616384e-11,6.890001189212407e-12,4,-2.186045209282006e-06,-0.006808355290820513,-2.505525365203412e-07,9.809999989729773,2.905057636574207e-11,5.922645544578089e-12,4,-2.4046437397742815e-06,0.17188531967780166,7.554812551860286e-06,0.0,0.0,nan,0,-0.07999644423031133,-5.003929465721859e-16,-1.7445221982385638e-11,-4.973250036796473e-15,2
8.285,4.0,1.956863357981988e-05,8.447277100351591e-07,19.619999999999884,6.761007926689405e-11,6.8919550730779255e-12,4,-2.186045209282006e-06,-0.006808356543583327,-2.505525858043383e-07,9.809999989732031,2.9055760315546546e-11,5.923702415078235e-12,4,-2.404643827037811e-06,0.17188535745185682,7.554809666410605e-06,0.0,0.0,nan,0,-0.07999644423022409,-5.1384606542462404e-15,-1.7453835536699887e-11,7.124241169138802e-16,2
8.290000000000001,4.0,1.9572857218877724e-05,8.447279034229084e-07,19.620000000022095,6.75114554728623e-11,6.8819016791831054e-12,4,-2.186045209288945e-06,-0.006808357796346384,-2.505526351638832e-07,9.80999998974586,2.8945581085556528e-11,5.9012397789628126e-12,4,-2.404643914301341e-06,0.17188539522589757,7.554806781080109e-06,0.0,0.0,nan,0,-0.07999644423013681,-1.8384337358504235e-15,-1.743553239991592e-11,-5.816131357091891e-15,2
8.295,4.0,1.9577080858902215e-05,8.447280967447839e-07,19.61999999999889,6.764118734778495e-11,6.8951261312730665e-12,4,-2.186045209288945e-06,-0.006808359049109689,-2.50552684351981e-07,9.809999989729612,2.9089489697781814e-11,5.9305789456139634e-12,4,-2.4046440014538484e-06,0.17188543299992393,7.554803895621386e-06,0.0,0.0,nan,0,-0.07999644423004967,4.761176011731357e-15,-1.7437208392593894e-11,-8.716420946212918e-16,2
8.3,4.0,1.9581304499893542e-05,8.4472829012436e-07,19.619999999998292,6.753135592893532e-11,6.88393026798585e-12,4,-2.186045209282006e-06,-0.00680836030187324,-2.505527336643409e-07,9.809999989730589,2.8983895952675698e-11,5.909051168810793e-12,4,-2.404644088647989e-06,0.17188547077393582,7.554801010221899e-06,0.0,0.0,nan,0,-0.0799964442299625,6.804874555461345e-15,-1.74445935961537e-11,-7.546747007877584e-15,2
8.305,4.0,1.958552814185176e-05,8.447284834804011e-07,19.61999999997582,6.763255758202854e-11,6.894246440582251e-12,4,-2.1860452092611893e-06,-0.0068083615546370374,-2.5055278288061887e-07,9.809999989715081,2.912289826548395e-11,5.9373900705436776e-12,4,-2.4046441758837633e-06,0.17188550854793327,7.554798124818472e-06,0.0,0.0,nan,0,-0.07999644422987531,2.3044745028408086e-15,-1.7453001537163796e-11,2.808264453493279e-17,2
8.31,4.0,1.9589751784776736e-05,8.447286768125478e-07,19.62000000000424,6.763773196960739e-11,6.894773901079793e-12,4,-2.1860452092611893e-06,-0.006808362807401081,-2.5055283227730025e-07,9.809999989734218,2.910818729979394e-11,5.934390893018252e-12,4,-2.404644263161171e-06,0.17188554632191633,7.554795239511655e-06,0.0,0.0,nan,0,-0.07999644422978805,2.959950176579501e-15,-1.744310545321148e-11,-7.483686340078877e-15,2
8.315,4.0,1.9593975428668285e-05,8.44728870178071e-07,19.620000000007707,6.755028166189439e-11,6.885859496622616e-12,4,-2.1860452092611893e-06,-0.006808364060165372,-2.5055288153480056e-07,9.80999998974087,2.8967881174919925e-11,5.905786178433036e-12,4,-2.4046443504247006e-06,0.17188558409588497,7.5547923539714415e-06,0.0,0.0,nan,0,-0.07999644422970079,-4.665061556546074e-15,-1.7456536487274192e-11,-8.929583766940986e-16,2
8.32,4.0,1.9598199073526623e-05,8.447290635116493e-07,19.620000000015942,6.75777817928549e-11,6.888662771946991e-12,4,-2.186045209288945e-06,-0.006808365312929909,-2.5055293089616013e-07,9.809999989742375,2.903966750295371e-11,5.920421515457379e-12,4,-2.4046444376882303e-06,0.17188562186983916,7.55478946851596e-06,0.0,0.0,nan,0,-0.07999644422961352,-1.0772648301674184e-15,-1.7448630367071235e-11,-6.837980628956888e-15,2
8.325,4.0,1.9602422719351642e-05,8.447292568683504e-07,19.620000000000267,6.760673517458941e-11,6.891614187012079e-12,4,-2.186045209288945e-06,-0.006808366565694692,-2.505529801252965e-07,9.809999989732663,2.903039315771978e-11,5.918530721325903e-12,4,-2.4046445249240045e-06,0.17188565964377892,7.5547865830070535e-06,0.0,0.0,nan,0,-0.07999644422952629,-1.9405742541159397e-15,-1.744722038382996e-11,-3.198669554235625e-15,2
8.33,4.0,1.960664636614364e-05,8.447294502550372e-07,19.62000000000095,6.763458502988123e-11,6.894453112118039e-12,4,-2.186045209288945e-06,-0.006808367818459722,-2.505530294144697e-07,9.809999989732576,2.9092146050036854e-11,5.931120505705508e-12,4,-2.404644612145901e-06,0.17188569741770426,7.5547836973083705e-06,0.0,0.0,nan,0,-0.07999644422943908,-5.066962291460382e-15,-1.7443256887632047e-11,-6.744664854478694e-16,2
8.335,4.0,1.961087001390251e-05,8.447296436476689e-07,19.620000000002083,6.766258725094032e-11,6.897307568902461e-12,4,-2.186045209288945e-06,-0.006808369071224997,-2.5055307862019056e-07,9.809999989733592,2.9112218466550685e-11,5.9352127414918126e-12,4,-2.404644699381675e-06,0.17188573519161518,7.55478081174811e-06,0.0,0.0,nan,0,-0.07999644422935184,-5.694460344978521e-15,-1.7449588711586093e-11,-5.205508693548059e-15,2
8.34,4.0,1.9615093662628388e-05,8.447298369989618e-07,19.62000000000002,6.757996495948902e-11,6.888885316971351e-12,4,-2.186045209288945e-06,-0.00680837032399052,-2.5055312792721456e-07,9.809999989730773,2.9079479024104732e-11,5.9285380335464795e-12,4,-2.4046447866035714e-06,0.17188577296551166,7.554777926178613e-06,0.0,0.0,nan,0,-0.07999644422926466,-4.432802899794491e-15,-1.7444136628356756e-11,7.772611415519835e-16,2
8.345,4.0,1.9619317312320824e-05,8.447300303135462e-07,19.61999999999963,6.75551274121392e-11,6.886353456895052e-12,4,-2.186045209288945e-06,-0.006808371576756289,-2.505531772263084e-07,9.809999989729752,2.9020695876653475e-11,5.916553701740206e-12,4,-2.404644873797712e-06,0.1718858107393937,7.5547750405983705e-06,0.0,0.0,nan,0,-0.07999644422917745,-4.342514963647097e-17,-1.744516380669914e-11,-6.12432926872784e-15,2
8.35,4.0,1.9623540962979895e-05,8.447302236527263e-07,19.619999999999198,6.754325290774318e-11,6.885143007925172e-12,4,-2.186045209288945e-06,-0.006808372829522305,-2.5055322654592505e-07,9.809999989729299,2.899067675550708e-11,5.910433595486081e-12,4,-2.4046449609640974e-06,0.17188584851326133,7.554772155114416e-06,0.0,0.0,nan,0,-0.0799964442290903,6.831075818842498e-15,-1.7444571835782417e-11,3.247342367147702e-16,2
8.355,4.0,1.9627764614605796e-05,8.447304170573398e-07,19.619999999997837,6.768406736672261e-11,6.8994971831529125e-12,4,-2.186045209268128e-06,-0.0068083740822885664,-2.5055327580023247e-07,9.809999989730043,2.9147154691693226e-11,5.942335315434656e-12,4,-2.404645048241505e-06,0.17188588628711454,7.554769269410013e-06,0.0,0.0,nan,0,-0.07999644422900307,-6.016452864179999e-16,-1.7454046479074574e-11,-7.361117718160265e-15,2
8.36,4.0,1.9631988267198676e-05,8.447306104181117e-07,19.619999999998708,6.758352416604501e-11,6.889248131095766e-12,4,-2.186045209282006e-06,-0.006808375335055076,-2.5055332508938153e-07,9.809999989730013,2.9062981896864404e-11,5.925174704850181e-12,4,-2.4046451355189125e-06,0.17188592406095332,7.554766383634636e-06,0.0,0.0,nan,0,-0.0799964442289158,-6.911264779967691e-15,-1.746146010434382e-11,1.2045320018373947e-16,2
8.365,4.0,1.9636211920758197e-05,8.447308037132811e-07,19.620000000000957,6.757008483199235e-11,6.887878168398476e-12,4,-2.1860452092958838e-06,-0.00680837658782183,-2.505533744454449e-07,9.809999989732436,2.905827348335796e-11,5.9242147836435444e-12,4,-2.4046452227685644e-06,0.17188596183477767,7.55476349815898e-06,0.0,0.0,nan,0,-0.07999644422882854,8.438650916439535e-16,-1.7441699910862328e-11,-7.282958017226653e-15,2
8.370000000000001,4.0,1.964043557528432e-05,8.447309970991132e-07,19.62000000000428,6.752001821352166e-11,6.8827745375644175e-12,4,-2.1860452092958838e-06,-0.006808377840588833,-2.5055342372572555e-07,9.80999998973666,2.8947301064187965e-11,5.901590437201423e-12,4,-2.404645310032094e-06,0.17188599960858758,7.554760612430279e-06,0.0,0.0,nan,0,-0.07999644422874128,-2.8291967630259143e-15,-1.7445987592183436e-11,-2.804762425098622e-15,2
8.375,4.0,1.9644659230777236e-05,8.447311904480748e-07,19.61999999999969,6.768296784635481e-11,6.899385101565329e-12,4,-2.1860452092958838e-06,-0.00680837909335608,-2.50553472987713e-07,9.809999989731054,2.9135872752089484e-11,5.9400352258080394e-12,4,-2.404645397281746e-06,0.17188603738238303,7.554757726617567e-06,0.0,0.0,nan,0,-0.07999644422865407,-4.962157237935766e-15,-1.7442311421704298e-11,-6.794459886391581e-15,2
8.38,4.0,1.9648882887237066e-05,8.447313838091729e-07,19.619999999999663,6.766622949311312e-11,6.897678847412261e-12,4,-2.1860452092958838e-06,-0.006808380346123575,-2.5055352227677304e-07,9.809999989730697,2.91146970489801e-11,5.9357180590128325e-12,4,-2.404645484462009e-06,0.17188607515616414,7.554754840894176e-06,0.0,0.0,nan,0,-0.07999644422856689,-4.0708701937666915e-15,-1.7443416315658407e-11,-3.2865992177859368e-15,2
8.385,4.0,1.9653106544663815e-05,8.447315772133041e-07,19.61999999999687,6.759161791852937e-11,6.890073182318057e-12,4,-2.1860452092958838e-06,-0.006808381598891315,-2.505535715004025e-07,9.809999989727496,2.904699942001251e-11,5.921916299781644e-12,4,-2.4046455716700277e-06,0.17188611292993075,7.554751955011254e-06,0.0,0.0,nan,0,-0.07999644422847971,-4.879584486963867e-16,-1.744955496080617e-11,-6.805118027427982e-15,2
8.39,4.0,1.9657330203057536e-05,8.447317705821093e-07,19.62000000000142,6.764017357693337e-11,6.89502279071646e-12,4,-2.1860452092958838e-06,-0.006808382851659302,-2.5055362077207506e-07,9.809999989731356,2.908612197130565e-11,5.929892355097172e-12,4,-2.4046456588641685e-06,0.17188615070368296,7.554749069140427e-06,0.0,0.0,nan,0,-0.0799964442283925,4.763396457780604e-15,-1.7442589865638878e-11,-4.306672132811529e-15,2
8.395,4.0,1.966155386241794e-05,8.44731963938255e-07,19.620000000002467,6.755342641602983e-11,6.886180062795243e-12,4,-2.1860452092785365e-06,-0.006808384104427535,-2.505536700373361e-07,9.809999989734195,2.8993785893184774e-11,5.911067466569971e-12,4,-2.404645746086065e-06,0.1718861884774207,7.55474618325364e-06,0.0,0.0,nan,0,-0.07999644422830532,-8.472544615252793e-17,-1.7455038130280183e-11,-2.5711715007174836e-15,2
8.4,4.0,1.9665777522745144e-05,8.447321572539709e-07,19.61999999999714,6.754313626438662e-11,6.88513111767548e-12,4,-2.1860452092785365e-06,-0.006808385357196014,-2.505537193545175e-07,9.809999989730434,2.899079904922264e-11,5.910458527945273e-12,4,-2.40464583337735e-06,0.17188622625114405,7.554743297629953e-06,0.0,0.0,nan,0,-0.07999644422821803,-3.4713497604691063e-15,-1.744927562869316e-11,-5.7841569339826876e-15,2
8.405,4.0,1.9670001184038917e-05,8.447323505947303e-07,19.619999999998726,6.758398857024427e-11,6.8892954709733594e-12,4,-2.186045209299353e-06,-0.006808386609964741,-2.5055376866780764e-07,9.809999989730343,2.9057289797091553e-11,5.9240142359858e-12,4,-2.404645920647819e-06,0.17188626402485296,7.5547404117686155e-06,0.0,0.0,nan,0,-0.07999644422813076,-6.849980469008382e-15,-1.7453892380118762e-11,2.1859691556061015e-16,2
8.41,4.0,1.967422484629935e-05,8.447325439182617e-07,19.619999999998306,6.755553658358288e-11,6.886395166522804e-12,4,-2.186045209306292e-06,-0.006808387862733713,-2.5055381796275825e-07,9.809999989730459,2.8988409491286267e-11,5.909971360169748e-12,4,-2.404646007876654e-06,0.17188630179854747,7.554737525954794e-06,0.0,0.0,nan,0,-0.07999644422804353,4.139867365090926e-16,-1.744790961028366e-11,-7.202133781033936e-15,2
8.415000000000001,4.0,1.967844850952658e-05,8.447327373030895e-07,19.619999999997784,6.763913115066389e-11,6.8949165291204406e-12,4,-2.186045209306292e-06,-0.0068083891155029325,-2.5055386725505986e-07,9.809999989729262,2.9073453310514744e-11,5.927309549633775e-12,4,-2.404646095119367e-06,0.17188633957222751,7.554734639979988e-06,0.0,0.0,nan,0,-0.07999644422795632,-2.0054112787540484e-15,-1.7446425020055132e-11,-8.427192555713221e-17,2
8.42,4.0,1.968267217372066e-05,8.447329306249211e-07,19.61999999999798,6.757665251862745e-11,6.888547657353151e-12,4,-2.186045209306292e-06,-0.006808390368272399,-2.50553916624024e-07,9.80999998972911,2.9066388627374527e-11,5.925869247259225e-12,4,-2.4046461823551413e-06,0.17188637734589313,7.554731754124418e-06,0.0,0.0,nan,0,-0.07999644422786908,-2.155069342473519e-15,-1.744216220772978e-11,-7.554740613654886e-15,2
8.425,4.0,1.968689583888139e-05,8.447331240080518e-07,19.619999999999838,6.763482786497627e-11,6.894477865950747e-12,4,-2.186045209306292e-06,-0.006808391621042111,-2.505539658667802e-07,9.809999989730628,2.90844545986334e-11,5.929552421830742e-12,4,-2.4046462695700987e-06,0.17188641511954433,7.554728868041817e-06,0.0,0.0,nan,0,-0.07999644422778188,-2.9344737478205617e-16,-1.7443611714910723e-11,-1.7873540453321237e-15,2
8.43,4.0,1.969111950500913e-05,8.447333174121611e-07,19.62000000000071,6.769832923476109e-11,6.900950992330136e-12,4,-2.186045209306292e-06,-0.00680839287381207,-2.5055401512026887e-07,9.80999998973087,2.914727013279234e-11,5.9423588508264575e-12,4,-2.404646356729545e-06,0.1718864528931811,7.554725982073974e-06,0.0,0.0,nan,0,-0.07999644422769475,4.677687240279544e-15,-1.7444058912745044e-11,-7.112871849854075e-15,2
8.435,4.0,1.9695343172103758e-05,8.4473351076619e-07,19.619999999988405,6.76557750902159e-11,6.8966131590474905e-12,4,-2.186045209282006e-06,-0.0068083941265822765,-2.5055406432275555e-07,9.809999989724814,2.9114431606115064e-11,5.93566394222428e-12,4,-2.4046464439306248e-06,0.17188649066680342,7.5547230960099516e-06,0.0,0.0,nan,0,-0.07999644422760757,1.2590885028537627e-15,-1.7452243476882578e-11,-2.5840500878031374e-15,2
8.44,4.0,1.9699566840165344e-05,8.447337041579024e-07,19.61999999999844,6.757554932141529e-11,6.888435200960312e-12,4,-2.186045209282006e-06,-0.006808395379352726,-2.505541136531077e-07,9.809999989731784,2.905218225794235e-11,5.922972943598681e-12,4,-2.40464653122191e-06,0.1718865284404113,7.554720209940414e-06,0.0,0.0,nan,0,-0.07999644422752031,7.972357246096975e-16,-1.7447600524193595e-11,-6.9143639730510985e-15,2
8.445,4.0,1.9703790509193618e-05,8.44733897485701e-07,19.619999999997717,6.75500932622864e-11,6.885840291773115e-12,4,-2.186045209288945e-06,-0.006808396632123425,-2.5055416291922613e-07,9.80999998972985,2.8993304221311206e-11,5.910969266394389e-12,4,-2.4046466185131954e-06,0.1718865662140048,7.554717323979359e-06,0.0,0.0,nan,0,-0.07999644422743302,-7.536098298226727e-15,-1.7450300586589477e-11,-3.201334089494725e-15,2
8.45,4.0,1.9708014179188526e-05,8.447340908284082e-07,19.620000000013654,6.753744083148683e-11,6.884550543469911e-12,4,-2.1860452093097615e-06,-0.006808397884894369,-2.505542123121574e-07,9.80999998973995,2.9025738617114455e-11,5.917581783378552e-12,4,-2.4046467057628473e-06,0.17188660398758385,7.554714438003644e-06,0.0,0.0,nan,0,-0.07999644422734575,-1.470727870094571e-15,-1.743872140453185e-11,-7.190143372367987e-15,2
8.455,4.0,1.971223785015006e-05,8.447342841617851e-07,19.620000000000438,6.766825661941263e-11,6.8978854861785035e-12,4,-2.1860452093097615e-06,-0.00680839913766556,-2.505542615449289e-07,9.809999989732399,2.912780541955244e-11,5.938390509691938e-12,4,-2.404646792970866e-06,0.17188664176114848,7.554711551930166e-06,0.0,0.0,nan,0,-0.07999644422725855,-3.4140900944586154e-16,-1.7448074811469714e-11,-4.121486932304054e-15,2
8.46,4.0,1.9716461522078535e-05,8.447344775411156e-07,19.61999999999935,6.751314325558888e-11,6.88207372635995e-12,4,-2.1860452093097615e-06,-0.006808400390436996,-2.505543108577935e-07,9.809999989730384,2.8969326624831423e-11,5.906080867514376e-12,4,-2.4046468802482734e-06,0.17188667953469866,7.554708665769372e-06,0.0,0.0,nan,0,-0.07999644422717131,-1.6878874937112513e-15,-1.7443984305757777e-11,-6.118499068590094e-16,2
8.465,4.0,1.972068519497367e-05,8.447346708723604e-07,19.620000000002754,6.759735441289358e-11,6.890657942190019e-12,4,-2.1860452093097615e-06,-0.006808401643208682,-2.5055436014086636e-07,9.80999998973342,2.9028357919717874e-11,5.918115790030026e-12,4,-2.404646967456292e-06,0.1718867173082344,7.554705779729457e-06,0.0,0.0,nan,0,-0.0799964442270841,-2.938914639919051e-16,-1.744534188647229e-11,-6.103012986655033e-15,2
8.47,4.0,1.9724908868835697e-05,8.447348642585854e-07,19.619999999996764,6.766097476001949e-11,6.897143196741146e-12,4,-2.1860452093097615e-06,-0.006808402895980611,-2.5055440939860056e-07,9.809999989726968,2.915539176029281e-11,5.944014636253687e-12,4,-2.404647054636555e-06,0.1718867550817557,7.554702893476439e-06,0.0,0.0,nan,0,-0.07999644422699695,3.5363779709648846e-15,-1.7445289039856324e-11,2.8076940493961737e-16,2
8.475,4.0,1.972913254366465e-05,8.447350576217341e-07,19.62000000000078,6.763462045176571e-11,6.894456722911623e-12,4,-2.1860452092958838e-06,-0.0068084041487527875,-2.505544586910237e-07,9.80999998973106,2.9082972750576962e-11,5.929250312134663e-12,4,-2.4046471418584514e-06,0.1718867928552626,7.554700007381774e-06,0.0,0.0,nan,0,-0.07999644422690974,6.873264293778255e-15,-1.7439231663033966e-11,-6.577744351984751e-15,2
8.48,4.0,1.973335621946035e-05,8.447352509740581e-07,19.62000000000437,6.75282630463058e-11,6.883614989428212e-12,4,-2.1860452092958838e-06,-0.00680840540152521,-2.505545080006097e-07,9.809999989733706,2.8990628630830526e-11,5.910423784132436e-12,4,-2.4046472290803478e-06,0.17188683062875507,7.554697121137014e-06,0.0,0.0,nan,0,-0.07999644422682253,4.56710902702688e-15,-1.7438770698434145e-11,5.294593624556531e-16,2
8.485,4.0,1.9737579896222686e-05,8.447354443206637e-07,19.619999999998466,6.764030287618294e-11,6.8950359710691365e-12,4,-2.1860452092958838e-06,-0.00680840665429788,-2.505545572729226e-07,9.809999989730981,2.9101573236451696e-11,5.933042460125374e-12,4,-2.4046473163299997e-06,0.1718868684022331,7.554694234963285e-06,0.0,0.0,nan,0,-0.0799964442267353,-7.553001530261214e-16,-1.7447425553044917e-11,-6.975204194800556e-15,2
8.49,4.0,1.974180357395196e-05,8.447356377171104e-07,19.620000000000854,6.771297113747927e-11,6.902443541027149e-12,4,-2.186045209306292e-06,-0.006808407907070794,-2.505546065157059e-07,9.809999989731724,2.917215334544284e-11,5.947431880933288e-12,4,-2.4046474036074073e-06,0.17188690617569669,7.554691348649786e-06,0.0,0.0,nan,0,-0.07999644422664803,-7.215465888714982e-15,-1.7454813865229197e-11,-7.45076669814026e-16,2
8.495000000000001,4.0,1.97460272526481e-05,8.447358310687547e-07,19.620000000012194,6.757590200076724e-11,6.888471151959759e-12,4,-2.18604520932017e-06,-0.006808409159843956,-2.505546558953791e-07,9.8099999897393,2.9085015509551656e-11,5.929666776752889e-12,4,-2.404647490863998e-06,0.1718869439491459,7.5546884624571425e-06,0.0,0.0,nan,0,-0.07999644422656077,-1.9619183782489244e-16,-1.7438541992491073e-11,-7.423290207539267e-15,2
8.5,4.0,1.975025093231086e-05,8.44736024399641e-07,19.61999999999972,6.748812786927123e-11,6.8795237379482365e-12,4,-2.18604520932017e-06,-0.006808410412617365,-2.5055470514413917e-07,9.809999989731166,2.8975705921770146e-11,5.907381437737229e-12,4,-2.4046475780789556e-06,0.1718869817225806,7.554685576282904e-06,0.0,0.0,nan,0,-0.07999644422647356,1.2115709573998065e-15,-1.744550708765836e-11,-1.2069294480580881e-15,2
8.505,4.0,1.9754474612940285e-05,8.447362177306394e-07,19.62000000000196,6.756677314388733e-11,6.887540585512802e-12,4,-2.18604520932017e-06,-0.0068084116653910195,-2.505547544510739e-07,9.809999989732434,2.903928989775115e-11,5.920344531731888e-12,4,-2.4046476653216686e-06,0.1718870194960009,7.554682689880294e-06,0.0,0.0,nan,0,-0.07999644422638635,1.8048741417594905e-15,-1.7445043902612492e-11,-6.68432576234876e-15,2
8.51,4.0,1.975869829453663e-05,8.44736411149172e-07,19.620000000004833,6.754106070861187e-11,6.8849195421605745e-12,4,-2.18604520932017e-06,-0.0068084129181649215,-2.505548037252526e-07,9.809999989735209,2.8970137986633595e-11,5.906246282761832e-12,4,-2.404647752536626e-06,0.17188705726940678,7.5546798036023086e-06,0.0,0.0,nan,0,-0.07999644422629915,4.224272157022632e-15,-1.7438766257542042e-11,-3.815065377507506e-15,2
8.515,4.0,1.9762921977099956e-05,8.447366045282405e-07,19.61999999999984,6.756985099122395e-11,6.887854331419419e-12,4,-2.186045209299353e-06,-0.006808414170939068,-2.50554852976885e-07,9.809999989731189,2.904527763754493e-11,5.921565273791773e-12,4,-2.4046478397515836e-06,0.1718870950427982,7.554676917090996e-06,0.0,0.0,nan,0,-0.07999644422621197,6.98117797177182e-15,-1.7444237880696603e-11,-6.797955559660641e-16,2
8.52,4.0,1.976714566063018e-05,8.44736797897045e-07,19.620000000003905,6.757630395849171e-11,6.88851212624651e-12,4,-2.186045209299353e-06,-0.006808415423713463,-2.505549022591727e-07,9.809999989733807,2.9035695237261505e-11,5.919611675361354e-12,4,-2.4046479270151133e-06,0.17188713281617518,7.554674030738731e-06,0.0,0.0,nan,0,-0.0799964442261247,2.262286027905056e-15,-1.744483251614859e-11,-6.126549714777083e-15,2
8.525,4.0,1.97713693451271e-05,8.447369912260578e-07,19.61999999999788,6.762125830426095e-11,6.893094628365776e-12,4,-2.1860452093028226e-06,-0.006808416676488102,-2.505549515125837e-07,9.809999989731221,2.9096895763242303e-11,5.932088846829757e-12,4,-2.4046480142439486e-06,0.17188717058953779,7.554671144296126e-06,0.0,0.0,nan,0,-0.0799964442260375,-7.19814640953083e-15,-1.7451344640321826e-11,-8.014759994649828e-16,2
8.53,4.0,1.9775593030590725e-05,8.447371845510963e-07,19.619999999997308,6.759775137153198e-11,6.890698406884939e-12,4,-2.1860452093271088e-06,-0.00680841792926299,-2.5055500083894845e-07,9.809999989728919,2.909093348260495e-11,5.9308732952218534e-12,4,-2.404648101465845e-06,0.17188720836288596,7.554668258042364e-06,0.0,0.0,nan,0,-0.07999644422595026,5.338908231686112e-16,-1.744382088092855e-11,-6.989415049515756e-15,2
8.535,4.0,1.9779816717021034e-05,8.44737377909945e-07,19.620000000000378,6.760471577363275e-11,6.891408335742247e-12,4,-2.1860452093271088e-06,-0.006808419182038123,-2.5055505012166896e-07,9.809999989732678,2.9039229308760865e-11,5.920332179236258e-12,4,-2.4046481887363136e-06,0.17188724613621967,7.554665371517522e-06,0.0,0.0,nan,0,-0.07999644422586301,-4.302684761308421e-15,-1.7444428394967624e-11,3.296762584328583e-17,2
8.540000000000001,4.0,1.9784040404418207e-05,8.447375712414056e-07,19.61999999999497,6.759420291251854e-11,6.8903366883318925e-12,4,-2.1860452093271088e-06,-0.006808420434813504,-2.5055509943989973e-07,9.809999989724863,2.9066058072282605e-11,5.925801855805671e-12,4,-2.404648275951271e-06,0.17188728390953895,7.554662485193687e-06,0.0,0.0,nan,0,-0.07999644422577581,2.2587333142262534e-15,-1.7435059444907417e-11,-7.791884251714817e-15,2
8.545,4.0,1.978826409278198e-05,8.447377646096911e-07,19.62000000000104,6.759488168038505e-11,6.890405879753463e-12,4,-2.1860452093271088e-06,-0.006808421687589129,-2.5055514875163725e-07,9.809999989731681,2.9081883205753344e-11,5.929028182710279e-12,4,-2.4046483631731674e-06,0.17188732168284382,7.554659598632913e-06,0.0,0.0,nan,0,-0.0799964442256886,2.1095193397166326e-15,-1.7444089554900503e-11,-3.9291392640292196e-16,2
8.55,4.0,1.9792487782112617e-05,8.447379579738302e-07,19.620000000001944,6.759756331106499e-11,6.890679236601253e-12,4,-2.1860452093271088e-06,-0.006808422940365004,-2.5055519802138916e-07,9.809999989732589,2.903170604605776e-11,5.918798384595949e-12,4,-2.404648450395064e-06,0.17188735945613423,7.554656712210604e-06,0.0,0.0,nan,0,-0.0799964442256014,4.235818476478734e-15,-1.744409932486312e-11,-7.430839724106715e-15,2
8.555,4.0,1.979671147241022e-05,8.447381513947152e-07,19.61999999999926,6.755121000845363e-11,6.885954129302363e-12,4,-2.1860452093167004e-06,-0.006808424193141122,-2.5055524726483836e-07,9.80999998973008,2.899278221332396e-11,5.910862842747401e-12,4,-2.40464853761696e-06,0.1718873972294102,7.554653825578684e-06,0.0,0.0,nan,0,-0.07999644422551419,6.789331433116595e-15,-1.7443763149331272e-11,-2.2287787199230826e-15,2
8.56,4.0,1.980093516367487e-05,8.447383447850307e-07,19.620000000002758,6.760496889183477e-11,6.891434137800741e-12,4,-2.1860452093028226e-06,-0.006808425445917488,-2.50555296530222e-07,9.809999989733067,2.9075660325228967e-11,5.927759501663389e-12,4,-2.4046486248943677e-06,0.17188743500267176,7.554650939046337e-06,0.0,0.0,nan,0,-0.07999644422542695,-5.550159193837395e-16,-1.7445409832121393e-11,-7.159501216888328e-15,2
8.565,4.0,1.9805158855906156e-05,8.447385381052813e-07,19.620000000003504,6.756486645739273e-11,6.887346223993951e-12,4,-2.1860452093028226e-06,-0.006808426698694099,-2.505553457960549e-07,9.809999989736195,2.9000932264748026e-11,5.912524423056173e-12,4,-2.4046487121023863e-06,0.17188747277591887,7.554648052513008e-06,0.0,0.0,nan,0,-0.07999644422533975,-3.53352224984811e-15,-1.7456395266905457e-11,-2.587158712272084e-15,2
8.57,4.0,1.9809382549104156e-05,8.447387314260666e-07,19.620000000006804,6.759696151463662e-11,6.890617891397878e-12,4,-2.1860452093340477e-06,-0.006808427951470958,-2.505553951495756e-07,9.809999989737724,2.90984480029665e-11,5.9324053075242585e-12,4,-2.404648799365916e-06,0.17188751054915155,7.554645165921616e-06,0.0,0.0,nan,0,-0.07999644422525248,-7.0253957068991536e-15,-1.7462119132731216e-11,-6.901929475175294e-15,2
8.575000000000001,4.0,1.9813606243268702e-05,8.447389247404116e-07,19.619999999997223,6.765791782363947e-11,6.896831582431096e-12,4,-2.1860452093340477e-06,-0.006808429204248063,-2.50555444389556e-07,9.809999989729649,2.9112059804373857e-11,5.93518039446525e-12,4,-2.4046488865808735e-06,0.1718875483223698,7.554642279429845e-06,0.0,0.0,nan,0,-0.07999644422516528,-6.944599312766604e-16,-1.7445557269739064e-11,-3.776873705460403e-15,2
8.58,4.0,1.9817829938400133e-05,8.447391181528859e-07,19.620000000001887,6.762234852453556e-11,6.893205761929568e-12,4,-2.1860452093340477e-06,-0.0068084304570254165,-2.505554937130891e-07,9.809999989733686,2.9049379571004553e-11,5.922401549725824e-12,4,-2.40464897386522e-06,0.1718875860955736,7.554639392674808e-06,0.0,0.0,nan,0,-0.07999644422507801,-5.261917454584555e-15,-1.74492694114442e-11,-1.657235906846054e-15,2
8.585,4.0,1.9822053634498407e-05,8.447393114956998e-07,19.620000000001472,6.759816446080719e-11,6.890740515881969e-12,4,-2.1860452093340477e-06,-0.0068084317098030134,-2.505555430052288e-07,9.809999989732678,2.902940622204119e-11,5.918329511197531e-12,4,-2.404649061100994e-06,0.171887623868763,7.55463650605552e-06,0.0,0.0,nan,0,-0.07999644422499078,-6.595961440974143e-15,-1.7444328474895415e-11,-5.905393288271753e-15,2
8.59,4.0,1.982627733156341e-05,8.447395048297643e-07,19.620000000000715,6.757554346640174e-11,6.888434604118173e-12,4,-2.1860452093340477e-06,-0.0068084329625808584,-2.505555923235539e-07,9.809999989731654,2.902727897397722e-11,5.917895821480269e-12,4,-2.4046491483159516e-06,0.17188766164193792,7.554633619395004e-06,0.0,0.0,nan,0,-0.07999644422490357,-5.638949193747259e-15,-1.7444711723883505e-11,1.7241163773620253e-16,2
8.595,4.0,1.9830501029595272e-05,8.44739698230649e-07,19.620000000001763,6.763438275501696e-11,6.894432492865534e-12,4,-2.1860452093340477e-06,-0.006808434215358949,-2.505556415743832e-07,9.809999989731901,2.908648831302751e-11,5.9299670425019886e-12,4,-2.4046492355170312e-06,0.17188769941509843,7.554630732740059e-06,0.0,0.0,nan,0,-0.07999644422481639,-2.429960563370706e-15,-1.7444195248132446e-11,-6.7491627869868745e-15,2
8.6,4.0,1.983472472859404e-05,8.447398916122028e-07,19.620000000000978,6.758562449565269e-11,6.889462231972408e-12,4,-2.1860452093340477e-06,-0.006808435468137287,-2.5055569083394446e-07,9.80999998973027,2.904689875010803e-11,5.921895775844274e-12,4,-2.404649322711172e-06,0.1718877371882445,7.55462784590312e-06,0.0,0.0,nan,0,-0.07999644422472921,3.4613268945002242e-15,-1.744451943325564e-11,-7.094924926163334e-17,2
8.605,4.0,1.9838948428559608e-05,8.447400849497654e-07,19.619999999990235,6.757880569950387e-11,6.888767145722477e-12,4,-2.186045209313231e-06,-0.00680843672091587,-2.505557400627656e-07,9.809999989724957,2.9026612875764854e-11,5.917760021644745e-12,4,-2.4046494099330684e-06,0.17188777496137617,7.554624959094755e-06,0.0,0.0,nan,0,-0.07999644422464203,4.543988546054519e-16,-1.7456167449140798e-11,-7.35312411238296e-15,2
8.61,4.0,1.9843172129492015e-05,8.447402783137406e-07,19.619999999995933,6.763412360712038e-11,6.894406076160489e-12,4,-2.186045209313231e-06,-0.006808437973694699,-2.5055578940310193e-07,9.809999989728961,2.912471511023464e-11,5.937760477212665e-12,4,-2.4046494972243537e-06,0.17188781273449338,7.5546220723353e-06,0.0,0.0,nan,0,-0.07999644422455474,-6.128779592211877e-15,-1.746270577457743e-11,-8.596516859553434e-16,2
8.615,4.0,1.9847395831391063e-05,8.447404716561633e-07,19.62000000001422,6.74641553216641e-11,6.877080053171785e-12,4,-2.1860452093479255e-06,-0.006808439226473777,-2.505558388119756e-07,9.80999998974144,2.8929994261101826e-11,5.898062036973422e-12,4,-2.4046495844809446e-06,0.1718878505075962,7.554619185744314e-06,0.0,0.0,nan,0,-0.07999644422446747,3.1584302113223063e-16,-1.7450777094311645e-11,-7.163942108986831e-15,2
8.620000000000001,4.0,1.985161953425671e-05,8.447406649787353e-07,19.619999999997557,6.76154900401744e-11,6.892506629988054e-12,4,-2.1860452093479255e-06,-0.0068084404792531,-2.505558880317983e-07,9.809999989729372,2.908344456074772e-11,5.929346501773043e-12,4,-2.4046496717375354e-06,0.17188788828068455,7.554616298876439e-06,0.0,0.0,nan,0,-0.07999644422438022,-4.582044716364284e-16,-1.744371341133977e-11,-1.6634531557839546e-15,2
8.625,4.0,1.9855843238089284e-05,8.447408583808562e-07,19.62000000000048,6.755546552557616e-11,6.88638792309628e-12,4,-2.1860452093479255e-06,-0.006808441732032669,-2.5055593731223066e-07,9.809999989731988,2.9020871948690203e-11,5.916589598178595e-12,4,-2.4046497589663707e-06,0.17188792605375847,7.554613412109751e-06,0.0,0.0,nan,0,-0.07999644422429301,-2.9095769100087737e-15,-1.7444471027531775e-11,-6.88505408520099e-15,2
8.63,4.0,1.9860066942888864e-05,8.447410517770366e-07,19.620000000002186,6.753397427711704e-11,6.88419717401728e-12,4,-2.1860452093479255e-06,-0.006808442984812485,-2.505559866038103e-07,9.809999989733207,2.8994430860825767e-11,5.911198958444505e-12,4,-2.4046498462160226e-06,0.17188796382681798,7.5546105251996105e-06,0.0,0.0,nan,0,-0.07999644422420576,-3.1973467179916126e-15,-1.7447553894826556e-11,-2.508554922128623e-15,2
8.635,4.0,1.986429064865524e-05,8.447412451260194e-07,19.619999999999663,6.762000722497071e-11,6.8929670973467756e-12,4,-2.1860452093479255e-06,-0.0068084442375925475,-2.5055603582287393e-07,9.809999989730054,2.9083063617162546e-11,5.9292688374330646e-12,4,-2.4046499334032245e-06,0.17188800159986303,7.554607638291913e-06,0.0,0.0,nan,0,-0.07999644422411861,-6.007571079982961e-16,-1.744430760270255e-11,-2.5689510546682314e-15,2
8.64,4.0,1.9868514355388454e-05,8.44741438477867e-07,19.620000000002573,6.755860437395328e-11,6.886707887252234e-12,4,-2.1860452093479255e-06,-0.006808445490372855,-2.505560851234504e-07,9.809999989732221,2.9030623619625636e-11,5.9185777064242525e-12,4,-2.4046500205904264e-06,0.17188803937289365,7.554604751391806e-06,0.0,0.0,nan,0,-0.07999644422403143,4.444540405108266e-15,-1.7444281845528373e-11,-4.064199424233392e-15,2
8.645,4.0,1.987273806308829e-05,8.447416318013712e-07,19.619999999998228,6.760159521567443e-11,6.891090236053062e-12,4,-2.18604520932017e-06,-0.006808446743153411,-2.5055613442973305e-07,9.809999989729931,2.9058154264913553e-11,5.924190478151779e-12,4,-2.404650107791506e-06,0.17188807714590984,7.554601864461352e-06,0.0,0.0,nan,0,-0.07999644422394428,6.917229125553414e-15,-1.744451721280959e-11,3.4560642957772844e-16,2
8.65,4.0,1.9876961771754974e-05,8.447418251815835e-07,19.619999999998416,6.753637600567691e-11,6.884441998540506e-12,4,-2.18604520932017e-06,-0.006808447995934212,-2.5055618372820943e-07,9.809999989731079,2.9001818092701442e-11,5.9127050199918436e-12,4,-2.4046501950827914e-06,0.1718881149189116,7.554598977516347e-06,0.0,0.0,nan,0,-0.07999644422385699,-1.1509836390025236e-15,-1.745063054487239e-11,-4.6863684072333314e-15,2
8.655,4.0,1.9881185481388395e-05,8.447420185378317e-07,19.61999999999879,6.767923574629356e-11,6.8990046632311665e-12,4,-2.1860452093409866e-06,-0.006808449248715262,-2.5055623297636845e-07,9.809999989728517,2.9122669436352153e-11,5.9373434183169855e-12,4,-2.40465028235326e-06,0.17188815269189892,7.554596090497472e-06,0.0,0.0,nan,0,-0.07999644422376972,-7.028504331368102e-15,-1.74587280675248e-11,1.107663513680436e-15,2
8.66,4.0,1.9885409191988687e-05,8.447422118633061e-07,19.620000000001227,6.745874130440037e-11,6.876528165585744e-12,4,-2.186045209351395e-06,-0.006808450501496555,-2.505562823711508e-07,9.80999998973228,2.8963689339459843e-11,5.904931573858295e-12,4,-2.4046503696237287e-06,0.1718881904648718,7.554593203697738e-06,0.0,0.0,nan,0,-0.07999644422368245,1.9487590457509115e-15,-1.7444378212886916e-11,-6.174511349440891e-15,2
8.665000000000001,4.0,1.98896329035556e-05,8.447424052707743e-07,19.61999999999788,6.764098605046315e-11,6.895105611668752e-12,4,-2.186045209351395e-06,-0.006808451754278097,-2.5055633154463146e-07,9.809999989729423,2.906221716067811e-11,5.925018795332271e-12,4,-2.4046504568733806e-06,0.17188822823783026,7.554590316535201e-06,0.0,0.0,nan,0,-0.07999644422359523,-1.222037912578536e-15,-1.7447785265304888e-11,-7.153226927540714e-16,2
8.67,4.0,1.989385661608958e-05,8.447425986400465e-07,19.619999999997795,6.769622541991106e-11,6.900736536179273e-12,4,-2.186045209351395e-06,-0.006808453007059882,-2.5055638081874124e-07,9.809999989728828,2.91440565659459e-11,5.9417036893904245e-12,4,-2.404650544095277e-06,0.17188826601077425,7.554587429478627e-06,0.0,0.0,nan,0,-0.07999644422350802,-1.895721243921081e-15,-1.74448733723559e-11,-7.562290130222337e-15,2
8.675,4.0,1.9898080329590485e-05,8.447427920477202e-07,19.619999999999308,6.756951309134938e-11,6.887819886987947e-12,4,-2.186045209351395e-06,-0.0068084542598419165,-2.5055643007901654e-07,9.80999998973017,2.8995219304780832e-11,5.9113597013527345e-12,4,-2.404650631289418e-06,0.17188830378370384,7.554584542398463e-06,0.0,0.0,nan,0,-0.07999644422342084,-5.168242473366364e-16,-1.744416638233382e-11,-1.8672901031051336e-15,2
8.68,4.0,1.990230404405824e-05,8.447429853908655e-07,19.62000000000582,6.757776787679365e-11,6.888661353391804e-12,4,-2.186045209351395e-06,-0.006808455512624195,-2.505564793906451e-07,9.809999989736218,2.906705329136375e-11,5.926004754694264e-12,4,-2.404650718511314e-06,0.171888341556619,7.5545816552449896e-06,0.0,0.0,nan,0,-0.07999644422333363,3.3978221374916654e-15,-1.744754590122078e-11,-6.850415126832689e-15,2
8.685,4.0,1.990652775949261e-05,8.447431786841774e-07,19.620000000000445,6.761363466911984e-11,6.8923174994004395e-12,4,-2.1860452093340477e-06,-0.0068084567654067224,-2.505565287093804e-07,9.809999989731516,2.9095562529266796e-11,5.93181703562124e-12,4,-2.404650805705455e-06,0.1718883793295197,7.554578768381384e-06,0.0,0.0,nan,0,-0.07999644422324645,6.574392255549163e-15,-1.7440943626937943e-11,-2.539197077608281e-15,2
8.69,4.0,1.991075147589356e-05,8.447433720122609e-07,19.620000000002037,6.761852264012176e-11,6.892815763518323e-12,4,-2.1860452093305782e-06,-0.006808458018189495,-2.5055657806464875e-07,9.809999989731804,2.9091047191862385e-11,5.9308964775356144e-12,4,-2.404650892955107e-06,0.17188841710240596,7.554575881290836e-06,0.0,0.0,nan,0,-0.07999644422315924,3.2517167874509945e-15,-1.7441607540306667e-11,-6.8104470979461815e-15,2
8.695,4.0,1.991497519326111e-05,8.447435653705663e-07,19.619999999995557,6.760144616657443e-11,6.891075042465824e-12,4,-2.1860452093305782e-06,-0.006808459270972515,-2.505566273471378e-07,9.80999998972837,2.9064038667160338e-11,5.925390152414281e-12,4,-2.4046509802325144e-06,0.17188845487527782,7.554572994213859e-06,0.0,0.0,nan,0,-0.07999644422307196,-4.007809525967979e-15,-1.745225679955887e-11,-3.946515783623128e-15,2
8.700000000000001,4.0,1.9919198911595633e-05,8.447437587804653e-07,19.61999999999956,6.758552529796244e-11,6.889452120077875e-12,4,-2.1860452093548643e-06,-0.006808460523755781,-2.505566766164901e-07,9.809999989730327,2.9030516615694495e-11,5.918555891148891e-12,4,-2.404651067496044e-06,0.17188849264813522,7.554570106937372e-06,0.0,0.0,nan,0,-0.07999644422298469,-6.679006123216106e-15,-1.7456306449063495e-11,-4.501183206725856e-15,2
8.705,4.0,1.9923422630897142e-05,8.447439521503472e-07,19.619999999998075,6.770400147635188e-11,6.9015292024830305e-12,4,-2.186045209358334e-06,-0.006808461776539293,-2.5055672583845104e-07,9.809999989729778,2.912816489170549e-11,5.9384637965749556e-12,4,-2.4046511547179406e-06,0.17188853042097818,7.554567219776745e-06,0.0,0.0,nan,0,-0.07999644422289748,1.3074942267274205e-15,-1.744815297117065e-11,-6.059048154879876e-15,2
8.71,4.0,1.9927646351165624e-05,8.447441455541665e-07,19.620000000002207,6.76191233861044e-11,6.892877001640856e-12,4,-2.186045209358334e-06,-0.006808463029323052,-2.505567751372083e-07,9.809999989733196,2.9086381754377727e-11,5.929945318005815e-12,4,-2.404651242009226e-06,0.1718885681938067,7.5545643324709065e-06,0.0,0.0,nan,0,-0.07999644422281021,-6.482746534522553e-16,-1.7446997451046618e-11,-2.015114769575492e-16,2
8.715,4.0,1.993187007240089e-05,8.447443388821943e-07,19.620000000001298,6.764631917367256e-11,6.895649253177175e-12,4,-2.186045209358334e-06,-0.006808464282107056,-2.5055682439102753e-07,9.809999989731924,2.9095533474149545e-11,5.9318111120496815e-12,4,-2.4046513292311222e-06,0.1718886059666208,7.554561445274747e-06,0.0,0.0,nan,0,-0.07999644422272298,-3.6494573756791513e-16,-1.744761340278068e-11,-7.182149766590684e-15,2
8.72,4.0,1.9936093794602822e-05,8.447445322232142e-07,19.620000000001003,6.760281287781945e-11,6.891214360633638e-12,4,-2.186045209358334e-06,-0.006808465534891308,-2.505568737071372e-07,9.809999989731025,2.9071092312070882e-11,5.926828204383712e-12,4,-2.404651416425263e-06,0.17188864373942042,7.554558557987109e-06,0.0,0.0,nan,0,-0.07999644422263583,2.8040748639221314e-15,-1.7443869730741642e-11,-5.2741591657777854e-17,2
8.725,4.0,1.994031751777151e-05,8.447447255910687e-07,19.619999999998925,6.756330557833644e-11,6.887187112980647e-12,4,-2.1860452093479255e-06,-0.006808466787675806,-2.505569230065479e-07,9.80999998973013,2.9056184801203004e-11,5.923788956497712e-12,4,-2.404651503598587e-06,0.17188868151220563,7.554555670852889e-06,0.0,0.0,nan,0,-0.07999644422254867,6.864382509581254e-15,-1.744214044735848e-11,-7.125306347729876e-15,2
8.73,4.0,1.9944541241907044e-05,8.447449189666751e-07,19.620000000003564,6.758692599668713e-11,6.889594902821086e-12,4,-2.186045209337517e-06,-0.0068084680404605505,-2.505569722827781e-07,9.809999989732999,2.9017547550001914e-11,5.915911841054282e-12,4,-2.404651590855178e-06,0.1718887192849764,7.554552783504106e-06,0.0,0.0,nan,0,-0.07999644422246144,8.798363176418105e-16,-1.745358240585027e-11,-1.9605488371736487e-15,2
8.735,4.0,1.994876496700936e-05,8.44745112282412e-07,19.619999999996047,6.768268758931379e-11,6.8993565330608995e-12,4,-2.186045209337517e-06,-0.00680846929324554,-2.505570215857766e-07,9.809999989728999,2.9159281496720825e-11,5.944807650815573e-12,4,-2.4046516781187077e-06,0.17188875705773274,7.554549896257949e-06,0.0,0.0,nan,0,-0.0799964442223742,-6.42973424994223e-17,-1.7447824345155356e-11,-7.041817576278067e-15,2
8.74,4.0,1.995298869307829e-05,8.447453056220238e-07,19.62000000000154,6.768210299701288e-11,6.899296941590986e-12,4,-2.1860452093479255e-06,-0.006808470546030779,-2.505570709189438e-07,9.80999998973255,2.913924127361603e-11,5.9407219784126524e-12,4,-2.4046517653961152e-06,0.1718887948304746,7.554547009026076e-06,0.0,0.0,nan,0,-0.07999644422228691,-7.21946269160363e-15,-1.7447730642332076e-11,-2.1257500232378728e-15,2
8.745000000000001,4.0,1.9957212420113975e-05,8.44745498990949e-07,19.62000000003032,6.74586292447052e-11,6.876516742568905e-12,4,-2.186045209368742e-06,-0.006808471798816262,-2.505571202788016e-07,9.80999998975083,2.888800256317055e-11,5.889501038399959e-12,4,-2.404651852659645e-06,0.17188883260320206,7.554544121678119e-06,0.0,0.0,nan,0,-0.07999644422219966,-4.1445890026017965e-15,-1.7441874882010993e-11,-6.524009557592893e-15,2
8.75,4.0,1.9961436148116444e-05,8.447456923717276e-07,19.61999999999727,6.76607610284499e-11,6.897121409628881e-12,4,-2.186045209368742e-06,-0.006808473051601994,-2.505571694497088e-07,9.809999989728817,2.910265702315493e-11,5.933263415621967e-12,4,-2.404651939839908e-06,0.1718888703759151,7.5545412342195125e-06,0.0,0.0,nan,0,-0.07999644422211248,1.4784685725196963e-15,-1.744742377668806e-11,-3.855477495603866e-15,2
8.755,4.0,1.996565987708608e-05,8.447458857932572e-07,19.619999999999127,6.762281062775427e-11,6.893252867253545e-12,4,-2.186045209368742e-06,-0.006808474304387969,-2.5055721872153444e-07,9.809999989730125,2.9074627968073768e-11,5.9275490312969136e-12,4,-2.4046520271103766e-06,0.17188890814861368,7.554538346676293e-06,0.0,0.0,nan,0,-0.07999644422202523,1.133855345676048e-15,-1.7444698845296418e-11,1.8884293850065277e-16,2
8.76,4.0,1.9969883607022638e-05,8.44746079156206e-07,19.620000000004772,6.755278163860756e-11,6.886114336247822e-12,4,-2.186045209368742e-06,-0.0068084755571741935,-2.5055726802590563e-07,9.809999989734967,2.9050925589112497e-11,5.922716742000191e-12,4,-2.4046521143461508e-06,0.17188894592129783,7.5545354593287846e-06,0.0,0.0,nan,0,-0.079996444221938,3.1917647441212385e-15,-1.7438848858135062e-11,-4.753425877920695e-15,2
8.765,4.0,1.9974107337925876e-05,8.447462724961567e-07,19.6199999999979,6.762471211248893e-11,6.8934466985215245e-12,4,-2.186045209358334e-06,-0.006808476809960662,-2.505573172724733e-07,9.809999989729814,2.9063634627535662e-11,5.925307779401156e-12,4,-2.4046522015472305e-06,0.17188898369396755,7.5545325717610624e-06,0.0,0.0,nan,0,-0.07999644422185084,6.936324961576966e-15,-1.7444273407833383e-11,7.02711194706846e-17,2
8.77,4.0,1.9978331069795924e-05,8.447464658739057e-07,19.620000000006275,6.753783915857167e-11,6.884591147660558e-12,4,-2.1860452093479255e-06,-0.006808478062747377,-2.505573665743917e-07,9.809999989736284,2.898776747089936e-11,5.909840469159597e-12,4,-2.4046522887830046e-06,0.17188902146662283,7.5545296843880825e-06,0.0,0.0,nan,0,-0.07999644422176362,-7.539957274567308e-17,-1.745288607396921e-11,-7.6204658167127e-15,2
8.775,4.0,1.998255480263275e-05,8.447466591990143e-07,19.61999999999484,6.759762741825108e-11,6.890685771485103e-12,4,-2.1860452093479255e-06,-0.00680847931553434,-2.505574157981495e-07,9.809999989728148,2.9029636457115958e-11,5.918376450053476e-12,4,-2.40465237601184e-06,0.17188905923926368,7.554526796809955e-06,0.0,0.0,nan,0,-0.0799964442216764,-3.1160783925890508e-15,-1.745248683776955e-11,-9.67121274739059e-16,2
8.78,4.0,1.9986778536436357e-05,8.44746852555344e-07,19.620000000008663,6.750516540556894e-11,6.881260489861278e-12,4,-2.1860452093722116e-06,-0.006808480568321549,-2.505574652233743e-07,9.809999989736081,2.9007577676597612e-11,5.9138792470840775e-12,4,-2.4046524632823085e-06,0.17188909701189012,7.554523909513758e-06,0.0,0.0,nan,0,-0.07999644422158914,-3.1520774606470575e-16,-1.744712312829298e-11,-6.903705832014697e-15,2
8.785,4.0,1.9991002271206503e-05,8.447470458678536e-07,19.620000000000317,6.758843037351949e-11,6.889748254181284e-12,4,-2.1860452093722116e-06,-0.006808481821109004,-2.505575144804816e-07,9.809999989732251,2.9017041888882342e-11,5.915808750102622e-12,4,-2.4046525505458383e-06,0.1718891347845021,7.5545210219453855e-06,0.0,0.0,nan,0,-0.07999644422150187,-3.2040080561393634e-15,-1.7444038928730576e-11,-2.9508677751392897e-15,2
8.790000000000001,4.0,1.999522600694346e-05,8.4474723925661e-07,19.62000000000076,6.766420478253098e-11,6.8974724548958566e-12,4,-2.186045209375681e-06,-0.006808483073896705,-2.50557563757702e-07,9.809999989731416,2.912683437080471e-11,5.938192538489933e-12,4,-2.404652637802429e-06,0.17188917255709962,7.554518134331981e-06,0.0,0.0,nan,0,-0.07999644422141464,-6.892613033153984e-15,-1.7444150839211452e-11,-7.429507456477173e-15,2
8.795,4.0,1.9999449743647417e-05,8.447474326353569e-07,19.61999999999653,6.761079214436333e-11,6.892027741526532e-12,4,-2.186045209375681e-06,-0.006808484326684653,-2.5055761303220765e-07,9.809999989727475,2.9043915590617768e-11,5.921287588385537e-12,4,-2.4046527249618754e-06,0.17188921032968268,7.554515246803581e-06,0.0,0.0,nan,0,-0.07999644422132748,2.976381477343957e-15,-1.7440954285078956e-11,-3.5796980962869805e-15,2
8.8,4.0,2.0003673481318204e-05,8.447476260069324e-07,19.620000000000438,6.764577456636091e-11,6.895593737651315e-12,4,-2.186045209375681e-06,-0.006808485579472847,-2.5055766231642443e-07,9.809999989731187,2.91078130669626e-11,5.934314596826051e-12,4,-2.4046528122115274e-06,0.17188924810225134,7.55451235916661e-06,0.0,0.0,nan,0,-0.07999644422124028,4.06129141700766e-15,-1.7444582493923433e-11,-6.992079584774863e-15,2
8.805,4.0,2.0007897219955856e-05,8.44747819385959e-07,19.61999999999693,6.764386606303732e-11,6.895399190932508e-12,4,-2.186045209368742e-06,-0.0068084868322612875,-2.5055771157657225e-07,9.809999989728924,2.910254284284384e-11,5.933240137270993e-12,4,-2.4046528994334238e-06,0.17188928587480554,7.5545094715396426e-06,0.0,0.0,nan,0,-0.07999644422115305,6.758689277636941e-15,-1.7444717052954018e-11,-4.7241159900705935e-15,2
8.81,4.0,2.0012120959560372e-05,8.447480127470051e-07,19.619999999999834,6.763969324702402e-11,6.894973827423505e-12,4,-2.186045209351395e-06,-0.006808488085049974,-2.5055776084279393e-07,9.809999989731214,2.908379966631405e-11,5.929418898421614e-12,4,-2.4046529866969535e-06,0.17188932364734533,7.554506583751763e-06,0.0,0.0,nan,0,-0.07999644422106583,-1.0448463178483593e-15,-1.7450110516407642e-11,3.4427416194817115e-16,2
8.815,4.0,2.0016344700131678e-05,8.447482060781559e-07,19.619999999987893,6.766529961376728e-11,6.897584058492257e-12,4,-2.186045209351395e-06,-0.006808489337838909,-2.505578101146034e-07,9.809999989722588,2.912166164431837e-11,5.937137956132023e-12,4,-2.40465307391885e-06,0.17188936141987066,7.554503696200097e-06,0.0,0.0,nan,0,-0.07999644422097862,4.9833584432045024e-17,-1.744846871859882e-11,-6.623041451389462e-15,2
8.82,4.0,2.0020568441669713e-05,8.447483994532999e-07,19.620000000001674,6.745959881961234e-11,6.876615577941548e-12,4,-2.1860452093652727e-06,-0.0068084905906280885,-2.505578594808188e-07,9.809999989732422,2.8929063255071975e-11,5.897872229429237e-12,4,-2.4046531611962574e-06,0.17188939919238158,7.5545008084963425e-06,0.0,0.0,nan,0,-0.07999644422089136,-7.500571161438719e-15,-1.745711735596065e-11,-2.0417601221665544e-16,2
8.825000000000001,4.0,2.002479218417445e-05,8.447485927629119e-07,19.6199999999996,6.764658373905847e-11,6.895676222126386e-12,4,-2.18604520938262e-06,-0.006808491843417515,-2.505579087844751e-07,9.80999998973034,2.911067342468255e-11,5.934897748248163e-12,4,-2.4046532484181538e-06,0.17188943696487802,7.554497920930782e-06,0.0,0.0,nan,0,-0.07999644422080412,1.27951660650687e-15,-1.7437938031165647e-11,-7.0604693230917725e-15,2
8.83,4.0,2.0029015927645956e-05,8.447487861790428e-07,19.62000000000191,6.756397249830486e-11,6.887255096666492e-12,4,-2.18604520938262e-06,-0.006808493096207188,-2.5055795806135075e-07,9.809999989733546,2.903894816708325e-11,5.920274861870207e-12,4,-2.404653335660867e-06,0.17188947473736005,7.554495033112245e-06,0.0,0.0,nan,0,-0.07999644422071689,-2.786564198880303e-15,-1.7444701065742453e-11,-9.937666273300673e-16,2
8.835,4.0,2.0033239672084414e-05,8.447489795518426e-07,19.6200000000025,6.761192913320173e-11,6.892143642527331e-12,4,-2.18604520938262e-06,-0.006808494348997108,-2.5055800732776365e-07,9.809999989733988,2.9055464029528118e-11,5.9236420101802664e-12,4,-2.4046534229452132e-06,0.17188951250982767,7.554492145406065e-06,0.0,0.0,nan,0,-0.07999644422062963,-5.479077078201233e-15,-1.744381599594722e-11,-7.224782330736296e-15,2
8.84,4.0,2.0037463417489676e-05,8.447491728755437e-07,19.62000000000014,6.759211631204762e-11,6.890123986956895e-12,4,-2.18604520938262e-06,-0.006808495601787272,-2.505580566341728e-07,9.80999998973094,2.908505038348192e-11,5.929673886631602e-12,4,-2.4046535101671096e-06,0.17188955028228078,7.554489257714379e-06,0.0,0.0,nan,0,-0.07999644422054242,-5.18331366444109e-15,-1.7443613491267524e-11,-1.166961419171592e-15,2
8.845,4.0,2.004168716386164e-05,8.447493662601392e-07,19.619999999999443,6.759123292785767e-11,6.890033937600366e-12,4,-2.18604520938262e-06,-0.006808496854577687,-2.505581058922059e-07,9.809999989729427,2.9068789709919936e-11,5.926358764598061e-12,4,-2.404653597375128e-06,0.1718895880547195,7.554486369715794e-06,0.0,0.0,nan,0,-0.07999644422045524,-2.3593503790045426e-15,-1.7444360449318492e-11,-6.8646259815478946e-15,2
8.85,4.0,2.0045910911200516e-05,8.447495596092823e-07,19.619999999999877,6.763204786119068e-11,6.894194481263109e-12,4,-2.18604520938262e-06,-0.006808498107368345,-2.505581551839401e-07,9.8099999897297,2.9084996980540347e-11,5.929662999182478e-12,4,-2.4046536845900857e-06,0.17188962582714376,7.554483482029949e-06,0.0,0.0,nan,0,-0.07999644422036803,2.748563712690878e-15,-1.7444558957195295e-11,-3.738682033413304e-15,2
8.855,4.0,2.0050134659506168e-05,8.447497529722423e-07,19.62000000000205,6.755973058662315e-11,6.886822689767185e-12,4,-2.1860452093618032e-06,-0.0068084993601592505,-2.505582044946342e-07,9.809999989732352,2.904110105942564e-11,5.9207137797801304e-12,4,-2.404653771805043e-06,0.1718896635995536,7.554480594165839e-06,0.0,0.0,nan,0,-0.07999644422028085,7.0309159632750336e-15,-1.744304106027603e-11,-4.652617627284735e-15,2
8.86,4.0,2.005435840877852e-05,8.447499463048937e-07,19.619999999996857,6.764715324842835e-11,6.895734276089622e-12,4,-2.1860452093618032e-06,-0.006808500612950402,-2.5055825375838497e-07,9.809999989729132,2.909302525279531e-11,5.931299751937841e-12,4,-2.4046538590963284e-06,0.17188970137194898,7.5544777064096595e-06,0.0,0.0,nan,0,-0.07999644422019356,-2.651561079085882e-15,-1.744865168335328e-11,-5.147777096267555e-15,2
8.865,4.0,2.0058582159017705e-05,8.447501396899054e-07,19.619999999999216,6.761721529116756e-11,6.892682496551505e-12,4,-2.1860452093860894e-06,-0.0068085018657418,-2.5055830306478905e-07,9.809999989729937,2.9059935357678495e-11,5.924553595943173e-12,4,-2.404653946359858e-06,0.17188973914432992,7.5544748183400145e-06,0.0,0.0,nan,0,-0.0799964442201063,-6.989868570111144e-15,-1.7451218963075424e-11,1.0979505914733487e-16,2
8.870000000000001,4.0,2.0062805910223774e-05,8.447503330639051e-07,19.619999999998825,6.761441314895842e-11,6.892396855143982e-12,4,-2.1860452093860894e-06,-0.006808503118533445,-2.5055835232119753e-07,9.809999989731075,2.9051100282700682e-11,5.922752357413014e-12,4,-2.4046540335817546e-06,0.17188977691669646,7.554471930500066e-06,0.0,0.0,nan,0,-0.07999644422001909,-8.823096670432338e-16,-1.7446553361836733e-11,-7.268747162511456e-15,2
8.875,4.0,2.0067029662396762e-05,8.44750526449358e-07,19.619999999999134,6.759925069556633e-11,6.8908512431773e-12,4,-2.1860452093860894e-06,-0.006808504371325337,-2.505584016192738e-07,9.809999989730237,2.9062529178608712e-11,5.925082407550114e-12,4,-2.4046541208175287e-06,0.17188981468904854,7.554469042601956e-06,0.0,0.0,nan,0,-0.07999644421993188,-4.065985212458332e-15,-1.744369742412819e-11,-5.923099816256139e-16,2
8.88,4.0,2.007125341553645e-05,8.447507197895217e-07,19.619999999999685,6.767216237452305e-11,6.898283626353123e-12,4,-2.1860452093860894e-06,-0.006808505624117474,-2.5055845089054093e-07,9.809999989730313,2.916620940234056e-11,5.9462200678641125e-12,4,-2.404654208039425e-06,0.17188985246138616,7.5544661546537156e-06,0.0,0.0,nan,0,-0.07999644421984467,-4.726789956715225e-15,-1.7443580184576793e-11,-6.889494977299501e-15,2
8.885,4.0,2.0075477169642978e-05,8.447509131757971e-07,19.620000000002975,6.757456312487192e-11,6.8883346712397224e-12,4,-2.1860452093860894e-06,-0.006808506876909859,-2.5055850018906347e-07,9.809999989733054,2.902582382380243e-11,5.917599154776813e-12,4,-2.404654295302955e-06,0.17188989023370935,7.554463266674403e-06,0.0,0.0,nan,0,-0.07999644421975743,-3.045912297432737e-15,-1.7446387272472254e-11,2.687789962736594e-16,2
8.89,4.0,2.0079700924716423e-05,8.447511065171961e-07,19.62000000000083,6.752317729980512e-11,6.883096564709711e-12,4,-2.1860452093860894e-06,-0.006808508129702489,-2.505585494764937e-07,9.809999989730821,2.895103454842036e-11,5.902351596070645e-12,4,-2.4046543824970956e-06,0.1718899280060181,7.554460378558786e-06,0.0,0.0,nan,0,-0.07999644421967025,7.41724573378447e-16,-1.74427914821401e-11,-7.515216673978239e-15,2
8.895,4.0,2.0083924680756617e-05,8.447512998959084e-07,19.62000000000066,6.76291230656067e-11,6.893896336962735e-12,4,-2.1860452093791505e-06,-0.006808509382495365,-2.505585987302697e-07,9.80999998973075,2.9063803164712145e-11,5.925342139681255e-12,4,-2.4046544696773586e-06,0.1718899657783124,7.554457490651318e-06,0.0,0.0,nan,0,-0.07999644421958307,7.28493499130927e-15,-1.7443091686445962e-11,-2.242101396218595e-15,2
8.9,4.0,2.008814843776367e-05,8.447514932430305e-07,19.62000000000333,6.76008569558438e-11,6.891014980207168e-12,4,-2.1860452093652727e-06,-0.006808510635288489,-2.505586480767572e-07,9.809999989734147,2.9055623546745005e-11,5.923674531529213e-12,4,-2.404654556954766e-06,0.17189000355059228,7.554454602591261e-06,0.0,0.0,nan,0,-0.07999644421949584,8.349833074469591e-16,-1.745046667595394e-11,-6.611495131933361e-15,2
8.905,4.0,2.0092372195737362e-05,8.447516865884563e-07,19.62000000000736,6.754558048685289e-11,6.885380273886601e-12,4,-2.186045209368742e-06,-0.006808511888081859,-2.505586973643657e-07,9.809999989740284,2.9004268173650205e-11,5.913204526806138e-12,4,-2.4046546442460515e-06,0.17189004132285773,7.554451714679627e-06,0.0,0.0,nan,0,-0.07999644421940855,-7.359794881916246e-15,-1.7456930838492516e-11,-4.5455921277108694e-15,2
8.91,4.0,2.00965959546779e-05,8.44751879979028e-07,19.620000000020994,6.75696492170257e-11,6.8878337631960655e-12,4,-2.1860452093964977e-06,-0.006808513140875476,-2.505587466699793e-07,9.809999989744515,2.9014158709164116e-11,5.9152209458707124e-12,4,-2.404654731509581e-06,0.17189007909510873,7.554448826422227e-06,0.0,0.0,nan,0,-0.07999644421932128,-2.494797588008809e-15,-1.7448925686395757e-11,-3.06544279128061e-15,2
8.915000000000001,4.0,2.0100819714585158e-05,8.447520733005425e-07,19.61999999999687,6.763692593059447e-11,6.8946917360453885e-12,4,-2.1860452093964977e-06,-0.0068085143936693375,-2.5055879588763866e-07,9.809999989728313,2.9087298735482757e-11,5.930132266246481e-12,4,-2.4046548187175998e-06,0.17189011686734526,7.5544459384145985e-06,0.0,0.0,nan,0,-0.07999644421923408,-3.2586588710110283e-16,-1.7450170912540178e-11,-5.867201616224656e-15,2
8.92,4.0,2.0105043475459328e-05,8.44752266664865e-07,19.61999999999839,6.766304766538824e-11,6.8973545020788774e-12,4,-2.1860452093964977e-06,-0.006808515646463447,-2.5055884522810987e-07,9.809999989729736,2.911667925772782e-11,5.936122179043953e-12,4,-2.4046549059741906e-06,0.17189015463956736,7.554443050254054e-06,0.0,0.0,nan,0,-0.07999644421914684,-2.182158784274365e-15,-1.7444219673038978e-11,7.634943760466287e-16,2
8.925,4.0,2.010926723730031e-05,8.44752460045756e-07,19.620000000001752,6.747785669092086e-11,6.878476726902633e-12,4,-2.1860452093964977e-06,-0.006808516899257802,-2.5055889452338097e-07,9.809999989731999,2.8951661576050773e-11,5.902479430449359e-12,4,-2.404654993182209e-06,0.17189019241177506,7.554440162215591e-06,0.0,0.0,nan,0,-0.07999644421905966,-1.7118683110431481e-15,-1.7444296500472277e-11,-7.351347755543566e-15,2
8.93,4.0,2.0113491000108168e-05,8.44752653439579e-07,19.619999999999276,6.764276173384404e-11,6.895286619148475e-12,4,-2.1860452093964977e-06,-0.006808518152052405,-2.505589437541814e-07,9.80999998972974,2.90991761376355e-11,5.932553754964309e-12,4,-2.404655080369411e-06,0.17189023018396826,7.554437273919872e-06,0.0,0.0,nan,0,-0.07999644421897248,1.4784685725197016e-15,-1.744462690284441e-11,-3.44064113319426e-16,2
8.935,4.0,2.0117714763882966e-05,8.447528468216782e-07,19.620000000004236,6.762148173207976e-11,6.893117403880241e-12,4,-2.186045209389559e-06,-0.006808519404847251,-2.5055899302179944e-07,9.80999998973453,2.9083706683030308e-11,5.9293999415829455e-12,4,-2.4046551675982464e-06,0.17189026795614706,7.554434385673134e-06,0.0,0.0,nan,0,-0.0799964442188853,7.079765776358542e-15,-1.7446922844059335e-11,-7.209683297601393e-15,2
8.94,4.0,2.0121938528624628e-05,8.447530401933173e-07,19.62000000000634,6.758760585363516e-11,6.889664205261297e-12,4,-2.1860452093791505e-06,-0.006808520657642346,-2.5055904233300926e-07,9.809999989735738,2.907199547834899e-11,5.927012336140101e-12,4,-2.404655254868715e-06,0.1718903057283114,7.554431497425161e-06,0.0,0.0,nan,0,-0.07999644421879804,7.439450194276992e-16,-1.744888882699134e-11,-5.669968966641553e-16,2
8.945,4.0,2.0126162294332938e-05,8.447532335020265e-07,19.619999999996924,6.764448800703061e-11,6.8954625899124586e-12,4,-2.1860452093791505e-06,-0.006808521910437687,-2.5055909157520507e-07,9.80999998972919,2.912978355162658e-11,5.9387937985983054e-12,4,-2.404655342104489e-06,0.17189034350046128,7.55442860924593e-06,0.0,0.0,nan,0,-0.07999644421871083,-1.9130685651653181e-16,-1.7452053850789944e-11,-7.639117563526401e-15,2
8.950000000000001,4.0,2.0130386061008044e-05,8.447534268654642e-07,19.619999999999287,6.754850003776337e-11,6.885677883564304e-12,4,-2.186045209389559e-06,-0.006808523163233275,-2.505591409088889e-07,9.809999989729587,2.9013249839246716e-11,5.9150356512990105e-12,4,-2.4046554293818967e-06,0.17189038127259676,7.554425721065052e-06,0.0,0.0,nan,0,-0.07999644421862354,-6.876625821599375e-15,-1.7458746275182385e-11,-2.1785966392100305e-15,2
8.955,4.0,2.0134609828649906e-05,8.447536201756496e-07,19.62000000000365,6.751552884731266e-11,6.8823169059429255e-12,4,-2.1860452094034366e-06,-0.006808524416029108,-2.505591903398011e-07,9.809999989733624,2.9035763267939243e-11,5.919625545020549e-12,4,-2.4046555166315486e-06,0.1718904190447178,7.5544228329014225e-06,0.0,0.0,nan,0,-0.0799964442185363,1.0916668707402986e-15,-1.7439044701476596e-11,-6.809558919526484e-15,2
8.96,4.0,2.01388335972583e-05,8.447538135746229e-07,19.620000000000836,6.758634180944177e-11,6.889535352644128e-12,4,-2.1860452094034366e-06,-0.00680852566882519,-2.505592395054622e-07,9.809999989731766,2.9018914758168446e-11,5.916190578703947e-12,4,-2.4046556038812006e-06,0.1718904568168244,7.554419944507654e-06,0.0,0.0,nan,0,-0.07999644421844906,8.49166320102068e-17,-1.744856508595736e-11,-4.4212471489528474e-15,2
8.965,4.0,2.0143057366833885e-05,8.447540069687333e-07,19.62000000000083,6.757105381542513e-11,6.8879769434681224e-12,4,-2.1860452094034366e-06,-0.006808526921621516,-2.5055928880798685e-07,9.809999989731448,2.9050570340628984e-11,5.922644316215591e-12,4,-2.4046556911308525e-06,0.17189049458891653,7.554417056042228e-06,0.0,0.0,nan,0,-0.07999644421836186,-3.2322919390209853e-17,-1.7445190007962493e-11,-6.424977663796334e-15,2
8.97,4.0,2.014728113737624e-05,8.44754200312784e-07,19.62000000000087,6.761386414071224e-11,6.8923408909999225e-12,4,-2.1860452094034366e-06,-0.00680852817441809,-2.505593380560835e-07,9.809999989730644,2.905456691848476e-11,5.923459112925548e-12,4,-2.404655778290299e-06,0.17189053236099422,7.55441416787641e-06,0.0,0.0,nan,0,-0.07999644421827468,2.1414937628258466e-15,-1.7440338333344877e-11,-5.061179700346791e-15,2
8.975,4.0,2.0151504908885403e-05,8.44754393694091e-07,19.62000000000463,6.75740746164932e-11,6.8882848742586396e-12,4,-2.1860452094034366e-06,-0.006808529427214908,-2.505593873799319e-07,9.809999989733678,2.90397066371667e-11,5.920429493895458e-12,4,-2.4046558655052563e-06,0.17189057013305745,7.554411279373835e-06,0.0,0.0,nan,0,-0.0799964442181875,6.564178203722619e-15,-1.744206228765752e-11,7.603857515776782e-16,2
8.98,4.0,2.0155728681361445e-05,8.447545870835791e-07,19.62000000000635,6.755883177652677e-11,6.886731067941377e-12,4,-2.1860452093860894e-06,-0.006808530680011974,-2.505594366125465e-07,9.809999989736301,2.9016253678535703e-11,5.915648054820371e-12,4,-2.4046559527410305e-06,0.17189060790510627,7.554408391008994e-06,0.0,0.0,nan,0,-0.07999644421810029,-1.460097571118273e-16,-1.745081262144841e-11,-6.559536694380905e-15,2
8.985,4.0,2.0159952454804277e-05,8.447547803927293e-07,19.61999999998409,6.766296447566113e-11,6.897346021989399e-12,4,-2.1860452093860894e-06,-0.006808531932809287,-2.505594858539733e-07,9.809999989716282,2.9177639357413663e-11,5.9485503339450095e-12,4,-2.404656039949049e-06,0.17189064567714063,7.554405502571426e-06,0.0,0.0,nan,0,-0.07999644421801311,4.571549919125388e-15,-1.744913662877044e-11,-5.585592016770074e-16,2
8.99,4.0,2.016417622921394e-05,8.447549737684817e-07,19.619999999996217,6.750687089139738e-11,6.8814343416320484e-12,4,-2.1860452093860894e-06,-0.006808533185606846,-2.50559535225384e-07,9.809999989728562,2.8983987454842835e-11,5.909069823688106e-12,4,-2.4046561272403344e-06,0.1718906834491606,7.554402614218332e-06,0.0,0.0,nan,0,-0.07999644421792584,-4.174342979661746e-15,-1.7463418093670006e-11,-7.506334889781239e-15,2
8.995000000000001,4.0,2.016840000459023e-05,8.447551670815631e-07,19.62000000000101,6.768860573631577e-11,6.89995981002164e-12,4,-2.186045209406906e-06,-0.006808534438404652,-2.50559584540192e-07,9.80999998973128,2.916210069270135e-11,5.94538241044385e-12,4,-2.404656214503864e-06,0.17189072122116608,7.554399725867753e-06,0.0,0.0,nan,0,-0.07999644421783855,-6.893501211573678e-15,-1.7465170469692076e-11,-2.8651585576382345e-15,2
9.0,4.0,2.017262378093322e-05,8.447553604363336e-07,19.6200000000023,6.76721216564356e-11,6.8982794756807e-12,4,-2.186045209413845e-06,-0.006808535691202704,-2.5055963385643785e-07,9.809999989732635,2.916044174940326e-11,5.9450441957030026e-12,4,-2.4046563017812717e-06,0.17189075899315712,7.554396837460277e-06,0.0,0.0,nan,0,-0.07999644421775129,2.2596214926459625e-15,-1.7443323056924294e-11,-6.992523673984717e-15,2
9.005,4.0,2.0176847558243178e-05,8.447555538739322e-07,19.619999999995933,6.760240399447104e-11,6.891172680375643e-12,4,-2.186045209413845e-06,-0.006808536944001003,-2.505596830698593e-07,9.809999989726885,2.905591687655027e-11,5.923734333736569e-12,4,-2.4046563889892902e-06,0.17189079676513372,7.554393948783438e-06,0.0,0.0,nan,0,-0.0799964442176641,1.726270351616036e-15,-1.7444280957349943e-11,-2.9761808601007494e-15,2
9.01,4.0,2.0181071336520237e-05,8.447557472694641e-07,19.620000000004346,6.753478396215086e-11,6.884279710717217e-12,4,-2.186045209413845e-06,-0.006808538196799547,-2.5055973236938474e-07,9.809999989734461,2.901627063008144e-11,5.915651510794111e-12,4,-2.40465647625282e-06,0.17189083453709586,7.554391060217675e-06,0.0,0.0,nan,0,-0.07999644421757685,2.656193157042067e-15,-1.743966642637039e-11,-6.796236243230988e-15,2
9.015,4.0,2.0185295115764146e-05,8.447559406364915e-07,19.620000000006456,6.757057867592534e-11,6.887928509266372e-12,4,-2.186045209413845e-06,-0.006808539449598339,-2.5055978162507854e-07,9.80999998973624,2.9036707255672137e-11,5.9198179991950924e-12,4,-2.4046565634608386e-06,0.1718908723090436,7.554388171665668e-06,0.0,0.0,nan,0,-0.07999644421748965,6.777785113660499e-15,-1.744008031751397e-11,-4.9683650554881306e-15,2
9.02,4.0,2.0189518895974717e-05,8.447561339425207e-07,19.619999999991958,6.769826472956976e-11,6.90094441688048e-12,4,-2.1860452093860894e-06,-0.006808540702397376,-2.5055983083823657e-07,9.809999989725517,2.9140394300336915e-11,5.9409570501237605e-12,4,-2.404656650668857e-06,0.17189091008097684,7.55438528307195e-06,0.0,0.0,nan,0,-0.07999644421740251,-9.831179176791963e-16,-1.7449883586821416e-11,-9.529104200238643e-16,2
9.025,4.0,2.0193742677152058e-05,8.447563272819867e-07,19.6199999999847,6.756159122336278e-11,6.88701235712696e-12,4,-2.1860452093860894e-06,-0.006808541955196661,-2.50559880194434e-07,9.809999989721268,2.9036983110027168e-11,5.919874238624173e-12,4,-2.4046567379046313e-06,0.17189094785289571,7.554382394689754e-06,0.0,0.0,nan,0,-0.07999644421731526,-2.9214294921262093e-17,-1.744888349792083e-11,-4.880879481147669e-15,2
9.03,4.0,2.0197966459295985e-05,8.447565206253107e-07,19.620000000000324,6.764387006268696e-11,6.8953995986427974e-12,4,-2.186045209413845e-06,-0.006808543207996191,-2.5055992956324705e-07,9.809999989731265,2.913831959808055e-11,5.940534073105287e-12,4,-2.404656825168161e-06,0.1718909856248001,7.554379506044307e-06,0.0,0.0,nan,0,-0.07999644421722801,-6.958338236211789e-15,-1.7457929151036262e-11,5.556606258368007e-16,2
9.035,4.0,2.0202190242406627e-05,8.447567139621256e-07,19.61999999999748,6.759263038082393e-11,6.890176389483447e-12,4,-2.1860452094173144e-06,-0.00680854446079597,-2.505599788422875e-07,9.80999998972927,2.9047065142953965e-11,5.921929698953157e-12,4,-2.404656912410874e-06,0.17189102339669005,7.554376617436389e-06,0.0,0.0,nan,0,-0.07999644421714076,-8.454502626256769e-16,-1.7446965032534275e-11,-7.119977277211681e-15,2
9.040000000000001,4.0,2.020641402648422e-05,8.447569073967053e-07,19.61999999999928,6.759488975592975e-11,6.890406702949259e-12,4,-2.1860452094173144e-06,-0.006808545713595992,-2.5056002813751425e-07,9.809999989730905,2.9047049970221174e-11,5.921926605632536e-12,4,-2.4046569997021594e-06,0.17189106116856553,7.55437372881617e-06,0.0,0.0,nan,0,-0.07999644421705349,-5.639837372166953e-15,-1.7444793436298108e-11,-2.761184642123677e-16,2
9.045,4.0,2.0210637811528972e-05,8.447571008396211e-07,19.62000000000798,6.753286204071317e-11,6.8840837961963e-12,4,-2.186045209420784e-06,-0.006808546966396263,-2.5056007738151455e-07,9.809999989734674,2.9010604932759873e-11,5.914496424692557e-12,4,-2.4046570869309947e-06,0.17189109894042662,7.554370839909242e-06,0.0,0.0,nan,0,-0.07999644421696628,-1.8153689389983225e-16,-1.7433988301733244e-11,-7.137740845605685e-15,2
9.05,4.0,2.0214861597540513e-05,8.447572941444923e-07,19.61999999999881,6.76266273283967e-11,6.8936419295005916e-12,4,-2.186045209420784e-06,-0.006808548219196778,-2.505601266179103e-07,9.809999989728755,2.9094392921031435e-11,5.931578583383034e-12,4,-2.4046571741112577e-06,0.1718911367122732,7.5543679513599e-06,0.0,0.0,nan,0,-0.07999644421687913,3.861451272575137e-15,-1.7447541904417866e-11,-2.3460182713235084e-15,2
9.055,4.0,2.021908538451887e-05,8.447574875054294e-07,19.62000000000257,6.75175833128831e-11,6.8825263315875905e-12,4,-2.186045209420784e-06,-0.006808549471997541,-2.5056017592484154e-07,9.809999989732379,2.896265878225997e-11,5.904721470453352e-12,4,-2.4046572613609096e-06,0.17189117448410537,7.554365062624304e-06,0.0,0.0,nan,0,-0.07999644421679189,6.64322608307593e-15,-1.7445104742834207e-11,-7.300721585620653e-15,2
9.06,4.0,2.0223309172463868e-05,8.447576808271955e-07,19.61999999998416,6.774170130704877e-11,6.9053722025589666e-12,4,-2.1860452093964977e-06,-0.00680855072479855,-2.505602251479826e-07,9.809999989720545,2.9189609112510495e-11,5.9509906509881685e-12,4,-2.4046573485966838e-06,0.1718912122559231,7.554362173807669e-06,0.0,0.0,nan,0,-0.07999644421670468,7.408363949587468e-16,-1.7450775762043994e-11,-3.2515161702077827e-15,2
9.065,4.0,2.022753296137579e-05,8.447578742293149e-07,19.62000000000441,6.75289574758372e-11,6.8836857773518874e-12,4,-2.1860452093964977e-06,-0.006808551977599806,-2.5056027456560845e-07,9.809999989733381,2.9018420802749975e-11,5.91608987423427e-12,4,-2.4046574358532746e-06,0.1718912500277264,7.554359285118712e-06,0.0,0.0,nan,0,-0.07999644421661745,3.1224868273846324e-15,-1.743918103686402e-11,-4.348860607747286e-15,2
9.07,4.0,2.0231756751254322e-05,8.447580675432191e-07,19.61999999999966,6.759563005442392e-11,6.8904821666080624e-12,4,-2.1860452093964977e-06,-0.006808553230401308,-2.505603238402252e-07,9.809999989731704,2.9049427830562383e-11,5.922411388576742e-12,4,-2.4046575231168044e-06,0.17189128779951524,7.554356396466662e-06,0.0,0.0,nan,0,-0.07999644421653018,-5.392479682280468e-15,-1.744701388234735e-11,-4.529160826946412e-15,2
9.075000000000001,4.0,2.0235980542099642e-05,8.44758260942361e-07,19.620000000023072,6.758205621491004e-11,6.8890984928471525e-12,4,-2.186045209431192e-06,-0.006808554483203057,-2.5056037318084515e-07,9.809999989745684,2.9017144011735877e-11,5.915829570248169e-12,4,-2.404657610373395e-06,0.1718913255712896,7.554353507550905e-06,0.0,0.0,nan,0,-0.07999644421644293,-2.449056399394254e-15,-1.7446509841094168e-11,8.359379576618791e-17,2
9.08,4.0,2.0240204333911888e-05,8.447584543186596e-07,19.62000000000056,6.766524048030298e-11,6.8975780306117284e-12,4,-2.186045209431192e-06,-0.006808555736005052,-2.505604223901462e-07,9.809999989732109,2.9101486001024638e-11,5.9330246751242536e-12,4,-2.4046576975952916e-06,0.17189136334304958,7.554350618722299e-06,0.0,0.0,nan,0,-0.07999644421635571,-6.367283339961487e-16,-1.7445674953379658e-11,-6.748274608567175e-15,2
9.085,4.0,2.024442812669114e-05,8.447586477292242e-07,19.619999999999553,6.763604830713851e-11,6.8946022739184555e-12,4,-2.186045209431192e-06,-0.006808556988807294,-2.5056047163189447e-07,9.809999989731164,2.9100044591844304e-11,5.9327308098482e-12,4,-2.4046577848518824e-06,0.1718914011147951,7.554347729823484e-06,0.0,0.0,nan,0,-0.07999644421626848,-3.76267228213074e-15,-1.7444971960160462e-11,1.9594836585825592e-16,2
9.09,4.0,2.0248651920437413e-05,8.447588411037236e-07,19.620000000002918,6.754734930289227e-11,6.88556058133356e-12,4,-2.186045209431192e-06,-0.006808558241609783,-2.505605208920336e-07,9.809999989733328,2.899480720031637e-11,5.911275684130669e-12,4,-2.4046578720945955e-06,0.17189143888652614,7.554344840897852e-06,0.0,0.0,nan,0,-0.07999644421618125,-4.179227960970099e-15,-1.7443854631708475e-11,-7.606699051207343e-15,2
9.095,4.0,2.0252875715150414e-05,8.447590344274018e-07,19.620000000000562,6.759878179917801e-11,6.890803445379824e-12,4,-2.186045209431192e-06,-0.006808559494412516,-2.505605702048369e-07,9.80999998973071,2.907044987292022e-11,5.9266972280023875e-12,4,-2.4046579593234307e-06,0.17189147665824275,7.554341952059501e-06,0.0,0.0,nan,0,-0.07999644421609403,-2.7670242736468982e-15,-1.744360682992937e-11,-2.0409289841565073e-15,2
9.1,4.0,2.0257099510830063e-05,8.447592277703255e-07,19.620000000000488,6.74788518674205e-11,6.878578172010074e-12,4,-2.186045209431192e-06,-0.006808560747215497,-2.5056061951944164e-07,9.809999989730215,2.896554632989869e-11,5.905310165182838e-12,4,-2.4046580465383882e-06,0.17189151442994496,7.554339063167066e-06,0.0,0.0,nan,0,-0.07999644421600685,1.7600211315646403e-15,-1.744434801482061e-11,-7.09555237066992e-15,2
9.105,4.0,2.0261323307476387e-05,8.447594210988157e-07,19.620000000001202,6.756116359878683e-11,6.886968766440642e-12,4,-2.186045209413845e-06,-0.0068085620000187235,-2.505606688315435e-07,9.809999989732368,2.8996031557577758e-11,5.911525298252077e-12,4,-2.4046581337602846e-06,0.17189155220163269,7.554336174256583e-06,0.0,0.0,nan,0,-0.07999644421591964,6.964746671007374e-15,-1.7444240545231824e-11,-1.7571559790623174e-15,2
9.11,4.0,2.026554710508942e-05,8.447596144598189e-07,19.619999999998736,6.75634102998427e-11,6.887197787955866e-12,4,-2.1860452094034366e-06,-0.006808563252822198,-2.5056071816088607e-07,9.809999989729826,2.903448661934079e-11,5.919365270078948e-12,4,-2.4046582210307532e-06,0.17189158997330595,7.554333285390784e-06,0.0,0.0,nan,0,-0.07999644421583244,-3.2586588710110367e-16,-1.744802240894291e-11,-7.373108126826207e-15,2
9.115,4.0,2.026977090366939e-05,8.447598078564135e-07,19.619999999999884,6.758897448474616e-11,6.889803719138284e-12,4,-2.186045209420784e-06,-0.0068085645056259175,-2.505607674121047e-07,9.809999989729825,2.904531679576391e-11,5.921573257119615e-12,4,-2.404658308301222e-06,0.1718916277449648,7.554330396404829e-06,0.0,0.0,nan,0,-0.07999644421574514,-7.0231752608498966e-15,-1.745149429838551e-11,-2.8873630181307253e-15,2
9.120000000000001,4.0,2.0273994703216287e-05,8.447600012040921e-07,19.620000000000164,6.761671119871856e-11,6.892631110980428e-12,4,-2.1860452094346616e-06,-0.006808565758429886,-2.505608167575987e-07,9.809999989729814,2.91140020223022e-11,5.935576361423432e-12,4,-2.404658395536996e-06,0.1718916655166092,7.554327507396646e-06,0.0,0.0,nan,0,-0.07999644421565792,1.2879543014940238e-15,-1.743148807948177e-11,-4.459438820999947e-15,2
9.125,4.0,2.0278218503729905e-05,8.447601946067514e-07,19.619999999999525,6.75487483513376e-11,6.885703195855172e-12,4,-2.1860452094346616e-06,-0.006808567011234097,-2.505608659550105e-07,9.80999998973083,2.898566584729042e-11,5.909412003594862e-12,4,-2.404658482731137e-06,0.17189170328823916,7.554324618364147e-06,0.0,0.0,nan,0,-0.07999644421557073,-1.1389932303365681e-15,-1.745405225223424e-11,-5.233930402978455e-15,2
9.13,4.0,2.028244230521068e-05,8.447603880007563e-07,19.620000000004797,6.753437182304923e-11,6.8842376985762195e-12,4,-2.1860452094346616e-06,-0.006808568264038558,-2.5056091526783507e-07,9.80999998973535,2.9004292636728386e-11,5.913209514184893e-12,4,-2.404658570022422e-06,0.17189174105985466,7.554321729165058e-06,0.0,0.0,nan,0,-0.07999644421548346,-3.1498291725376514e-15,-1.7444176152296394e-11,4.393092528560968e-16,2
9.135,4.0,2.028666610765819e-05,8.447605813558234e-07,19.6199999999994,6.758981010037059e-11,6.889888899120556e-12,4,-2.1860452094346616e-06,-0.006808569516843262,-2.505609645030638e-07,9.809999989729885,2.9051007575552844e-11,5.922733456873888e-12,4,-2.4046586572304407e-06,0.17189177883145573,7.5543188400365575e-06,0.0,0.0,nan,0,-0.07999644421539626,-2.3384781861415875e-15,-1.7443307069712713e-11,-7.171491625554277e-15,2
9.14,4.0,2.0290889911072496e-05,8.447607747042941e-07,19.620000000001056,6.76252065538307e-11,6.893497100288182e-12,4,-2.1860452094346616e-06,-0.006808570769648214,-2.5056101376451056e-07,9.809999989731011,2.9071862586849498e-11,5.926985243074734e-12,4,-2.4046587444384593e-06,0.17189181660304234,7.554315951044563e-06,0.0,0.0,nan,0,-0.07999644421530908,1.2475421833976682e-15,-1.7445150928112012e-11,-4.3954329343717823e-16,2
9.145,4.0,2.029511371545349e-05,8.447609680246431e-07,19.62000000000242,6.755073855094993e-11,6.885906070432375e-12,4,-2.1860452094346616e-06,-0.006808572022453412,-2.505610631107379e-07,9.809999989731828,2.8994091093404137e-11,5.911129688838407e-12,4,-2.404658831646478e-06,0.17189185437461452,7.554313062075544e-06,0.0,0.0,nan,0,-0.0799964442152219,6.676088684604833e-15,-1.7444958193394933e-11,-7.057360698622811e-15,2
9.15,4.0,2.0299337520801167e-05,8.447611613854065e-07,19.620000000004595,6.751909601568575e-11,6.882680531668699e-12,4,-2.1860452094173144e-06,-0.006808573275258858,-2.505611124720136e-07,9.809999989733983,2.8996169280348737e-11,5.911553376288031e-12,4,-2.4046589189100076e-06,0.17189189214617223,7.554310172959253e-06,0.0,0.0,nan,0,-0.07999644421513466,9.46893788329175e-16,-1.7454855165525652e-11,-1.4938110776212261e-15,2
9.155,4.0,2.0303561327115532e-05,8.447613547252847e-07,19.61999999999493,6.766538282361822e-11,6.897592540635648e-12,4,-2.1860452094173144e-06,-0.006808574528064549,-2.5056116170996345e-07,9.80999998972762,2.910541372622423e-11,5.933825434597653e-12,4,-2.404659006201293e-06,0.1718919299177155,7.554307283837559e-06,0.0,0.0,nan,0,-0.0799964442150474,-2.13819395249921e-15,-1.7455367644473816e-11,-7.779449753839014e-15,2
9.16,4.0,2.0307785134396937e-05,8.447615481576651e-07,19.6199999999972,6.750755653264217e-11,6.881504233705585e-12,4,-2.1860452094346616e-06,-0.006808575780870487,-2.5056121099658443e-07,9.809999989727796,2.8979174666874478e-11,5.908088623286243e-12,4,-2.4046590934787004e-06,0.17189196768924433,7.554304394592544e-06,0.0,0.0,nan,0,-0.0799964442149601,-6.653248949044796e-15,-1.745704941031152e-11,-3.174244647693864e-15,2
9.165000000000001,4.0,2.031200894264541e-05,8.447617415148254e-07,19.619999999997788,6.758025520588617e-11,6.888914903760835e-12,4,-2.1860452094485394e-06,-0.006808577033676671,-2.505612602585847e-07,9.809999989728498,2.904477867546741e-11,5.9214635485990975e-12,4,-2.404659180686719e-06,0.17189200546075872,7.554301505274891e-06,0.0,0.0,nan,0,-0.07999644421487291,2.550055835887903e-15,-1.7440971604558113e-11,-7.215900546539282e-15,2
9.17,4.0,2.0316232751860713e-05,8.44761934944299e-07,19.620000000000243,6.757071354251268e-11,6.887942257136784e-12,4,-2.1860452094485394e-06,-0.006808578286483102,-2.5056130947865824e-07,9.80999998973114,2.900059177272791e-11,5.9124550057257894e-12,4,-2.4046592679086154e-06,0.17189204323225868,7.554298616058382e-06,0.0,0.0,nan,0,-0.07999644421478569,4.570633898645574e-16,-1.744438620649265e-11,-3.628991998580326e-15,2
9.175,4.0,2.032045656204294e-05,8.447621282716279e-07,19.620000000000907,6.7505133200328e-11,6.8812572069648205e-12,4,-2.1860452094485394e-06,-0.006808579539289779,-2.505613588094355e-07,9.809999989731487,2.8964292665708212e-11,5.905054576152146e-12,4,-2.404659355172145e-06,0.1718920810037442,7.554295726742966e-06,0.0,0.0,nan,0,-0.07999644421469845,3.131784858731371e-16,-1.7447079163461183e-11,-2.506778565289217e-15,2
9.18,4.0,2.032468037319177e-05,8.447623215983792e-07,19.6199999999981,6.763212649331844e-11,6.894202496771151e-12,4,-2.1860452094485394e-06,-0.0068085807920967014,-2.5056140808482713e-07,9.809999989728123,2.91318371511511e-11,5.939212473324064e-12,4,-2.404659442366286e-06,0.1718921187752152,7.554292837535504e-06,0.0,0.0,nan,0,-0.07999644421461126,2.3484393346159743e-15,-1.7444534088199532e-11,-5.464856792100483e-15,2
9.185,4.0,2.0328904185307267e-05,8.447625149362659e-07,19.62000000000081,6.770794047889292e-11,6.901930731793081e-12,4,-2.1860452094416005e-06,-0.006808582044903872,-2.505614574172908e-07,9.809999989730787,2.9179190170561606e-11,5.9488665037934134e-12,4,-2.4046595295604267e-06,0.1718921565466718,7.554289948413502e-06,0.0,0.0,nan,0,-0.07999644421452409,7.27294458264332e-15,-1.744314986213243e-11,-1.7669259416790122e-15,2
9.19,4.0,2.033312799838964e-05,8.447627083317543e-07,19.619999999999507,6.762859100730001e-11,6.893842100642376e-12,4,-2.1860452094173144e-06,-0.006808583297711289,-2.5056150667284644e-07,9.809999989730759,2.9075131427479427e-11,5.9276516733773025e-12,4,-2.4046596168100787e-06,0.17189219431811398,7.554287059039535e-06,0.0,0.0,nan,0,-0.07999644421443688,-1.1500954605828188e-15,-1.7456614646975087e-11,-6.934792076704191e-15,2
9.195,4.0,2.0337351812438806e-05,8.44762901646077e-07,19.61999999999432,6.755446336602378e-11,6.8862857661613996e-12,4,-2.1860452094173144e-06,-0.006808584550518952,-2.505615560150748e-07,9.809999989726782,2.9011048311853055e-11,5.914586817988578e-12,4,-2.4046597040736084e-06,0.17189223208954169,7.554284169736811e-06,0.0,0.0,nan,0,-0.07999644421434965,1.1618329658966073e-15,-1.7448859961192685e-11,-3.4850500541791413e-16,2
9.200000000000001,4.0,2.0341575627454753e-05,8.447630950705884e-07,19.619999999996367,6.770002223212502e-11,6.901123571063972e-12,4,-2.186045209420784e-06,-0.006808585803326861,-2.505616052587886e-07,9.809999989728196,2.916857802595311e-11,5.946702967684973e-12,4,-2.4046597913648937e-06,0.17189226986095493,7.554281280213395e-06,0.0,0.0,nan,0,-0.07999644421426239,-7.0444915429227e-15,-1.745925564550606e-11,-7.47702500193112e-15,2
9.205,4.0,2.034579944343783e-05,8.447632884751596e-07,19.620000000005753,6.759803272240457e-11,6.8907270868893735e-12,4,-2.1860452094485394e-06,-0.006808587056135017,-2.5056165457603344e-07,9.809999989735891,2.9036754617580766e-11,5.9198276550380514e-12,4,-2.4046598786284235e-06,0.17189230763235375,7.554278390951091e-06,0.0,0.0,nan,0,-0.0799964442141751,-6.9308047052010835e-15,-1.7462116912285126e-11,7.173090982222362e-16,2
9.21,4.0,2.0350023260387716e-05,8.447634818047146e-07,19.619999999998313,6.752280329640818e-11,6.8830584400014255e-12,4,-2.1860452094485394e-06,-0.006808588308943418,-2.505617038209481e-07,9.809999989729057,2.9001482509282682e-11,5.912636603393855e-12,4,-2.4046599658641976e-06,0.1718923454037381,7.554275501613316e-06,0.0,0.0,nan,0,-0.07999644421408789,1.3812130355625385e-15,-1.7449107762971774e-11,-7.584494590714834e-15,2
9.215,4.0,2.035424707830423e-05,8.447636751480498e-07,19.62000000000446,6.770010767414636e-11,6.9011322807472955e-12,4,-2.1860452094485394e-06,-0.006808589561752069,-2.505617531338521e-07,9.809999989734608,2.9165980297494564e-11,5.946173359432103e-12,4,-2.4046600531138496e-06,0.17189238317510802,7.554272612219614e-06,0.0,0.0,nan,0,-0.07999644421400065,-1.2957845634737468e-16,-1.7443540216547885e-11,-1.2504501906233889e-15,2
9.22,4.0,2.035847089718754e-05,8.447638685129499e-07,19.62000000000088,6.760847851258068e-11,6.8917918973065904e-12,4,-2.1860452094485394e-06,-0.006808590814560963,-2.5056180242567293e-07,9.809999989730859,2.9058519761802747e-11,5.924264993317289e-12,4,-2.4046601402941126e-06,0.1718924209464635,7.554269722660473e-06,0.0,0.0,nan,0,-0.0799964442139135,1.577500466316266e-15,-1.7443808002341423e-11,-6.825990220290926e-15,2
9.225,4.0,2.036269471703785e-05,8.447640619213049e-07,19.620000000000655,6.751601935070438e-11,6.882366906289717e-12,4,-2.1860452094485394e-06,-0.006808592067370106,-2.5056185168866106e-07,9.809999989730308,2.896558274351935e-11,5.9053175889586635e-12,4,-2.404660227516009e-06,0.17189245871780454,7.554266833297274e-06,0.0,0.0,nan,0,-0.07999644421382629,5.5698624628683295e-15,-1.7448236015852843e-11,-2.1541717326682677e-15,2
9.23,4.0,2.0366918537854963e-05,8.447642552611562e-07,19.619999999992128,6.759255997104303e-11,6.89016921213763e-12,4,-2.1860452094277227e-06,-0.006808593320179492,-2.5056190091691925e-07,9.80999998972538,2.9047303054816832e-11,5.921978202903134e-12,4,-2.404660314751783e-06,0.17189249648913113,7.55426394363634e-06,0.0,0.0,nan,0,-0.07999644421373908,-8.339039431695756e-16,-1.7456638183703203e-11,-4.505180009614501e-15,2
9.235,4.0,2.037114235963896e-05,8.447644486138961e-07,19.6199999999799,6.768288632654444e-11,6.899376791703749e-12,4,-2.1860452094277227e-06,-0.006808594572989128,-2.505619502309196e-07,9.809999989715946,2.916324687848884e-11,5.945616087474283e-12,4,-2.4046604019875573e-06,0.17189253426044324,7.554261054321152e-06,0.0,0.0,nan,0,-0.07999644421365185,7.212964697253431e-16,-1.7447278559516396e-11,-5.524808835430245e-15,2
9.24,4.0,2.037536618238977e-05,8.447646420231648e-07,19.620000000000342,6.765520215590186e-11,6.896554755953178e-12,4,-2.1860452094554783e-06,-0.006808595825799008,-2.5056199954274577e-07,9.80999998973044,2.9129246558573365e-11,5.938684319891377e-12,4,-2.404660489251087e-06,0.17189257203174094,7.554258164610863e-06,0.0,0.0,nan,0,-0.07999644421356458,-6.5555493228777834e-15,-1.7464609585020007e-11,-7.055527301373651e-16,2
9.245000000000001,4.0,2.0379590006107253e-05,8.447648353203148e-07,19.619999999999756,6.75796106586791e-11,6.888849200680932e-12,4,-2.1860452094554783e-06,-0.006808597078609134,-2.5056204885146807e-07,9.809999989731658,2.9027624339475157e-11,5.917966232387158e-12,4,-2.4046605765423723e-06,0.17189260980302418,7.554255275322227e-06,0.0,0.0,nan,0,-0.0799964442134773,-1.481386011130968e-15,-1.7449353344304818e-11,-7.269635340931141e-15,2
9.25,4.0,2.0383813830791472e-05,8.447650287085049e-07,19.61999999999911,6.760666088799746e-11,6.89160661447508e-12,4,-2.1860452094554783e-06,-0.006808598331419509,-2.5056209815868117e-07,9.809999989730734,2.907822190039724e-11,5.9282817392123936e-12,4,-2.4046606638336576e-06,0.17189264757429298,7.554252385675475e-06,0.0,0.0,nan,0,-0.07999644421339003,-6.286431261708646e-15,-1.7451553362250417e-11,-4.941662662487363e-16,2
9.255,4.0,2.038803765644271e-05,8.447652220957778e-07,19.619999999997894,6.768447344690461e-11,6.899538577666858e-12,4,-2.1860452094589478e-06,-0.00680859958423013,-2.505621474162486e-07,9.809999989728146,2.915106454217214e-11,5.943132430722861e-12,4,-2.404660751048615e-06,0.1718926853455473,7.55424949604905e-06,0.0,0.0,nan,0,-0.07999644421330285,2.739237839284027e-15,-1.74328603151402e-11,-7.145734451382975e-15,2
9.26,4.0,2.03922614830608e-05,8.447654154713614e-07,19.62000000000295,6.757997906532775e-11,6.888886754874372e-12,4,-2.1860452094589478e-06,-0.006808600837040996,-2.505621967470229e-07,9.809999989732963,2.9068143016508112e-11,5.9262269208828754e-12,4,-2.4046608382566337e-06,0.17189272311678722,7.554246606432696e-06,0.0,0.0,nan,0,-0.07999644421321565,3.773521609024822e-15,-1.7441877102456993e-11,-5.829841082187499e-16,2
9.265,4.0,2.03964853106456e-05,8.447656088030662e-07,19.62000000000098,6.765925867026364e-11,6.896968264042839e-12,4,-2.1860452094589478e-06,-0.00680860208985211,-2.5056224601226296e-07,9.809999989730898,2.9109268583055174e-11,5.934611338129815e-12,4,-2.404660925471591e-06,0.17189276088801264,7.554243716818e-06,0.0,0.0,nan,0,-0.07999644421312846,6.31060326489823e-15,-1.7441631521123945e-11,-7.866491238969629e-15,2
9.27,4.0,2.040070913919722e-05,8.447658021867839e-07,19.619999999986245,6.763273414313848e-11,6.894264438652996e-12,4,-2.1860452094346616e-06,-0.0068086033426634695,-2.505622952098954e-07,9.80999998972247,2.9066254676065858e-11,5.925841938127903e-12,4,-2.404661012665732e-06,0.17189279865922366,7.554240827080128e-06,0.0,0.0,nan,0,-0.0799964442130413,9.437851638602214e-16,-1.7454047367252933e-11,-2.222117381775333e-15,2
9.275,4.0,2.0404932968715843e-05,8.447659955403387e-07,19.61999999999508,6.751269811204905e-11,6.88202834985382e-12,4,-2.1860452094346616e-06,-0.006808604595475074,-2.5056234457665523e-07,9.809999989723549,2.898996782584959e-11,5.910289063449131e-12,4,-2.404661099915384e-06,0.1718928364304202,7.5542379374305234e-06,0.0,0.0,nan,0,-0.07999644421295407,4.010665247084754e-15,-1.744467175585458e-11,-6.827766577130334e-15,2
9.28,4.0,2.0409156799201126e-05,8.447661889115792e-07,19.619999999995507,6.758092173986552e-11,6.888982848102038e-12,4,-2.1860452094346616e-06,-0.006808605848286927,-2.5056239385564445e-07,9.809999989728224,2.9017017697800812e-11,5.9158038181822054e-12,4,-2.4046611872066692e-06,0.1718928742016023,7.5542350477476305e-06,0.0,0.0,nan,0,-0.07999644421286678,-6.896609836042634e-15,-1.7460290373365e-11,-4.860007288284705e-15,2
9.285,4.0,2.04133806306533e-05,8.447663822883187e-07,19.62000000000704,6.758278743452213e-11,6.889173031039539e-12,4,-2.1860452094658867e-06,-0.006808607101099025,-2.5056244321604466e-07,9.809999989736012,2.9067441746519975e-11,5.926083950444975e-12,4,-2.40466127446326e-06,0.17189291197276996,7.554232158054051e-06,0.0,0.0,nan,0,-0.07999644421277954,7.474977331064922e-16,-1.7446756310605616e-11,-3.2852099097466815e-16,2
9.290000000000001,4.0,2.0417604463072204e-05,8.44766575636863e-07,19.619999999997297,6.763530067168384e-11,6.894526062354043e-12,4,-2.1860452094658867e-06,-0.006808608353911371,-2.5056249243321995e-07,9.8099999897291,2.9105044406730903e-11,5.933750140102626e-12,4,-2.4046613617406676e-06,0.17189294974392316,7.554229268223458e-06,0.0,0.0,nan,0,-0.07999644421269225,-2.4645995217390107e-15,-1.7445770432559745e-11,-6.386341902539372e-15,2
9.295,4.0,2.042182829645802e-05,8.447667690157613e-07,19.62000000000011,6.770316054305802e-11,6.901443480434009e-12,4,-2.1860452094658867e-06,-0.006808609606723963,-2.505625417294845e-07,9.809999989731317,2.9168253652313766e-11,5.946636836461943e-12,4,-2.404661449018075e-06,0.1718929875150619,7.554226378393862e-06,0.0,0.0,nan,0,-0.07999644421260502,-5.3227576763340144e-15,-1.7445596793678695e-11,-8.272331736362892e-16,2
9.3,4.0,2.0426052130810733e-05,8.447669623905885e-07,19.620000000000886,6.760720690387725e-11,6.891662273585545e-12,4,-2.1860452094658867e-06,-0.0068086108595368025,-2.5056259102108034e-07,9.809999989731324,2.908727505661867e-11,5.930127438749429e-12,4,-2.4046615362885437e-06,0.17189302528618622,7.554223488696898e-06,0.0,0.0,nan,0,-0.07999644421251775,-6.201166133417439e-15,-1.744423033117998e-11,-7.463258236425776e-15,2
9.305,4.0,2.0430275966130182e-05,8.447671557116648e-07,19.619999999995304,6.771656041848416e-11,6.902809420846113e-12,4,-2.1860452094658867e-06,-0.006808612112349886,-2.5056264029329e-07,9.809999989725172,2.918598437294693e-11,5.950251662286612e-12,4,-2.4046616234826845e-06,0.1718930630572961,7.554220598896182e-06,0.0,0.0,nan,0,-0.07999644421243057,-3.884796814839513e-15,-1.7444866711017705e-11,-2.983229247048643e-16,2
9.31,4.0,2.043449980241645e-05,8.447673491064787e-07,19.619999999996878,6.767996066938404e-11,6.8990785595713364e-12,4,-2.1860452094658867e-06,-0.006808613365163217,-2.505626895795003e-07,9.809999989726428,2.912373370389074e-11,5.937560394371196e-12,4,-2.404661710690703e-06,0.1718931008283915,7.55421770912144e-06,0.0,0.0,nan,0,-0.07999644421234339,6.720025674319809e-16,-1.7441724335768805e-11,-7.687523287400057e-15,2
9.315,4.0,2.0438723639669735e-05,8.447675425265168e-07,19.620000000001973,6.754222050414923e-11,6.8850377680063655e-12,4,-2.1860452094589478e-06,-0.006808614617976793,-2.5056273884826424e-07,9.809999989732082,2.8981194971231383e-11,5.9085005100031355e-12,4,-2.404661797884844e-06,0.17189313859947244,7.554214819168581e-06,0.0,0.0,nan,0,-0.07999644421225621,7.192564435660452e-15,-1.744146099086736e-11,-1.479600222906032e-15,2
9.32,4.0,2.0442947477889947e-05,8.447677359047282e-07,19.619999999999493,6.7563828448998e-11,6.887240412742074e-12,4,-2.1860452094485394e-06,-0.006808615870790617,-2.505627881425819e-07,9.809999989730857,2.9050173427231166e-11,5.922563396053209e-12,4,-2.4046618851483736e-06,0.17189317637053894,7.554211929166306e-06,0.0,0.0,nan,0,-0.07999644421216899,-1.975241054544395e-16,-1.7446178994632806e-11,-6.5670862109483495e-15,2
9.325000000000001,4.0,2.044717131707697e-05,8.447679292277674e-07,19.620000000000697,6.74750626826018e-11,6.878191914638063e-12,4,-2.186045209462417e-06,-0.006808617123604687,-2.5056283743638445e-07,9.809999989730931,2.895939224226065e-11,5.904055509189648e-12,4,-2.404661972425781e-06,0.171893214141591,7.554209039460495e-06,0.0,0.0,nan,0,-0.07999644421208171,-7.079574590500861e-15,-1.7444833848416166e-11,-3.1031903741178604e-15,2
9.33,4.0,2.0451395157230564e-05,8.44768122544904e-07,19.619999999995,6.758877319773306e-11,6.889783200586166e-12,4,-2.1860452094658867e-06,-0.006808618376419003,-2.5056288671129086e-07,9.80999998972582,2.9056919056370843e-11,5.923938651743659e-12,4,-2.4046620596337998e-06,0.1718932519126286,7.554206149525197e-06,0.0,0.0,nan,0,-0.07999644421199453,1.4620094296950722e-16,-1.7445413384835024e-11,-7.100881441188123e-15,2
9.335,4.0,2.0455618998350935e-05,8.447683159029155e-07,19.620000000000854,6.75341816023659e-11,6.884218308090007e-12,4,-2.1860452094658867e-06,-0.006808619629233566,-2.505629360860705e-07,9.809999989731628,2.899527678370117e-11,5.911371419786187e-12,4,-2.404662146925085e-06,0.17189328968365175,7.554203259729497e-06,0.0,0.0,nan,0,-0.07999644421190724,-4.259608107952964e-15,-1.744580951241021e-11,-3.658745975640288e-15,2
9.34,4.0,2.045984284043798e-05,8.447685092524651e-07,19.619999999999216,6.758432940776817e-11,6.889330214859416e-12,4,-2.1860452094658867e-06,-0.006808620882048376,-2.505629853808914e-07,9.809999989729647,2.9066197056046638e-11,5.9258301909229e-12,4,-2.404662234181676e-06,0.1718933274546605,7.554200369659354e-06,0.0,0.0,nan,0,-0.07999644421182,-5.380489273614521e-15,-1.7445028803579293e-11,-2.4876827292656716e-15,2
9.345,4.0,2.0464066683492027e-05,8.447687026937106e-07,19.62000000000184,6.762683273702065e-11,6.8936628681971765e-12,4,-2.1860452094658867e-06,-0.0068086221348634315,-2.5056303462924864e-07,9.809999989731425,2.9088327932121172e-11,5.930342092266922e-12,4,-2.404662321424389e-06,0.17189336522565474,7.554197479655331e-06,0.0,0.0,nan,0,-0.07999644421173277,-4.300464315259168e-15,-1.7443662785169793e-11,-6.061268600929125e-15,2
9.35,4.0,2.0468290527513127e-05,8.447688960735014e-07,19.620000000000864,6.758232173456967e-11,6.889125559079173e-12,4,-2.1860452094658867e-06,-0.0068086233876787335,-2.505630838736424e-07,9.809999989730423,2.9028836675381657e-11,5.918213395671851e-12,4,-2.404662408667102e-06,0.17189340299663453,7.554194589538046e-06,0.0,0.0,nan,0,-0.07999644421164556,-1.1150124130046682e-15,-1.7444447046714384e-11,-5.701055211330984e-16,2
9.355,4.0,2.0472514372501084e-05,8.447690894467945e-07,19.619999999999685,6.754229897222468e-11,6.885045766791617e-12,4,-2.1860452094658867e-06,-0.006808624640494283,-2.505631331206073e-07,9.80999998972836,2.8963360239129194e-11,5.904864478991951e-12,4,-2.4046624958265483e-06,0.1718934407675999,7.554191699505774e-06,0.0,0.0,nan,0,-0.07999644421155841,5.168849906373718e-15,-1.744483518068379e-11,-8.135165210928915e-15,2
9.36,4.0,2.047673821845579e-05,8.44769282769085e-07,19.620000000003273,6.754170511421068e-11,6.884985230805241e-12,4,-2.1860452094485394e-06,-0.0068086258933100765,-2.505631824755525e-07,9.80999998973256,2.898793870393146e-11,5.9098753790562906e-12,4,-2.404662583090078e-06,0.17189347853855083,7.554188809582302e-06,0.0,0.0,nan,0,-0.07999644421147119,5.07217628517469e-17,-1.7450905436093235e-11,-1.0292937641180621e-15,2
9.365,4.0,2.0480962065377017e-05,8.44769476074617e-07,19.61999999999778,6.754756506746796e-11,6.885582575685587e-12,4,-2.1860452094485394e-06,-0.006808627146126119,-2.5056323180316216e-07,9.809999989729562,2.8985401310751354e-11,5.90935807157945e-12,4,-2.40466267033973e-06,0.1718935163094873,7.554185919549218e-06,0.0,0.0,nan,0,-0.07999644421138397,-4.324445132591071e-15,-1.744716265223262e-11,-6.955664269567148e-15,2
9.370000000000001,4.0,2.0485185913265114e-05,8.447696694966561e-07,19.61999999999979,6.760568088409417e-11,6.89150671601375e-12,4,-2.186045209476295e-06,-0.006808628398942407,-2.505632810912083e-07,9.80999998973033,2.903727120677943e-11,5.919932973940328e-12,4,-2.4046627576032598e-06,0.1718935540804093,7.554183029432227e-06,0.0,0.0,nan,0,-0.07999644421129667,-6.793581139357419e-15,-1.745485738597169e-11,-2.5742801251864292e-15,2
9.375,4.0,2.0489409762120305e-05,8.447698629114007e-07,19.620000000000427,6.766636198416978e-11,6.897692353126229e-12,4,-2.186045209476295e-06,-0.006808629651758943,-2.5056333029031456e-07,9.80999998973141,2.9067268682713062e-11,5.926048667306656e-12,4,-2.4046628447974006e-06,0.17189359185131686,7.5541801391076914e-06,0.0,0.0,nan,0,-0.07999644421120951,1.7151402793096274e-16,-1.7446286908310794e-11,-4.679707069085578e-15,2
9.38,4.0,2.0493633611942524e-05,8.447700562747291e-07,19.61999999999795,6.758150482919481e-11,6.889042286361047e-12,4,-2.186045209476295e-06,-0.006808630904575723,-2.5056337958217084e-07,9.809999989728436,2.903081566446274e-11,5.918616859298566e-12,4,-2.404662932074808e-06,0.17189362962220997,7.55417724908342e-06,0.0,0.0,nan,0,-0.07999644421112223,-2.0702483033921535e-15,-1.745071669817905e-11,-5.5745468269334535e-15,2
9.385,4.0,2.0497857462731553e-05,8.447702496609026e-07,19.62000000000019,6.762809181882872e-11,6.893791214967183e-12,4,-2.186045209476295e-06,-0.006808632157392752,-2.5056342885805717e-07,9.80999998973017,2.9083353768961206e-11,5.929327991724323e-12,4,-2.404663019338338e-06,0.17189366739308862,7.554174358722797e-06,0.0,0.0,nan,0,-0.07999644421103501,-2.384663463965998e-15,-1.7443492254913205e-11,-2.3620054828780998e-15,2
9.39,4.0,2.050208131448742e-05,8.447704429966445e-07,19.620000000001124,6.753584586411665e-11,6.884387957605788e-12,4,-2.186045209476295e-06,-0.006808633410210024,-2.5056347816087385e-07,9.809999989730633,2.9010712033442517e-11,5.914518259696574e-12,4,-2.404663106560234e-06,0.17189370516395283,7.554171468807463e-06,0.0,0.0,nan,0,-0.07999644421094779,2.323542496804213e-16,-1.7443204929194427e-11,-4.948825130254714e-15,2
9.395,4.0,2.0506305167209858e-05,8.447706363208767e-07,19.62000000000152,6.76235499875567e-11,6.893328235224409e-12,4,-2.186045209476295e-06,-0.006808634663027544,-2.5056352745650144e-07,9.809999989730326,2.9079951721796347e-11,5.928634404126181e-12,4,-2.4046631937821306e-06,0.17189374293480258,7.554168578484997e-06,0.0,0.0,nan,0,-0.0799964442108606,5.577856068645623e-15,-1.744506166618081e-11,-1.837980215255028e-15,2
9.4,4.0,2.05105290208991e-05,8.447708297045518e-07,19.61999999999619,6.758870524527604e-11,6.889776273729783e-12,4,-2.1860452094554783e-06,-0.0068086359158453106,-2.5056357672626796e-07,9.809999989728171,2.901512477248648e-11,5.915417900686557e-12,4,-2.4046632810179047e-06,0.17189378070563788,7.554165688246428e-06,0.0,0.0,nan,0,-0.0799964442107734,-3.813770383323681e-16,-1.7451403260097467e-11,-7.103545976447221e-15,2
9.405,4.0,2.0514752875555173e-05,8.447710230646261e-07,19.61999999999292,6.769993577970394e-11,6.901114758382096e-12,4,-2.1860452094554783e-06,-0.006808637168663325,-2.5056362599949365e-07,9.809999989725307,2.913859044749516e-11,5.940589292153726e-12,4,-2.4046633682814345e-06,0.17189381847645874,7.5541627979660835e-06,0.0,0.0,nan,0,-0.07999644421068616,8.447254280034754e-17,-1.7452041860381232e-11,-1.4910895019524028e-16,2
9.41,4.0,2.051897673117818e-05,8.447712164554608e-07,19.6199999999981,6.756463393184656e-11,6.8873225210859425e-12,4,-2.1860452094658867e-06,-0.006808638421481584,-2.50563675331301e-07,9.809999989728158,2.9024522858735947e-11,5.917333922350032e-12,4,-2.404663455558842e-06,0.17189385624726514,7.554159907741763e-06,0.0,0.0,nan,0,-0.07999644421059889,-6.925475634682891e-15,-1.7456138583342105e-11,-7.308271102188103e-15,2
9.415000000000001,4.0,2.0523200587767967e-05,8.447714097759322e-07,19.620000000001774,6.751617836001871e-11,6.882383115189868e-12,4,-2.1860452094797644e-06,-0.006808639674300091,-2.505637247135215e-07,9.809999989730983,2.900323240349282e-11,5.912993360622454e-12,4,-2.4046635427876772e-06,0.1718938940180571,7.554157017691731e-06,0.0,0.0,nan,0,-0.07999644421051166,9.002644212949124e-16,-1.743068827481481e-11,-5.350224735549476e-16,2
9.42,4.0,2.0527424445324443e-05,8.44771603195163e-07,19.6200000000014,6.757785545932069e-11,6.888670281275827e-12,4,-2.1860452094797644e-06,-0.006808640927118842,-2.505637739180111e-07,9.809999989732008,2.9009501675510728e-11,5.914271499668619e-12,4,-2.4046636300026347e-06,0.1718939317888346,7.554154127169141e-06,0.0,0.0,nan,0,-0.07999644421042447,-1.2962008106234972e-15,-1.7449987947785686e-11,-8.029916068194454e-15,2
9.425,4.0,2.053164830384802e-05,8.447717965461398e-07,19.620000000000434,6.766021623393222e-11,6.897065875018422e-12,4,-2.1860452094797644e-06,-0.006808642179937842,-2.505638232205835e-07,9.809999989730828,2.9120347537589597e-11,5.93687004445932e-12,4,-2.4046637172522867e-06,0.17189396955959765,7.554151236904371e-06,0.0,0.0,nan,0,-0.07999644421033722,-2.1492961827454674e-15,-1.744453408819952e-11,-2.493455888993722e-15,2
9.43,4.0,2.0535872163338457e-05,8.447719899465211e-07,19.620000000000708,6.755470269348658e-11,6.8863101624346726e-12,4,-2.1860452094797644e-06,-0.006808643432757087,-2.5056387248089015e-07,9.809999989730725,2.90371532534624e-11,5.919908926372882e-12,4,-2.404663804467244e-06,0.17189400733034627,7.554148346379843e-06,0.0,0.0,nan,0,-0.07999644421025004,-2.7390744954865374e-16,-1.744459759295653e-11,-6.7629295524922235e-15,2
9.435,4.0,2.054009602379575e-05,8.447721833001382e-07,19.620000000003802,6.761705840396197e-11,6.892666503970322e-12,4,-2.1860452094797644e-06,-0.006808644685576577,-2.505639217905279e-07,9.809999989733395,2.911156294889212e-11,5.9350790987479455e-12,4,-2.404663891716896e-06,0.17189404510108042,7.554145456125715e-06,0.0,0.0,nan,0,-0.0799964442101628,3.5616910559263376e-15,-1.7447103144278497e-11,-2.8656026468480737e-15,2
9.44,4.0,2.0544319885219745e-05,8.447723766310725e-07,19.61999999997807,6.769123301477503e-11,6.900227626386411e-12,4,-2.1860452094658867e-06,-0.006808645938396317,-2.505639709964012e-07,9.809999989715486,2.914909955900414e-11,5.942731822540917e-12,4,-2.4046639789249147e-06,0.1718940828718001,7.554142565625745e-06,0.0,0.0,nan,0,-0.07999644421007565,2.8280556812540345e-15,-1.7452557447953875e-11,-7.020945383415111e-15,2
9.445,4.0,2.0548543747610665e-05,8.447725700121916e-07,19.620000000001085,6.752724908835837e-11,6.8835116298016956e-12,4,-2.1860452094658867e-06,-0.006808647191216301,-2.505640204045065e-07,9.809999989731052,2.9019641307251078e-11,5.916338702880401e-12,4,-2.404664066202322e-06,0.17189412064250537,7.554139675411719e-06,0.0,0.0,nan,0,-0.07999644420998836,4.907281361772028e-15,-1.7443707194090775e-11,-4.4492247691733985e-15,2
9.450000000000001,4.0,2.055276761096835e-05,8.447727633969937e-07,19.619999999995922,6.767121670087169e-11,6.898187227409352e-12,4,-2.1860452094658867e-06,-0.006808648444036532,-2.505640696109478e-07,9.809999989727665,2.9113307463921254e-11,5.935434759308184e-12,4,-2.4046641534866686e-06,0.17189415841319616,7.554136784695474e-06,0.0,0.0,nan,0,-0.07999644420990112,-2.4512768454435103e-15,-1.7446878435138315e-11,-1.1536387428760823e-15,2
9.455,4.0,2.0556991475293072e-05,8.447729568205133e-07,19.620000000001546,6.756957377116808e-11,6.887826072493654e-12,4,-2.186045209483234e-06,-0.0068086496968570095,-2.5056411889284054e-07,9.80999998973209,2.9001494295538424e-11,5.912639006298399e-12,4,-2.404664240764076e-06,0.1718941961838725,7.554133894305951e-06,0.0,0.0,nan,0,-0.07999644420981383,-6.4209902922932204e-15,-1.745063853847812e-11,-6.0204123936229186e-15,2
9.46,4.0,2.05612153405846e-05,8.44773150123581e-07,19.620000000001927,6.749570502641514e-11,6.880296129093631e-12,4,-2.1860452094901728e-06,-0.006808650949677734,-2.5056416822257264e-07,9.809999989731427,2.8971474811642285e-11,5.906518826089306e-12,4,-2.4046643279859725e-06,0.1718942339545344,7.554131003851797e-06,0.0,0.0,nan,0,-0.07999644420972662,1.564177790020756e-15,-1.7437071169027992e-11,-2.5213764688045554e-16,2
9.465,4.0,2.0565439206842537e-05,8.447733434195505e-07,19.620000000000193,6.760955717833013e-11,6.891901853040721e-12,4,-2.1860452094901728e-06,-0.006808652202498704,-2.505642175554159e-07,9.809999989730514,2.9081172805806313e-11,5.9288833509173506e-12,4,-2.4046644151801133e-06,0.17189427172518182,7.554128113481348e-06,0.0,0.0,nan,0,-0.07999644420963944,6.409163227424756e-16,-1.7443285309341418e-11,-7.762574363864715e-15,2
9.47,4.0,2.0569663074067345e-05,8.447735368247776e-07,19.620000000002612,6.759129171835691e-11,6.890039930514568e-12,4,-2.1860452094901728e-06,-0.006808653455319922,-2.505642668729162e-07,9.809999989732793,2.9026690851413303e-11,5.917775918816069e-12,4,-2.404664502443643e-06,0.1718943094958148,7.554125222932341e-06,0.0,0.0,nan,0,-0.07999644420955221,9.833091035368738e-16,-1.7445872573078005e-11,-1.2890859518803533e-15,2
9.475,4.0,2.05738869422591e-05,8.447737302358642e-07,19.62000000000087,6.760847250498423e-11,6.8917912849114405e-12,4,-2.1860452094901728e-06,-0.006808654708141385,-2.505643161023341e-07,9.8099999897305,2.9065680866015692e-11,5.925724953403223e-12,4,-2.404664589623906e-06,0.17189434726643335,7.554122332264077e-06,0.0,0.0,nan,0,-0.07999644420946506,4.2282689599112805e-15,-1.7443500248518988e-11,-7.043593933117464e-15,2
9.48,4.0,2.0578110811418064e-05,8.447739236730649e-07,19.61999999999873,6.77153541809252e-11,6.902686460849092e-12,4,-2.186045209469356e-06,-0.006808655960963096,-2.5056436530344446e-07,9.80999998972891,2.915885252504028e-11,5.944720194815425e-12,4,-2.4046646768319246e-06,0.1718943850370374,7.554119441504754e-06,0.0,0.0,nan,0,-0.07999644420937788,7.035800944583375e-15,-1.744439064738474e-11,-1.6665617802529051e-15,2
9.485,4.0,2.0582334681544082e-05,8.447741170261092e-07,19.620000000008105,6.756641979076702e-11,6.887504565824578e-12,4,-2.186045209469356e-06,-0.0068086572137850505,-2.5056441465344723e-07,9.809999989736713,2.9064394129387453e-11,5.925462621772643e-12,4,-2.404664764109332e-06,0.17189442280762704,7.554116551029106e-06,0.0,0.0,nan,0,-0.07999644420929064,2.9031067577186925e-15,-1.744404070508738e-11,-7.158613038468632e-15,2
9.49,4.0,2.0586558552636688e-05,8.447743103920937e-07,19.61999999999761,6.755826929663586e-11,6.8866737305447596e-12,4,-2.186045209483234e-06,-0.006808658466607252,-2.5056446386815195e-07,9.80999998972789,2.9031756068766007e-11,5.918808582908324e-12,4,-2.404664851358984e-06,0.1718944605782022,7.554113660360593e-06,0.0,0.0,nan,0,-0.07999644420920338,-7.67198959644085e-15,-1.746524285623325e-11,-3.949180318882229e-15,2
9.495000000000001,4.0,2.0590782424696042e-05,8.447745036541347e-07,19.61999999999811,6.752131272661723e-11,6.882906496088045e-12,4,-2.1860452094971117e-06,-0.006808659719429701,-2.505645132459073e-07,9.809999989729196,2.900581540776493e-11,5.913519966999639e-12,4,-2.4046649386363916e-06,0.17189449834876291,7.554110769755456e-06,0.0,0.0,nan,0,-0.07999644420911611,1.6129997610440513e-16,-1.7453679217297968e-11,-2.3811013189016565e-15,2
9.5,4.0,2.0595006297721806e-05,8.447746970006818e-07,19.619999999997127,6.761322535655311e-11,6.892275775388686e-12,4,-2.1860452094971117e-06,-0.006808660972252398,-2.505645625629456e-07,9.809999989728356,2.9083456896336963e-11,5.929349016674627e-12,4,-2.404665025927677e-06,0.17189453611930916,7.5541078792708825e-06,0.0,0.0,nan,0,-0.07999644420902882,-4.5442692914668586e-15,-1.7457481065023495e-11,-5.2850006621112154e-15,2
9.505,4.0,2.0599230171714415e-05,8.447748904008137e-07,19.620000000024962,6.754321807891294e-11,6.885139457576657e-12,4,-2.1860452095040506e-06,-0.006808662225075339,-2.505646119419874e-07,9.809999989747448,2.8964726829629862e-11,5.90514309070362e-12,4,-2.4046651132050845e-06,0.17189457388984097,7.554104988696806e-06,0.0,0.0,nan,0,-0.07999644420894156,-1.8504241445163804e-15,-1.7442208837096752e-11,3.944562426612343e-16,2
9.51,4.0,2.0603454046673963e-05,8.447750837958959e-07,19.620000000000797,6.767781503765016e-11,6.898859840738779e-12,4,-2.1860452095040506e-06,-0.006808663477898528,-2.505646611157982e-07,9.809999989730922,2.910961369016993e-11,5.934681696359181e-12,4,-2.4046652003853475e-06,0.17189461166035833,7.554102097742472e-06,0.0,0.0,nan,0,-0.0799964442088544,4.232265762799928e-15,-1.7445010151832485e-11,-7.679973770832605e-15,2
9.515,4.0,2.0607677922600734e-05,8.447752772381719e-07,19.620000000001603,6.758454676053392e-11,6.889352371103812e-12,4,-2.1860452095040506e-06,-0.006808664730721964,-2.505647103562957e-07,9.809999989730718,2.9026943202623712e-11,5.9178273665666935e-12,4,-2.4046652875656105e-06,0.17189464943086122,7.55409920692198e-06,0.0,0.0,nan,0,-0.07999644420876723,6.679197309073774e-15,-1.7443022408529195e-11,-1.5919547929980957e-15,2
9.52,4.0,2.061190179949454e-05,8.447754706230247e-07,19.620000000004538,6.763304313508293e-11,6.89429593629636e-12,4,-2.186045209483234e-06,-0.006808665983545644,-2.505647596107399e-07,9.809999989734857,2.909314751589362e-11,5.931324678152206e-12,4,-2.4046653748152624e-06,0.17189468720134965,7.554096316104914e-06,0.0,0.0,nan,0,-0.07999644420868002,6.720497605589829e-15,-1.7444909787671054e-11,-6.674111710522212e-15,2
9.525,4.0,2.0616125677355154e-05,8.447756639682122e-07,19.620000000004165,6.752829972091477e-11,6.883618727920533e-12,4,-2.1860452094797644e-06,-0.0068086672363695715,-2.50564808907529e-07,9.80999998973257,2.8969095090920648e-11,5.906033663861477e-12,4,-2.404665462078792e-06,0.17189472497182365,7.5540934253167924e-06,0.0,0.0,nan,0,-0.07999644420859278,1.998052948044263e-15,-1.744210003524033e-11,-6.980032135699186e-16,2
9.53,4.0,2.0620349556182383e-05,8.447758572828603e-07,19.619999999997077,6.757733758451172e-11,6.88861749077694e-12,4,-2.1860452094797644e-06,-0.006808668489193746,-2.5056485820639195e-07,9.809999989729375,2.9050951758844193e-11,5.922722077320942e-12,4,-2.4046655493215052e-06,0.1718947627422832,7.554090534632558e-06,0.0,0.0,nan,0,-0.07999644420850557,-3.0059442685462435e-15,-1.745363969335828e-11,-7.438389240674168e-15,2
9.535,4.0,2.0624573435976374e-05,8.447760506331417e-07,19.62000000002881,6.762185180267947e-11,6.893155127684013e-12,4,-2.1860452095040506e-06,-0.006808669742018166,-2.5056490756559974e-07,9.809999989748727,2.904864420392891e-11,5.922251627784754e-12,4,-2.404665636591974e-06,0.1718948005127283,7.554087643901983e-06,0.0,0.0,nan,0,-0.07999644420841828,-4.4043811903640914e-15,-1.7454793881214677e-11,-2.970851789582537e-15,2
9.540000000000001,4.0,2.0628797316736952e-05,8.447762439612048e-07,19.619999999998953,6.764834634313475e-11,6.895855896344379e-12,4,-2.1860452095040506e-06,-0.006808670994842834,-2.5056495683452705e-07,9.809999989730358,2.909047197299777e-11,5.930779205596587e-12,4,-2.404665723841626e-06,0.1718948382831589,7.5540847529656734e-06,0.0,0.0,nan,0,-0.07999644420833106,-1.8397660034799797e-15,-1.7450112292764437e-11,-4.187212135361859e-15,2
9.545,4.0,2.0633021198464483e-05,8.447764373555435e-07,19.620000000000104,6.758960297815221e-11,6.889867785744328e-12,4,-2.1860452095040506e-06,-0.006808672247667748,-2.505650061486527e-07,9.809999989731086,2.9041333413197103e-11,5.920761150580428e-12,4,-2.404665811132911e-06,0.1718948760535751,7.5540818622900595e-06,0.0,0.0,nan,0,-0.07999644420824377,-5.5701153662205066e-15,-1.7450452021009978e-11,-4.8187069917686485e-15,2
9.55,4.0,2.063724508115892e-05,8.447766307455159e-07,19.620000000001603,6.765151451746982e-11,6.896178849894423e-12,4,-2.1860452095040506e-06,-0.006808673500492909,-2.5056505542514326e-07,9.809999989732017,2.912068446772143e-11,5.936938735617049e-12,4,-2.4046658984241964e-06,0.17189491382397684,7.554078971217698e-06,0.0,0.0,nan,0,-0.07999644420815652,-6.725191401040519e-15,-1.74482075941434e-11,-1.2122585185762887e-15,2
9.555,4.0,2.0641468964820313e-05,8.447768241280794e-07,19.61999999999822,6.766972347427251e-11,6.8980350126685674e-12,4,-2.1860452095040506e-06,-0.006808674753318316,-2.505651046710427e-07,9.809999989728256,2.911680984696291e-11,5.936148802742143e-12,4,-2.4046659856599706e-06,0.1718949515943641,7.554076080317105e-06,0.0,0.0,nan,0,-0.07999644420806928,-5.5767767043682554e-15,-1.7446795390456077e-11,-6.577744351984746e-15,2
9.56,4.0,2.0645692849448627e-05,8.447770175150772e-07,19.619999999998075,6.771720740794344e-11,6.902875372879723e-12,4,-2.1860452095040506e-06,-0.006808676006143969,-2.5056515392871413e-07,9.809999989727427,2.9179435086322656e-11,5.948916435653006e-12,4,-2.404666072867989e-06,0.1718949893647369,7.554073189318156e-06,0.0,0.0,nan,0,-0.0799964442079821,-1.8424305387390774e-15,-1.744069671333721e-11,-4.866167496812882e-16,2
9.565,4.0,2.064991673504384e-05,8.447772108914695e-07,19.620000000001607,6.764574973087793e-11,6.8955912060012636e-12,4,-2.1860452095040506e-06,-0.006808677258969869,-2.505652032123039e-07,9.809999989730414,2.911266395942245e-11,5.9353035657286455e-12,4,-2.4046661600204966e-06,0.17189502713509527,7.5540702983695e-06,0.0,0.0,nan,0,-0.07999644420789498,4.559115421249576e-15,-1.744237803508571e-11,-6.889494977299491e-15,2
9.57,4.0,2.0654140621605874e-05,8.447774042607702e-07,19.61999999999699,6.761968994629726e-11,6.892934754975294e-12,4,-2.186045209483234e-06,-0.006808678511796014,-2.5056525244460816e-07,9.809999989727487,2.9069795688946264e-11,5.926563857163428e-12,4,-2.404666247242393e-06,0.1718950649054392,7.554067407367543e-06,0.0,0.0,nan,0,-0.0799964442078078,4.9805742371848115e-18,-1.7460320571431283e-11,-1.1491408103678483e-16,2
9.575000000000001,4.0,2.0658364509134855e-05,8.447775976422595e-07,19.620000000000704,6.759516620105977e-11,6.890434882880463e-12,4,-2.1860452094936422e-06,-0.006808679764622407,-2.5056530177924003e-07,9.80999998973083,2.9056180002839785e-11,5.923787978237712e-12,4,-2.4046663345198005e-06,0.17189510267576863,7.554064516488146e-06,0.0,0.0,nan,0,-0.07999644420772052,-7.239446706046887e-15,-1.746280613873881e-11,-8.113848928856113e-15,2
9.58,4.0,2.0662588397630505e-05,8.447777909382833e-07,19.620000000005177,6.752300474855282e-11,6.883078975385831e-12,4,-2.1860452095109895e-06,-0.006808681017449044,-2.5056535118682124e-07,9.809999989734436,2.9014111524742995e-11,5.915211326219059e-12,4,-2.404666421797208e-06,0.17189514044608362,7.554061625662134e-06,0.0,0.0,nan,0,-0.07999644420763324,5.485457670936631e-16,-1.7446858007034677e-11,-2.1301909153363686e-15,2
9.585,4.0,2.0666812287092503e-05,8.447779842406607e-07,19.620000000000246,6.75391629508275e-11,6.884726090808017e-12,4,-2.1860452095109895e-06,-0.006808682270275931,-2.505654004829775e-07,9.809999989731123,2.900629101680758e-11,5.9136169311255215e-12,4,-2.4046665090607378e-06,0.17189517821638417,7.554058734617983e-06,0.0,0.0,nan,0,-0.07999644420754601,-2.403759299989553e-15,-1.7446397486524064e-11,-6.970763302702052e-15,2
9.59,4.0,2.0671036177521495e-05,8.447781776856373e-07,19.619999999999216,6.762591436829123e-11,6.893569252629351e-12,4,-2.1860452095109895e-06,-0.006808683523103061,-2.505654497385527e-07,9.809999989729972,2.906713552584088e-11,5.926021520136816e-12,4,-2.4046665963381453e-06,0.17189521598667026,7.554055843481913e-06,0.0,0.0,nan,0,-0.07999644420745874,-5.027882440993573e-15,-1.744427829281465e-11,-3.922979055501073e-15,2
9.595,4.0,2.0675260068917717e-05,8.447783711247475e-07,19.620000000000804,6.774587328264357e-11,6.905797480391518e-12,4,-2.1860452095109895e-06,-0.00680868477593044,-2.5056549896127617e-07,9.809999989730557,2.919209268651247e-11,5.9514969861512236e-12,4,-2.404666683601675e-06,0.1718952537569419,7.554052952269786e-06,0.0,0.0,nan,0,-0.07999644420737151,-4.649962523411169e-15,-1.7445577253753464e-11,-7.088446943312322e-15,2
9.6,4.0,2.0679483961281027e-05,8.447785645277066e-07,19.61999999999926,6.754443875464783e-11,6.885263889362934e-12,4,-2.1860452095109895e-06,-0.006808686028758064,-2.5056554820817745e-07,9.809999989728418,2.8996581064531872e-11,5.911637328214639e-12,4,-2.404666770837449e-06,0.17189529152719907,7.554050061074244e-06,0.0,0.0,nan,0,-0.07999644420728427,-1.637705412998195e-15,-1.744429694456147e-11,-4.3914931718928916e-15,2
9.605,4.0,2.0683707854611147e-05,8.447787578554228e-07,19.620000000002705,6.75972396590069e-11,6.8906462445461355e-12,4,-2.1860452095109895e-06,-0.006808687281585934,-2.505655975028421e-07,9.809999989731441,2.9068667351204925e-11,5.926333818885297e-12,4,-2.4046668580454678e-06,0.17189532929744178,7.554047169879138e-06,0.0,0.0,nan,0,-0.07999644420719712,3.8143778163310236e-15,-1.74444470467144e-11,1.9950107953705423e-16,2
9.61,4.0,2.068793174890788e-05,8.447789511720488e-07,19.619999999992398,6.758000692330857e-11,6.888889594631473e-12,4,-2.1860452094901728e-06,-0.0068086885344140514,-2.505656467608632e-07,9.809999989726641,2.903217750324834e-11,5.918894502273558e-12,4,-2.4046669452396086e-06,0.17189536706767006,7.554044278858987e-06,0.0,0.0,nan,0,-0.07999644420710994,2.896139156909006e-17,-1.7454606919657345e-11,-6.203821237290999e-15,2
9.615,4.0,2.0692155644171282e-05,8.447791444862929e-07,19.619999999996427,6.771017678848684e-11,6.9021586940366124e-12,4,-2.1860452094901728e-06,-0.006808689787242416,-2.5056569615839734e-07,9.809999989728224,2.9190583563734236e-11,5.951189315861137e-12,4,-2.404667032517016e-06,0.17189540483788385,7.554041387881919e-06,0.0,0.0,nan,0,-0.07999644420702269,-2.3109446551308898e-15,-1.74451771293754e-11,4.557405536205421e-16,2
9.620000000000001,4.0,2.0696379540401365e-05,8.447793378785811e-07,19.619999999992118,6.773880511745112e-11,6.90507697425875e-12,4,-2.1860452095109895e-06,-0.006808691040071027,-2.5056574543755755e-07,9.809999989721916,2.92057942826432e-11,5.954290379865962e-12,4,-2.404667119780546e-06,0.1718954426080832,7.554038496587862e-06,0.0,0.0,nan,0,-0.07999644420693541,-6.373028657629414e-15,-1.7447515703154465e-11,-7.126194526149577e-15,2
9.625,4.0,2.0700603437598476e-05,8.447795312747114e-07,19.619999999995265,6.764857834769997e-11,6.89587954614845e-12,4,-2.186045209521398e-06,-0.006808692292899883,-2.5056579471944966e-07,9.809999989725863,2.910433075664919e-11,5.933604645694296e-12,4,-2.4046672069885644e-06,0.17189548037826807,7.554035605342881e-06,0.0,0.0,nan,0,-0.07999644420684823,1.3927593550186304e-15,-1.744369520368212e-11,-1.8552426540294606e-16,2
9.63,4.0,2.070482733576262e-05,8.447797247155253e-07,19.62000000000157,6.769938627684891e-11,6.90105874381687e-12,4,-2.186045209521398e-06,-0.0068086935457289865,-2.5056584396643247e-07,9.809999989732045,2.912894816806531e-11,5.938623485943745e-12,4,-2.404667294265972e-06,0.17189551814843854,7.5540327140427285e-06,0.0,0.0,nan,0,-0.07999644420676097,-1.433424376467168e-15,-1.7443991411185098e-11,-7.2940602474729e-15,2
9.635,4.0,2.0709051234893682e-05,8.447799180377345e-07,19.61999999999858,6.75588489677082e-11,6.886732820358113e-12,4,-2.186045209521398e-06,-0.0068086947985583355,-2.505658932676073e-07,9.80999998972909,2.9013054370175952e-11,5.914995800316442e-12,4,-2.404667381515624e-06,0.1718955559185945,7.554029822791251e-06,0.0,0.0,nan,0,-0.07999644420667373,-2.057813805516356e-15,-1.7444471027531737e-11,-3.1125162475247113e-15,2
9.64,4.0,2.0713275134991487e-05,8.447801114141724e-07,19.620000000001433,6.761702942192014e-11,6.892663549634577e-12,4,-2.186045209521398e-06,-0.0068086960513879325,-2.5056594255962704e-07,9.809999989731116,2.90927380021219e-11,5.9312411891081574e-12,4,-2.404667468758337e-06,0.17189559368873603,7.554026931419544e-06,0.0,0.0,nan,0,-0.07999644420658653,-1.4911838158078707e-16,-1.7444652660018562e-11,-4.546480306130562e-15,2
9.645,4.0,2.0717499036056204e-05,8.447803048001169e-07,19.620000000001955,6.760687180716377e-11,6.89162811489878e-12,4,-2.186045209521398e-06,-0.006808697304217773,-2.505659918275786e-07,9.809999989730986,2.907774172684711e-11,5.928183844502632e-12,4,-2.4046675559802333e-06,0.1718956314588631,7.554024040181462e-06,0.0,0.0,nan,0,-0.07999644420649929,3.993789857110447e-15,-1.7443544657439985e-11,-6.1039011650747306e-15,2
9.65,4.0,2.0721722938087765e-05,8.44780498128641e-07,19.619999999970368,6.767677646542568e-11,6.8987539720211915e-12,4,-2.186045209500581e-06,-0.006808698557047864,-2.505660411066936e-07,9.809999989710148,2.91805671898833e-11,5.949147241690361e-12,4,-2.404667643188252e-06,0.17189566922897573,7.554021148862974e-06,0.0,0.0,nan,0,-0.07999644420641214,4.646600995590038e-15,-1.7443962989475665e-11,-2.505002208449824e-15,2
9.655,4.0,2.0725946841086142e-05,8.447806915390186e-07,19.620000000006005,6.750835745476936e-11,6.88158587714054e-12,4,-2.186045209500581e-06,-0.006808699809878197,-2.5056609045379886e-07,9.809999989737001,2.897796296803926e-11,5.907841589878766e-12,4,-2.4046677304725983e-06,0.17189570699907386,7.554018257567263e-06,0.0,0.0,nan,0,-0.07999644420632487,2.791196276836477e-15,-1.7443131210385616e-11,-5.845885334151845e-15,2
9.66,4.0,2.07301707450512e-05,8.447808848627684e-07,19.620000000000203,6.76554909009162e-11,6.896584189695769e-12,4,-2.186045209500581e-06,-0.0068087010627087795,-2.5056613972013584e-07,9.809999989731597,2.9104107072180214e-11,5.93355904233319e-12,4,-2.404667817743067e-06,0.17189574476915756,7.554015366260982e-06,0.0,0.0,nan,0,-0.07999644420623762,-5.512383768939993e-15,-1.7455241967227437e-11,-3.85307369425779e-17,2
9.665000000000001,4.0,2.0734394649983098e-05,8.447810782150612e-07,19.620000000001923,6.748930008824824e-11,6.879643230197924e-12,4,-2.1860452095283367e-06,-0.006808702315539606,-2.505661890661154e-07,9.809999989731676,2.8953596584313362e-11,5.902873927547334e-12,4,-2.4046679050065967e-06,0.17189578253922683,7.554012474925864e-06,0.0,0.0,nan,0,-0.07999644420615035,-6.6092841172696475e-15,-1.7449908455817134e-11,-7.558737416543541e-15,2
9.67,4.0,2.0738618555881697e-05,8.447812715626136e-07,19.61999999999662,6.751812053915188e-11,6.882581094715955e-12,4,-2.1860452095283367e-06,-0.006808703568370682,-2.505662383084842e-07,9.809999989727048,2.8944394431272283e-11,5.9009978514949266e-12,4,-2.404667992172982e-06,0.1718958203092816,7.554009583597565e-06,0.0,0.0,nan,0,-0.0799964442060632,1.0854496218023876e-15,-1.7442746629129888e-11,-2.616912689332044e-15,2
9.675,4.0,2.0742842462747383e-05,8.44781465026314e-07,19.620000000001326,6.769386487079108e-11,6.900495909356423e-12,4,-2.1860452095283367e-06,-0.006808704821202003,-2.5056628758273705e-07,9.809999989731772,2.914335278509361e-11,5.941560207053671e-12,4,-2.4046680794573283e-06,0.17189585807932192,7.55400669197095e-06,0.0,0.0,nan,0,-0.07999644420597594,-9.888910774072548e-16,-1.7451044880105153e-11,-7.05158753889477e-15,2
9.68,4.0,2.0747066370579995e-05,8.44781658342028e-07,19.62000000000125,6.754103451986962e-11,6.884916872565272e-12,4,-2.1860452095283367e-06,-0.006808706074033571,-2.505663368971097e-07,9.809999989730802,2.9012623835406427e-11,5.914908025642632e-12,4,-2.4046681667069802e-06,0.17189589584934778,7.554003800507573e-06,0.0,0.0,nan,0,-0.07999644420588872,1.2843737457550263e-16,-1.7444836957040657e-11,-3.5738678961492535e-16,2
9.685,4.0,2.0751290279379315e-05,8.447818517370026e-07,19.61999999999928,6.765362659136348e-11,6.896394147947601e-12,4,-2.1860452095283367e-06,-0.006808707326865384,-2.5056638614136135e-07,9.80999998972853,2.911850597327009e-11,5.936494598115872e-12,4,-2.404668253914999e-06,0.1718959336193592,7.554000908937893e-06,0.0,0.0,nan,0,-0.07999644420580154,3.557250163827836e-15,-1.744461757697099e-11,-7.527207082644186e-15,2
9.69,4.0,2.0755514189145676e-05,8.447820451260914e-07,19.620000000000374,6.751554405943288e-11,6.882318456618919e-12,4,-2.1860452095109895e-06,-0.006808708579697445,-2.505664354267837e-07,9.809999989730084,2.8957492695801473e-11,5.9036682418178515e-12,4,-2.404668341150773e-06,0.17189597138935617,7.553998017504085e-06,0.0,0.0,nan,0,-0.07999644420571433,7.031360052484877e-15,-1.7444622461952305e-11,-3.5344009968822724e-15,2
9.695,4.0,2.075973809987901e-05,8.44782238540188e-07,19.620000000005557,6.759195682080067e-11,6.890107728927781e-12,4,-2.1860452095040506e-06,-0.006808709832529751,-2.5056648470684715e-07,9.809999989733889,2.9049234993416547e-11,5.922372074172561e-12,4,-2.4046684284281805e-06,0.17189600915933867,7.553995125866269e-06,0.0,0.0,nan,0,-0.07999644420562708,1.3003887993698183e-15,-1.74508259441247e-11,-1.8596835461279827e-16,2
9.700000000000001,4.0,2.0763962011579106e-05,8.447824318443981e-07,19.619999999994317,6.758791726347217e-11,6.889695949387539e-12,4,-2.1860452095040506e-06,-0.006808711085362304,-2.505665339410264e-07,9.809999989726283,2.904680119246359e-11,5.9218758864186405e-12,4,-2.4046685156778325e-06,0.17189604692930668,7.553992234388379e-06,0.0,0.0,nan,0,-0.07999644420553984,-1.3068589516599005e-15,-1.7450517302123854e-11,-6.3792364751817714e-15,2
9.705,4.0,2.0768185924245944e-05,8.447826252157827e-07,19.620000000001404,6.755040828269763e-11,6.8858724039442195e-12,4,-2.186045209521398e-06,-0.006808712338195104,-2.505665833091252e-07,9.809999989730022,2.901673243433695e-11,5.9157456604922e-12,4,-2.404668602948301e-06,0.1718960846992603,7.553989342883532e-06,0.0,0.0,nan,0,-0.07999644420545257,-6.6186099906764984e-15,-1.7455752225729563e-11,1.0028584601558195e-15,2
9.71,4.0,2.0772409837879566e-05,8.447828185652185e-07,19.62000000000333,6.754355826724192e-11,6.885174135293625e-12,4,-2.186045209538745e-06,-0.006808713591028149,-2.5056663262446505e-07,9.809999989733374,2.8990514407403255e-11,5.910400496991476e-12,4,-2.4046686902187697e-06,0.1718961224691994,7.553986451422704e-06,0.0,0.0,nan,0,-0.07999644420536528,-6.800242477505175e-15,-1.7457253691348064e-11,-6.324613502370214e-15,2
9.715,4.0,2.0776633752479734e-05,8.447830118620267e-07,19.619999999996416,6.759757981725686e-11,6.89068091919156e-12,4,-2.186045209538745e-06,-0.006808714843861442,-2.5056668191407966e-07,9.809999989726478,2.9017470310554476e-11,5.915896093974112e-12,4,-2.4046687773990327e-06,0.17189616023912407,7.553983559763409e-06,0.0,0.0,nan,0,-0.07999644420527816,2.118401123913634e-15,-1.7443346593652406e-11,-4.3110559845003334e-16,2
9.72,4.0,2.078085766804678e-05,8.447832052725383e-07,19.6199999999992,6.763551621190508e-11,6.8945480338336225e-12,4,-2.186045209538745e-06,-0.00680871609669498,-2.5056673124067075e-07,9.809999989729146,2.910530385946082e-11,5.933803035664308e-12,4,-2.404668864634807e-06,0.17189619800903425,7.553980668199021e-06,0.0,0.0,nan,0,-0.07999644420519095,2.0580049913740263e-15,-1.7445601678660032e-11,-7.585826858344393e-15,2
9.725,4.0,2.0785081584580866e-05,8.447833987094957e-07,19.62000000000595,6.756173761028774e-11,6.887027279334073e-12,4,-2.186045209538745e-06,-0.006808717349528767,-2.505667805134871e-07,9.809999989735426,2.899867112040549e-11,5.912063435422609e-12,4,-2.4046689518983366e-06,0.17189623577893,7.553977776517999e-06,0.0,0.0,nan,0,-0.07999644420510368,4.527140998140374e-15,-1.744369609186057e-11,-1.8930472772764415e-15,2
9.73,4.0,2.0789305502082094e-05,8.447835921203362e-07,19.619999999999973,6.774704136977211e-11,6.905916551454863e-12,4,-2.1860452095248672e-06,-0.006808718602362797,-2.505668297052546e-07,9.809999989729736,2.917778954130907e-11,5.948580952468056e-12,4,-2.4046690390924774e-06,0.17189627354881132,7.553974884536906e-06,0.0,0.0,nan,0,-0.07999644420501653,6.62723887152132e-15,-1.744333460324375e-11,-6.675888067361621e-15,2
9.735,4.0,2.079352942055043e-05,8.447837855321151e-07,19.620000000006925,6.751321709258869e-11,6.8820812530647155e-12,4,-2.186045209514459e-06,-0.006808719855197077,-2.5056687900991305e-07,9.809999989735326,2.8973322416072733e-11,5.906895503850951e-12,4,-2.404669126369885e-06,0.17189631131867814,7.553971992935998e-06,0.0,0.0,nan,0,-0.07999644420492927,6.591239803463283e-16,-1.745048044271944e-11,-3.3763052381756553e-15,2
9.74,4.0,2.079775333998545e-05,8.447839788488682e-07,19.619999999996118,6.755234058864761e-11,6.886069377029661e-12,4,-2.186045209514459e-06,-0.0068087211080316,-2.505669282167266e-07,9.809999989728192,2.8974702924455622e-11,5.907176953067139e-12,4,-2.4046692136264758e-06,0.17189634908853052,7.553969101204595e-06,0.0,0.0,nan,0,-0.07999644420484205,-5.026106084154174e-15,-1.746174565370571e-11,-6.906814456483655e-15,2
9.745000000000001,4.0,2.0801977260387305e-05,8.447841722123335e-07,19.62000000000947,6.7575012583574e-11,6.8883804876188976e-12,4,-2.186045209545684e-06,-0.006808722360866372,-2.505669776339644e-07,9.809999989735818,2.908981960618016e-11,5.930646205222584e-12,4,-2.4046693008969444e-06,0.17189638685836842,7.5539662095813904e-06,0.0,0.0,nan,0,-0.07999644420475477,-2.4592982932809977e-16,-1.7459767236275823e-11,-2.0591366417603723e-15,2
9.75,4.0,2.080620118175562e-05,8.447843654772681e-07,19.61999999999516,6.758251602737404e-11,6.889145364667759e-12,4,-2.186045209545684e-06,-0.006808723613701388,-2.5056702688355427e-07,9.80999998972636,2.900870079280268e-11,5.914108220832291e-12,4,-2.4046693881882297e-06,0.17189642462819188,7.553963317780933e-06,0.0,0.0,nan,0,-0.0799964442046675,-2.1248712762037145e-15,-1.7450666960187576e-11,-6.800233046119641e-15,2
9.755,4.0,2.0810425104090668e-05,8.447845588734228e-07,19.61999999999995,6.761492038558858e-11,6.892448561222095e-12,4,-2.186045209545684e-06,-0.006808724866536654,-2.5056707623198706e-07,9.809999989730102,2.9082285294368486e-11,5.9291101579641515e-12,4,-2.404669475479515e-06,0.17189646239800085,7.553960426135502e-06,0.0,0.0,nan,0,-0.07999644420458021,-5.3591729915417215e-15,-1.744553373301093e-11,-4.718786919552397e-15,2
9.76,4.0,2.0814649027392703e-05,8.447847522409341e-07,19.619999999997574,6.762366745565554e-11,6.893340209547798e-12,4,-2.186045209545684e-06,-0.006808726119372163,-2.5056712551837913e-07,9.80999998972784,2.9095633573362595e-11,5.931831519638931e-12,4,-2.404669562673656e-06,0.1718965001677954,7.553957534256396e-06,0.0,0.0,nan,0,-0.07999644420449305,3.5146175996822302e-15,-1.7433582848284654e-11,-2.96546567865474e-16,2
9.765,4.0,2.081887295166171e-05,8.447849456904808e-07,19.61999999999864,6.757365611183192e-11,6.888242213235128e-12,4,-2.186045209545684e-06,-0.00680872737220792,-2.505671747539687e-07,9.80999998972829,2.9023006018452658e-11,5.9170246786629234e-12,4,-2.4046696498261633e-06,0.17189653793757548,7.553954642421195e-06,0.0,0.0,nan,0,-0.07999644420440591,5.1994920618533664e-15,-1.7444346682553e-11,-7.570283735999649e-15,2
9.77,4.0,2.08230968768978e-05,8.447851390510172e-07,19.619999999997958,6.757187951930593e-11,6.888061113079812e-12,4,-2.186045209531806e-06,-0.006808728625043924,-2.5056722405244615e-07,9.809999989728093,2.905073894023903e-11,5.922678689226837e-12,4,-2.404669737034182e-06,0.17189657570734113,7.553951750446355e-06,0.0,0.0,nan,0,-0.07999644420431873,6.889251505332854e-15,-1.7443850190816382e-11,-6.971150351502291e-16,2
9.775,4.0,2.082732080310057e-05,8.447853324279259e-07,19.620000000003103,6.754095872944978e-11,6.884909146731815e-12,4,-2.186045209521398e-06,-0.006808729877880173,-2.5056727333053836e-07,9.809999989732306,2.8987686597994524e-11,5.9098239813118564e-12,4,-2.4046698242977116e-06,0.17189661347709229,7.553948858740953e-06,0.0,0.0,nan,0,-0.07999644420423149,3.3402283667586474e-17,-1.7462485062240113e-11,-7.971296292494255e-15,2
9.78,4.0,2.08315447302702e-05,8.447855257529992e-07,19.620000000001685,6.753548962734675e-11,6.884351643969515e-12,4,-2.186045209521398e-06,-0.006808731130716669,-2.5056732263158665e-07,9.809999989732393,2.897639676795473e-11,5.907522283034207e-12,4,-2.404669911588997e-06,0.17189665124682899,7.553945966822124e-06,0.0,0.0,nan,0,-0.07999644420414423,-1.6563571598119021e-15,-1.745476457132688e-11,-3.719846931303445e-17,2
9.785,4.0,2.0835768658406523e-05,8.447857191231788e-07,19.61999999999668,6.76838403542609e-11,6.899474042229599e-12,4,-2.186045209538745e-06,-0.006808732383553412,-2.5056737190140854e-07,9.809999989726542,2.914875113891808e-11,5.942660788877456e-12,4,-2.4046699988664044e-06,0.17189668901655122,7.553943074926889e-06,0.0,0.0,nan,0,-0.07999644420405697,-6.742954969434519e-15,-1.7460695382724437e-11,-7.73459674364417e-15,2
9.790000000000001,4.0,2.0839992587509908e-05,8.447859125349263e-07,19.61999999999885,6.763347886853394e-11,6.894340353571652e-12,4,-2.1860452095491534e-06,-0.006808733636390401,-2.5056742117364786e-07,9.809999989729949,2.9094358738521483e-11,5.931571614471e-12,4,-2.404670086143812e-06,0.171896726786259,7.55394018291456e-06,0.0,0.0,nan,0,-0.07999644420396969,3.2694525137847974e-16,-1.744655469410439e-11,-3.4424745304433135e-15,2
9.795,4.0,2.0844216517580218e-05,8.447861059252615e-07,19.62000000000601,6.758057392936816e-11,6.888947393409527e-12,4,-2.1860452095491534e-06,-0.006808734889227635,-2.505674704833348e-07,9.809999989736792,2.9041411277778886e-11,5.920777025109474e-12,4,-2.4046701734350973e-06,0.17189676455595235,7.553937290864286e-06,0.0,0.0,nan,0,-0.07999644420388244,-4.093518743469043e-15,-1.7445435589295566e-11,-7.357565004481468e-15,2
9.8,4.0,2.0848440448617412e-05,8.447862992838217e-07,19.61999999999989,6.759942962732826e-11,6.890869482908118e-12,4,-2.1860452095491534e-06,-0.006808736142065118,-2.505675197461655e-07,9.809999989729834,2.907323932932056e-11,5.927265924517342e-12,4,-2.404670260698627e-06,0.1718968023256312,7.553934398989888e-06,0.0,0.0,nan,0,-0.07999644420379518,-6.061278032314671e-15,-1.744663685060821e-11,-4.7658603757965014e-15,2
9.805,4.0,2.0852664380621227e-05,8.447864925890691e-07,19.619999999999408,6.761130621684327e-11,6.8920801444286756e-12,4,-2.1860452095491534e-06,-0.006808737394902845,-2.5056756905173166e-07,9.809999989729286,2.9066984934867043e-11,5.92599081861348e-12,4,-2.404670347934401e-06,0.17189684009529563,7.553931507055662e-06,0.0,0.0,nan,0,-0.07999644420370797,-5.5909875590834535e-15,-1.74466679368529e-11,-7.118645009582134e-15,2
9.81,4.0,2.085688831359183e-05,8.447866859523811e-07,19.619999999999234,6.761583057148911e-11,6.89254134265971e-12,4,-2.1860452095491534e-06,-0.006808738647740821,-2.5056761838316334e-07,9.809999989728425,2.9097776934455043e-11,5.9322684943775565e-12,4,-2.404670435114664e-06,0.17189687786494556,7.5539286150030814e-06,0.0,0.0,nan,0,-0.07999644420362079,-2.276305696762586e-15,-1.743990223774083e-11,-4.841355541471013e-15,2
9.815,4.0,2.0861112247529362e-05,8.447868793869247e-07,19.620000000004516,6.756330598149855e-11,6.8871871540757384e-12,4,-2.1860452095491534e-06,-0.0068087399005790404,-2.505676676743619e-07,9.809999989733367,2.9030646200189163e-11,5.918582310004306e-12,4,-2.4046705223296216e-06,0.17189691563458104,7.553925722876118e-06,0.0,0.0,nan,0,-0.07999644420353362,2.786311295528128e-15,-1.7444270299208908e-11,4.060025621173313e-16,2
9.82,4.0,2.086533618243375e-05,8.447870727154659e-07,19.61999999998533,6.76690074985317e-11,6.897962028397788e-12,4,-2.1860452095283367e-06,-0.00680874115341751,-2.5056771685689535e-07,9.809999989720842,2.9084678719404744e-11,5.929598114144828e-12,4,-2.4046706095237624e-06,0.17189695340420205,7.553922830850629e-06,0.0,0.0,nan,0,-0.07999644420344645,8.642931952970582e-16,-1.7451292237795056e-11,-7.39930939020737e-15,2
9.825000000000001,4.0,2.0869560118305164e-05,8.447872661176443e-07,19.619999999997766,6.765590677192737e-11,6.8966265822563784e-12,4,-2.1860452095283367e-06,-0.006808742406256222,-2.5056776622563247e-07,9.809999989729572,2.9148785789913025e-11,5.942667853298653e-12,4,-2.4046706968150477e-06,0.17189699117380863,7.553919938764294e-06,0.0,0.0,nan,0,-0.07999644420335919,-4.427917918486138e-15,-1.74492427660916e-11,8.670242023513798e-17,2
9.83,4.0,2.0873784055143383e-05,8.447874595379704e-07,19.619999999999177,6.769508581211273e-11,6.900620368207499e-12,4,-2.1860452095560923e-06,-0.006808743659095183,-2.505678154370704e-07,9.809999989729398,2.914183596795981e-11,5.941250968087649e-12,4,-2.4046707840785775e-06,0.17189702894340073,7.553917046500955e-06,0.0,0.0,nan,0,-0.07999644420327193,-6.913041136807089e-15,-1.7464543415727782e-11,-7.647999347723402e-15,2
9.835,4.0,2.087800799294856e-05,8.447876528352815e-07,19.619999999998832,6.757396927732209e-11,6.888274136322743e-12,4,-2.186045209563031e-06,-0.006808744911934389,-2.505678648046797e-07,9.80999998972996,2.904311485313675e-11,5.9211243391522616e-12,4,-2.404670871362924e-06,0.17189706671297836,7.553914154547668e-06,0.0,0.0,nan,0,-0.07999644420318464,6.058332751643206e-16,-1.744591698199904e-11,-2.2718553732785444e-15,2
9.84,4.0,2.0882231931720297e-05,8.447878462015692e-07,19.61999999999783,6.768198807697376e-11,6.89928522701134e-12,4,-2.186045209563031e-06,-0.006808746164773844,-2.505679140898637e-07,9.809999989728338,2.915336404385027e-11,5.943601238404811e-12,4,-2.4046709586403314e-06,0.17189710448254153,7.553911262334846e-06,0.0,0.0,nan,0,-0.0799964442030974,-1.961446446978891e-15,-1.7445245963202962e-11,-7.242101809920446e-15,2
9.845,4.0,2.0886455871458925e-05,8.44788039563073e-07,19.619999999996615,6.755329239828091e-11,6.886166401456938e-12,4,-2.186045209563031e-06,-0.006808747417613543,-2.5056796342142464e-07,9.809999989726508,2.903560840300669e-11,5.9195939721537496e-12,4,-2.4046710458761056e-06,0.17189714225209024,7.553908370354149e-06,0.0,0.0,nan,0,-0.07999644420301016,-2.4699285922572112e-15,-1.7440835713259936e-11,-9.156069263964556e-16,2
9.85,4.0,2.0890679812164445e-05,8.447882329770082e-07,19.620000000001184,6.751429484097685e-11,6.882191115287745e-12,4,-2.186045209563031e-06,-0.0068087486704534895,-2.5056801270209575e-07,9.809999989730638,2.8989192104389286e-11,5.91013091431925e-12,4,-2.4046711331465742e-06,0.17189718002162452,7.553905477996795e-06,0.0,0.0,nan,0,-0.07999644420292293,-7.419774767306165e-16,-1.7444530535485878e-11,-7.589823661233047e-15,2
9.855,4.0,2.0894903753836884e-05,8.447884263678335e-07,19.62000000001182,6.74695014763256e-11,6.877625023066764e-12,4,-2.186045209563031e-06,-0.006808749923293681,-2.505680619564704e-07,9.809999989740698,2.8905807143053536e-11,5.893130922178031e-12,4,-2.404671220333776e-06,0.1718972177911443,7.553902585806559e-06,0.0,0.0,nan,0,-0.07999644420283575,4.006668444196103e-15,-1.7443001536336368e-11,-4.150352730944313e-15,2
9.86,4.0,2.0899127696476302e-05,8.447886197342508e-07,19.620000000001422,6.764950101653737e-11,6.895973600054278e-12,4,-2.1860452095422145e-06,-0.006808751176134121,-2.5056811121273913e-07,9.809999989730404,2.910558982127856e-11,5.9338613357283874e-12,4,-2.4046713075071002e-06,0.17189725556064964,7.5538996933786155e-06,0.0,0.0,nan,0,-0.07999644420274864,6.913676411874614e-15,-1.7437257242406965e-11,-1.3019645389660086e-15,2
9.865,4.0,2.0903351640082666e-05,8.447888131347465e-07,19.6199999999995,6.763775991398266e-11,6.894776749641629e-12,4,-2.186045209538745e-06,-0.006808752428974807,-2.5056816047430086e-07,9.809999989730581,2.9115239624891885e-11,5.935828675916542e-12,4,-2.404671394777569e-06,0.1718972933301405,7.553896801137934e-06,0.0,0.0,nan,0,-0.07999644420266136,1.5495228460957081e-15,-1.7447627169546172e-11,-6.738948735160324e-15,2
9.870000000000001,4.0,2.0907575584655955e-05,8.447890064938088e-07,19.62000000000009,6.759093220396579e-11,6.890003282769162e-12,4,-2.186045209538745e-06,-0.006808753681815738,-2.5056820977125946e-07,9.809999989731514,2.9072739372614e-11,5.927163996543425e-12,4,-2.404671482068854e-06,0.17189733109961694,7.553893908697857e-06,0.0,0.0,nan,0,-0.07999644420257412,-6.755833556520163e-15,-1.7450395621680376e-11,-1.4862615610537844e-15,2
9.875,4.0,2.0911799530195797e-05,8.447891997915884e-07,19.620000000013583,6.7501676933817e-11,6.880904886215114e-12,4,-2.1860452095665006e-06,-0.006808754934656916,-2.505682591781429e-07,9.809999989738218,2.896769902043437e-11,5.905749041944164e-12,4,-2.404671569318506e-06,0.1718973688690789,7.553891016805138e-06,0.0,0.0,nan,0,-0.07999644420248683,-1.0874788819939641e-15,-1.743937243931347e-11,-6.620376916130359e-15,2
9.88,4.0,2.091602347670219e-05,8.447893931451142e-07,19.619999999998246,6.766389499022051e-11,6.8974408756601994e-12,4,-2.1860452095665006e-06,-0.006808756187498341,-2.505683084132045e-07,9.809999989728823,2.911815973002879e-11,5.936424008260106e-12,4,-2.4046716565404025e-06,0.17189740663852637,7.553888124439265e-06,0.0,0.0,nan,0,-0.07999644420239965,8.13639183314004e-17,-1.744678384413666e-11,-5.940292980553425e-17,2
9.885,4.0,2.0920247424175715e-05,8.447895865688558e-07,19.61999999999977,6.768467429059345e-11,6.899559051028975e-12,4,-2.1860452095665006e-06,-0.006808757440340013,-2.505683576831094e-07,9.809999989729729,2.912289242538251e-11,5.9373888798923155e-12,4,-2.4046717438039322e-06,0.1718974444079594,7.553885231958528e-06,0.0,0.0,nan,0,-0.07999644420231242,-1.3228461632144978e-15,-1.7446002247127327e-11,-7.775897040160222e-15,2
9.89,4.0,2.0924471372616204e-05,8.447897799365997e-07,19.620000000002282,6.765149017398854e-11,6.896176368397622e-12,4,-2.1860452095665006e-06,-0.00680875869318193,-2.5056840698887935e-07,9.80999998973192,2.9101409338820165e-11,5.933009045724866e-12,4,-2.404671831067462e-06,0.17189748217737796,7.553882339610733e-06,0.0,0.0,nan,0,-0.07999644420222518,-2.8190105532595113e-16,-1.744482674298885e-11,-1.072370417473524e-15,2
9.895,4.0,2.092869532202355e-05,8.447899733368189e-07,19.61999999999855,6.76476351962262e-11,6.895783404304912e-12,4,-2.1860452095665006e-06,-0.006808759946024095,-2.5056845623517416e-07,9.809999989727869,2.911598302727479e-11,5.9359802360371804e-12,4,-2.4046719182893583e-06,0.17189751994678207,7.553879447072175e-06,0.0,0.0,nan,0,-0.07999644420213797,3.385831728825716e-15,-1.744451676872037e-11,-7.192807907627086e-15,2
9.9,4.0,2.093291927239787e-05,8.447901667143034e-07,19.62000000000236,6.753934571739981e-11,6.884744721446655e-12,4,-2.186045209552623e-06,-0.006808761198866505,-2.505685055443777e-07,9.80999998973181,2.8978772014264602e-11,5.908006533047272e-12,4,-2.4046720055251325e-06,0.1718975577161717,7.5538765547924595e-06,0.0,0.0,nan,0,-0.07999644420205076,6.76313016973544e-15,-1.7436884207470667e-11,-2.2043538133813333e-15,2
9.905,4.0,2.0937143223739014e-05,8.447903600836795e-07,19.620000000005657,6.762738612324842e-11,6.893719278616607e-12,4,-2.1860452095491534e-06,-0.0068087624517091635,-2.505685548677002e-07,9.80999998973347,2.911060604899222e-11,5.934884012121825e-12,4,-2.4046720927747844e-06,0.1718975954855469,7.553873662318256e-06,0.0,0.0,nan,0,-0.07999644420196356,3.364515446752911e-15,-1.7442034754126504e-11,-6.897932672286646e-15,2
9.91,4.0,2.094136717604682e-05,8.447905534120018e-07,19.619999999998008,6.752998763281196e-11,6.883790788258799e-12,4,-2.1860452095491534e-06,-0.006808763704552065,-2.505686041207575e-07,9.809999989729729,2.897662664680042e-11,5.907569149263321e-12,4,-2.4046721800174975e-06,0.17189763325490764,7.5538707699296356e-06,0.0,0.0,nan,0,-0.07999644420187632,-1.198945273666332e-15,-1.744909266393865e-11,-4.654838073333979e-15,2
9.915000000000001,4.0,2.094559112932152e-05,8.447907468165836e-07,19.61999999999985,6.769083435102733e-11,6.900186987872361e-12,4,-2.1860452095665006e-06,-0.006808764957395216,-2.505686533526266e-07,9.809999989728885,2.911787436593033e-11,5.93636583005441e-12,4,-2.404672267287966e-06,0.17189767102425388,7.553867877367183e-06,0.0,0.0,nan,0,-0.07999644420178906,-7.14130299067002e-15,-1.7455736238518002e-11,-7.173267982393686e-15,2
9.92,4.0,2.0949815083563373e-05,8.447909402082903e-07,19.620000000002314,6.751545857440857e-11,6.882309742548482e-12,4,-2.186045209576909e-06,-0.006808766210238611,-2.5056870272875375e-07,9.80999998973087,2.900260134258452e-11,5.9128647039642225e-12,4,-2.404672354537618e-06,0.17189770879358565,7.553864984867943e-06,0.0,0.0,nan,0,-0.0799964442017018,1.8004332496609915e-15,-1.743738025511806e-11,-4.9732500367964754e-15,2
9.925,4.0,2.0954039038771845e-05,8.447911335642815e-07,19.620000000000893,6.755655514441146e-11,6.886498995352537e-12,4,-2.186045209576909e-06,-0.006808767463082255,-2.505687519609337e-07,9.809999989731432,2.8983046382152167e-11,5.908877963810402e-12,4,-2.4046724417664533e-06,0.171897746562903,7.553862092189413e-06,0.0,0.0,nan,0,-0.07999644420161461,1.0619128936803375e-15,-1.7444025161965047e-11,-4.5038477419849575e-15,2
9.93,4.0,2.095826299494729e-05,8.447913269427937e-07,19.61999999999967,6.755073457304166e-11,6.885905664938103e-12,4,-2.186045209576909e-06,-0.006808768715926144,-2.505688012348903e-07,9.809999989729024,2.900135923117658e-11,5.912611470242757e-12,4,-2.4046725290022275e-06,0.17189778433220584,7.55385919971377e-06,0.0,0.0,nan,0,-0.07999644420152738,1.5908231426117622e-15,-1.7444991944174885e-11,-6.974760105590706e-15,2
9.935,4.0,2.0962486952089606e-05,8.44791520310091e-07,19.61999999999787,6.755259536520083e-11,6.886095348135389e-12,4,-2.186045209576909e-06,-0.00680876996877028,-2.505688505326436e-07,9.809999989727133,2.9039219966664653e-11,5.920330274632831e-12,4,-2.4046726162380017e-06,0.17189782210149426,7.553856307101721e-06,0.0,0.0,nan,0,-0.07999644420144017,3.730889044879213e-15,-1.744468019354957e-11,-5.758786808611536e-16,2
9.94,4.0,2.0966710910198767e-05,8.447917136823762e-07,19.619999999997177,6.769127976093231e-11,6.900232391533338e-12,4,-2.186045209563031e-06,-0.006808771221614662,-2.5056889980169247e-07,9.809999989727306,2.916482096708712e-11,5.945937002574417e-12,4,-2.404672703466837e-06,0.17189785987076822,7.553853414546794e-06,0.0,0.0,nan,0,-0.07999644420135299,6.9212259284420634e-15,-1.7445417381637924e-11,-7.106654600916174e-15,2
9.945,4.0,2.0970934869274703e-05,8.447919070362063e-07,19.620000000004396,6.752138163773131e-11,6.882913520664239e-12,4,-2.1860452095491534e-06,-0.006808772474459291,-2.5056894916591385e-07,9.809999989733312,2.8991085642549e-11,5.9105169567563135e-12,4,-2.4046727907442444e-06,0.1718978976400277,7.553850521971602e-06,0.0,0.0,nan,0,-0.07999644420126575,1.6970982903139043e-17,-1.745612037568452e-11,-1.1642968839124854e-15,2
9.950000000000001,4.0,2.0975158829317294e-05,8.447921003364287e-07,19.61999999999349,6.762360776300886e-11,6.8933341246718965e-12,4,-2.1860452095491534e-06,-0.006808773727304166,-2.5056899842098646e-07,9.809999989724986,2.906936588591573e-11,5.9264762316744225e-12,4,-2.4046728779869575e-06,0.17189793540927273,7.553847629466326e-06,0.0,0.0,nan,0,-0.07999644420117853,1.9980529480442683e-15,-1.744874138937365e-11,-7.345130506605657e-15,2
9.955,4.0,2.0979382790326756e-05,8.447922937592253e-07,19.61999999999713,6.762070189013498e-11,6.893037909291017e-12,4,-2.1860452095491534e-06,-0.006808774980149288,-2.5056904777074507e-07,9.809999989728526,2.9068294950479425e-11,5.926257896211035e-12,4,-2.404672965278243e-06,0.17189797317850328,7.553844736738205e-06,0.0,0.0,nan,0,-0.07999644420109125,-6.083926582017021e-15,-1.7456946825704042e-11,-3.582806720755926e-15,2
9.96,4.0,2.0983606752303205e-05,8.447924871585476e-07,19.619999999999692,6.759494916286567e-11,6.890412758702012e-12,4,-2.1860452095734395e-06,-0.0068087762329946564,-2.505690970208387e-07,9.809999989729867,2.9049516314166254e-11,5.922429428048588e-12,4,-2.4046730525487114e-06,0.17189801094771934,7.5538418439778596e-06,0.0,0.0,nan,0,-0.07999644420100399,-6.49204456586923e-15,-1.7450954729995534e-11,-6.801565313749181e-15,2
9.965,4.0,2.098783071524668e-05,8.447926805361749e-07,19.61999999999848,6.762753627188394e-11,6.893734584290436e-12,4,-2.1860452095803784e-06,-0.006808777485840272,-2.505691462776506e-07,9.809999989727329,2.9080246333221287e-11,5.9286944676193784e-12,4,-2.404673139770608e-06,0.17189804871692096,7.553838951298329e-06,0.0,0.0,nan,0,-0.07999644420091678,2.3613179217016186e-15,-1.7438360360004186e-11,-1.8659578354755857e-15,2
9.97,4.0,2.0992054679157013e-05,8.447928739284711e-07,19.6199999999973,6.759509656434995e-11,6.8904277843383534e-12,4,-2.1860452095803784e-06,-0.006808778738686134,-2.505691955640665e-07,9.809999989727107,2.907116303397617e-11,5.926842622715409e-12,4,-2.4046732269786264e-06,0.17189808648610813,7.553836058468535e-06,0.0,0.0,nan,0,-0.0799964442008296,1.926998674468258e-15,-1.7445066551162133e-11,-4.514505883021361e-15,2
9.975,4.0,2.0996278644034313e-05,8.447930673215207e-07,19.62000000000105,6.755654145447881e-11,6.886497599844567e-12,4,-2.1860452095803784e-06,-0.00680877999153224,-2.5056924481069937e-07,9.809999989730322,2.903344853544148e-11,5.919153632178467e-12,4,-2.4046733142282783e-06,0.1718981242552808,7.553833165715661e-06,0.0,0.0,nan,0,-0.07999644420074234,3.603435441652244e-15,-1.7444627346933594e-11,-6.213147110697851e-15,2
9.98,4.0,2.1000502609878483e-05,8.447932606854527e-07,19.620000000001628,6.75960938485161e-11,6.890529444292608e-12,4,-2.18604520956997e-06,-0.006808781244378595,-2.505692940991638e-07,9.80999998973194,2.9073499283770416e-11,5.927318922365229e-12,4,-2.404673401436297e-06,0.17189816202443906,7.553830272977561e-06,0.0,0.0,nan,0,-0.07999644420065519,6.672535970926028e-15,-1.744425830880021e-11,-2.312654540175082e-16,2
9.985,4.0,2.1004726576689518e-05,8.447934540693148e-07,19.62000000000346,6.760237452518681e-11,6.89116967636849e-12,4,-2.1860452095595617e-06,-0.006808782497225194,-2.505693433907481e-07,9.809999989732296,2.9059427403349432e-11,5.9244500374647676e-12,4,-2.4046734886998267e-06,0.17189819979358284,7.553827380087203e-06,0.0,0.0,nan,0,-0.07999644420056795,-6.829136118205588e-16,-1.745653382273889e-11,-8.346107585607704e-15,2
9.99,4.0,2.1008950544467166e-05,8.447936473409965e-07,19.619999999994654,6.758322931523067e-11,6.889218074948939e-12,4,-2.1860452095595617e-06,-0.006808783750072042,-2.505693926897397e-07,9.809999989726995,2.9013926722872863e-11,5.9151736500012575e-12,4,-2.4046735759633564e-06,0.17189823756271216,7.553824487512503e-06,0.0,0.0,nan,0,-0.07999644420048069,-2.0000822082358447e-15,-1.745707872019938e-11,-2.2065742594305883e-15,2
9.995000000000001,4.0,2.1013174513211557e-05,8.447938407331167e-07,19.619999999999234,6.752901001069085e-11,6.883691132588531e-12,4,-2.186045209583848e-06,-0.006808785002919133,-2.5056944205259364e-07,9.809999989728675,2.8990514155399492e-11,5.910400445617393e-12,4,-2.404673663247703e-06,0.171898275331827,7.5538215947508835e-06,0.0,0.0,nan,0,-0.07999644420039342,-6.931248794410942e-15,-1.7472757289753143e-11,-6.8104470979461886e-15,2
10.0,4.0,2.101739848292277e-05,8.447940340635495e-07,19.619999999994704,6.759345544740056e-11,6.890260494130357e-12,4,-2.1860452095873173e-06,-0.006808786255766475,-2.5056949136049993e-07,9.809999989725807,2.9062132694500836e-11,5.925001574910937e-12,4,-2.404673750545927e-06,0.17189831310092737,7.5538187017812875e-06,0.0,0.0,nan,0,-0.07999644420030613,-1.2402455701823896e-15,-1.744867832870586e-11,-2.8198614582335264e-15,2
10.005,4.0,2.102162245360087e-05,8.447942274970472e-07,19.619999999999102,6.758602358837126e-11,6.889502914207376e-12,4,-2.1860452095873173e-06,-0.006808787508614059,-2.5056954064415323e-07,9.809999989729866,2.903289074599719e-11,5.919039913637484e-12,4,-2.4046738378372123e-06,0.17189835087001332,7.553815808903085e-06,0.0,0.0,nan,0,-0.07999644420021887,-5.809035361119833e-15,-1.7446155013815492e-11,-6.754047768295231e-15,2
10.01,4.0,2.102584642524599e-05,8.447944208984763e-07,19.620000000000555,6.77246359226487e-11,6.903632611890599e-12,4,-2.186045209594256e-06,-0.006808788761461893,-2.505695898729479e-07,9.809999989730228,2.915636426434933e-11,5.9442129041533504e-12,4,-2.4046739250591087e-06,0.17189838863908477,7.553812915941695e-06,0.0,0.0,nan,0,-0.07999644420013166,-5.6935721665588155e-15,-1.744456473035502e-11,-2.5245421336832344e-15,2
10.015,4.0,2.1030070397858245e-05,8.447946143149082e-07,19.6200000000002,6.757320192154419e-11,6.888195914530428e-12,4,-2.186045209594256e-06,-0.00680879001430997,-2.505696391114478e-07,9.809999989729532,2.9021855023976833e-11,5.91679002127644e-12,4,-2.404674012281005e-06,0.17189842640814174,7.5538100229050654e-06,0.0,0.0,nan,0,-0.07999644420004445,-4.80494965764884e-15,-1.7450334337369397e-11,-7.075568356226675e-15,2
10.02,4.0,2.1034294371437513e-05,8.447948076957416e-07,19.619999999999994,6.76005456474711e-11,6.8909832464292685e-12,4,-2.186045209594256e-06,-0.006808791267158295,-2.505696883814486e-07,9.809999989728508,2.906850433516824e-11,5.926300584221042e-12,4,-2.4046740995029015e-06,0.17189846417718424,7.553807129987715e-06,0.0,0.0,nan,0,-0.07999644419995725,-1.7758171572615625e-15,-1.744420146538137e-11,-4.463879713098456e-15,2
10.025,4.0,2.1038518345983517e-05,8.447950010346952e-07,19.620000000001724,6.762454101065052e-11,6.89342925694644e-12,4,-2.186045209594256e-06,-0.006808792520006867,-2.505697376702074e-07,9.809999989729876,2.908272697476327e-11,5.929200204935796e-12,4,-2.4046741866970422e-06,0.1718985019462123,7.553804236998445e-06,0.0,0.0,nan,0,-0.07999644419987009,3.981355359234649e-15,-1.7444037596462938e-11,3.549323029845741e-16,2
10.03,4.0,2.1042742321496128e-05,8.447951943286913e-07,19.619999999979495,6.756087528320148e-11,6.886939376480336e-12,4,-2.18604520956997e-06,-0.0068087937728556844,-2.5056978697942226e-07,9.80999998971628,2.903698114653577e-11,5.9198738383231256e-12,4,-2.4046742739119997e-06,0.1718985397152259,7.553801344131429e-06,0.0,0.0,nan,0,-0.07999644419978291,2.693496650669468e-15,-1.7452575655611516e-11,-7.722606334978216e-15,2
10.035,4.0,2.1046966297975434e-05,8.447953877101039e-07,19.619999999994135,6.756376888878941e-11,6.887234341366933e-12,4,-2.18604520956997e-06,-0.0068087950257047485,-2.5056983634081137e-07,9.809999989726105,2.902855212523446e-11,5.91815538341197e-12,4,-2.404674361203285e-06,0.17189857748422505,7.553798451180326e-06,0.0,0.0,nan,0,-0.07999644419969565,-6.0985815259420714e-15,-1.746451765855359e-11,-1.819772557651185e-15,2
10.040000000000001,4.0,2.1051190275421713e-05,8.447955811293413e-07,19.62000000000719,6.76535820321732e-11,6.896389605723588e-12,4,-2.1860452095977256e-06,-0.00680879627855406,-2.505698856831111e-07,9.809999989734743,2.9135417263886874e-11,5.939942363786828e-12,4,-2.4046744484668148e-06,0.17189861525320968,7.553795558102806e-06,0.0,0.0,nan,0,-0.07999644419960839,4.2331260991594637e-16,-1.7457970007243564e-11,-6.913919883841254e-15,2
10.045,4.0,2.1055414253834903e-05,8.447957744823834e-07,19.61999999999803,6.759458784971559e-11,6.890375927596572e-12,4,-2.1860452095977256e-06,-0.006808797531403617,-2.50569934928671e-07,9.809999989728912,2.9056477862313228e-11,5.923848703921593e-12,4,-2.4046745357581e-06,0.17189865302217988,7.553792665139959e-06,0.0,0.0,nan,0,-0.07999644419952111,-1.8371014682208725e-15,-1.745889548915689e-11,-2.0213890589231126e-15,2
10.05,4.0,2.1059638233215067e-05,8.447959679201282e-07,19.62000000000032,6.759679066840342e-11,6.8906004758819894e-12,4,-2.1860452095977256e-06,-0.006808798784253421,-2.5056998414515397e-07,9.809999989730603,2.9029644994793316e-11,5.918378190659002e-12,4,-2.4046746230493854e-06,0.1718986907911356,7.553789771831295e-06,0.0,0.0,nan,0,-0.07999644419943386,-4.486981783396196e-15,-1.7452412230782284e-11,-6.869510962856248e-15,2
10.055,4.0,2.1063862213562345e-05,8.447961613030461e-07,19.61999999999873,6.749027166634806e-11,6.8797422697606966e-12,4,-2.1860452095977256e-06,-0.006808800037103472,-2.505700334183589e-07,9.809999989728428,2.8924763613416888e-11,5.8969956460148e-12,4,-2.404674710312915e-06,0.17189872856007687,7.553786878645058e-06,0.0,0.0,nan,0,-0.0799964441993466,-5.57766488278795e-15,-1.7443967430367774e-11,-4.709461046145544e-15,2
10.06,4.0,2.1068086194876414e-05,8.4479635465737e-07,19.619999999998146,6.765500958296295e-11,6.896535125684948e-12,4,-2.1860452095977256e-06,-0.0068088012899537665,-2.5057008267662483e-07,9.809999989727533,2.910302083391751e-11,5.9333375870321135e-12,4,-2.404674797507056e-06,0.17189876632900364,7.553783985571958e-06,0.0,0.0,nan,0,-0.07999644419925944,-3.2213275353235177e-15,-1.7444607362919164e-11,-7.180373409751292e-15,2
10.065,4.0,2.1072310177157224e-05,8.447965479809727e-07,19.619999999994697,6.765869936715365e-11,6.896911250476242e-12,4,-2.1860452095977256e-06,-0.006808802542804311,-2.5057013199748956e-07,9.80999998972343,2.914935337059286e-11,5.942783568018059e-12,4,-2.4046748847011967e-06,0.17189880409791597,7.553781092496917e-06,0.0,0.0,nan,0,-0.07999644419917225,1.8581648469414984e-15,-1.7448201376894484e-11,-3.5428386918694296e-15,2
10.07,4.0,2.1076534160404703e-05,8.447967413256864e-07,19.61999999999884,6.754369218492294e-11,6.885187786434958e-12,4,-2.1860452095803784e-06,-0.0068088037956550995,-2.5057018134794676e-07,9.809999989729263,2.9000440754052924e-11,5.912424217006198e-12,4,-2.404674971930032e-06,0.17189884186681384,7.553778199464108e-06,0.0,0.0,nan,0,-0.07999644419908508,7.132612392330694e-15,-1.7441859782977826e-11,-6.852635572881947e-15,2
10.075000000000001,4.0,2.1080758144618958e-05,8.447969346979676e-07,19.619999999999408,6.756847352017861e-11,6.8877139164302394e-12,4,-2.186045209576909e-06,-0.006808805048506137,-2.505702306850775e-07,9.80999998973013,2.9034550997963115e-11,5.919378395180171e-12,4,-2.4046750592074395e-06,0.17189887963569725,7.553775306360207e-06,0.0,0.0,nan,0,-0.07999644419899779,-1.4054467562466093e-15,-1.7450295701608137e-11,-4.646400378346836e-15,2
10.08,4.0,2.1084982129800037e-05,8.447971280853737e-07,19.620000000000793,6.760525882611292e-11,6.891463692773719e-12,4,-2.1860452095977256e-06,-0.006808806301357419,-2.505702799530576e-07,9.80999998972895,2.9057889660541343e-11,5.924136532306808e-12,4,-2.404675146477908e-06,0.17189891740456617,7.55377241299528e-06,0.0,0.0,nan,0,-0.07999644419891055,-6.632376756181845e-15,-1.7455967164907133e-11,-7.98811464205893e-16,2
10.085,4.0,2.1089206115948224e-05,8.447973214739695e-07,19.61999999999848,6.763027347863032e-11,6.8940136063848675e-12,4,-2.186045209608134e-06,-0.00680880755420895,-2.5057032922639616e-07,9.809999989728542,2.9099392708061046e-11,5.932597907957036e-12,4,-2.404675233720621e-06,0.17189895517342063,7.553769519829256e-06,0.0,0.0,nan,0,-0.07999644419882329,2.047790939547479e-15,-1.7446488524812094e-11,-7.980178076691256e-15,2
10.09,4.0,2.109343010306333e-05,8.447975148927837e-07,19.620000000000573,6.763376442811678e-11,6.894369462600897e-12,4,-2.186045209608134e-06,-0.006808808807060723,-2.505703784746291e-07,9.809999989730683,2.909414474172445e-11,5.9315279861734595e-12,4,-2.4046753210119065e-06,0.1718989929422606,7.5537666265364135e-06,0.0,0.0,nan,0,-0.07999644419873603,-1.7829225846191613e-15,-1.7450987592597092e-11,-7.690574871459389e-16,2
10.095,4.0,2.1097654091145387e-05,8.447977082676523e-07,19.62000000000115,6.751844004948649e-11,6.882613664575182e-12,4,-2.186045209608134e-06,-0.006808810059912746,-2.5057042779357825e-07,9.809999989730624,2.898728326462632e-11,5.909741752287666e-12,4,-2.404675408289314e-06,0.17189903071108614,7.553763733238325e-06,0.0,0.0,nan,0,-0.07999644419864879,-2.9677525964991277e-15,-1.7442523696346556e-11,-6.985418246627115e-15,2
10.1,4.0,2.110187808019425e-05,8.447979016288215e-07,19.620000000012176,6.751920395206294e-11,6.882691534354846e-12,4,-2.186045209608134e-06,-0.006808811312765013,-2.505704770719157e-07,9.809999989741973,2.8947686350838026e-11,5.90166898697406e-12,4,-2.4046754955528438e-06,0.1718990684798972,7.553760839959511e-06,0.0,0.0,nan,0,-0.07999644419856153,-1.4964850442658707e-15,-1.7442300319474003e-11,-3.855921584813724e-15,2
10.105,4.0,2.1106102070209914e-05,8.447980950057165e-07,19.62000000000343,6.758309994372211e-11,6.889204887228369e-12,4,-2.186045209608134e-06,-0.006808812565617529,-2.5057052633721885e-07,9.809999989731994,2.903572268357969e-11,5.919617270942105e-12,4,-2.4046755827469846e-06,0.1718991062486938,7.553757946635729e-06,0.0,0.0,nan,0,-0.07999644419847438,2.2849345776074123e-15,-1.74430619324689e-11,-6.641249108993316e-15,2
10.11,4.0,2.1110326061192524e-05,8.447982883716332e-07,19.61999999999901,6.762202189149885e-11,6.893172466004308e-12,4,-2.1860452095907867e-06,-0.00680881381847029,-2.505705756162892e-07,9.809999989729533,2.908457092401378e-11,5.9295761375053085e-12,4,-2.4046756699203087e-06,0.17189914401747594,7.553755053326473e-06,0.0,0.0,nan,0,-0.07999644419838722,6.950535816292171e-15,-1.7442636050916653e-11,-4.996342675708685e-15,2
10.115,4.0,2.1114550053142074e-05,8.447984817762504e-07,19.620000000008314,6.759892184778952e-11,6.890817721484289e-12,4,-2.1860452095873173e-06,-0.006808815071323298,-2.505706249417911e-07,9.809999989736507,2.9073018706766112e-11,5.927220945399206e-12,4,-2.4046757571768995e-06,0.1718991817862436,7.553752159850864e-06,0.0,0.0,nan,0,-0.07999644419830002,2.0868707900142845e-15,-1.7444385762403467e-11,-2.879369412353436e-15,2
10.120000000000001,4.0,2.1118774046058454e-05,8.447986751439232e-07,19.619999999994214,6.754608997998282e-11,6.885432209990085e-12,4,-2.1860452095873173e-06,-0.006808816324176552,-2.5057067416927954e-07,9.80999998972621,2.900518520590392e-11,5.913391485480202e-12,4,-2.404675844454307e-06,0.1718992195549968,7.553749266541564e-06,0.0,0.0,nan,0,-0.07999644419821275,-4.649074344991466e-15,-1.7459813865642862e-11,-6.4569520869055406e-15,2
10.125,4.0,2.1122998039941814e-05,8.447988685171172e-07,19.61999999999994,6.760602920307309e-11,6.8915422225355034e-12,4,-2.1860452096116034e-06,-0.006808817577030052,-2.505707234549239e-07,9.80999998972959,2.9038738227429392e-11,5.920232060719877e-12,4,-2.4046759317178368e-06,0.1718992573237355,7.553746372967153e-06,0.0,0.0,nan,0,-0.07999644419812549,-6.7536131104709144e-15,-1.7463385675157685e-11,-4.3204388983168886e-15,2
10.13,4.0,2.1127222034791794e-05,8.447990618058701e-07,19.6199999999974,6.761628685776236e-11,6.89258785502256e-12,4,-2.186045209615073e-06,-0.0068088188298838,-2.505707727816469e-07,9.809999989727677,2.9092470264841445e-11,5.931186604547396e-12,4,-2.4046760189813665e-06,0.17189929509245977,7.553743479714548e-06,0.0,0.0,nan,0,-0.07999644419803822,8.394241995454558e-16,-1.744721993974073e-11,-5.5279174598992086e-15,2
10.135,4.0,2.1131446030608387e-05,8.447992551760124e-07,19.619999999999457,6.767560969715992e-11,6.898635035388561e-12,4,-2.186045209615073e-06,-0.006808820082737793,-2.5057082212354136e-07,9.809999989729548,2.9117895804802506e-11,5.936370200874029e-12,4,-2.404676106272652e-06,0.1718993328611696,7.553740586323119e-06,0.0,0.0,nan,0,-0.07999644419795099,-1.3037503271909467e-15,-1.7445448467882643e-11,-1.5324468388781947e-15,2
10.14,4.0,2.1135670027392035e-05,8.447994486237131e-07,19.620000000002264,6.756254517292275e-11,6.887109599685521e-12,4,-2.186045209615073e-06,-0.006808821335592034,-2.505708713811678e-07,9.809999989731496,2.8981694318137216e-11,5.908602313654122e-12,4,-2.4046761935223038e-06,0.17189937062986493,7.553737692809389e-06,0.0,0.0,nan,0,-0.07999644419786373,-1.0634980646620626e-15,-1.7446771409638786e-11,-6.53955267993765e-15,2
10.145,4.0,2.11398940251428e-05,8.447996419980279e-07,19.619999999997674,6.760554449036807e-11,6.8914928124746266e-12,4,-2.186045209615073e-06,-0.006808822588446521,-2.505709206415769e-07,9.809999989726395,2.9058036361276685e-11,5.9241664407151805e-12,4,-2.4046762807442e-06,0.1718994083985458,7.553734799199965e-06,0.0,0.0,nan,0,-0.07999644419777656,1.8812574858537023e-15,-1.7439368886599798e-11,-2.436168380923073e-15,2
10.15,4.0,2.1144118023860507e-05,8.447998354052204e-07,19.620000000000275,6.76043135248813e-11,6.891367331792085e-12,4,-2.186045209608134e-06,-0.006808823841301254,-2.5057096993236963e-07,9.809999989729253,2.9086240686563887e-11,5.929916558005346e-12,4,-2.4046763679660965e-06,0.1718994461672122,7.5537319058589365e-06,0.0,0.0,nan,0,-0.07999644419768934,7.226315215609055e-15,-1.743614435484708e-11,-6.925466203297356e-15,2
10.155,4.0,2.114834202354504e-05,8.448000287706244e-07,19.62000000000408,6.76056048390675e-11,6.891498964225632e-12,4,-2.1860452095873173e-06,-0.006808825094156231,-2.505710192003346e-07,9.809999989733196,2.906336219735625e-11,5.925252238078074e-12,4,-2.4046764552157485e-06,0.17189948393586416,7.553729012219798e-06,0.0,0.0,nan,0,-0.07999644419760216,-1.5191335939682276e-15,-1.745596583263953e-11,-2.9077340813742053e-16,2
10.16,4.0,2.1152566024196335e-05,8.448002220931715e-07,19.61999999999951,6.760332052159901e-11,6.891266108216177e-12,4,-2.1860452095873173e-06,-0.006808826347011458,-2.5057106848101144e-07,9.809999989730736,2.902208546367851e-11,5.91683700184695e-12,4,-2.4046765424515226e-06,0.17189952170450162,7.553726118606911e-06,0.0,0.0,nan,0,-0.07999644419751495,-1.262450030674891e-15,-1.7448488702613275e-11,-7.452156006179532e-15,2
10.165000000000001,4.0,2.11567900258145e-05,8.44800415488908e-07,19.620000000002218,6.753073765125776e-11,6.883867242737015e-12,4,-2.186045209601195e-06,-0.006808827599866929,-2.505711178213866e-07,9.809999989731951,2.89931612572642e-11,5.910940119798391e-12,4,-2.40467662972893e-06,0.17189955947312463,7.553723225128638e-06,0.0,0.0,nan,0,-0.07999644419742766,-6.795801585406672e-15,-1.7449624682812067e-11,-4.59888283289288e-15,2
10.17,4.0,2.116101402839952e-05,8.448006088676401e-07,19.62000000001039,6.760269634417528e-11,6.891202481563658e-12,4,-2.1860452096185423e-06,-0.006808828852722648,-2.505711671402513e-07,9.809999989736262,2.906374920155571e-11,5.925331138015032e-12,4,-2.40467671699246e-06,0.17189959724173315,7.553720331422483e-06,0.0,0.0,nan,0,-0.07999644419734042,-1.6599377155508744e-16,-1.7442423776274353e-11,-4.23828239449463e-15,2
10.175,4.0,2.1165238031951346e-05,8.448008022008799e-07,19.62000000000177,6.753798679940015e-11,6.884606197695622e-12,4,-2.1860452096185423e-06,-0.006808830105578611,-2.505712164416366e-07,9.809999989731784,2.8998120703423427e-11,5.911951219933949e-12,4,-2.404676804242112e-06,0.17189963501032723,7.553717437989699e-06,0.0,0.0,nan,0,-0.07999644419725316,-2.3482759908184736e-16,-1.7444266746495235e-11,-6.564421675689258e-15,2
10.18,4.0,2.1169462036469963e-05,8.448009955955598e-07,19.620000000000744,6.766935311120813e-11,6.897997259042362e-12,4,-2.1860452096185423e-06,-0.006808831358434824,-2.5057126569525685e-07,9.80999998973004,2.9132000724228904e-11,5.939245821554906e-12,4,-2.4046768914917638e-06,0.17189967277890686,7.553714544225447e-06,0.0,0.0,nan,0,-0.07999644419716595,-6.127475166642509e-16,-1.7444146842408577e-11,-6.162337585479135e-17,2
10.185,4.0,2.117368604195571e-05,8.44801189014243e-07,19.620000000000655,6.772332121745079e-11,6.903498595050819e-12,4,-2.1860452096185423e-06,-0.0068088326112912805,-2.5057131494120067e-07,9.809999989729853,2.916739032490922e-11,5.9464608267981115e-12,4,-2.4046769787414157e-06,0.17189971054747194,7.553711650540089e-06,0.0,0.0,nan,0,-0.07999644419707871,1.479356750939394e-15,-1.7444816973026243e-11,-7.914452873633448e-15,2
10.19,4.0,2.117791004840842e-05,8.448013823904328e-07,19.620000000001696,6.76158880474057e-11,6.892547201569811e-12,4,-2.1860452096185423e-06,-0.006808833864147984,-2.505713642247248e-07,9.809999989730635,2.9072095195695288e-11,5.927032665877415e-12,4,-2.40467706597719e-06,0.1718997483160226,7.553708756799805e-06,0.0,0.0,nan,0,-0.0799964441969915,5.468166033812656e-15,-1.744349447535931e-11,-1.4898142747325926e-15,2
10.195,4.0,2.1182134055827936e-05,8.448015757609688e-07,19.61999999999712,6.754953275351226e-11,6.885783155302974e-12,4,-2.1860452095977256e-06,-0.006808835117004935,-2.50571413465064e-07,9.809999989727485,2.899264788651691e-11,5.910835457059426e-12,4,-2.404677153206025e-06,0.17189978608455878,7.553705863093266e-06,0.0,0.0,nan,0,-0.07999644419690433,-1.5297917350046314e-15,-1.7457128902280127e-11,-7.29183980142366e-15,2
10.200000000000001,4.0,2.1186358064214228e-05,8.448017690602663e-07,19.619999999986288,6.76739430088789e-11,6.8984651385245866e-12,4,-2.1860452095977256e-06,-0.006808836369862133,-2.505714627495459e-07,9.809999989720135,2.910796667621973e-11,5.9343459137047644e-12,4,-2.404677240462616e-06,0.1718998238530805,7.553702969401522e-06,0.0,0.0,nan,0,-0.07999644419681709,-3.2293211411008214e-15,-1.7456970806521417e-11,-9.56019044492817e-16,2
10.205,4.0,2.1190582073567438e-05,8.448019625242037e-07,19.62000000001261,6.752430085132781e-11,6.883211095951521e-12,4,-2.186045209625481e-06,-0.006808837622719576,-2.505715121904079e-07,9.809999989738971,2.9031118013162526e-11,5.9186785002096615e-12,4,-2.4046773277261457e-06,0.17189986162158774,7.553700075709288e-06,0.0,0.0,nan,0,-0.07999644419672983,-4.4177317087197864e-16,-1.7457272343094904e-11,-6.8095589195264905e-15,2
10.21,4.0,2.119480608388735e-05,8.44802155794989e-07,19.619999999998647,6.754369940551867e-11,6.885188522479442e-12,4,-2.186045209625481e-06,-0.006808838875577266,-2.5057156145948715e-07,9.80999998972947,2.900939333159372e-11,5.914249411205904e-12,4,-2.404677415017431e-06,0.17189989939008052,7.553697181997119e-06,0.0,0.0,nan,0,-0.07999644419664254,-3.6352186789037785e-15,-1.7447030313648134e-11,-2.4263984183063733e-15,2
10.215,4.0,2.1199030095173937e-05,8.448023492211506e-07,19.62000000002196,6.766929014632315e-11,6.897990840596066e-12,4,-2.1860452096289507e-06,-0.0068088401284352035,-2.505716107468781e-07,9.809999989744144,2.9077775190263376e-11,5.928190666801776e-12,4,-2.404677502267083e-06,0.17189993715855884,7.553694288112362e-06,0.0,0.0,nan,0,-0.07999644419655533,-2.5938294818053802e-15,-1.7436693693199655e-11,-6.738060556740632e-15,2
10.22,4.0,2.1203254107427645e-05,8.448025425996371e-07,19.619999999993695,6.767230517057694e-11,6.8982981825278985e-12,4,-2.1860452096289507e-06,-0.006808841381293386,-2.505716599403692e-07,9.809999989723192,2.9114736688823834e-11,5.935726140534963e-12,4,-2.404677589433468e-06,0.1718999749270227,7.55369139424955e-06,0.0,0.0,nan,0,-0.07999644419646817,2.5460590329992444e-15,-1.7449341353896196e-11,-8.418881175613511e-16,2
10.225,4.0,2.1207478120648496e-05,8.448027360222407e-07,19.62000000000416,6.749334321363319e-11,6.8800553734575814e-12,4,-2.1860452096289507e-06,-0.006808842634151816,-2.505717092911006e-07,9.809999989733326,2.896187699315136e-11,5.904562084293877e-12,4,-2.4046776767247535e-06,0.1719000126954721,7.553688500390171e-06,0.0,0.0,nan,0,-0.07999644419638091,2.9515124815923517e-15,-1.7445460014202108e-11,-6.9592169832459655e-15,2
10.23,4.0,2.121170213483609e-05,8.448029293561266e-07,19.61999999999869,6.759525621765384e-11,6.890444058884644e-12,4,-2.1860452096289507e-06,-0.00680884388701049,-2.505717585447757e-07,9.809999989727455,2.9043360015798948e-11,5.921174321347954e-12,4,-2.40467776394665e-06,0.171900050463907,7.553685606537104e-06,0.0,0.0,nan,0,-0.0799964441962937,6.61658073048492e-15,-1.744490801131427e-11,-4.2400017109244323e-16,2
10.235,4.0,2.121592614999048e-05,8.448031227300223e-07,19.619999999992423,6.751852770365114e-11,6.882622599763223e-12,4,-2.186045209608134e-06,-0.006808845139869414,-2.505718078039179e-07,9.809999989724409,2.8957440703015285e-11,5.903657641864847e-12,4,-2.404677851196302e-06,0.17190008823232744,7.553682712683912e-06,0.0,0.0,nan,0,-0.0799964441962065,9.202205936780219e-17,-1.7458545102770345e-11,-8.422046840492072e-15,2
10.24,4.0,2.1220150166111733e-05,8.448033160749311e-07,19.619999999987915,6.758384421405042e-11,6.889280755768812e-12,4,-2.186045209608134e-06,-0.006808846392728582,-2.505718571498566e-07,9.809999989723703,2.9040905200327596e-11,5.920673849286218e-12,4,-2.4046779384737094e-06,0.1719001260007334,7.553679818775087e-06,0.0,0.0,nan,0,-0.07999644419611925,9.149193652199685e-16,-1.744712579282826e-11,-1.997852330801066e-15,2
10.245000000000001,4.0,2.1224374183199784e-05,8.448035094696579e-07,19.619999999999088,6.758709371754302e-11,6.889611999749864e-12,4,-2.186045209625481e-06,-0.006808847645587999,-2.505719064425016e-07,9.809999989728112,2.904780362359989e-11,5.922080255660624e-12,4,-2.404678025751117e-06,0.1719001637691249,7.553676924775138e-06,0.0,0.0,nan,0,-0.079996444196032,-7.100446783363812e-15,-1.7460017258501005e-11,-4.768524911055609e-15,2
10.25,4.0,2.1228598201254693e-05,8.448037028168045e-07,19.619999999997844,6.767893481405504e-11,6.898973987162331e-12,4,-2.186045209639359e-06,-0.0068088488984476584,-2.50571955732104e-07,9.809999989727775,2.91312823034896e-11,5.939099354534858e-12,4,-2.4046781130146466e-06,0.1719002015375019,7.553674030891671e-06,0.0,0.0,nan,0,-0.0799964441959447,1.4789126617295467e-15,-1.7446488968901338e-11,-6.2273579654130656e-15,2
10.255,4.0,2.123282222027654e-05,8.448038962560658e-07,19.620000000001703,6.758846652591046e-11,6.889751939439816e-12,4,-2.186045209639359e-06,-0.006808850151307568,-2.5057200501291415e-07,9.809999989731864,2.900252508458899e-11,5.912849156971653e-12,4,-2.4046782002642986e-06,0.17190023930586448,7.553671136928168e-06,0.0,0.0,nan,0,-0.0799964441958575,-3.0952061997260988e-15,-1.7444149506943833e-11,-4.457605423751041e-16,2
10.26,4.0,2.123704624026551e-05,8.448040896802313e-07,19.62000000000179,6.75803166560988e-11,6.8889211677974144e-12,4,-2.186045209639359e-06,-0.006808851404167721,-2.5057205425326575e-07,9.809999989731624,2.9017158020129406e-11,5.915832426198247e-12,4,-2.404678287534767e-06,0.17190027707421257,7.553668242743014e-06,0.0,0.0,nan,0,-0.07999644419577026,-5.9040704520277445e-15,-1.7449510107795935e-11,-7.624906708811218e-15,2
10.265,4.0,2.1241270261221472e-05,8.448042830311785e-07,19.620000000002225,6.761024980869506e-11,6.891972457562426e-12,4,-2.186045209639359e-06,-0.006808852657028123,-2.5057210353072163e-07,9.80999998973175,2.90811125969928e-11,5.928871075929127e-12,4,-2.4046783747774803e-06,0.1719003148425462,7.5536653487678805e-06,0.0,0.0,nan,0,-0.07999644419568303,-5.826798929513835e-15,-1.7443205373283687e-11,-3.752004709708822e-15,2
10.27,4.0,2.1245494283144068e-05,8.448044763510177e-07,19.62000000000058,6.767443697277015e-11,6.898515491617548e-12,4,-2.186045209639359e-06,-0.006808853909888769,-2.505721528401552e-07,9.809999989729608,2.912693040673519e-11,5.938212117681768e-12,4,-2.404678461985499e-06,0.1719003526108653,7.5536624547856685e-06,0.0,0.0,nan,0,-0.07999644419559584,-3.1556023322657077e-15,-1.744390570196762e-11,-2.387762657049431e-15,2
10.275,4.0,2.1249718306033475e-05,8.448046697458142e-07,19.620000000002218,6.764150055315993e-11,6.8951580584253095e-12,4,-2.186045209639359e-06,-0.006808855162749662,-2.5057220211981984e-07,9.80999998973075,2.906295580544665e-11,5.925169385498506e-12,4,-2.404678549221273e-06,0.17190039037917,7.553659560670309e-06,0.0,0.0,nan,0,-0.07999644419550861,1.6898550364083257e-15,-1.744910953932864e-11,-6.0799203477428516e-15,2
10.28,4.0,2.1253942329889617e-05,8.448048630517988e-07,19.61999999999937,6.750191438478408e-11,6.880929091211647e-12,4,-2.1860452096185423e-06,-0.006808856415610802,-2.505722514986753e-07,9.809999989729686,2.8972026014668553e-11,5.9066312018348685e-12,4,-2.4046786364501083e-06,0.17190042814746018,7.5536566668726255e-06,0.0,0.0,nan,0,-0.07999644419542146,7.011820127251476e-15,-1.744399274345275e-11,5.867468705262883e-16,2
10.285,4.0,2.1258166354712576e-05,8.448050564823282e-07,19.619999999997354,6.756569102127536e-11,6.8874302773990286e-12,4,-2.186045209615073e-06,-0.006808857668472189,-2.5057230075751213e-07,9.80999998972852,2.90147825267464e-11,5.915348125815716e-12,4,-2.404678723720577e-06,0.17190046591573593,7.553653772592571e-06,0.0,0.0,nan,0,-0.0799964441953342,-3.3345702838352836e-15,-1.746023663857064e-11,-8.180018221123797e-15,2
10.290000000000001,4.0,2.1262390380502746e-05,8.448052499018351e-07,19.61999999999584,6.760928841388211e-11,6.891874456054683e-12,4,-2.186045209639359e-06,-0.006808858921333823,-2.5057235002381544e-07,9.809999989726588,2.90707201256567e-11,5.92675232540279e-12,4,-2.4046788109910455e-06,0.17190050368399723,7.553650878478664e-06,0.0,0.0,nan,0,-0.07999644419524693,-7.186600090074728e-15,-1.7463549988165324e-11,-1.8686223707347056e-15,2
10.295,4.0,2.126661440725974e-05,8.448054432396602e-07,19.620000000009483,6.750191939764042e-11,6.880929602202629e-12,4,-2.1860452096428284e-06,-0.006808860174195702,-2.5057239932368837e-07,9.809999989740266,2.894949441234343e-11,5.902037602980652e-12,4,-2.404678898275392e-06,0.171900541452244,7.553647984300374e-06,0.0,0.0,nan,0,-0.07999644419515967,-8.596611173408862e-16,-1.7449205018508746e-11,-6.918360775939769e-15,2
10.3,4.0,2.127083843498357e-05,8.448056366452142e-07,19.619999999998953,6.763075918954882e-11,6.894063118201063e-12,4,-2.1860452096428284e-06,-0.006808861427057829,-2.505724485563795e-07,9.80999998972907,2.9048807800100392e-11,5.9222849807368155e-12,4,-2.4046789855666773e-06,0.17190057922047633,7.553645090118847e-06,0.0,0.0,nan,0,-0.07999644419507237,-4.028681718830932e-15,-1.7447871862700776e-11,-3.791972738595328e-15,2
10.305,4.0,2.1275062463674433e-05,8.448058300250464e-07,19.61999999999958,6.752951793723967e-11,6.883742908995016e-12,4,-2.1860452096428284e-06,-0.006808862679920201,-2.5057249786547937e-07,9.809999989728949,2.8982571460381e-11,5.908781139801365e-12,4,-2.404679072774696e-06,0.1719006169886942,7.553642195822954e-06,0.0,0.0,nan,0,-0.07999644419498522,-4.888882518310503e-15,-1.744369120687925e-11,-7.097772816719193e-15,2
10.31,4.0,2.1279286493332134e-05,8.44806023409747e-07,19.620000000000992,6.770418645379291e-11,6.901548058490264e-12,4,-2.1860452096428284e-06,-0.00680886393278282,-2.505725471091041e-07,9.809999989730063,2.914291321959932e-11,5.9414705912555725e-12,4,-2.40467916001047e-06,0.1719006547568976,7.553639301509569e-06,0.0,0.0,nan,0,-0.07999644419489799,-3.599691542115774e-15,-1.7452395799481515e-11,-5.671802363890642e-15,2
10.315,4.0,2.1283510523956788e-05,8.448062167447827e-07,19.61999999999817,6.760876992388216e-11,6.89182160284286e-12,4,-2.1860452096428284e-06,-0.0068088651856456845,-2.50572596425145e-07,9.809999989726958,2.907873969036437e-11,5.9283873029185844e-12,4,-2.4046792472184886e-06,0.1719006925250865,7.5536364073529e-06,0.0,0.0,nan,0,-0.07999644419481083,4.828205640358518e-16,-1.744378313334568e-11,3.043061330616481e-16,2
10.32,4.0,2.128773455554813e-05,8.44806410116534e-07,19.619999999999855,6.755280124271509e-11,6.88611633462952e-12,4,-2.1860452096358896e-06,-0.006808866438508796,-2.5057264573852036e-07,9.809999989728473,2.900713200297849e-11,5.91378838600414e-12,4,-2.4046793343987516e-06,0.17190073029326092,7.553633513194157e-06,0.0,0.0,nan,0,-0.07999644419472365,7.202778487487e-15,-1.744429294775858e-11,-6.842865610265261e-15,2
10.325000000000001,4.0,2.1291958588106228e-05,8.448066034949117e-07,19.620000000000232,6.762982854414233e-11,6.8939682511867e-12,4,-2.1860452096220118e-06,-0.006808867691372154,-2.505726950486986e-07,9.809999989729828,2.907820973339514e-11,5.928279258682439e-12,4,-2.404679421676159e-06,0.17190076806142088,7.553630618784221e-06,0.0,0.0,nan,0,-0.07999644419463645,5.782997441536166e-16,-1.7453003757609786e-11,-3.587190572444957e-16,2
10.33,4.0,2.1296182621631346e-05,8.448067968744641e-07,19.619999999999727,6.751987838046781e-11,6.882760283432084e-12,4,-2.18604520963242e-06,-0.00680886894423576,-2.5057274435445195e-07,9.809999989729384,2.8990990912923665e-11,5.91049764388907e-12,4,-2.4046795089535666e-06,0.1719008058295664,7.553627724685329e-06,0.0,0.0,nan,0,-0.07999644419454915,-7.075577787612212e-15,-1.7460857031196775e-11,-7.780782021468591e-15,2
10.335,4.0,2.130040665612333e-05,8.4480699025071e-07,19.62000000000543,6.755716333398199e-11,6.886560992249061e-12,4,-2.1860452096532368e-06,-0.00680887019709961,-2.5057279369066724e-07,9.809999989733486,2.9038964461818772e-11,5.920278183936612e-12,4,-2.4046795962240353e-06,0.17190084359769742,7.55362483040326e-06,0.0,0.0,nan,0,-0.07999644419446189,1.1951396566353546e-15,-1.7451623528345575e-11,-3.0187563838368695e-16,2
10.34,4.0,2.130463069158204e-05,8.448071836018895e-07,19.619999999997937,6.766320386333423e-11,6.8973704243976905e-12,4,-2.1860452096532368e-06,-0.006808871449963709,-2.505728429118237e-07,9.809999989727851,2.9117115056283114e-11,5.9362110268648185e-12,4,-2.4046796835153206e-06,0.17190088136581397,7.553621935977246e-06,0.0,0.0,nan,0,-0.07999644419437463,-9.07178662794842e-16,-1.7452752847206223e-11,-7.790107894875441e-15,2
10.345,4.0,2.1308854728007704e-05,8.448073769978468e-07,19.620000000003248,6.758341074984569e-11,6.889236569809837e-12,4,-2.1860452096532368e-06,-0.0068088727028280515,-2.5057289223338406e-07,9.809999989732495,2.9026447534766456e-11,5.917726312975861e-12,4,-2.404679770806606e-06,0.17190091913391606,7.553619041611745e-06,0.0,0.0,nan,0,-0.07999644419428736,-3.2652923670986743e-15,-1.7447070281676984e-11,-3.2452418808603834e-16,2
10.35,4.0,2.1313078765400327e-05,8.448075703862966e-07,19.619999999999727,6.74933691673447e-11,6.880058019097415e-12,4,-2.1860452096532368e-06,-0.006808873955692642,-2.505729415141131e-07,9.809999989728695,2.8968691070084162e-11,5.905951294681973e-12,4,-2.4046798580631967e-06,0.17190095690200366,7.553616147169844e-06,0.0,0.0,nan,0,-0.07999644419420013,-2.4486123101844094e-15,-1.743954696637291e-11,-7.823414585614196e-15,2
10.355,4.0,2.131730280375993e-05,8.448077637876531e-07,19.620000000000594,6.753649572824635e-11,6.884454202675261e-12,4,-2.1860452096532368e-06,-0.006808875208557478,-2.505729907483891e-07,9.809999989729002,2.8995795756236048e-11,5.911477224586021e-12,4,-2.404679945236521e-06,0.1719009946700768,7.553613252649488e-06,0.0,0.0,nan,0,-0.07999644419411298,9.31794755194267e-16,-1.744374494167362e-11,-9.693417207883276e-16,2
10.36,4.0,2.132152684308643e-05,8.448079571451221e-07,19.620000000001788,6.762016688872785e-11,6.8929833729583784e-12,4,-2.1860452096532368e-06,-0.006808876461422562,-2.5057304002226385e-07,9.809999989730292,2.9080045003596205e-11,5.928653421822421e-12,4,-2.4046800324445394e-06,0.17190103243813548,7.553610358229709e-06,0.0,0.0,nan,0,-0.0799964441940258,6.40785880185539e-15,-1.74495056669038e-11,-6.8308752015993046e-15,2
10.365,4.0,2.1325750883379668e-05,8.448081505007344e-07,19.6200000000054,6.754604636121126e-11,6.8854277636282025e-12,4,-2.1860452096289507e-06,-0.0068088777142878915,-2.5057308934646674e-07,9.809999989734408,2.8978990168356127e-11,5.908051008905392e-12,4,-2.404680119715008e-06,0.17190107020617967,7.5536074638694485e-06,0.0,0.0,nan,0,-0.07999644419393856,-8.436739057862812e-16,-1.7451578231246174e-11,-8.272331736363084e-16,2
10.370000000000001,4.0,2.132997492463989e-05,8.448083438996195e-07,19.61999999999692,6.762587925024709e-11,6.893565672809144e-12,4,-2.1860452096289507e-06,-0.0068088789671534675,-2.5057313860485453e-07,9.809999989728096,2.907623237640369e-11,5.927876127797956e-12,4,-2.404680206978538e-06,0.17190110797420938,7.5536045693314854e-06,0.0,0.0,nan,0,-0.07999644419385132,-2.7052958734777437e-15,-1.745132021541526e-11,-7.58049778782621e-15,2
10.375,4.0,2.1334198966867067e-05,8.44808537283688e-07,19.61999999999808,6.766663565792373e-11,6.8977202505535534e-12,4,-2.186045209646298e-06,-0.00680888022001929,-2.5057318790547284e-07,9.809999989728428,2.9127560785947495e-11,5.9383406353609666e-12,4,-2.4046802942490064e-06,0.17190114574222465,7.5536016748332525e-06,0.0,0.0,nan,0,-0.07999644419376406,-6.915705672066189e-15,-1.7457166205773727e-11,-2.918449262820254e-15,2
10.38,4.0,2.1338423010061113e-05,8.44808730642491e-07,19.619999999999013,6.762989485552192e-11,6.893975010756913e-12,4,-2.186045209663645e-06,-0.006808881472885359,-2.50573237197073e-07,9.809999989728771,2.9089948977817772e-11,5.930672580688159e-12,4,-2.4046803814917195e-06,0.1719011835102254,7.553598780372356e-06,0.0,0.0,nan,0,-0.07999644419367682,1.994500234365468e-15,-1.7445181570267506e-11,-6.914363973051115e-15,2
10.385,4.0,2.1342647054221814e-05,8.448089239786648e-07,19.62000000000034,6.752188234814841e-11,6.8829645614829e-12,4,-2.186045209663645e-06,-0.0068088827257516745,-2.5057328653749106e-07,9.809999989730416,2.898614990273217e-11,5.909510689719934e-12,4,-2.4046804687830048e-06,0.17190122127821172,7.553595885830369e-06,0.0,0.0,nan,0,-0.07999644419358956,-1.8775414283774006e-16,-1.7445988036272593e-11,-1.5950634174670654e-15,2
10.39,4.0,2.134687109934936e-05,8.448091173786152e-07,19.62000000000082,6.758101902705948e-11,6.8889927652453265e-12,4,-2.186045209663645e-06,-0.006808883978618236,-2.5057333579746196e-07,9.809999989729915,2.902883520171208e-11,5.918213095229838e-12,4,-2.4046805560604123e-06,0.17190125904618353,7.553592991286711e-06,0.0,0.0,nan,0,-0.0799964441935023,-3.796006814929671e-16,-1.744624960481719e-11,-6.893935869398013e-15,2
10.395,4.0,2.1351095145443932e-05,8.448093107413143e-07,19.619999999996825,6.766637491802032e-11,6.8976936715628206e-12,4,-2.186045209663645e-06,-0.006808885231485045,-2.5057338509984263e-07,9.809999989725604,2.915440980875724e-11,5.943814442261324e-12,4,-2.4046806432823087e-06,0.1719012968141409,7.553590096707467e-06,0.0,0.0,nan,0,-0.07999644419341512,1.6489988291021189e-15,-1.7445128279562313e-11,-5.261406893579657e-16,2
10.4,4.0,2.135531919250534e-05,8.448095041372898e-07,19.619999999997468,6.765552299616688e-11,6.896587461383855e-12,4,-2.186045209663645e-06,-0.0068088864843520985,-2.5057343437133137e-07,9.809999989725751,2.9094507751355868e-11,5.9316019942563186e-12,4,-2.404680730504205e-06,0.1719013345820838,7.553587201946154e-06,0.0,0.0,nan,0,-0.07999644419332791,6.319929138305079e-15,-1.7440528403526686e-11,-7.488127232177397e-15,2
10.405,4.0,2.1359543240533825e-05,8.448096975745847e-07,19.619999999995112,6.76531510068766e-11,6.89634566838873e-12,4,-2.1860452096358896e-06,-0.006808887737219401,-2.5057348358114394e-07,9.809999989726908,2.910919390110555e-11,5.93459611245441e-12,4,-2.4046808177261014e-06,0.1719013723500122,7.55358430728479e-06,0.0,0.0,nan,0,-0.07999644419324073,-3.089904971268054e-16,-1.7454155725020146e-11,-1.7633732280002419e-15,2
10.41,4.0,2.136376728952937e-05,8.448098909240751e-07,19.619999999983133,6.763958972994982e-11,6.894963275230171e-12,4,-2.1860452096358896e-06,-0.006808888990086947,-2.5057353286168556e-07,9.809999989713386,2.915028080172015e-11,5.942972646745501e-12,4,-2.404680904947998e-06,0.17190141011792615,7.55358141267516e-06,0.0,0.0,nan,0,-0.07999644419315355,2.9257553074210505e-15,-1.7447314974831617e-11,-6.9858623358369805e-15,2
10.415000000000001,4.0,2.1367991339491766e-05,8.448100843451829e-07,19.61999999999641,6.750969302763738e-11,6.881722021167149e-12,4,-2.1860452096358896e-06,-0.006808890242954743,-2.505735821810176e-07,9.809999989727446,2.8988853171568803e-11,5.910061814867384e-12,4,-2.404680992239283e-06,0.17190144788582562,7.553578517967416e-06,0.0,0.0,nan,0,-0.07999644419306627,-6.018645468169062e-15,-1.746290161791894e-11,-1.3916705593557413e-15,2
10.42,4.0,2.137221539042087e-05,8.44810277639436e-07,19.619999999999308,6.758265651603516e-11,6.889159685630738e-12,4,-2.186045209663645e-06,-0.006808891495822781,-2.5057363151470755e-07,9.809999989728148,2.9062040796948682e-11,5.924982839424864e-12,4,-2.404681079502813e-06,0.1719014856537106,7.553575623362254e-06,0.0,0.0,nan,0,-0.07999644419297902,-6.719862330522312e-15,-1.746448746048731e-11,-7.313600172706327e-15,2
10.425,4.0,2.137643944231648e-05,8.448104709379063e-07,19.619999999996836,6.762443179358114e-11,6.893418123709689e-12,4,-2.1860452096671146e-06,-0.00680889274869107,-2.5057368083803376e-07,9.80999998972676,2.9051717350602094e-11,5.922878161269249e-12,4,-2.404681166752465e-06,0.1719015234215811,7.553572728774929e-06,0.0,0.0,nan,0,-0.07999644419289177,2.011819713549618e-15,-1.744667681863706e-11,-1.1261052118654043e-15,2
10.43,4.0,2.138066349517892e-05,8.448106643459371e-07,19.620000000002594,6.76105447079374e-11,6.892002518647141e-12,4,-2.1860452096671146e-06,-0.0068088940015596025,-2.505737302059607e-07,9.809999989732031,2.908816475381507e-11,5.93030882451808e-12,4,-2.404681254036811e-06,0.17190156118943714,7.553569834008735e-06,0.0,0.0,nan,0,-0.07999644419280452,5.894019743998676e-16,-1.7443893711558937e-11,-7.314932440335876e-15,2
10.435,4.0,2.1384887549008454e-05,8.448108577938733e-07,19.620000000001113,6.759173472695959e-11,6.890085089394063e-12,4,-2.1860452096671146e-06,-0.0068088952544283834,-2.5057377942036355e-07,9.809999989729786,2.9019027102013242e-11,5.9162134826490586e-12,4,-2.404681341293402e-06,0.17190159895727872,7.553566939188112e-06,0.0,0.0,nan,0,-0.07999644419271729,1.8297431375110924e-15,-1.7444801429903874e-11,-1.5364436417668604e-15,2
10.44,4.0,2.1389111603805192e-05,8.448110512283922e-07,19.62000000000142,6.75796872549767e-11,6.888857008661755e-12,4,-2.1860452096671146e-06,-0.006808896507297409,-2.5057382867711445e-07,9.809999989729857,2.9066647229367842e-11,5.9259219693777525e-12,4,-2.404681428543054e-06,0.1719016367251058,7.553564044232516e-06,0.0,0.0,nan,0,-0.07999644419263005,5.658680304838333e-15,-1.7444477688869894e-11,-6.778028585627148e-15,2
10.445,4.0,2.1393335659568903e-05,8.448112445883059e-07,19.619999999974656,6.774980681706533e-11,6.906198452309159e-12,4,-2.1860452096428284e-06,-0.006808897760166683,-2.5057387783313386e-07,9.809999989711345,2.921716494391372e-11,5.956608557503866e-12,4,-2.4046815157510726e-06,0.17190167449291843,7.553561149377134e-06,0.0,0.0,nan,0,-0.0799964441925429,2.5846947942562e-15,-1.745427607319602e-11,-1.984973743715421e-15,2
10.450000000000001,4.0,2.1397559716299613e-05,8.448114379727857e-07,19.620000000006154,6.748170825622046e-11,6.878869343139581e-12,4,-2.1860452096428284e-06,-0.0068088990130362025,-2.5057392724653567e-07,9.809999989733601,2.895161396080958e-11,5.902469722957825e-12,4,-2.40468160302848e-06,0.17190171226071657,7.553558254652651e-06,0.0,0.0,nan,0,-0.07999644419245565,4.010665247084751e-15,-1.7442245252411957e-11,-6.743833716468691e-15,2
10.455,4.0,2.1401783773996958e-05,8.448116313161911e-07,19.62000000000073,6.758363998266122e-11,6.889259937070204e-12,4,-2.186045209670584e-06,-0.006808900265905968,-2.505739765074383e-07,9.809999989729874,2.9051323625360576e-11,5.922797891085528e-12,4,-2.40468169029201e-06,0.17190175002850025,7.55355535985738e-06,0.0,0.0,nan,0,-0.07999644419236837,-6.477833711154025e-15,-1.7461209193940185e-11,-2.8282991532206875e-15,2
10.46,4.0,2.140600783266091e-05,8.448118246162754e-07,19.61999999999895,6.754638219207078e-11,6.885461997153353e-12,4,-2.186045209670584e-06,-0.0068089015187759805,-2.505740258535119e-07,9.809999989729299,2.8997177684896773e-11,5.911758963354889e-12,4,-2.4046817775555396e-06,0.17190178779626944,7.5535524651457445e-06,0.0,0.0,nan,0,-0.07999644419228114,-1.995641316137343e-15,-1.7445094528782348e-11,-7.206574673132453e-15,2
10.465,4.0,2.141023189229186e-05,8.448120180808362e-07,19.62000000000075,6.762067871665647e-11,6.893035547059519e-12,4,-2.1860452096740535e-06,-0.006808902771646238,-2.5057407513096353e-07,9.809999989730686,2.9052817216905985e-11,5.9231023949682125e-12,4,-2.404681864839886e-06,0.1719018255640242,7.553549570125515e-06,0.0,0.0,nan,0,-0.07999644419219387,-6.967664109618646e-15,-1.745266491754266e-11,-1.7544914438032333e-15,2
10.47,4.0,2.1414455952889792e-05,8.448122114190866e-07,19.619999999998853,6.75385492576595e-11,6.884663532891279e-12,4,-2.1860452096740535e-06,-0.006808904024516743,-2.505741244328727e-07,9.809999989728574,2.901249939190547e-11,5.914882654899614e-12,4,-2.404681952034027e-06,0.17190186333176444,7.553546675223863e-06,0.0,0.0,nan,0,-0.0799964441921067,2.074436292138479e-15,-1.7446336646302294e-11,-7.411743888083182e-15,2
10.475,4.0,2.141868001445456e-05,8.448124048118336e-07,19.619999999997823,6.763778431975296e-11,6.894779237488325e-12,4,-2.1860452096740535e-06,-0.0068089052773874946,-2.5057417370175504e-07,9.809999989727007,2.909715285214383e-11,5.932141260471815e-12,4,-2.4046820392836787e-06,0.1719019010994902,7.553543780206044e-06,0.0,0.0,nan,0,-0.07999644419201947,2.4394776226352297e-15,-1.7445390292196103e-11,-1.7140793257068771e-15,2
10.48,4.0,2.1422904076986335e-05,8.448125982284591e-07,19.620000000000815,6.755791523961762e-11,6.886637639104466e-12,4,-2.1860452096740535e-06,-0.006808906530258493,-2.5057422295478715e-07,9.809999989729578,2.9002992309847296e-11,5.912944411867791e-12,4,-2.4046821265333307e-06,0.17190193886720148,7.553540885200009e-06,0.0,0.0,nan,0,-0.07999644419193225,5.240792358369426e-15,-1.7444532755931884e-11,-6.815776168464397e-15,2
10.485,4.0,2.142712814048507e-05,8.448127915753055e-07,19.620000000001262,6.760463225979483e-11,6.891399822608611e-12,4,-2.1860452096532368e-06,-0.006808907783129736,-2.5057427227404505e-07,9.809999989731496,2.9075547715699045e-11,5.927736543554238e-12,4,-2.4046822137760437e-06,0.17190197663489834,7.55353799029734e-06,0.0,0.0,nan,0,-0.07999644419184504,6.763574258945291e-15,-1.7444050030960774e-11,-2.977957216940155e-15,2
10.49,4.0,2.1431352204950553e-05,8.448129849677556e-07,19.620000000011444,6.751081424540239e-11,6.881836314512029e-12,4,-2.1860452096532368e-06,-0.006808909036001228,-2.505743216344244e-07,9.80999998973926,2.899429459169258e-11,5.911171176762298e-12,4,-2.4046823010534513e-06,0.17190201440258068,7.553535095407728e-06,0.0,0.0,nan,0,-0.0799964441917578,2.64375865916626e-15,-1.744607596593611e-11,-7.11820092037229e-15,2
10.495000000000001,4.0,2.1435576270382854e-05,8.448131783409484e-07,19.619999999993567,6.768749121472997e-11,6.8998461992611784e-12,4,-2.1860452096532368e-06,-0.006808910288872964,-2.5057437079539874e-07,9.80999998972496,2.912846836792661e-11,5.9385256673671574e-12,4,-2.4046823883031032e-06,0.17190205217024856,7.553532200232272e-06,0.0,0.0,nan,0,-0.07999644419167057,-5.5821057748864485e-15,-1.7467491723991917e-11,-3.8830110266145835e-15,2
10.5,4.0,2.143980033678225e-05,8.448133717185311e-07,19.62000000000526,6.753623280523283e-11,6.884427401143193e-12,4,-2.1860452096809924e-06,-0.006808911541744949,-2.5057442018998583e-07,9.809999989733633,2.905497082105724e-11,5.923541457994671e-12,4,-2.404682475566633e-06,0.17190208993790196,7.553529305251845e-06,0.0,0.0,nan,0,-0.0799964441915833,1.1289703643676998e-15,-1.7454866711845084e-11,-6.738504645950485e-15,2
