time_s,mechanical_energy_J,energy_error_J,ball_0_height_m
0.000000000000000000e+00,2.403450000000000364e+04,0.000000000000000000e+00,5.000000000000000000e+00
1.000000000000000021e-02,2.403685778444997777e+04,2.357784449974133167e+00,5.000000000000000000e+00
2.000000000000000042e-02,2.403921556890003558e+04,4.715568900031939847e+00,4.999018999999999657e+00
2.999999999999999889e-02,2.404157335335000971e+04,7.073353350006073015e+00,4.997056999999999860e+00
4.000000000000000083e-02,2.404393113780001295e+04,9.431137800009310013e+00,4.994113999999999720e+00
5.000000000000000278e-02,2.404628892224998708e+04,1.178892224998344318e+01,4.990190000000000126e+00
6.000000000000000472e-02,2.404864670669996121e+04,1.414670669995757635e+01,4.985285000000000188e+00
7.000000000000000666e-02,2.405100449114996081e+04,1.650449114995717537e+01,4.979398999999999909e+00
8.000000000000000167e-02,2.405336227560001862e+04,1.886227560001498205e+01,4.972532000000000174e+00
8.999999999999999667e-02,2.405572006004999275e+04,2.122006004998911521e+01,4.964684000000000097e+00
9.999999999999999167e-02,2.405807784450002509e+04,2.357784450002145604e+01,4.955854999999999677e+00
1.099999999999999867e-01,2.406043562894997376e+04,2.593562894997012336e+01,4.946044999999999803e+00
1.199999999999999817e-01,2.406279341340000246e+04,2.829341339999882621e+01,4.935253999999999586e+00
1.299999999999999767e-01,2.406515119785000934e+04,3.065119785000570118e+01,4.923481999999999914e+00
1.399999999999999856e-01,2.406750898229998347e+04,3.300898229997983435e+01,4.910728999999999900e+00
1.499999999999999944e-01,2.406986676674998671e+04,3.536676674998307135e+01,4.896994999999999543e+00
1.600000000000000033e-01,2.407222455120001177e+04,3.772455120000813622e+01,4.882279999999999731e+00
1.700000000000000122e-01,2.407458233565001501e+04,4.008233565001137322e+01,4.866583999999999577e+00
1.800000000000000211e-01,2.407694012009998914e+04,4.244012009998550639e+01,4.849906999999999968e+00
1.900000000000000300e-01,2.407929790454999238e+04,4.479790454998874338e+01,4.832249000000000017e+00
2.000000000000000389e-01,2.408165568900002108e+04,4.715568900001744623e+01,4.813609999999999722e+00
2.100000000000000477e-01,2.408401347345002796e+04,4.951347345002432121e+01,4.793989999999999974e+00
2.200000000000000566e-01,2.408637125790000209e+04,5.187125789999845438e+01,4.773388999999999882e+00
2.300000000000000655e-01,2.408872904235000533e+04,5.422904235000169137e+01,4.751806999999999448e+00
2.400000000000000744e-01,2.409108682680003039e+04,5.658682680002675625e+01,4.729243999999999559e+00
2.500000000000000555e-01,2.409344461125001180e+04,5.894461125000816537e+01,4.705699999999999328e+00
2.600000000000000644e-01,2.409580239570001504e+04,6.130239570001140237e+01,4.681174999999999642e+00
2.700000000000000733e-01,2.409816018015001100e+04,6.366018015000736341e+01,4.655668999999999613e+00
2.800000000000000822e-01,2.410051796460004334e+04,6.601796460003970424e+01,4.629181999999999242e+00
2.900000000000000910e-01,2.410287574905001748e+04,6.837574905001383740e+01,4.601713999999999416e+00
3.000000000000000999e-01,2.410523353349999161e+04,7.073353349998797057e+01,4.573264999999999247e+00
3.100000000000001088e-01,2.410759131795000576e+04,7.309131795000212151e+01,4.543834999999999624e+00
3.200000000000001177e-01,2.410994910239997262e+04,7.544910239996897872e+01,4.513423999999999658e+00
3.300000000000001266e-01,2.411230688685003042e+04,7.780688685002678540e+01,4.482031999999999350e+00
3.400000000000001354e-01,2.411466467130000456e+04,8.016467130000091856e+01,4.449658999999999587e+00
3.500000000000001443e-01,2.411702245575000779e+04,8.252245575000415556e+01,4.416304999999999481e+00
3.600000000000001532e-01,2.411938024020001467e+04,8.488024020001103054e+01,4.381969999999999033e+00
3.700000000000001621e-01,2.412173802464998880e+04,8.723802464998516371e+01,4.346653999999999129e+00
3.800000000000001710e-01,2.412409580909996657e+04,8.959580909996293485e+01,4.310356999999998884e+00
3.900000000000001799e-01,2.412645359355002074e+04,9.195359355001710355e+01,4.273078999999999184e+00
4.000000000000001887e-01,2.412881137800002034e+04,9.431137800001670257e+01,4.234819999999999141e+00
4.100000000000001976e-01,2.413116916244997265e+04,9.666916244996900787e+01,4.195579999999998755e+00
4.200000000000002065e-01,2.413352694690002681e+04,9.902694690002317657e+01,4.155358999999998915e+00
4.300000000000002154e-01,2.413588473134997184e+04,1.013847313499682059e+02,4.114156999999998732e+00
4.400000000000002243e-01,2.413824251580000418e+04,1.037425158000005467e+02,4.071973999999999094e+00
4.500000000000002331e-01,2.414060030024997832e+04,1.061003002499746799e+02,4.028809999999999114e+00
4.600000000000002420e-01,2.414295808470003612e+04,1.084580847000324866e+02,3.984664999999999235e+00
4.700000000000002509e-01,2.414531586915003572e+04,1.108158691500320856e+02,3.939538999999999014e+00
4.800000000000002598e-01,2.414767365359995893e+04,1.131736535999552871e+02,3.893431999999998894e+00
4.900000000000002687e-01,2.415003143804999127e+04,1.155314380499876279e+02,3.846343999999998875e+00
5.000000000000002220e-01,2.415238922249998723e+04,1.178892224999835889e+02,3.798274999999998958e+00
5.100000000000002309e-01,2.415474700695001957e+04,1.202470069500159298e+02,3.749224999999999142e+00
5.200000000000002398e-01,2.415710479139999370e+04,1.226047913999900629e+02,3.699193999999998983e+00
5.300000000000002487e-01,2.415946257584999694e+04,1.249625758499932999e+02,3.648181999999998926e+00
5.400000000000002576e-01,2.416182036029997107e+04,1.273203602999674331e+02,3.596188999999998970e+00
5.500000000000002665e-01,2.416417814475002524e+04,1.296781447500216018e+02,3.543214999999999115e+00
5.600000000000002753e-01,2.416653592919999937e+04,1.320359291999957350e+02,3.489259999999998918e+00
5.700000000000002842e-01,2.416889371364997714e+04,1.343937136499735061e+02,3.434323999999998822e+00
5.800000000000002931e-01,2.417125149809997674e+04,1.367514980999731051e+02,3.378406999999998828e+00
5.900000000000003020e-01,2.417360928254995088e+04,1.391092825499472383e+02,3.321508999999998935e+00
6.000000000000003109e-01,2.417596706699995411e+04,1.414670669999504753e+02,3.263629999999999143e+00
6.100000000000003197e-01,2.417832485144997554e+04,1.438248514499719022e+02,3.204769999999999008e+00
6.200000000000003286e-01,2.418068263589998242e+04,1.461826358999787772e+02,3.144928999999998975e+00
6.300000000000003375e-01,2.418304042034998565e+04,1.485404203499820142e+02,3.084106999999999044e+00
6.400000000000003464e-01,2.418539820480002163e+04,1.508982048000179930e+02,3.022303999999999213e+00
6.500000000000003553e-01,2.418775598925001759e+04,1.532559892500139540e+02,2.959519999999999484e+00
6.600000000000003642e-01,2.419011377369999173e+04,1.556137736999880872e+02,2.895754999999999413e+00
6.700000000000003730e-01,2.419247155814996586e+04,1.579715581499622203e+02,2.831008999999999443e+00
6.800000000000003819e-01,2.419482934259997273e+04,1.603293425999690953e+02,2.765281999999999574e+00
6.900000000000003908e-01,2.419718712704994687e+04,1.626871270499432285e+02,2.698573999999999806e+00
7.000000000000003997e-01,2.419954491149999740e+04,1.650449114999937592e+02,2.630884999999999696e+00
7.100000000000004086e-01,2.420190269594997153e+04,1.674026959499678924e+02,2.562214999999999687e+00
7.200000000000004174e-01,2.420426048039995294e+04,1.697604803999493015e+02,2.492563999999999780e+00
7.300000000000004263e-01,2.420661826484995254e+04,1.721182648499489005e+02,2.421931999999999974e+00
7.400000000000004352e-01,2.420897604929993031e+04,1.744760492999266717e+02,2.350319000000000269e+00
7.500000000000004441e-01,2.421133383374995901e+04,1.768338337499553745e+02,2.277725000000000222e+00
7.600000000000004530e-01,2.421369161819996225e+04,1.791916181999586115e+02,2.204150000000000276e+00
7.700000000000004619e-01,2.421604940264994002e+04,1.815494026499363827e+02,2.129594000000000431e+00
7.800000000000004707e-01,2.421840718709990688e+04,1.839071870999032399e+02,2.054057000000000688e+00
7.900000000000004796e-01,2.422076497154999015e+04,1.862649715499865124e+02,1.977539000000000824e+00
8.000000000000004885e-01,2.422312275599997156e+04,1.886227559999679215e+02,1.900040000000000839e+00
8.100000000000004974e-01,2.422548054044997116e+04,1.909805404499675205e+02,1.821560000000000956e+00
8.200000000000005063e-01,2.422783832489994165e+04,1.933383248999380157e+02,1.742099000000001174e+00
8.300000000000005151e-01,2.423019610934997399e+04,1.956961093499703566e+02,1.661657000000001272e+00
8.400000000000005240e-01,2.423255389379994813e+04,1.980538937999444897e+02,1.580234000000001471e+00
8.500000000000005329e-01,2.423491167824995500e+04,2.004116782499513647e+02,1.497830000000001549e+00
8.600000000000005418e-01,2.423726946269998371e+04,2.027694626999800676e+02,1.414445000000001729e+00
8.700000000000005507e-01,2.423962724714999058e+04,2.051272471499869425e+02,1.330079000000001788e+00
8.800000000000005596e-01,2.424198503159996835e+04,2.074850315999647137e+02,1.244732000000001948e+00
8.900000000000005684e-01,2.424434281604996795e+04,2.098428160499643127e+02,1.158404000000001988e+00
9.000000000000005773e-01,2.424670060049998210e+04,2.122006004999784636e+02,1.071095000000002129e+00
9.100000000000005862e-01,2.424905838494994896e+04,2.145583849499453208e+02,9.828050000000022601e-01
9.200000000000005951e-01,2.425141616940001040e+04,2.169161694000067655e+02,8.935340000000023819e-01
9.300000000000006040e-01,2.425377395384998454e+04,2.192739538499808987e+02,8.032820000000024940e-01
9.400000000000006128e-01,2.425613173829999141e+04,2.216317382999877736e+02,7.120490000000025965e-01
9.500000000000006217e-01,2.425848952274996191e+04,2.239895227499582688e+02,6.198350000000026894e-01
9.600000000000006306e-01,2.426084730719999061e+04,2.263473071999869717e+02,5.266400000000027726e-01
9.700000000000006395e-01,2.426320509165000112e+04,2.287050916499974846e+02,4.324640000000028461e-01
9.800000000000006484e-01,2.426556287609997889e+04,2.310628760999752558e+02,3.373070000000029101e-01
9.900000000000006573e-01,2.426792066054997849e+04,2.334206605499748548e+02,2.411690000000029366e-01
1.000000000000000666e+00,2.427027844499997809e+04,2.357784449999744538e+02,1.440500000000029812e-01
1.010000000000000675e+00,4.975074926303434040e+03,-1.905942507369656960e+04,4.595000000000300927e-02
1.020000000000000684e+00,7.166304708843088520e+03,-1.686819529115691694e+04,1.899019000000059468e-03
1.030000000000000693e+00,2.384678112386214343e+04,-1.877188761378602067e+02,5.594803799999705646e-02
1.040000000000000702e+00,2.384913890831217213e+04,-1.853610916878315038e+02,1.540480379999970006e-01
1.050000000000000711e+00,2.385149669276214627e+04,-1.830033072378573706e+02,2.511670379999969560e-01
1.060000000000000719e+00,2.385385447721211312e+04,-1.806455227878905134e+02,3.473050379999969017e-01
1.070000000000000728e+00,2.385621226166211636e+04,-1.782877383378872764e+02,4.424620379999968378e-01
1.080000000000000737e+00,2.385857004611215598e+04,-1.759299538878476596e+02,5.366380379999967642e-01
1.090000000000000746e+00,2.386092783056215194e+04,-1.735721694378516986e+02,6.298330379999966810e-01
1.100000000000000755e+00,2.386328561501214790e+04,-1.712143849878557376e+02,7.220470379999965882e-01
1.110000000000000764e+00,2.386564339946218388e+04,-1.688566005378197588e+02,8.132800379999964857e-01
1.120000000000000773e+00,2.386800118391210344e+04,-1.664988160879001953e+02,9.035320379999963736e-01
1.130000000000000782e+00,2.387035896836209940e+04,-1.641410316379042342e+02,9.928030379999962518e-01
1.140000000000000790e+00,2.387271675281212811e+04,-1.617832471878755314e+02,1.081093037999996120e+00
1.150000000000000799e+00,2.387507453726216045e+04,-1.594254627378431906e+02,1.168402037999995979e+00
1.160000000000000808e+00,2.387743232171216368e+04,-1.570676782878399536e+02,1.254730037999995940e+00
1.170000000000000817e+00,2.387979010616213782e+04,-1.547098938378658204e+02,1.340077037999995779e+00
1.180000000000000826e+00,2.388214789061214105e+04,-1.523521093878625834e+02,1.424443037999995720e+00
1.190000000000000835e+00,2.388450567506216248e+04,-1.499943249378411565e+02,1.507828037999995541e+00
1.200000000000000844e+00,2.388686345951214753e+04,-1.476365404878561094e+02,1.590232037999995462e+00
1.210000000000000853e+00,2.388922124396211439e+04,-1.452787560378892522e+02,1.671655037999995264e+00
1.220000000000000862e+00,2.389157902841208852e+04,-1.429209715879151190e+02,1.752097037999995166e+00
1.230000000000000870e+00,2.389393681286212086e+04,-1.405631871378827782e+02,1.831558037999994948e+00
1.240000000000000879e+00,2.389629459731212410e+04,-1.382054026878795412e+02,1.910038037999994831e+00
1.250000000000000888e+00,2.389865238176210187e+04,-1.358476182379017700e+02,1.987537037999994594e+00
1.260000000000000897e+00,2.390101016621213057e+04,-1.334898337878730672e+02,2.064055037999994457e+00
1.270000000000000906e+00,2.390336795066213745e+04,-1.311320493378661922e+02,2.139592037999994201e+00
1.280000000000000915e+00,2.390572573511211158e+04,-1.287742648878920591e+02,2.214148037999994045e+00
1.290000000000000924e+00,2.390808351956211482e+04,-1.264164804378888221e+02,2.287723037999993991e+00
1.300000000000000933e+00,2.391044130401213988e+04,-1.240586959878637572e+02,2.360317037999994039e+00
1.310000000000000941e+00,2.391279908846212129e+04,-1.217009115378823481e+02,2.431930037999993743e+00
1.320000000000000950e+00,2.391515687291214635e+04,-1.193431270878572832e+02,2.502562037999993549e+00
1.330000000000000959e+00,2.391751465736217870e+04,-1.169853426378249424e+02,2.572213037999993457e+00
1.340000000000000968e+00,2.391987244181212736e+04,-1.146275581878762750e+02,2.640883037999993466e+00
1.350000000000000977e+00,2.392223022626215970e+04,-1.122697737378439342e+02,2.708572037999993576e+00
1.360000000000000986e+00,2.392458801071213747e+04,-1.099119892878661631e+02,2.775280037999993343e+00
1.370000000000000995e+00,2.392694579516219164e+04,-1.075542048378119944e+02,2.841007037999993212e+00
1.380000000000001004e+00,2.392930357961216578e+04,-1.051964203878378612e+02,2.905753037999993182e+00
1.390000000000001013e+00,2.393166136406213991e+04,-1.028386359378637280e+02,2.969518037999993254e+00
1.400000000000001021e+00,2.393401914851214678e+04,-1.004808514878568531e+02,3.032302037999992983e+00
1.410000000000001030e+00,2.393637693296212092e+04,-9.812306703788271989e+01,3.094105037999992813e+00
1.420000000000001039e+00,2.393873471741218236e+04,-9.576528258782127523e+01,3.154927037999992745e+00
1.430000000000001048e+00,2.394109250186215650e+04,-9.340749813784714206e+01,3.214768037999992778e+00
1.440000000000001057e+00,2.394345028631216337e+04,-9.104971368784026708e+01,3.273628037999992912e+00
1.450000000000001066e+00,2.394580807076219207e+04,-8.869192923781156424e+01,3.331507037999992704e+00
1.460000000000001075e+00,2.394816585521218803e+04,-8.633414478781560319e+01,3.388405037999992597e+00
1.470000000000001084e+00,2.395052363966216944e+04,-8.397636033783419407e+01,3.444322037999992592e+00
1.480000000000001092e+00,2.395288142411216904e+04,-8.161857588783459505e+01,3.499258037999992688e+00
1.490000000000001101e+00,2.395523920856214318e+04,-7.926079143786046188e+01,3.553213037999992441e+00
1.500000000000001110e+00,2.395759699301214641e+04,-7.690300698785722489e+01,3.606187037999992295e+00
1.510000000000001119e+00,2.395995477746212055e+04,-7.454522253788309172e+01,3.658180037999992251e+00
1.520000000000001128e+00,2.396231256191215289e+04,-7.218743808785075089e+01,3.709192037999992309e+00
1.530000000000001137e+00,2.396467034636215976e+04,-6.982965363784387591e+01,3.759223037999992467e+00
1.540000000000001146e+00,2.396702813081216664e+04,-6.747186918783700094e+01,3.808273037999992283e+00
1.550000000000001155e+00,2.396938591526213713e+04,-6.511408473786650575e+01,3.856342037999992201e+00
1.560000000000001164e+00,2.397174369971218766e+04,-6.275630028781597503e+01,3.903430037999992219e+00
1.570000000000001172e+00,2.397410148416216907e+04,-6.039851583783456590e+01,3.949537037999992339e+00
1.580000000000001181e+00,2.397645926861214684e+04,-5.804073138785679475e+01,3.994663037999992117e+00
1.590000000000001190e+00,2.397881705306215008e+04,-5.568294693785355776e+01,4.038808037999991996e+00
1.600000000000001199e+00,2.398117483751212421e+04,-5.332516248787942459e+01,4.081972037999991976e+00
1.610000000000001208e+00,2.398353262196218202e+04,-5.096737803782161791e+01,4.124155037999991613e+00
1.620000000000001217e+00,2.398589040641215615e+04,-4.860959358784748474e+01,4.165357037999991796e+00
1.630000000000001226e+00,2.398824819086221396e+04,-4.625180913778967806e+01,4.205578037999991636e+00
1.640000000000001235e+00,2.399060597531219173e+04,-4.389402468781190692e+01,4.244818037999992022e+00
1.650000000000001243e+00,2.399296375976213676e+04,-4.153624023786687758e+01,4.283077037999992065e+00
1.660000000000001252e+00,2.399532154421216546e+04,-3.917845578783817473e+01,4.320355037999991765e+00
1.670000000000001261e+00,2.399767932866216142e+04,-3.682067133784221369e+01,4.356652037999992011e+00
1.680000000000001270e+00,2.400003711311220104e+04,-3.446288688780259690e+01,4.391968037999991914e+00
1.690000000000001279e+00,2.400239489756216790e+04,-3.210510243783573969e+01,4.426303037999992362e+00
1.700000000000001288e+00,2.400475268201217841e+04,-2.974731798782522674e+01,4.459657037999992468e+00
1.710000000000001297e+00,2.400711046646215254e+04,-2.738953353785109357e+01,4.492030037999992231e+00
1.720000000000001306e+00,2.400946825091215578e+04,-2.503174908784785657e+01,4.523422037999992540e+00
1.730000000000001315e+00,2.401182603536218085e+04,-2.267396463782279170e+01,4.553833037999992506e+00
1.740000000000001323e+00,2.401418381981216226e+04,-2.031618018784138258e+01,4.583263037999992129e+00
1.750000000000001332e+00,2.401654160426219096e+04,-1.795839573781267973e+01,4.611712037999992297e+00
1.760000000000001341e+00,2.401889938871216145e+04,-1.560061128784218454e+01,4.639180037999992123e+00
1.770000000000001350e+00,2.402125717316213922e+04,-1.324282683786441339e+01,4.665667037999992495e+00
1.780000000000001359e+00,2.402361495761217157e+04,-1.088504238783207256e+01,4.691173037999992523e+00
1.790000000000001368e+00,2.402597274206216753e+04,-8.527257937836111523e+00,4.715698037999992209e+00
1.800000000000001377e+00,2.402833052651214894e+04,-6.169473487854702398e+00,4.739242037999992441e+00
1.810000000000001386e+00,2.403068831096217764e+04,-3.811689037825999549e+00,4.761805037999992329e+00
1.820000000000001394e+00,2.403304609541218088e+04,-1.453904587822762551e+00,4.783387037999992764e+00
1.830000000000001403e+00,2.403540387986215501e+04,9.038798621513706166e-01,4.803988037999992855e+00
1.840000000000001412e+00,2.403776166431215461e+04,3.261664312150969636e+00,4.823608037999992604e+00
1.850000000000001421e+00,2.404011944876215784e+04,5.619448762154206634e+00,4.842247037999992898e+00
1.860000000000001430e+00,2.404247723321219019e+04,7.977233212186547462e+00,4.859905037999992850e+00
1.870000000000001439e+00,2.404483501766216068e+04,1.033501766215704265e+01,4.876582037999992458e+00
1.880000000000001448e+00,2.404719280211216756e+04,1.269280211216391763e+01,4.892278037999992613e+00
1.890000000000001457e+00,2.404955058656217079e+04,1.505058656216715463e+01,4.906993037999992424e+00
1.900000000000001465e+00,2.405190837101214856e+04,1.740837101214492577e+01,4.920727037999992781e+00
1.910000000000001474e+00,2.405426615546217727e+04,1.976615546217362862e+01,4.933480037999992796e+00
1.920000000000001483e+00,2.405662393991212593e+04,2.212393991212229594e+01,4.945252037999992467e+00
1.930000000000001492e+00,2.405898172436215464e+04,2.448172436215099879e+01,4.956043037999992684e+00
1.940000000000001501e+00,2.406133950881215060e+04,2.683950881214695983e+01,4.965853037999992559e+00
1.950000000000001510e+00,2.406369729326218294e+04,2.919729326217930065e+01,4.974682037999992978e+00
1.960000000000001519e+00,2.406605507771215707e+04,3.155507771215343382e+01,4.982530037999993056e+00
1.970000000000001528e+00,2.406841286216216031e+04,3.391286216215667082e+01,4.989397037999992790e+00
1.980000000000001537e+00,2.407077064661219265e+04,3.627064661218901165e+01,4.995283037999993070e+00
1.990000000000001545e+00,2.407312843106219589e+04,3.862843106219224865e+01,5.000188037999993007e+00
2.000000000000001332e+00,2.407548621551217002e+04,4.098621551216638181e+01,5.004112037999992602e+00
2.010000000000001119e+00,2.407784399996217689e+04,4.334399996217325679e+01,5.007055037999992742e+00
2.020000000000000906e+00,2.408020178441214739e+04,4.570178441214375198e+01,5.009017037999992539e+00
2.030000000000000693e+00,2.408255956886215426e+04,4.805956886215062696e+01,5.009998037999992881e+00
2.040000000000000480e+00,2.408491735331212840e+04,5.041735331212476012e+01,5.009998037999992881e+00
2.050000000000000266e+00,2.408727513776218620e+04,5.277513776218256680e+01,5.009017037999992539e+00
2.060000000000000053e+00,2.408963292221215670e+04,5.513292221215306199e+01,5.007055037999992742e+00
2.069999999999999840e+00,2.409199070666219268e+04,5.749070666218904080e+01,5.004112037999992602e+00
2.079999999999999627e+00,2.409434849111218864e+04,5.984849111218500184e+01,5.000188037999993007e+00
2.089999999999999414e+00,2.409670627556216641e+04,6.220627556216277299e+01,4.995283037999993070e+00
2.099999999999999201e+00,2.409906406001216965e+04,6.456406001216600998e+01,4.989397037999992790e+00
2.109999999999998987e+00,2.410142184446219835e+04,6.692184446219471283e+01,4.982530037999993056e+00
2.119999999999998774e+00,2.410377962891214338e+04,6.927962891213974217e+01,4.974682037999992978e+00
2.129999999999998561e+00,2.410613741336217572e+04,7.163741336217208300e+01,4.965853037999992559e+00
2.139999999999998348e+00,2.410849519781212803e+04,7.399519781212438829e+01,4.956043037999992684e+00
2.149999999999998135e+00,2.411085298226215673e+04,7.635298226215309114e+01,4.945252037999992467e+00
2.159999999999997922e+00,2.411321076671215633e+04,7.871076671215269016e+01,4.933480037999992796e+00
2.169999999999997708e+00,2.411556855116213774e+04,8.106855116213409929e+01,4.920727037999992781e+00
2.179999999999997495e+00,2.411792633561218827e+04,8.342633561218463001e+01,4.906993037999992424e+00
2.189999999999997282e+00,2.412028412006216240e+04,8.578412006215876318e+01,4.892278037999992613e+00
2.199999999999997069e+00,2.412264190451219110e+04,8.814190451218746603e+01,4.876582037999992458e+00
2.209999999999996856e+00,2.412499968896214341e+04,9.049968896213977132e+01,4.859905037999992850e+00
2.219999999999996643e+00,2.412735747341219394e+04,9.285747341219030204e+01,4.842247037999992898e+00
2.229999999999996430e+00,2.412971525786214625e+04,9.521525786214260734e+01,4.823608037999992604e+00
2.239999999999996216e+00,2.413207304231215312e+04,9.757304231214948231e+01,4.803988037999992855e+00
2.249999999999996003e+00,2.413443082676221093e+04,9.993082676220728899e+01,4.783387037999992764e+00
2.259999999999995790e+00,2.413678861121218506e+04,1.022886112121814222e+02,4.761805037999992329e+00
2.269999999999995577e+00,2.413914639566215192e+04,1.046463956621482794e+02,4.739242037999992441e+00
2.279999999999995364e+00,2.414150418011215879e+04,1.070041801121551543e+02,4.715698037999992209e+00
2.289999999999995151e+00,2.414386196456216567e+04,1.093619645621620293e+02,4.691173037999992523e+00
2.299999999999994937e+00,2.414621974901213980e+04,1.117197490121361625e+02,4.665667037999992495e+00
2.309999999999994724e+00,2.414857753346219397e+04,1.140775334621903312e+02,4.639180037999992123e+00
2.319999999999994511e+00,2.415093531791217174e+04,1.164353179121681023e+02,4.611712037999992297e+00
2.329999999999994298e+00,2.415329310236213860e+04,1.187931023621349595e+02,4.583263037999992129e+00
2.339999999999994085e+00,2.415565088681220732e+04,1.211508868122036802e+02,4.553833037999992506e+00
2.349999999999993872e+00,2.415800867126212324e+04,1.235086712621196057e+02,4.523422037999992540e+00
2.359999999999993658e+00,2.416036645571218469e+04,1.258664557121810503e+02,4.492030037999992231e+00
2.369999999999993445e+00,2.416272424016215882e+04,1.282242401621551835e+02,4.459657037999992468e+00
2.379999999999993232e+00,2.416508202461221299e+04,1.305820246122093522e+02,4.426303037999992362e+00
2.389999999999993019e+00,2.416743980906219440e+04,1.329398090621907613e+02,4.391968037999991914e+00
2.399999999999992806e+00,2.416979759351213579e+04,1.352975935121321527e+02,4.356652037999992011e+00
2.409999999999992593e+00,2.417215537796216813e+04,1.376553779621644935e+02,4.320355037999991765e+00
2.419999999999992379e+00,2.417451316241217137e+04,1.400131624121677305e+02,4.283077037999992065e+00
2.429999999999992166e+00,2.417687094686220007e+04,1.423709468621964334e+02,4.244818037999992022e+00
2.439999999999991953e+00,2.417922873131217420e+04,1.447287313121705665e+02,4.205578037999991636e+00
2.449999999999991740e+00,2.418158651576217744e+04,1.470865157621738035e+02,4.165357037999991796e+00
2.459999999999991527e+00,2.418394430021217704e+04,1.494443002121734025e+02,4.124155037999991613e+00
2.469999999999991314e+00,2.418630208466215845e+04,1.518020846621548117e+02,4.081972037999991976e+00
2.479999999999991100e+00,2.418865986911212894e+04,1.541598691121253069e+02,4.038808037999991996e+00
2.489999999999990887e+00,2.419101765356218311e+04,1.565176535621794756e+02,3.994663037999992117e+00
2.499999999999990674e+00,2.419337543801216452e+04,1.588754380121608847e+02,3.949537037999991895e+00
2.509999999999990461e+00,2.419573322246216412e+04,1.612332224621604837e+02,3.903430037999991775e+00
2.519999999999990248e+00,2.419809100691213825e+04,1.635910069121346169e+02,3.856342037999991756e+00
2.529999999999990035e+00,2.420044879136218879e+04,1.659487913621851476e+02,3.808273037999991839e+00
2.539999999999989821e+00,2.420280657581217019e+04,1.683065758121665567e+02,3.759223037999992023e+00
2.549999999999989608e+00,2.420516436026214069e+04,1.706643602621370519e+02,3.709192037999991864e+00
2.559999999999989395e+00,2.420752214471214756e+04,1.730221447121439269e+02,3.658180037999991807e+00
2.569999999999989182e+00,2.420987992916212170e+04,1.753799291621180600e+02,3.606187037999991851e+00
2.579999999999988969e+00,2.421223771361218314e+04,1.777377136121795047e+02,3.553213037999991997e+00
2.589999999999988756e+00,2.421459549806215364e+04,1.800954980621499999e+02,3.499258037999991799e+00
2.599999999999988542e+00,2.421695328251218234e+04,1.824532825121787027e+02,3.444322037999991704e+00
2.609999999999988329e+00,2.421931106696218558e+04,1.848110669621819397e+02,3.388405037999991709e+00
2.619999999999988116e+00,2.422166885141213425e+04,1.871688514121306071e+02,3.331507037999991816e+00
2.629999999999987903e+00,2.422402663586213748e+04,1.895266358621338441e+02,3.273628037999992024e+00
2.639999999999987690e+00,2.422638442031214072e+04,1.918844203121370811e+02,3.214768037999991890e+00
2.649999999999987477e+00,2.422874220476219125e+04,1.942422047621876118e+02,3.154927037999991857e+00
2.659999999999987264e+00,2.423109998921216538e+04,1.965999892121617449e+02,3.094105037999991925e+00
2.669999999999987050e+00,2.423345777366214679e+04,1.989577736621431541e+02,3.032302037999992095e+00
2.679999999999986837e+00,2.423581555811215003e+04,2.013155581121463911e+02,2.969518037999991922e+00
2.689999999999986624e+00,2.423817334256217509e+04,2.036733425621714559e+02,2.905753037999991850e+00
2.699999999999986411e+00,2.424053112701214923e+04,2.060311270121455891e+02,2.841007037999991880e+00
2.709999999999986198e+00,2.424288891146211972e+04,2.083889114621160843e+02,2.775280037999992011e+00
2.719999999999985985e+00,2.424524669591215570e+04,2.107466959121520631e+02,2.708572037999992244e+00
2.729999999999985771e+00,2.424760448036212983e+04,2.131044803621261963e+02,2.640883037999992133e+00
2.739999999999985558e+00,2.424996226481212580e+04,2.154622648121221573e+02,2.572213037999992125e+00
2.749999999999985345e+00,2.425232004926212903e+04,2.178200492621253943e+02,2.502562037999992217e+00
2.759999999999985132e+00,2.425467783371213955e+04,2.201778337121359073e+02,2.431930037999992411e+00
2.769999999999984919e+00,2.425703561816213551e+04,2.225356181621318683e+02,2.360317037999992262e+00
2.779999999999984706e+00,2.425939340261210964e+04,2.248934026121060015e+02,2.287723037999992215e+00
2.789999999999984492e+00,2.426175118706211288e+04,2.272511870621092385e+02,2.214148037999992269e+00
2.799999999999984279e+00,2.426410897151214522e+04,2.296089715121415793e+02,2.139592037999992424e+00
2.809999999999984066e+00,2.426646675596214118e+04,2.319667559621375403e+02,2.064055037999992681e+00
2.819999999999983853e+00,2.426882454041211531e+04,2.343245404121116735e+02,1.987537037999992817e+00
2.829999999999983640e+00,2.427118232486212219e+04,2.366823248621185485e+02,1.910038037999992833e+00
2.839999999999983427e+00,2.427354010931209268e+04,2.390401093120890437e+02,1.831558037999992949e+00
2.849999999999983213e+00,2.427589789376209592e+04,2.413978937620922807e+02,1.752097037999992946e+00
2.859999999999983000e+00,2.427825567821212826e+04,2.437556782121246215e+02,1.671655037999993043e+00
2.869999999999982787e+00,2.428061346266216060e+04,2.461134626621569623e+02,1.590232037999993242e+00
2.879999999999982574e+00,2.428297124711210563e+04,2.484712471121019917e+02,1.507828037999993320e+00
2.889999999999982361e+00,2.428532903156216707e+04,2.508290315621634363e+02,1.424443037999993500e+00
2.899999999999982148e+00,2.428768681601214485e+04,2.531868160121412075e+02,1.340077037999993559e+00
2.909999999999981934e+00,2.429004460046211898e+04,2.555446004621153406e+02,1.254730037999993719e+00
2.919999999999981721e+00,2.429240238491217315e+04,2.579023849121695093e+02,1.168402037999993759e+00
2.929999999999981508e+00,2.429476016936209635e+04,2.602601693620927108e+02,1.081093037999993900e+00
2.939999999999981295e+00,2.429711795381209959e+04,2.626179538120959478e+02,9.928030379999939203e-01
2.949999999999981082e+00,2.429947573826213193e+04,2.649757382621282886e+02,9.035320379999939311e-01
2.959999999999980869e+00,2.430183352271213880e+04,2.673335227121351636e+02,8.132800379999939322e-01
2.969999999999980655e+00,2.430419130716213476e+04,2.696913071621311246e+02,7.220470379999940347e-01
2.979999999999980442e+00,2.430654909161214528e+04,2.720490916121416376e+02,6.298330379999941275e-01
2.989999999999980229e+00,2.430890687606219944e+04,2.744068760621958063e+02,5.366380379999942107e-01
2.999999999999980016e+00,2.431126466051214447e+04,2.767646605121408356e+02,4.424620379999942288e-01
3.009999999999979803e+00,2.431362244496217681e+04,2.791224449621731765e+02,3.473050379999942372e-01
3.019999999999979590e+00,2.431598022941215459e+04,2.814802294121509476e+02,2.511670379999942360e-01
3.029999999999979376e+00,2.431833801386215782e+04,2.838380138621541846e+02,1.540480379999942528e-01
3.039999999999979163e+00,7.426112938273417967e+03,-1.660838706172658567e+04,5.594803799999426702e-02
3.049999999999978950e+00,4.763326265735122433e+03,-1.927117373426488120e+04,1.899019000000016534e-03
3.059999999999978737e+00,2.379872155499999280e+04,-2.357784450000108336e+02,4.595000000000574319e-02
3.069999999999978524e+00,2.380107933944997058e+04,-2.334206605500330625e+02,1.440500000000057013e-01
3.079999999999978311e+00,2.380343712390002474e+04,-2.310628760999788938e+02,2.411690000000056566e-01
3.089999999999978098e+00,2.380579490835003162e+04,-2.287050916499720188e+02,3.373070000000056301e-01
3.099999999999977884e+00,2.380815269280000575e+04,-2.263473071999978856e+02,4.324640000000055662e-01
3.109999999999977671e+00,2.381051047724997625e+04,-2.239895227500273904e+02,5.266400000000055481e-01
3.119999999999977458e+00,2.381286826169997585e+04,-2.216317383000277914e+02,6.198350000000054649e-01
3.129999999999977245e+00,2.381522604615001183e+04,-2.192739538499918126e+02,7.120490000000053721e-01
3.139999999999977032e+00,2.381758383059998232e+04,-2.169161694000213174e+02,8.032820000000052696e-01
3.149999999999976819e+00,2.381994161504998920e+04,-2.145583849500144424e+02,8.935340000000051575e-01
3.159999999999976605e+00,2.382229939949996333e+04,-2.122006005000403093e+02,9.828050000000050357e-01
3.169999999999976392e+00,2.382465718395001386e+04,-2.098428160499897785e+02,1.071095000000005015e+00
3.179999999999976179e+00,2.382701496839999163e+04,-2.074850316000120074e+02,1.158404000000004874e+00
3.189999999999975966e+00,2.382937275284996213e+04,-2.051272471500415122e+02,1.244732000000004835e+00
3.199999999999975753e+00,2.383173053729999447e+04,-2.027694627000091714e+02,1.330079000000004674e+00
3.209999999999975540e+00,2.383408832174999770e+04,-2.004116782500059344e+02,1.414445000000004615e+00
3.219999999999975326e+00,2.383644610619996456e+04,-1.980538938000390772e+02,1.497830000000004436e+00
3.229999999999975113e+00,2.383880389064996780e+04,-1.956961093500358402e+02,1.580234000000004357e+00
3.239999999999974900e+00,2.384116167509997103e+04,-1.933383249000326032e+02,1.661657000000004158e+00
3.249999999999974687e+00,2.384351945954994881e+04,-1.909805404500548320e+02,1.742099000000004061e+00
3.259999999999974474e+00,2.384587724400000297e+04,-1.886227560000006633e+02,1.821560000000003843e+00
3.269999999999974261e+00,2.384823502844997711e+04,-1.862649715500265302e+02,1.900040000000003726e+00
3.279999999999974047e+00,2.385059281289995852e+04,-1.839071871000451210e+02,1.977539000000003711e+00
3.289999999999973834e+00,2.385295059734996539e+04,-1.815494026500382461e+02,2.054057000000003796e+00
3.299999999999973621e+00,2.385530838179993953e+04,-1.791916182000641129e+02,2.129594000000003540e+00
3.309999999999973408e+00,2.385766616624996823e+04,-1.768338337500354100e+02,2.204150000000003384e+00
3.319999999999973195e+00,2.386002395069997510e+04,-1.744760493000285351e+02,2.277725000000003330e+00
3.329999999999972982e+00,2.386238173514993832e+04,-1.721182648500653158e+02,2.350319000000003378e+00
3.339999999999972768e+00,2.386473951959994520e+04,-1.697604804000584409e+02,2.421932000000003082e+00
3.349999999999972555e+00,2.386709730405000300e+04,-1.674026959500006342e+02,2.492564000000002888e+00
3.359999999999972342e+00,2.386945508849997714e+04,-1.650449115000265010e+02,2.562215000000002796e+00
3.369999999999972129e+00,2.387181287294998401e+04,-1.626871270500196260e+02,2.630885000000002805e+00
3.379999999999971916e+00,2.387417065739995815e+04,-1.603293426000454929e+02,2.698574000000002915e+00
3.389999999999971703e+00,2.387652844184999049e+04,-1.579715581500131520e+02,2.765282000000002682e+00
3.399999999999971489e+00,2.387888622629999372e+04,-1.556137737000099150e+02,2.831009000000002551e+00
3.409999999999971276e+00,2.388124401074998968e+04,-1.532559892500139540e+02,2.895755000000002521e+00
3.419999999999971063e+00,2.388360179520002930e+04,-1.508982047999743372e+02,2.959520000000002593e+00
3.429999999999970850e+00,2.388595957965002526e+04,-1.485404203499783762e+02,3.022304000000002322e+00
3.439999999999970637e+00,2.388831736410000303e+04,-1.461826359000006050e+02,3.084107000000002152e+00
3.449999999999970424e+00,2.389067514855003174e+04,-1.438248514499719022e+02,3.144929000000002084e+00
3.459999999999970210e+00,2.389303293299995858e+04,-1.414670670000450627e+02,3.204770000000002117e+00
3.469999999999969997e+00,2.389539071744996181e+04,-1.391092825500418257e+02,3.263630000000002251e+00
3.479999999999969784e+00,2.389774850189999052e+04,-1.367514981000131229e+02,3.321509000000002043e+00
3.489999999999969571e+00,2.390010628634999011e+04,-1.343937136500135239e+02,3.378407000000001936e+00
3.499999999999969358e+00,2.390246407079999335e+04,-1.320359292000102869e+02,3.434324000000001931e+00
3.509999999999969145e+00,2.390482185525002569e+04,-1.296781447499779460e+02,3.489260000000002027e+00
3.519999999999968932e+00,2.390717963970000710e+04,-1.273203602999965369e+02,3.543215000000002224e+00
3.529999999999968718e+00,2.390953742415001034e+04,-1.249625758499932999e+02,3.596189000000002078e+00
3.539999999999968505e+00,2.391189520859997720e+04,-1.226047914000264427e+02,3.648182000000002034e+00
3.549999999999968292e+00,2.391425299305000954e+04,-1.202470069499941019e+02,3.699194000000002092e+00
3.559999999999968079e+00,2.391661077750004188e+04,-1.178892224999617611e+02,3.749225000000002250e+00
3.569999999999967866e+00,2.391896856195001965e+04,-1.155314380499839899e+02,3.798275000000002066e+00
3.579999999999967653e+00,2.392132634640002289e+04,-1.131736535999807529e+02,3.846344000000001984e+00
3.589999999999967439e+00,2.392368413085005159e+04,-1.108158691499520501e+02,3.893432000000002002e+00
3.599999999999967226e+00,2.392604191530005119e+04,-1.084580846999524510e+02,3.939539000000002122e+00
3.609999999999967013e+00,2.392839969974999985e+04,-1.061003002500037837e+02,3.984665000000002344e+00
3.619999999999966800e+00,2.393075748420000673e+04,-1.037425157999969088e+02,4.028810000000002667e+00
3.629999999999966587e+00,2.393311526865000633e+04,-1.013847313499973097e+02,4.071974000000002647e+00
3.639999999999966374e+00,2.393547305310003503e+04,-9.902694689996860689e+01,4.114157000000002284e+00
3.649999999999966160e+00,2.393783083755001644e+04,-9.666916244998719776e+01,4.155359000000002467e+00
3.659999999999965947e+00,2.394018862200001240e+04,-9.431137799999123672e+01,4.195580000000002308e+00
3.669999999999965734e+00,2.394254640645002291e+04,-9.195359354998072376e+01,4.234820000000002693e+00
3.679999999999965521e+00,2.394490419089999341e+04,-8.959580910001022858e+01,4.273079000000002736e+00
3.689999999999965308e+00,2.394726197534999665e+04,-8.723802465000699158e+01,4.310357000000002436e+00
3.699999999999965095e+00,2.394961975980002899e+04,-8.488024019997465075e+01,4.346654000000002682e+00
3.709999999999964881e+00,2.395197754425002859e+04,-8.252245574997505173e+01,4.381970000000002585e+00
3.719999999999964668e+00,2.395433532870000636e+04,-8.016467129999728058e+01,4.416305000000003034e+00
3.729999999999964455e+00,2.395669311315003870e+04,-7.780688684996493976e+01,4.449659000000003140e+00
3.739999999999964242e+00,2.395905089760001283e+04,-7.544910239999080659e+01,4.482032000000002903e+00
3.749999999999964029e+00,2.396140868205001607e+04,-7.309131794998756959e+01,4.513424000000003211e+00
3.759999999999963816e+00,2.396376646649998293e+04,-7.073353350002071238e+01,4.543835000000003177e+00
3.769999999999963602e+00,2.396612425095004073e+04,-6.837574904996290570e+01,4.573265000000002800e+00
3.779999999999963389e+00,2.396848203540004397e+04,-6.601796459995966870e+01,4.601714000000002969e+00
3.789999999999963176e+00,2.397083981985002174e+04,-6.366018014998189756e+01,4.629182000000002795e+00
3.799999999999962963e+00,2.397319760430002498e+04,-6.130239569997866056e+01,4.655669000000003166e+00
3.809999999999962750e+00,2.397555538875002458e+04,-5.894461124997906154e+01,4.681175000000003195e+00
3.819999999999962537e+00,2.397791317320002418e+04,-5.658682679997946252e+01,4.705700000000002881e+00
3.829999999999962323e+00,2.398027095765003469e+04,-5.422904234996894957e+01,4.729244000000003112e+00
3.839999999999962110e+00,2.398262874210000155e+04,-5.187125790000209236e+01,4.751807000000003001e+00
3.849999999999961897e+00,2.398498652655000842e+04,-4.951347344999521738e+01,4.773389000000003435e+00
3.859999999999961684e+00,2.398734431100003712e+04,-4.715568899996651453e+01,4.793990000000003526e+00
3.869999999999961471e+00,2.398970209545004036e+04,-4.479790454996327753e+01,4.813610000000003275e+00
3.879999999999961258e+00,2.399205987990001813e+04,-4.244012009998550639e+01,4.832249000000003569e+00
3.889999999999961044e+00,2.399441766435004320e+04,-4.008233564996044151e+01,4.849907000000003521e+00
3.899999999999960831e+00,2.399677544879999186e+04,-3.772455120001177420e+01,4.866584000000003130e+00
3.909999999999960618e+00,2.399913323325002420e+04,-3.536676674997943337e+01,4.882280000000003284e+00
3.919999999999960405e+00,2.400149101769997287e+04,-3.300898230003076605e+01,4.896995000000003095e+00
3.929999999999960192e+00,2.400384880215002704e+04,-3.065119784997659735e+01,4.910729000000003452e+00
3.939999999999959979e+00,2.400620658660003028e+04,-2.829341339997336036e+01,4.923482000000003467e+00
3.949999999999959766e+00,2.400856437104998258e+04,-2.593562895002105506e+01,4.935254000000003138e+00
3.959999999999959552e+00,2.401092215550001129e+04,-2.357784449999235221e+01,4.946045000000003355e+00
3.969999999999959339e+00,2.401327993995000725e+04,-2.122006004999639117e+01,4.955855000000003230e+00
3.979999999999959126e+00,2.401563772440006869e+04,-1.886227559993494651e+01,4.964684000000003650e+00
3.989999999999958913e+00,2.401799550884998825e+04,-1.650449115001538303e+01,4.972532000000003727e+00
3.999999999999958700e+00,2.402035329330002060e+04,-1.414670669998304220e+01,4.979399000000003461e+00
4.009999999999958931e+00,2.402271107775002383e+04,-1.178892224997980520e+01,4.985285000000003741e+00
4.019999999999958717e+00,2.402506886220005254e+04,-9.431137799951102352e+00,4.990190000000003678e+00
4.029999999999958504e+00,2.402742664665000120e+04,-7.073353350002435036e+00,4.994114000000003273e+00
4.039999999999958291e+00,2.402978443110006265e+04,-4.715568899940990377e+00,4.997057000000003413e+00
4.049999999999958078e+00,2.403214221555000768e+04,-2.357784449995961040e+00,4.999019000000003210e+00
4.059999999999957865e+00,2.403450000000000364e+04,0.000000000000000000e+00,5.000000000000003553e+00
4.069999999999957652e+00,2.403685778444998141e+04,2.357784449977771146e+00,5.000000000000003553e+00
4.079999999999957438e+00,2.403921556890004285e+04,4.715568900039215805e+00,4.999019000000003210e+00
4.089999999999957225e+00,2.404157335335004245e+04,7.073353350038814824e+00,4.997057000000003413e+00
4.099999999999957012e+00,2.404393113780001659e+04,9.431137800012947991e+00,4.994114000000003273e+00
4.109999999999956799e+00,2.404628892225004893e+04,1.178892225004528882e+01,4.990190000000003678e+00
4.119999999999956586e+00,2.404864670669999759e+04,1.414670669999395614e+01,4.985285000000003741e+00
4.129999999999956373e+00,2.405100449115001902e+04,1.650449115001538303e+01,4.979399000000003461e+00
4.139999999999956160e+00,2.405336227560002953e+04,1.886227560002589598e+01,4.972532000000003727e+00
4.149999999999955946e+00,2.405572006005002913e+04,2.122006005002549500e+01,4.964684000000003650e+00
4.159999999999955733e+00,2.405807784450003237e+04,2.357784450002873200e+01,4.955855000000003230e+00
4.169999999999955520e+00,2.406043562894998468e+04,2.593562894998103729e+01,4.946045000000003355e+00
4.179999999999955307e+00,2.406279341340001338e+04,2.829341340000974014e+01,4.935254000000003138e+00
4.189999999999955094e+00,2.406515119785001298e+04,3.065119785000933916e+01,4.923482000000003467e+00
4.199999999999954881e+00,2.406750898230001621e+04,3.300898230001257616e+01,4.910729000000003452e+00
4.209999999999954667e+00,2.406986676674999035e+04,3.536676674998670933e+01,4.896995000000003095e+00
4.219999999999954454e+00,2.407222455120001905e+04,3.772455120001541218e+01,4.882280000000003284e+00
4.229999999999954241e+00,2.407458233565002229e+04,4.008233565001864918e+01,4.866584000000003130e+00
4.239999999999954028e+00,2.407694012010000006e+04,4.244012009999642032e+01,4.849907000000003521e+00
4.249999999999953815e+00,2.407929790455005423e+04,4.479790455005058902e+01,4.832249000000003569e+00
4.259999999999953602e+00,2.408165568900003200e+04,4.715568900002836017e+01,4.813610000000003275e+00
4.269999999999953388e+00,2.408401347345003887e+04,4.951347345003523515e+01,4.793990000000003526e+00
4.279999999999953175e+00,2.408637125790000573e+04,5.187125790000209236e+01,4.773389000000003435e+00
4.289999999999952962e+00,2.408872904235000897e+04,5.422904235000532935e+01,4.751807000000003001e+00
4.299999999999952749e+00,2.409108682680003767e+04,5.658682680003403220e+01,4.729244000000003112e+00
4.309999999999952536e+00,2.409344461125001544e+04,5.894461125001180335e+01,4.705700000000002881e+00
4.319999999999952323e+00,2.409580239570001868e+04,6.130239570001504035e+01,4.681175000000003195e+00
4.329999999999952109e+00,2.409816018015002192e+04,6.366018015001827735e+01,4.655669000000003166e+00
4.339999999999951896e+00,2.410051796460005062e+04,6.601796460004698019e+01,4.629182000000002795e+00
4.349999999999951683e+00,2.410287574905002475e+04,6.837574905002111336e+01,4.601714000000002969e+00
4.359999999999951470e+00,2.410523353350002435e+04,7.073353350002071238e+01,4.573265000000002800e+00
4.369999999999951257e+00,2.410759131795000576e+04,7.309131795000212151e+01,4.543835000000003177e+00
4.379999999999951044e+00,2.410994910239998353e+04,7.544910239997989265e+01,4.513424000000003211e+00
4.389999999999950830e+00,2.411230688685004134e+04,7.780688685003769933e+01,4.482032000000002903e+00
4.399999999999950617e+00,2.411466467130001547e+04,8.016467130001183250e+01,4.449659000000003140e+00
4.409999999999950404e+00,2.411702245575004417e+04,8.252245575004053535e+01,4.416305000000003034e+00
4.419999999999950191e+00,2.411938024020002558e+04,8.488024020002194447e+01,4.381970000000002585e+00
4.429999999999949978e+00,2.412173802464999244e+04,8.723802464998880168e+01,4.346654000000002682e+00
4.439999999999949765e+00,2.412409580909999568e+04,8.959580909999203868e+01,4.310357000000002436e+00
4.449999999999949551e+00,2.412645359355002802e+04,9.195359355002437951e+01,4.273079000000002736e+00
4.459999999999949338e+00,2.412881137800002398e+04,9.431137800002034055e+01,4.234820000000002693e+00
4.469999999999949125e+00,2.413116916244997265e+04,9.666916244996900787e+01,4.195580000000002308e+00
4.479999999999948912e+00,2.413352694690002681e+04,9.902694690002317657e+01,4.155359000000002467e+00
4.489999999999948699e+00,2.413588473135003369e+04,1.013847313500300515e+02,4.114157000000002284e+00
4.499999999999948486e+00,2.413824251580000782e+04,1.037425158000041847e+02,4.071974000000002647e+00
4.509999999999948272e+00,2.414060030024998923e+04,1.061003002499855938e+02,4.028810000000002667e+00
4.519999999999948059e+00,2.414295808470003976e+04,1.084580847000361246e+02,3.984665000000002788e+00
4.529999999999947846e+00,2.414531586915005028e+04,1.108158691500466375e+02,3.939539000000002567e+00
4.539999999999947633e+00,2.414767365360002077e+04,1.131736536000171327e+02,3.893432000000002446e+00
4.549999999999947420e+00,2.415003143805002401e+04,1.155314380500203697e+02,3.846344000000002428e+00
4.559999999999947207e+00,2.415238922250004907e+04,1.178892225000454346e+02,3.798275000000002510e+00
4.569999999999946994e+00,2.415474700695002684e+04,1.202470069500232057e+02,3.749225000000002694e+00
4.579999999999946780e+00,2.415710479140002644e+04,1.226047914000228047e+02,3.699194000000002536e+00
4.589999999999946567e+00,2.415946257585000421e+04,1.249625758500005759e+02,3.648182000000002478e+00
4.599999999999946354e+00,2.416182036029998199e+04,1.273203602999783470e+02,3.596189000000002522e+00
4.609999999999946141e+00,2.416417814475003252e+04,1.296781447500288778e+02,3.543215000000002668e+00
4.619999999999945928e+00,2.416653592920001029e+04,1.320359292000066489e+02,3.489260000000002471e+00
4.629999999999945715e+00,2.416889371365001352e+04,1.343937136500098859e+02,3.434324000000002375e+00
4.639999999999945501e+00,2.417125149809998402e+04,1.367514980999803811e+02,3.378407000000002380e+00
4.649999999999945288e+00,2.417360928254996179e+04,1.391092825499581522e+02,3.321509000000002487e+00
4.659999999999945075e+00,2.417596706699996139e+04,1.414670669999577512e+02,3.263630000000002696e+00
4.669999999999944862e+00,2.417832485144999373e+04,1.438248514499900921e+02,3.204770000000002561e+00
4.679999999999944649e+00,2.418068263589999333e+04,1.461826358999896911e+02,3.144929000000002528e+00
4.689999999999944436e+00,2.418304042034999293e+04,1.485404203499892901e+02,3.084107000000002596e+00
4.699999999999944222e+00,2.418539820480002527e+04,1.508982048000216309e+02,3.022304000000002766e+00
4.709999999999944009e+00,2.418775598925002123e+04,1.532559892500175920e+02,2.959520000000003037e+00
4.719999999999943796e+00,2.419011377370000264e+04,1.556137736999990011e+02,2.895755000000002966e+00
4.729999999999943583e+00,2.419247155814997677e+04,1.579715581499731343e+02,2.831009000000002995e+00
4.739999999999943370e+00,2.419482934259997273e+04,1.603293425999690953e+02,2.765282000000003126e+00
4.749999999999943157e+00,2.419718712704995050e+04,1.626871270499468665e+02,2.698574000000003359e+00
4.759999999999942943e+00,2.419954491150000831e+04,1.650449115000046731e+02,2.630885000000003249e+00
4.769999999999942730e+00,2.420190269594998244e+04,1.674026959499788063e+02,2.562215000000003240e+00
4.779999999999942517e+00,2.420426048039996022e+04,1.697604803999565775e+02,2.492564000000003333e+00
4.789999999999942304e+00,2.420661826484995618e+04,1.721182648499525385e+02,2.421932000000003526e+00
4.799999999999942091e+00,2.420897604929996669e+04,1.744760492999630515e+02,2.350319000000003822e+00
4.809999999999941878e+00,2.421133383374996993e+04,1.768338337499662885e+02,2.277725000000003774e+00
4.819999999999941664e+00,2.421369161819997316e+04,1.791916181999695254e+02,2.204150000000003828e+00
4.829999999999941451e+00,2.421604940264994366e+04,1.815494026499400206e+02,2.129594000000003984e+00
4.839999999999941238e+00,2.421840718709997236e+04,1.839071870999687235e+02,2.054057000000004241e+00
4.849999999999941025e+00,2.422076497155000106e+04,1.862649715499974263e+02,1.977539000000004377e+00
4.859999999999940812e+00,2.422312275599997520e+04,1.886227559999715595e+02,1.900040000000004392e+00
4.869999999999940599e+00,2.422548054044997480e+04,1.909805404499711585e+02,1.821560000000004509e+00
4.879999999999940385e+00,2.422783832489995257e+04,1.933383248999489297e+02,1.742099000000004727e+00
4.889999999999940172e+00,2.423019610934998491e+04,1.956961093499812705e+02,1.661657000000004825e+00
4.899999999999939959e+00,2.423255389379998087e+04,1.980538937999772315e+02,1.580234000000005024e+00
4.909999999999939746e+00,2.423491167824996228e+04,2.004116782499586407e+02,1.497830000000005102e+00
4.919999999999939533e+00,2.423726946269999462e+04,2.027694626999909815e+02,1.414445000000005281e+00
4.929999999999939320e+00,2.423962724715000149e+04,2.051272471499978565e+02,1.330079000000005340e+00
4.939999999999939106e+00,2.424198503159997199e+04,2.074850315999683517e+02,1.244732000000005501e+00
4.949999999999938893e+00,2.424434281605000069e+04,2.098428160499970545e+02,1.158404000000005540e+00
4.959999999999938680e+00,2.424670060049998574e+04,2.122006004999821016e+02,1.071095000000005681e+00
4.969999999999938467e+00,2.424905838494995623e+04,2.145583849499525968e+02,9.828050000000058128e-01
4.979999999999938254e+00,2.425141616940001768e+04,2.169161694000140415e+02,8.935340000000059346e-01
4.989999999999938041e+00,2.425377395384999181e+04,2.192739538499881746e+02,8.032820000000060467e-01
4.999999999999937828e+00,2.425613173829999141e+04,2.216317382999877736e+02,7.120490000000061492e-01
5.009999999999937614e+00,2.425848952274997282e+04,2.239895227499691828e+02,6.198350000000062421e-01
5.019999999999937401e+00,2.426084730720002699e+04,2.263473072000233515e+02,5.266400000000063253e-01
5.029999999999937188e+00,2.426320509165003386e+04,2.287050916500302264e+02,4.324640000000063988e-01
5.039999999999936975e+00,2.426556287610000800e+04,2.310628761000043596e+02,3.373070000000064628e-01
5.049999999999936762e+00,2.426792066054998213e+04,2.334206605499784928e+02,2.411690000000064893e-01
5.059999999999936549e+00,2.427027844499998537e+04,2.357784449999817298e+02,1.440500000000065339e-01
5.069999999999936335e+00,4.975074926304222572e+03,-1.905942507369578016e+04,4.595000000000656198e-02
5.079999999999936122e+00,7.166304708842146283e+03,-1.686819529115785554e+04,1.899019000000041688e-03
5.089999999999935909e+00,2.384678112386213616e+04,-1.877188761378674826e+02,5.594803799999348293e-02
5.099999999999935696e+00,2.384913890831214303e+04,-1.853610916878606076e+02,1.540480379999934479e-01
5.109999999999935483e+00,2.385149669276213899e+04,-1.830033072378646466e+02,2.511670379999934033e-01
5.119999999999935270e+00,2.385385447721214223e+04,-1.806455227878614096e+02,3.473050379999933490e-01
5.129999999999935056e+00,2.385621226166211636e+04,-1.782877383378872764e+02,4.424620379999932851e-01
5.139999999999934843e+00,2.385857004611214506e+04,-1.759299538878585736e+02,5.366380379999932115e-01
5.149999999999934630e+00,2.386092783056214466e+04,-1.735721694378589746e+02,6.298330379999931283e-01
5.159999999999934417e+00,2.386328561501212243e+04,-1.712143849878812034e+02,7.220470379999930355e-01
5.169999999999934204e+00,2.386564339946212567e+04,-1.688566005378779664e+02,8.132800379999929330e-01
5.179999999999933991e+00,2.386800118391209980e+04,-1.664988160879038332e+02,9.035320379999928209e-01
5.189999999999933777e+00,2.387035896836210304e+04,-1.641410316379005963e+02,9.928030379999926991e-01
5.199999999999933564e+00,2.387271675281212811e+04,-1.617832471878755314e+02,1.081093037999992568e+00
5.209999999999933351e+00,2.387507453726215681e+04,-1.594254627378468285e+02,1.168402037999992427e+00
5.219999999999933138e+00,2.387743232171210548e+04,-1.570676782878981612e+02,1.254730037999992387e+00
5.229999999999932925e+00,2.387979010616213418e+04,-1.547098938378694584e+02,1.340077037999992227e+00
5.239999999999932712e+00,2.388214789061214105e+04,-1.523521093878625834e+02,1.424443037999992168e+00
5.249999999999932498e+00,2.388450567506210427e+04,-1.499943249378993642e+02,1.507828037999991988e+00
5.259999999999932285e+00,2.388686345951213661e+04,-1.476365404878670233e+02,1.590232037999991910e+00
5.269999999999932072e+00,2.388922124396208528e+04,-1.452787560379183560e+02,1.671655037999991711e+00
5.279999999999931859e+00,2.389157902841208124e+04,-1.429209715879223950e+02,1.752097037999991613e+00
5.289999999999931646e+00,2.389393681286211722e+04,-1.405631871378864162e+02,1.831558037999991395e+00
5.299999999999931433e+00,2.389629459731211682e+04,-1.382054026878868171e+02,1.910038037999991278e+00
5.309999999999931219e+00,2.389865238176206913e+04,-1.358476182379345119e+02,1.987537037999991263e+00
5.319999999999931006e+00,2.390101016621212329e+04,-1.334898337878803432e+02,2.064055037999991349e+00
5.329999999999930793e+00,2.390336795066207924e+04,-1.311320493379243999e+02,2.139592037999991092e+00
5.339999999999930580e+00,2.390572573511210794e+04,-1.287742648878956970e+02,2.214148037999990937e+00
5.349999999999930367e+00,2.390808351956211482e+04,-1.264164804378888221e+02,2.287723037999990883e+00
5.359999999999930154e+00,2.391044130401213624e+04,-1.240586959878673952e+02,2.360317037999990930e+00
5.369999999999929940e+00,2.391279908846211038e+04,-1.217009115378932620e+02,2.431930037999990635e+00
5.379999999999929727e+00,2.391515687291211725e+04,-1.193431270878863870e+02,2.502562037999990441e+00
5.389999999999929514e+00,2.391751465736212049e+04,-1.169853426378831500e+02,2.572213037999990348e+00
5.399999999999929301e+00,2.391987244181209462e+04,-1.146275581879090169e+02,2.640883037999990357e+00
5.409999999999929088e+00,2.392223022626210150e+04,-1.122697737379021419e+02,2.708572037999990467e+00
5.419999999999928875e+00,2.392458801071213020e+04,-1.099119892878734390e+02,2.775280037999990235e+00
5.429999999999928662e+00,2.392694579516215890e+04,-1.075542048378447362e+02,2.841007037999990104e+00
5.439999999999928448e+00,2.392930357961215850e+04,-1.051964203878451372e+02,2.905753037999990074e+00
5.449999999999928235e+00,2.393166136406213263e+04,-1.028386359378710040e+02,2.969518037999990145e+00
5.459999999999928022e+00,2.393401914851213951e+04,-1.004808514878641290e+02,3.032302037999989874e+00
5.469999999999927809e+00,2.393637693296212456e+04,-9.812306703787908191e+01,3.094105037999989705e+00
5.479999999999927596e+00,2.393873471741217872e+04,-9.576528258782491321e+01,3.154927037999989636e+00
5.489999999999927383e+00,2.394109250186209829e+04,-9.340749813790534972e+01,3.214768037999989669e+00
5.499999999999927169e+00,2.394345028631213063e+04,-9.104971368787300889e+01,3.273628037999989804e+00
5.509999999999926956e+00,2.394580807076213387e+04,-8.869192923786977190e+01,3.331507037999989596e+00
5.519999999999926743e+00,2.394816585521216257e+04,-8.633414478784106905e+01,3.388405037999989489e+00
5.529999999999926530e+00,2.395052363966216217e+04,-8.397636033784147003e+01,3.444322037999989483e+00
5.539999999999926317e+00,2.395288142411216540e+04,-8.161857588783823303e+01,3.499258037999989579e+00
5.549999999999926104e+00,2.395523920856214681e+04,-7.926079143785682390e+01,3.553213037999989776e+00
5.559999999999925890e+00,2.395759699301215369e+04,-7.690300698784994893e+01,3.606187037999989631e+00
5.569999999999925677e+00,2.395995477746212055e+04,-7.454522253788309172e+01,3.658180037999989587e+00
5.579999999999925464e+00,2.396231256191214925e+04,-7.218743808785438887e+01,3.709192037999989644e+00
5.589999999999925251e+00,2.396467034636215612e+04,-6.982965363784751389e+01,3.759223037999989803e+00
5.599999999999925038e+00,2.396702813081215936e+04,-6.747186918784427689e+01,3.808273037999989619e+00
5.609999999999924825e+00,2.396938591526213349e+04,-6.511408473787014373e+01,3.856342037999989536e+00
5.619999999999924611e+00,2.397174369971218766e+04,-6.275630028781597503e+01,3.903430037999989555e+00
5.629999999999924398e+00,2.397410148416216180e+04,-6.039851583784184186e+01,3.949537037999989675e+00
5.639999999999924185e+00,2.397645926861214321e+04,-5.804073138786043273e+01,3.994663037999989896e+00
5.649999999999923972e+00,2.397881705306215008e+04,-5.568294693785355776e+01,4.038808037999990219e+00
5.659999999999923759e+00,2.398117483751214604e+04,-5.332516248785759672e+01,4.081972037999990199e+00
5.669999999999923546e+00,2.398353262196217474e+04,-5.096737803782889387e+01,4.124155037999989837e+00
5.679999999999923332e+00,2.398589040641214888e+04,-4.860959358785476070e+01,4.165357037999990020e+00
5.689999999999923119e+00,2.398824819086215211e+04,-4.625180913785152370e+01,4.205578037999989860e+00
5.699999999999922906e+00,2.399060597531218446e+04,-4.389402468781918287e+01,4.244818037999990246e+00
5.709999999999922693e+00,2.399296375976213676e+04,-4.153624023786687758e+01,4.283077037999990289e+00
5.719999999999922480e+00,2.399532154421216546e+04,-3.917845578783817473e+01,4.320355037999989989e+00
5.729999999999922267e+00,2.399767932866216870e+04,-3.682067133783493773e+01,4.356652037999990235e+00
5.739999999999922053e+00,2.400003711311219740e+04,-3.446288688780623488e+01,4.391968037999990138e+00
5.749999999999921840e+00,2.400239489756217517e+04,-3.210510243782846374e+01,4.426303037999990586e+00
5.759999999999921627e+00,2.400475268201217841e+04,-2.974731798782522674e+01,4.459657037999990692e+00
5.769999999999921414e+00,2.400711046646215254e+04,-2.738953353785109357e+01,4.492030037999990455e+00
5.779999999999921201e+00,2.400946825091215578e+04,-2.503174908784785657e+01,4.523422037999990764e+00
5.789999999999920988e+00,2.401182603536212264e+04,-2.267396463788099936e+01,4.553833037999990729e+00
5.799999999999920774e+00,2.401418381981215498e+04,-2.031618018784865853e+01,4.583263037999990352e+00
5.809999999999920561e+00,2.401654160426215822e+04,-1.795839573784542154e+01,4.611712037999990521e+00
5.819999999999920348e+00,2.401889938871216145e+04,-1.560061128784218454e+01,4.639180037999990347e+00
5.829999999999920135e+00,2.402125717316213922e+04,-1.324282683786441339e+01,4.665667037999990718e+00
5.839999999999919922e+00,2.402361495761216793e+04,-1.088504238783571054e+01,4.691173037999990747e+00
5.849999999999919709e+00,2.402597274206216389e+04,-8.527257937839749502e+00,4.715698037999990433e+00
5.859999999999919496e+00,2.402833052651214894e+04,-6.169473487854702398e+00,4.739242037999990664e+00
5.869999999999919282e+00,2.403068831096217036e+04,-3.811689037833275506e+00,4.761805037999990553e+00
5.879999999999919069e+00,2.403304609541217360e+04,-1.453904587830038508e+00,4.783387037999990987e+00
5.889999999999918856e+00,2.403540387986215501e+04,9.038798621513706166e-01,4.803988037999991079e+00
5.899999999999918643e+00,2.403776166431215097e+04,3.261664312147331657e+00,4.823608037999990827e+00
5.909999999999918430e+00,2.404011944876215784e+04,5.619448762154206634e+00,4.842247037999991122e+00
5.919999999999918217e+00,2.404247723321218655e+04,7.977233212182909483e+00,4.859905037999991073e+00
5.929999999999918003e+00,2.404483501766216068e+04,1.033501766215704265e+01,4.876582037999990682e+00
5.939999999999917790e+00,2.404719280211216392e+04,1.269280211216027965e+01,4.892278037999990836e+00
5.949999999999917577e+00,2.404955058656214169e+04,1.505058656213805079e+01,4.906993037999990648e+00
5.959999999999917364e+00,2.405190837101214129e+04,1.740837101213764981e+01,4.920727037999991005e+00
5.969999999999917151e+00,2.405426615546217363e+04,1.976615546216999064e+01,4.933480037999991019e+00
5.979999999999916938e+00,2.405662393991212230e+04,2.212393991211865796e+01,4.945252037999990691e+00
5.989999999999916724e+00,2.405898172436215100e+04,2.448172436214736081e+01,4.956043037999990908e+00
5.999999999999916511e+00,2.406133950881215060e+04,2.683950881214695983e+01,4.965853037999990782e+00
6.009999999999916298e+00,2.406369729326218294e+04,2.919729326217930065e+01,4.974682037999991202e+00
6.019999999999916085e+00,2.406605507771215707e+04,3.155507771215343382e+01,4.982530037999991279e+00
6.029999999999915872e+00,2.406841286216216031e+04,3.391286216215667082e+01,4.989397037999991014e+00
6.039999999999915659e+00,2.407077064661219265e+04,3.627064661218901165e+01,4.995283037999991294e+00
6.049999999999915445e+00,2.407312843106219589e+04,3.862843106219224865e+01,5.000188037999991231e+00
6.059999999999915232e+00,2.407548621551216274e+04,4.098621551215910586e+01,5.004112037999990825e+00
6.069999999999915019e+00,2.407784399996217326e+04,4.334399996216961881e+01,5.007055037999990965e+00
6.079999999999914806e+00,2.408020178441214739e+04,4.570178441214375198e+01,5.009017037999990762e+00
6.089999999999914593e+00,2.408255956886214699e+04,4.805956886214335100e+01,5.009998037999991105e+00
6.099999999999914380e+00,2.408491735331212112e+04,5.041735331211748417e+01,5.009998037999991105e+00
6.109999999999914166e+00,2.408727513776218620e+04,5.277513776218256680e+01,5.009017037999990762e+00
6.119999999999913953e+00,2.408963292221215306e+04,5.513292221214942401e+01,5.007055037999990965e+00
6.129999999999913740e+00,2.409199070666218904e+04,5.749070666218540282e+01,5.004112037999990825e+00
6.139999999999913527e+00,2.409434849111218864e+04,5.984849111218500184e+01,5.000188037999991231e+00
6.149999999999913314e+00,2.409670627556216277e+04,6.220627556215913501e+01,4.995283037999991294e+00
6.159999999999913101e+00,2.409906406001216237e+04,6.456406001215873403e+01,4.989397037999991014e+00
6.169999999999912887e+00,2.410142184446219471e+04,6.692184446219107485e+01,4.982530037999991279e+00
6.179999999999912674e+00,2.410377962891213974e+04,6.927962891213610419e+01,4.974682037999991202e+00
6.189999999999912461e+00,2.410613741336217208e+04,7.163741336216844502e+01,4.965853037999990782e+00
6.199999999999912248e+00,2.410849519781212439e+04,7.399519781212075031e+01,4.956043037999990908e+00
6.209999999999912035e+00,2.411085298226215309e+04,7.635298226214945316e+01,4.945252037999990691e+00
6.219999999999911822e+00,2.411321076671215269e+04,7.871076671214905218e+01,4.933480037999991019e+00
6.229999999999911608e+00,2.411556855116213046e+04,8.106855116212682333e+01,4.920727037999991005e+00
6.239999999999911395e+00,2.411792633561215553e+04,8.342633561215188820e+01,4.906993037999990648e+00
6.249999999999911182e+00,2.412028412006216240e+04,8.578412006215876318e+01,4.892278037999990836e+00
6.259999999999910969e+00,2.412264190451219110e+04,8.814190451218746603e+01,4.876582037999990682e+00
6.269999999999910756e+00,2.412499968896213977e+04,9.049968896213613334e+01,4.859905037999991073e+00
6.279999999999910543e+00,2.412735747341219394e+04,9.285747341219030204e+01,4.842247037999991122e+00
6.289999999999910330e+00,2.412971525786214625e+04,9.521525786214260734e+01,4.823608037999990827e+00
6.299999999999910116e+00,2.413207304231214221e+04,9.757304231213856838e+01,4.803988037999991079e+00
6.309999999999909903e+00,2.413443082676217455e+04,9.993082676217090921e+01,4.783387037999990987e+00
6.319999999999909690e+00,2.413678861121217778e+04,1.022886112121741462e+02,4.761805037999990553e+00
6.329999999999909477e+00,2.413914639566215192e+04,1.046463956621482794e+02,4.739242037999990664e+00
6.339999999999909264e+00,2.414150418011215515e+04,1.070041801121515164e+02,4.715698037999990433e+00
6.349999999999909051e+00,2.414386196456215839e+04,1.093619645621547534e+02,4.691173037999990747e+00
6.359999999999908837e+00,2.414621974901213616e+04,1.117197490121325245e+02,4.665667037999990718e+00
6.369999999999908624e+00,2.414857753346219397e+04,1.140775334621903312e+02,4.639180037999990347e+00
6.379999999999908411e+00,2.415093531791213900e+04,1.164353179121353605e+02,4.611712037999990521e+00
6.389999999999908198e+00,2.415329310236213860e+04,1.187931023621349595e+02,4.583263037999990352e+00
6.399999999999907985e+00,2.415565088681214547e+04,1.211508868121418345e+02,4.553833037999990729e+00
6.409999999999907772e+00,2.415800867126212324e+04,1.235086712621196057e+02,4.523422037999990764e+00
6.419999999999907558e+00,2.416036645571218105e+04,1.258664557121774124e+02,4.492030037999990455e+00
6.429999999999907345e+00,2.416272424016215518e+04,1.282242401621515455e+02,4.459657037999990692e+00
6.439999999999907132e+00,2.416508202461220935e+04,1.305820246122057142e+02,4.426303037999990586e+00
6.449999999999906919e+00,2.416743980906219076e+04,1.329398090621871233e+02,4.391968037999990138e+00
6.459999999999906706e+00,2.416979759351213579e+04,1.352975935121321527e+02,4.356652037999990235e+00
6.469999999999906493e+00,2.417215537796216449e+04,1.376553779621608555e+02,4.320355037999989989e+00
6.479999999999906279e+00,2.417451316241216773e+04,1.400131624121640925e+02,4.283077037999990289e+00
6.489999999999906066e+00,2.417687094686218916e+04,1.423709468621855194e+02,4.244818037999990246e+00
6.499999999999905853e+00,2.417922873131211600e+04,1.447287313121123589e+02,4.205578037999989860e+00
6.509999999999905640e+00,2.418158651576217744e+04,1.470865157621738035e+02,4.165357037999990020e+00
6.519999999999905427e+00,2.418394430021217340e+04,1.494443002121697646e+02,4.124155037999989837e+00
6.529999999999905214e+00,2.418630208466215117e+04,1.518020846621475357e+02,4.081972037999990199e+00
6.539999999999905000e+00,2.418865986911212894e+04,1.541598691121253069e+02,4.038808037999990219e+00
6.549999999999904787e+00,2.419101765356218311e+04,1.565176535621794756e+02,3.994663037999990340e+00
6.559999999999904574e+00,2.419337543801215725e+04,1.588754380121536087e+02,3.949537037999990119e+00
6.569999999999904361e+00,2.419573322246216048e+04,1.612332224621568457e+02,3.903430037999989999e+00
6.579999999999904148e+00,2.419809100691213462e+04,1.635910069121309789e+02,3.856342037999989980e+00
6.589999999999903935e+00,2.420044879136218879e+04,1.659487913621851476e+02,3.808273037999990063e+00
6.599999999999903721e+00,2.420280657581214109e+04,1.683065758121374529e+02,3.759223037999990247e+00
6.609999999999903508e+00,2.420516436026213705e+04,1.706643602621334139e+02,3.709192037999990088e+00
6.619999999999903295e+00,2.420752214471214393e+04,1.730221447121402889e+02,3.658180037999990031e+00
6.629999999999903082e+00,2.420987992916212170e+04,1.753799291621180600e+02,3.606187037999990075e+00
6.639999999999902869e+00,2.421223771361217223e+04,1.777377136121685908e+02,3.553213037999990220e+00
6.649999999999902656e+00,2.421459549806215000e+04,1.800954980621463619e+02,3.499258037999990023e+00
6.659999999999902442e+00,2.421695328251217506e+04,1.824532825121714268e+02,3.444322037999989927e+00
6.669999999999902229e+00,2.421931106696215647e+04,1.848110669621528359e+02,3.388405037999989933e+00
6.679999999999902016e+00,2.422166885141210150e+04,1.871688514120978652e+02,3.331507037999990040e+00
6.689999999999901803e+00,2.422402663586213384e+04,1.895266358621302061e+02,3.273628037999990248e+00
6.699999999999901590e+00,2.422638442031212981e+04,1.918844203121261671e+02,3.214768037999990113e+00
6.709999999999901377e+00,2.422874220476213304e+04,1.942422047621294041e+02,3.154927037999990080e+00
6.719999999999901164e+00,2.423109998921216174e+04,1.965999892121581070e+02,3.094105037999990149e+00
6.729999999999900950e+00,2.423345777366212860e+04,1.989577736621249642e+02,3.032302037999990318e+00
6.739999999999900737e+00,2.423581555811213548e+04,2.013155581121318392e+02,2.969518037999990590e+00
6.749999999999900524e+00,2.423817334256216782e+04,2.036733425621641800e+02,2.905753037999990518e+00
6.759999999999900311e+00,2.424053112701214923e+04,2.060311270121455891e+02,2.841007037999990548e+00
6.769999999999900098e+00,2.424288891146211245e+04,2.083889114621088083e+02,2.775280037999990679e+00
6.779999999999899885e+00,2.424524669591209022e+04,2.107466959120865795e+02,2.708572037999990911e+00
6.789999999999899671e+00,2.424760448036211892e+04,2.131044803621152823e+02,2.640883037999990801e+00
6.799999999999899458e+00,2.424996226481212216e+04,2.154622648121185193e+02,2.572213037999990792e+00
6.809999999999899245e+00,2.425232004926207082e+04,2.178200492620671866e+02,2.502562037999990885e+00
6.819999999999899032e+00,2.425467783371212499e+04,2.201778337121213553e+02,2.431930037999991079e+00
6.829999999999898819e+00,2.425703561816213551e+04,2.225356181621318683e+02,2.360317037999991374e+00
6.839999999999898606e+00,2.425939340261210964e+04,2.248934026121060015e+02,2.287723037999991327e+00
6.849999999999898392e+00,2.426175118706211288e+04,2.272511870621092385e+02,2.214148037999991381e+00
6.859999999999898179e+00,2.426410897151207973e+04,2.296089715120760957e+02,2.139592037999991536e+00
6.869999999999897966e+00,2.426646675596214118e+04,2.319667559621375403e+02,2.064055037999991793e+00
6.879999999999897753e+00,2.426882454041211167e+04,2.343245404121080355e+02,1.987537037999991929e+00
6.889999999999897540e+00,2.427118232486212219e+04,2.366823248621185485e+02,1.910038037999991944e+00
6.899999999999897327e+00,2.427354010931208904e+04,2.390401093120854057e+02,1.831558037999992061e+00
6.909999999999897113e+00,2.427589789376208864e+04,2.413978937620850047e+02,1.752097037999992279e+00
6.919999999999896900e+00,2.427825567821209552e+04,2.437556782120918797e+02,1.671655037999992377e+00
6.929999999999896687e+00,2.428061346266214969e+04,2.461134626621460484e+02,1.590232037999992576e+00
6.939999999999896474e+00,2.428297124711210563e+04,2.484712471121019917e+02,1.507828037999992654e+00
6.949999999999896261e+00,2.428532903156213433e+04,2.508290315621306945e+02,1.424443037999992834e+00
6.959999999999896048e+00,2.428768681601214121e+04,2.531868160121375695e+02,1.340077037999992893e+00
6.969999999999895834e+00,2.429004460046211534e+04,2.555446004621117027e+02,1.254730037999993053e+00
6.979999999999895621e+00,2.429240238491216951e+04,2.579023849121658714e+02,1.168402037999993093e+00
6.989999999999895408e+00,2.429476016936209635e+04,2.602601693620927108e+02,1.081093037999993234e+00
6.999999999999895195e+00,2.429711795381209959e+04,2.626179538120959478e+02,9.928030379999933652e-01
7.009999999999894982e+00,2.429947573826212829e+04,2.649757382621246506e+02,9.035320379999934870e-01
7.019999999999894769e+00,2.430183352271213516e+04,2.673335227121315256e+02,8.132800379999935991e-01
7.029999999999894555e+00,2.430419130716213112e+04,2.696913071621274867e+02,7.220470379999937016e-01
7.039999999999894342e+00,2.430654909161214164e+04,2.720490916121379996e+02,6.298330379999937945e-01
7.049999999999894129e+00,2.430890687606214124e+04,2.744068760621375986e+02,5.366380379999938777e-01
7.059999999999893916e+00,2.431126466051214447e+04,2.767646605121408356e+02,4.424620379999939512e-01
7.069999999999893703e+00,2.431362244496211861e+04,2.791224449621149688e+02,3.473050379999940152e-01
7.079999999999893490e+00,2.431598022941215095e+04,2.814802294121473096e+02,2.511670379999940694e-01
7.089999999999893276e+00,2.431833801386215418e+04,2.838380138621505466e+02,1.540480379999941141e-01
7.099999999999893063e+00,7.426112938273393411e+03,-1.660838706172661114e+04,5.594803799999414212e-02
7.109999999999892850e+00,4.763326265735146080e+03,-1.927117373426485574e+04,1.899019000000042555e-03
7.119999999999892637e+00,2.379872155499999280e+04,-2.357784450000108336e+02,4.595000000000591667e-02
7.129999999999892424e+00,2.380107933944996694e+04,-2.334206605500367004e+02,1.440500000000058678e-01
7.139999999999892211e+00,2.380343712389996654e+04,-2.310628761000371014e+02,2.411690000000058232e-01
7.149999999999891998e+00,2.380579490834999888e+04,-2.287050916500047606e+02,3.373070000000057411e-01
7.159999999999891784e+00,2.380815269280000211e+04,-2.263473072000015236e+02,4.324640000000056772e-01
7.169999999999891571e+00,2.381051047724997625e+04,-2.239895227500273904e+02,5.266400000000056592e-01
7.179999999999891358e+00,2.381286826169997221e+04,-2.216317383000314294e+02,6.198350000000055759e-01
7.189999999999891145e+00,2.381522604615000455e+04,-2.192739538499990886e+02,7.120490000000054831e-01
7.199999999999890932e+00,2.381758383059998232e+04,-2.169161694000213174e+02,8.032820000000053806e-01
7.209999999999890719e+00,2.381994161504998920e+04,-2.145583849500144424e+02,8.935340000000052685e-01
7.219999999999890505e+00,2.382229939949995605e+04,-2.122006005000475852e+02,9.828050000000051467e-01
7.229999999999890292e+00,2.382465718395001386e+04,-2.098428160499897785e+02,1.071095000000005015e+00
7.239999999999890079e+00,2.382701496839998072e+04,-2.074850316000229213e+02,1.158404000000004874e+00
7.249999999999889866e+00,2.382937275284996213e+04,-2.051272471500415122e+02,1.244732000000004835e+00
7.259999999999889653e+00,2.383173053729999447e+04,-2.027694627000091714e+02,1.330079000000004674e+00
7.269999999999889440e+00,2.383408832174999770e+04,-2.004116782500059344e+02,1.414445000000004615e+00
7.279999999999889226e+00,2.383644610619996092e+04,-1.980538938000427152e+02,1.497830000000004436e+00
7.289999999999889013e+00,2.383880389064996780e+04,-1.956961093500358402e+02,1.580234000000004357e+00
7.299999999999888800e+00,2.384116167509997103e+04,-1.933383249000326032e+02,1.661657000000004158e+00
7.309999999999888587e+00,2.384351945954994153e+04,-1.909805404500621080e+02,1.742099000000004061e+00
7.319999999999888374e+00,2.384587724399999934e+04,-1.886227560000043013e+02,1.821560000000003843e+00
7.329999999999888161e+00,2.384823502844997711e+04,-1.862649715500265302e+02,1.900040000000003726e+00
7.339999999999887947e+00,2.385059281289995488e+04,-1.839071871000487590e+02,1.977539000000003488e+00
7.349999999999887734e+00,2.385295059734995448e+04,-1.815494026500491600e+02,2.054057000000003352e+00
7.359999999999887521e+00,2.385530838179993589e+04,-1.791916182000677509e+02,2.129594000000003096e+00
7.369999999999887308e+00,2.385766616624996459e+04,-1.768338337500390480e+02,2.204150000000002940e+00
7.379999999999887095e+00,2.386002395069997146e+04,-1.744760493000321731e+02,2.277725000000002886e+00
7.389999999999886882e+00,2.386238173514993832e+04,-1.721182648500653158e+02,2.350319000000002934e+00
7.399999999999886668e+00,2.386473951959994156e+04,-1.697604804000620788e+02,2.421932000000002638e+00
7.409999999999886455e+00,2.386709730405000300e+04,-1.674026959500006342e+02,2.492564000000002444e+00
7.419999999999886242e+00,2.386945508849997714e+04,-1.650449115000265010e+02,2.562215000000002352e+00
7.429999999999886029e+00,2.387181287294998037e+04,-1.626871270500232640e+02,2.630885000000002361e+00
7.439999999999885816e+00,2.387417065739995815e+04,-1.603293426000454929e+02,2.698574000000002471e+00
7.449999999999885603e+00,2.387652844184998685e+04,-1.579715581500167900e+02,2.765282000000002238e+00
7.459999999999885389e+00,2.387888622629999008e+04,-1.556137737000135530e+02,2.831009000000002107e+00
7.469999999999885176e+00,2.388124401074998968e+04,-1.532559892500139540e+02,2.895755000000002077e+00
7.479999999999884963e+00,2.388360179520001839e+04,-1.508982047999852512e+02,2.959520000000002149e+00
7.489999999999884750e+00,2.388595957965002526e+04,-1.485404203499783762e+02,3.022304000000001878e+00
7.499999999999884537e+00,2.388831736409995210e+04,-1.461826359000515367e+02,3.084107000000001708e+00
7.509999999999884324e+00,2.389067514855003174e+04,-1.438248514499719022e+02,3.144929000000001640e+00
7.519999999999884110e+00,2.389303293299995494e+04,-1.414670670000487007e+02,3.204770000000001673e+00
7.529999999999883897e+00,2.389539071744995817e+04,-1.391092825500454637e+02,3.263630000000001807e+00
7.539999999999883684e+00,2.389774850189999052e+04,-1.367514981000131229e+02,3.321509000000001599e+00
7.549999999999883471e+00,2.390010628634998648e+04,-1.343937136500171619e+02,3.378407000000001492e+00
7.559999999999883258e+00,2.390246407079999335e+04,-1.320359292000102869e+02,3.434324000000001487e+00
7.569999999999883045e+00,2.390482185525002205e+04,-1.296781447499815840e+02,3.489260000000001583e+00
7.579999999999882832e+00,2.390717963969998891e+04,-1.273203603000147268e+02,3.543215000000001336e+00
7.589999999999882618e+00,2.390953742414999579e+04,-1.249625758500078518e+02,3.596189000000001190e+00
7.599999999999882405e+00,2.391189520859997720e+04,-1.226047914000264427e+02,3.648182000000001146e+00
7.609999999999882192e+00,2.391425299305000590e+04,-1.202470069499977399e+02,3.699194000000001203e+00
7.619999999999881979e+00,2.391661077750003460e+04,-1.178892224999690370e+02,3.749225000000001362e+00
7.629999999999881766e+00,2.391896856195001601e+04,-1.155314380499876279e+02,3.798275000000001178e+00
7.639999999999881553e+00,2.392132634639999014e+04,-1.131736536000134947e+02,3.846344000000001095e+00
7.649999999999881339e+00,2.392368413085004431e+04,-1.108158691499593260e+02,3.893432000000001114e+00
7.659999999999881126e+00,2.392604191530004755e+04,-1.084580846999560890e+02,3.939539000000001234e+00
7.669999999999880913e+00,2.392839969974999985e+04,-1.061003002500037837e+02,3.984665000000001012e+00
7.679999999999880700e+00,2.393075748419999945e+04,-1.037425158000041847e+02,4.028810000000000890e+00
7.689999999999880487e+00,2.393311526864997359e+04,-1.013847313500300515e+02,4.071974000000000871e+00
7.699999999999880274e+00,2.393547305310003139e+04,-9.902694689997224486e+01,4.114157000000000508e+00
7.709999999999880060e+00,2.393783083755000916e+04,-9.666916244999447372e+01,4.155359000000000691e+00
7.719999999999879847e+00,2.394018862200001240e+04,-9.431137799999123672e+01,4.195580000000000531e+00
7.729999999999879634e+00,2.394254640645001564e+04,-9.195359354998799972e+01,4.234820000000000917e+00
7.739999999999879421e+00,2.394490419089999341e+04,-8.959580910001022858e+01,4.273079000000000960e+00
7.749999999999879208e+00,2.394726197534996390e+04,-8.723802465003973339e+01,4.310357000000000660e+00
7.759999999999878995e+00,2.394961975980001807e+04,-8.488024019998556469e+01,4.346654000000000906e+00
7.769999999999878781e+00,2.395197754425002131e+04,-8.252245574998232769e+01,4.381970000000000809e+00
7.779999999999878568e+00,2.395433532869996634e+04,-8.016467130003729835e+01,4.416305000000001257e+00
7.789999999999878355e+00,2.395669311315003506e+04,-7.780688684996857774e+01,4.449659000000001363e+00
7.799999999999878142e+00,2.395905089760000192e+04,-7.544910240000172053e+01,4.482032000000001126e+00
7.809999999999877929e+00,2.396140868205000515e+04,-7.309131794999848353e+01,4.513424000000001435e+00
7.819999999999877716e+00,2.396376646649997929e+04,-7.073353350002435036e+01,4.543835000000001401e+00
7.829999999999877502e+00,2.396612425095004073e+04,-6.837574904996290570e+01,4.573265000000001024e+00
7.839999999999877289e+00,2.396848203540004397e+04,-6.601796459995966870e+01,4.601714000000001192e+00
7.849999999999877076e+00,2.397083981985001810e+04,-6.366018014998553554e+01,4.629182000000001018e+00
7.859999999999876863e+00,2.397319760430001770e+04,-6.130239569998593652e+01,4.655669000000001390e+00
7.869999999999876650e+00,2.397555538875002458e+04,-5.894461124997906154e+01,4.681175000000001418e+00
7.879999999999876437e+00,2.397791317320002054e+04,-5.658682679998310050e+01,4.705700000000001104e+00
7.889999999999876223e+00,2.398027095765003105e+04,-5.422904234997258754e+01,4.729244000000001336e+00
7.899999999999876010e+00,2.398262874209999791e+04,-5.187125790000573033e+01,4.751807000000001224e+00
7.909999999999875797e+00,2.398498652655000478e+04,-4.951347344999885536e+01,4.773389000000001658e+00
7.919999999999875584e+00,2.398734431100003349e+04,-4.715568899997015251e+01,4.793990000000001750e+00
7.929999999999875371e+00,2.398970209545003672e+04,-4.479790454996691551e+01,4.813610000000001499e+00
7.939999999999875158e+00,2.399205987990001449e+04,-4.244012009998914436e+01,4.832249000000001793e+00
7.949999999999874944e+00,2.399441766435004320e+04,-4.008233564996044151e+01,4.849907000000001744e+00
7.959999999999874731e+00,2.399677544879999186e+04,-3.772455120001177420e+01,4.866584000000001353e+00
7.969999999999874518e+00,2.399913323325002057e+04,-3.536676674998307135e+01,4.882280000000001507e+00
7.979999999999874305e+00,2.400149101769996923e+04,-3.300898230003440403e+01,4.896995000000001319e+00
7.989999999999874092e+00,2.400384880215002340e+04,-3.065119784998023533e+01,4.910729000000001676e+00
7.999999999999873879e+00,2.400620658660003028e+04,-2.829341339997336036e+01,4.923482000000001690e+00
8.009999999999873666e+00,2.400856437104997531e+04,-2.593562895002833102e+01,4.935254000000001362e+00
8.019999999999873452e+00,2.401092215550000401e+04,-2.357784449999962817e+01,4.946045000000001579e+00
8.029999999999873239e+00,2.401327993995000725e+04,-2.122006004999639117e+01,4.955855000000001453e+00
8.039999999999873026e+00,2.401563772440003595e+04,-1.886227559996768832e+01,4.964684000000001873e+00
8.049999999999872813e+00,2.401799550884998098e+04,-1.650449115002265899e+01,4.972532000000001950e+00
8.059999999999872600e+00,2.402035329330001696e+04,-1.414670669998668018e+01,4.979399000000001685e+00
8.069999999999872387e+00,2.402271107775002019e+04,-1.178892224998344318e+01,4.985285000000001965e+00
8.079999999999872173e+00,2.402506886220005254e+04,-9.431137799951102352e+00,4.990190000000001902e+00
8.089999999999871960e+00,2.402742664664999393e+04,-7.073353350009710994e+00,4.994114000000001496e+00
8.099999999999871747e+00,2.402978443110002991e+04,-4.715568899973732186e+00,4.997057000000001636e+00
8.109999999999871534e+00,2.403214221554999676e+04,-2.357784450006874977e+00,4.999019000000001434e+00
8.119999999999871321e+00,2.403450000000000364e+04,0.000000000000000000e+00,5.000000000000001776e+00
8.129999999999871108e+00,2.403685778444997777e+04,2.357784449974133167e+00,5.000000000000001776e+00
8.139999999999870894e+00,2.403921556890003558e+04,4.715568900031939847e+00,4.999019000000001434e+00
8.149999999999870681e+00,2.404157335335000971e+04,7.073353350006073015e+00,4.997057000000001636e+00
8.159999999999870468e+00,2.404393113780001659e+04,9.431137800012947991e+00,4.994114000000001496e+00
8.169999999999870255e+00,2.404628892225004529e+04,1.178892225004165084e+01,4.990190000000001902e+00
8.179999999999870042e+00,2.404864670669999396e+04,1.414670669999031816e+01,4.985285000000001965e+00
8.189999999999869829e+00,2.405100449115001902e+04,1.650449115001538303e+01,4.979399000000001685e+00
8.199999999999869615e+00,2.405336227560002226e+04,1.886227560001862003e+01,4.972532000000001950e+00
8.209999999999869402e+00,2.405572006004999639e+04,2.122006004999275319e+01,4.964684000000001873e+00
8.219999999999869189e+00,2.405807784450003237e+04,2.357784450002873200e+01,4.955855000000001453e+00
8.229999999999868976e+00,2.406043562894997740e+04,2.593562894997376134e+01,4.946045000000001579e+00
8.239999999999868763e+00,2.406279341340001338e+04,2.829341340000974014e+01,4.935254000000001362e+00
8.249999999999868550e+00,2.406515119785000934e+04,3.065119785000570118e+01,4.923482000000001690e+00
8.259999999999868336e+00,2.406750898230001621e+04,3.300898230001257616e+01,4.910729000000001676e+00
8.269999999999868123e+00,2.406986676674998671e+04,3.536676674998307135e+01,4.896995000000001319e+00
8.279999999999867910e+00,2.407222455120001905e+04,3.772455120001541218e+01,4.882280000000001507e+00
8.289999999999867697e+00,2.407458233565002229e+04,4.008233565001864918e+01,4.866584000000001353e+00
8.299999999999867484e+00,2.407694012009999642e+04,4.244012009999278234e+01,4.849907000000001744e+00
8.309999999999867271e+00,2.407929790455005059e+04,4.479790455004695104e+01,4.832249000000001793e+00
8.319999999999867057e+00,2.408165568900003200e+04,4.715568900002836017e+01,4.813610000000001499e+00
8.329999999999866844e+00,2.408401347345002796e+04,4.951347345002432121e+01,4.793990000000001750e+00
8.339999999999866631e+00,2.408637125790003483e+04,5.187125790003119619e+01,4.773389000000001658e+00
8.349999999999866418e+00,2.408872904235000897e+04,5.422904235000532935e+01,4.751807000000001224e+00
8.359999999999866205e+00,2.409108682680003767e+04,5.658682680003403220e+01,4.729244000000001336e+00
8.369999999999865992e+00,2.409344461125001544e+04,5.894461125001180335e+01,4.705700000000001104e+00
8.379999999999865778e+00,2.409580239570001868e+04,6.130239570001504035e+01,4.681175000000001418e+00
8.389999999999865565e+00,2.409816018015001464e+04,6.366018015001100139e+01,4.655669000000001390e+00
8.399999999999865352e+00,2.410051796460005062e+04,6.601796460004698019e+01,4.629182000000001018e+00
8.409999999999865139e+00,2.410287574905002475e+04,6.837574905002111336e+01,4.601714000000001192e+00
8.419999999999864926e+00,2.410523353350002435e+04,7.073353350002071238e+01,4.573265000000001024e+00
8.429999999999864713e+00,2.410759131795000576e+04,7.309131795000212151e+01,4.543835000000001401e+00
8.439999999999864500e+00,2.410994910239997989e+04,7.544910239997625467e+01,4.513424000000001435e+00
8.449999999999864286e+00,2.411230688685003406e+04,7.780688685003042337e+01,4.482032000000001126e+00
8.459999999999864073e+00,2.411466467130001547e+04,8.016467130001183250e+01,4.449659000000001363e+00
8.469999999999863860e+00,2.411702245575001143e+04,8.252245575000779354e+01,4.416305000000001257e+00
8.479999999999863647e+00,2.411938024020001831e+04,8.488024020001466852e+01,4.381970000000000809e+00
8.489999999999863434e+00,2.412173802464999244e+04,8.723802464998880168e+01,4.346654000000000906e+00
8.499999999999863221e+00,2.412409580909996657e+04,8.959580909996293485e+01,4.310357000000000660e+00
8.509999999999863007e+00,2.412645359355002802e+04,9.195359355002437951e+01,4.273079000000000960e+00
8.519999999999862794e+00,2.412881137800002398e+04,9.431137800002034055e+01,4.234820000000000917e+00
8.529999999999862581e+00,2.413116916244997628e+04,9.666916244997264585e+01,4.195580000000000531e+00
8.539999999999862368e+00,2.413352694690002681e+04,9.902694690002317657e+01,4.155359000000000691e+00
8.549999999999862155e+00,2.413588473135003005e+04,1.013847313500264136e+02,4.114157000000000508e+00
8.559999999999861942e+00,2.413824251580000782e+04,1.037425158000041847e+02,4.071974000000000871e+00
8.569999999999861728e+00,2.414060030024998196e+04,1.061003002499783179e+02,4.028810000000000890e+00
8.579999999999861515e+00,2.414295808470003976e+04,1.084580847000361246e+02,3.984665000000001012e+00
8.589999999999861302e+00,2.414531586915004300e+04,1.108158691500393616e+02,3.939539000000000790e+00
8.599999999999861089e+00,2.414767365359996620e+04,1.131736535999625630e+02,3.893432000000000670e+00
8.609999999999860876e+00,2.415003143804999127e+04,1.155314380499876279e+02,3.846344000000000651e+00
8.619999999999860663e+00,2.415238922250004543e+04,1.178892225000417966e+02,3.798275000000000734e+00
8.629999999999860449e+00,2.415474700695004867e+04,1.202470069500450336e+02,3.749225000000000918e+00
8.639999999999860236e+00,2.415710479139999734e+04,1.226047913999937009e+02,3.699194000000000759e+00
8.649999999999860023e+00,2.415946257585000421e+04,1.249625758500005759e+02,3.648182000000000702e+00
8.659999999999859810e+00,2.416182036029997471e+04,1.273203602999710711e+02,3.596189000000000746e+00
8.669999999999859597e+00,2.416417814475003252e+04,1.296781447500288778e+02,3.543215000000000892e+00
8.679999999999859384e+00,2.416653592920000665e+04,1.320359292000030109e+02,3.489260000000000694e+00
8.689999999999859170e+00,2.416889371365000989e+04,1.343937136500062479e+02,3.434324000000000598e+00
8.699999999999858957e+00,2.417125149809998402e+04,1.367514980999803811e+02,3.378407000000000604e+00
8.709999999999858744e+00,2.417360928254996179e+04,1.391092825499581522e+02,3.321509000000000711e+00
8.719999999999858531e+00,2.417596706699995775e+04,1.414670669999541133e+02,3.263630000000000919e+00
8.729999999999858318e+00,2.417832485144999373e+04,1.438248514499900921e+02,3.204770000000000785e+00
8.739999999999858105e+00,2.418068263589998969e+04,1.461826358999860531e+02,3.144929000000000752e+00
8.749999999999857891e+00,2.418304042034999293e+04,1.485404203499892901e+02,3.084107000000000820e+00
8.759999999999857678e+00,2.418539820480002527e+04,1.508982048000216309e+02,3.022304000000000990e+00
8.769999999999857465e+00,2.418775598925002851e+04,1.532559892500248679e+02,2.959520000000000817e+00
8.779999999999857252e+00,2.419011377369999536e+04,1.556137736999917252e+02,2.895755000000000745e+00
8.789999999999857039e+00,2.419247155814997677e+04,1.579715581499731343e+02,2.831009000000000775e+00
8.799999999999856826e+00,2.419482934259997273e+04,1.603293425999690953e+02,2.765282000000000906e+00
8.809999999999856612e+00,2.419718712704995414e+04,1.626871270499505044e+02,2.698574000000001138e+00
8.819999999999856399e+00,2.419954491150001559e+04,1.650449115000119491e+02,2.630885000000001028e+00
8.829999999999856186e+00,2.420190269594998244e+04,1.674026959499788063e+02,2.562215000000001019e+00
8.839999999999855973e+00,2.420426048039998568e+04,1.697604803999820433e+02,2.492564000000001112e+00
8.849999999999855760e+00,2.420661826484995981e+04,1.721182648499561765e+02,2.421932000000001306e+00
8.859999999999855547e+00,2.420897604929993395e+04,1.744760492999303096e+02,2.350319000000001157e+00
8.869999999999855333e+00,2.421133383374999539e+04,1.768338337499917543e+02,2.277725000000001110e+00
8.879999999999855120e+00,2.421369161819996225e+04,1.791916181999586115e+02,2.204150000000001164e+00
8.889999999999854907e+00,2.421604940264994366e+04,1.815494026499400206e+02,2.129594000000001319e+00
8.899999999999854694e+00,2.421840718709996872e+04,1.839071870999650855e+02,2.054057000000001576e+00
8.909999999999854481e+00,2.422076497155000834e+04,1.862649715500047023e+02,1.977539000000001712e+00
8.919999999999854268e+00,2.422312275599997520e+04,1.886227559999715595e+02,1.900040000000001728e+00
8.929999999999854055e+00,2.422548054044997843e+04,1.909805404499747965e+02,1.821560000000001844e+00
8.939999999999853841e+00,2.422783832489994529e+04,1.933383248999416537e+02,1.742099000000001841e+00
8.949999999999853628e+00,2.423019610935000674e+04,1.956961093500030984e+02,1.661657000000001938e+00
8.959999999999853415e+00,2.423255389379995540e+04,1.980538937999517657e+02,1.580234000000002137e+00
8.969999999999853202e+00,2.423491167824996228e+04,2.004116782499586407e+02,1.497830000000002215e+00
8.979999999999852989e+00,2.423726946269998734e+04,2.027694626999837055e+02,1.414445000000002395e+00
8.989999999999852776e+00,2.423962724714999058e+04,2.051272471499869425e+02,1.330079000000002454e+00
8.999999999999852562e+00,2.424198503159997199e+04,2.074850315999683517e+02,1.244732000000002614e+00
9.009999999999852349e+00,2.424434281605000069e+04,2.098428160499970545e+02,1.158404000000002654e+00
9.019999999999852136e+00,2.424670060049998210e+04,2.122006004999784636e+02,1.071095000000002795e+00
9.029999999999851923e+00,2.424905838494994896e+04,2.145583849499453208e+02,9.828050000000028152e-01
9.039999999999851710e+00,2.425141616940001040e+04,2.169161694000067655e+02,8.935340000000028260e-01
9.049999999999851497e+00,2.425377395384998454e+04,2.192739538499808987e+02,8.032820000000028271e-01
9.059999999999851283e+00,2.425613173829999141e+04,2.216317382999877736e+02,7.120490000000029296e-01
9.069999999999851070e+00,2.425848952274996554e+04,2.239895227499619068e+02,6.198350000000030224e-01
9.079999999999850857e+00,2.426084730719999789e+04,2.263473071999942476e+02,5.266400000000031056e-01
9.089999999999850644e+00,2.426320509165000112e+04,2.287050916499974846e+02,4.324640000000031237e-01
9.099999999999850431e+00,2.426556287610003346e+04,2.310628761000298255e+02,3.373070000000031321e-01
9.109999999999850218e+00,2.426792066054998213e+04,2.334206605499784928e+02,2.411690000000031586e-01
9.119999999999850004e+00,2.427027844499997809e+04,2.357784449999744538e+02,1.440500000000031755e-01
9.129999999999849791e+00,4.975074926303479515e+03,-1.905942507369652594e+04,4.595000000000318968e-02
9.139999999999849578e+00,7.166304708843037588e+03,-1.686819529115696787e+04,1.899019000000017835e-03
9.149999999999849365e+00,2.384678112386214343e+04,-1.877188761378602067e+02,5.594803799999682747e-02
9.159999999999849152e+00,2.384913890831217577e+04,-1.853610916878278658e+02,1.540480379999968064e-01
9.169999999999848939e+00,2.385149669276215354e+04,-1.830033072378500947e+02,2.511670379999967895e-01
9.179999999999848725e+00,2.385385447721214587e+04,-1.806455227878577716e+02,3.473050379999967352e-01
9.189999999999848512e+00,2.385621226166212364e+04,-1.782877383378800005e+02,4.424620379999966713e-01
9.199999999999848299e+00,2.385857004611215598e+04,-1.759299538878476596e+02,5.366380379999966532e-01
9.209999999999848086e+00,2.386092783056215194e+04,-1.735721694378516986e+02,6.298330379999965700e-01
9.219999999999847873e+00,2.386328561501215518e+04,-1.712143849878484616e+02,7.220470379999964772e-01
9.229999999999847660e+00,2.386564339946218752e+04,-1.688566005378161208e+02,8.132800379999963747e-01
9.239999999999847446e+00,2.386800118391210344e+04,-1.664988160879001953e+02,9.035320379999962626e-01
9.249999999999847233e+00,2.387035896836210668e+04,-1.641410316378969583e+02,9.928030379999961408e-01
9.259999999999847020e+00,2.387271675281215721e+04,-1.617832471878464276e+02,1.081093037999996120e+00
9.269999999999846807e+00,2.387507453726216772e+04,-1.594254627378359146e+02,1.168402037999995979e+00
9.279999999999846594e+00,2.387743232171216368e+04,-1.570676782878399536e+02,1.254730037999995940e+00
9.289999999999846381e+00,2.387979010616213782e+04,-1.547098938378658204e+02,1.340077037999995779e+00
9.299999999999846167e+00,2.388214789061214469e+04,-1.523521093878589454e+02,1.424443037999995720e+00
9.309999999999845954e+00,2.388450567506216612e+04,-1.499943249378375185e+02,1.507828037999995541e+00
9.319999999999845741e+00,2.388686345951214753e+04,-1.476365404878561094e+02,1.590232037999995462e+00
9.329999999999845528e+00,2.388922124396211439e+04,-1.452787560378892522e+02,1.671655037999995264e+00
9.339999999999845315e+00,2.389157902841209943e+04,-1.429209715879042051e+02,1.752097037999995166e+00
9.349999999999845102e+00,2.389393681286212086e+04,-1.405631871378827782e+02,1.831558037999994948e+00
9.359999999999844889e+00,2.389629459731212410e+04,-1.382054026878795412e+02,1.910038037999994831e+00
9.369999999999844675e+00,2.389865238176213097e+04,-1.358476182378726662e+02,1.987537037999994816e+00
9.379999999999844462e+00,2.390101016621213785e+04,-1.334898337878657912e+02,2.064055037999994902e+00
9.389999999999844249e+00,2.390336795066213745e+04,-1.311320493378661922e+02,2.139592037999994645e+00
9.399999999999844036e+00,2.390572573511211158e+04,-1.287742648878920591e+02,2.214148037999994489e+00
9.409999999999843823e+00,2.390808351956211845e+04,-1.264164804378851841e+02,2.287723037999994435e+00
9.419999999999843610e+00,2.391044130401213988e+04,-1.240586959878637572e+02,2.360317037999994483e+00
9.429999999999843396e+00,2.391279908846212129e+04,-1.217009115378823481e+02,2.431930037999994187e+00
9.439999999999843183e+00,2.391515687291214999e+04,-1.193431270878536452e+02,2.502562037999993994e+00
9.449999999999842970e+00,2.391751465736217870e+04,-1.169853426378249424e+02,2.572213037999993901e+00
9.459999999999842757e+00,2.391987244181213100e+04,-1.146275581878726371e+02,2.640883037999993910e+00
9.469999999999842544e+00,2.392223022626215970e+04,-1.122697737378439342e+02,2.708572037999994020e+00
9.479999999999842331e+00,2.392458801071214111e+04,-1.099119892878625251e+02,2.775280037999993787e+00
9.489999999999842117e+00,2.392694579516219164e+04,-1.075542048378119944e+02,2.841007037999993656e+00
9.499999999999841904e+00,2.392930357961216941e+04,-1.051964203878342232e+02,2.905753037999993627e+00
9.509999999999841691e+00,2.393166136406215082e+04,-1.028386359378528141e+02,2.969518037999993698e+00
9.519999999999841478e+00,2.393401914851215042e+04,-1.004808514878532151e+02,3.032302037999993427e+00
9.529999999999841265e+00,2.393637693296215366e+04,-9.812306703784997808e+01,3.094105037999993257e+00
9.539999999999841052e+00,2.393873471741218236e+04,-9.576528258782127523e+01,3.154927037999993189e+00
9.549999999999840838e+00,2.394109250186216013e+04,-9.340749813784350408e+01,3.214768037999993222e+00
9.559999999999840625e+00,2.394345028631216337e+04,-9.104971368784026708e+01,3.273628037999993357e+00
9.569999999999840412e+00,2.394580807076219207e+04,-8.869192923781156424e+01,3.331507037999993148e+00
9.579999999999840199e+00,2.394816585521219531e+04,-8.633414478780832724e+01,3.388405037999993041e+00
9.589999999999839986e+00,2.395052363966216944e+04,-8.397636033783419407e+01,3.444322037999993036e+00
9.599999999999839773e+00,2.395288142411216904e+04,-8.161857588783459505e+01,3.499258037999993132e+00
9.609999999999839559e+00,2.395523920856215045e+04,-7.926079143785318593e+01,3.553213037999993329e+00
9.619999999999839346e+00,2.395759699301215369e+04,-7.690300698784994893e+01,3.606187037999993183e+00
9.629999999999839133e+00,2.395995477746217875e+04,-7.454522253782488406e+01,3.658180037999993139e+00
9.639999999999838920e+00,2.396231256191215653e+04,-7.218743808784711291e+01,3.709192037999993197e+00
9.649999999999838707e+00,2.396467034636215976e+04,-6.982965363784387591e+01,3.759223037999993355e+00
9.659999999999838494e+00,2.396702813081217028e+04,-6.747186918783336296e+01,3.808273037999993171e+00
9.669999999999838280e+00,2.396938591526213713e+04,-6.511408473786650575e+01,3.856342037999993089e+00
9.679999999999838067e+00,2.397174369971220221e+04,-6.275630028780142311e+01,3.903430037999993107e+00
9.689999999999837854e+00,2.397410148416217271e+04,-6.039851583783092792e+01,3.949537037999993228e+00
9.699999999999837641e+00,2.397645926861215048e+04,-5.804073138785315678e+01,3.994663037999993449e+00
9.709999999999837428e+00,2.397881705306215008e+04,-5.568294693785355776e+01,4.038808037999993772e+00
9.719999999999837215e+00,2.398117483751215696e+04,-5.332516248784668278e+01,4.081972037999993752e+00
9.729999999999837001e+00,2.398353262196218566e+04,-5.096737803781797993e+01,4.124155037999993390e+00
9.739999999999836788e+00,2.398589040641215979e+04,-4.860959358784384676e+01,4.165357037999993572e+00
9.749999999999836575e+00,2.398824819086221396e+04,-4.625180913778967806e+01,4.205578037999993413e+00
9.759999999999836362e+00,2.399060597531219537e+04,-4.389402468780826894e+01,4.244818037999993798e+00
9.769999999999836149e+00,2.399296375976214404e+04,-4.153624023785960162e+01,4.283077037999993841e+00
9.779999999999835936e+00,2.399532154421216910e+04,-3.917845578783453675e+01,4.320355037999993542e+00
9.789999999999835723e+00,2.399767932866217961e+04,-3.682067133782402379e+01,4.356652037999993787e+00
9.799999999999835509e+00,2.400003711311220104e+04,-3.446288688780259690e+01,4.391968037999993690e+00
9.809999999999835296e+00,2.400239489756217881e+04,-3.210510243782482576e+01,4.426303037999994139e+00
9.819999999999835083e+00,2.400475268201218205e+04,-2.974731798782158876e+01,4.459657037999994245e+00
9.829999999999834870e+00,2.400711046646215618e+04,-2.738953353784745559e+01,4.492030037999994008e+00
9.839999999999834657e+00,2.400946825091221763e+04,-2.503174908778601093e+01,4.523422037999994316e+00
9.849999999999834444e+00,2.401182603536218448e+04,-2.267396463781915372e+01,4.553833037999994282e+00
9.859999999999834230e+00,2.401418381981216589e+04,-2.031618018783774460e+01,4.583263037999993905e+00
9.869999999999834017e+00,2.401654160426219096e+04,-1.795839573781267973e+01,4.611712037999994074e+00
9.879999999999833804e+00,2.401889938871216873e+04,-1.560061128783490858e+01,4.639180037999993900e+00
9.889999999999833591e+00,2.402125717316217197e+04,-1.324282683783167158e+01,4.665667037999994271e+00
9.899999999999833378e+00,2.402361495761217157e+04,-1.088504238783207256e+01,4.691173037999994300e+00
9.909999999999833165e+00,2.402597274206217480e+04,-8.527257937828835566e+00,4.715698037999993986e+00
9.919999999999832951e+00,2.402833052651218168e+04,-6.169473487821960589e+00,4.739242037999994217e+00
9.929999999999832738e+00,2.403068831096217764e+04,-3.811689037825999549e+00,4.761805037999994106e+00
9.939999999999832525e+00,2.403304609541218451e+04,-1.453904587819124572e+00,4.783387037999994540e+00
9.949999999999832312e+00,2.403540387986215865e+04,9.038798621550085954e-01,4.803988037999994631e+00
9.959999999999832099e+00,2.403776166431218735e+04,3.261664312183711445e+00,4.823608037999994380e+00
9.969999999999831886e+00,2.404011944876216876e+04,5.619448762165120570e+00,4.842247037999994674e+00
9.979999999999831672e+00,2.404247723321219019e+04,7.977233212186547462e+00,4.859905037999994626e+00
9.989999999999831459e+00,2.404483501766219342e+04,1.033501766218978446e+01,4.876582037999994235e+00
9.999999999999831246e+00,2.404719280211217119e+04,1.269280211216755561e+01,4.892278037999994389e+00
1.000999999999983103e+01,2.404955058656217443e+04,1.505058656217079260e+01,4.906993037999994201e+00
1.001999999999983082e+01,2.405190837101214856e+04,1.740837101214492577e+01,4.920727037999994558e+00
1.002999999999983061e+01,2.405426615546217727e+04,1.976615546217362862e+01,4.933480037999994572e+00
1.003999999999983039e+01,2.405662393991218414e+04,2.212393991218050360e+01,4.945252037999994243e+00
1.004999999999983018e+01,2.405898172436215827e+04,2.448172436215463676e+01,4.956043037999994461e+00
1.005999999999982997e+01,2.406133950881215424e+04,2.683950881215059781e+01,4.965853037999994335e+00
1.006999999999982975e+01,2.406369729326218294e+04,2.919729326217930065e+01,4.974682037999994755e+00
1.007999999999982954e+01,2.406605507771218981e+04,3.155507771218617563e+01,4.982530037999994832e+00
1.008999999999982933e+01,2.406841286216216758e+04,3.391286216216394678e+01,4.989397037999994566e+00
1.009999999999982911e+01,2.407077064661219993e+04,3.627064661219628761e+01,4.995283037999994846e+00
1.010999999999982890e+01,2.407312843106220316e+04,3.862843106219952460e+01,5.000188037999994783e+00
1.011999999999982869e+01,2.407548621551217002e+04,4.098621551216638181e+01,5.004112037999994378e+00
1.012999999999982847e+01,2.407784399996217689e+04,4.334399996217325679e+01,5.007055037999994518e+00
1.013999999999982826e+01,2.408020178441215103e+04,4.570178441214738996e+01,5.009017037999994315e+00
1.014999999999982805e+01,2.408255956886215426e+04,4.805956886215062696e+01,5.009998037999994658e+00
1.015999999999982784e+01,2.408491735331213204e+04,5.041735331212839810e+01,5.009998037999994658e+00
1.016999999999982762e+01,2.408727513776218984e+04,5.277513776218620478e+01,5.009017037999994315e+00
1.017999999999982741e+01,2.408963292221215670e+04,5.513292221215306199e+01,5.007055037999994518e+00
1.018999999999982720e+01,2.409199070666219268e+04,5.749070666218904080e+01,5.004112037999994378e+00
1.019999999999982698e+01,2.409434849111219592e+04,5.984849111219227780e+01,5.000188037999994783e+00
1.020999999999982677e+01,2.409670627556217369e+04,6.220627556217004894e+01,4.995283037999994846e+00
1.021999999999982656e+01,2.409906406001216965e+04,6.456406001216600998e+01,4.989397037999994566e+00
1.022999999999982634e+01,2.410142184446223109e+04,6.692184446222745464e+01,4.982530037999994832e+00
1.023999999999982613e+01,2.410377962891215066e+04,6.927962891214701813e+01,4.974682037999994755e+00
1.024999999999982592e+01,2.410613741336217936e+04,7.163741336217572098e+01,4.965853037999994335e+00
1.025999999999982570e+01,2.410849519781213166e+04,7.399519781212802627e+01,4.956043037999994461e+00
1.026999999999982549e+01,2.411085298226221494e+04,7.635298226221129880e+01,4.945252037999994243e+00
1.027999999999982528e+01,2.411321076671215997e+04,7.871076671215632814e+01,4.933480037999994572e+00
1.028999999999982506e+01,2.411556855116214138e+04,8.106855116213773726e+01,4.920727037999994558e+00
1.029999999999982485e+01,2.411792633561219191e+04,8.342633561218826799e+01,4.906993037999994201e+00
1.030999999999982464e+01,2.412028412006216604e+04,8.578412006216240115e+01,4.892278037999994389e+00
1.031999999999982442e+01,2.412264190451222385e+04,8.814190451222020783e+01,4.876582037999994235e+00
1.032999999999982421e+01,2.412499968896214705e+04,9.049968896214340930e+01,4.859905037999994626e+00
1.033999999999982400e+01,2.412735747341220122e+04,9.285747341219757800e+01,4.842247037999994674e+00
1.034999999999982379e+01,2.412971525786217899e+04,9.521525786217534915e+01,4.823608037999994380e+00
1.035999999999982357e+01,2.413207304231215312e+04,9.757304231214948231e+01,4.803988037999994631e+00
1.036999999999982336e+01,2.413443082676218182e+04,9.993082676217818516e+01,4.783387037999994540e+00
1.037999999999982315e+01,2.413678861121218870e+04,1.022886112121850601e+02,4.761805037999994106e+00
1.038999999999982293e+01,2.413914639566218466e+04,1.046463956621810212e+02,4.739242037999994217e+00
1.039999999999982272e+01,2.414150418011216607e+04,1.070041801121624303e+02,4.715698037999993986e+00
1.040999999999982251e+01,2.414386196456216567e+04,1.093619645621620293e+02,4.691173037999994300e+00
1.041999999999982229e+01,2.414621974901216890e+04,1.117197490121652663e+02,4.665667037999994271e+00
1.042999999999982208e+01,2.414857753346219761e+04,1.140775334621939692e+02,4.639180037999993900e+00
1.043999999999982187e+01,2.415093531791217174e+04,1.164353179121681023e+02,4.611712037999994074e+00
1.044999999999982165e+01,2.415329310236214587e+04,1.187931023621422355e+02,4.583263037999993905e+00
1.045999999999982144e+01,2.415565088681220732e+04,1.211508868122036802e+02,4.553833037999994282e+00
1.046999999999982123e+01,2.415800867126218145e+04,1.235086712621778133e+02,4.523422037999994316e+00
1.047999999999982101e+01,2.416036645571218833e+04,1.258664557121846883e+02,4.492030037999994008e+00
1.048999999999982080e+01,2.416272424016216246e+04,1.282242401621588215e+02,4.459657037999994245e+00
1.049999999999982059e+01,2.416508202461221299e+04,1.305820246122093522e+02,4.426303037999994139e+00
1.050999999999982037e+01,2.416743980906219440e+04,1.329398090621907613e+02,4.391968037999993690e+00
1.051999999999982016e+01,2.416979759351214307e+04,1.352975935121394286e+02,4.356652037999993787e+00
1.052999999999981995e+01,2.417215537796216813e+04,1.376553779621644935e+02,4.320355037999993542e+00
1.053999999999981974e+01,2.417451316241217864e+04,1.400131624121750065e+02,4.283077037999993841e+00
1.054999999999981952e+01,2.417687094686220007e+04,1.423709468621964334e+02,4.244818037999993798e+00
1.055999999999981931e+01,2.417922873131217784e+04,1.447287313121742045e+02,4.205578037999993413e+00
1.056999999999981910e+01,2.418158651576217744e+04,1.470865157621738035e+02,4.165357037999993572e+00
1.057999999999981888e+01,2.418394430021218432e+04,1.494443002121806785e+02,4.124155037999993390e+00
1.058999999999981867e+01,2.418630208466215845e+04,1.518020846621548117e+02,4.081972037999993752e+00
1.059999999999981846e+01,2.418865986911213258e+04,1.541598691121289448e+02,4.038808037999993772e+00
1.060999999999981824e+01,2.419101765356218675e+04,1.565176535621831135e+02,3.994663037999993893e+00
1.061999999999981803e+01,2.419337543801216088e+04,1.588754380121572467e+02,3.949537037999993672e+00
1.062999999999981782e+01,2.419573322246217140e+04,1.612332224621677597e+02,3.903430037999993552e+00
1.063999999999981760e+01,2.419809100691213825e+04,1.635910069121346169e+02,3.856342037999993533e+00
1.064999999999981739e+01,2.420044879136219606e+04,1.659487913621924235e+02,3.808273037999993615e+00
1.065999999999981718e+01,2.420280657581214109e+04,1.683065758121374529e+02,3.759223037999993799e+00
1.066999999999981696e+01,2.420516436026214069e+04,1.706643602621370519e+02,3.709192037999993641e+00
1.067999999999981675e+01,2.420752214471220577e+04,1.730221447122021345e+02,3.658180037999993583e+00
1.068999999999981654e+01,2.420987992916212534e+04,1.753799291621216980e+02,3.606187037999993628e+00
1.069999999999981632e+01,2.421223771361217950e+04,1.777377136121758667e+02,3.553213037999993773e+00
1.070999999999981611e+01,2.421459549806215364e+04,1.800954980621499999e+02,3.499258037999993576e+00
1.071999999999981590e+01,2.421695328251218962e+04,1.824532825121859787e+02,3.444322037999993480e+00
1.072999999999981569e+01,2.421931106696218558e+04,1.848110669621819397e+02,3.388405037999993485e+00
1.073999999999981547e+01,2.422166885141216335e+04,1.871688514121597109e+02,3.331507037999993592e+00
1.074999999999981526e+01,2.422402663586216659e+04,1.895266358621629479e+02,3.273628037999993801e+00
1.075999999999981505e+01,2.422638442031218801e+04,1.918844203121843748e+02,3.214768037999993666e+00
1.076999999999981483e+01,2.422874220476214759e+04,1.942422047621439560e+02,3.154927037999993633e+00
1.077999999999981462e+01,2.423109998921219449e+04,1.965999892121908488e+02,3.094105037999993701e+00
1.078999999999981441e+01,2.423345777366214679e+04,1.989577736621431541e+02,3.032302037999993871e+00
1.079999999999981419e+01,2.423581555811214275e+04,2.013155581121391151e+02,2.969518037999994142e+00
1.080999999999981398e+01,2.423817334256217509e+04,2.036733425621714559e+02,2.905753037999994071e+00
1.081999999999981377e+01,2.424053112701217833e+04,2.060311270121746929e+02,2.841007037999994100e+00
1.082999999999981355e+01,2.424288891146212700e+04,2.083889114621233603e+02,2.775280037999994232e+00
1.083999999999981334e+01,2.424524669591215206e+04,2.107466959121484251e+02,2.708572037999994464e+00
1.084999999999981313e+01,2.424760448036215166e+04,2.131044803621480241e+02,2.640883037999994354e+00
1.085999999999981291e+01,2.424996226481218400e+04,2.154622648121803650e+02,2.572213037999994345e+00
1.086999999999981270e+01,2.425232004926210357e+04,2.178200492620999285e+02,2.502562037999994438e+00
1.087999999999981249e+01,2.425467783371213591e+04,2.201778337121322693e+02,2.431930037999994632e+00
1.088999999999981227e+01,2.425703561816213914e+04,2.225356181621355063e+02,2.360317037999994927e+00
1.089999999999981206e+01,2.425939340261210964e+04,2.248934026121060015e+02,2.287723037999994879e+00
1.090999999999981185e+01,2.426175118706211288e+04,2.272511870621092385e+02,2.214148037999994934e+00
1.091999999999981164e+01,2.426410897151214158e+04,2.296089715121379413e+02,2.139592037999995089e+00
1.092999999999981142e+01,2.426646675596214845e+04,2.319667559621448163e+02,2.064055037999995346e+00
1.093999999999981121e+01,2.426882454041214442e+04,2.343245404121407773e+02,1.987537037999995482e+00
1.094999999999981100e+01,2.427118232486212582e+04,2.366823248621221865e+02,1.910038037999995497e+00
1.095999999999981078e+01,2.427354010931209268e+04,2.390401093120890437e+02,1.831558037999995614e+00
1.096999999999981057e+01,2.427589789376209592e+04,2.413978937620922807e+02,1.752097037999995832e+00
1.097999999999981036e+01,2.427825567821212826e+04,2.437556782121246215e+02,1.671655037999995930e+00
1.098999999999981014e+01,2.428061346266216060e+04,2.461134626621569623e+02,1.590232037999996129e+00
1.099999999999980993e+01,2.428297124711216748e+04,2.484712471121638373e+02,1.507828037999996207e+00
1.100999999999980972e+01,2.428532903156213797e+04,2.508290315621343325e+02,1.424443037999996386e+00
1.101999999999980950e+01,2.428768681601214485e+04,2.531868160121412075e+02,1.340077037999996445e+00
1.102999999999980929e+01,2.429004460046217719e+04,2.555446004621735483e+02,1.254730037999996606e+00
1.103999999999980908e+01,2.429240238491218042e+04,2.579023849121767853e+02,1.168402037999996645e+00
1.104999999999980886e+01,2.429476016936212909e+04,2.602601693621254526e+02,1.081093037999996787e+00
1.105999999999980865e+01,2.429711795381216143e+04,2.626179538121577934e+02,9.928030379999969179e-01
1.106999999999980844e+01,2.429947573826213193e+04,2.649757382621282886e+02,9.035320379999970397e-01
1.107999999999980822e+01,2.430183352271219337e+04,2.673335227121897333e+02,8.132800379999971518e-01
1.108999999999980801e+01,2.430419130716213840e+04,2.696913071621347626e+02,7.220470379999972543e-01
1.109999999999980780e+01,2.430654909161214528e+04,2.720490916121416376e+02,6.298330379999973472e-01
1.110999999999980759e+01,2.430890687606214851e+04,2.744068760621448746e+02,5.366380379999974304e-01
1.111999999999980737e+01,2.431126466051214811e+04,2.767646605121444736e+02,4.424620379999975039e-01
1.112999999999980716e+01,2.431362244496213316e+04,2.791224449621295207e+02,3.473050379999975679e-01
1.113999999999980695e+01,2.431598022941216186e+04,2.814802294121582236e+02,2.511670379999976221e-01
1.114999999999980673e+01,2.431833801386218693e+04,2.838380138621832884e+02,1.540480379999976668e-01
1.115999999999980652e+01,7.426112938274368389e+03,-1.660838706172563616e+04,5.594803799999769484e-02
1.116999999999980631e+01,4.763326265734373919e+03,-1.927117373426563063e+04,1.899019000000024774e-03
1.117999999999980609e+01,2.379872155499998917e+04,-2.357784450000144716e+02,4.595000000000233620e-02
1.118999999999980588e+01,2.380107933944996330e+04,-2.334206605500403384e+02,1.440500000000023151e-01
1.119999999999980567e+01,2.380343712389998836e+04,-2.310628761000152736e+02,2.411690000000022704e-01
1.120999999999980545e+01,2.380579490834999524e+04,-2.287050916500083986e+02,3.373070000000022439e-01
1.121999999999980524e+01,2.380815269279997665e+04,-2.263473072000269894e+02,4.324640000000021800e-01
1.122999999999980503e+01,2.381051047724994351e+04,-2.239895227500601322e+02,5.266400000000021064e-01
1.123999999999980481e+01,2.381286826169997221e+04,-2.216317383000314294e+02,6.198350000000020232e-01
1.124999999999980460e+01,2.381522604615000819e+04,-2.192739538499954506e+02,7.120490000000019304e-01
1.125999999999980439e+01,2.381758383059997504e+04,-2.169161694000285934e+02,8.032820000000018279e-01
1.126999999999980417e+01,2.381994161504997828e+04,-2.145583849500253564e+02,8.935340000000017158e-01
1.127999999999980396e+01,2.382229939949995241e+04,-2.122006005000512232e+02,9.828050000000015940e-01
1.128999999999980375e+01,2.382465718395000658e+04,-2.098428160499970545e+02,1.071095000000001463e+00
1.129999999999980353e+01,2.382701496839995889e+04,-2.074850316000447492e+02,1.158404000000001322e+00
1.130999999999980332e+01,2.382937275284995485e+04,-2.051272471500487882e+02,1.244732000000001282e+00
1.131999999999980311e+01,2.383173053729998719e+04,-2.027694627000164473e+02,1.330079000000001122e+00
1.132999999999980290e+01,2.383408832174999043e+04,-2.004116782500132103e+02,1.414445000000001063e+00
1.133999999999980268e+01,2.383644610619995365e+04,-1.980538938000499911e+02,1.497830000000000883e+00
1.134999999999980247e+01,2.383880389064993506e+04,-1.956961093500685820e+02,1.580234000000000805e+00
1.135999999999980226e+01,2.384116167509996376e+04,-1.933383249000398791e+02,1.661657000000000606e+00
1.136999999999980204e+01,2.384351945954994517e+04,-1.909805404500584700e+02,1.742099000000000508e+00
1.137999999999980183e+01,2.384587724399996659e+04,-1.886227560000370431e+02,1.821560000000000290e+00
1.138999999999980162e+01,2.384823502844997347e+04,-1.862649715500301681e+02,1.900040000000000173e+00
1.139999999999980140e+01,2.385059281289994760e+04,-1.839071871000560350e+02,1.977539000000000158e+00
1.140999999999980119e+01,2.385295059734992901e+04,-1.815494026500746259e+02,2.054057000000000244e+00
1.141999999999980098e+01,2.385530838179992861e+04,-1.791916182000750268e+02,2.129593999999999987e+00
1.142999999999980076e+01,2.385766616624995731e+04,-1.768338337500463240e+02,2.204149999999999832e+00
1.143999999999980055e+01,2.386002395069996055e+04,-1.744760493000430870e+02,2.277724999999999778e+00
1.144999999999980034e+01,2.386238173514993468e+04,-1.721182648500689538e+02,2.350318999999999825e+00
1.145999999999980012e+01,2.386473951959991246e+04,-1.697604804000911827e+02,2.421931999999999530e+00
1.146999999999979991e+01,2.386709730404999937e+04,-1.674026959500042722e+02,2.492563999999999336e+00
1.147999999999979970e+01,2.386945508849996986e+04,-1.650449115000337770e+02,2.562214999999999243e+00
1.148999999999979948e+01,2.387181287294997310e+04,-1.626871270500305400e+02,2.630884999999999252e+00
1.149999999999979927e+01,2.387417065739995815e+04,-1.603293426000454929e+02,2.698573999999999362e+00
1.150999999999979906e+01,2.387652844184998321e+04,-1.579715581500204280e+02,2.765281999999999130e+00
1.151999999999979885e+01,2.387888622629998281e+04,-1.556137737000208290e+02,2.831008999999998998e+00
1.152999999999979863e+01,2.388124401074998605e+04,-1.532559892500175920e+02,2.895754999999998969e+00
1.153999999999979842e+01,2.388360179519999292e+04,-1.508982048000107170e+02,2.959519999999999040e+00
1.154999999999979821e+01,2.388595957965002162e+04,-1.485404203499820142e+02,3.022303999999998769e+00
1.155999999999979799e+01,2.388831736409999576e+04,-1.461826359000078810e+02,3.084106999999998600e+00
1.156999999999979778e+01,2.389067514854996989e+04,-1.438248514500337478e+02,3.144928999999998531e+00
1.157999999999979757e+01,2.389303293299994766e+04,-1.414670670000559767e+02,3.204769999999998564e+00
1.158999999999979735e+01,2.389539071744995090e+04,-1.391092825500527397e+02,3.263629999999998699e+00
1.159999999999979714e+01,2.389774850189998324e+04,-1.367514981000203989e+02,3.321508999999998490e+00
1.160999999999979693e+01,2.390010628634998648e+04,-1.343937136500171619e+02,3.378406999999998384e+00
1.161999999999979671e+01,2.390246407079996061e+04,-1.320359292000430287e+02,3.434323999999998378e+00
1.162999999999979650e+01,2.390482185525001478e+04,-1.296781447499888600e+02,3.489259999999998474e+00
1.163999999999979629e+01,2.390717963969999619e+04,-1.273203603000074509e+02,3.543214999999998671e+00
1.164999999999979607e+01,2.390953742415000306e+04,-1.249625758500005759e+02,3.596188999999998526e+00
1.165999999999979586e+01,2.391189520859996992e+04,-1.226047914000337187e+02,3.648181999999998482e+00
1.166999999999979565e+01,2.391425299305000590e+04,-1.202470069499977399e+02,3.699193999999998539e+00
1.167999999999979543e+01,2.391661077750003460e+04,-1.178892224999690370e+02,3.749224999999998698e+00
1.168999999999979522e+01,2.391896856194995780e+04,-1.155314380500458356e+02,3.798274999999998514e+00
1.169999999999979501e+01,2.392132634639999014e+04,-1.131736536000134947e+02,3.846343999999998431e+00
1.170999999999979480e+01,2.392368413084999338e+04,-1.108158691500102577e+02,3.893431999999998450e+00
1.171999999999979458e+01,2.392604191530004755e+04,-1.084580846999560890e+02,3.939538999999998570e+00
1.172999999999979437e+01,2.392839969974999985e+04,-1.061003002500037837e+02,3.984664999999998791e+00
1.173999999999979416e+01,2.393075748419999945e+04,-1.037425158000041847e+02,4.028809999999999114e+00
1.174999999999979394e+01,2.393311526864999905e+04,-1.013847313500045857e+02,4.071973999999999094e+00
1.175999999999979373e+01,2.393547305309997319e+04,-9.902694690003045253e+01,4.114156999999998732e+00
1.176999999999979352e+01,2.393783083755000553e+04,-9.666916244999811170e+01,4.155358999999998915e+00
1.177999999999979330e+01,2.394018862200000876e+04,-9.431137799999487470e+01,4.195579999999998755e+00
1.178999999999979309e+01,2.394254640645001564e+04,-9.195359354998799972e+01,4.234819999999999141e+00
1.179999999999979288e+01,2.394490419089998977e+04,-8.959580910001386655e+01,4.273078999999999184e+00
1.180999999999979266e+01,2.394726197534996390e+04,-8.723802465003973339e+01,4.310356999999998884e+00
1.181999999999979245e+01,2.394961975980002171e+04,-8.488024019998192671e+01,4.346653999999999129e+00
1.182999999999979224e+01,2.395197754425002131e+04,-8.252245574998232769e+01,4.381969999999999033e+00
1.183999999999979202e+01,2.395433532869997362e+04,-8.016467130003002239e+01,4.416304999999999481e+00
1.184999999999979181e+01,2.395669311315002415e+04,-7.780688684997949167e+01,4.449658999999999587e+00
1.185999999999979160e+01,2.395905089760000192e+04,-7.544910240000172053e+01,4.482031999999999350e+00
1.186999999999979138e+01,2.396140868205000515e+04,-7.309131794999848353e+01,4.513423999999999658e+00
1.187999999999979117e+01,2.396376646649997929e+04,-7.073353350002435036e+01,4.543834999999999624e+00
1.188999999999979096e+01,2.396612425095000799e+04,-6.837574904999564751e+01,4.573264999999999247e+00
1.189999999999979075e+01,2.396848203540003669e+04,-6.601796459996694466e+01,4.601713999999999416e+00
1.190999999999979053e+01,2.397083981985001083e+04,-6.366018014999281149e+01,4.629181999999999242e+00
1.191999999999979032e+01,2.397319760430001406e+04,-6.130239569998957450e+01,4.655668999999999613e+00
1.192999999999979011e+01,2.397555538875002094e+04,-5.894461124998269952e+01,4.681174999999999642e+00
1.193999999999978989e+01,2.397791317320001690e+04,-5.658682679998673848e+01,4.705699999999999328e+00
1.194999999999978968e+01,2.398027095765002377e+04,-5.422904234997986350e+01,4.729243999999999559e+00
1.195999999999978947e+01,2.398262874209999791e+04,-5.187125790000573033e+01,4.751806999999999448e+00
1.196999999999978925e+01,2.398498652654997204e+04,-4.951347345003159717e+01,4.773388999999999882e+00
1.197999999999978904e+01,2.398734431100003349e+04,-4.715568899997015251e+01,4.793989999999999974e+00
1.198999999999978883e+01,2.398970209545002945e+04,-4.479790454997419147e+01,4.813609999999999722e+00
1.199999999999978861e+01,2.399205987989995629e+04,-4.244012010004735203e+01,4.832249000000000017e+00
1.200999999999978840e+01,2.399441766435003592e+04,-4.008233564996771747e+01,4.849906999999999968e+00
1.201999999999978819e+01,2.399677544879998459e+04,-3.772455120001905016e+01,4.866583999999999577e+00
1.202999999999978797e+01,2.399913323325001329e+04,-3.536676674999034731e+01,4.882279999999999731e+00
1.203999999999978776e+01,2.400149101769996923e+04,-3.300898230003440403e+01,4.896994999999999543e+00
1.204999999999978755e+01,2.400384880214999430e+04,-3.065119785000933916e+01,4.910728999999999900e+00
1.205999999999978733e+01,2.400620658660003028e+04,-2.829341339997336036e+01,4.923481999999999914e+00
1.206999999999978712e+01,2.400856437104997167e+04,-2.593562895003196900e+01,4.935253999999999586e+00
1.207999999999978691e+01,2.401092215550000401e+04,-2.357784449999962817e+01,4.946044999999999803e+00
1.208999999999978670e+01,2.401327993994999997e+04,-2.122006005000366713e+01,4.955854999999999677e+00
1.209999999999978648e+01,2.401563772440003595e+04,-1.886227559996768832e+01,4.964684000000000097e+00
1.210999999999978627e+01,2.401799550884997734e+04,-1.650449115002629696e+01,4.972532000000000174e+00
1.211999999999978606e+01,2.402035329329995875e+04,-1.414670670004488784e+01,4.979398999999999909e+00
1.212999999999978584e+01,2.402271107774998745e+04,-1.178892225001618499e+01,4.985285000000000188e+00
1.213999999999978563e+01,2.402506886219999433e+04,-9.431137800009310013e+00,4.990190000000000126e+00
1.214999999999978542e+01,2.402742664664999029e+04,-7.073353350013348972e+00,4.994113999999999720e+00
1.215999999999978520e+01,2.402978443110002627e+04,-4.715568899977370165e+00,4.997056999999999860e+00
1.216999999999978499e+01,2.403214221554999676e+04,-2.357784450006874977e+00,4.999018999999999657e+00
1.217999999999978478e+01,2.403450000000000364e+04,0.000000000000000000e+00,5.000000000000000000e+00
1.218999999999978456e+01,2.403685778444997777e+04,2.357784449974133167e+00,5.000000000000000000e+00
1.219999999999978435e+01,2.403921556890003558e+04,4.715568900031939847e+00,4.999018999999999657e+00
1.220999999999978414e+01,2.404157335335000971e+04,7.073353350006073015e+00,4.997056999999999860e+00
1.221999999999978392e+01,2.404393113780001295e+04,9.431137800009310013e+00,4.994113999999999720e+00
1.222999999999978371e+01,2.404628892224998708e+04,1.178892224998344318e+01,4.990190000000000126e+00
1.223999999999978350e+01,2.404864670669996121e+04,1.414670669995757635e+01,4.985285000000000188e+00
1.224999999999978328e+01,2.405100449114996081e+04,1.650449114995717537e+01,4.979398999999999909e+00
1.225999999999978307e+01,2.405336227560001862e+04,1.886227560001498205e+01,4.972532000000000174e+00
1.226999999999978286e+01,2.405572006004999275e+04,2.122006004998911521e+01,4.964684000000000097e+00
1.227999999999978264e+01,2.405807784450002509e+04,2.357784450002145604e+01,4.955854999999999677e+00
1.228999999999978243e+01,2.406043562894997376e+04,2.593562894997012336e+01,4.946044999999999803e+00
1.229999999999978222e+01,2.406279341340000246e+04,2.829341339999882621e+01,4.935253999999999586e+00
1.230999999999978201e+01,2.406515119785000934e+04,3.065119785000570118e+01,4.923481999999999914e+00
1.231999999999978179e+01,2.406750898229998347e+04,3.300898229997983435e+01,4.910728999999999900e+00
1.232999999999978158e+01,2.406986676674998671e+04,3.536676674998307135e+01,4.896994999999999543e+00
1.233999999999978137e+01,2.407222455120001177e+04,3.772455120000813622e+01,4.882279999999999731e+00
1.234999999999978115e+01,2.407458233565001501e+04,4.008233565001137322e+01,4.866583999999999577e+00
1.235999999999978094e+01,2.407694012009998914e+04,4.244012009998550639e+01,4.849906999999999968e+00
1.236999999999978073e+01,2.407929790454999238e+04,4.479790454998874338e+01,4.832249000000000017e+00
1.237999999999978051e+01,2.408165568900002108e+04,4.715568900001744623e+01,4.813609999999999722e+00
1.238999999999978030e+01,2.408401347345002796e+04,4.951347345002432121e+01,4.793989999999999974e+00
1.239999999999978009e+01,2.408637125790000209e+04,5.187125789999845438e+01,4.773388999999999882e+00
1.240999999999977987e+01,2.408872904235000533e+04,5.422904235000169137e+01,4.751806999999999448e+00
1.241999999999977966e+01,2.409108682680003039e+04,5.658682680002675625e+01,4.729243999999999559e+00
1.242999999999977945e+01,2.409344461125001180e+04,5.894461125000816537e+01,4.705699999999999328e+00
1.243999999999977923e+01,2.409580239570001504e+04,6.130239570001140237e+01,4.681174999999999642e+00
1.244999999999977902e+01,2.409816018015001100e+04,6.366018015000736341e+01,4.655668999999999613e+00
1.245999999999977881e+01,2.410051796460004334e+04,6.601796460003970424e+01,4.629181999999999242e+00
1.246999999999977859e+01,2.410287574905001748e+04,6.837574905001383740e+01,4.601713999999999416e+00
1.247999999999977838e+01,2.410523353349999161e+04,7.073353349998797057e+01,4.573264999999999247e+00
1.248999999999977817e+01,2.410759131795000576e+04,7.309131795000212151e+01,4.543834999999999624e+00
1.249999999999977796e+01,2.410994910239997262e+04,7.544910239996897872e+01,4.513423999999999658e+00
1.250999999999977774e+01,2.411230688685003042e+04,7.780688685002678540e+01,4.482031999999999350e+00
1.251999999999977753e+01,2.411466467130000456e+04,8.016467130000091856e+01,4.449658999999999587e+00
1.252999999999977732e+01,2.411702245575000779e+04,8.252245575000415556e+01,4.416304999999999481e+00
1.253999999999977710e+01,2.411938024020001467e+04,8.488024020001103054e+01,4.381969999999999033e+00
1.254999999999977689e+01,2.412173802464998880e+04,8.723802464998516371e+01,4.346653999999999129e+00
1.255999999999977668e+01,2.412409580909996657e+04,8.959580909996293485e+01,4.310356999999998884e+00
1.256999999999977646e+01,2.412645359355002074e+04,9.195359355001710355e+01,4.273078999999999184e+00
1.257999999999977625e+01,2.412881137800002034e+04,9.431137800001670257e+01,4.234819999999999141e+00
1.258999999999977604e+01,2.413116916244997265e+04,9.666916244996900787e+01,4.195579999999998755e+00
1.259999999999977582e+01,2.413352694690002681e+04,9.902694690002317657e+01,4.155358999999998915e+00
1.260999999999977561e+01,2.413588473134997184e+04,1.013847313499682059e+02,4.114156999999998732e+00
1.261999999999977540e+01,2.413824251580000418e+04,1.037425158000005467e+02,4.071973999999999094e+00
1.262999999999977518e+01,2.414060030024997832e+04,1.061003002499746799e+02,4.028809999999999114e+00
1.263999999999977497e+01,2.414295808470003612e+04,1.084580847000324866e+02,3.984664999999999235e+00
1.264999999999977476e+01,2.414531586915003572e+04,1.108158691500320856e+02,3.939538999999999014e+00
1.265999999999977454e+01,2.414767365359995893e+04,1.131736535999552871e+02,3.893431999999998894e+00
1.266999999999977433e+01,2.415003143804999127e+04,1.155314380499876279e+02,3.846343999999998875e+00
1.267999999999977412e+01,2.415238922249998723e+04,1.178892224999835889e+02,3.798274999999998958e+00
1.268999999999977391e+01,2.415474700695001957e+04,1.202470069500159298e+02,3.749224999999999142e+00
1.269999999999977369e+01,2.415710479139999370e+04,1.226047913999900629e+02,3.699193999999998983e+00
1.270999999999977348e+01,2.415946257584999694e+04,1.249625758499932999e+02,3.648181999999998926e+00
1.271999999999977327e+01,2.416182036029997107e+04,1.273203602999674331e+02,3.596188999999998970e+00
1.272999999999977305e+01,2.416417814475002524e+04,1.296781447500216018e+02,3.543214999999999115e+00
1.273999999999977284e+01,2.416653592919999937e+04,1.320359291999957350e+02,3.489259999999998918e+00
1.274999999999977263e+01,2.416889371364997714e+04,1.343937136499735061e+02,3.434323999999998822e+00
1.275999999999977241e+01,2.417125149809997674e+04,1.367514980999731051e+02,3.378406999999998828e+00
1.276999999999977220e+01,2.417360928254995088e+04,1.391092825499472383e+02,3.321508999999998935e+00
1.277999999999977199e+01,2.417596706699995411e+04,1.414670669999504753e+02,3.263629999999999143e+00
1.278999999999977177e+01,2.417832485144997554e+04,1.438248514499719022e+02,3.204769999999999008e+00
1.279999999999977156e+01,2.418068263589998242e+04,1.461826358999787772e+02,3.144928999999998975e+00
1.280999999999977135e+01,2.418304042034998565e+04,1.485404203499820142e+02,3.084106999999999044e+00
1.281999999999977113e+01,2.418539820480002163e+04,1.508982048000179930e+02,3.022303999999999213e+00
1.282999999999977092e+01,2.418775598925001759e+04,1.532559892500139540e+02,2.959519999999999484e+00
1.283999999999977071e+01,2.419011377369999173e+04,1.556137736999880872e+02,2.895754999999999413e+00
1.284999999999977049e+01,2.419247155814996586e+04,1.579715581499622203e+02,2.831008999999999443e+00
1.285999999999977028e+01,2.419482934259997273e+04,1.603293425999690953e+02,2.765281999999999574e+00
1.286999999999977007e+01,2.419718712704994687e+04,1.626871270499432285e+02,2.698573999999999806e+00
1.287999999999976986e+01,2.419954491149999740e+04,1.650449114999937592e+02,2.630884999999999696e+00
1.288999999999976964e+01,2.420190269594997153e+04,1.674026959499678924e+02,2.562214999999999687e+00
1.289999999999976943e+01,2.420426048039995294e+04,1.697604803999493015e+02,2.492563999999999780e+00
1.290999999999976922e+01,2.420661826484995254e+04,1.721182648499489005e+02,2.421931999999999974e+00
1.291999999999976900e+01,2.420897604929993031e+04,1.744760492999266717e+02,2.350319000000000269e+00
1.292999999999976879e+01,2.421133383374995901e+04,1.768338337499553745e+02,2.277725000000000222e+00
1.293999999999976858e+01,2.421369161819996225e+04,1.791916181999586115e+02,2.204150000000000276e+00
1.294999999999976836e+01,2.421604940264994002e+04,1.815494026499363827e+02,2.129594000000000431e+00
1.295999999999976815e+01,2.421840718709990688e+04,1.839071870999032399e+02,2.054057000000000688e+00
1.296999999999976794e+01,2.422076497154999015e+04,1.862649715499865124e+02,1.977539000000000824e+00
1.297999999999976772e+01,2.422312275599997156e+04,1.886227559999679215e+02,1.900040000000000839e+00
1.298999999999976751e+01,2.422548054044997116e+04,1.909805404499675205e+02,1.821560000000000956e+00
1.299999999999976730e+01,2.422783832489994165e+04,1.933383248999380157e+02,1.742099000000001174e+00
1.300999999999976708e+01,2.423019610934997399e+04,1.956961093499703566e+02,1.661657000000001272e+00
1.301999999999976687e+01,2.423255389379994813e+04,1.980538937999444897e+02,1.580234000000001471e+00
1.302999999999976666e+01,2.423491167824995500e+04,2.004116782499513647e+02,1.497830000000001549e+00
1.303999999999976644e+01,2.423726946269998371e+04,2.027694626999800676e+02,1.414445000000001729e+00
1.304999999999976623e+01,2.423962724714999058e+04,2.051272471499869425e+02,1.330079000000001788e+00
1.305999999999976602e+01,2.424198503159996835e+04,2.074850315999647137e+02,1.244732000000001948e+00
1.306999999999976581e+01,2.424434281604996795e+04,2.098428160499643127e+02,1.158404000000001988e+00
1.307999999999976559e+01,2.424670060049998210e+04,2.122006004999784636e+02,1.071095000000002129e+00
1.308999999999976538e+01,2.424905838494994896e+04,2.145583849499453208e+02,9.828050000000022601e-01
1.309999999999976517e+01,2.425141616940001040e+04,2.169161694000067655e+02,8.935340000000023819e-01
1.310999999999976495e+01,2.425377395384998454e+04,2.192739538499808987e+02,8.032820000000024940e-01
1.311999999999976474e+01,2.425613173829999141e+04,2.216317382999877736e+02,7.120490000000025965e-01
1.312999999999976453e+01,2.425848952274996191e+04,2.239895227499582688e+02,6.198350000000026894e-01
1.313999999999976431e+01,2.426084730719999061e+04,2.263473071999869717e+02,5.266400000000027726e-01
1.314999999999976410e+01,2.426320509165000112e+04,2.287050916499974846e+02,4.324640000000028461e-01
1.315999999999976389e+01,2.426556287609997889e+04,2.310628760999752558e+02,3.373070000000029101e-01
1.316999999999976367e+01,2.426792066054997849e+04,2.334206605499748548e+02,2.411690000000029366e-01
1.317999999999976346e+01,2.427027844499997809e+04,2.357784449999744538e+02,1.440500000000029812e-01
1.318999999999976325e+01,4.975074926303434040e+03,-1.905942507369656960e+04,4.595000000000300927e-02
1.319999999999976303e+01,7.166304708843088520e+03,-1.686819529115691694e+04,1.899019000000059468e-03
1.320999999999976282e+01,2.384678112386214343e+04,-1.877188761378602067e+02,5.594803799999705646e-02
1.321999999999976261e+01,2.384913890831217213e+04,-1.853610916878315038e+02,1.540480379999970006e-01
1.322999999999976239e+01,2.385149669276214627e+04,-1.830033072378573706e+02,2.511670379999969560e-01
1.323999999999976218e+01,2.385385447721211312e+04,-1.806455227878905134e+02,3.473050379999969017e-01
1.324999999999976197e+01,2.385621226166211636e+04,-1.782877383378872764e+02,4.424620379999968378e-01
1.325999999999976176e+01,2.385857004611215598e+04,-1.759299538878476596e+02,5.366380379999967642e-01
1.326999999999976154e+01,2.386092783056215194e+04,-1.735721694378516986e+02,6.298330379999966810e-01
1.327999999999976133e+01,2.386328561501214790e+04,-1.712143849878557376e+02,7.220470379999965882e-01
1.328999999999976112e+01,2.386564339946218388e+04,-1.688566005378197588e+02,8.132800379999964857e-01
1.329999999999976090e+01,2.386800118391210344e+04,-1.664988160879001953e+02,9.035320379999963736e-01
1.330999999999976069e+01,2.387035896836209940e+04,-1.641410316379042342e+02,9.928030379999962518e-01
1.331999999999976048e+01,2.387271675281212811e+04,-1.617832471878755314e+02,1.081093037999996120e+00
1.332999999999976026e+01,2.387507453726216045e+04,-1.594254627378431906e+02,1.168402037999995979e+00
1.333999999999976005e+01,2.387743232171216368e+04,-1.570676782878399536e+02,1.254730037999995940e+00
1.334999999999975984e+01,2.387979010616213782e+04,-1.547098938378658204e+02,1.340077037999995779e+00
1.335999999999975962e+01,2.388214789061214105e+04,-1.523521093878625834e+02,1.424443037999995720e+00
1.336999999999975941e+01,2.388450567506216248e+04,-1.499943249378411565e+02,1.507828037999995541e+00
1.337999999999975920e+01,2.388686345951214753e+04,-1.476365404878561094e+02,1.590232037999995462e+00
1.338999999999975898e+01,2.388922124396211439e+04,-1.452787560378892522e+02,1.671655037999995264e+00
1.339999999999975877e+01,2.389157902841208852e+04,-1.429209715879151190e+02,1.752097037999995166e+00
1.340999999999975856e+01,2.389393681286212086e+04,-1.405631871378827782e+02,1.831558037999994948e+00
1.341999999999975834e+01,2.389629459731212410e+04,-1.382054026878795412e+02,1.910038037999994831e+00
1.342999999999975813e+01,2.389865238176210187e+04,-1.358476182379017700e+02,1.987537037999994594e+00
1.343999999999975792e+01,2.390101016621213057e+04,-1.334898337878730672e+02,2.064055037999994457e+00
1.344999999999975770e+01,2.390336795066213745e+04,-1.311320493378661922e+02,2.139592037999994201e+00
1.345999999999975749e+01,2.390572573511211158e+04,-1.287742648878920591e+02,2.214148037999994045e+00
1.346999999999975728e+01,2.390808351956211482e+04,-1.264164804378888221e+02,2.287723037999993991e+00
1.347999999999975707e+01,2.391044130401213988e+04,-1.240586959878637572e+02,2.360317037999994039e+00
1.348999999999975685e+01,2.391279908846212129e+04,-1.217009115378823481e+02,2.431930037999993743e+00
1.349999999999975664e+01,2.391515687291214635e+04,-1.193431270878572832e+02,2.502562037999993549e+00
1.350999999999975643e+01,2.391751465736217870e+04,-1.169853426378249424e+02,2.572213037999993457e+00
1.351999999999975621e+01,2.391987244181212736e+04,-1.146275581878762750e+02,2.640883037999993466e+00
1.352999999999975600e+01,2.392223022626215970e+04,-1.122697737378439342e+02,2.708572037999993576e+00
1.353999999999975579e+01,2.392458801071213747e+04,-1.099119892878661631e+02,2.775280037999993343e+00
1.354999999999975557e+01,2.392694579516219164e+04,-1.075542048378119944e+02,2.841007037999993212e+00
1.355999999999975536e+01,2.392930357961216578e+04,-1.051964203878378612e+02,2.905753037999993182e+00
1.356999999999975515e+01,2.393166136406213991e+04,-1.028386359378637280e+02,2.969518037999993254e+00
1.357999999999975493e+01,2.393401914851214678e+04,-1.004808514878568531e+02,3.032302037999992983e+00
1.358999999999975472e+01,2.393637693296212092e+04,-9.812306703788271989e+01,3.094105037999992813e+00
1.359999999999975451e+01,2.393873471741218236e+04,-9.576528258782127523e+01,3.154927037999992745e+00
1.360999999999975429e+01,2.394109250186215650e+04,-9.340749813784714206e+01,3.214768037999992778e+00
1.361999999999975408e+01,2.394345028631216337e+04,-9.104971368784026708e+01,3.273628037999992912e+00
1.362999999999975387e+01,2.394580807076219207e+04,-8.869192923781156424e+01,3.331507037999992704e+00
1.363999999999975365e+01,2.394816585521218803e+04,-8.633414478781560319e+01,3.388405037999992597e+00
1.364999999999975344e+01,2.395052363966216944e+04,-8.397636033783419407e+01,3.444322037999992592e+00
1.365999999999975323e+01,2.395288142411216904e+04,-8.161857588783459505e+01,3.499258037999992688e+00
1.366999999999975302e+01,2.395523920856214318e+04,-7.926079143786046188e+01,3.553213037999992441e+00
1.367999999999975280e+01,2.395759699301214641e+04,-7.690300698785722489e+01,3.606187037999992295e+00
1.368999999999975259e+01,2.395995477746212055e+04,-7.454522253788309172e+01,3.658180037999992251e+00
1.369999999999975238e+01,2.396231256191215289e+04,-7.218743808785075089e+01,3.709192037999992309e+00
1.370999999999975216e+01,2.396467034636215976e+04,-6.982965363784387591e+01,3.759223037999992467e+00
1.371999999999975195e+01,2.396702813081216664e+04,-6.747186918783700094e+01,3.808273037999992283e+00
1.372999999999975174e+01,2.396938591526213713e+04,-6.511408473786650575e+01,3.856342037999992201e+00
1.373999999999975152e+01,2.397174369971218766e+04,-6.275630028781597503e+01,3.903430037999992219e+00
1.374999999999975131e+01,2.397410148416216907e+04,-6.039851583783456590e+01,3.949537037999992339e+00
1.375999999999975110e+01,2.397645926861214684e+04,-5.804073138785679475e+01,3.994663037999992117e+00
1.376999999999975088e+01,2.397881705306215008e+04,-5.568294693785355776e+01,4.038808037999991996e+00
1.377999999999975067e+01,2.398117483751212421e+04,-5.332516248787942459e+01,4.081972037999991976e+00
1.378999999999975046e+01,2.398353262196218202e+04,-5.096737803782161791e+01,4.124155037999991613e+00
1.379999999999975024e+01,2.398589040641215615e+04,-4.860959358784748474e+01,4.165357037999991796e+00
1.380999999999975003e+01,2.398824819086221396e+04,-4.625180913778967806e+01,4.205578037999991636e+00
1.381999999999974982e+01,2.399060597531219173e+04,-4.389402468781190692e+01,4.244818037999992022e+00
1.382999999999974960e+01,2.399296375976213676e+04,-4.153624023786687758e+01,4.283077037999992065e+00
1.383999999999974939e+01,2.399532154421216546e+04,-3.917845578783817473e+01,4.320355037999991765e+00
1.384999999999974918e+01,2.399767932866216142e+04,-3.682067133784221369e+01,4.356652037999992011e+00
1.385999999999974897e+01,2.400003711311220104e+04,-3.446288688780259690e+01,4.391968037999991914e+00
1.386999999999974875e+01,2.400239489756216790e+04,-3.210510243783573969e+01,4.426303037999992362e+00
1.387999999999974854e+01,2.400475268201217841e+04,-2.974731798782522674e+01,4.459657037999992468e+00
1.388999999999974833e+01,2.400711046646215254e+04,-2.738953353785109357e+01,4.492030037999992231e+00
1.389999999999974811e+01,2.400946825091215578e+04,-2.503174908784785657e+01,4.523422037999992540e+00
1.390999999999974790e+01,2.401182603536218085e+04,-2.267396463782279170e+01,4.553833037999992506e+00
1.391999999999974769e+01,2.401418381981216226e+04,-2.031618018784138258e+01,4.583263037999992129e+00
1.392999999999974747e+01,2.401654160426219096e+04,-1.795839573781267973e+01,4.611712037999992297e+00
1.393999999999974726e+01,2.401889938871216145e+04,-1.560061128784218454e+01,4.639180037999992123e+00
1.394999999999974705e+01,2.402125717316213922e+04,-1.324282683786441339e+01,4.665667037999992495e+00
1.395999999999974683e+01,2.402361495761217157e+04,-1.088504238783207256e+01,4.691173037999992523e+00
1.396999999999974662e+01,2.402597274206216753e+04,-8.527257937836111523e+00,4.715698037999992209e+00
1.397999999999974641e+01,2.402833052651214894e+04,-6.169473487854702398e+00,4.739242037999992441e+00
1.398999999999974619e+01,2.403068831096217764e+04,-3.811689037825999549e+00,4.761805037999992329e+00
1.399999999999974598e+01,2.403304609541218088e+04,-1.453904587822762551e+00,4.783387037999992764e+00
1.400999999999974577e+01,2.403540387986215501e+04,9.038798621513706166e-01,4.803988037999992855e+00
1.401999999999974555e+01,2.403776166431215461e+04,3.261664312150969636e+00,4.823608037999992604e+00
1.402999999999974534e+01,2.404011944876215784e+04,5.619448762154206634e+00,4.842247037999992898e+00
1.403999999999974513e+01,2.404247723321219019e+04,7.977233212186547462e+00,4.859905037999992850e+00
1.404999999999974492e+01,2.404483501766216068e+04,1.033501766215704265e+01,4.876582037999992458e+00
1.405999999999974470e+01,2.404719280211216756e+04,1.269280211216391763e+01,4.892278037999992613e+00
1.406999999999974449e+01,2.404955058656217079e+04,1.505058656216715463e+01,4.906993037999992424e+00
1.407999999999974428e+01,2.405190837101214856e+04,1.740837101214492577e+01,4.920727037999992781e+00
1.408999999999974406e+01,2.405426615546217727e+04,1.976615546217362862e+01,4.933480037999992796e+00
1.409999999999974385e+01,2.405662393991212593e+04,2.212393991212229594e+01,4.945252037999992467e+00
1.410999999999974364e+01,2.405898172436215464e+04,2.448172436215099879e+01,4.956043037999992684e+00
1.411999999999974342e+01,2.406133950881215060e+04,2.683950881214695983e+01,4.965853037999992559e+00
1.412999999999974321e+01,2.406369729326218294e+04,2.919729326217930065e+01,4.974682037999992978e+00
1.413999999999974300e+01,2.406605507771215707e+04,3.155507771215343382e+01,4.982530037999993056e+00
1.414999999999974278e+01,2.406841286216216031e+04,3.391286216215667082e+01,4.989397037999992790e+00
1.415999999999974257e+01,2.407077064661219265e+04,3.627064661218901165e+01,4.995283037999993070e+00
1.416999999999974236e+01,2.407312843106219589e+04,3.862843106219224865e+01,5.000188037999993007e+00
1.417999999999974214e+01,2.407548621551217002e+04,4.098621551216638181e+01,5.004112037999992602e+00
1.418999999999974193e+01,2.407784399996217689e+04,4.334399996217325679e+01,5.007055037999992742e+00
1.419999999999974172e+01,2.408020178441214739e+04,4.570178441214375198e+01,5.009017037999992539e+00
1.420999999999974150e+01,2.408255956886215426e+04,4.805956886215062696e+01,5.009998037999992881e+00
1.421999999999974129e+01,2.408491735331212840e+04,5.041735331212476012e+01,5.009998037999992881e+00
1.422999999999974108e+01,2.408727513776218620e+04,5.277513776218256680e+01,5.009017037999992539e+00
1.423999999999974087e+01,2.408963292221215670e+04,5.513292221215306199e+01,5.007055037999992742e+00
1.424999999999974065e+01,2.409199070666219268e+04,5.749070666218904080e+01,5.004112037999992602e+00
1.425999999999974044e+01,2.409434849111218864e+04,5.984849111218500184e+01,5.000188037999993007e+00
1.426999999999974023e+01,2.409670627556216641e+04,6.220627556216277299e+01,4.995283037999993070e+00
1.427999999999974001e+01,2.409906406001216965e+04,6.456406001216600998e+01,4.989397037999992790e+00
1.428999999999973980e+01,2.410142184446219835e+04,6.692184446219471283e+01,4.982530037999993056e+00
1.429999999999973959e+01,2.410377962891214338e+04,6.927962891213974217e+01,4.974682037999992978e+00
1.430999999999973937e+01,2.410613741336217572e+04,7.163741336217208300e+01,4.965853037999992559e+00
1.431999999999973916e+01,2.410849519781212803e+04,7.399519781212438829e+01,4.956043037999992684e+00
1.432999999999973895e+01,2.411085298226215673e+04,7.635298226215309114e+01,4.945252037999992467e+00
1.433999999999973873e+01,2.411321076671215633e+04,7.871076671215269016e+01,4.933480037999992796e+00
1.434999999999973852e+01,2.411556855116213774e+04,8.106855116213409929e+01,4.920727037999992781e+00
1.435999999999973831e+01,2.411792633561218827e+04,8.342633561218463001e+01,4.906993037999992424e+00
1.436999999999973809e+01,2.412028412006216240e+04,8.578412006215876318e+01,4.892278037999992613e+00
1.437999999999973788e+01,2.412264190451219110e+04,8.814190451218746603e+01,4.876582037999992458e+00
1.438999999999973767e+01,2.412499968896214341e+04,9.049968896213977132e+01,4.859905037999992850e+00
1.439999999999973745e+01,2.412735747341219394e+04,9.285747341219030204e+01,4.842247037999992898e+00
1.440999999999973724e+01,2.412971525786214625e+04,9.521525786214260734e+01,4.823608037999992604e+00
1.441999999999973703e+01,2.413207304231215312e+04,9.757304231214948231e+01,4.803988037999992855e+00
1.442999999999973681e+01,2.413443082676221093e+04,9.993082676220728899e+01,4.783387037999992764e+00
1.443999999999973660e+01,2.413678861121218506e+04,1.022886112121814222e+02,4.761805037999992329e+00
1.444999999999973639e+01,2.413914639566215192e+04,1.046463956621482794e+02,4.739242037999992441e+00
1.445999999999973618e+01,2.414150418011215879e+04,1.070041801121551543e+02,4.715698037999992209e+00
1.446999999999973596e+01,2.414386196456216567e+04,1.093619645621620293e+02,4.691173037999992523e+00
1.447999999999973575e+01,2.414621974901213980e+04,1.117197490121361625e+02,4.665667037999992495e+00
1.448999999999973554e+01,2.414857753346219397e+04,1.140775334621903312e+02,4.639180037999992123e+00
1.449999999999973532e+01,2.415093531791217174e+04,1.164353179121681023e+02,4.611712037999992297e+00
1.450999999999973511e+01,2.415329310236213860e+04,1.187931023621349595e+02,4.583263037999992129e+00
1.451999999999973490e+01,2.415565088681220732e+04,1.211508868122036802e+02,4.553833037999992506e+00
1.452999999999973468e+01,2.415800867126212324e+04,1.235086712621196057e+02,4.523422037999992540e+00
1.453999999999973447e+01,2.416036645571218469e+04,1.258664557121810503e+02,4.492030037999992231e+00
1.454999999999973426e+01,2.416272424016215882e+04,1.282242401621551835e+02,4.459657037999992468e+00
1.455999999999973404e+01,2.416508202461221299e+04,1.305820246122093522e+02,4.426303037999992362e+00
1.456999999999973383e+01,2.416743980906219440e+04,1.329398090621907613e+02,4.391968037999991914e+00
1.457999999999973362e+01,2.416979759351213579e+04,1.352975935121321527e+02,4.356652037999992011e+00
1.458999999999973340e+01,2.417215537796216813e+04,1.376553779621644935e+02,4.320355037999991765e+00
1.459999999999973319e+01,2.417451316241217137e+04,1.400131624121677305e+02,4.283077037999992065e+00
1.460999999999973298e+01,2.417687094686220007e+04,1.423709468621964334e+02,4.244818037999992022e+00
1.461999999999973276e+01,2.417922873131217420e+04,1.447287313121705665e+02,4.205578037999991636e+00
1.462999999999973255e+01,2.418158651576217744e+04,1.470865157621738035e+02,4.165357037999991796e+00
1.463999999999973234e+01,2.418394430021217704e+04,1.494443002121734025e+02,4.124155037999991613e+00
1.464999999999973213e+01,2.418630208466215845e+04,1.518020846621548117e+02,4.081972037999991976e+00
1.465999999999973191e+01,2.418865986911212894e+04,1.541598691121253069e+02,4.038808037999991996e+00
1.466999999999973170e+01,2.419101765356218311e+04,1.565176535621794756e+02,3.994663037999992117e+00
1.467999999999973149e+01,2.419337543801216452e+04,1.588754380121608847e+02,3.949537037999991895e+00
1.468999999999973127e+01,2.419573322246216412e+04,1.612332224621604837e+02,3.903430037999991775e+00
1.469999999999973106e+01,2.419809100691213825e+04,1.635910069121346169e+02,3.856342037999991756e+00
1.470999999999973085e+01,2.420044879136218879e+04,1.659487913621851476e+02,3.808273037999991839e+00
1.471999999999973063e+01,2.420280657581217019e+04,1.683065758121665567e+02,3.759223037999992023e+00
1.472999999999973042e+01,2.420516436026214069e+04,1.706643602621370519e+02,3.709192037999991864e+00
1.473999999999973021e+01,2.420752214471214756e+04,1.730221447121439269e+02,3.658180037999991807e+00
1.474999999999972999e+01,2.420987992916212170e+04,1.753799291621180600e+02,3.606187037999991851e+00
1.475999999999972978e+01,2.421223771361218314e+04,1.777377136121795047e+02,3.553213037999991997e+00
1.476999999999972957e+01,2.421459549806215364e+04,1.800954980621499999e+02,3.499258037999991799e+00
1.477999999999972935e+01,2.421695328251218234e+04,1.824532825121787027e+02,3.444322037999991704e+00
1.478999999999972914e+01,2.421931106696218558e+04,1.848110669621819397e+02,3.388405037999991709e+00
1.479999999999972893e+01,2.422166885141213425e+04,1.871688514121306071e+02,3.331507037999991816e+00
1.480999999999972871e+01,2.422402663586213748e+04,1.895266358621338441e+02,3.273628037999992024e+00
1.481999999999972850e+01,2.422638442031214072e+04,1.918844203121370811e+02,3.214768037999991890e+00
1.482999999999972829e+01,2.422874220476219125e+04,1.942422047621876118e+02,3.154927037999991857e+00
1.483999999999972808e+01,2.423109998921216538e+04,1.965999892121617449e+02,3.094105037999991925e+00
1.484999999999972786e+01,2.423345777366214679e+04,1.989577736621431541e+02,3.032302037999992095e+00
1.485999999999972765e+01,2.423581555811215003e+04,2.013155581121463911e+02,2.969518037999991922e+00
1.486999999999972744e+01,2.423817334256217509e+04,2.036733425621714559e+02,2.905753037999991850e+00
1.487999999999972722e+01,2.424053112701214923e+04,2.060311270121455891e+02,2.841007037999991880e+00
1.488999999999972701e+01,2.424288891146211972e+04,2.083889114621160843e+02,2.775280037999992011e+00
1.489999999999972680e+01,2.424524669591215570e+04,2.107466959121520631e+02,2.708572037999992244e+00
1.490999999999972658e+01,2.424760448036212983e+04,2.131044803621261963e+02,2.640883037999992133e+00
1.491999999999972637e+01,2.424996226481212580e+04,2.154622648121221573e+02,2.572213037999992125e+00
1.492999999999972616e+01,2.425232004926212903e+04,2.178200492621253943e+02,2.502562037999992217e+00
1.493999999999972594e+01,2.425467783371213955e+04,2.201778337121359073e+02,2.431930037999992411e+00
1.494999999999972573e+01,2.425703561816213551e+04,2.225356181621318683e+02,2.360317037999992262e+00
1.495999999999972552e+01,2.425939340261210964e+04,2.248934026121060015e+02,2.287723037999992215e+00
1.496999999999972530e+01,2.426175118706211288e+04,2.272511870621092385e+02,2.214148037999992269e+00
1.497999999999972509e+01,2.426410897151214522e+04,2.296089715121415793e+02,2.139592037999992424e+00
1.498999999999972488e+01,2.426646675596214118e+04,2.319667559621375403e+02,2.064055037999992681e+00
1.499999999999972466e+01,2.426882454041211531e+04,2.343245404121116735e+02,1.987537037999992817e+00
1.500999999999972445e+01,2.427118232486212219e+04,2.366823248621185485e+02,1.910038037999992833e+00
1.501999999999972424e+01,2.427354010931209268e+04,2.390401093120890437e+02,1.831558037999992949e+00
1.502999999999972403e+01,2.427589789376209592e+04,2.413978937620922807e+02,1.752097037999992946e+00
1.503999999999972381e+01,2.427825567821212826e+04,2.437556782121246215e+02,1.671655037999993043e+00
1.504999999999972360e+01,2.428061346266216060e+04,2.461134626621569623e+02,1.590232037999993242e+00
1.505999999999972339e+01,2.428297124711210563e+04,2.484712471121019917e+02,1.507828037999993320e+00
1.506999999999972317e+01,2.428532903156216707e+04,2.508290315621634363e+02,1.424443037999993500e+00
1.507999999999972296e+01,2.428768681601214485e+04,2.531868160121412075e+02,1.340077037999993559e+00
1.508999999999972275e+01,2.429004460046211898e+04,2.555446004621153406e+02,1.254730037999993719e+00
1.509999999999972253e+01,2.429240238491217315e+04,2.579023849121695093e+02,1.168402037999993759e+00
1.510999999999972232e+01,2.429476016936209635e+04,2.602601693620927108e+02,1.081093037999993900e+00
1.511999999999972211e+01,2.429711795381209959e+04,2.626179538120959478e+02,9.928030379999939203e-01
1.512999999999972189e+01,2.429947573826213193e+04,2.649757382621282886e+02,9.035320379999939311e-01
1.513999999999972168e+01,2.430183352271213880e+04,2.673335227121351636e+02,8.132800379999939322e-01
1.514999999999972147e+01,2.430419130716213476e+04,2.696913071621311246e+02,7.220470379999940347e-01
1.515999999999972125e+01,2.430654909161214528e+04,2.720490916121416376e+02,6.298330379999941275e-01
1.516999999999972104e+01,2.430890687606219944e+04,2.744068760621958063e+02,5.366380379999942107e-01
1.517999999999972083e+01,2.431126466051214447e+04,2.767646605121408356e+02,4.424620379999942288e-01
1.518999999999972061e+01,2.431362244496217681e+04,2.791224449621731765e+02,3.473050379999942372e-01
1.519999999999972040e+01,2.431598022941215459e+04,2.814802294121509476e+02,2.511670379999942360e-01
1.520999999999972019e+01,2.431833801386215782e+04,2.838380138621541846e+02,1.540480379999942528e-01
1.521999999999971998e+01,7.426112938273417967e+03,-1.660838706172658567e+04,5.594803799999426702e-02
1.522999999999971976e+01,4.763326265735122433e+03,-1.927117373426488120e+04,1.899019000000016534e-03
1.523999999999971955e+01,2.379872155499999280e+04,-2.357784450000108336e+02,4.595000000000574319e-02
1.524999999999971934e+01,2.380107933944997058e+04,-2.334206605500330625e+02,1.440500000000057013e-01
1.525999999999971912e+01,2.380343712390002474e+04,-2.310628760999788938e+02,2.411690000000056566e-01
1.526999999999971891e+01,2.380579490835003162e+04,-2.287050916499720188e+02,3.373070000000056301e-01
1.527999999999971870e+01,2.380815269280000575e+04,-2.263473071999978856e+02,4.324640000000055662e-01
1.528999999999971848e+01,2.381051047724997625e+04,-2.239895227500273904e+02,5.266400000000055481e-01
1.529999999999971827e+01,2.381286826169997585e+04,-2.216317383000277914e+02,6.198350000000054649e-01
1.530999999999971806e+01,2.381522604615001183e+04,-2.192739538499918126e+02,7.120490000000053721e-01
1.531999999999971784e+01,2.381758383059998232e+04,-2.169161694000213174e+02,8.032820000000052696e-01
1.532999999999971763e+01,2.381994161504998920e+04,-2.145583849500144424e+02,8.935340000000051575e-01
1.533999999999971742e+01,2.382229939949996333e+04,-2.122006005000403093e+02,9.828050000000050357e-01
1.534999999999971720e+01,2.382465718395001386e+04,-2.098428160499897785e+02,1.071095000000005015e+00
1.535999999999971699e+01,2.382701496839999163e+04,-2.074850316000120074e+02,1.158404000000004874e+00
1.536999999999971678e+01,2.382937275284996213e+04,-2.051272471500415122e+02,1.244732000000004835e+00
1.537999999999971656e+01,2.383173053729999447e+04,-2.027694627000091714e+02,1.330079000000004674e+00
1.538999999999971635e+01,2.383408832174999770e+04,-2.004116782500059344e+02,1.414445000000004615e+00
1.539999999999971614e+01,2.383644610619996456e+04,-1.980538938000390772e+02,1.497830000000004436e+00
1.540999999999971593e+01,2.383880389064996780e+04,-1.956961093500358402e+02,1.580234000000004357e+00
1.541999999999971571e+01,2.384116167509997103e+04,-1.933383249000326032e+02,1.661657000000004158e+00
1.542999999999971550e+01,2.384351945954994881e+04,-1.909805404500548320e+02,1.742099000000004061e+00
1.543999999999971529e+01,2.384587724400000297e+04,-1.886227560000006633e+02,1.821560000000003843e+00
1.544999999999971507e+01,2.384823502844997711e+04,-1.862649715500265302e+02,1.900040000000003726e+00
1.545999999999971486e+01,2.385059281289995852e+04,-1.839071871000451210e+02,1.977539000000003711e+00
1.546999999999971465e+01,2.385295059734996539e+04,-1.815494026500382461e+02,2.054057000000003796e+00
1.547999999999971443e+01,2.385530838179993953e+04,-1.791916182000641129e+02,2.129594000000003540e+00
1.548999999999971422e+01,2.385766616624996823e+04,-1.768338337500354100e+02,2.204150000000003384e+00
1.549999999999971401e+01,2.386002395069997510e+04,-1.744760493000285351e+02,2.277725000000003330e+00
1.550999999999971379e+01,2.386238173514993832e+04,-1.721182648500653158e+02,2.350319000000003378e+00
1.551999999999971358e+01,2.386473951959994520e+04,-1.697604804000584409e+02,2.421932000000003082e+00
1.552999999999971337e+01,2.386709730405000300e+04,-1.674026959500006342e+02,2.492564000000002888e+00
1.553999999999971315e+01,2.386945508849997714e+04,-1.650449115000265010e+02,2.562215000000002796e+00
1.554999999999971294e+01,2.387181287294998401e+04,-1.626871270500196260e+02,2.630885000000002805e+00
1.555999999999971273e+01,2.387417065739995815e+04,-1.603293426000454929e+02,2.698574000000002915e+00
1.556999999999971251e+01,2.387652844184999049e+04,-1.579715581500131520e+02,2.765282000000002682e+00
1.557999999999971230e+01,2.387888622629999372e+04,-1.556137737000099150e+02,2.831009000000002551e+00
1.558999999999971209e+01,2.388124401074998968e+04,-1.532559892500139540e+02,2.895755000000002521e+00
1.559999999999971187e+01,2.388360179520002930e+04,-1.508982047999743372e+02,2.959520000000002593e+00
1.560999999999971166e+01,2.388595957965002526e+04,-1.485404203499783762e+02,3.022304000000002322e+00
1.561999999999971145e+01,2.388831736410000303e+04,-1.461826359000006050e+02,3.084107000000002152e+00
1.562999999999971124e+01,2.389067514855003174e+04,-1.438248514499719022e+02,3.144929000000002084e+00
1.563999999999971102e+01,2.389303293299995858e+04,-1.414670670000450627e+02,3.204770000000002117e+00
1.564999999999971081e+01,2.389539071744996181e+04,-1.391092825500418257e+02,3.263630000000002251e+00
1.565999999999971060e+01,2.389774850189999052e+04,-1.367514981000131229e+02,3.321509000000002043e+00
1.566999999999971038e+01,2.390010628634999011e+04,-1.343937136500135239e+02,3.378407000000001936e+00
1.567999999999971017e+01,2.390246407079999335e+04,-1.320359292000102869e+02,3.434324000000001931e+00
1.568999999999970996e+01,2.390482185525002569e+04,-1.296781447499779460e+02,3.489260000000002027e+00
1.569999999999970974e+01,2.390717963970000710e+04,-1.273203602999965369e+02,3.543215000000002224e+00
1.570999999999970953e+01,2.390953742415001034e+04,-1.249625758499932999e+02,3.596189000000002078e+00
1.571999999999970932e+01,2.391189520859997720e+04,-1.226047914000264427e+02,3.648182000000002034e+00
1.572999999999970910e+01,2.391425299305000954e+04,-1.202470069499941019e+02,3.699194000000002092e+00
1.573999999999970889e+01,2.391661077750004188e+04,-1.178892224999617611e+02,3.749225000000002250e+00
1.574999999999970868e+01,2.391896856195001965e+04,-1.155314380499839899e+02,3.798275000000002066e+00
1.575999999999970846e+01,2.392132634640002289e+04,-1.131736535999807529e+02,3.846344000000001984e+00
1.576999999999970825e+01,2.392368413085005159e+04,-1.108158691499520501e+02,3.893432000000002002e+00
1.577999999999970804e+01,2.392604191530005119e+04,-1.084580846999524510e+02,3.939539000000002122e+00
1.578999999999970782e+01,2.392839969974999985e+04,-1.061003002500037837e+02,3.984665000000002344e+00
1.579999999999970761e+01,2.393075748420000673e+04,-1.037425157999969088e+02,4.028810000000002667e+00
1.580999999999970740e+01,2.393311526865000633e+04,-1.013847313499973097e+02,4.071974000000002647e+00
1.581999999999970719e+01,2.393547305310003503e+04,-9.902694689996860689e+01,4.114157000000002284e+00
1.582999999999970697e+01,2.393783083755001644e+04,-9.666916244998719776e+01,4.155359000000002467e+00
1.583999999999970676e+01,2.394018862200001240e+04,-9.431137799999123672e+01,4.195580000000002308e+00
1.584999999999970655e+01,2.394254640645002291e+04,-9.195359354998072376e+01,4.234820000000002693e+00
1.585999999999970633e+01,2.394490419089999341e+04,-8.959580910001022858e+01,4.273079000000002736e+00
1.586999999999970612e+01,2.394726197534999665e+04,-8.723802465000699158e+01,4.310357000000002436e+00
1.587999999999970591e+01,2.394961975980002899e+04,-8.488024019997465075e+01,4.346654000000002682e+00
1.588999999999970569e+01,2.395197754425002859e+04,-8.252245574997505173e+01,4.381970000000002585e+00
1.589999999999970548e+01,2.395433532870000636e+04,-8.016467129999728058e+01,4.416305000000003034e+00
1.590999999999970527e+01,2.395669311315003870e+04,-7.780688684996493976e+01,4.449659000000003140e+00
1.591999999999970505e+01,2.395905089760001283e+04,-7.544910239999080659e+01,4.482032000000002903e+00
1.592999999999970484e+01,2.396140868205001607e+04,-7.309131794998756959e+01,4.513424000000003211e+00
1.593999999999970463e+01,2.396376646649998293e+04,-7.073353350002071238e+01,4.543835000000003177e+00
1.594999999999970441e+01,2.396612425095004073e+04,-6.837574904996290570e+01,4.573265000000002800e+00
1.595999999999970420e+01,2.396848203540004397e+04,-6.601796459995966870e+01,4.601714000000002969e+00
1.596999999999970399e+01,2.397083981985002174e+04,-6.366018014998189756e+01,4.629182000000002795e+00
1.597999999999970377e+01,2.397319760430002498e+04,-6.130239569997866056e+01,4.655669000000003166e+00
1.598999999999970356e+01,2.397555538875002458e+04,-5.894461124997906154e+01,4.681175000000003195e+00
1.599999999999970335e+01,2.397791317320002418e+04,-5.658682679997946252e+01,4.705700000000002881e+00
1.600999999999970314e+01,2.398027095765003469e+04,-5.422904234996894957e+01,4.729244000000003112e+00
1.601999999999970470e+01,2.398262874210000155e+04,-5.187125790000209236e+01,4.751807000000003001e+00
1.602999999999970626e+01,2.398498652655000842e+04,-4.951347344999521738e+01,4.773389000000003435e+00
1.603999999999970782e+01,2.398734431100003712e+04,-4.715568899996651453e+01,4.793990000000003526e+00
1.604999999999970939e+01,2.398970209545004036e+04,-4.479790454996327753e+01,4.813610000000003275e+00
1.605999999999971095e+01,2.399205987990001813e+04,-4.244012009998550639e+01,4.832249000000003569e+00
1.606999999999971251e+01,2.399441766435004320e+04,-4.008233564996044151e+01,4.849907000000003521e+00
1.607999999999971408e+01,2.399677544879999186e+04,-3.772455120001177420e+01,4.866584000000003130e+00
1.608999999999971564e+01,2.399913323325002420e+04,-3.536676674997943337e+01,4.882280000000003284e+00
1.609999999999971720e+01,2.400149101769997287e+04,-3.300898230003076605e+01,4.896995000000003095e+00
1.610999999999971877e+01,2.400384880215002704e+04,-3.065119784997659735e+01,4.910729000000003452e+00
1.611999999999972033e+01,2.400620658660003028e+04,-2.829341339997336036e+01,4.923482000000003467e+00
1.612999999999972189e+01,2.400856437104998258e+04,-2.593562895002105506e+01,4.935254000000003138e+00
1.613999999999972346e+01,2.401092215550001129e+04,-2.357784449999235221e+01,4.946045000000003355e+00
1.614999999999972502e+01,2.401327993995000725e+04,-2.122006004999639117e+01,4.955855000000003230e+00
1.615999999999972658e+01,2.401563772440006869e+04,-1.886227559993494651e+01,4.964684000000003650e+00
1.616999999999972815e+01,2.401799550884998825e+04,-1.650449115001538303e+01,4.972532000000003727e+00
1.617999999999972971e+01,2.402035329330002060e+04,-1.414670669998304220e+01,4.979399000000003461e+00
1.618999999999973127e+01,2.402271107775002383e+04,-1.178892224997980520e+01,4.985285000000003741e+00
1.619999999999973284e+01,2.402506886220005254e+04,-9.431137799951102352e+00,4.990190000000003678e+00
1.620999999999973440e+01,2.402742664665000120e+04,-7.073353350002435036e+00,4.994114000000003273e+00
1.621999999999973596e+01,2.402978443110006265e+04,-4.715568899940990377e+00,4.997057000000003413e+00
1.622999999999973753e+01,2.403214221555000768e+04,-2.357784449995961040e+00,4.999019000000003210e+00
1.623999999999973909e+01,2.403450000000000364e+04,0.000000000000000000e+00,5.000000000000003553e+00
1.624999999999974065e+01,2.403685778444998141e+04,2.357784449977771146e+00,5.000000000000003553e+00
1.625999999999974222e+01,2.403921556890004285e+04,4.715568900039215805e+00,4.999019000000003210e+00
1.626999999999974378e+01,2.404157335335004245e+04,7.073353350038814824e+00,4.997057000000003413e+00
1.627999999999974534e+01,2.404393113780001659e+04,9.431137800012947991e+00,4.994114000000003273e+00
1.628999999999974690e+01,2.404628892225004893e+04,1.178892225004528882e+01,4.990190000000003678e+00
1.629999999999974847e+01,2.404864670669999759e+04,1.414670669999395614e+01,4.985285000000003741e+00
1.630999999999975003e+01,2.405100449115001902e+04,1.650449115001538303e+01,4.979399000000003461e+00
1.631999999999975159e+01,2.405336227560002953e+04,1.886227560002589598e+01,4.972532000000003727e+00
1.632999999999975316e+01,2.405572006005002913e+04,2.122006005002549500e+01,4.964684000000003650e+00
1.633999999999975472e+01,2.405807784450003237e+04,2.357784450002873200e+01,4.955855000000003230e+00
1.634999999999975628e+01,2.406043562894998468e+04,2.593562894998103729e+01,4.946045000000003355e+00
1.635999999999975785e+01,2.406279341340001338e+04,2.829341340000974014e+01,4.935254000000003138e+00
1.636999999999975941e+01,2.406515119785001298e+04,3.065119785000933916e+01,4.923482000000003467e+00
1.637999999999976097e+01,2.406750898230001621e+04,3.300898230001257616e+01,4.910729000000003452e+00
1.638999999999976254e+01,2.406986676674999035e+04,3.536676674998670933e+01,4.896995000000003095e+00
1.639999999999976410e+01,2.407222455120001905e+04,3.772455120001541218e+01,4.882280000000003284e+00
1.640999999999976566e+01,2.407458233565002229e+04,4.008233565001864918e+01,4.866584000000003130e+00
1.641999999999976723e+01,2.407694012010000006e+04,4.244012009999642032e+01,4.849907000000003521e+00
1.642999999999976879e+01,2.407929790455005423e+04,4.479790455005058902e+01,4.832249000000003569e+00
1.643999999999977035e+01,2.408165568900003200e+04,4.715568900002836017e+01,4.813610000000003275e+00
1.644999999999977192e+01,2.408401347345003887e+04,4.951347345003523515e+01,4.793990000000003526e+00
1.645999999999977348e+01,2.408637125790000573e+04,5.187125790000209236e+01,4.773389000000003435e+00
1.646999999999977504e+01,2.408872904235000897e+04,5.422904235000532935e+01,4.751807000000003001e+00
1.647999999999977661e+01,2.409108682680003767e+04,5.658682680003403220e+01,4.729244000000003112e+00
1.648999999999977817e+01,2.409344461125001544e+04,5.894461125001180335e+01,4.705700000000002881e+00
1.649999999999977973e+01,2.409580239570001868e+04,6.130239570001504035e+01,4.681175000000003195e+00
1.650999999999978129e+01,2.409816018015002192e+04,6.366018015001827735e+01,4.655669000000003166e+00
1.651999999999978286e+01,2.410051796460005062e+04,6.601796460004698019e+01,4.629182000000002795e+00
1.652999999999978442e+01,2.410287574905002475e+04,6.837574905002111336e+01,4.601714000000002969e+00
1.653999999999978598e+01,2.410523353350002435e+04,7.073353350002071238e+01,4.573265000000002800e+00
1.654999999999978755e+01,2.410759131795000576e+04,7.309131795000212151e+01,4.543835000000003177e+00
1.655999999999978911e+01,2.410994910239998353e+04,7.544910239997989265e+01,4.513424000000003211e+00
1.656999999999979067e+01,2.411230688685004134e+04,7.780688685003769933e+01,4.482032000000002903e+00
1.657999999999979224e+01,2.411466467130001547e+04,8.016467130001183250e+01,4.449659000000003140e+00
1.658999999999979380e+01,2.411702245575004417e+04,8.252245575004053535e+01,4.416305000000003034e+00
1.659999999999979536e+01,2.411938024020002558e+04,8.488024020002194447e+01,4.381970000000002585e+00
1.660999999999979693e+01,2.412173802464999244e+04,8.723802464998880168e+01,4.346654000000002682e+00
1.661999999999979849e+01,2.412409580909999568e+04,8.959580909999203868e+01,4.310357000000002436e+00
1.662999999999980005e+01,2.412645359355002802e+04,9.195359355002437951e+01,4.273079000000002736e+00
1.663999999999980162e+01,2.412881137800002398e+04,9.431137800002034055e+01,4.234820000000002693e+00
1.664999999999980318e+01,2.413116916244997265e+04,9.666916244996900787e+01,4.195580000000002308e+00
1.665999999999980474e+01,2.413352694690002681e+04,9.902694690002317657e+01,4.155359000000002467e+00
1.666999999999980631e+01,2.413588473135003369e+04,1.013847313500300515e+02,4.114157000000002284e+00
1.667999999999980787e+01,2.413824251580000782e+04,1.037425158000041847e+02,4.071974000000002647e+00
1.668999999999980943e+01,2.414060030024998923e+04,1.061003002499855938e+02,4.028810000000002667e+00
1.669999999999981100e+01,2.414295808470003976e+04,1.084580847000361246e+02,3.984665000000002788e+00
1.670999999999981256e+01,2.414531586915005028e+04,1.108158691500466375e+02,3.939539000000002567e+00
1.671999999999981412e+01,2.414767365360002077e+04,1.131736536000171327e+02,3.893432000000002446e+00
1.672999999999981569e+01,2.415003143805002401e+04,1.155314380500203697e+02,3.846344000000002428e+00
1.673999999999981725e+01,2.415238922250004907e+04,1.178892225000454346e+02,3.798275000000002510e+00
1.674999999999981881e+01,2.415474700695002684e+04,1.202470069500232057e+02,3.749225000000002694e+00
1.675999999999982037e+01,2.415710479140002644e+04,1.226047914000228047e+02,3.699194000000002536e+00
1.676999999999982194e+01,2.415946257585000421e+04,1.249625758500005759e+02,3.648182000000002478e+00
1.677999999999982350e+01,2.416182036029998199e+04,1.273203602999783470e+02,3.596189000000002522e+00
1.678999999999982506e+01,2.416417814475003252e+04,1.296781447500288778e+02,3.543215000000002668e+00
1.679999999999982663e+01,2.416653592920001029e+04,1.320359292000066489e+02,3.489260000000002471e+00
1.680999999999982819e+01,2.416889371365001352e+04,1.343937136500098859e+02,3.434324000000002375e+00
1.681999999999982975e+01,2.417125149809998402e+04,1.367514980999803811e+02,3.378407000000002380e+00
1.682999999999983132e+01,2.417360928254996179e+04,1.391092825499581522e+02,3.321509000000002487e+00
1.683999999999983288e+01,2.417596706699996139e+04,1.414670669999577512e+02,3.263630000000002696e+00
1.684999999999983444e+01,2.417832485144999373e+04,1.438248514499900921e+02,3.204770000000002561e+00
1.685999999999983601e+01,2.418068263589999333e+04,1.461826358999896911e+02,3.144929000000002528e+00
1.686999999999983757e+01,2.418304042034999293e+04,1.485404203499892901e+02,3.084107000000002596e+00
1.687999999999983913e+01,2.418539820480002527e+04,1.508982048000216309e+02,3.022304000000002766e+00
1.688999999999984070e+01,2.418775598925002123e+04,1.532559892500175920e+02,2.959520000000003037e+00
1.689999999999984226e+01,2.419011377370000264e+04,1.556137736999990011e+02,2.895755000000002966e+00
1.690999999999984382e+01,2.419247155814997677e+04,1.579715581499731343e+02,2.831009000000002995e+00
1.691999999999984539e+01,2.419482934259997273e+04,1.603293425999690953e+02,2.765282000000003126e+00
1.692999999999984695e+01,2.419718712704995050e+04,1.626871270499468665e+02,2.698574000000003359e+00
1.693999999999984851e+01,2.419954491150000831e+04,1.650449115000046731e+02,2.630885000000003249e+00
1.694999999999985008e+01,2.420190269594998244e+04,1.674026959499788063e+02,2.562215000000003240e+00
1.695999999999985164e+01,2.420426048039996022e+04,1.697604803999565775e+02,2.492564000000003333e+00
1.696999999999985320e+01,2.420661826484995618e+04,1.721182648499525385e+02,2.421932000000003526e+00
1.697999999999985477e+01,2.420897604929996669e+04,1.744760492999630515e+02,2.350319000000003822e+00
1.698999999999985633e+01,2.421133383374996993e+04,1.768338337499662885e+02,2.277725000000003774e+00
1.699999999999985789e+01,2.421369161819997316e+04,1.791916181999695254e+02,2.204150000000003828e+00
1.700999999999985945e+01,2.421604940264994366e+04,1.815494026499400206e+02,2.129594000000003984e+00
1.701999999999986102e+01,2.421840718709997236e+04,1.839071870999687235e+02,2.054057000000004241e+00
1.702999999999986258e+01,2.422076497155000106e+04,1.862649715499974263e+02,1.977539000000004377e+00
1.703999999999986414e+01,2.422312275599997520e+04,1.886227559999715595e+02,1.900040000000004392e+00
1.704999999999986571e+01,2.422548054044997480e+04,1.909805404499711585e+02,1.821560000000004509e+00
1.705999999999986727e+01,2.422783832489995257e+04,1.933383248999489297e+02,1.742099000000004727e+00
1.706999999999986883e+01,2.423019610934998491e+04,1.956961093499812705e+02,1.661657000000004825e+00
1.707999999999987040e+01,2.423255389379998087e+04,1.980538937999772315e+02,1.580234000000005024e+00
1.708999999999987196e+01,2.423491167824996228e+04,2.004116782499586407e+02,1.497830000000005102e+00
1.709999999999987352e+01,2.423726946269999462e+04,2.027694626999909815e+02,1.414445000000005281e+00
1.710999999999987509e+01,2.423962724715000149e+04,2.051272471499978565e+02,1.330079000000005340e+00
1.711999999999987665e+01,2.424198503159997199e+04,2.074850315999683517e+02,1.244732000000005501e+00
1.712999999999987821e+01,2.424434281605000069e+04,2.098428160499970545e+02,1.158404000000005540e+00
1.713999999999987978e+01,2.424670060049998574e+04,2.122006004999821016e+02,1.071095000000005681e+00
1.714999999999988134e+01,2.424905838494995623e+04,2.145583849499525968e+02,9.828050000000058128e-01
1.715999999999988290e+01,2.425141616940001768e+04,2.169161694000140415e+02,8.935340000000059346e-01
1.716999999999988447e+01,2.425377395384999181e+04,2.192739538499881746e+02,8.032820000000060467e-01
1.717999999999988603e+01,2.425613173829999141e+04,2.216317382999877736e+02,7.120490000000061492e-01
1.718999999999988759e+01,2.425848952274997282e+04,2.239895227499691828e+02,6.198350000000062421e-01
1.719999999999988916e+01,2.426084730720002699e+04,2.263473072000233515e+02,5.266400000000063253e-01
1.720999999999989072e+01,2.426320509165003386e+04,2.287050916500302264e+02,4.324640000000063988e-01
1.721999999999989228e+01,2.426556287610000800e+04,2.310628761000043596e+02,3.373070000000064628e-01
1.722999999999989384e+01,2.426792066054998213e+04,2.334206605499784928e+02,2.411690000000064893e-01
1.723999999999989541e+01,2.427027844499998537e+04,2.357784449999817298e+02,1.440500000000065339e-01
1.724999999999989697e+01,4.975074926304222572e+03,-1.905942507369578016e+04,4.595000000000656198e-02
1.725999999999989853e+01,7.166304708842146283e+03,-1.686819529115785554e+04,1.899019000000041688e-03
1.726999999999990010e+01,2.384678112386213616e+04,-1.877188761378674826e+02,5.594803799999348293e-02
1.727999999999990166e+01,2.384913890831214303e+04,-1.853610916878606076e+02,1.540480379999934479e-01
1.728999999999990322e+01,2.385149669276213899e+04,-1.830033072378646466e+02,2.511670379999934033e-01
1.729999999999990479e+01,2.385385447721214223e+04,-1.806455227878614096e+02,3.473050379999933490e-01
1.730999999999990635e+01,2.385621226166211636e+04,-1.782877383378872764e+02,4.424620379999932851e-01
1.731999999999990791e+01,2.385857004611214506e+04,-1.759299538878585736e+02,5.366380379999932115e-01
1.732999999999990948e+01,2.386092783056214466e+04,-1.735721694378589746e+02,6.298330379999931283e-01
1.733999999999991104e+01,2.386328561501212243e+04,-1.712143849878812034e+02,7.220470379999930355e-01
1.734999999999991260e+01,2.386564339946212567e+04,-1.688566005378779664e+02,8.132800379999929330e-01
1.735999999999991417e+01,2.386800118391209980e+04,-1.664988160879038332e+02,9.035320379999928209e-01
1.736999999999991573e+01,2.387035896836210304e+04,-1.641410316379005963e+02,9.928030379999926991e-01
1.737999999999991729e+01,2.387271675281212811e+04,-1.617832471878755314e+02,1.081093037999992568e+00
1.738999999999991886e+01,2.387507453726215681e+04,-1.594254627378468285e+02,1.168402037999992427e+00
1.739999999999992042e+01,2.387743232171210548e+04,-1.570676782878981612e+02,1.254730037999992387e+00
1.740999999999992198e+01,2.387979010616213418e+04,-1.547098938378694584e+02,1.340077037999992227e+00
1.741999999999992355e+01,2.388214789061214105e+04,-1.523521093878625834e+02,1.424443037999992168e+00
1.742999999999992511e+01,2.388450567506210427e+04,-1.499943249378993642e+02,1.507828037999991988e+00
1.743999999999992667e+01,2.388686345951213661e+04,-1.476365404878670233e+02,1.590232037999991910e+00
1.744999999999992824e+01,2.388922124396208528e+04,-1.452787560379183560e+02,1.671655037999991711e+00
1.745999999999992980e+01,2.389157902841208124e+04,-1.429209715879223950e+02,1.752097037999991613e+00
1.746999999999993136e+01,2.389393681286211722e+04,-1.405631871378864162e+02,1.831558037999991395e+00
1.747999999999993292e+01,2.389629459731211682e+04,-1.382054026878868171e+02,1.910038037999991278e+00
1.748999999999993449e+01,2.389865238176206913e+04,-1.358476182379345119e+02,1.987537037999991263e+00
1.749999999999993605e+01,2.390101016621212329e+04,-1.334898337878803432e+02,2.064055037999991349e+00
1.750999999999993761e+01,2.390336795066207924e+04,-1.311320493379243999e+02,2.139592037999991092e+00
1.751999999999993918e+01,2.390572573511210794e+04,-1.287742648878956970e+02,2.214148037999990937e+00
1.752999999999994074e+01,2.390808351956211482e+04,-1.264164804378888221e+02,2.287723037999990883e+00
1.753999999999994230e+01,2.391044130401213624e+04,-1.240586959878673952e+02,2.360317037999990930e+00
1.754999999999994387e+01,2.391279908846211038e+04,-1.217009115378932620e+02,2.431930037999990635e+00
1.755999999999994543e+01,2.391515687291211725e+04,-1.193431270878863870e+02,2.502562037999990441e+00
1.756999999999994699e+01,2.391751465736212049e+04,-1.169853426378831500e+02,2.572213037999990348e+00
1.757999999999994856e+01,2.391987244181209462e+04,-1.146275581879090169e+02,2.640883037999990357e+00
1.758999999999995012e+01,2.392223022626210150e+04,-1.122697737379021419e+02,2.708572037999990467e+00
1.759999999999995168e+01,2.392458801071213020e+04,-1.099119892878734390e+02,2.775280037999990235e+00
1.760999999999995325e+01,2.392694579516215890e+04,-1.075542048378447362e+02,2.841007037999990104e+00
1.761999999999995481e+01,2.392930357961215850e+04,-1.051964203878451372e+02,2.905753037999990074e+00
1.762999999999995637e+01,2.393166136406213263e+04,-1.028386359378710040e+02,2.969518037999990145e+00
1.763999999999995794e+01,2.393401914851213951e+04,-1.004808514878641290e+02,3.032302037999989874e+00
1.764999999999995950e+01,2.393637693296212456e+04,-9.812306703787908191e+01,3.094105037999989705e+00
1.765999999999996106e+01,2.393873471741217872e+04,-9.576528258782491321e+01,3.154927037999989636e+00
1.766999999999996263e+01,2.394109250186209829e+04,-9.340749813790534972e+01,3.214768037999989669e+00
1.767999999999996419e+01,2.394345028631213063e+04,-9.104971368787300889e+01,3.273628037999989804e+00
1.768999999999996575e+01,2.394580807076213387e+04,-8.869192923786977190e+01,3.331507037999989596e+00
1.769999999999996732e+01,2.394816585521216257e+04,-8.633414478784106905e+01,3.388405037999989489e+00
1.770999999999996888e+01,2.395052363966216217e+04,-8.397636033784147003e+01,3.444322037999989483e+00
1.771999999999997044e+01,2.395288142411216540e+04,-8.161857588783823303e+01,3.499258037999989579e+00
1.772999999999997200e+01,2.395523920856214681e+04,-7.926079143785682390e+01,3.553213037999989776e+00
1.773999999999997357e+01,2.395759699301215369e+04,-7.690300698784994893e+01,3.606187037999989631e+00
1.774999999999997513e+01,2.395995477746212055e+04,-7.454522253788309172e+01,3.658180037999989587e+00
1.775999999999997669e+01,2.396231256191214925e+04,-7.218743808785438887e+01,3.709192037999989644e+00
1.776999999999997826e+01,2.396467034636215612e+04,-6.982965363784751389e+01,3.759223037999989803e+00
1.777999999999997982e+01,2.396702813081215936e+04,-6.747186918784427689e+01,3.808273037999989619e+00
1.778999999999998138e+01,2.396938591526213349e+04,-6.511408473787014373e+01,3.856342037999989536e+00
1.779999999999998295e+01,2.397174369971218766e+04,-6.275630028781597503e+01,3.903430037999989555e+00
1.780999999999998451e+01,2.397410148416216180e+04,-6.039851583784184186e+01,3.949537037999989675e+00
1.781999999999998607e+01,2.397645926861214321e+04,-5.804073138786043273e+01,3.994663037999989896e+00
1.782999999999998764e+01,2.397881705306215008e+04,-5.568294693785355776e+01,4.038808037999990219e+00
1.783999999999998920e+01,2.398117483751214604e+04,-5.332516248785759672e+01,4.081972037999990199e+00
1.784999999999999076e+01,2.398353262196217474e+04,-5.096737803782889387e+01,4.124155037999989837e+00
1.785999999999999233e+01,2.398589040641214888e+04,-4.860959358785476070e+01,4.165357037999990020e+00
1.786999999999999389e+01,2.398824819086215211e+04,-4.625180913785152370e+01,4.205578037999989860e+00
1.787999999999999545e+01,2.399060597531218446e+04,-4.389402468781918287e+01,4.244818037999990246e+00
1.788999999999999702e+01,2.399296375976213676e+04,-4.153624023786687758e+01,4.283077037999990289e+00
1.789999999999999858e+01,2.399532154421216546e+04,-3.917845578783817473e+01,4.320355037999989989e+00
1.791000000000000014e+01,2.399767932866216870e+04,-3.682067133783493773e+01,4.356652037999990235e+00
1.792000000000000171e+01,2.400003711311219740e+04,-3.446288688780623488e+01,4.391968037999990138e+00
1.793000000000000327e+01,2.400239489756217517e+04,-3.210510243782846374e+01,4.426303037999990586e+00
1.794000000000000483e+01,2.400475268201217841e+04,-2.974731798782522674e+01,4.459657037999990692e+00
1.795000000000000639e+01,2.400711046646215254e+04,-2.738953353785109357e+01,4.492030037999990455e+00
1.796000000000000796e+01,2.400946825091215578e+04,-2.503174908784785657e+01,4.523422037999990764e+00
1.797000000000000952e+01,2.401182603536212264e+04,-2.267396463788099936e+01,4.553833037999990729e+00
1.798000000000001108e+01,2.401418381981215498e+04,-2.031618018784865853e+01,4.583263037999990352e+00
1.799000000000001265e+01,2.401654160426215822e+04,-1.795839573784542154e+01,4.611712037999990521e+00
1.800000000000001421e+01,2.401889938871216145e+04,-1.560061128784218454e+01,4.639180037999990347e+00
1.801000000000001577e+01,2.402125717316213922e+04,-1.324282683786441339e+01,4.665667037999990718e+00
1.802000000000001734e+01,2.402361495761216793e+04,-1.088504238783571054e+01,4.691173037999990747e+00
1.803000000000001890e+01,2.402597274206216389e+04,-8.527257937839749502e+00,4.715698037999990433e+00
1.804000000000002046e+01,2.402833052651214894e+04,-6.169473487854702398e+00,4.739242037999990664e+00
1.805000000000002203e+01,2.403068831096217036e+04,-3.811689037833275506e+00,4.761805037999990553e+00
1.806000000000002359e+01,2.403304609541217360e+04,-1.453904587830038508e+00,4.783387037999990987e+00
1.807000000000002515e+01,2.403540387986215501e+04,9.038798621513706166e-01,4.803988037999991079e+00
1.808000000000002672e+01,2.403776166431215097e+04,3.261664312147331657e+00,4.823608037999990827e+00
1.809000000000002828e+01,2.404011944876215784e+04,5.619448762154206634e+00,4.842247037999991122e+00
1.810000000000002984e+01,2.404247723321218655e+04,7.977233212182909483e+00,4.859905037999991073e+00
1.811000000000003141e+01,2.404483501766216068e+04,1.033501766215704265e+01,4.876582037999990682e+00
1.812000000000003297e+01,2.404719280211216392e+04,1.269280211216027965e+01,4.892278037999990836e+00
1.813000000000003453e+01,2.404955058656214169e+04,1.505058656213805079e+01,4.906993037999990648e+00
1.814000000000003610e+01,2.405190837101214129e+04,1.740837101213764981e+01,4.920727037999991005e+00
1.815000000000003766e+01,2.405426615546217363e+04,1.976615546216999064e+01,4.933480037999991019e+00
1.816000000000003922e+01,2.405662393991212230e+04,2.212393991211865796e+01,4.945252037999990691e+00
1.817000000000004079e+01,2.405898172436215100e+04,2.448172436214736081e+01,4.956043037999990908e+00
1.818000000000004235e+01,2.406133950881215060e+04,2.683950881214695983e+01,4.965853037999990782e+00
1.819000000000004391e+01,2.406369729326218294e+04,2.919729326217930065e+01,4.974682037999991202e+00
1.820000000000004547e+01,2.406605507771215707e+04,3.155507771215343382e+01,4.982530037999991279e+00
1.821000000000004704e+01,2.406841286216216031e+04,3.391286216215667082e+01,4.989397037999991014e+00
1.822000000000004860e+01,2.407077064661219265e+04,3.627064661218901165e+01,4.995283037999991294e+00
1.823000000000005016e+01,2.407312843106219589e+04,3.862843106219224865e+01,5.000188037999991231e+00
1.824000000000005173e+01,2.407548621551216274e+04,4.098621551215910586e+01,5.004112037999990825e+00
1.825000000000005329e+01,2.407784399996217326e+04,4.334399996216961881e+01,5.007055037999990965e+00
1.826000000000005485e+01,2.408020178441214739e+04,4.570178441214375198e+01,5.009017037999990762e+00
1.827000000000005642e+01,2.408255956886214699e+04,4.805956886214335100e+01,5.009998037999991105e+00
1.828000000000005798e+01,2.408491735331212112e+04,5.041735331211748417e+01,5.009998037999991105e+00
1.829000000000005954e+01,2.408727513776218620e+04,5.277513776218256680e+01,5.009017037999990762e+00
1.830000000000006111e+01,2.408963292221215306e+04,5.513292221214942401e+01,5.007055037999990965e+00
1.831000000000006267e+01,2.409199070666218904e+04,5.749070666218540282e+01,5.004112037999990825e+00
1.832000000000006423e+01,2.409434849111218864e+04,5.984849111218500184e+01,5.000188037999991231e+00
1.833000000000006580e+01,2.409670627556216277e+04,6.220627556215913501e+01,4.995283037999991294e+00
1.834000000000006736e+01,2.409906406001216237e+04,6.456406001215873403e+01,4.989397037999991014e+00
1.835000000000006892e+01,2.410142184446219471e+04,6.692184446219107485e+01,4.982530037999991279e+00
1.836000000000007049e+01,2.410377962891213974e+04,6.927962891213610419e+01,4.974682037999991202e+00
1.837000000000007205e+01,2.410613741336217208e+04,7.163741336216844502e+01,4.965853037999990782e+00
1.838000000000007361e+01,2.410849519781212439e+04,7.399519781212075031e+01,4.956043037999990908e+00
1.839000000000007518e+01,2.411085298226215309e+04,7.635298226214945316e+01,4.945252037999990691e+00
1.840000000000007674e+01,2.411321076671215269e+04,7.871076671214905218e+01,4.933480037999991019e+00
1.841000000000007830e+01,2.411556855116213046e+04,8.106855116212682333e+01,4.920727037999991005e+00
1.842000000000007987e+01,2.411792633561215553e+04,8.342633561215188820e+01,4.906993037999990648e+00
1.843000000000008143e+01,2.412028412006216240e+04,8.578412006215876318e+01,4.892278037999990836e+00
1.844000000000008299e+01,2.412264190451219110e+04,8.814190451218746603e+01,4.876582037999990682e+00
1.845000000000008455e+01,2.412499968896213977e+04,9.049968896213613334e+01,4.859905037999991073e+00
1.846000000000008612e+01,2.412735747341219394e+04,9.285747341219030204e+01,4.842247037999991122e+00
1.847000000000008768e+01,2.412971525786214625e+04,9.521525786214260734e+01,4.823608037999990827e+00
1.848000000000008924e+01,2.413207304231214221e+04,9.757304231213856838e+01,4.803988037999991079e+00
1.849000000000009081e+01,2.413443082676217455e+04,9.993082676217090921e+01,4.783387037999990987e+00
1.850000000000009237e+01,2.413678861121217778e+04,1.022886112121741462e+02,4.761805037999990553e+00
1.851000000000009393e+01,2.413914639566215192e+04,1.046463956621482794e+02,4.739242037999990664e+00
1.852000000000009550e+01,2.414150418011215515e+04,1.070041801121515164e+02,4.715698037999990433e+00
1.853000000000009706e+01,2.414386196456215839e+04,1.093619645621547534e+02,4.691173037999990747e+00
1.854000000000009862e+01,2.414621974901213616e+04,1.117197490121325245e+02,4.665667037999990718e+00
1.855000000000010019e+01,2.414857753346219397e+04,1.140775334621903312e+02,4.639180037999990347e+00
1.856000000000010175e+01,2.415093531791213900e+04,1.164353179121353605e+02,4.611712037999990521e+00
1.857000000000010331e+01,2.415329310236213860e+04,1.187931023621349595e+02,4.583263037999990352e+00
1.858000000000010488e+01,2.415565088681214547e+04,1.211508868121418345e+02,4.553833037999990729e+00
1.859000000000010644e+01,2.415800867126212324e+04,1.235086712621196057e+02,4.523422037999990764e+00
1.860000000000010800e+01,2.416036645571218105e+04,1.258664557121774124e+02,4.492030037999990455e+00
1.861000000000010957e+01,2.416272424016215518e+04,1.282242401621515455e+02,4.459657037999990692e+00
1.862000000000011113e+01,2.416508202461220935e+04,1.305820246122057142e+02,4.426303037999990586e+00
1.863000000000011269e+01,2.416743980906219076e+04,1.329398090621871233e+02,4.391968037999990138e+00
1.864000000000011426e+01,2.416979759351213579e+04,1.352975935121321527e+02,4.356652037999990235e+00
1.865000000000011582e+01,2.417215537796216449e+04,1.376553779621608555e+02,4.320355037999989989e+00
1.866000000000011738e+01,2.417451316241216773e+04,1.400131624121640925e+02,4.283077037999990289e+00
1.867000000000011894e+01,2.417687094686218916e+04,1.423709468621855194e+02,4.244818037999990246e+00
1.868000000000012051e+01,2.417922873131211600e+04,1.447287313121123589e+02,4.205578037999989860e+00
1.869000000000012207e+01,2.418158651576217744e+04,1.470865157621738035e+02,4.165357037999990020e+00
1.870000000000012363e+01,2.418394430021217340e+04,1.494443002121697646e+02,4.124155037999989837e+00
1.871000000000012520e+01,2.418630208466215117e+04,1.518020846621475357e+02,4.081972037999990199e+00
1.872000000000012676e+01,2.418865986911212894e+04,1.541598691121253069e+02,4.038808037999990219e+00
1.873000000000012832e+01,2.419101765356218311e+04,1.565176535621794756e+02,3.994663037999990340e+00
1.874000000000012989e+01,2.419337543801215725e+04,1.588754380121536087e+02,3.949537037999990119e+00
1.875000000000013145e+01,2.419573322246216048e+04,1.612332224621568457e+02,3.903430037999989999e+00
1.876000000000013301e+01,2.419809100691213462e+04,1.635910069121309789e+02,3.856342037999989980e+00
1.877000000000013458e+01,2.420044879136218879e+04,1.659487913621851476e+02,3.808273037999990063e+00
1.878000000000013614e+01,2.420280657581214109e+04,1.683065758121374529e+02,3.759223037999990247e+00
1.879000000000013770e+01,2.420516436026213705e+04,1.706643602621334139e+02,3.709192037999990088e+00
1.880000000000013927e+01,2.420752214471214393e+04,1.730221447121402889e+02,3.658180037999990031e+00
1.881000000000014083e+01,2.420987992916212170e+04,1.753799291621180600e+02,3.606187037999990075e+00
1.882000000000014239e+01,2.421223771361217223e+04,1.777377136121685908e+02,3.553213037999990220e+00
1.883000000000014396e+01,2.421459549806215000e+04,1.800954980621463619e+02,3.499258037999990023e+00
1.884000000000014552e+01,2.421695328251217506e+04,1.824532825121714268e+02,3.444322037999989927e+00
1.885000000000014708e+01,2.421931106696215647e+04,1.848110669621528359e+02,3.388405037999989933e+00
1.886000000000014865e+01,2.422166885141210150e+04,1.871688514120978652e+02,3.331507037999990040e+00
1.887000000000015021e+01,2.422402663586213384e+04,1.895266358621302061e+02,3.273628037999990248e+00
1.888000000000015177e+01,2.422638442031212981e+04,1.918844203121261671e+02,3.214768037999990113e+00
1.889000000000015334e+01,2.422874220476213304e+04,1.942422047621294041e+02,3.154927037999990080e+00
1.890000000000015490e+01,2.423109998921216174e+04,1.965999892121581070e+02,3.094105037999990149e+00
1.891000000000015646e+01,2.423345777366212860e+04,1.989577736621249642e+02,3.032302037999990318e+00
1.892000000000015802e+01,2.423581555811213548e+04,2.013155581121318392e+02,2.969518037999990590e+00
1.893000000000015959e+01,2.423817334256216782e+04,2.036733425621641800e+02,2.905753037999990518e+00
1.894000000000016115e+01,2.424053112701214923e+04,2.060311270121455891e+02,2.841007037999990548e+00
1.895000000000016271e+01,2.424288891146211245e+04,2.083889114621088083e+02,2.775280037999990679e+00
1.896000000000016428e+01,2.424524669591209022e+04,2.107466959120865795e+02,2.708572037999990911e+00
1.897000000000016584e+01,2.424760448036211892e+04,2.131044803621152823e+02,2.640883037999990801e+00
1.898000000000016740e+01,2.424996226481212216e+04,2.154622648121185193e+02,2.572213037999990792e+00
1.899000000000016897e+01,2.425232004926207082e+04,2.178200492620671866e+02,2.502562037999990885e+00
1.900000000000017053e+01,2.425467783371212499e+04,2.201778337121213553e+02,2.431930037999991079e+00
1.901000000000017209e+01,2.425703561816213551e+04,2.225356181621318683e+02,2.360317037999991374e+00
1.902000000000017366e+01,2.425939340261210964e+04,2.248934026121060015e+02,2.287723037999991327e+00
1.903000000000017522e+01,2.426175118706211288e+04,2.272511870621092385e+02,2.214148037999991381e+00
1.904000000000017678e+01,2.426410897151207973e+04,2.296089715120760957e+02,2.139592037999991536e+00
1.905000000000017835e+01,2.426646675596214118e+04,2.319667559621375403e+02,2.064055037999991793e+00
1.906000000000017991e+01,2.426882454041211167e+04,2.343245404121080355e+02,1.987537037999991929e+00
1.907000000000018147e+01,2.427118232486212219e+04,2.366823248621185485e+02,1.910038037999991944e+00
1.908000000000018304e+01,2.427354010931208904e+04,2.390401093120854057e+02,1.831558037999992061e+00
1.909000000000018460e+01,2.427589789376208864e+04,2.413978937620850047e+02,1.752097037999992279e+00
1.910000000000018616e+01,2.427825567821209552e+04,2.437556782120918797e+02,1.671655037999992377e+00
1.911000000000018773e+01,2.428061346266214969e+04,2.461134626621460484e+02,1.590232037999992576e+00
1.912000000000018929e+01,2.428297124711210563e+04,2.484712471121019917e+02,1.507828037999992654e+00
1.913000000000019085e+01,2.428532903156213433e+04,2.508290315621306945e+02,1.424443037999992834e+00
1.914000000000019241e+01,2.428768681601214121e+04,2.531868160121375695e+02,1.340077037999992893e+00
1.915000000000019398e+01,2.429004460046211534e+04,2.555446004621117027e+02,1.254730037999993053e+00
1.916000000000019554e+01,2.429240238491216951e+04,2.579023849121658714e+02,1.168402037999993093e+00
1.917000000000019710e+01,2.429476016936209635e+04,2.602601693620927108e+02,1.081093037999993234e+00
1.918000000000019867e+01,2.429711795381209959e+04,2.626179538120959478e+02,9.928030379999933652e-01
1.919000000000020023e+01,2.429947573826212829e+04,2.649757382621246506e+02,9.035320379999934870e-01
1.920000000000020179e+01,2.430183352271213516e+04,2.673335227121315256e+02,8.132800379999935991e-01
1.921000000000020336e+01,2.430419130716213112e+04,2.696913071621274867e+02,7.220470379999937016e-01
1.922000000000020492e+01,2.430654909161214164e+04,2.720490916121379996e+02,6.298330379999937945e-01
1.923000000000020648e+01,2.430890687606214124e+04,2.744068760621375986e+02,5.366380379999938777e-01
1.924000000000020805e+01,2.431126466051214447e+04,2.767646605121408356e+02,4.424620379999939512e-01
1.925000000000020961e+01,2.431362244496211861e+04,2.791224449621149688e+02,3.473050379999940152e-01
1.926000000000021117e+01,2.431598022941215095e+04,2.814802294121473096e+02,2.511670379999940694e-01
1.927000000000021274e+01,2.431833801386215418e+04,2.838380138621505466e+02,1.540480379999941141e-01
1.928000000000021430e+01,7.426112938273393411e+03,-1.660838706172661114e+04,5.594803799999414212e-02
1.929000000000021586e+01,4.763326265735146080e+03,-1.927117373426485574e+04,1.899019000000042555e-03
1.930000000000021743e+01,2.379872155499999280e+04,-2.357784450000108336e+02,4.595000000000591667e-02
1.931000000000021899e+01,2.380107933944996694e+04,-2.334206605500367004e+02,1.440500000000058678e-01
1.932000000000022055e+01,2.380343712389996654e+04,-2.310628761000371014e+02,2.411690000000058232e-01
1.933000000000022212e+01,2.380579490834999888e+04,-2.287050916500047606e+02,3.373070000000057411e-01
1.934000000000022368e+01,2.380815269280000211e+04,-2.263473072000015236e+02,4.324640000000056772e-01
1.935000000000022524e+01,2.381051047724997625e+04,-2.239895227500273904e+02,5.266400000000056592e-01
1.936000000000022681e+01,2.381286826169997221e+04,-2.216317383000314294e+02,6.198350000000055759e-01
1.937000000000022837e+01,2.381522604615000455e+04,-2.192739538499990886e+02,7.120490000000054831e-01
1.938000000000022993e+01,2.381758383059998232e+04,-2.169161694000213174e+02,8.032820000000053806e-01
1.939000000000023149e+01,2.381994161504998920e+04,-2.145583849500144424e+02,8.935340000000052685e-01
1.940000000000023306e+01,2.382229939949995605e+04,-2.122006005000475852e+02,9.828050000000051467e-01
1.941000000000023462e+01,2.382465718395001386e+04,-2.098428160499897785e+02,1.071095000000005015e+00
1.942000000000023618e+01,2.382701496839998072e+04,-2.074850316000229213e+02,1.158404000000004874e+00
1.943000000000023775e+01,2.382937275284996213e+04,-2.051272471500415122e+02,1.244732000000004835e+00
1.944000000000023931e+01,2.383173053729999447e+04,-2.027694627000091714e+02,1.330079000000004674e+00
1.945000000000024087e+01,2.383408832174999770e+04,-2.004116782500059344e+02,1.414445000000004615e+00
1.946000000000024244e+01,2.383644610619996092e+04,-1.980538938000427152e+02,1.497830000000004436e+00
1.947000000000024400e+01,2.383880389064996780e+04,-1.956961093500358402e+02,1.580234000000004357e+00
1.948000000000024556e+01,2.384116167509997103e+04,-1.933383249000326032e+02,1.661657000000004158e+00
1.949000000000024713e+01,2.384351945954994153e+04,-1.909805404500621080e+02,1.742099000000004061e+00
1.950000000000024869e+01,2.384587724399999934e+04,-1.886227560000043013e+02,1.821560000000003843e+00
1.951000000000025025e+01,2.384823502844997711e+04,-1.862649715500265302e+02,1.900040000000003726e+00
1.952000000000025182e+01,2.385059281289995488e+04,-1.839071871000487590e+02,1.977539000000003488e+00
1.953000000000025338e+01,2.385295059734995448e+04,-1.815494026500491600e+02,2.054057000000003352e+00
1.954000000000025494e+01,2.385530838179993589e+04,-1.791916182000677509e+02,2.129594000000003096e+00
1.955000000000025651e+01,2.385766616624996459e+04,-1.768338337500390480e+02,2.204150000000002940e+00
1.956000000000025807e+01,2.386002395069997146e+04,-1.744760493000321731e+02,2.277725000000002886e+00
1.957000000000025963e+01,2.386238173514993832e+04,-1.721182648500653158e+02,2.350319000000002934e+00
1.958000000000026120e+01,2.386473951959994156e+04,-1.697604804000620788e+02,2.421932000000002638e+00
1.959000000000026276e+01,2.386709730405000300e+04,-1.674026959500006342e+02,2.492564000000002444e+00
1.960000000000026432e+01,2.386945508849997714e+04,-1.650449115000265010e+02,2.562215000000002352e+00
1.961000000000026589e+01,2.387181287294998037e+04,-1.626871270500232640e+02,2.630885000000002361e+00
1.962000000000026745e+01,2.387417065739995815e+04,-1.603293426000454929e+02,2.698574000000002471e+00
1.963000000000026901e+01,2.387652844184998685e+04,-1.579715581500167900e+02,2.765282000000002238e+00
1.964000000000027057e+01,2.387888622629999008e+04,-1.556137737000135530e+02,2.831009000000002107e+00
1.965000000000027214e+01,2.388124401074998968e+04,-1.532559892500139540e+02,2.895755000000002077e+00
1.966000000000027370e+01,2.388360179520001839e+04,-1.508982047999852512e+02,2.959520000000002149e+00
1.967000000000027526e+01,2.388595957965002526e+04,-1.485404203499783762e+02,3.022304000000001878e+00
1.968000000000027683e+01,2.388831736409995210e+04,-1.461826359000515367e+02,3.084107000000001708e+00
1.969000000000027839e+01,2.389067514855003174e+04,-1.438248514499719022e+02,3.144929000000001640e+00
1.970000000000027995e+01,2.389303293299995494e+04,-1.414670670000487007e+02,3.204770000000001673e+00
1.971000000000028152e+01,2.389539071744995817e+04,-1.391092825500454637e+02,3.263630000000001807e+00
1.972000000000028308e+01,2.389774850189999052e+04,-1.367514981000131229e+02,3.321509000000001599e+00
1.973000000000028464e+01,2.390010628634998648e+04,-1.343937136500171619e+02,3.378407000000001492e+00
1.974000000000028621e+01,2.390246407079999335e+04,-1.320359292000102869e+02,3.434324000000001487e+00
1.975000000000028777e+01,2.390482185525002205e+04,-1.296781447499815840e+02,3.489260000000001583e+00
1.976000000000028933e+01,2.390717963969998891e+04,-1.273203603000147268e+02,3.543215000000001336e+00
1.977000000000029090e+01,2.390953742414999579e+04,-1.249625758500078518e+02,3.596189000000001190e+00
1.978000000000029246e+01,2.391189520859997720e+04,-1.226047914000264427e+02,3.648182000000001146e+00
1.979000000000029402e+01,2.391425299305000590e+04,-1.202470069499977399e+02,3.699194000000001203e+00
1.980000000000029559e+01,2.391661077750003460e+04,-1.178892224999690370e+02,3.749225000000001362e+00
1.981000000000029715e+01,2.391896856195001601e+04,-1.155314380499876279e+02,3.798275000000001178e+00
1.982000000000029871e+01,2.392132634639999014e+04,-1.131736536000134947e+02,3.846344000000001095e+00
1.983000000000030028e+01,2.392368413085004431e+04,-1.108158691499593260e+02,3.893432000000001114e+00
1.984000000000030184e+01,2.392604191530004755e+04,-1.084580846999560890e+02,3.939539000000001234e+00
1.985000000000030340e+01,2.392839969974999985e+04,-1.061003002500037837e+02,3.984665000000001012e+00
1.986000000000030496e+01,2.393075748419999945e+04,-1.037425158000041847e+02,4.028810000000000890e+00
1.987000000000030653e+01,2.393311526864997359e+04,-1.013847313500300515e+02,4.071974000000000871e+00
1.988000000000030809e+01,2.393547305310003139e+04,-9.902694689997224486e+01,4.114157000000000508e+00
1.989000000000030965e+01,2.393783083755000916e+04,-9.666916244999447372e+01,4.155359000000000691e+00
1.990000000000031122e+01,2.394018862200001240e+04,-9.431137799999123672e+01,4.195580000000000531e+00
1.991000000000031278e+01,2.394254640645001564e+04,-9.195359354998799972e+01,4.234820000000000917e+00
1.992000000000031434e+01,2.394490419089999341e+04,-8.959580910001022858e+01,4.273079000000000960e+00
1.993000000000031591e+01,2.394726197534996390e+04,-8.723802465003973339e+01,4.310357000000000660e+00
1.994000000000031747e+01,2.394961975980001807e+04,-8.488024019998556469e+01,4.346654000000000906e+00
1.995000000000031903e+01,2.395197754425002131e+04,-8.252245574998232769e+01,4.381970000000000809e+00
1.996000000000032060e+01,2.395433532869996634e+04,-8.016467130003729835e+01,4.416305000000001257e+00
1.997000000000032216e+01,2.395669311315003506e+04,-7.780688684996857774e+01,4.449659000000001363e+00
1.998000000000032372e+01,2.395905089760000192e+04,-7.544910240000172053e+01,4.482032000000001126e+00
1.999000000000032529e+01,2.396140868205000515e+04,-7.309131794999848353e+01,4.513424000000001435e+00
