time_s,force_command_N,ground_bottom_slip_m,ground_bottom_vt_m_s,ground_bottom_Fn_N,ground_bottom_Ft_N,ground_bottom_rho,ground_bottom_contacts,ground_bottom_gap_m,bottom_middle_slip_m,bottom_middle_vt_m_s,bottom_middle_Fn_N,bottom_middle_Ft_N,bottom_middle_rho,bottom_middle_contacts,bottom_middle_gap_m,middle_top_slip_m,middle_top_vt_m_s,middle_top_Fn_N,middle_top_Ft_N,middle_top_rho,middle_top_contacts,middle_top_gap_m,box_0_vz_m_s,box_1_vz_m_s,box_2_vz_m_s,solver_iterations
0.005,0.0,0.0,-8.888313975822057e-09,28.17274485055426,1.6509130288970737,0.11719930291879914,4,-5.7924044871288105e-06,0.0,3.490202100994629e-08,18.54062545588691,1.4549875138805135,0.15695128703638575,6,-6.665634082629601e-06,0.0,7.258040532125954e-08,9.119736777508784,0.982070747820115,0.21537260817485676,4,-6.422944940923103e-06,0.0008118700397229481,0.0019240573053989627,0.003267632872031084,8
0.01,0.0,0.0,7.987107089562003e-09,28.933520382314242,0.5316268246096328,0.036748160444008214,4,-3.881750995290978e-06,0.0,3.903696510163861e-08,19.189485540065366,0.5152136297973385,0.05369749269428132,6,-3.923014367530897e-06,0.0,4.986089266679139e-08,9.54044883421771,0.34940104817674184,0.07324624957341261,4,-3.2395143389624126e-06,0.00019990191336584294,0.0004963206858251434,0.000834873712557035,4
0.015,0.0,0.0,1.735991046911696e-09,29.306471437662218,0.22754744968369092,0.015528819303115832,4,-3.422482487320383e-06,0.0,8.941207946313775e-09,19.5123527026008,0.2163239794536841,0.022173028824437994,6,-3.252140070138243e-06,0.0,1.1343120872197644e-08,9.742664873389364,0.1461575977796011,0.030003618040646926,4,-2.4472658941426806e-06,4.774899678086517e-05,0.00011435937537389243,0.00019842765244765142,4
0.02,0.0,0.0,-4.574841069245528e-10,29.401849146006477,0.002086963036275344,0.0001419613457583369,4,-3.3132111034138434e-06,0.0,-2.496622715967894e-10,19.5956263241496,0.0034613736435783124,0.0003532802255279306,6,-3.1117156175652916e-06,0.0,-5.321696682916751e-10,9.794462512416292,0.002336436042785559,0.0004770932636321175,4,-2.2506900388269413e-06,1.1331111935519585e-05,2.45665667308154e-05,4.542417550878612e-05,3
0.025,0.0,0.0,-3.5330023166650005e-10,29.423757809434175,0.01776210660383203,0.0012073309411306358,4,-3.2872426130696464e-06,0.0,-6.239268875661233e-10,19.614652031514957,0.016010517221148827,0.0016325058630073733,6,-3.0829824297917696e-06,0.0,-6.941816181982467e-10,9.806494814196803,0.010799868298812422,0.002202595015535524,4,-2.201834990930851e-06,2.7029163733044164e-06,5.647673317034008e-06,1.0845461923332506e-05,3
0.03,0.0,0.0,-1.1765091827080673e-10,29.428491186556226,0.004014720957662975,0.0002728458575883098,4,-3.2810160971487312e-06,0.0,-1.6918703245834034e-10,19.61870512027724,0.0036116590044415428,0.0003681852581298704,6,-3.07569994062451e-06,0.0,-1.184055250041743e-10,9.809145085571473,0.002444025450076972,0.0004983156898498633,4,-2.1896218752523455e-06,6.513746081349983e-07,1.4977180402377171e-06,2.801005361358561e-06,3
0.035,0.0,0.0,-1.931763704964829e-11,29.429593399872875,0.00044420875404834484,3.0187896109381086e-05,4,-3.279512452630806e-06,0.0,-9.278328953030156e-12,19.61964523430991,0.00043346979184442816,4.4187322111859255e-05,6,-3.0735242985899247e-06,0.0,2.3546884503231252e-11,9.809770495520542,0.00028749196719589457,5.8613393111933186e-05,4,-2.186554422058118e-06,1.5721707849256225e-07,4.0483178071696384e-07,7.323768671263893e-07,3
0.04,0.0,0.0,8.201519616763665e-13,29.429892605912745,0.00038133796573214544,2.5915008990248983e-05,4,-3.2791515342696365e-06,0.0,5.906128700842645e-12,19.61990512691237,0.00035824227813267075,3.6518247750471985e-05,6,-3.0729539545401585e-06,0.0,2.239837884606591e-11,9.809939457690964,0.00024017668956319437,4.896598813867226e-05,4,-2.185784486546938e-06,3.74335539426743e-08,9.308128880661853e-08,1.7512534598233612e-07,3
0.045,0.0,0.0,3.486503010439529e-13,29.429975171611694,4.418711581917755e-05,3.0028646345444875e-06,4,-3.279066346995735e-06,0.0,-3.85286542772128e-12,19.619978133291287,4.250383919066071e-05,4.33271014900266e-06,6,-3.072852737831533e-06,0.0,7.918547399051306e-12,9.809985784228754,2.841588120699264e-05,5.793256347562925e-06,4,-2.1855920364285963e-06,8.766489700247363e-09,1.5207171797516122e-08,3.5684195576463773e-08,3
0.05,0.0,0.0,-9.204298184270137e-13,29.429994894365056,1.96831194192683e-05,1.3376230264339606e-06,4,-3.279046435360894e-06,0.0,-8.341386637466855e-12,19.619995582771327,1.77180486146186e-05,1.8061215701982255e-06,6,-3.0728536455221223e-06,0.0,2.6208613395123573e-12,9.809996967691465,1.198733443245031e-05,2.443901761015779e-06,4,-2.1855439617662897e-06,2.0537518146970945e-09,-4.026773615322717e-10,4.725376862508434e-09,3
0.055,0.0,0.0,-1.087216032772434e-12,29.42999886450229,7.527089825832252e-06,5.115249824159005e-07,4,-3.279041730076121e-06,0.0,-9.214679217150861e-12,19.619999026025503,6.837226449001093e-06,6.969650141094971e-07,6,-3.072870683545892e-06,0.0,1.3869127385724297e-12,9.809999301001955,4.626783451647728e-06,9.432790583736671e-07,4,-2.185531862312906e-06,4.906768385784664e-10,-3.262914869705485e-09,-1.9643478228074894e-09,3
0.06,0.0,0.0,-9.777500663763289e-13,29.429999677573807,1.3909801026173594e-07,9.452804062905318e-09,4,-3.2790405964655545e-06,0.0,-9.149040599719246e-12,19.619999716563488,1.0096191989034191e-07,1.0291735101821475e-08,6,-3.072890625767377e-06,0.0,1.3358331276769323e-12,9.809999799014507,7.553996667991558e-08,1.540060514323439e-08,4,-2.18552877625372e-06,1.1876699698849838e-10,-3.988731130132822e-09,-3.654760985143802e-09,3
0.065,0.0,0.0,-9.089074271877463e-13,29.42999990496141,5.226067542039822e-07,3.551523995186146e-08,4,-3.2790403237843713e-06,0.0,-8.830763792739955e-12,19.61999991449951,4.894289306827181e-07,4.989081883950692e-08,6,-3.072911687961033e-06,0.0,1.8620753210415504e-12,9.80999993655805,3.2745744952103247e-07,6.675992897833282e-08,4,-2.185527971959589e-06,2.8206097764397e-11,-4.235208079205694e-09,-4.146402844811682e-09,3
0.07,0.0,0.0,-9.674644126931949e-13,29.42999997578737,1.2001127222940822e-07,8.15570997812734e-09,4,-3.279040260106142e-06,0.0,-8.573000163798679e-12,19.61999997801107,1.13146449761808e-07,1.1533786940735557e-08,6,-3.0729331847584307e-06,0.0,2.4740480293241816e-12,9.809999978172623,7.614771024436265e-08,1.552450772962126e-08,4,-2.185527747486371e-06,6.473384357733395e-12,-4.307749868669947e-09,-4.2810722191304015e-09,3
0.075,0.0,0.0,-8.743687762448541e-13,29.429999995306094,1.2033206519320971e-08,8.177510378008967e-10,4,-3.2790402457044676e-06,0.0,-9.003670764946708e-12,19.619999995832213,1.0562119935798245e-08,1.0766686990868408e-09,6,-3.072954794978988e-06,0.0,1.4641852792748538e-12,9.809999989551736,7.195951465874964e-09,1.4670645205992055e-09,4,-2.1855276693683034e-06,1.4398409978331447e-12,-4.3234612546399545e-09,-4.312415333900668e-09,3
0.08,0.0,0.0,-9.559283221447102e-13,29.42999999821399,9.21489409117271e-09,6.262245390235768e-10,4,-3.2790402424189014e-06,0.0,-9.603857979183113e-12,19.619999998304888,8.036156415895437e-09,8.191800628531843e-10,6,-3.0729764276538063e-06,0.0,3.994203293980875e-13,9.809999991429699,5.117614343053699e-09,1.0433464520947187e-09,4,-2.1855276278529012e-06,3.4782918352551947e-13,-4.327136290027073e-09,-4.319972279192422e-09,3
0.085,0.0,0.0,-8.713575285242286e-13,29.42999999868653,1.529881873388446e-09,1.0396750754038228e-10,4,-3.279040241631337e-06,0.0,-9.409837047120223e-12,19.619999998714103,1.7665824586250433e-09,1.8007976133953368e-10,6,-3.07299807120881e-06,0.0,6.623357424111334e-13,9.8099999917781,1.5043049662273135e-09,3.0668806676617595e-10,4,-2.1855275955315334e-06,9.201781144032881e-14,-4.32947907554821e-09,-4.323295849944366e-09,3
0.09,0.0,0.0,-9.22310365699989e-13,29.42999999829405,4.000261641372188e-09,2.7184924509711643e-10,4,-3.279040241430109e-06,0.0,-9.415016953122057e-12,19.61999999824681,4.326008636853327e-09,4.409794737247591e-10,6,-3.0730197251097047e-06,0.0,7.261381933724405e-13,9.80999999161108,3.5162690009066594e-09,7.168744146612763e-10,4,-2.185527565541634e-06,4.7768762570868575e-14,-4.331802127521217e-09,-4.325849824753783e-09,3
0.095,0.0,0.0,-9.095837338718432e-13,29.429999999350294,3.441815407937899e-09,2.3389843071789886e-10,4,-3.2790402413954145e-06,0.0,-9.388938065164769e-12,19.619999999387908,3.249584704922369e-09,3.3125226350904663e-10,6,-3.073041389363429e-06,0.0,7.580896346526798e-13,9.809999992144974,2.2709542322890725e-09,4.629876114388303e-10,4,-2.185527536169296e-06,-4.89133593315185e-15,-4.333744744255358e-09,-4.3278922407678756e-09,3
0.1,0.0,0.0,-9.1371033297126e-13,29.42999999951578,1.7762302438775425e-09,1.2070881711904638e-10,4,-3.2790402414023534e-06,0.0,-9.402790220641466e-12,19.619999999512043,1.7482724082992077e-09,1.7821329340904056e-10,6,-3.073063064164272e-06,0.0,7.387743211820313e-13,9.80999999223038,1.2862614179993958e-09,2.6223474393845624e-10,4,-2.185527506949614e-06,-6.3603830393358585e-15,-4.335556354672593e-09,-4.329720010703278e-09,3
0.105,0.0,0.0,-5.480878529966532e-13,29.429999999437563,3.228920097166013e-09,2.194305196892777e-10,4,-3.2790402413884756e-06,0.0,-6.26598042975542e-12,19.61999999946108,3.0711685152491525e-09,3.1306508820932833e-10,6,-3.0730847479579215e-06,0.0,6.421269392949421e-12,9.80999999218968,2.173086478663972e-09,4.4303496032499377e-10,4,-2.1855274776813594e-06,-9.77631724150254e-15,-4.337666096387255e-09,-4.331831573183701e-09,3
0.11,0.0,0.0,-8.619384356809764e-13,29.42999999874626,4.2188453185538794e-09,2.867037253641594e-10,4,-3.2790402413711284e-06,0.0,-8.586432061846271e-12,19.619999998752462,4.237738952653731e-09,4.31981544640488e-10,6,-3.0731064417852116e-06,0.0,2.2898532517725837e-12,9.809999991844963,3.1998944273837033e-09,6.523739918539796e-10,4,-2.1855274484547382e-06,1.0149077426050068e-14,-4.3398443823832784e-09,-4.333988917708945e-09,3
0.115,0.0,0.0,-9.104565381629872e-13,29.42999999981254,1.7593397753118617e-09,1.1956097691628055e-10,4,-3.279040241405823e-06,0.0,-9.280169618563686e-12,19.61999999984605,1.5759728092297342e-09,1.6064962377595311e-10,6,-3.0731281448551084e-06,0.0,9.956053873886067e-13,9.809999992376405,1.0351000462525789e-09,2.1102957126543953e-10,4,-2.1855274192628116e-06,-1.770952688626406e-14,-4.341176090460424e-09,-4.335346585464942e-09,3
0.12,0.0,0.0,-9.234883551698013e-13,29.429999999361705,2.2527974515846377e-09,1.5309530762035323e-10,4,-3.2790402413954145e-06,0.0,-9.233110530806515e-12,19.61999999933749,2.2779720674450604e-09,2.322091811949012e-10,6,-3.0731498590133577e-06,0.0,1.1007935621620921e-12,9.809999992148555,1.724130690788681e-09,3.5150472827086465e-10,4,-2.185527389994557e-06,-2.0989029816146603e-15,-4.3434900670263394e-09,-4.337645461221365e-09,3
0.125,0.0,0.0,-9.398637602910717e-13,29.42999999929048,2.3773424097249076e-09,1.6155911721251936e-10,4,-3.2790402413954145e-06,0.0,-9.10395345312229e-12,19.619999999289256,2.3791434191169326e-09,2.425222649544463e-10,6,-3.0731715829554473e-06,0.0,1.3923947589435388e-12,9.809999992114122,1.7860201321457888e-09,3.6412235139276267e-10,4,-2.185527360754058e-06,-5.534725313364417e-16,-4.345494111956344e-09,-4.339642933631064e-09,3
0.13,0.0,0.0,-9.164798486542778e-13,29.42999999935303,2.8564388891380025e-09,1.9411749162084925e-10,4,-3.2790402413884756e-06,0.0,-8.996058510906786e-12,19.619999999352483,2.7888952255512665e-09,2.8429105256302836e-10,6,-3.0731933168895442e-06,0.0,1.570687730754868e-12,9.809999992144123,2.0287934365981573e-09,4.136174185979248e-10,4,-2.185527331478865e-06,-4.7030421081754275e-15,-4.3476126590718586e-09,-4.34176549886575e-09,3
0.135,0.0,0.0,-8.980423820573812e-13,29.429999998640618,2.9288001085529087e-09,1.9903500568727087e-10,4,-3.2790402413815367e-06,0.0,-9.217275858017549e-12,19.619999998620962,3.1627707429423813e-09,3.2240272611260795e-10,6,-3.0732150611209597e-06,0.0,1.094230093892181e-12,9.809999991788334,2.5842440018392144e-09,5.268591241595127e-10,4,-2.185527302238366e-06,1.834518788304282e-14,-4.349695931293257e-09,-4.343828097846251e-09,3
0.14,0.0,0.0,-8.259183807808896e-13,29.429999999716088,2.3223539177853377e-09,1.578222166366117e-10,4,-3.279040241398884e-06,0.0,-9.067766112359995e-12,19.619999999750153,2.1111122131452983e-09,2.152000217300899e-10,6,-3.0732368146921263e-06,0.0,1.287787254543708e-12,9.809999992323696,1.407126769605688e-09,2.8687599810535404e-10,4,-2.185527272983989e-06,-1.6833782964439744e-14,-4.351391060663462e-09,-4.3455512829963775e-09,3
0.145,0.0,0.0,-9.250472984534952e-13,29.429999999248203,2.7006170902931336e-09,1.8352817467632495e-10,4,-3.2790402413884756e-06,0.0,-9.178364913384138e-12,19.6199999992255,2.7291466012154335e-09,2.7820046904415564e-10,6,-3.0732585790879674e-06,0.0,1.2227515240133346e-12,9.809999992089402,2.06528895343941e-09,4.210578909489949e-10,4,-2.185527243687979e-06,4.303516235231034e-18,-4.353668954092899e-09,-4.347809522813743e-09,3
0.15,0.0,0.0,-1.9054287684725776e-12,29.429999999301682,6.851487402336931e-09,4.6561246364250793e-10,4,-3.2790402413884756e-06,0.0,-6.9789768308491504e-12,19.619999999279884,7.784794830745488e-09,7.935570673834062e-10,6,-3.07328035319826e-06,0.0,7.163953152541754e-12,9.809999992120284,6.68255425831034e-09,1.3623963840322095e-09,4,-2.1855272143711524e-06,-1.4558618057517728e-15,-4.355661720933329e-09,-4.349793617480084e-09,3
0.155,0.0,0.0,-4.720893452114919e-13,29.429999999138396,3.959537721113328e-09,2.690817343682806e-10,4,-3.279040241385006e-06,0.0,-6.8530952319674296e-12,19.61999999914109,3.9717753192622185e-09,4.048700631433325e-10,6,-3.073302136710754e-06,0.0,5.134574811075635e-12,9.809999992032305,2.989916448951843e-09,6.095650257655978e-10,4,-2.185527185019631e-06,8.08993164483546e-16,-4.357611253024646e-09,-4.35174541442637e-09,3
0.16,0.0,0.0,-9.311224799296337e-13,29.429999999553978,2.622104849297851e-09,1.7819265031176282e-10,4,-3.2790402413954145e-06,0.0,-8.650333150706051e-12,19.619999999568268,2.470529410576974e-09,2.5183786041094163e-10,6,-3.0733239297850434e-06,0.0,2.294108739871748e-12,9.809999992238588,1.7165600380666346e-09,3.4996127205397174e-10,4,-2.18552715573056e-06,-1.0747984432654485e-14,-4.359356223415051e-09,-4.353499712466538e-09,3
0.165,0.0,0.0,-9.528667514148077e-13,29.429999998521083,3.716357257555788e-09,2.52555708986921e-10,4,-3.2790402413711284e-06,0.0,-8.857614596518213e-12,19.619999998489714,3.951065438045478e-09,4.0275896415388564e-10,6,-3.073345733461963e-06,0.0,1.9184019762342253e-12,9.80999999172113,3.1693302957644688e-09,6.461427723627186e-10,4,-2.185527126358222e-06,2.0434183526177515e-14,-4.361759024928364e-09,-4.355869347621302e-09,3
0.17,0.0,0.0,-9.723578546799677e-13,29.429999999659685,2.727903807069731e-09,1.8538252171942068e-10,4,-3.279040241391945e-06,0.0,-9.203278162797928e-12,19.619999999680616,2.512621680583289e-09,2.561286116844231e-10,6,-3.07336754738069e-06,0.0,1.2599465074307514e-12,9.809999992288821,1.6921106496626775e-09,3.4497668725642525e-10,4,-2.1855270970344565e-06,-1.6332850335728867e-14,-4.3635693172888245e-09,-4.357718064356555e-09,3
0.17500000000000002,0.0,0.0,-9.015502975438479e-13,29.4299999990665,3.2331062586406247e-09,2.1971500229311428e-10,4,-3.2790402413780673e-06,0.0,-8.835168630808025e-12,19.619999999066057,3.2409540450951404e-09,3.303724816768007e-10,6,-3.073389372283686e-06,0.0,1.881181223587783e-12,9.809999991993147,2.4388405506649502e-09,4.972151993181478e-10,4,-2.1855270676690575e-06,2.032903026830325e-15,-4.36590797810938e-09,-4.360033790633958e-09,3
0.18,0.0,0.0,-8.845229962427742e-13,29.42999999889431,2.6172608673940234e-09,1.7786346364202203e-10,4,-3.2790402413884756e-06,0.0,-8.743234260360369e-12,19.61999999889618,2.742032692582784e-09,2.795140359568859e-10,6,-3.07341120566601e-06,0.0,2.0380927566118835e-12,9.809999991905263,2.1732329474218365e-09,4.4306482145057756e-10,4,-2.1855270383105974e-06,1.0570073996987927e-14,-4.367499773249524e-09,-4.361615229613728e-09,3
0.185,0.0,0.0,-8.913560441471841e-13,29.42999999945198,2.834956214530677e-09,1.9265757489524072e-10,4,-3.2790402413884756e-06,0.0,-8.750236809164655e-12,19.619999999465524,2.7030298207837796e-09,2.755382080384724e-10,6,-3.073433049748109e-06,0.0,2.036908287332232e-12,9.809999992182652,1.909800440341573e-09,3.8935788824942836e-10,4,-2.1855270089313206e-06,-9.653748619583924e-15,-4.369584701035497e-09,-4.363718528482133e-09,3
0.19,0.0,0.0,-8.953348318428058e-13,29.42999999838441,3.8132705067006255e-09,2.591417265993856e-10,4,-3.279040241367659e-06,0.0,-8.758166095826514e-12,19.619999998352736,4.090477177574875e-09,4.169701506542615e-10,6,-3.0734549040442594e-06,0.0,2.029158128015168e-12,9.809999991649484,3.3136994225860037e-09,6.755758257709902e-10,4,-2.185526979531227e-06,2.406150419223283e-14,-4.371937695279389e-09,-4.36603581972991e-09,3
0.195,0.0,0.0,-8.958978129507716e-13,29.42999999943708,3.063764142136649e-09,2.0820687340776424e-10,4,-3.279040241385006e-06,0.0,-8.759651110447733e-12,19.619999999473873,2.8707351846030934e-09,2.926335560326274e-10,6,-3.073476768464256e-06,0.0,2.0284951051777892e-12,9.80999999217342,1.987158688136806e-09,4.0512919260391317e-10,4,-2.1855269501519503e-06,-1.124358799084715e-14,-4.373727859740502e-09,-4.36786225384497e-09,3
0.2,0.0,0.0,-8.959240576691732e-13,29.42999999948245,2.5710264857143936e-09,1.7472147371794816e-10,4,-3.2790402413954145e-06,0.0,-8.760050167782506e-12,19.619999999503165,2.435085081356553e-09,2.482247789417142e-10,6,-3.073498642737482e-06,0.0,2.0291994522077854e-12,9.80999999219513,1.707912876846448e-09,3.4819834418048303e-10,4,-2.185526920751857e-06,-9.181237700303459e-15,-4.375616031137515e-09,-4.369742699866088e-09,3
0.20500000000000002,0.0,0.0,-8.675745785316976e-13,29.429999998884174,2.388907780887926e-09,1.6234507515993888e-10,4,-3.279040241391945e-06,0.0,-8.249002814757216e-12,19.61999999884827,2.603228847453934e-09,2.65364816269801e-10,6,-3.073520526981899e-06,0.0,3.0102510462919123e-12,9.809999991895623,2.1411128803093336e-09,4.3651638778352297e-10,4,-2.1855268913378856e-06,1.4373253990143862e-14,-4.377600727988824e-09,-4.371702254162692e-09,3
0.21,0.0,0.0,-8.680463658973529e-13,29.429999999273765,3.2517102075682503e-09,2.209792869621809e-10,4,-3.2790402413815367e-06,0.0,-8.57189495285152e-12,19.619999999289536,3.145454581637101e-09,3.2063757204393493e-10,6,-3.0735424213571005e-06,0.0,2.3618127259119214e-12,9.809999992089045,2.2657998453953226e-09,4.6193676803720757e-10,4,-2.1855268619100365e-06,-5.063642546573681e-15,-4.3797497911384826e-09,-4.373870597889486e-09,3
0.215,0.0,0.0,-9.90188578713684e-13,29.429999999228265,2.8175204894383414e-09,1.914726802250917e-10,4,-3.2790402413884756e-06,0.0,-8.602173810802881e-12,19.619999999243845,2.785683998263671e-09,2.839637103334384e-10,6,-3.073564325432876e-06,0.0,2.4982878590234045e-12,9.80999999206493,2.0675524650627947e-09,4.215193612100281e-10,4,-2.1855268324752486e-06,-2.207260748818077e-15,-4.381608004277399e-09,-4.37572284957485e-09,3
0.22,0.0,0.0,-8.757678686821129e-13,29.42999999942302,2.4303719268460553e-09,1.651628900369489e-10,4,-3.279040241391945e-06,0.0,-8.602638827551781e-12,19.619999999420084,2.3784904940370968e-09,2.424557078600814e-10,6,-3.0735862407496595e-06,0.0,2.3162746582186214e-12,9.809999992162215,1.735473339071534e-09,3.5381719479268206e-10,4,-2.1855268030335218e-06,-6.431437312911872e-15,-4.38377853647582e-09,-4.377895552481328e-09,3
0.225,0.0,0.0,-9.831662408950608e-13,29.429999998633907,3.2694581259515433e-09,2.2218539762849517e-10,4,-3.2790402413815367e-06,0.0,-8.586258838043767e-12,19.619999998615455,3.4886752940184623e-09,3.556243928914018e-10,6,-3.073608164948227e-06,0.0,2.521325418568261e-12,9.809999991767299,2.8136961560569547e-09,5.736383605337923e-10,4,-2.1855267735709782e-06,1.846065107760384e-14,-4.385811493389742e-09,-4.379897220645881e-09,3
0.23,0.0,0.0,-8.7379905573639e-13,29.429999998740097,2.7325665924723925e-09,1.8569939467138118e-10,4,-3.279040241385006e-06,0.0,-8.598827218598952e-12,19.61999999870342,2.977116199970613e-09,3.03477696245398e-10,6,-3.0736301000200417e-06,0.0,2.323529531319803e-12,9.809999991820323,2.4475965659048752e-09,4.990003196627331e-10,4,-2.185526744094557e-06,1.739838968764249e-14,-4.387837293361959e-09,-4.381924717038878e-09,3
0.23500000000000001,0.0,0.0,-8.709746962284714e-13,29.429999998776545,2.7302971328371263e-09,1.8554516703707982e-10,4,-3.279040241385006e-06,0.0,-8.502009680836427e-12,19.619999998741125,2.959696621406158e-09,3.017020001626973e-10,6,-3.0736520454169303e-06,0.0,2.515056585847766e-12,9.809999991837211,2.4200344220261924e-09,4.933811262058869e-10,4,-2.1855267146250745e-06,1.5540320433629827e-14,-4.3899005780162e-09,-4.38398814202531e-09,3
0.24,0.0,0.0,-8.369963701131674e-13,29.42999999809653,3.906856174470756e-09,2.655016088836862e-10,4,-3.279040241367659e-06,0.0,-8.220905779358715e-12,19.61999999804337,4.329898624092269e-09,4.4137600657737756e-10,6,-3.0736740004380647e-06,0.0,3.0232505125151566e-12,9.809999991496479,3.6211756589153944e-09,7.382621125492983e-10,4,-2.1855266851208976e-06,3.51957088615936e-14,-4.3921562740905715e-09,-4.386220750789839e-09,3
0.245,0.0,0.0,-8.598047420503427e-13,29.429999999155264,1.861291304172078e-09,1.2648938526846777e-10,4,-3.279040241398884e-06,0.0,-8.399758955177047e-12,19.619999999131547,1.999908687529437e-09,2.0386429027706018e-10,6,-3.0736959649238504e-06,0.0,2.7036058931653815e-12,9.809999992023291,1.6206676769887453e-09,3.30411351336706e-10,4,-2.1855266556444763e-06,6.607021888285968e-15,-4.393549021341432e-09,-4.3876410244662835e-09,3
0.25,0.0,0.0,-8.746533754407264e-13,29.429999999154447,4.082047617953359e-09,2.774072455365709e-10,4,-3.2790402413711284e-06,0.0,-8.470827343058288e-12,19.619999999179544,3.931500475761608e-09,4.0076457450825817e-10,6,-3.0737179401787995e-06,0.0,2.587737890797554e-12,9.80999999202255,2.8178037615945454e-09,5.744757928411766e-10,4,-2.185526626112544e-06,-5.672932942487962e-15,-4.3961016265797246e-09,-4.390204476139437e-09,3
0.255,0.0,0.0,-9.225768157606323e-13,29.429999999187125,2.780952047761655e-09,1.8898756696149959e-10,4,-3.279040241385006e-06,0.0,-8.13561317101842e-12,19.619999999209288,2.7450016706706323e-09,2.798166840755616e-10,6,-3.0737399264735288e-06,0.0,3.331366510675804e-12,9.809999992037854,2.0363947620753527e-09,4.1516712818107306e-10,4,-2.185526596601428e-06,-2.278315022394084e-15,-4.398048614928047e-09,-4.392142246972121e-09,3
0.26,0.0,0.0,-8.922326991147797e-13,29.42999999964788,2.562645936822569e-09,1.741519494973313e-10,4,-3.279040241391945e-06,0.0,-8.291123859558507e-12,19.619999999682314,2.3364947561588977e-09,2.3817479675807646e-10,6,-3.073761922399443e-06,0.0,2.9829564430815926e-12,9.809999992266816,1.5564722938026555e-09,3.1732360754936116e-10,4,-2.1855265670833735e-06,-1.6695227130966516e-14,-4.399941037146977e-09,-4.394050867789068e-09,3
0.265,0.0,0.0,-1.0479705068856547e-12,29.429999999628592,3.1974298303604527e-09,2.1729050835207642e-10,4,-3.279040241391945e-06,0.0,-1.145438921504426e-11,19.619999999664135,2.8106577993337726e-09,2.8650945967195583e-10,6,-3.0737839279634804e-06,0.0,-3.113599756762119e-12,9.809999992258756,1.7782511711500798e-09,3.625384653523607e-10,4,-2.1855265375653188e-06,-1.6238703423240652e-14,-4.401898168492853e-09,-4.3960099815491764e-09,3
0.27,0.0,0.0,-1.1186223018528398e-12,29.429999998564952,4.63792081664866e-09,3.151832019622706e-10,4,-3.2790402413641895e-06,0.0,-9.451183505082338e-12,19.61999999855599,4.760526208782939e-09,4.852728041929978e-10,6,-3.0738059439081034e-06,0.0,1.0317507459787515e-12,9.809999991723794,3.6808036151495204e-09,7.504186785432885e-10,4,-2.1855265080056308e-06,1.569841619233645e-14,-4.40431935707581e-09,-4.398392454434819e-09,3
0.275,0.0,0.0,-8.048711106480773e-13,29.429999999011397,3.022799001196718e-09,2.0542296984697647e-10,4,-3.279040241385006e-06,0.0,-8.32737016556285e-12,19.619999999013718,3.0612967686208348e-09,3.120587939627649e-10,6,-3.0738279701778004e-06,0.0,2.7681043872239523e-12,9.809999991945112,2.3327988742689077e-09,4.755961011588877e-10,4,-2.1855264784528816e-06,4.99053716443174e-15,-4.40611611537351e-09,-4.400200068049166e-09,3
0.28,0.0,0.0,-8.077805524485712e-13,29.42999999949599,2.4304943749430446e-09,1.6517121134792175e-10,4,-3.2790402413954145e-06,0.0,-7.939182281115213e-12,19.619999999509236,2.3210288572479565e-09,2.3659825252864564e-10,6,-3.073850006689305e-06,0.0,3.5535504612663326e-12,9.809999992186786,1.6451798298077454e-09,3.3540873213416016e-10,4,-2.1855264488862547e-06,-9.159921418230655e-15,-4.4080154991348945e-09,-4.40211279402677e-09,3
0.28500000000000003,0.0,0.0,-1.0139913064931705e-12,29.429999999131788,2.7967662906253687e-09,1.9006226916125558e-10,4,-3.279040241385006e-06,0.0,-7.994882147419072e-12,19.619999999118374,2.8829515400258325e-09,2.9387885220747996e-10,6,-3.073872053692417e-06,0.0,3.76610289665791e-12,9.809999992004702,2.2441012846202347e-09,4.5751300437292787e-10,4,-2.18552641930575e-06,2.5977845017596045e-15,-4.4101977162086045e-09,-4.4042780966306545e-09,3
0.29,0.0,0.0,-9.239474270076514e-13,29.42999999966468,2.5568787716796875e-09,1.7376002526053823e-10,4,-3.2790402413884756e-06,0.0,-7.961291320743563e-12,19.619999999662713,2.3986541691900656e-09,2.4451112836200825e-10,6,-3.0738941109373363e-06,0.0,3.694149757462735e-12,9.809999992270084,1.6532837360726025e-09,3.3706090466367557e-10,4,-2.185526389683612e-06,-1.5318550580431318e-14,-4.412231310834633e-09,-4.406320429155975e-09,3
0.295,0.0,0.0,-1.1145981123943944e-12,29.429999998828627,2.967961277153845e-09,2.0169631513910809e-10,4,-3.2790402413884756e-06,0.0,-1.1149754600739325e-11,19.619999998807593,2.958365635185323e-09,3.0156632368655634e-10,6,-3.0739161772305734e-06,0.0,-2.3926426221137977e-12,9.80999999185214,2.2903604690856645e-09,4.669440307824591e-10,4,-2.1855263600822905e-06,1.4272001650298057e-14,-4.414103432847601e-09,-4.408173133812332e-09,3
0.3,0.0,0.0,-1.0319210901410764e-12,29.429999998918042,4.284321744935264e-09,2.9115336358088834e-10,4,-3.279040241367659e-06,0.0,-9.39003239907709e-12,19.619999998921088,4.236550494977036e-09,4.3186039706524013e-10,6,-3.0739382550840078e-06,0.0,1.0282366890133194e-12,9.809999991894328,3.1364246090602863e-09,6.394341715905827e-10,4,-2.1855263304532135e-06,3.31010359435911e-15,-4.4166067548417416e-09,-4.410684399674259e-09,3
0.305,0.0,0.0,-8.670525581387763e-13,29.42999999896293,3.185031651066528e-09,2.1644795454833597e-10,4,-3.2790402413780673e-06,0.0,-7.807094534086974e-12,19.61999999894985,3.267565457005634e-09,3.330851638308388e-10,6,-3.073960342818427e-06,0.0,3.915650047534336e-12,9.809999991916595,2.5219167866837335e-09,5.141522505120864e-10,4,-2.185526300851892e-06,6.2179997404573205e-15,-4.418495151836074e-09,-4.412565817362569e-09,3
0.31,0.0,0.0,-9.667901499881849e-13,29.429999999388443,2.651884350683982e-09,1.8021640168121563e-10,4,-3.279040241385006e-06,0.0,-7.74338310500009e-12,19.619999999401998,2.6025473366511237e-09,2.652953452324615e-10,6,-3.0739824411207817e-06,0.0,4.1991960635931384e-12,9.809999992128315,1.92212190346869e-09,3.9186990927849706e-10,4,-2.185526271222815e-06,-7.989302261065884e-15,-4.420431295525892e-09,-4.414512066746447e-09,3
0.315,0.0,0.0,-8.313936681985457e-13,29.429999999473793,2.6708528758407094e-09,1.8150546217386776e-10,4,-3.2790402413884756e-06,0.0,-7.832577729797896e-12,19.61999999947273,2.5784984669977237e-09,2.628438804349662e-10,6,-3.074004549526166e-06,0.0,3.816436715387925e-12,9.809999992168837,1.8488738726168733e-09,3.769365696417531e-10,4,-2.1855262415590437e-06,-9.499205574556098e-15,-4.422486332555328e-09,-4.416560410463313e-09,3
0.32,0.0,0.0,-1.220177308634199e-12,29.429999999318895,3.117891771390621e-09,2.118852715910825e-10,4,-3.2790402413884756e-06,0.0,-1.0636728944179712e-11,19.619999999342177,3.0199196591482416e-09,3.0784094385825626e-10,6,-3.0740266672643624e-06,0.0,-1.1536675125031836e-12,9.809999992091342,2.183000853148724e-09,4.4505623953284873e-10,4,-2.185526211916089e-06,-5.8132651328005785e-15,-4.424401243451844e-09,-4.418477548911306e-09,3
0.325,0.0,0.0,-8.933663745382046e-13,29.429999998815543,2.9720111075891996e-09,2.0197153297375555e-10,4,-3.2790402413815367e-06,0.0,-8.677303881766673e-12,19.619999998779782,3.1427400538686624e-09,3.203608617802362e-10,6,-3.0740487962713225e-06,0.0,2.230889433973553e-12,9.809999991838403,2.509380993609652e-09,5.115965332716359e-10,4,-2.1855261822384398e-06,1.3700014748011171e-14,-4.4266338770853695e-09,-4.420687899924638e-09,3
0.33,0.0,0.0,-8.834326453328975e-13,29.429999999927322,2.8172252416011844e-09,1.9145261580755295e-10,4,-3.279040241391945e-06,0.0,-9.063093337775139e-12,19.61999999996245,2.457808089978019e-09,2.5054108970262215e-10,6,-3.074070935402129e-06,0.0,1.4374615107941596e-12,9.809999992394017,1.5220217542788293e-09,3.1030005208132474e-10,4,-2.1855261525746683e-06,-2.6569994801192504e-14,-4.428628477126058e-09,-4.422725093449623e-09,3
0.335,0.0,0.0,-8.816798036358681e-13,29.429999999160472,3.0907593110726053e-09,2.1004140748629108e-10,4,-3.279040241385006e-06,0.0,-9.772515107393878e-12,19.619999999176482,3.0473720786343142e-09,3.106393556332541e-10,6,-3.0740930844694314e-06,0.0,2.296463303633428e-14,9.80999999201107,2.2502987508125246e-09,4.5877650410705226e-10,4,-2.185526122903958e-06,-4.539965483300191e-16,-4.430688068734431e-09,-4.424754479886299e-09,3
0.34,0.0,0.0,-8.929738736544886e-13,29.429999999285336,2.622064113046845e-09,1.7818988196469712e-10,4,-3.279040241385006e-06,0.0,-9.588855957176554e-12,19.619999999284293,2.5967758832349173e-09,2.6470702174614107e-10,6,-3.074115244451614e-06,0.0,4.146358115619307e-13,9.80999999207211,1.9274638264294933e-09,3.929589863378514e-10,4,-2.18552609321937e-06,-3.7171640623082795e-15,-4.432764951400277e-09,-4.426828712227742e-09,3
0.34500000000000003,0.0,0.0,-8.733779417717324e-13,29.429999998570768,3.6064423486964474e-09,2.4508612632494666e-10,4,-3.2790402413711284e-06,0.0,-9.660055739717993e-12,19.619999998552363,3.804657955441502e-09,3.8783465399818796e-10,6,-3.0741374142662092e-06,0.0,2.3943415429431976e-13,9.809999991713648,3.031576133984131e-09,6.180583356870246e-10,4,-2.1855260635000873e-06,1.7657737786194935e-14,-4.435005280211632e-09,-4.429041019009954e-09,3
0.35000000000000003,0.0,0.0,-8.456477285314925e-13,29.429999999225757,3.3086735506847263e-09,2.248503942080714e-10,4,-3.2790402413780673e-06,0.0,-9.724138771674012e-12,19.619999999250265,3.2041856977111017e-09,3.266244340299228e-10,6,-3.0741595944613898e-06,0.0,6.351485548916486e-14,9.809999992039668,2.3149251242119265e-09,4.719521154108816e-10,4,-2.1855260337877436e-06,-5.063642546573669e-15,-4.43694166548598e-09,-4.430999301435061e-09,3
0.355,0.0,0.0,-7.410336862571859e-13,29.429999999664684,3.0458745124411357e-09,2.0699113234630238e-10,4,-3.2790402413954145e-06,0.0,-6.294450561294381e-12,19.61999999969931,2.6624819905395137e-09,2.714048920061486e-10,6,-3.0741817845722497e-06,0.0,6.7719089634163224e-12,9.80999999225727,1.6623982220429112e-09,3.389191077176332e-10,4,-2.1855260040476443e-06,-1.6327521265210656e-14,-4.43875585872606e-09,-4.4328167240918746e-09,3
0.36,0.0,0.0,-7.641194553550929e-13,29.429999997936786,4.166438224265623e-09,2.8314225107425854e-10,4,-3.279040241367659e-06,0.0,-8.502679304913287e-12,19.61999999788261,4.546538637710854e-09,4.6345959614694364e-10,6,-3.0742039854106396e-06,0.0,2.363062370234097e-12,9.80999999139404,3.7732076064304e-09,7.692574127911313e-10,4,-2.1855259742589728e-06,4.110742442311764e-14,-4.4412359406436706e-09,-4.435242284289014e-09,3
0.365,0.0,0.0,-9.200459492901706e-13,29.42999999899322,2.8319574707348415e-09,1.9245378666882233e-10,4,-3.279040241385006e-06,0.0,-9.41989968997747e-12,19.619999998994025,2.9104121142079986e-09,2.9667809524538473e-10,6,-3.074226195838581e-06,0.0,8.042109155399796e-13,9.809999991919776,2.256907928852583e-09,4.601239410217197e-10,4,-2.1855259445188735e-06,6.367213714966944e-15,-4.442918477420241e-09,-4.436961517045173e-09,3
0.37,0.0,0.0,-9.6702366676359e-13,29.42999999912193,3.24420487848859e-09,2.204692408145011e-10,4,-3.2790402413780673e-06,0.0,-9.532255312687963e-12,19.61999999912241,3.226991269151669e-09,3.2894916098838024e-10,6,-3.0742484174867135e-06,0.0,6.474146575411482e-13,9.809999991984514,2.4052135447555944e-09,4.903595406158674e-10,4,-2.185525914737141e-06,-2.9412443278399577e-16,-4.445226124826737e-09,-4.439274537931108e-09,3
0.375,0.0,0.0,-9.236867345881938e-13,29.4300000002061,1.9253986476200086e-09,1.3084598352745666e-10,4,-3.2790402414023534e-06,0.0,-9.454788311626182e-12,19.620000000261324,1.5056656300231274e-09,1.5348273496463537e-10,6,-3.0742706493072647e-06,0.0,7.31316204613019e-13,9.809999992525363,7.644909155464235e-10,1.558595139916249e-10,4,-2.1855258849970416e-06,-3.4105300513928365e-14,-4.446939156321169e-09,-4.441017449523936e-09,3
0.38,0.0,0.0,-9.518699051715607e-13,29.429999998460293,3.421490837517506e-09,2.3251721628926336e-10,4,-3.279040241374598e-06,0.0,-9.475190903386001e-12,19.619999998427105,3.707916077026034e-09,3.77973096567104e-10,6,-3.0742928913488066e-06,0.0,7.41521725168421e-13,9.809999991652782,3.035106641059455e-09,6.187781128729853e-10,4,-2.18552585520837e-06,2.3779063454768198e-14,-4.449395538085829e-09,-4.443420611637687e-09,3
0.385,0.0,0.0,-5.729798373578252e-13,29.429999999715285,2.3489125352286287e-09,1.5962708360525674e-10,4,-3.279040241391945e-06,0.0,-6.254784352610309e-12,19.619999999713237,2.205511815191612e-09,2.2482281500752777e-10,6,-3.0743151440970617e-06,0.0,6.569635037232922e-12,9.80999999227653,1.53478606778298e-09,3.1290235861189115e-10,4,-2.1855258254196985e-06,-1.66543709236603e-14,-4.451273648197704e-09,-4.445327642615265e-09,3
0.39,0.0,0.0,-8.571456164847085e-13,29.429999998919673,2.9329703940371004e-09,1.9931840938802344e-10,4,-3.279040241385006e-06,0.0,-8.579626034538624e-12,19.619999998898525,3.0297090040644962e-09,3.088388383521494e-10,6,-3.0743374065042572e-06,0.0,2.3773266012923707e-12,9.809999991877962,2.3629021769705387e-09,4.817333698117976e-10,4,-2.1855257955824547e-06,1.022546077014429e-14,-4.453307656714875e-09,-4.447338220985724e-09,3
0.395,0.0,0.0,-9.14130636833197e-13,29.429999998925133,2.184078151305954e-09,1.4842529061404844e-10,4,-3.2790402413954145e-06,0.0,-9.321371537069127e-12,19.61999999888803,2.4221825083761256e-09,2.4690953195855287e-10,6,-3.074359678771621e-06,0.0,1.0011733528846908e-12,9.80999999188224,2.024949278590034e-09,4.128336962825029e-10,4,-2.1855257657799054e-06,1.4177854737809851e-14,-4.455158590343464e-09,-4.449181178772103e-09,3
0.4,0.0,0.0,-9.291025452677557e-13,29.429999999344027,2.320964013007515e-09,1.5772776167578986e-10,4,-3.279040241391945e-06,0.0,-9.28257811989802e-12,19.61999999935581,2.2745633976981428e-09,2.3186171231119514e-10,6,-3.074381962474282e-06,0.0,1.0930409333183735e-12,9.809999992088157,1.6690521383658004e-09,3.402756655885636e-10,4,-2.1855257359565394e-06,-4.266058325682945e-15,-4.457368966225791e-09,-4.4514097463248245e-09,3
0.405,0.0,0.0,-9.449506184860186e-13,29.429999998405414,3.556513992287769e-09,2.4169310176557724e-10,4,-3.2790402413711284e-06,0.0,-9.150648721305518e-12,19.61999999834935,3.888346923398824e-09,3.9636563952354274e-10,6,-3.0744042566477336e-06,0.0,1.3892703385621585e-12,9.809999991618623,3.2047457898500286e-09,6.533630565928786e-10,4,-2.18552570609154e-06,2.5551867580489656e-14,-4.45988114158242e-09,-4.45389083721312e-09,3
0.41000000000000003,0.0,0.0,-9.211590318886813e-13,29.429999999394376,3.2587209101504015e-09,2.214557193487911e-10,4,-3.2790402413815367e-06,0.0,-9.041062605805029e-12,19.619999999432732,3.0630966224195928e-09,3.122422652913512e-10,6,-3.074426561243404e-06,0.0,1.5704925028238952e-12,9.809999992113656,2.1291635659252253e-09,4.3408023805033193e-10,4,-2.1855256762542963e-06,-1.1026872456440304e-14,-4.461813858679895e-09,-4.455854285283915e-09,3
0.41500000000000004,0.0,0.0,-9.023666967325468e-13,29.429999999440312,2.4685058092545456e-09,1.677543873123677e-10,4,-3.279040241391945e-06,0.0,-9.265358106942706e-12,19.619999999461964,2.351800296621823e-09,2.397349945653737e-10,6,-3.074448876400071e-06,0.0,1.0872877190051574e-12,9.809999992136412,1.6649802732389365e-09,3.3944551979073726e-10,4,-2.185525646437869e-06,-8.936100456466209e-15,-4.463748556415246e-09,-4.457791008066062e-09,3
0.42,0.0,0.0,-8.290587737209268e-13,29.42999999946288,2.9552629800976024e-09,2.008333659634073e-10,4,-3.2790402413884756e-06,0.0,-9.113278237761118e-12,19.619999999485348,2.7975583056061073e-09,2.851741392129959e-10,6,-3.074471201632012e-06,0.0,1.2842380216906352e-12,9.809999992144691,1.9637871906920913e-09,4.00364361317958e-10,4,-2.1855256165798087e-06,-1.0398042135292615e-14,-4.465873560587872e-09,-4.459908446734909e-09,3
0.425,0.0,0.0,-9.295555932320173e-13,29.429999999853976,1.8924625654675627e-09,1.2860771766747895e-10,4,-3.2790402414023534e-06,0.0,-9.225614192014317e-12,19.619999999886975,1.6538812268564585e-09,1.6859135849806176e-10,6,-3.0744935364188097e-06,0.0,1.2177319285855761e-12,9.809999992340016,1.032638726551979e-09,2.1052777316173268e-10,4,-2.1855255867217482e-06,-2.0422023780028233e-14,-4.467570540921903e-09,-4.461611601685316e-09,3
0.43,0.0,0.0,-9.056115394495013e-13,29.429999999348524,2.199181804528478e-09,1.4945170265560042e-10,4,-3.279040241391945e-06,0.0,-8.90267247091196e-12,19.6199999993238,2.2304152565274265e-09,2.2736139211052982e-10,6,-3.0745158825229435e-06,0.0,1.8279851816931943e-12,9.809999992085253,1.6930152159331823e-09,3.4516110444426376e-10,4,-2.1855255568289933e-06,-2.5465449051435136e-15,-4.46988898502527e-09,-4.463910239409923e-09,3
0.435,0.0,0.0,-5.108963282244382e-13,29.429999999344787,2.6173663025525752e-09,1.778706287876892e-10,4,-3.279040241391945e-06,0.0,-6.224290335005607e-12,19.619999999342415,2.6317835026083206e-09,2.682755864114707e-10,6,-3.074538239881963e-06,0.0,6.535777107981851e-12,9.80999999208203,1.9881884852503256e-09,4.053391410509801e-10,4,-2.185525526887666e-06,-3.569726444638059e-15,-4.472112733321884e-09,-4.466130633944825e-09,3
0.44,0.0,0.0,-8.938591868784958e-13,29.42999999931569,1.6127346948631748e-09,1.095980084879833e-10,4,-3.2790402414092923e-06,0.0,-8.511848228786246e-12,19.619999999275578,1.6934243350306298e-09,1.7262225638054592e-10,6,-3.074560605657861e-06,0.0,2.5905102888936622e-12,9.809999992067766,1.3483013326939282e-09,2.7488304460431123e-10,4,-2.1855254969740945e-06,4.830665048885724e-15,-4.473683841010275e-09,-4.467697163961642e-09,3
0.445,0.0,0.0,-9.666823468316828e-13,29.429999998672876,3.6249297826772987e-09,2.463424928875815e-10,4,-3.2790402413711284e-06,0.0,-8.907536558596636e-12,19.619999998637674,3.8075687884804826e-09,3.881313749994764e-10,6,-3.074582982744156e-06,0.0,1.923475001105085e-12,9.809999991745697,3.01298243802609e-09,6.142675719798707e-10,4,-2.1855254670119506e-06,1.5804997602700472e-14,-4.47641379949177e-09,-4.470412163742193e-09,3
0.45,0.0,0.0,-9.21309585680995e-13,29.42999999970545,2.691149115890731e-09,1.8288475133657256e-10,4,-3.2790402413884756e-06,0.0,-8.836605600957378e-12,19.619999999741495,2.4278071480970247e-09,2.474828897175344e-10,6,-3.074605369794703e-06,0.0,1.9916504911098366e-12,9.809999992261169,1.5890039855901347e-09,3.239559606205209e-10,4,-2.185525437098379e-06,-1.9940631076550767e-14,-4.478204276591686e-09,-4.472234370127976e-09,3
0.455,0.0,0.0,-9.643988172055568e-13,29.429999999063668,3.6692914022846665e-09,2.4935721389068344e-10,4,-3.2790402413711284e-06,0.0,-9.225166054560922e-12,19.619999999081113,3.601199465997448e-09,3.6709474680592327e-10,6,-3.0746277679544187e-06,0.0,1.2865274212914043e-12,9.809999991940844,2.643561002842748e-09,5.389522946003055e-10,4,-2.185525407136235e-06,-1.253357126060129e-15,-4.480620489599137e-09,-4.474630647082617e-09,3
0.46,0.0,0.0,-9.043558473748777e-13,29.429999999071725,2.831599833507188e-09,1.9242948240547073e-10,4,-3.279040241385006e-06,0.0,-8.876796833959595e-12,19.619999999072846,2.863647501963774e-09,2.919110603566868e-10,6,-3.074650176168592e-06,0.0,1.8862117867290165e-12,9.809999991941748,2.1778077076954805e-09,4.4399749428835933e-10,4,-2.185525377187969e-06,3.446883070992933e-15,-4.482489167256195e-09,-4.476493231835716e-09,3
0.465,0.0,0.0,-8.889221828728431e-13,29.429999999167386,3.968036349853077e-09,2.6965928304215685e-10,4,-3.2790402413711284e-06,0.0,-8.786473801989825e-12,19.619999999192014,3.820415662457146e-09,3.8944094420127194e-10,6,-3.074672595942962e-06,0.0,2.0427121390671606e-12,9.809999991989537,2.7370847141722406e-09,5.58019310174768e-10,4,-2.1855253472119474e-06,-5.996229887258799e-15,-4.485000729769714e-09,-4.47901195129094e-09,3
0.47000000000000003,0.0,0.0,-8.95391753597967e-13,29.429999998521275,3.330112334605711e-09,2.2630732822106927e-10,4,-3.279040241374598e-06,0.0,-8.792026069130123e-12,19.619999998487042,3.597440778141647e-09,3.667115982078549e-10,6,-3.074695025438723e-06,0.0,2.0437162561840022e-12,9.809999991664363,2.934266038872689e-09,5.982193764252719e-10,4,-2.185525317228987e-06,2.1393416219453658e-14,-4.486956173576593e-09,-4.48094022571996e-09,3
0.47500000000000003,0.0,0.0,-8.418334423771309e-13,29.429999999550013,2.986221892121923e-09,2.0293726756150747e-10,4,-3.279040241385006e-06,0.0,-8.306906018171496e-12,19.619999999586206,2.7577863002047226e-09,2.811199082836784e-10,6,-3.0747174649473075e-06,0.0,2.928905188428603e-12,9.809999992179229,1.870031051250089e-09,3.812499597840822e-10,4,-2.185525287266843e-06,-1.502722805876968e-14,-4.488772578380937e-09,-4.482787365050339e-09,3
0.48,0.0,0.0,-8.84396113672764e-13,29.429999998980676,2.2998791603707557e-09,1.5629488008497542e-10,4,-3.279040241385006e-06,0.0,-8.670865934789455e-12,19.61999999895671,2.461869387285686e-09,2.5095508536356734e-10,6,-3.0747399157593502e-06,0.0,2.2704536017476524e-12,9.809999991892013,1.9893851095463008e-09,4.055831011601492e-10,4,-2.1855252572561268e-06,8.759966377639075e-15,-4.490883403673271e-09,-4.484872708503811e-09,3
0.485,0.0,0.0,-9.111981333344737e-13,29.429999998950905,2.823591760257984e-09,1.918852708364687e-10,4,-3.279040241385006e-06,0.0,-8.80858381997763e-12,19.619999998928712,2.946565698477232e-09,3.003634759060265e-10,6,-3.0747623759666554e-06,0.0,2.0412779078287923e-12,9.809999991876225,2.316355600638981e-09,4.722437517955519e-10,4,-2.1855252272454107e-06,8.632068685202257e-15,-4.492926887277823e-09,-4.486914742601182e-09,3
0.49,0.0,0.0,-8.771176862206849e-13,29.429999999486924,2.868811157142054e-09,1.94958284552638e-10,4,-3.279040241385006e-06,0.0,-8.565357154710635e-12,19.619999999499544,2.7185149830842114e-09,2.7711671591779346e-10,6,-3.074784848178247e-06,0.0,2.473758111522736e-12,9.809999992145727,1.9043399760475672e-09,3.8824464374561814e-10,4,-2.1855251972346945e-06,-1.2174398974692877e-14,-4.495236529533051e-09,-4.48924046443852e-09,3
0.495,0.0,0.0,-8.934209300809053e-13,29.429999999448984,2.199275571800621e-09,1.494580748788174e-10,4,-3.279040241391945e-06,0.0,-8.739086253651708e-12,19.619999999461033,2.1211338420049727e-09,2.1622159450185943e-10,6,-3.074807330631646e-06,0.0,2.153525951939805e-12,9.80999999212284,1.5230771823399533e-09,3.1051522600671604e-10,4,-2.1855251672031617e-06,-7.86673363914727e-15,-4.497183223006138e-09,-4.49118554320324e-09,3
0.5,0.0,0.0,-8.914143356806875e-13,29.42999999935751,3.124462384016041e-09,2.1233179640395865e-10,4,-3.279040241385006e-06,0.0,-8.547049130368185e-12,19.61999999939558,2.9480682482935673e-09,3.005166410177764e-10,6,-3.0748298231741966e-06,0.0,2.5382310841884967e-12,9.809999992078378,2.0610179380801935e-09,4.2018714367879215e-10,4,-2.185525137171629e-06,-9.21143576657326e-15,-4.499348438568538e-09,-4.493345392391628e-09,3
0.505,0.0,0.0,-9.742099328114172e-13,29.429999999509445,2.8393767780010758e-09,1.9295798695537914e-10,4,-3.2790402413884756e-06,0.0,-8.552930782784266e-12,19.61999999952976,2.686028019099927e-09,2.7380509879350703e-10,6,-3.0748523267634664e-06,0.0,2.6554082803037853e-12,9.809999992152935,1.8847816208470313e-09,3.8425721148923075e-10,4,-2.1855251070984627e-06,-1.2337823803917702e-14,-4.501517771726091e-09,-4.495518395502411e-09,3
0.51,0.0,0.0,-8.782670124467378e-13,29.429999998797474,3.734702094611193e-09,2.538023849652596e-10,4,-3.2790402413711284e-06,0.0,-8.63031833986066e-12,19.61999999880045,3.7891372603483016e-09,3.8625252401426775e-10,6,-3.074874840566788e-06,0.0,2.3506425376897015e-12,9.809999991797017,2.8936137132313096e-09,5.899314404996755e-10,4,-2.1855250770252965e-06,8.964247414170103e-15,-4.503825248602331e-09,-4.497801903995817e-09,3
0.515,0.0,0.0,-8.423804050332708e-13,29.42999999989615,2.8137889582383716e-09,1.9121909332302416e-10,4,-3.2790402413884756e-06,0.0,-8.360041543824588e-12,19.619999999954114,2.4301089597288485e-09,2.477175290249268e-10,6,-3.074897364695184e-06,0.0,2.833884497614574e-12,9.809999992343446,1.4882474181751244e-09,3.034143566435634e-10,4,-2.185525046986825e-06,-2.7706863178408668e-14,-4.505620514760286e-09,-4.49963073619261e-09,3
0.52,0.0,0.0,-8.695716905486379e-13,29.429999998794912,3.3352175078848366e-09,2.2665426490121684e-10,4,-3.2790402413780673e-06,0.0,-8.518005200315757e-12,19.619999998783467,3.4498035380351944e-09,3.516619305044953e-10,6,-3.0749198989127313e-06,0.0,2.563839323113934e-12,9.809999991790894,2.689403194568188e-09,5.48298307200552e-10,4,-2.1855250168720253e-06,1.1394303570469646e-14,-4.507816782816595e-09,-4.501787133919658e-09,3
0.525,0.0,0.0,-1.050137427909502e-12,29.42999999930562,2.565154429951821e-09,1.7432242133960884e-10,4,-3.2790402413884756e-06,0.0,-8.246751438431069e-12,19.61999999930421,2.6069860688747415e-09,2.6574781538911256e-10,6,-3.0749424442047535e-06,0.0,3.3926984368098767e-12,9.809999992046436,2.0022746205806926e-09,4.082109321516939e-10,4,-2.1855249867780424e-06,-3.4098543290920416e-15,-4.509794328055269e-09,-4.503778486780045e-09,3
0.53,0.0,0.0,-8.716183145533225e-13,29.429999999392493,2.400261997555761e-09,1.6311668349339507e-10,4,-3.279040241391945e-06,0.0,-8.19484425329624e-12,19.61999999938917,2.357370492268188e-09,2.403028024813028e-10,6,-3.0749650006267615e-06,0.0,3.2214522090566497e-12,9.809999992088493,1.7290548938984987e-09,3.525086432809248e-10,4,-2.1855249566701818e-06,-5.605431382590749e-15,-4.512021453206235e-09,-4.506007535725468e-09,3
0.535,0.0,0.0,-8.758525549212333e-13,29.42999999850366,3.4704042580389275e-09,2.3584126797250267e-10,4,-3.279040241374598e-06,0.0,-8.379602221123975e-12,19.61999999850812,3.6596029707142922e-09,3.7304821314908906e-10,6,-3.0749875667215876e-06,0.0,2.8574383036297548e-12,9.809999991645435,2.922195856110233e-09,5.95758584831577e-10,4,-2.1855249265484433e-06,1.9929698183787855e-14,-4.514197079996071e-09,-4.5081543500073695e-09,3
0.54,0.0,0.0,-1.2396463084722116e-12,29.429999998681502,4.7997237139744046e-09,3.2617898159629207e-10,4,-3.27904024136072e-06,0.0,-1.1203489227250058e-11,19.619999998687497,4.815527077370879e-09,4.908794166863425e-10,6,-3.075010144105994e-06,0.0,-2.194704866908366e-12,9.809999991734756,3.63085135458038e-09,7.402347314249726e-10,4,-2.1855248964336438e-06,8.580554336859653e-15,-4.516726111202748e-09,-4.5106948635846575e-09,3
0.545,0.0,0.0,-9.980712160990924e-13,29.429999999114607,3.3860075639816718e-09,2.3010584873146713e-10,4,-3.2790402413815367e-06,0.0,-9.170188754286968e-12,19.619999999129423,3.3047877254322244e-09,3.368794827297517e-10,6,-3.075032732259564e-06,0.0,1.486876298956981e-12,9.809999991948043,2.4140835330862388e-09,4.921678970576343e-10,4,-2.185524866339661e-06,-1.0255542829582802e-18,-4.518513362438644e-09,-4.5124835163661e-09,3
0.55,0.0,0.0,-9.690432348359228e-13,29.429999999147995,2.7690995283799333e-09,1.8818209503636422e-10,4,-3.2790402413884756e-06,0.0,-8.068366862819251e-12,19.61999999914675,2.85793640231733e-09,2.9132888913777964e-10,6,-3.07505533059943e-06,0.0,3.6231505261026203e-12,9.809999991962947,2.2295928499484737e-09,4.5455511758921825e-10,4,-2.185524836190167e-06,2.3881743947103775e-15,-4.520481189229049e-09,-4.514446605612814e-09,3
0.555,0.0,0.0,-7.998295648313176e-13,29.42999999915107,2.9082807004189906e-09,1.9764055049289038e-10,4,-3.2790402413884756e-06,0.0,-8.08041896659949e-12,19.61999999915102,2.9071012960179393e-09,2.963406010340197e-10,6,-3.075077939403148e-06,0.0,3.3360083265916654e-12,9.809999991963542,2.1795451946952346e-09,4.4435172201442233e-10,4,-2.185524806026795e-06,1.4289417014342424e-15,-4.522608479572927e-09,-4.516575604811972e-09,3
0.56,0.0,0.0,-9.005144256320312e-13,29.42999999858487,2.786778381665194e-09,1.893835121847907e-10,4,-3.2790402413780673e-06,0.0,-7.983946906416627e-12,19.619999998526254,3.1099734195843625e-09,3.170207359651342e-10,6,-3.0751005589135794e-06,0.0,3.7052219298396655e-12,9.809999991677364,2.618494417502928e-09,5.338418796583922e-10,4,-2.185524775828729e-06,2.2588904372370027e-14,-4.524790195714008e-09,-4.518727078477863e-09,3
0.5650000000000001,0.0,0.0,-8.622826543918572e-13,29.42999999854139,2.671735820484608e-09,1.815654652135253e-10,4,-3.2790402413815367e-06,0.0,-8.07262736850248e-12,19.61999999848295,3.034978167151332e-09,3.0937595997818566e-10,6,-3.0751231884576513e-06,0.0,3.4607994448812703e-12,9.80999999165651,2.59251501848113e-09,5.28545366092984e-10,4,-2.1855247456237237e-06,2.45375678251921e-14,-4.526778605151112e-09,-4.520715175276163e-09,3
0.5700000000000001,0.0,0.0,-1.235206374941674e-12,29.429999998939163,4.13510861855836e-09,2.8101315791419735e-10,4,-3.279040241367659e-06,0.0,-1.112547472321254e-11,19.619999998956004,4.089047458657157e-09,4.1682440967122715e-10,6,-3.0751458292496703e-06,0.0,-2.0372127931999957e-12,9.809999991857397,3.0345702967405993e-09,6.186687664137383e-10,4,-2.185524715446474e-06,1.2388715196184172e-15,-4.529261223706289e-09,-4.523223700219486e-09,3
0.5750000000000001,0.0,0.0,-9.782384997052878e-13,29.429999999090327,2.8896196961731375e-09,1.9637238846499862e-10,4,-3.279040241385006e-06,0.0,-8.931434961448735e-12,19.619999999065996,2.9068275713838563e-09,2.9631269842224616e-10,6,-3.075168481248003e-06,0.0,1.94163599607315e-12,9.809999991929827,2.2026829605874964e-09,4.490689016105053e-10,4,-2.1855246852692245e-06,4.2373618645260385e-15,-4.5311901305183435e-09,-4.525143917093883e-09,3
0.58,0.0,0.0,-7.849605161574401e-13,29.429999999096975,3.2145711619766872e-09,2.1845539667518332e-10,4,-3.2790402413780673e-06,0.0,-7.847916942741813e-12,19.61999999909748,3.1994225395659347e-09,3.26138892937116e-10,6,-3.0751911444179547e-06,0.0,3.788633599496263e-12,9.809999991932656,2.3884187874184575e-09,4.869355330035873e-10,4,-2.1855246550434027e-06,3.5069309991829064e-16,-4.5335561401288e-09,-4.527510148748943e-09,3
0.585,0.0,0.0,-7.869741609358473e-13,29.430000000106205,2.446223840374543e-09,1.6624015225047334e-10,4,-3.2790402413954145e-06,0.0,-7.761864450268315e-12,19.620000000163305,2.029495421324758e-09,2.0688026720773348e-10,6,-3.075213816712552e-06,0.0,3.96306103649403e-12,9.809999992437369,1.1653613546654982e-09,2.3758641295899844e-10,4,-2.1855246248453364e-06,-3.238933980706773e-14,-4.535204563748626e-09,-4.529190841667114e-09,3
0.59,0.0,0.0,1.008093959039663e-13,29.42999999835748,6.994297025312803e-09,4.753175008972587e-10,4,-3.279040241374598e-06,0.0,-9.872984479985533e-12,19.61999999830058,8.014689833028008e-09,8.169918281062399e-10,6,-3.0752364997901904e-06,0.0,-1.650354597345377e-12,9.809999991554005,6.92078774593278e-09,1.410965902526256e-09,4,-2.1855245945709423e-06,2.849706722021526e-14,-4.537580284701921e-09,-4.531510008747714e-09,3
0.595,0.0,0.0,-1.2075813970675425e-12,29.4299999984302,4.0628015548550664e-09,2.760993241638992e-10,4,-3.279040241367659e-06,0.0,-1.0174189363469679e-11,19.619999998395922,4.270934754153936e-09,4.353654183999099e-10,6,-3.0752591943863927e-06,0.0,-1.606345696811185e-13,9.809999991596966,3.3968455773440633e-09,6.925271315501994e-10,4,-2.185524564317365e-06,2.2159026017235165e-14,-4.5399642817017315e-09,-4.533891291474274e-09,3
0.6,0.0,0.0,-8.307470245038077e-13,29.429999998840334,2.5061281024962315e-09,1.7031111808324727e-10,4,-3.279040241385006e-06,0.0,-9.326433478987011e-12,19.619999998817676,2.6994582090456236e-09,2.751741293790312e-10,6,-3.0752818992382802e-06,0.0,9.136599435517147e-13,9.809999991801408,2.2001957899901007e-09,4.485618331965114e-10,4,-2.185524534091543e-06,1.3220398401373104e-14,-4.5417848236411556e-09,-4.5357234028257925e-09,3
0.605,0.0,0.0,-9.38086822920139e-13,29.429999998896594,3.913754007118123e-09,2.6597037086407474e-10,4,-3.279040241367659e-06,0.0,-9.726079936633943e-12,19.61999999889969,3.91139354954678e-09,3.987149388140811e-10,6,-3.075304615511587e-06,0.0,2.796446523745008e-13,9.80999999182782,2.9342698874203134e-09,5.982201610325576e-10,4,-2.1855245038310267e-06,3.873208712448985e-15,-4.544312330733665e-09,-4.538256475244279e-09,3
0.61,0.0,0.0,-9.487349215236615e-13,29.42999999824078,3.3569733368667997e-09,2.2813274461892406e-10,4,-3.2790402413711284e-06,0.0,-9.800126847429719e-12,19.61999999818473,3.769535296415409e-09,3.8425436256515504e-10,6,-3.075327341652001e-06,0.0,1.5080682311482512e-13,9.809999991498195,3.1912141164131144e-09,6.506043056429704e-10,4,-2.1855244735566326e-06,3.1523979274553285e-14,-4.546305445740038e-09,-4.540217162856547e-09,3
0.615,0.0,0.0,-8.439780588707331e-13,29.430000000093894,1.4979451814763925e-09,1.0179715810204644e-10,4,-3.279040241405823e-06,0.0,-9.699487727422765e-12,19.620000000111325,1.2427358763143471e-09,1.266805174625174e-10,6,-3.0753500790126065e-06,0.0,1.8980595797960544e-13,9.809999992422915,7.109426812569513e-10,1.4494244277391883e-10,4,-2.185524443303055e-06,-2.6790263049278136e-14,-4.547960385036752e-09,-4.541929750261769e-09,3
0.62,0.0,0.0,-9.710907081340158e-13,29.42999999823843,3.958912117278257e-09,2.6903921967483677e-10,4,-3.2790402413641895e-06,0.0,-9.668766306383997e-12,19.619999998206314,4.274718369465901e-09,4.3575110803839975e-10,6,-3.075372827211764e-06,0.0,4.576538172728644e-13,9.80999999149559,3.487983686093406e-09,7.111077857527384e-10,4,-2.185524412959272e-06,2.7939291172643582e-14,-4.5507416749018365e-09,-4.544651633425073e-09,3
0.625,0.0,0.0,-3.7770061631709683e-13,29.429999999866418,2.602312372734794e-09,1.7684759583735003e-10,4,-3.2790402414023534e-06,0.0,-6.973011872103931e-12,19.619999999875866,2.682921432913554e-09,2.734884233364453e-10,6,-3.0753955859788573e-06,0.0,4.888680677344025e-12,9.809999992307368,2.108664312504808e-09,4.299009814797845e-10,4,-2.185524382629367e-06,-1.9571148853955518e-14,-4.552286302438824e-09,-4.546242405383678e-09,3
0.63,0.0,0.0,-8.524761366714645e-13,29.429999999758014,2.8248963706112776e-09,1.9197392936693884e-10,4,-3.279040241391945e-06,0.0,-9.132921933228942e-12,19.619999999792604,2.595399488535913e-09,2.6456671646925055e-10,6,-3.0754183543701963e-06,0.0,1.3434820223744154e-12,9.809999992251829,1.7517960076426954e-09,3.571449559686658e-10,4,-2.1855243522925227e-06,-2.043623463474344e-14,-4.554434981895406e-09,-4.548391987229534e-09,3
0.635,0.0,0.0,-9.818354700334004e-13,29.429999999791473,2.0945162633558463e-09,1.423388558185992e-10,4,-3.2790402413954145e-06,0.0,-9.664813194540186e-12,19.619999999824906,1.8511666670245916e-09,1.887020047952204e-10,6,-3.075441134155199e-06,0.0,4.837736883740671e-13,9.809999992268402,1.1777840873283566e-09,2.401190801746399e-10,4,-2.1855243219626175e-06,-2.043623463474344e-14,-4.556557349954482e-09,-4.550512498995712e-09,3
0.64,0.0,0.0,-8.871805566954559e-13,29.429999999898726,1.98938504456433e-09,1.351943625260738e-10,4,-3.2790402413954145e-06,0.0,-9.510811632820168e-12,19.619999999917226,1.7478368486196213e-09,1.7816889384576914e-10,6,-3.075463924841204e-06,0.0,6.502936788529537e-13,9.809999992320677,1.1000455724126278e-09,2.2427024939322114e-10,4,-2.1855242916118955e-06,-2.334057806716285e-14,-4.558749940952135e-09,-4.552705329801537e-09,3
0.645,0.0,0.0,-9.346865885523831e-13,29.429999999150127,2.153754696019472e-09,1.4636457329810857e-10,4,-3.2790402413884756e-06,0.0,-9.519911227214239e-12,19.619999999148213,2.2232966593317638e-09,2.266357450997234e-10,6,-3.0754867263796393e-06,0.0,7.003866934051234e-13,9.809999991946404,1.7329026646340235e-09,3.53293102152225e-10,4,-2.185524261247296e-06,2.3633053989587783e-15,-4.560963853560929e-09,-4.554890936164096e-09,3
0.65,0.0,0.0,-1.1702674648000203e-12,29.42999999925985,6.341938616995411e-09,4.309846155049207e-10,4,-3.2790402413780673e-06,0.0,-6.356396471424909e-12,19.619999999258667,5.615393270539729e-09,5.72415216182661e-10,6,-3.0755095385831543e-06,0.0,7.485545300741652e-12,9.809999991999785,3.6049616479483436e-09,7.349565037488784e-10,4,-2.185524230889635e-06,-5.500626329066131e-15,-4.563366134601687e-09,-4.557294132028627e-09,3
0.655,0.0,0.0,-6.208524937196044e-13,29.430000000344386,3.148969577960613e-09,2.1399725300195475e-10,4,-3.2790402414023534e-06,0.0,-7.938455837153035e-12,19.620000000400147,2.731273078009746e-09,2.784172352654477e-10,6,-3.075532361611344e-06,0.0,3.3389092689448872e-12,9.809999992541366,1.7144755878801403e-09,3.495363076827058e-10,4,-2.185524200531974e-06,-3.86101414586474e-14,-4.565133838806922e-09,-4.55909177139932e-09,3
0.66,0.0,0.0,-9.925900437009198e-13,29.42999999858143,3.514713643566604e-09,2.38852439261707e-10,4,-3.2790402413711284e-06,0.0,-9.261323930259964e-12,19.61999999854783,3.7340220176061085e-09,3.8063425258740893e-10,6,-3.075555195082569e-06,0.0,1.320582764228536e-12,9.809999991658552,2.9928945969433842e-09,6.10172191536849e-10,4,-2.1855241701049244e-06,1.8130248705475402e-14,-4.567718978020729e-09,-4.561622342707377e-09,3
0.665,0.0,0.0,-9.824928285661798e-13,29.42999999907399,2.7831554648457776e-09,1.8913730648544678e-10,4,-3.2790402413815367e-06,0.0,-9.264314401533093e-12,19.619999999050346,2.8623092603101508e-09,2.917746442863092e-10,6,-3.075578039447857e-06,0.0,1.3012753297060777e-12,9.80999999190416,2.2121918309244906e-09,4.510075092253074e-10,4,-2.185524139712569e-06,3.818141650427585e-15,-4.569742198722814e-09,-4.563656468464101e-09,3
0.67,0.0,0.0,-9.551609510480127e-13,29.42999999984892,2.3181738183197014e-09,1.5753814599603138e-10,4,-3.279040241391945e-06,0.0,-9.381594001176939e-12,19.61999999986634,2.071543166990289e-09,2.1116647981696242e-10,6,-3.075600895616204e-06,0.0,1.0210916543542757e-12,9.8099999922905,1.3331942664845728e-09,2.7180311264674943e-10,4,-2.185524109306336e-06,-2.279523651746697e-14,-4.571944202635358e-09,-4.5658830731425135e-09,3
0.675,0.0,0.0,-9.382362076045071e-13,29.429999999018634,2.8005251919000917e-09,1.9031771607159206e-10,4,-3.279040241385006e-06,0.0,-9.203641500265766e-12,19.61999999901965,2.8538073612642073e-09,2.909079879109891e-10,6,-3.0756237616239024e-06,0.0,1.3521774265584726e-12,9.809999991875397,2.190272622157073e-09,4.465387612581138e-10,4,-2.1855240788723473e-06,4.8679685425131306e-15,-4.574070496443049e-09,-4.567976868501828e-09,3
0.68,0.0,0.0,-8.390372459471561e-13,29.430000000150734,2.3155936374094957e-09,1.573628024055478e-10,4,-3.279040241398884e-06,0.0,-9.295431974970335e-12,19.620000000207767,1.8959894297197334e-09,1.932710937512391e-10,6,-3.075646638331375e-06,0.0,1.0130280610548907e-12,9.809999992440744,1.0674716048814547e-09,2.1762927741162334e-10,4,-2.1855240484452976e-06,-3.357239346210829e-14,-4.575986176502077e-09,-4.569933417202661e-09,3
0.685,0.0,0.0,-9.267934171568985e-13,29.429999999611255,2.125835043362337e-09,1.4446721327831583e-10,4,-3.2790402413954145e-06,0.0,-9.059518289425634e-12,19.619999999607593,2.0226777843287337e-09,2.0618529912020265e-10,6,-3.0756695263908784e-06,0.0,1.6254853082950527e-12,9.80999999216967,1.4201426604305009e-09,2.8952959461040914e-10,4,-2.1855240180251867e-06,-1.2185057115729272e-14,-4.5782661589271575e-09,-4.5721934031788005e-09,3
0.6900000000000001,0.0,0.0,-9.048660808411012e-13,29.429999999476404,2.2598901062786753e-09,1.5357730929791922e-10,4,-3.2790402413954145e-06,0.0,-9.301721442468916e-12,19.619999999497256,2.1446575499940083e-09,2.1861952599887492e-10,6,-3.07569242468525e-06,0.0,1.1006795667443226e-12,9.80999999210213,1.5110846907499467e-09,3.0807027359153846e-10,4,-2.185523987584259e-06,-9.030247368954428e-15,-4.5803341189526005e-09,-4.574252477867332e-09,3
0.6950000000000001,0.0,0.0,-9.188068749351885e-13,29.430000000082174,8.583927689231499e-10,5.833454087127102e-11,4,-3.2790402414127617e-06,0.0,-8.997381967371173e-12,19.62000000008888,6.792171206850937e-10,6.923721923364086e-11,6,-3.0757153347896193e-06,0.0,1.7397220764651943e-12,9.809999992403048,3.527961567672116e-10,7.192582202658921e-11,4,-2.1855239571502705e-06,-2.3482686614314863e-14,-4.582321913770237e-09,-4.576250515158505e-09,3
0.7000000000000001,0.0,0.0,-5.420813339283503e-13,29.429999998225608,3.6453254919360996e-09,2.4772854177070226e-10,4,-3.279040241367659e-06,0.0,-5.841357489413819e-12,19.61999999816935,4.051837608259023e-09,4.130313566398655e-10,6,-3.075738254539051e-06,0.0,7.441344247593545e-12,9.80999999147354,3.4006882461524935e-09,6.933105502769085e-10,4,-2.1855239265983206e-06,3.1115417201491233e-14,-4.585041107529286e-09,-4.578904900314625e-09,3
0.705,0.0,0.0,-8.331729706769645e-13,29.42999999830142,3.865317922535872e-09,2.626787579177005e-10,4,-3.2790402413641895e-06,0.0,-8.24872350317046e-12,19.619999998245408,4.175560596651248e-09,4.256432820616374e-10,6,-3.0757611859319467e-06,0.0,3.094953029443113e-12,9.809999991510871,3.410283988813144e-09,6.952668688612128e-10,4,-2.1855238960810652e-06,2.746500389652372e-14,-4.587332682459099e-09,-4.581203049541101e-09,3
0.71,0.0,0.0,-9.720392758965066e-13,29.42999999939255,2.1418797381713565e-09,1.4555757650122772e-10,4,-3.279040241391945e-06,0.0,-8.917557705254665e-12,19.619999999388966,2.117101959393734e-09,2.1581059729456347e-10,6,-3.0757841277678777e-06,0.0,1.99159985553258e-12,9.809999992054788,1.5643405378539812e-09,3.1892773478510814e-10,4,-2.1855238655985043e-06,-5.5983259552331466e-15,-4.5890932084063476e-09,-4.583000925167253e-09,3
0.715,0.0,0.0,-9.622897602749603e-13,29.42999999937686,1.865753386454992e-09,1.2679261885793385e-10,4,-3.2790402413954145e-06,0.0,-9.414975112833395e-12,19.6199999993739,1.8677222474295273e-09,1.903896276747328e-10,6,-3.075807080622772e-06,0.0,9.774672668115892e-13,9.809999992046372,1.4039318691801298e-09,2.8622464226674657e-10,4,-2.1855238350951267e-06,-3.5661737309592614e-15,-4.59116028025337e-09,-4.585061817068832e-09,3
0.72,0.0,0.0,-9.371063014438205e-13,29.429999998751427,3.631557571142067e-09,2.4679290324812343e-10,4,-3.2790402413711284e-06,0.0,-9.036968528710174e-12,19.61999999873065,3.75130453035347e-09,3.8239597661530755e-10,6,-3.075830044441119e-06,0.0,1.6983647435698703e-12,9.809999991732072,2.9175654802243124e-09,5.948145734318562e-10,4,-2.185523804543177e-06,1.1364105504199841e-14,-4.593782991190687e-09,-4.587667466098706e-09,3
0.725,0.0,0.0,-8.934334202955728e-13,29.42999999880443,2.864386476577e-09,1.9465759270766995e-10,4,-3.2790402413780673e-06,0.0,-8.838301419292909e-12,19.619999998767497,3.0654660211284628e-09,3.124837942223274e-10,6,-3.075853018903729e-06,0.0,2.0245959742285274e-12,9.809999991759675,2.4728053140452427e-09,5.0413971786389e-10,4,-2.1855237740259215e-06,1.3238161969767106e-14,-4.595819296537252e-09,-4.589699295026035e-09,3
0.73,0.0,0.0,-8.96285242420991e-13,29.429999999967343,1.0551092391780708e-09,7.170297242128723e-11,4,-3.2790402414092923e-06,0.0,-8.825634587450013e-12,19.619999999960903,9.132203925498e-10,9.309076376672985e-11,6,-3.075876004322853e-06,0.0,2.056112821877527e-12,9.809999992336856,5.508879189035233e-10,1.1231150241261017e-10,4,-2.185523743515605e-06,-1.9793193458880552e-14,-4.597522499449292e-09,-4.5914325840938646e-09,3
0.735,0.0,0.0,-9.019321420506071e-13,29.42999999914467,3.885319772236179e-09,2.640380409343594e-10,4,-3.2790402413711284e-06,0.0,-8.836151744266755e-12,19.619999999184554,3.7208049250459145e-09,3.792869444648887e-10,6,-3.075899001205029e-06,0.0,2.0458561312801557e-12,9.809999991927441,2.65222554244975e-09,5.407187654703857e-10,4,-2.185523712915083e-06,-6.159654716483631e-15,-4.600367997508694e-09,-4.594259503237082e-09,3
0.74,0.0,0.0,-9.037798122821777e-13,29.429999999222435,2.3775601618440963e-09,1.615739151822571e-10,4,-3.279040241385006e-06,0.0,-8.840101864685316e-12,19.61999999922196,2.391974270703614e-09,2.4383020089688773e-10,6,-3.0759220084747296e-06,0.0,2.0426061544074806e-12,9.809999991964396,1.8071547624462957e-09,3.6843114453141265e-10,4,-2.185523682363133e-06,-1.2533571260601394e-15,-4.602215270065836e-09,-4.5961012690880226e-09,3
0.745,0.0,0.0,-8.746795661647388e-13,29.42999999851202,3.364788270997528e-09,2.2866383086426445e-10,4,-3.2790402413711284e-06,0.0,-8.314119627651278e-12,19.61999999849168,3.5945832940930962e-09,3.664203154301158e-10,6,-3.0759450267009436e-06,0.0,3.052404442346368e-12,9.809999991608866,2.9043509559677207e-09,5.921204808260963e-10,4,-2.185523651762611e-06,2.011976836560367e-14,-4.604605514512652e-09,-4.598467395938029e-09,3
0.75,0.0,0.0,-8.749817343098094e-13,29.429999998570537,3.178595563511904e-09,2.1601057177480758e-10,4,-3.2790402413711284e-06,0.0,-8.645856819643727e-12,19.619999998536542,3.432538974922866e-09,3.4990203620580017e-10,6,-3.0759680556408098e-06,0.0,2.385896690032908e-12,9.809999991638422,2.7979901675996214e-09,5.704363241558604e-10,4,-2.1855236211759665e-06,1.925645894165515e-14,-4.606725143429482e-09,-4.600586088714804e-09,3
0.755,0.0,0.0,-9.14176150932786e-13,29.42999999976032,2.975904960382796e-09,2.022361508941238e-10,4,-3.279040241385006e-06,0.0,-8.838941759230135e-12,19.61999999979508,2.6654767144727697e-09,2.7171016457702434e-10,6,-3.0759910960020953e-06,0.0,2.066522320078481e-12,9.809999992230392,1.7236810195163196e-09,3.514130521674802e-10,4,-2.1855235905893222e-06,-2.2967543130888804e-14,-4.608913121228422e-09,-4.602815190950933e-09,3
0.76,0.0,0.0,-8.795556531568546e-13,29.429999999684334,3.5089137383202085e-09,2.38458290068491e-10,4,-3.2790402413780673e-06,0.0,-8.637314879619664e-12,19.6199999997458,3.1286914324125627e-09,3.189287902602547e-10,6,-3.076014147090911e-06,0.0,2.414381874876779e-12,9.809999992190212,2.01494774784841e-09,4.1079464820642595e-10,4,-2.1855235599679834e-06,-2.393388125152254e-14,-4.611174963497459e-09,-4.605077900082107e-09,3
0.765,0.0,0.0,-9.033275271963506e-13,29.430000000216097,1.1078740498101888e-09,7.528875635759796e-11,4,-3.2790402414092923e-06,0.0,-8.804579060800576e-12,19.62000000024683,7.988104999601523e-10,8.142818551988816e-11,6,-3.076037208997462e-06,0.0,2.1203302114356765e-12,9.809999992455325,3.2505421568469957e-10,6.62699726676233e-11,4,-2.185523529381339e-06,-3.068936631176169e-14,-4.61281459415093e-09,-4.606718807936147e-09,3
0.77,0.0,0.0,-8.781603017969372e-13,29.429999999094406,2.6293311799656045e-09,1.786837363266403e-10,4,-3.279040241385006e-06,0.0,-8.632741337280412e-12,19.61999999907929,2.6989031752572003e-09,2.7511755100752824e-10,6,-3.0760602816523597e-06,0.0,2.424368764361887e-12,9.80999999189598,2.083595318937808e-09,4.247900755675966e-10,4,-2.185523498725306e-06,3.665374962239149e-15,-4.61532171044328e-09,-4.609188684683716e-09,3
0.775,0.0,0.0,-8.745389402843089e-13,29.429999998529105,2.887604258585575e-09,1.962354236309817e-10,4,-3.279040241374598e-06,0.0,-8.556114811730446e-12,19.61999999846912,3.2306482316465907e-09,3.2932194005083254e-10,6,-3.076083366103377e-06,0.0,2.5735371788173524e-12,9.809999991610788,2.7204696777603403e-09,5.546319429330892e-10,4,-2.1855234680553948e-06,2.3297670751290716e-14,-4.617774660286526e-09,-4.61162327410267e-09,3
0.78,0.0,0.0,-8.732368836775603e-13,29.429999999684938,2.362266633407418e-09,1.6053459962165866e-10,4,-3.2790402413884756e-06,0.0,-8.25824366641363e-12,19.619999999682896,2.2037362011421206e-09,2.2464181459508034e-10,6,-3.076106461046002e-06,0.0,3.1722599288751396e-12,9.809999992189578,1.50582334260269e-09,3.069976236088849e-10,4,-2.185523437420178e-06,-1.6681016276251325e-14,-4.619758708767588e-09,-4.613643045119773e-09,3
0.785,0.0,0.0,-8.687995452277484e-13,29.42999999886049,2.7930733996145996e-09,1.8981130817008123e-10,4,-3.2790402413815367e-06,0.0,-8.393953695271428e-12,19.619999998838622,2.9478765807744293e-09,3.004971030528975e-10,6,-3.0761295662304344e-06,0.0,2.8923423517511397e-12,9.809999991774434,2.346813930654728e-09,4.784534011462799e-10,4,-2.1855234067433282e-06,1.100528142264098e-14,-4.6219159094079276e-09,-4.615770273291162e-09,3
0.79,0.0,0.0,-8.741509260669036e-13,29.429999999004448,3.844932001583673e-09,2.6129337422451505e-10,4,-3.2790402413641895e-06,0.0,-8.5002137175592e-12,19.6199999990054,3.8097556252053874e-09,3.8835429412828906e-10,6,-3.0761526841824316e-06,0.0,2.689051779316018e-12,9.809999991846793,2.8253759553372476e-09,5.760195632386241e-10,4,-2.1855233760526005e-06,-5.179453945484446e-16,-4.624619943737708e-09,-4.618483253353986e-09,3
0.795,0.0,0.0,-8.514229840772331e-13,29.429999998941167,2.8820034165540463e-09,1.9585480235526572e-10,4,-3.2790402413815367e-06,0.0,-8.2910439239561e-12,19.619999998927526,2.9830572097656283e-09,3.040833037643924e-10,6,-3.0761758117101023e-06,0.0,3.072567245562719e-12,9.809999991811589,2.326297519257251e-09,4.742706465237539e-10,4,-2.1855233453826894e-06,7.640861568816905e-15,-4.626458698663806e-09,-4.620312645103184e-09,3
0.8,0.0,0.0,-8.871492828395546e-13,29.429999998218765,3.6068744751910417e-09,2.4511549272234766e-10,4,-3.279040241367659e-06,0.0,-8.268797703591898e-12,19.61999999818463,3.957369526753098e-09,4.034015827848379e-10,6,-3.0761989504787812e-06,0.0,3.1808669800719567e-12,9.80999999145174,3.28271926183238e-09,6.692597889282127e-10,4,-2.185523314671145e-06,2.936570571468197e-14,-4.6288175460034845e-09,-4.622644509582472e-09,3
0.805,0.0,0.0,-1.056938478176329e-12,29.42999999934597,3.9653866152358275e-09,2.69479212730136e-10,4,-3.279040241374598e-06,0.0,-1.1590667306682651e-11,19.61999999938496,3.613531006063892e-09,3.683517845236664e-10,6,-3.0762221002803014e-06,0.0,-3.21090498261151e-12,9.809999992016255,2.417712771752011e-09,4.929078030009452e-10,4,-2.1855232839804173e-06,-1.2247229605108299e-14,-4.63092073829048e-09,-4.6247914943946285e-09,3
0.81,0.0,0.0,-1.13515993842089e-12,29.429999999416975,3.545459444179814e-09,2.409418582568842e-10,4,-3.2790402413815367e-06,0.0,-9.553175790116665e-12,19.619999999438786,3.4343469604769345e-09,3.5008633645006844e-10,6,-3.0762452612118074e-06,0.0,1.0164963001084158e-12,9.80999999204776,2.4802234106256158e-09,5.056520718932006e-10,4,-2.1855232532827507e-06,-1.0801275137836495e-14,-4.6330330841442685e-09,-4.6268982944623655e-09,3
0.8150000000000001,0.0,0.0,-8.109402179080253e-13,29.42999999874845,3.5355616127606906e-09,2.4026922275983996e-10,4,-3.2790402413711284e-06,0.0,-8.395924137596596e-12,19.619999998750195,3.620597816936558e-09,3.690721526164314e-10,6,-3.076268433870044e-06,0.0,2.8024600286580602e-12,9.80999999171317,2.796281079676199e-09,5.700878862463424e-10,4,-2.1855232225434507e-06,1.031250225527488e-14,-4.6355212147347185e-09,-4.629363232937921e-09,3
0.8200000000000001,0.0,0.0,-8.131157720744752e-13,29.4299999999483,1.7127636883162845e-09,1.1639576543114463e-10,4,-3.2790402414023534e-06,0.0,-7.994878765266198e-12,19.619999999965973,1.4810263101052878e-09,1.5097108156043388e-10,6,-3.076291616645188e-06,0.0,3.612545762067601e-12,9.80999999231219,9.065849681663969e-10,1.848287398321837e-10,4,-2.1855231918319062e-06,-2.2971095844567612e-14,-4.637170414622484e-09,-4.631040231033867e-09,3
0.8250000000000001,0.0,0.0,-8.906491885726366e-13,29.430000000014047,1.9788507485998817e-09,1.344784742506923e-10,4,-3.2790402413954145e-06,0.0,-7.895846141486823e-12,19.620000000032665,1.6752035358649734e-09,1.7076488642835722e-10,6,-3.0763148111748184e-06,0.0,3.9461587569234015e-12,9.809999992341893,9.866890521502288e-10,2.0115984769021013e-10,4,-2.185523161037095e-06,-2.7214812333894813e-14,-4.639494601687513e-09,-4.6333618708031875e-09,3
0.8300000000000001,0.0,0.0,-9.312684530963227e-13,29.429999998461206,3.830841940968688e-09,2.6033584377634996e-10,4,-3.279040241367659e-06,0.0,-8.113935064429242e-12,19.61999999844233,4.036915515822661e-09,4.115102462939e-10,6,-3.0763380151274666e-06,0.0,3.5608524521157458e-12,9.809999991567178,3.214337214391899e-09,6.553184948328218e-10,4,-2.185523130228406e-06,2.0565633932293127e-14,-4.641926176628909e-09,-4.635749599928718e-09,3
0.835,0.0,0.0,-1.2346073637132316e-12,29.42999999923229,3.579392284819743e-09,2.432478616998379e-10,4,-3.279040241367659e-06,0.0,-1.1133756835261884e-11,19.619999999256446,3.453696290926337e-09,3.5205874526577206e-10,6,-3.0763612312786903e-06,0.0,-1.974548060840715e-12,9.809999991952344,2.487848301518844e-09,5.072065858429676e-10,4,-2.1855230994613506e-06,-8.507998458170771e-15,-4.64419202813533e-09,-4.6380465287980455e-09,3
0.84,0.0,0.0,-9.821142732908368e-13,29.429999998576818,3.899055310805362e-09,2.649714788307111e-10,4,-3.2790402413641895e-06,0.0,-8.959590095963727e-12,19.6199999985794,3.980857258077236e-09,4.057958469281828e-10,6,-3.0763844596146117e-06,0.0,1.971937583580975e-12,9.809999991624645,3.074179340369028e-09,6.26744004687794e-10,4,-2.1855230686734783e-06,1.3975350058118201e-14,-4.646655787109944e-09,-4.640484020784075e-09,3
0.845,0.0,0.0,-7.886119742257557e-13,29.429999998681303,2.420265670069956e-09,1.644760903960858e-10,4,-3.2790402413815367e-06,0.0,-7.875060173786675e-12,19.619999998642452,2.7011094971642688e-09,2.753424564068465e-10,6,-3.0764076984698963e-06,0.0,3.820613139542816e-12,9.80999999167368,2.277997762897177e-09,4.644236013925886e-10,4,-2.185523037892545e-06,1.82226192611242e-14,-4.648597961531232e-09,-4.642418055938325e-09,3
0.85,0.0,0.0,-7.897590953486189e-13,29.429999999881012,2.5725519795376043e-09,1.748251430205916e-10,4,-3.279040241385006e-06,0.0,-7.787365261087662e-12,19.61999999990182,2.296955780234457e-09,2.341443201066209e-10,6,-3.0764309483857777e-06,0.0,3.996891385012859e-12,9.809999992278305,1.478270135045681e-09,3.01380252030431e-10,4,-2.185523007090795e-06,-2.5454442706049156e-14,-4.650736371868926e-09,-4.644586518681028e-09,3
0.855,0.0,0.0,1.1122319432519633e-13,29.42999999906484,7.011517548955604e-09,4.76487770926157e-10,4,-3.2790402413780673e-06,0.0,-9.928508309706076e-12,19.61999999906445,7.897793004153338e-09,8.050757395035609e-10,6,-3.0764542088557167e-06,0.0,-1.6971228290295752e-12,9.80999999185722,6.732343753112414e-09,1.3725471475434433e-09,4,-2.1855229762404726e-06,2.0684301636183254e-15,-4.653016350741293e-09,-4.646855059591705e-09,3
0.86,0.0,0.0,-1.196745953086593e-12,29.429999999206075,2.2730117874968192e-09,1.5446903075488534e-10,4,-3.2790402413954145e-06,0.0,-1.0475291265681346e-11,19.619999999164875,2.3719870474437477e-09,2.417927673338136e-10,6,-3.076477480427886e-06,0.0,-7.054909168989459e-13,9.809999991932692,1.8648833591028134e-09,3.802004812714395e-10,4,-2.185522945424845e-06,4.493157249399667e-15,-4.654970215366939e-09,-4.648802133205155e-09,3
0.865,0.0,0.0,-8.876242417334131e-13,29.429999999547505,3.1737727871873304e-09,2.1568282617982523e-10,4,-3.2790402413815367e-06,0.0,-1.0006557131624736e-11,19.61999999958501,2.9199560414425906e-09,2.9765097263041303e-10,6,-3.076500763470047e-06,0.0,-2.75537289041245e-13,9.80999999210286,1.968514625838955e-09,4.013281605348884e-10,4,-2.185522914595339e-06,-1.667923991941192e-14,-4.65746167840282e-09,-4.6513142819164304e-09,3
0.87,0.0,0.0,-8.462481731494829e-13,29.429999998852953,3.737076544640804e-09,2.539637475220155e-10,4,-3.279040241367659e-06,0.0,-9.87194189018317e-12,19.619999998871258,3.737574230687619e-09,3.8099635381270566e-10,6,-3.076524057961383e-06,0.0,-7.49602274819482e-14,9.809999991754767,2.8101275519664876e-09,5.729108163768358e-10,4,-2.185522883731139e-06,4.264007217117035e-15,-4.659915670967531e-09,-4.653742874354694e-09,3
0.875,0.0,0.0,-8.595732266150506e-13,29.429999999039794,3.266827002255801e-09,2.2200659207355674e-10,4,-3.279040241374598e-06,0.0,-9.662129122604337e-12,19.619999999017615,3.310874527272663e-09,3.374999518285872e-10,6,-3.0765473633884155e-06,0.0,3.7236778383093527e-13,9.80999999184586,2.5169538106147026e-09,5.1314043072514e-10,4,-2.185522852880817e-06,2.9956884337852546e-15,-4.662090951367783e-09,-4.655912726208445e-09,3
0.88,0.0,0.0,-8.813219516543021e-13,29.430000000056292,1.0539165829209384e-09,7.16219220468177e-11,4,-3.279040241405823e-06,0.0,-9.78934458023569e-12,19.62000000008784,8.164658936595431e-10,8.322791984259814e-11,6,-3.0765706797025727e-06,0.0,1.5495783317009435e-13,9.809999992354967,4.176006554631723e-10,8.513774837688332e-11,4,-2.1855228220304945e-06,-2.569069816568939e-14,-4.663676799265228e-09,-4.65752423713315e-09,3
0.885,0.0,0.0,-5.907965254255717e-13,29.429999999015084,3.0638004236106305e-09,2.0820933902230137e-10,4,-3.279040241374598e-06,0.0,-6.422890759816904e-12,19.619999999000274,3.1236428837542256e-09,3.184141573815891e-10,6,-3.0765940075630493e-06,0.0,6.4138146890221925e-12,9.80999999183286,2.4016392575522688e-09,4.896308378290949e-10,4,-2.1855227910830277e-06,3.2816818849286934e-15,-4.666450747447494e-09,-4.660260405758156e-09,3
0.89,0.0,0.0,-8.790643344838094e-13,29.43000000005768,2.6201937172546143e-09,1.7806277385317559e-10,4,-3.279040241391945e-06,0.0,-8.864350799274424e-12,19.62000000011475,2.210059357820503e-09,2.252863769426684e-10,6,-3.0766173458735002e-06,0.0,1.993929363306374e-12,9.809999992352529,1.3004264681671878e-09,2.6512262368622767e-10,4,-2.1855227601771943e-06,-3.193281609934187e-14,-4.668356362668671e-09,-4.6622054436666684e-09,3
0.895,0.0,0.0,-9.008534843886788e-13,29.429999998718632,3.3720132509137827e-09,2.2915482508057074e-10,4,-3.2790402413711284e-06,0.0,-9.693521841314285e-12,19.61999999869704,3.5368585938670837e-09,3.605360442509649e-10,6,-3.0766406949600533e-06,0.0,3.806074354064948e-13,9.809999991684002,2.798713194543449e-09,5.705837302580908e-10,4,-2.185522729250544e-06,1.3087171638418074e-14,-4.6708224504471e-09,-4.664623701260841e-09,3
0.9,0.0,0.0,-9.863590825241244e-13,29.42999999887563,3.089532085934704e-09,2.0995800788669653e-10,4,-3.2790402413711284e-06,0.0,-9.52435745507802e-12,19.619999998853103,3.2147724962181385e-09,3.2770361839001625e-10,6,-3.0766640571888715e-06,0.0,8.577880326721577e-13,9.809999991761508,2.5196117782780645e-09,5.136823201618855e-10,4,-2.1855226983030773e-06,7.351315403994667e-15,-4.673321192993308e-09,-4.667128369733466e-09,3
0.905,0.0,0.0,-9.695029531071642e-13,29.42999999870542,3.3739185883451292e-09,2.2928430774675792e-10,4,-3.2790402413711284e-06,0.0,-9.456396246098132e-12,19.61999999870751,3.485905761198923e-09,3.5534207557885435e-10,6,-3.0766874292362245e-06,0.0,9.682441682749597e-13,9.809999991667459,2.719709253101333e-09,5.544769124182332e-10,4,-2.185522667376427e-06,1.2252283923899957e-14,-4.6754177630220054e-09,-4.66923120852545e-09,3
0.91,0.0,0.0,-2.0061938449918973e-12,29.429999998121005,7.656588107637962e-09,5.20325389611064e-10,4,-3.279040241367659e-06,0.0,-7.466662071675097e-12,19.619999998065623,8.792839087508123e-09,8.963138724133566e-10,6,-3.076710812240091e-06,0.0,6.577407254229228e-12,9.809999991387437,7.60858152726501e-09,1.551188895809351e-09,4,-2.1855226364358993e-06,3.465569638241592e-14,-4.677661358553587e-09,-4.671430304541848e-09,3
0.915,0.0,0.0,-5.864924388728939e-13,29.429999998172182,4.036042692265537e-09,2.742808489647438e-10,4,-3.2790402413641895e-06,0.0,-7.0706518252058914e-12,19.61999999811343,4.384996085757759e-09,4.469924654617126e-10,6,-3.0767342067486436e-06,0.0,5.108173265067623e-12,9.809999991404913,3.6041045340692986e-09,7.347817609025596e-10,4,-2.185522605446799e-06,3.1833065364608916e-14,-4.680014454049819e-09,-4.673791924774552e-09,3
0.92,0.0,0.0,-9.562294359752762e-13,29.42999999924816,2.4398939396465405e-09,1.6580998570906365e-10,4,-3.2790402413884756e-06,0.0,-9.317323456656348e-12,19.61999999924663,2.411603122698605e-09,2.4583110324069373e-10,6,-3.076757612123504e-06,0.0,1.223165344907524e-12,9.809999991942899,1.78892978202175e-09,3.647155521898114e-10,4,-2.18552257451321e-06,-1.8857401608866395e-15,-4.6818077271354e-09,-4.675614934073627e-09,3
0.925,0.0,0.0,-9.984731945385678e-13,29.429999998585508,3.798089311374718e-09,2.5811004495802006e-10,4,-3.2790402413641895e-06,0.0,-9.425443289452138e-12,19.619999998565252,3.963068952478785e-09,4.0398256399272085e-10,6,-3.0767810287463115e-06,0.0,1.083451095995733e-12,9.809999991610416,3.118554169698181e-09,6.357908608287852e-10,4,-2.1855225435032932e-06,1.5714403403891043e-14,-4.684417923638783e-09,-4.678202954538227e-09,3
0.93,0.0,0.0,-8.505856967130315e-13,29.429999998618236,4.10463419409669e-09,2.789421810594228e-10,4,-3.27904024136072e-06,0.0,-9.423257589285747e-12,19.619999998621385,4.192267212747437e-09,4.2734630102365037e-10,6,-3.0768044576509612e-06,0.0,8.515333660586215e-13,9.809999991624105,3.2275767705301955e-09,6.580176907820467e-10,4,-2.1855225124933764e-06,1.1207786102332608e-14,-4.6869156376743815e-09,-4.680704706232922e-09,3
0.935,0.0,0.0,-8.502717100686698e-13,29.429999999047812,3.1226080418523082e-09,2.1220577926967978e-10,4,-3.279040241374598e-06,0.0,-9.297662097322847e-12,19.619999999063687,3.111429066562269e-09,3.171691199501278e-10,6,-3.0768278972345686e-06,0.0,1.1060744577936946e-12,9.809999991839884,2.331845761865267e-09,4.754017867084473e-10,4,-2.1855224814973373e-06,6.114693509603825e-17,-4.688863441370493e-09,-4.682663654791844e-09,3
0.9400000000000001,0.0,0.0,-8.358566967805893e-13,29.429999998640678,3.5444319022324535e-09,2.4087202870514203e-10,4,-3.279040241367659e-06,0.0,-9.226598453614556e-12,19.619999998629616,3.700710071811479e-09,3.7723853945667277e-10,6,-3.076851348059184e-06,0.0,1.2258492606712536e-12,9.809999991635443,2.9178748003845975e-09,5.948776356518942e-10,4,-2.1855224504804815e-06,1.3803043444696376e-14,-4.691185658455786e-09,-4.684966184514287e-09,3
0.9450000000000001,0.0,0.0,-9.389840389906057e-13,29.42999999915269,2.843226156541136e-09,1.9321958250920792e-10,4,-3.2790402413780673e-06,0.0,-9.324418642226715e-12,19.619999999152533,2.8415646050806352e-09,2.8966000053041526e-10,6,-3.0768748103884858e-06,0.0,1.1927179063904095e-12,9.80999999189201,2.129981770470523e-09,4.3424704836512913e-10,4,-2.1855224194983203e-06,-1.079274155798923e-15,-4.693314263303725e-09,-4.687111872585952e-09,3
0.9500000000000001,0.0,0.0,-8.934112800794115e-13,29.429999998530423,2.7904174123283676e-09,1.8963081294377888e-10,4,-3.279040241374598e-06,0.0,-9.22610432517791e-12,19.619999998469684,3.13401323866929e-09,3.194712781767315e-10,6,-3.076898283611851e-06,0.0,1.3128604987257816e-12,9.809999991577087,2.6500664214143704e-09,5.40278577714522e-10,4,-2.185522388453709e-06,2.3302999821808917e-14,-4.695568621781397e-09,-4.68933857496399e-09,3
0.9550000000000001,0.0,0.0,-9.314977332276692e-13,29.429999999522376,3.0795738481038253e-09,2.0928126728873966e-10,4,-3.2790402413815367e-06,0.0,-9.267898730318646e-12,19.619999999559866,2.8419414930659355e-09,2.896984192792751e-10,6,-3.076921767618257e-06,0.0,1.2966491346941384e-12,9.809999992071866,1.9245151319294123e-09,3.923578253791529e-10,4,-2.1855223574229754e-06,-1.6009553390958027e-14,-4.697672691588672e-09,-4.691478575141054e-09,3
0.96,0.0,0.0,-9.125938419693197e-13,29.429999998991285,2.864962468945002e-09,1.9469673591866794e-10,4,-3.2790402413780673e-06,0.0,-8.974314935343368e-12,19.619999998968147,2.9614596681516527e-09,3.0188171950126417e-10,6,-3.076945263739972e-06,0.0,1.8565310382026513e-12,9.809999991804641,2.3024656547185224e-09,4.694119585406773e-10,4,-2.1855223263506085e-06,5.148632923138358e-15,-4.700085335895233e-09,-4.693868862220432e-09,3
0.965,0.0,0.0,-5.417673329455717e-13,29.429999999693017,2.5539926063729843e-09,1.7356388762484709e-10,4,-3.279040241385006e-06,0.0,-5.830901618119594e-12,19.619999999712974,2.3726891883297386e-09,2.418643413215545e-10,6,-3.0769687709292226e-06,0.0,7.542886780853192e-12,9.809999992154804,1.6411124395837456e-09,3.345794986536527e-10,4,-2.185522295250486e-06,-1.8817973554049822e-14,-4.702226222474359e-09,-4.696026945710123e-09,3
0.97,0.0,0.0,-8.206697751888562e-13,29.429999998982524,2.596545797002693e-09,1.764557116610576e-10,4,-3.2790402413884756e-06,0.0,-8.330096685205638e-12,19.619999998942784,2.686902297193876e-09,2.738942199121976e-10,6,-3.076992288721103e-06,0.0,2.9905282475961045e-12,9.809999991799067,2.107311967692218e-09,4.2962527409865074e-10,4,-2.1855222641573024e-06,1.0307173184756685e-14,-4.7042613323327705e-09,-4.6980330743067e-09,3
0.975,0.0,0.0,-9.893799933215265e-13,29.429999998980104,3.162190560989535e-09,2.148957228066001e-10,4,-3.279040241374598e-06,0.0,-9.01648169320693e-12,19.61999999896569,3.2226536606157057e-09,3.2850699906071306e-10,6,-3.0770158179135865e-06,0.0,1.903531821890601e-12,9.809999991799105,2.4682496448379135e-09,5.032109371868101e-10,4,-2.185522233043302e-06,4.184071159344022e-15,-4.7067615012935215e-09,-4.700536369655488e-09,3
0.98,0.0,0.0,-9.38246242981618e-13,29.43000000017669,1.0799828345577354e-09,7.339332888557605e-11,4,-3.279040241405823e-06,0.0,-8.938321727275718e-12,19.62000000019301,8.119413310530483e-10,8.276670041234056e-11,6,-3.0770393586940226e-06,0.0,1.97675523558199e-12,9.809999992395607,3.6636658586981297e-10,7.469247424134728e-11,4,-2.185522201977874e-06,-2.974612083004016e-14,-4.708562203103406e-09,-4.702366988867261e-09,3
0.985,0.0,0.0,-9.106084503687923e-13,29.42999999936671,4.496328855822334e-09,3.0556091443554795e-10,4,-3.27904024136072e-06,0.0,-8.879655653443754e-12,19.619999999430668,4.1417189555955515e-09,4.221935734674552e-10,6,-3.077062911034656e-06,0.0,2.0496734318589397e-12,9.8099999919896,2.799599603360302e-09,5.707644455955817e-10,4,-2.1855221708083628e-06,-1.8155392452953527e-14,-4.7116055571166495e-09,-4.7053995603944895e-09,3
0.99,0.0,0.0,-9.071798043210685e-13,29.42999999876929,3.0620520714982968e-09,2.080905247452495e-10,4,-3.279040241374598e-06,0.0,-8.874759075238927e-12,19.619999998747723,3.2222043532633115e-09,3.284611981110065e-10,6,-3.0770864741444526e-06,0.0,2.055536354436306e-12,9.80999999168904,2.557527139029577e-09,5.21412261202099e-10,4,-2.1855221397013014e-06,1.1744245867831492e-14,-4.713600254856964e-09,-4.707359576543872e-09,3
0.995,0.0,0.0,-9.074354660675108e-13,29.429999999959087,2.159187131474926e-09,1.4673375001548947e-10,4,-3.279040241391945e-06,0.0,-8.877548709854314e-12,19.619999999993162,1.8450746386507773e-09,1.880810029206341e-10,6,-3.07711004923078e-06,0.0,2.0517970590231807e-12,9.809999992284034,1.1041860237621398e-09,2.251143781102196e-10,4,-2.1855221085664844e-06,-2.736402630840442e-14,-4.715660853659663e-09,-4.7094590224942926e-09,3
1.0,0.0,0.0,-9.079634858117862e-13,29.42999999995141,1.9500861666829635e-09,1.325236946439812e-10,4,-3.2790402413954145e-06,0.0,-8.879617071788617e-12,19.619999999984483,1.6589184186596286e-09,1.691048337065179e-10,6,-3.0771336353221934e-06,0.0,2.050204048276933e-12,9.809999992277028,9.859670072887877e-10,2.0101264180733847e-10,4,-2.1855220774177897e-06,-2.5468653560764353e-14,-4.7178381839757084e-09,-4.711632824965653e-09,3
1.0050000000000001,0.0,0.0,-9.273068978707016e-13,29.43000000003515,1.837433930035906e-09,1.2486808902709557e-10,4,-3.279040241398884e-06,0.0,-8.636687069179033e-12,19.62000000005326,1.5469631211634505e-09,1.576924690274466e-10,6,-3.0771572329529873e-06,0.0,2.5748239388258134e-12,9.809999992319634,8.975853530865815e-10,1.8299395592034898e-10,4,-2.185522046255217e-06,-2.692704252591196e-14,-4.720094476905977e-09,-4.713889450074652e-09,3
1.01,0.0,0.0,-8.859633171361301e-13,29.429999998589143,3.425868823296776e-09,2.3281473485973565e-10,4,-3.279040241367659e-06,0.0,-8.7436821293433e-12,19.619999998568183,3.619980436062875e-09,3.690092187897097e-10,6,-3.0771808421301006e-06,0.0,2.288514865487422e-12,9.809999991595141,2.888083797504949e-09,5.88804036693039e-10,4,-2.1855220150440724e-06,1.6478236844833163e-14,-4.722820967938922e-09,-4.716571253298587e-09,3
1.0150000000000001,0.0,0.0,-9.118983565038589e-13,29.429999998572146,4.364092878458588e-09,2.9657443959703164e-10,4,-3.2790402413572506e-06,0.0,-8.87163502937112e-12,19.619999998577356,4.433816195768316e-09,4.519690312018157e-10,6,-3.0772044625204664e-06,0.0,2.077273463130202e-12,9.809999991586125,3.3916866106701146e-09,6.914753544503789e-10,4,-2.1855219838468054e-06,1.1502661337673063e-14,-4.725290176776319e-09,-4.7190392684241876e-09,3
1.02,0.0,0.0,-8.82835054090129e-13,29.42999999865445,3.832659059848396e-09,2.6045933129620294e-10,4,-3.27904024136072e-06,0.0,-8.6352137852476e-12,19.61999999865727,3.922490558433313e-09,3.998461323855e-10,6,-3.0772280952620634e-06,0.0,2.504503085363255e-12,9.809999991626691,3.026743676669917e-09,6.170731252300487e-10,4,-2.1855219526564773e-06,1.0276975118486889e-14,-4.727635884404456e-09,-4.721384144717323e-09,3
1.025,0.0,0.0,-9.209032664062087e-13,29.42999999972902,1.9203140447481037e-09,1.3050044476831703e-10,4,-3.279040241391945e-06,0.0,-8.574336713463769e-12,19.619999999763774,1.707502612621096e-09,1.74057350931871e-10,6,-3.0772517379401565e-06,0.0,2.694924596951658e-12,9.8099999921631,1.0967220130627295e-09,2.2359266339222552e-10,4,-2.185521921473088e-06,-1.885705340451662e-14,-4.729193911001082e-09,-4.722967678021807e-09,3
1.03,0.0,0.0,-1.0675559366907308e-12,29.42999999864989,3.787596585136806e-09,2.5739698167248134e-10,4,-3.279040241367659e-06,0.0,-8.421337869771313e-12,19.619999998637933,3.960742424458398e-09,4.0374540517159653e-10,6,-3.0772753925253915e-06,0.0,3.2251880890076696e-12,9.809999991623283,3.130651604522028e-09,6.382572083986296e-10,4,-2.185521890213371e-06,1.3593433337647152e-14,-4.731930347855971e-09,-4.725669427956693e-09,3
1.035,0.0,0.0,-9.455549856861872e-13,29.429999999145398,2.8240240309062284e-09,1.9191464702604374e-10,4,-3.2790402413780673e-06,0.0,-8.356395622286326e-12,19.61999999914522,2.829556544115363e-09,2.8843593723125764e-10,6,-3.0772990585598015e-06,0.0,3.1621389290597014e-12,9.809999991869041,2.130352067126275e-09,4.343225420778806e-10,4,-2.1855218589952874e-06,-8.94533044501291e-16,-4.734061402299992e-09,-4.727814000476262e-09,3
1.04,0.0,0.0,-9.75004756140843e-13,29.429999999062254,3.2034499216295133e-09,2.17699620912782e-10,4,-3.279040241374598e-06,0.0,-8.502390700866252e-12,19.61999999908642,3.1654585620492384e-09,3.226767137815121e-10,6,-3.077322735682564e-06,0.0,2.9203077194161573e-12,9.809999991826142,2.3508170800289424e-09,4.792695376121678e-10,4,-2.1855218277355704e-06,-7.346609289552657e-16,-4.736343486155213e-09,-4.730094137444386e-09,3
1.045,0.0,0.0,-1.0682155324835041e-12,29.429999998465263,3.6410217763480617e-09,2.474360704409063e-10,4,-3.279040241367659e-06,0.0,-8.36998649171445e-12,19.619999998430945,3.931548130969536e-09,4.007694323429104e-10,6,-3.077346424150418e-06,0.0,3.333682567185721e-12,9.809999991528034,3.207804340415727e-09,6.539866143090729e-10,4,-2.1855217964758533e-06,2.1231767747068227e-14,-4.738736876529991e-09,-4.732463589634396e-09,3
1.05,0.0,0.0,-8.805414097622952e-13,29.429999998911743,4.00157000223269e-09,2.7193815850361256e-10,4,-3.2790402413641895e-06,0.0,-8.273094394938439e-12,19.619999998928478,3.953117933865046e-09,4.029681889990765e-10,6,-3.077370124560108e-06,0.0,3.2381885262274354e-12,9.80999999174896,2.926992543898752e-09,5.967365028258104e-10,4,-2.1855217652091974e-06,1.1411718934513915e-15,-4.74119329204543e-09,-4.734934724042606e-09,3
1.055,0.0,0.0,-8.816180908164951e-13,29.42999999959553,3.895342592393898e-09,2.6471917040077704e-10,4,-3.2790402413711284e-06,0.0,-8.445435249190144e-12,19.619999999659655,3.512706812240113e-09,3.580740889195767e-10,6,-3.0773938360095787e-06,0.0,2.893922421560944e-12,9.80999999208973,2.30163065219034e-09,4.692417235568307e-10,4,-2.1855217339217248e-06,-2.3381434274469067e-14,-4.743363067515836e-09,-4.737130524917066e-09,3
1.06,0.0,0.0,-1.2869643111240017e-12,29.42999999906193,3.6371295436456057e-09,2.471715626069682e-10,4,-3.2790402413711284e-06,0.0,-1.0982030998982261e-11,19.6199999990623,3.617339544892977e-09,3.687400147875495e-10,6,-3.0774175601225306e-06,0.0,-1.5069825028313645e-12,9.809999991822822,2.6974840424111805e-09,5.49945778727764e-10,4,-2.1855217026758855e-06,-3.5807327900242013e-16,-4.745778298197954e-09,-4.739522273938124e-09,3
1.065,0.0,0.0,-9.151855804599277e-13,29.430000000047677,2.4062486488980056e-09,1.6352352354020438e-10,4,-3.2790402413954145e-06,0.0,-8.957919367478026e-12,19.620000000106685,2.0202104822177954e-09,2.0593379023514885e-10,6,-3.077441294081773e-06,0.0,1.9296213366035414e-12,9.809999992313207,1.1824939941403402e-09,2.410793058240374e-10,4,-2.1855216714092296e-06,-3.0943385339795936e-14,-4.747461394526929e-09,-4.741230701115629e-09,3
1.07,0.0,0.0,-8.477482216072368e-13,29.429999998294193,3.4236496301600223e-09,2.326639232319716e-10,4,-3.279040241367659e-06,0.0,-8.0105664451479e-12,19.619999998257455,3.741642364477668e-09,3.814110463618737e-10,6,-3.0774650403228576e-06,0.0,3.720761557875661e-12,9.80999999143761,3.0986548731296856e-09,6.317339196400126e-10,4,-2.185521640059307e-06,2.7509412817508707e-14,-4.750219154769317e-09,-4.7439268732900394e-09,3
1.075,0.0,0.0,-9.0537638107475e-13,29.42999999880679,2.8820084057785435e-09,1.9585514141321044e-10,4,-3.2790402413780673e-06,0.0,-8.117108256068754e-12,19.619999998782667,3.0481457843924795e-09,3.107182247279922e-10,6,-3.0774887979992394e-06,0.0,3.58716940587901e-12,9.80999999169236,2.4356300834773045e-09,4.965606698348478e-10,4,-2.1855216087440787e-06,1.1703389660525278e-14,-4.752433648246799e-09,-4.746153660933207e-09,3
1.08,0.0,0.0,-8.566458608393846e-13,29.429999999431182,3.078375473024326e-09,2.0919982827616882e-10,4,-3.2790402413815367e-06,0.0,-8.097389684785081e-12,19.619999999454095,2.902731393643935e-09,2.9589514716867485e-10,6,-3.077512566083962e-06,0.0,3.558855789531865e-12,9.809999991999543,2.023506583323805e-09,4.1253956880205047e-10,4,-2.185521577387217e-06,-1.1225824422453155e-14,-4.754535559780513e-09,-4.748271307435805e-09,3
1.085,0.0,0.0,-8.51789247796766e-13,29.430000000037637,2.2715008755924314e-09,1.5436635240159882e-10,4,-3.2790402413884756e-06,0.0,-8.204946055217473e-12,19.620000000070707,1.932604731621321e-09,1.97003540429598e-10,6,-3.0775363471999273e-06,0.0,3.3350712540267933e-12,9.809999992305134,1.1519177439193813e-09,2.34845615662168e-10,4,-2.1855215460234168e-06,-3.103220318176594e-14,-4.756878657940453e-09,-4.750636801902777e-09,3
1.09,0.0,0.0,-1.2564254793206296e-12,29.429999998215884,3.6464806104495777e-09,2.47807041160084e-10,4,-3.27904024136072e-06,0.0,-1.093121615648108e-11,19.619999998157333,4.033605007437377e-09,4.1117278367137654e-10,6,-3.077560139543023e-06,0.0,-1.449540431903681e-12,9.809999991394484,3.3688287873867615e-09,6.868152477761389e-10,4,-2.185521514666555e-06,2.9847098418159444e-14,-4.75955464892481e-09,-4.753253160588035e-09,3
1.095,0.0,0.0,-1.0740718564807593e-12,29.42999999819659,3.903173722728105e-09,2.6525135732023673e-10,4,-3.279040241367659e-06,0.0,-8.458694277692063e-12,19.619999998137175,4.311481310531893e-09,4.394986045811669e-10,6,-3.0775839429328378e-06,0.0,3.1858638005134224e-12,9.80999999138301,3.5965093080595534e-09,7.332332948458074e-10,4,-2.1855214833096936e-06,3.2042675471658155e-14,-4.761749133518853e-09,-4.7554429254019556e-09,3
1.1,0.0,0.0,-8.58295941497962e-13,29.42999999924964,3.2220378362406027e-09,2.189628159240743e-10,4,-3.279040241374598e-06,0.0,-7.901404923892472e-12,19.619999999273514,3.102141876745818e-09,3.162224135433928e-10,6,-3.077607757660805e-06,0.0,3.949719337106224e-12,9.809999991907109,2.2256530483044115e-09,4.537518960531078e-10,4,-2.1855214519181376e-06,-7.308957591575594e-15,-4.7638696612722445e-09,-4.757602733734136e-09,3
1.105,0.0,0.0,-8.185969611238397e-13,29.429999999336324,3.2947202573293873e-09,2.2390215816538814e-10,4,-3.2790402413711284e-06,0.0,-7.782782773352323e-12,19.619999999359756,3.14450881396647e-09,3.205411635136679e-10,6,-3.0776315842889757e-06,0.0,4.135284570255066e-12,9.809999991955769,2.2292805811955598e-09,4.544914542351839e-10,4,-2.185521420505765e-06,-1.1216942638256146e-14,-4.7662693825827975e-09,-4.759990873198096e-09,3
1.11,0.0,0.0,-1.1104855508611923e-12,29.42999999867461,3.247272799430917e-09,2.206777301785361e-10,4,-3.279040241374598e-06,0.0,-1.1187235676725363e-11,19.619999998651352,3.2266681609501597e-09,3.2891622438042365e-10,6,-3.0776554229769437e-06,0.0,-2.229088160080941e-12,9.809999991620185,2.486316137931592e-09,5.068942181560514e-10,4,-2.18552138910727e-06,1.5145969215282972e-14,-4.768601705362151e-09,-4.7623090917041444e-09,3
1.115,0.0,0.0,-1.0436387328661785e-12,29.42999999979411,2.6898532558155243e-09,1.8279668745051597e-10,4,-3.2790402413884756e-06,0.0,-1.0713540681371244e-11,19.61999999982984,2.383978961167559e-09,2.4301518462673135e-10,6,-3.0776792720801915e-06,0.0,-1.3524125064853793e-12,9.809999992177877,1.5174779194727142e-09,3.0937368413510576e-10,4,-2.185521357722653e-06,-2.308833539596802e-14,-4.770620678795034e-09,-4.764361444658397e-09,3
1.12,0.0,0.0,-8.757764279145761e-13,29.429999999133003,4.3521888346841435e-09,2.957654661782098e-10,4,-3.27904024136072e-06,0.0,-9.760882069773579e-12,19.61999999917412,4.133106092271633e-09,4.2131560575388493e-10,6,-3.0777031343812156e-06,0.0,2.790930308315154e-13,9.809999991844888,2.913219249315918e-09,5.939284916896422e-10,4,-2.1855213262825246e-06,-9.202553982376261e-15,-4.77356577718242e-09,-4.7672942932890185e-09,3
1.125,0.0,0.0,-8.572709755863246e-13,29.42999999919934,2.3381528735223514e-09,1.588958799582713e-10,4,-3.279040241385006e-06,0.0,-9.768902870335554e-12,19.61999999919795,2.363866897238042e-09,2.409650252125051e-10,6,-3.0777270077289587e-06,0.0,2.31805922282051e-13,9.809999991878191,1.797624328260756e-09,3.664881406216166e-10,4,-2.185521294877091e-06,-6.138686638760496e-16,-4.775455435390107e-09,-4.769166418854702e-09,3
1.1300000000000001,0.0,0.0,-8.51419517700262e-13,29.42999999967651,2.4301013142501346e-09,1.6514449978096133e-10,4,-3.2790402413884756e-06,0.0,-9.838780353840766e-12,19.619999999688044,2.24764256098088e-09,2.2911748838089881e-10,6,-3.0777508920817875e-06,0.0,8.1276112681281e-14,9.809999992115737,1.5222421495895565e-09,3.1034498487522473e-10,4,-2.1855212634300236e-06,-1.713398727029838e-14,-4.77763144054395e-09,-4.771358018645237e-09,3
1.135,0.0,0.0,-5.956330813029487e-13,29.4299999995671,2.607395302484931e-09,1.7719302089862616e-10,4,-3.279040241385006e-06,0.0,-6.4656326929367966e-12,19.61999999960365,2.3989530013967094e-09,2.4454159036138344e-10,6,-3.077774787897669e-06,0.0,6.413861791323116e-12,9.809999992058382,1.632498323415598e-09,3.3282330779555064e-10,4,-2.1855212319274453e-06,-1.550329169172895e-14,-4.779916906582593e-09,-4.773631892179145e-09,3
1.1400000000000001,0.0,0.0,-8.831402122386253e-13,29.429999999599122,2.6560707963583776e-09,1.8050090359460121e-10,4,-3.2790402413884756e-06,0.0,-8.91053053643565e-12,19.619999999634306,2.426575287984381e-09,2.473573178419581e-10,6,-3.0777986957455927e-06,0.0,1.9858628913389543e-12,9.80999999207378,1.6184750740342969e-09,3.2996433748052636e-10,4,-2.1855212004387448e-06,-1.6274230560028656e-14,-4.782228668031529e-09,-4.775947415951868e-09,3
1.145,0.0,0.0,-9.035576397542159e-13,29.42999999906622,4.286413623308948e-09,2.912955231698913e-10,4,-3.2790402413572506e-06,0.0,-9.742400483303217e-12,19.61999999906925,4.186379810524202e-09,4.2674615807571853e-10,6,-3.077822615320247e-06,0.0,3.649135198173737e-13,9.809999991807388,3.0477664143345634e-09,6.21359106397521e-10,4,-2.1855211689222886e-06,-4.7154766060512255e-15,-4.785094565772873e-09,-4.778798477560889e-09,3
1.1500000000000001,0.0,0.0,-9.910686610047432e-13,29.42999999944182,2.4874987526996507e-09,1.6904510722030782e-10,4,-3.2790402413815367e-06,0.0,-9.571652150167512e-12,19.61999999945505,2.3827970365118246e-09,2.4289470301508737e-10,6,-3.0778465459416204e-06,0.0,8.486881203973896e-13,9.80999999199318,1.6949258558179816e-09,3.455506334763226e-10,4,-2.185521137440527e-06,-1.1025096099600916e-14,-4.786943492118233e-09,-4.780652310203839e-09,3
1.155,0.0,0.0,-8.858155546429256e-13,29.429999998414498,3.3532651829229043e-09,2.2788074638828114e-10,4,-3.2790402413641895e-06,0.0,-9.668740022762287e-12,19.619999998354665,3.690935571166776e-09,3.762421581525278e-10,6,-3.0778704884909525e-06,0.0,4.900276287566702e-13,9.809999991479616,3.061894593684796e-09,6.242394691833182e-10,4,-2.1855211059032542e-06,2.3843012300986596e-14,-4.789563487005942e-09,-4.78323446869087e-09,3
1.16,0.0,0.0,-2.0215216235306645e-12,29.429999999593186,7.223953581887976e-09,4.909244704035225e-10,4,-3.2790402413884756e-06,0.0,-7.444039256431746e-12,19.619999999590195,8.221447222186977e-09,8.380680145115902e-10,6,-3.077894442836404e-06,0.0,6.724816972905167e-12,9.809999992073154,7.07055751791169e-09,1.4415000048165065e-09,4,-2.1855210744145537e-06,-1.3382321625485055e-14,-4.791560289729112e-09,-4.785262410949435e-09,3
1.165,0.0,0.0,-4.0489627959949417e-13,29.429999999420662,3.753143308752203e-09,2.550556105216503e-10,4,-3.279040241385006e-06,0.0,-7.396304830323206e-12,19.619999999443053,3.780021937507262e-09,3.853233371676416e-10,6,-3.077918408075919e-06,0.0,4.248611276069858e-12,9.809999991981721,2.868062682163456e-09,5.847222598384686e-10,4,-2.185521042863403e-06,-1.0106719613630994e-14,-4.793780783739998e-09,-4.787481444794999e-09,3
1.17,0.0,0.0,-9.53463583595211e-13,29.429999998864222,4.189813132004568e-09,2.847307599161579e-10,4,-3.2790402413572506e-06,0.0,-9.277579533124788e-12,19.61999999886507,4.15775652652975e-09,4.238283921274473e-10,6,-3.07794238588871e-06,0.0,1.3763066866743755e-12,9.809999991701869,3.0928839058436842e-09,6.30557371755333e-10,4,-2.185521011284497e-06,2.365081755798164e-15,-4.796703077258279e-09,-4.7903912274320595e-09,3
1.175,0.0,0.0,-9.964552857957608e-13,29.42999999877202,4.882913965946383e-09,3.3183241360177544e-10,4,-3.279040241353781e-06,0.0,-9.435333610630046e-12,19.619999998801976,4.779146445087729e-09,4.87170891475999e-10,6,-3.0779663746025032e-06,0.0,1.1380146009452103e-12,9.809999991654413,3.4978984077456667e-09,7.131291357230188e-10,4,-2.1855209797264075e-06,1.7042770115412736e-15,-4.799122811004985e-09,-4.792808111902395e-09,3
1.18,0.0,0.0,-9.386025209475918e-13,29.42999999924897,2.844366772663309e-09,1.9329709634630614e-10,4,-3.2790402413780673e-06,0.0,-9.534723035793915e-12,19.619999999262735,2.7685082510216064e-09,2.822128696356411e-10,6,-3.0779903747515935e-06,0.0,8.408197202573368e-13,9.809999991890832,2.0127446393390254e-09,4.1034549255918567e-10,4,-2.185520948161379e-06,-5.143578604346691e-15,-4.800935245651793e-09,-4.794628435349928e-09,3
1.185,0.0,0.0,-9.098820941385804e-13,29.43000000011881,1.7265102195527863e-09,1.1732995035989238e-10,4,-3.2790402413954145e-06,0.0,-9.349708781086199e-12,19.62000000013608,1.418187652848589e-09,1.4456550997336929e-10,6,-3.0780143871547705e-06,0.0,1.1659716463710943e-12,9.809999992324956,7.854932151239407e-10,1.601413283870513e-10,4,-2.1855209166032896e-06,-3.07337752327467e-14,-4.803058249646619e-09,-4.79677351235484e-09,3
1.19,0.0,0.0,-8.98002346440516e-13,29.429999999374775,1.8293637906416625e-09,1.2431965957733785e-10,4,-3.2790402413884756e-06,0.0,-9.29000191914023e-12,19.619999999370304,1.8275792056899332e-09,1.8629757449017214e-10,6,-3.0780384118536674e-06,0.0,1.2672428885353613e-12,9.809999991951605,1.370401116075557e-09,2.7938860697245094e-10,4,-2.1855208850174446e-06,-5.088511542325282e-15,-4.805527494011153e-09,-4.79921268477444e-09,3
1.195,0.0,0.0,-9.505543926489076e-13,29.43000000053218,1.5614776104515705e-09,1.0611468640321675e-10,4,-3.279040241398884e-06,0.0,-9.301753863050248e-12,19.620000000587073,1.0569546091118665e-09,1.0774256973295007e-10,6,-3.0780624474605056e-06,0.0,1.3365908283845914e-12,9.809999992529077,3.697546247070968e-10,7.538320591002811e-11,4,-2.1855208534385384e-06,-4.599623319687365e-14,-4.807614016965567e-09,-4.8013441531096035e-09,3
1.2,0.0,0.0,-9.239103434795067e-13,29.429999998742712,3.1781866039670167e-09,2.159827797555415e-10,4,-3.279040241367659e-06,0.0,-9.249907533776266e-12,19.61999999870389,3.3648104566302094e-09,3.4299800783409693e-10,6,-3.0780864948079523e-06,0.0,1.3964456295606172e-12,9.809999991635113,2.6839289160154023e-09,5.471822463412765e-10,4,-2.185520821804121e-06,1.2477881242503796e-14,-4.810452375846831e-09,-4.804116811656805e-09,3
1.205,0.0,0.0,-9.468820866450393e-13,29.42999999909549,3.322141797311075e-09,2.257656675102398e-10,4,-3.2790402413711284e-06,0.0,-9.222669447102137e-12,19.619999999109524,3.265802535637079e-09,3.3290545726659545e-10,6,-3.0781105536809017e-06,0.0,1.4925311702501667e-12,9.809999991810418,2.4028617194808643e-09,4.89880065542675e-10,4,-2.1855207901766427e-06,-2.750825941674551e-15,-4.812764812311366e-09,-4.806438469189694e-09,3
1.21,0.0,0.0,-1.9676584134102323e-12,29.429999999215557,7.151780772450337e-09,4.860197602882069e-10,4,-3.279040241374598e-06,0.0,-6.957650440294459e-12,19.619999999215118,8.13118074454654e-09,8.288665387229176e-10,6,-3.0781346246830377e-06,0.0,7.624742771743938e-12,9.809999991875756,6.989420244733894e-09,1.4249582569872065e-09,4,-2.1855207585352865e-06,-4.376192449725781e-15,-4.8150566572474185e-09,-4.808719851383963e-09,3
1.215,0.0,0.0,-5.534382882861261e-13,29.42999999913338,4.274784911854743e-09,2.9050526075301543e-10,4,-3.279040241367659e-06,0.0,-6.728719174883618e-12,19.619999999158267,4.137456554194198e-09,4.217590779176047e-10,6,-3.078158707099654e-06,0.0,5.83131898827065e-12,9.80999999182487,2.9842344995736963e-09,6.084066263120485e-10,4,-2.185520726838419e-06,-5.9376101115586005e-15,-4.817545695556213e-09,-4.811218748473217e-09,3
1.22,0.0,0.0,-9.5504892735663e-13,29.42999999839598,4.198391594414837e-09,2.853137339207381e-10,4,-3.27904024136072e-06,0.0,-8.849070484720181e-12,19.619999998399795,4.340801588998651e-09,4.424874199136276e-10,6,-3.0781828014789236e-06,0.0,2.2561888462212233e-12,9.809999991456996,3.3913624745520206e-09,6.91409271662666e-10,4,-2.1855206951554296e-06,1.868802475304707e-14,-4.820046551967061e-09,-4.813694544041774e-09,3
1.225,0.0,0.0,-9.764873884510543e-13,29.42999999953664,2.8203948373433292e-09,1.9166801477320659e-10,4,-3.2790402413815367e-06,0.0,-9.042870081358862e-12,19.619999999573686,2.598699293194173e-09,2.64903087997007e-10,6,-3.0782069061693895e-06,0.0,1.9076646635898495e-12,9.809999992028157,1.7565288172450028e-09,3.581098509016107e-10,4,-2.1855206635071345e-06,-1.554947696955336e-14,-4.821821803912508e-09,-4.815499269299899e-09,3
1.23,0.0,0.0,-9.26647924186605e-13,29.429999999770903,2.4541558368716763e-09,1.6677919380841187e-10,4,-3.2790402413815367e-06,0.0,-8.943917827987624e-12,19.619999999790597,2.2089260592462366e-09,2.251708521172082e-10,6,-3.078231024876421e-06,0.0,2.0243030790596796e-12,9.809999992142536,1.4361068990206965e-09,2.927842813804215e-10,4,-2.185520631810267e-06,-2.2502137638965944e-14,-4.8244230298138515e-09,-4.818107588194103e-09,3
1.235,0.0,0.0,-9.115901905942465e-13,29.42999999889696,3.3034309813049414e-09,2.2449412038251814e-10,4,-3.2790402413711284e-06,0.0,-8.913154770644842e-12,19.619999998899328,3.3425677908086847e-09,3.4073066167137624e-10,6,-3.078255153381171e-06,0.0,2.062351905395049e-12,9.809999991703963,2.5436985862707194e-09,5.185929843877376e-10,4,-2.185520600099522e-06,5.530549643609411e-15,-4.826720264216556e-09,-4.820377722496865e-09,3
1.24,0.0,0.0,-9.11020207484177e-13,29.429999998328018,4.677712063955109e-09,3.1788733022228067e-10,4,-3.2790402413468422e-06,0.0,-8.91441902305044e-12,19.619999998309147,4.85090248643552e-09,4.944854726660114e-10,6,-3.0782792951114524e-06,0.0,2.0606278976233884e-12,9.809999991419483,3.792460344815148e-09,7.731825378455252e-10,4,-2.185520568374899e-06,1.9151653888130532e-14,-4.829632636781889e-09,-4.82326896707395e-09,3
1.245,0.0,0.0,-9.115620074391349e-13,29.429999999071228,2.5353093955037496e-09,1.7229421648547472e-10,4,-3.2790402413780673e-06,0.0,-8.91706639018982e-12,19.61999999905623,2.6094164626880076e-09,2.6599556195856546e-10,6,-3.078303448270092e-06,0.0,2.0578745570874852e-12,9.809999991790674,2.0201392810526644e-09,4.1185306477944597e-10,4,-2.1855205366919095e-06,2.6315352817082063e-15,-4.831477672905771e-09,-4.825125712942118e-09,3
1.25,0.0,0.0,-9.117584429358881e-13,29.42999999944896,2.991451520908932e-09,2.032926619751915e-10,4,-3.2790402413780673e-06,0.0,-8.918350036153288e-12,19.619999999486797,2.7852922896822953e-09,2.8392378081092256e-10,6,-3.078327613446896e-06,0.0,2.0572088895482047e-12,9.809999991978918,1.9109529049164162e-09,3.8959284535757276e-10,4,-2.185520504932592e-06,-1.4091088004405753e-14,-4.8338672689823396e-09,-4.827532507705606e-09,3
1.2550000000000001,0.0,0.0,-8.817540519799039e-13,29.42999999887671,2.822359841109049e-09,1.9180155224035156e-10,4,-3.279040241374598e-06,0.0,-8.661832600203522e-12,19.61999999885116,2.96586368808792e-09,3.023306511989383e-10,6,-3.0783517904545143e-06,0.0,2.5231882424936906e-12,9.80999999169023,2.3497249114486887e-09,4.790468732801373e-10,4,-2.1855204731871525e-06,8.283902744679805e-15,-4.836308906985231e-09,-4.829950649836582e-09,3
1.26,0.0,0.0,-9.037706664832019e-13,29.42999999886793,4.051446032054971e-09,2.753276270615573e-10,4,-3.27904024136072e-06,0.0,-8.851766966701396e-12,19.619999998870096,4.036854367036796e-09,4.1150401297342267e-10,6,-3.078375979188863e-06,0.0,2.180163944972319e-12,9.809999991685313,3.014926911508148e-09,6.14663998789708e-10,4,-2.1855204414070184e-06,3.024110143215662e-15,-4.838918272153613e-09,-4.8325639443062935e-09,3
1.2650000000000001,0.0,0.0,-1.006632368184949e-12,29.429999999985114,1.9143772936587455e-09,1.3009699583144504e-10,4,-3.2790402413954145e-06,0.0,-8.75767204088068e-12,19.62000000001937,1.6596061966706097e-09,1.6917494359520604e-10,6,-3.078400178900542e-06,0.0,2.5328985635223587e-12,9.809999992243803,1.041314220225598e-09,2.1229647727806414e-10,4,-2.1855204096685177e-06,-2.7232575902288805e-14,-4.8405913462773e-09,-4.8342626281665345e-09,3
1.27,0.0,0.0,-8.85830867186561e-13,29.42999999933817,2.914470410653641e-09,1.9806118999110994e-10,4,-3.2790402413780673e-06,0.0,-8.744655262160192e-12,19.619999999351002,2.804958279621587e-09,2.859284688801601e-10,6,-3.078424391504686e-06,0.0,2.3677968885334094e-12,9.80999999191869,2.0070945328851204e-09,4.0919358502314586e-10,4,-2.185520377867567e-06,-9.09419621517285e-15,-4.84334535130133e-09,-4.8369970328692e-09,3
1.2750000000000001,0.0,0.0,-8.837525370878638e-13,29.429999999268677,2.7965146566561612e-09,1.900451686527797e-10,4,-3.2790402413815367e-06,0.0,-8.641505811964653e-12,19.619999999290275,2.7043023802428728e-09,2.7566792867897015e-10,6,-3.07844861521106e-06,0.0,2.5733454794697023e-12,9.809999991882076,1.9512505025174444e-09,3.9780846159676527e-10,4,-2.185520346080494e-06,-6.049520592440821e-15,-4.84560190180334e-09,-4.839250476523099e-09,3
1.28,0.0,0.0,-8.789310161389819e-13,29.429999999386173,3.280311569771372e-09,2.2292297450491266e-10,4,-3.2790402413711284e-06,0.0,-8.318895023229398e-12,19.61999999940866,3.100512645599341e-09,3.160563349330061e-10,6,-3.0784728513380544e-06,0.0,3.215611980772786e-12,9.809999991941122,2.1680308222942292e-09,4.420042454791556e-10,4,-2.1855203142587265e-06,-1.3307714638230244e-14,-4.848168259596283e-09,-4.8418193585191116e-09,3
1.285,0.0,0.0,-8.749689623855252e-13,29.42999999860043,4.291301173229984e-09,2.9162767063772075e-10,4,-3.2790402413572506e-06,0.0,-8.457644637737047e-12,19.61999999860448,4.3517525572465716e-09,4.436037265602549e-10,6,-3.0784970984701343e-06,0.0,2.9305893050073846e-12,9.809999991547464,3.321512123626086e-09,6.771686292534112e-10,4,-2.1855202824230813e-06,1.0811658527146355e-14,-4.850686918655375e-09,-4.844310350820429e-09,3
1.29,0.0,0.0,-8.959488217354382e-13,29.429999998037914,4.141013400534387e-09,2.814144343058421e-10,4,-3.2790402413503117e-06,0.0,-8.553988694787348e-12,19.619999997980283,4.540987940048498e-09,4.628937757916366e-10,6,-3.0785213580714066e-06,0.0,2.774324211799968e-12,9.809999991264434,3.756922950885301e-09,7.659374014741589e-10,4,-2.185520250587436e-06,3.202491190326415e-14,-4.853186805175388e-09,-4.846788617301349e-09,3
1.295,0.0,0.0,-8.507053642422093e-13,29.4299999998618,2.228205107814121e-09,1.5142406441213623e-10,4,-3.2790402413884756e-06,0.0,-8.3199657022274e-12,19.619999999882452,1.9689213712878432e-09,2.0070554243625275e-10,6,-3.0785456285667423e-06,0.0,3.1689415222478305e-12,9.809999992173594,1.2446144744431851e-09,2.5374403168932455e-10,4,-2.1855202187864853e-06,-2.4123951433338367e-14,-4.854859538238563e-09,-4.848517850946514e-09,3
1.3,0.0,0.0,-9.630760337967697e-13,29.429999999191274,2.720979906843381e-09,1.8491198823772697e-10,4,-3.279040241374598e-06,0.0,-8.405236690358436e-12,19.619999999189822,2.7146112877181228e-09,2.7671878571154114e-10,6,-3.0785699121835264e-06,0.0,3.176455840652901e-12,9.809999991839216,2.0332852773864387e-09,4.1453318635634996e-10,4,-2.1855201869161456e-06,-3.683413282359682e-15,-4.8575226541885486e-09,-4.851153291256942e-09,3
1.305,0.0,0.0,-6.789586531301116e-13,29.429999998534434,6.6110825753073165e-09,4.4927506460323053e-10,4,-3.279040241353781e-06,0.0,-1.1436691042940901e-11,19.619999998515297,6.1384082366438285e-09,6.257296877786279e-10,6,-3.0785942075825523e-06,0.0,-3.4061617790274773e-12,9.809999991511404,4.258399507603826e-09,8.681752316592499e-10,4,-2.185520155045806e-06,1.3714225602726372e-14,-4.86033219345645e-09,-4.853952953980815e-09,3
1.31,0.0,0.0,-1.2285832816857185e-12,29.42999999959431,3.426878665158092e-09,2.3288336154980167e-10,4,-3.2790402413815367e-06,0.0,-1.0062418232814249e-11,19.619999999631805,3.2780339408971265e-09,3.341522875594947e-10,6,-3.0786185143613642e-06,0.0,3.078249047176257e-13,9.809999992039018,2.33625242003675e-09,4.763001879577286e-10,4,-2.1855201232240384e-06,-1.791736063647389e-14,-4.862143198136002e-09,-4.855783495032887e-09,3
1.315,0.0,0.0,-8.326282146748841e-13,29.429999997818108,4.060326235671262e-09,2.759311067599244e-10,4,-3.2790402413503117e-06,0.0,-8.557087961251144e-12,19.61999999775988,4.543292586278494e-09,4.6312870405680183e-10,6,-3.0786428337342686e-06,0.0,2.6721256661997933e-12,9.80999999114909,3.838641223501522e-09,7.825975997889648e-10,4,-2.1855200912981876e-06,4.0325827413781524e-14,-4.865060016922505e-09,-4.8586414506828026e-09,3
1.32,0.0,0.0,-8.102559825154156e-13,29.429999999778143,2.3853500316822403e-09,1.621032981107864e-10,4,-3.279040241385006e-06,0.0,-8.040066876504838e-12,19.61999999979796,2.1452854369195596e-09,2.1868353077896544e-10,6,-3.078667164951865e-06,0.0,3.673309218945226e-12,9.809999992127631,1.395508156373644e-09,2.8450726962151216e-10,4,-2.1855200594417257e-06,-2.2708195032336366e-14,-4.867007714037206e-09,-4.860647943432532e-09,3
1.325,0.0,0.0,-1.0321741610255162e-12,29.429999999002078,3.372573452543857e-09,2.291928951857435e-10,4,-3.2790402413711284e-06,0.0,-8.0991414741308e-12,19.61999999900307,3.408764364401836e-09,3.4747852849898487e-10,6,-3.0786915075839416e-06,0.0,3.9041458366231555e-12,9.809999991738282,2.598657794030148e-09,5.297977158447845e-10,4,-2.1855200274742415e-06,1.182028100757602e-15,-4.869533363060461e-09,-4.8631420674509575e-09,3
1.33,0.0,0.0,-9.254277397056288e-13,29.42999999826943,3.765678933456131e-09,2.5590750483707535e-10,4,-3.27904024136072e-06,0.0,-8.08426429386294e-12,19.61999999824866,4.044108889381397e-09,4.122435157739436e-10,6,-3.078715862532555e-06,0.0,3.766491826649763e-12,9.809999991371232,3.286927719328429e-09,6.701177823077625e-10,4,-2.185519995513696e-06,2.4892839193072143e-14,-4.8720903647819305e-09,-4.865682334114644e-09,3
1.335,0.0,0.0,-1.080466579615927e-12,29.429999998294335,4.628214900705295e-09,3.145236086288502e-10,4,-3.279040241353781e-06,0.0,-1.1398986495835783e-11,19.619999998275432,4.733365795113749e-09,4.825041585657294e-10,6,-3.07874022863891e-06,0.0,-2.6189855052957514e-12,9.809999991386452,3.6713114783140485e-09,7.484834824745358e-10,4,-2.185519963615601e-06,2.1682962384275887e-14,-4.874513589069826e-09,-4.868105034377271e-09,3
1.34,0.0,0.0,-1.1370411282113434e-12,29.4299999995526,3.7268998996161745e-09,2.5327216443580236e-10,4,-3.279040241374598e-06,0.0,-9.478408140466013e-12,19.619999999575324,3.538463424751803e-09,3.606996355584499e-10,6,-3.0787646073185404e-06,0.0,1.3346085473792508e-12,9.809999992010944,2.488962497109037e-09,5.074337409043823e-10,4,-2.1855199316758722e-06,-1.771485595678227e-14,-4.87665862521853e-09,-4.87028933689391e-09,3
1.345,0.0,0.0,-7.935347444668225e-13,29.429999998873924,3.3121566222456375e-09,2.2508709632160177e-10,4,-3.279040241367659e-06,0.0,-7.941837355864936e-12,19.61999999887485,3.354097526673565e-09,3.4190596604137746e-10,6,-3.0787889990988027e-06,0.0,3.851917897155859e-12,9.809999991671518,2.5590134128790815e-09,5.217152732011478e-10,4,-2.185519899722266e-06,4.567764236654474e-15,-4.879315133121073e-09,-4.872918027048347e-09,3
1.35,0.0,0.0,-7.833148156297418e-13,29.429999998718877,3.1750313506790416e-09,2.157683554751787e-10,4,-3.279040241374598e-06,0.0,-7.809555529611811e-12,19.619999998721333,3.3045235560142e-09,3.368525541518411e-10,6,-3.078813400690661e-06,0.0,4.0978724606009904e-12,9.809999991598515,2.5998819389268265e-09,5.300472866775574e-10,4,-2.1855198677409038e-06,1.269104406323182e-14,-4.8813169682631695e-09,-4.874897824707494e-09,3
1.355,0.0,0.0,-8.479785938725945e-13,29.429999999997253,2.940258845537645e-09,1.9981371699204345e-10,4,-3.2790402413815367e-06,0.0,-8.188912813934412e-12,19.620000000056507,2.5050598661436737e-09,2.5535778451951673e-10,6,-3.0788378156190732e-06,0.0,3.4456998600917005e-12,9.809999992228432,1.5006613612361333e-09,3.0594523189092156e-10,4,-2.185519835731786e-06,-3.374292371869073e-14,-4.883731754856076e-09,-4.877367049532102e-09,3
1.36,0.0,0.0,-7.940465699403323e-13,29.429999999225885,3.8157353385590715e-09,2.593092313054325e-10,4,-3.2790402413711284e-06,0.0,-9.64855395745695e-12,19.619999999266422,3.7038393890034933e-09,3.7755753202262766e-10,6,-3.0788622419827827e-06,0.0,4.4879199366372026e-13,9.809999991844425,2.693273646995247e-09,5.490873902618366e-10,4,-2.185519803750424e-06,-9.167026845588265e-15,-4.886257565527804e-09,-4.879867865086742e-09,3
1.365,0.0,0.0,-9.392580909048655e-13,29.42999999937824,2.192969637410596e-09,1.4902953703410984e-10,4,-3.2790402413815367e-06,0.0,-9.910090806169474e-12,19.61999999937435,2.1645563036317554e-09,2.2064794125390208e-10,6,-3.078886680447923e-06,0.0,1.614701934139151e-13,9.809999991918218,1.5989324892351209e-09,3.259801203980369e-10,4,-2.1855197717621233e-06,-7.667781673134453e-15,-4.888432279270224e-09,-4.882038509195643e-09,3
1.37,0.0,0.0,-9.933722835960978e-13,29.42999999867687,3.6478435248978316e-09,2.478996619138181e-10,4,-3.27904024136072e-06,0.0,-1.0041554328176714e-11,19.619999998655125,3.788044326168174e-09,3.8614111380507947e-10,6,-3.0789111309451056e-06,0.0,-2.2877380275305278e-14,9.809999991567613,2.9643596493536516e-09,6.043546690931148e-10,4,-2.1855197397183113e-06,1.0896923655437564e-14,-4.891176491238999e-09,-4.8847594562188926e-09,3
1.375,0.0,0.0,-9.43708679073656e-13,29.429999998744197,2.6704501674257905e-09,1.8147809497381862e-10,4,-3.2790402413711284e-06,0.0,-9.689040265115087e-12,19.619999998705104,2.902574764177705e-09,2.958791808735241e-10,6,-3.0789355938906637e-06,0.0,6.035543211790838e-13,9.809999991600574,2.3787104214589805e-09,4.849562535159343e-10,4,-2.1855197077161326e-06,1.3273689106555103e-14,-4.893456807619164e-09,-4.887031359773067e-09,3
1.3800000000000001,0.0,0.0,-9.50092421763366e-13,29.42999999877779,3.4226769402399147e-09,2.3259782129677581e-10,4,-3.2790402413641895e-06,0.0,-9.868949558435284e-12,19.619999998764182,3.5245755697543743e-09,3.5928395208729654e-10,6,-3.078960069714809e-06,0.0,2.5381890425340794e-13,9.80999999161519,2.7351875853550216e-09,5.576325357171954e-10,4,-2.185519675637626e-06,7.830931750632737e-15,-4.89614325956895e-09,-4.889726794759389e-09,3
1.385,0.0,0.0,-9.395956399662637e-13,29.429999999241623,3.10490959721421e-09,2.1100303073695004e-10,4,-3.279040241374598e-06,0.0,-9.706551157873054e-12,19.619999999241813,3.0364160751937416e-09,3.0952253570959017e-10,6,-3.0789845566828178e-06,0.0,5.64232405392689e-13,9.809999991845071,2.214554371058758e-09,4.5148916878688864e-10,4,-2.1855196435799362e-06,-5.918070186325199e-15,-4.898359239857106e-09,-4.89195481697056e-09,3
1.3900000000000001,0.0,0.0,-9.326232238103438e-13,29.429999999127073,2.6346690278480586e-09,1.790464850782335e-10,4,-3.2790402413815367e-06,0.0,-9.611792397403038e-12,19.619999999126666,2.653604928922377e-09,2.7049999276661527e-10,6,-3.0790090545726456e-06,0.0,7.44330121380975e-13,9.809999991788931,2.0085719355442694e-09,4.094947884251711e-10,4,-2.1855196115291853e-06,4.164183029760945e-16,-4.900435534548839e-09,-4.8940239707077975e-09,3
1.395,0.0,0.0,-9.651563298510447e-13,29.42999999972466,2.404099169319212e-09,1.6337744949654802e-10,4,-3.279040241385006e-06,0.0,-9.610220024816862e-12,19.619999999734805,2.2026011071458303e-09,2.2452610674572903e-10,6,-3.0790335656533108e-06,0.0,8.057739587643534e-13,9.809999992085308,1.4705908444828617e-09,2.9981464743513394e-10,4,-2.185519579436801e-06,-1.998503999753578e-14,-4.902927532268129e-09,-4.896533385605897e-09,3
1.4000000000000001,0.0,0.0,-2.050252624231571e-12,29.429999999713324,7.417893709033467e-09,5.041042275980785e-10,4,-3.279040241385006e-06,0.0,-7.54620595192235e-12,19.619999999749183,8.381108022059102e-09,8.543433253992095e-10,6,-3.0790580890505126e-06,0.0,6.642699508668038e-12,9.809999992085071,7.17776856457938e-09,1.4633575067014404e-09,4,-2.1855195473513556e-06,-2.0969141686563516e-14,-4.905401769971739e-09,-4.899002155683155e-09,3
1.405,0.0,0.0,-4.046101655452529e-13,29.42999999894057,4.838568671874304e-09,3.288188020420309e-10,4,-3.27904024136072e-06,0.0,-7.436370418827027e-12,19.619999998958285,4.868003855819642e-09,4.962287315064329e-10,6,-3.079082623973217e-06,0.0,4.244287685146923e-12,9.809999991691852,3.6837951055515343e-09,7.510285644589934e-10,4,-2.1855195152312157e-06,-4.877473282786303e-16,-4.908091243504507e-09,-4.901669382122867e-09,3
1.41,0.0,0.0,-9.560366292603424e-13,29.429999998966974,4.150394656773755e-09,2.820519644525612e-10,4,-3.27904024136072e-06,0.0,-9.319550961463102e-12,19.619999998984802,4.045468408621203e-09,4.1238210079821887e-10,6,-3.0791071706989803e-06,0.0,1.3726487497709016e-12,9.809999991703663,2.945190930505874e-09,6.00446673393808e-10,4,-2.185519483111076e-06,-2.0154142101628435e-15,-4.91051985370634e-09,-4.90409918958921e-09,3
1.415,0.0,0.0,-1.0004282219186157e-12,29.429999998887617,3.462687942256896e-09,2.3531688361452784e-10,4,-3.279040241367659e-06,0.0,-9.478743442067735e-12,19.619999998913222,3.446785810709387e-09,3.513543130377481e-10,6,-3.0791317294567855e-06,0.0,1.1338484498565686e-12,9.809999991663775,2.579872924107935e-09,5.259679768196185e-10,4,-2.185519450990936e-06,2.97259579487306e-15,-4.912755492935637e-09,-4.906323930869297e-09,3
1.42,0.0,0.0,-9.42342024925467e-13,29.429999998271754,4.783287253914596e-09,3.2506199484848725e-10,4,-3.279040241343373e-06,0.0,-9.58040021961238e-12,19.619999998276896,4.917179422336075e-09,5.012415313728767e-10,6,-3.079156301280528e-06,0.0,8.316001952540851e-13,9.80999999135463,3.815676541209036e-09,7.779157073540715e-10,4,-2.185519418815285e-06,1.7780306408113547e-14,-4.915667103443887e-09,-4.909220749654145e-09,3
1.425,0.0,0.0,-9.489703816958887e-13,29.42999999831757,3.356936825753571e-09,2.2813026340098386e-10,4,-3.2790402413641895e-06,0.0,-9.418413404206158e-12,19.619999998281322,3.6789540744055595e-09,3.7502080272454937e-10,6,-3.0791808840746615e-06,0.0,1.1723930794548557e-12,9.80999999137594,3.045908366749508e-09,6.209802995774095e-10,4,-2.1855193866812672e-06,2.5217912494682398e-14,-4.917664787240049e-09,-4.911208702567541e-09,3
1.43,0.0,0.0,-9.291910481860313e-13,29.429999999614125,2.9930485565421372e-09,2.0340119310780707e-10,4,-3.279040241374598e-06,0.0,-9.318481453237721e-12,19.61999999963563,2.752885976669171e-09,2.8062038498677836e-10,6,-3.0792054801984103e-06,0.0,1.34096875078236e-12,9.809999992023824,1.8497305935143061e-09,3.7711123241962463e-10,4,-2.185519354512555e-06,-2.009517412157859e-14,-4.920082682457427e-09,-4.913669686872772e-09,3
1.435,0.0,0.0,-9.488895748561657e-13,29.429999998824538,3.730368759798777e-09,2.535079007779661e-10,4,-3.27904024136072e-06,0.0,-9.263401823628601e-12,19.61999999882705,3.754967883962924e-09,3.8276940715467976e-10,6,-3.0792300878199064e-06,0.0,1.4874968403177965e-12,9.809999991627762,2.8397553165232134e-09,5.789511353612174e-10,4,-2.185519322329965e-06,4.150320379395428e-15,-4.9226301984333746e-09,-4.916189390429686e-09,3
1.44,0.0,0.0,-8.470230685693554e-13,29.42999999809429,4.862159828920211e-09,3.304220067438026e-10,4,-3.279040241343373e-06,0.0,-9.413062859219484e-12,19.619999998078153,5.1034710031882335e-09,5.202314988469048e-10,6,-3.0792547075497723e-06,0.0,1.0278010926452794e-12,9.809999991262218,4.045690657964108e-09,8.248095130616944e-10,4,-2.185519290154314e-06,2.5182385357894397e-14,-4.9253117511909965e-09,-4.918852712437066e-09,3
1.445,0.0,0.0,-9.417682705872042e-13,29.429999999270304,3.392126785335369e-09,2.3052169795579165e-10,4,-3.279040241367659e-06,0.0,-9.18865482677812e-12,19.619999999308803,3.216322337379304e-09,3.278616042296241e-10,6,-3.079279339519847e-06,0.0,1.6287322054934504e-12,9.809999991848477,2.263089743926958e-09,4.613842499097758e-10,4,-2.185519257985602e-06,-1.1057070522710114e-14,-4.927384232044595e-09,-4.920953886782692e-09,3
1.45,0.0,0.0,-7.219300590155587e-13,29.429999998125766,5.205142827243571e-09,3.537303994274589e-10,4,-3.279040241343373e-06,0.0,-5.680043057177626e-12,19.619999998117308,5.267058498693101e-09,5.369070845258426e-10,6,-3.0793039837440084e-06,0.0,8.311782522725761e-12,9.809999991275548,4.046549895077995e-09,8.249846888229898e-10,4,-2.1855192257197453e-06,2.3953146425029424e-14,-4.930218235298888e-09,-4.9237457175492595e-09,3
1.455,0.0,0.0,-7.406019892097478e-13,29.429999998715424,3.9152095552492506e-09,2.660692868107471e-10,4,-3.2790402413641895e-06,0.0,-7.994203950738554e-12,19.619999998693274,3.97857178132303e-09,4.0556287274087765e-10,6,-3.0793286404651177e-06,0.0,3.681902987249088e-12,9.809999991569967,3.0451286721800836e-09,6.208213404274936e-10,4,-2.185519193502461e-06,1.072994611253396e-14,-4.932373007659429e-09,-4.925911029034929e-09,3
1.46,0.0,0.0,-9.912116062236131e-13,29.429999998588904,3.474739061400536e-09,2.3613585195835144e-10,4,-3.2790402413641895e-06,0.0,-9.031212816330221e-12,19.619999998568495,3.6518111297346594e-09,3.722539378186647e-10,6,-3.0793533076153845e-06,0.0,2.029725826674814e-12,9.80999999150487,2.895704985196082e-09,5.903577956582395e-10,4,-2.185519161257421e-06,1.562203284824225e-14,-4.934522717402977e-09,-4.928058489910719e-09,3
1.465,0.0,0.0,-9.557242114341118e-13,29.42999999877995,3.3224553891970356e-09,2.2578697854806462e-10,4,-3.2790402413641895e-06,0.0,-9.029142598740565e-12,19.619999998739754,3.479513955316147e-09,3.546905153455296e-10,6,-3.0793779879634275e-06,0.0,1.976982975451093e-12,9.809999991598488,2.742243637523241e-09,5.59071078465191e-10,4,-2.185519129012381e-06,9.927032821125048e-15,-4.937104041002293e-09,-4.930640779848155e-09,3
1.47,0.0,0.0,-9.218629239378142e-13,29.4299999980112,3.6451936714380187e-09,2.4771958353274554e-10,4,-3.279040241353781e-06,0.0,-8.962641612250059e-12,19.619999997951556,4.096587165774085e-09,4.17592983302935e-10,6,-3.079402680648824e-06,0.0,2.0552679892190457e-12,9.809999991213685,3.4710424664959497e-09,7.076539183699868e-10,4,-2.1855190967465243e-06,3.447273162795771e-14,-4.939692107652171e-09,-4.933201428430217e-09,3
1.475,0.0,0.0,-9.149025277668421e-13,29.42999999914968,2.591451947475737e-09,1.761095445158418e-10,4,-3.2790402413780673e-06,0.0,-8.950847450031223e-12,19.61999999914801,2.601772285597817e-09,2.6521633901231375e-10,6,-3.0794273852413623e-06,0.0,2.0689782295804494e-12,9.809999991782492,1.9606794265026643e-09,3.997307702640285e-10,4,-2.1855190644806677e-06,-1.756066111610401e-15,-4.9417495090125605e-09,-4.93529744423558e-09,3
1.48,0.0,0.0,-9.15025473878109e-13,29.42999999921132,3.867957225829641e-09,2.628581193294799e-10,4,-3.27904024136072e-06,0.0,-8.953519631594226e-12,19.619999999235564,3.695029893249226e-09,3.76659520223567e-10,6,-3.079452102615343e-06,0.0,2.0655099087517196e-12,9.809999991812344,2.619570024387877e-09,5.340611674972949e-10,4,-2.1855190321801166e-06,-1.0433569272080624e-14,-4.944559785468549e-09,-4.938113179436136e-09,3
1.485,0.0,0.0,-9.15454027471038e-13,29.42999999964581,2.7952367636305147e-09,1.8995832576718693e-10,4,-3.2790402413780673e-06,0.0,-8.955478752023762e-12,19.61999999968412,2.5276401414820065e-09,2.5765954551709496e-10,6,-3.0794768320005494e-06,0.0,2.064036930995488e-12,9.8099999920288,1.6599054251511574e-09,3.3841089225278856e-10,4,-2.185518999900382e-06,-2.095670718868771e-14,-4.9467185581846924e-09,-4.940274979064333e-09,3
1.49,0.0,0.0,-9.15554881184402e-13,29.42999999969722,2.4166823922276996e-09,1.6423257847452008e-10,4,-3.279040241385006e-06,0.0,-8.956438584521334e-12,19.619999999718118,2.1950589115833155e-09,2.2375727947144262e-10,6,-3.0795015733831033e-06,0.0,2.0638969687498964e-12,9.809999992052637,1.4477431877767105e-09,2.9515661344537593e-10,4,-2.185518967592892e-06,-1.980207524307755e-14,-4.949032081779614e-09,-4.942586365701976e-09,3
1.495,0.0,0.0,-9.155905381551754e-13,29.429999997830667,4.114533844242679e-09,2.796149401662228e-10,4,-3.2790402413503117e-06,0.0,-8.957141738164761e-12,19.619999997773263,4.5877668096517034e-09,4.676622640338822e-10,6,-3.0795263275748552e-06,0.0,2.0641337883869502e-12,9.809999991119637,3.860090005931112e-09,7.869704402498274e-10,4,-2.185518935229891e-06,3.911968111982876e-14,-4.9520376828809495e-09,-4.945530627425291e-09,3
1.5,0.0,0.0,-8.821090699047327e-13,29.43000000023741,1.095354051696788e-09,7.443792400189955e-11,4,-3.2790402414023534e-06,0.0,-8.731023057694298e-12,19.62000000026814,7.761530391021227e-10,7.911855648231552e-11,6,-3.0795510940970217e-06,0.0,2.4627565547085725e-12,9.80999999232047,3.0311571279637143e-10,6.179729113836055e-11,4,-2.1855189029501565e-06,-3.372160743661791e-14,-4.953734437617663e-09,-4.947299534224107e-09,3
1.5050000000000001,0.016000000000000014,2.940637516056775e-09,1.2625714617228909e-06,29.430078722079262,0.011677534188992802,0.0007935781823262329,4,-3.279043449811586e-06,8.300451912363419e-09,3.5382613255765125e-06,19.620079425891806,0.012025841748385382,0.0012258708527464347,6,-3.079467733882457e-06,1.194453760813199e-08,5.055873609990045e-06,9.81003932336674,0.013335465050315095,0.00271873834767432,4,-2.185522178170529e-06,-1.7726603022391453e-09,6.405465957662952e-08,6.222149378780142e-08,4
1.51,0.036000000000000476,1.267838115645798e-08,2.227033642483918e-06,29.43020649733854,0.03487115692307469,0.002369752786221748,4,-3.279056284440779e-06,3.542360709836125e-08,6.194643393259773e-06,19.620206112610102,0.03496299246573061,0.0035639781014593468,6,-3.077921774972958e-06,5.047274224038702e-08,8.787655390400424e-06,9.810103102372397,0.0353034144847241,0.007197358502009343,4,-2.185536779684971e-06,-2.1390135095652874e-09,5.004519022177362e-07,4.977036105533857e-07,4
1.5150000000000001,0.05600000000000005,2.4264850580421867e-08,2.3256971567354557e-06,29.43018416548229,0.05606705334692676,0.0038101734621617477,4,-3.2790605113755533e-06,6.765975081303362e-08,6.473401350198943e-06,19.620183756236816,0.056061528621438185,0.005714679262738045,6,-3.0738938621918677e-06,9.62127193859048e-08,9.188964040453536e-06,9.810091843898125,0.05603941527565117,0.011424850280175038,4,-2.185546276206596e-06,-5.916424786060682e-11,9.970148194896952e-07,9.956120889509762e-07,4
1.52,0.07600000000000051,3.5755181149632056e-08,2.2813517994872824e-06,29.430130291107886,0.0760876020453147,0.005170728181811961,4,-3.279057548238873e-06,9.96629488462588e-08,6.356211402660924e-06,19.620130070503144,0.07608050636860793,0.007755351885560349,6,-3.067721224971065e-06,1.4166974097092825e-07,9.031236768627984e-06,9.810064788422928,0.07605323377935465,0.015505144037194685,4,-2.185551899180904e-06,8.635506077728373e-10,1.3759295170851292e-06,1.3748498823187686e-06,4
1.5250000000000001,0.09600000000000009,4.7105232767620517e-08,2.2661528517754707e-06,29.430082564681246,0.09601384013050647,0.006524877388263378,4,-3.2790526833699485e-06,1.3129264930231652e-07,6.315649549742574e-06,19.620082350757716,0.09601278588085983,0.009787194993822426,6,-3.060041824792803e-06,1.866201154856307e-07,8.976097548598756e-06,9.810040753756702,0.09600837650731009,0.019573491877807787,4,-2.185558139251864e-06,9.929749314755022e-10,1.6285503039591763e-06,1.6271547465394446e-06,4
1.53,0.11600000000000055,5.8433592420718996e-08,2.265970761129349e-06,29.430041935311255,0.11599763585196456,0.007882940575275653,4,-3.279047923052808e-06,1.6286455608607882e-07,6.315182907863375e-06,19.62004163158688,0.11599787603059157,0.011824427104562631,6,-3.051430661704657e-06,2.3149222991348928e-07,8.975539477066614e-06,9.810020214490876,0.11599853259724316,0.023648989515005457,4,-2.185566345118406e-06,9.132780512691318e-10,1.77295189195107e-06,1.77114999480858e-06,4
1.5350000000000001,0.13600000000000012,6.976654148331101e-08,2.2668904164287653e-06,29.430008399727498,0.13599885934054112,0.009242189638097444,4,-3.2790437591578847e-06,1.944486032989054e-07,6.317587019705701e-06,19.62000797211734,0.13599897277075584,0.013863294343613785,6,-3.0423775959145805e-06,2.76380993779727e-07,8.978801347501159e-06,9.81000317129475,0.1359993039516898,0.027726658509069625,4,-2.1855764631081853e-06,7.731276764080952e-10,1.8261820881734571e-06,1.824018133086453e-06,4
1.54,0.1559999999999997,8.110177264766658e-08,2.2670915235235398e-06,29.42998310800322,0.15599996584631756,0.010601430879101984,4,-3.2790404070094648e-06,2.2603838144396812e-07,6.318043529312303e-06,19.619982529189542,0.1559999764081712,0.01590215242812606,6,-3.033280796996274e-06,3.212773894397344e-07,8.97938336292265e-06,9.809990198872066,0.15599998604626938,0.03180431027631525,4,-2.1855882126817217e-06,5.991705166200211e-10,1.807779486371931e-06,1.8053145767969297e-06,4
1.545,0.17600000000000016,9.243725264901737e-08,2.2670958774124e-06,29.429966017935442,0.1760000483858214,0.011960601536445,4,-3.279037953080044e-06,2.5762842329148866e-07,6.317977593108845e-06,19.619965259187786,0.17600004855627382,0.017940913373825185,6,-3.02443566625038e-06,3.6617400383617856e-07,8.979276740398497e-06,9.809981275488148,0.1760000344057541,0.0358818288156205,4,-2.185601249170277e-06,4.1978189355280956e-10,1.7385701862126303e-06,1.7358786750627912e-06,4
1.55,0.19599999999999973,1.0377277644382514e-07,2.2671142659098005e-06,29.42995590623684,0.1959999871338349,0.013319760842203524,4,-3.2790363437146253e-06,2.892182103308638e-07,6.317954097205491e-06,19.61995494070995,0.19599999224649664,0.019979657735075755,6,-3.016038541546473e-06,4.1107027715262257e-07,8.979257410828787e-06,9.80997578943505,0.19599999316870148,0.03995932250511476,4,-2.1856151731017293e-06,2.604740608494614e-10,1.6373667940980176e-06,1.6345307960883687e-06,4
1.555,0.2160000000000002,1.1510845565851333e-07,2.2671518669764547e-06,29.429951113748075,0.21599997007689226,0.014678921432254015,4,-3.279035435226063e-06,3.208080677525416e-07,6.317986921464432e-06,19.61994991732937,0.21599997815299374,0.022018402601752942,6,-3.0082029384634335e-06,4.559667914360963e-07,8.979340755128504e-06,9.809972911443223,0.21599998056685712,0.04403681488557335,4,-2.1856295819369653e-06,1.3387204842037246e-10,1.5191445757684397e-06,1.516241996234497e-06,4
1.56,0.23599999999999977,1.2644434671497368e-07,2.2671961456356245e-06,29.429950046543016,0.23599997925088564,0.01603808221744551,4,-3.279035055758772e-06,3.5239813545335434e-07,6.318031237818697e-06,19.619948596839656,0.23599998810252043,0.024057146422955956,6,-3.0009799428729056e-06,5.008638305259631e-07,8.979453960581411e-06,9.809971844968615,0.2359999851413145,0.04811430427547156,4,-2.185644121792396e-06,4.162639375000818e-11,1.3947733517644455e-06,1.3918694603643317e-06,4
1.565,0.2560000000000002,1.377804661270693e-07,2.2672427154802136e-06,29.429951393368626,0.2559999851149392,0.017397241449241607,4,-3.2790350452255312e-06,3.8398842145401027e-07,6.318074112505444e-06,19.619949668877346,0.255999994433143,0.02609588696746043,6,-2.994377305588769e-06,5.457614621431284e-07,8.979574921625538e-06,9.809971934807734,0.25599998830050047,0.05219178811147492,4,-2.1856585134608086e-06,-2.0659958326049305e-11,1.271544596079511e-06,1.2686888415285705e-06,4
1.57,0.2759999999999998,1.491168259120578e-07,2.2672914820018615e-06,29.42995416688513,0.2759999878897677,0.018756399437436132,4,-3.2790352729322736e-06,4.15578906617434e-07,6.318111481941527e-06,19.619952146221284,0.2759999975441631,0.02813462494579218,6,-2.988374983699249e-06,5.906596911475557e-07,8.979692682674362e-06,9.809972687652373,0.27599999022222876,0.056269267817559726,4,-2.185672555894691e-06,-5.943329131478895e-11,1.1539605294822793e-06,1.1511872191125984e-06,4
1.575,0.29600000000000026,1.604534341468467e-07,2.26734210678456e-06,29.429957675870053,0.2959999848794077,0.02011555627360629,4,-3.27903564094692e-06,4.471695708024215e-07,6.318146524549466e-06,19.619955337617014,0.2959999951147142,0.03017336074636198,6,-2.982936729636898e-06,6.355585136191437e-07,8.979811752073749e-06,9.809973758196227,0.2959999890965895,0.06034674432218163,4,-2.185686117130159e-06,-8.115460583961412e-11,1.04450689254968e-06,1.0418374986465421e-06,4
1.58,0.31599999999999984,1.7179030116258055e-07,2.267394175156552e-06,29.429961460797056,0.31599998265919343,0.021474712638012077,4,-3.279036080657688e-06,4.78760388058199e-07,6.318174578845312e-06,19.61995878326689,0.31599999308372134,0.032212095506869834,6,-2.9780181734218036e-06,6.804578996225214e-07,8.979921500206052e-06,9.80997491690058,0.3159999884021576,0.06442421944581209,4,-2.185699120554885e-06,-9.122357727402122e-11,9.442997079604284e-07,9.417458439096419e-07,4
1.585,0.3360000000000003,1.8312743207348736e-07,2.2674475444585012e-06,29.42996523460441,0.3359999808433748,0.022833868688930593,4,-3.2790365467431914e-06,5.103513323742223e-07,6.318197499538165e-06,19.6199621958376,0.33599999150554694,0.03425082965519982,6,-2.9735721431972673e-06,7.253578191594319e-07,8.980024333589272e-06,9.809976020405573,0.3359999883195439,0.06850169411640472,4,-2.185711530502954e-06,-9.376671097764646e-11,8.535761504352765e-07,8.511422954840368e-07,4
1.59,0.35599999999999987,1.944648316741449e-07,2.2675014457097462e-06,29.429968830940652,0.3559999776820986,0.024193024445736053,4,-3.2790370110072353e-06,5.419423692065288e-07,6.3182138454970195e-06,19.619965408781532,0.3559999885613742,0.036289563324309965,6,-2.969551970079254e-06,7.702582188020974e-07,8.980117387954214e-06,9.809976985661352,0.35599998724587034,0.07257916869044931,4,-2.1857233401603726e-06,-9.177676499187672e-11,7.720434352799573e-07,7.697291490907204e-07,4
1.595,0.37600000000000033,2.0580250302449606e-07,2.267556201828539e-06,29.429972161721423,0.375999976340749,0.02555218022460786,4,-3.2790374570532133e-06,5.735334769911435e-07,6.318225823502375e-06,19.61996833385073,0.3759999872878187,0.038328297058369695,6,-2.9659133948603533e-06,8.151590685523943e-07,8.980203537116096e-06,9.809977768712852,0.375999987256051,0.0766566441068266,4,-2.1857345618922497e-06,-8.726336555990544e-11,6.991149744736476e-07,6.969166273365473e-07,4
1.6,0.3959999999999999,2.1714044913033567e-07,2.2676112375616986e-06,29.429975189278345,0.3959999756486528,0.0269113360172264,4,-3.2790378764781247e-06,6.051246267868365e-07,6.318231803082987e-06,19.619970933217047,0.3959999865135972,0.040367030905551486,6,-2.9626155492804007e-06,8.60060319369261e-07,8.980279685386703e-06,9.809978350781808,0.39599998742043285,0.08073412055774283,4,-2.185745219901447e-06,-8.153459166020072e-11,6.340646239239364e-07,6.319766924385687e-07,4
1.605,0.41600000000000037,2.2847867071549996e-07,2.2676664018786657e-06,29.429977907932958,0.41599997312958437,0.028270491702778348,4,-3.279038265923545e-06,6.367157939003628e-07,6.31823391596116e-06,19.619973201159397,0.41599998413387335,0.042405764765192526,6,-2.959621353375297e-06,9.04961931064936e-07,8.98034974836436e-06,9.809978729067169,0.4159999864666584,0.08481159805862615,4,-2.185755345239515e-06,-7.544387439632716e-11,5.761220987318469e-07,5.741380223079188e-07,4
1.61,0.43599999999999994,2.3981716922551986e-07,2.2677219626945223e-06,29.429980329082873,0.43599997183073075,0.029629647519667086,4,-3.279038625070285e-06,6.683069627936007e-07,6.3182331643378284e-06,19.619975149003913,0.4359999829577063,0.04444449900129885,6,-2.9568975536617415e-06,9.498638778857312e-07,8.980414776834461e-06,9.809978909299586,0.4359999863071766,0.08888907720155459,4,-2.1857649723025507e-06,-6.945870647949393e-11,5.245299012629833e-07,5.226426493607886e-07,4
1.615,0.4560000000000004,2.511559458710263e-07,2.267777628904513e-06,29.429982473824047,0.45599997138184484,0.03098880346173672,4,-3.2790389553720434e-06,6.998981173927767e-07,6.318228956577049e-06,19.61997679779335,0.4559999825629061,0.04648323362076475,6,-2.954414558206664e-06,9.947661312285372e-07,8.980473680407048e-06,9.809978902043671,0.4559999865725246,0.09296655805804599,4,-2.185774136534424e-06,-6.385968301240954e-11,4.78574901629759e-07,4.7677739300170977e-07,4
1.62,0.476,2.624950011667083e-07,2.2678332476559094e-06,29.429984367572942,0.47599997150715556,0.032347959520605804,4,-3.2790392592574324e-06,7.314892392061999e-07,6.31822080595169e-06,19.619978172943274,0.4759999825518903,0.04852196861343231,6,-2.9521461639633872e-06,1.03966865713721e-06,8.980525424445604e-06,9.809978719996872,0.47599998686925765,0.09704404065606564,4,-2.185782872990427e-06,-5.87925789427425e-11,4.376038184796048e-07,4.358891061280571e-07,4
1.625,0.49600000000000044,2.738343345207433e-07,2.2678890746780375e-06,29.429986036288327,0.49599997151886954,0.033707115654576396,4,-3.279039539446499e-06,7.630803142137621e-07,6.318210708426321e-06,19.619979300390202,0.49599998281352303,0.050560703986436785,6,-2.9500692418568675e-06,1.0845714311373015e-06,8.980573382538144e-06,9.809978376162466,0.49599998765065484,0.101121525171941,4,-2.1857912153935843e-06,-5.4279403331733e-11,4.010277203080679e-07,3.9938919094532657e-07,4
1.6300000000000001,0.516,2.8517394618941004e-07,2.2679446175180745e-06,29.42998750582568,0.5159999703099116,0.03506627178878477,4,-3.2790397988015363e-06,7.946713326139951e-07,6.318198917248089e-06,19.619980205981605,0.515999981485564,0.05259943955786964,6,-2.9481634081229835e-06,1.129474434712759e-06,8.98061863463559e-06,9.80997788347681,0.5159999868465449,0.10519901124663217,4,-2.185799195704441e-06,-5.033517527645816e-11,3.6832348209096063e-07,3.6675493891750767e-07,4
1.635,0.5360000000000005,2.965138366827962e-07,2.268000517687603e-06,29.429988800274927,0.5359999717876058,0.0364254281865441,4,-3.2790400401050412e-06,8.262622867059753e-07,6.3181849182532566e-06,19.619980913819973,0.5359999831242014,0.054638175794213165,6,-2.9464107120166783e-06,1.1743776524304236e-06,8.980659002833984e-06,9.80997725396897,0.5359999884663343,0.10927649974916644,4,-2.185806843683913e-06,-4.6951803471514524e-11,3.390288709736242e-07,3.3752449401917605e-07,4
1.6400000000000001,0.556,3.078540051478394e-07,2.2680558919622503e-06,29.429989940574618,0.5559999706964762,0.03778458448807885,4,-3.2790402658931794e-06,8.578531641543292e-07,6.318169222484335e-06,19.619981444803095,0.5559999818082766,0.05667691209316091,6,-2.9447953421787854e-06,1.219281061119682e-06,8.980696804379628e-06,9.809976498102294,0.5559999874864733,0.1133539897050782,4,-2.1858141870598202e-06,-4.40301920742593e-11,3.127377092459258e-07,3.112921397730287e-07,4
1.645,0.5760000000000005,3.191944515259265e-07,2.2681115243530486e-06,29.429990946503338,0.5759999710073747,0.03914374095829009,4,-3.2790404784523164e-06,8.89443961183961e-07,6.318152643123042e-06,19.619981818747483,0.575999982141044,0.058715648919782246,6,-2.943303364109917e-06,1.2641846530737696e-06,8.980732339611136e-06,9.809975625774154,0.5759999879285657,0.11743148197335315,4,-2.185821251401987e-06,-4.1561297652023104e-11,2.8909476886355235e-07,2.8770305965445974e-07,4
1.6500000000000001,0.5960000000000001,3.3053517571555624e-07,2.2681670276935392e-06,29.42999183475508,0.5959999713274634,0.040502897498165304,4,-3.2790406798571814e-06,9.210346707411913e-07,6.318134611879288e-06,19.619982052315844,0.595999982420961,0.06075438609798444,6,-2.941922482853354e-06,1.3090884136776491e-06,8.980765027162825e-06,9.809974645328742,0.5959999882482541,0.12150897628100475,4,-2.1858280602471414e-06,-3.947992790879995e-11,2.67789504814576e-07,2.6644711414229335e-07,4
1.655,0.6160000000000005,3.4187617729567166e-07,2.2682224196083732e-06,29.429992620624894,0.6159999715542864,0.04186205409528959,4,-3.2790408719569897e-06,9.526252861870759e-07,6.318115271741479e-06,19.619982160824886,0.6159999825750515,0.06279312361506785,6,-2.9406418355221176e-06,1.3539923294494322e-06,8.980795082108228e-06,9.809973564406093,0.6159999884194002,0.12558647265971373,4,-2.1858346351752433e-06,-3.775136927923428e-11,2.4855104222624256e-07,2.472537974889502e-07,4
1.6600000000000001,0.6360000000000001,3.5321745560386336e-07,2.2682778377376568e-06,29.429993317058678,0.6359999716393836,0.043221210741542046,4,-3.279041056302584e-06,9.842158042742745e-07,6.318095700146607e-06,19.619982157224662,0.6359999827219475,0.06483186147931876,6,-2.9394518098538325e-06,1.3988963939153142e-06,8.980824412267083e-06,9.809972389478219,0.6359999886914481,0.12966397120008127,4,-2.1858409959760183e-06,-3.6318490574657304e-11,2.3114265153637668e-07,2.2988673104977237e-07,4
1.665,0.6560000000000006,3.6455901057928635e-07,2.268333163098857e-06,29.429993935365793,0.6559999717010617,0.04458036744022238,4,-3.2790412342921516e-06,1.0158062225350157e-06,6.318075597848105e-06,19.61998205281037,0.6559999828132715,0.06687059968225668,6,-2.9383438847133125e-06,1.4438006010314414e-06,8.980852585059397e-06,9.809971126194675,0.6559999888768271,0.13374147190406502,4,-2.185847160718346e-06,-3.5150120285251225e-11,2.1535782392071535e-07,2.1413974261834138e-07,4
1.67,0.6760000000000002,3.7590084230842906e-07,2.268388371503133e-06,29.42999448534804,0.6759999726263198,0.0459395242471331,4,-3.279041407157346e-06,1.0473965357851512e-06,6.3180538115149215e-06,19.61998185739965,0.6759999835990598,0.06890933829728361,6,-2.9373104919946935e-06,1.4887049390149383e-06,8.98087731328466e-06,9.809969779460339,0.675999989412742,0.13781897490206738,4,-2.1858531460833275e-06,-3.421564290088897e-11,2.0101611625392804e-07,1.9983263978966018e-07,4
1.675,0.6959999999999997,3.872429494514737e-07,2.268443510097036e-06,29.42999497541326,0.6959999722587862,0.04729868101168528,4,-3.2790415759112457e-06,1.0789867400494618e-06,6.318032187317965e-06,19.61998157938747,0.6959999833074958,0.07094807714179563,6,-2.936344897667975e-06,1.5336094008179454e-06,8.98090223093325e-06,9.809968353470406,0.6959999893294263,0.1418964800397561,4,-2.185858967287957e-06,-3.34684112909679e-11,1.8795945869968348e-07,1.8680766381899442e-07,4
1.68,0.7160000000000002,3.985853323228938e-07,2.268498604588097e-06,29.42999541315022,0.7159999724730869,0.04865783785702911,4,-3.2790417414697848e-06,1.1105768346532568e-06,6.318010030394229e-06,19.61998122636652,0.7159999834995394,0.07298681637241683,6,-2.9354410974874456e-06,1.5785139832503334e-06,8.980925885916238e-06,9.809966852020123,0.7159999895090038,0.14597398753932814,4,-2.18586463828635e-06,-3.289417552092234e-11,1.7604965979082336e-07,1.7492684505464065e-07,4
1.685,0.7359999999999998,4.099279904524244e-07,2.2685536711070967e-06,29.42999580477174,0.7359999730315538,0.0500169947637043,4,-3.279041904630936e-06,1.1421668176872826e-06,6.317987523896714e-06,19.619980804550607,0.7359999839970952,0.07502555597061433,6,-2.9345937273411726e-06,1.6234186819657485e-06,8.980948624815978e-06,9.8099652782089,0.7359999898805324,0.15005149743300847,4,-2.185870171873827e-06,-3.2476795612509497e-11,1.651651529962838e-07,1.6406884688650615e-07,4
1.69,0.7560000000000002,4.2127092350095813e-07,2.2686085951195266e-06,29.429996156029464,0.7559999730253951,0.051376151666299816,4,-3.279042066074711e-06,1.1737566862797384e-06,6.317964470256818e-06,19.6199803197052,0.7559999840323608,0.07706429585692062,6,-2.9337979855284524e-06,1.6683234904972823e-06,8.98097026172094e-06,9.809963634916162,0.755999989982271,0.15412900967165144,4,-2.1858755798256913e-06,-3.217991487029737e-11,1.551992952892111e-07,1.541272213814562e-07,4
1.695,0.7759999999999998,4.3261413103096685e-07,2.2686634691146352e-06,29.42999647157697,0.7759999730500117,0.05273530860253146,4,-3.2790422263666297e-06,1.2053464391380527e-06,6.317941266545339e-06,19.619979776469947,0.7759999840401368,0.07910303607660046,6,-2.9330495651749833e-06,1.7132284057542447e-06,8.980991433156088e-06,9.809961924462849,0.7759999900100686,0.15820652434439678,4,-2.1858808729388612e-06,-3.199623246767602e-11,1.4605804339865687e-07,1.4500811286958817e-07,4
1.7,0.7960000000000003,4.439576129670808e-07,2.268718298072571e-06,29.4299967555068,0.7959999736271418,0.054094465605280646,4,-3.279042386058334e-06,1.2369360743922006e-06,6.317917443451591e-06,19.6199791789304,0.7959999845090491,0.0811417766807685,6,-2.9323445951412452e-06,1.7581334229448067e-06,8.981011202746077e-06,9.809960148899592,0.795999990299054,0.1622840415693928,4,-2.1858860611845277e-06,-3.191529632100243e-11,1.376585497664739e-07,1.3662884272961942e-07,4
1.705,0.8159999999999998,4.553013685506321e-07,2.2687730248591347e-06,29.42999701158653,0.8159999731493841,0.0554536225625933,4,-3.2790425455730965e-06,1.2685255907996657e-06,6.317893850083599e-06,19.619978530873812,0.8159999841057486,0.08318051753437944,6,-2.931679589916747e-06,1.8030385397164925e-06,8.981031396221354e-06,9.809958310104125,0.8159999900898206,0.16636156124116278,4,-2.1858911537150916e-06,-3.1906192492200506e-11,1.299274690717344e-07,1.2891620506687046e-07,4
1.71,0.8360000000000003,4.6664539789288686e-07,2.268827750474346e-06,29.42999724311498,0.8359999734371679,0.05681277959567234,4,-3.279042705289087e-06,1.3001149889252903e-06,6.317870057243956e-06,19.619977835592323,0.8359999843571889,0.08521925879453475,6,-2.9310514046906877e-06,1.847943755973265e-06,8.981050980802083e-06,9.809956409723075,0.8359999902707783,0.17043908359107127,4,-2.1858961590168202e-06,-3.197862699504073e-11,1.228000044585575e-07,1.2180553453981532e-07,4
1.715,0.8559999999999999,4.779897007149631e-07,2.268882470642619e-06,29.42999745267086,0.8559999741189572,0.05817193667757335,4,-3.279042865570597e-06,1.3317042665255517e-06,6.317845709503518e-06,19.61997709567529,0.8559999851092573,0.08725800044873042,6,-2.930457196535785e-06,1.8928490667162934e-06,8.981069283965471e-06,9.80995444905384,0.855999990919214,0.17451660868859065,4,-2.1859010849584193e-06,-3.2126807129869813e-11,1.1621856623925783e-07,1.1523937510319912e-07,4
1.72,0.8760000000000003,4.893342763333289e-07,2.268936972402075e-06,29.429997642574595,0.8759999736267506,0.05953109370008882,4,-3.279043026709061e-06,1.3632934229811884e-06,6.317821610455012e-06,19.619976313396098,0.8759999845385834,0.08929674231466522,6,-2.929894391025256e-06,1.9377544709164686e-06,8.981088258523905e-06,9.809952429237601,0.8759999904401921,0.17859413626295678,4,-2.185905938666133e-06,-3.230443393202564e-11,1.1013189786105544e-07,1.0916660137931274e-07,4
1.725,0.8959999999999999,5.006791248621269e-07,2.2689915135843352e-06,29.42999781529277,0.8959999738332275,0.060890250788101466,4,-3.27904318894387e-06,1.3948824578748313e-06,6.317797187293788e-06,19.61997549128221,0.8959999847283014,0.09133548460612738,6,-2.9293606524927185e-06,1.98265996674746e-06,8.981106366929166e-06,9.809950351522335,0.8959999905840106,0.18267166672152765,4,-2.185910726940077e-06,-3.25457449032308e-11,1.0449458199183298e-07,1.0354185743936569e-07,4
1.73,0.9160000000000004,5.120242459395768e-07,2.2690460548673505e-06,29.42999797248978,0.9159999742965047,0.06224940791044241,4,-3.2790433525178853e-06,1.4264713700431914e-06,6.3177725084769555e-06,19.619974630981257,0.9159999852510218,0.09337422728412668,6,-2.9288538582125656e-06,2.0275655517322095e-06,8.981123826891402e-06,9.80994821674159,0.9159999910438781,0.18674920005808773,4,-2.1859154559975003e-06,-3.28428636772594e-11,9.926586515988205e-08,9.832450190331885e-08,4
1.735,0.9359999999999999,5.233696391014935e-07,2.26910040361232e-06,29.42999811563778,0.9359999738184629,0.0636085649846586,4,-3.279043517632335e-06,1.4580601586529872e-06,6.317747927652796e-06,19.61997373392746,0.935999984717184,0.09541297021194521,6,-2.928372075335084e-06,2.0724712242889046e-06,8.981141664252861e-06,9.809946025615767,0.935999990606404,0.190826736082404,4,-2.185920131597685e-06,-3.315224464255038e-11,9.440939967945255e-08,9.347829516607761e-08,4
1.74,0.9560000000000004,5.347153043502793e-07,2.2691548021556977e-06,29.429998246453643,0.955999974037414,0.06496772212024263,4,-3.279043684446814e-06,1.4896488243369499e-06,6.3177232466703465e-06,19.619972801885563,0.9559999849102833,0.09745171357407871,6,-2.927913541568572e-06,2.11737698510789e-06,8.981159110367672e-06,9.809943779011785,0.9559999907387384,0.19490427514662925,4,-2.185924759118274e-06,-3.3506341838559584e-11,8.98926748755035e-08,8.897076867357443e-08,4
1.745,0.976,5.460612413732021e-07,2.269209153776315e-06,29.429998366149203,0.9759999743185895,0.06632687927303445,4,-3.2790438531382637e-06,1.521237366285394e-06,6.3176984347546485e-06,19.619971836045117,0.9759999851534776,0.09949045730640704,6,-2.927476646687188e-06,2.1622828325702908e-06,8.981176275153583e-06,9.809941477533577,0.9759999908989477,0.19898181719720806,4,-2.1859293435760874e-06,-3.389681171721235e-11,8.5686538186781e-08,8.477286814505023e-08,4
1.75,0.9960000000000004,5.574074498985545e-07,2.2692634178054595e-06,29.429998475762165,0.9959999742172801,0.06768603641196663,4,-3.2790440238246454e-06,1.5528257835756705e-06,6.3176734724891e-06,19.619970837455273,0.9959999850864955,0.10152920137731229,6,-2.9270599176609013e-06,2.2071887648444534e-06,8.981193209826667e-06,9.809939121703277,0.9959999908844371,0.20305936225045687,4,-2.1859338896479397e-06,-3.4302712807728984e-11,8.176471027013903e-08,8.08583537843913e-08,4
1.7550000000000001,1.016,5.687539297091259e-07,2.269317650253925e-06,29.42999857633614,1.0159999743075483,0.06904519357499977,4,-3.2790441966239203e-06,1.584414075821347e-06,6.3176484157247725e-06,19.619969807150806,1.0159999851444808,0.10356794583589865,6,-2.9266620045140246e-06,2.252094781164572e-06,8.98120993722986e-06,9.80993671203954,1.0159999909058495,0.2071369104061462,4,-2.185938401698395e-06,-3.473633039401079e-11,7.810360417096589e-08,7.720371381063106e-08,4
1.76,1.0360000000000005,5.801006805926811e-07,2.2693718350857285e-06,29.42999866867315,1.0359999743689774,0.07040435074648853,4,-3.2790443716679274e-06,1.6160022424257325e-06,6.317623222751723e-06,19.61996874592932,1.0359999851913855,0.10560669067389121,6,-2.9262816682931736e-06,2.297000880407615e-06,8.981226422560452e-06,9.809934248940436,1.0359999909323228,0.2112144617165442,4,-2.1859428838214012e-06,-3.5192356721821616e-11,7.468191451579612e-08,7.378769745906598e-08,4
1.7650000000000001,1.056,5.914477021778411e-07,2.2694260130988293e-06,29.429998753741586,1.0559999743227986,0.07176350791985976,4,-3.2790445490260556e-06,1.6475902841091453e-06,6.317598364244694e-06,19.619967654770974,1.0559999851702135,0.10764543588974029,6,-2.925917770311981e-06,2.3419070644246292e-06,8.981243555492278e-06,9.809931732892506,1.055999990944218,0.21529201623360353,4,-2.1859473398472273e-06,-3.566114084445302e-11,7.148041748742497e-08,7.059112531785959e-08,4
1.77,1.0760000000000005,6.027949945792016e-07,2.2694801132842336e-06,29.429998832151796,1.075999974485757,0.07312266511612936,4,-3.279044728785041e-06,1.6791782000413797e-06,6.317573065731022e-06,19.619966534280323,1.0759999853120128,0.10968418151295092,6,-2.9255692622146e-06,2.3868133312328717e-06,8.981259914284581e-06,9.809929164197353,1.075999991033861,0.21936957403543067,4,-2.1859517733702205e-06,-3.614763879748693e-11,6.848178953881114e-08,6.759672420323969e-08,4
1.7750000000000001,1.096,6.141425572712464e-07,2.269534162009931e-06,29.42999890442585,1.0959999742992943,0.07448182229694011,4,-3.2790449110524367e-06,1.7107659892715147e-06,6.317547830360739e-06,19.61996538497595,1.0959999851389666,0.11172292750100692,6,-2.9252351776073993e-06,2.4317196797432484e-06,8.981276480595856e-06,9.80992654311489,1.0959999909192422,0.2234471351242627,4,-2.185956187707172e-06,-3.66510601021298e-11,6.567019359608006e-08,6.478869626684347e-08,4
1.78,1.1160000000000005,6.254903902493121e-07,2.2695882112329425e-06,29.42999897129389,1.1159999745692888,0.07584097951602639,4,-3.2790450958455897e-06,1.7423536527720399e-06,6.317522561998319e-06,19.619964207598507,1.1159999853685016,0.1137616739317284,6,-2.924914624773123e-06,2.4766261119247568e-06,8.981292985037438e-06,9.80992387002512,1.115999991055638,0.22752469964943373,4,-2.185960586112423e-06,-3.7166160952991726e-11,6.303137748645647e-08,6.215283014414131e-08,4
1.7850000000000001,1.1360000000000001,6.368384932357176e-07,2.2696421785986894e-06,29.429999033128034,1.1359999745408897,0.07720013672186297,4,-3.2790452832477668e-06,1.773941189277605e-06,6.317497141768405e-06,19.61996300251115,1.135999985327048,0.11580042074306174,6,-2.9246067788715746e-06,2.5215326257888054e-06,8.981309346134516e-06,9.809921145094286,1.135999991012863,0.23160226758416919,4,-2.1859649715072482e-06,-3.769118098044486e-11,6.055239622618879e-08,5.967621411899249e-08,4
1.79,1.1560000000000006,6.48186866035989e-07,2.269696118479747e-06,29.429999090397608,1.1559999745435012,0.07855929393628013,4,-3.2790454733422347e-06,1.805528598017967e-06,6.317471576395345e-06,19.619961770181572,1.1559999853345377,0.11783916797344908,6,-2.924310876763203e-06,2.56643922027618e-06,8.981325500641217e-06,9.809918368565937,1.1559999910218586,0.23567983903434836,4,-2.1859693467643493e-06,-3.822961960746283e-11,5.822138917658358e-08,5.734701739016946e-08,4
1.795,1.1760000000000002,6.595355084051357e-07,2.2697500394344275e-06,29.429999143616573,1.175999974578571,0.07991845115861294,4,-3.279045666132463e-06,1.837115879673819e-06,6.3174461589650465e-06,19.619960511136195,1.1759999853630059,0.11987791562531575,6,-2.924026211222064e-06,2.6113458973782572e-06,8.981342031927385e-06,9.809915540696098,1.175999991035654,0.23975741404848155,4,-2.185973714527445e-06,-3.87767463957823e-11,5.6027618010080375e-08,5.515454306718771e-08,4
1.8,1.1959999999999997,6.708844203063712e-07,2.269803959582389e-06,29.429999192999404,1.1959999749529409,0.08127760840968264,4,-3.279045861670493e-06,1.8687030337783906e-06,6.317420521175272e-06,19.61995922558769,1.1959999857681123,0.12191666374192353,6,-2.923752125870427e-06,2.6562526565207784e-06,8.981358191813523e-06,9.809912661595927,1.1959999913642487,0.24383499275103174,4,-2.1859780773084148e-06,-3.933977690688493e-11,5.396126141313894e-08,5.308898488224945e-08,4
1.805,1.2160000000000002,6.822336013485068e-07,2.26985773764832e-06,29.429999238937512,1.2159999746448,0.08263676561948156,4,-3.2790460600187754e-06,1.9002900594579512e-06,6.317394910668095e-06,19.61995791390236,1.2159999854149148,0.12395541221352757,6,-2.923488010779518e-06,2.7011594969550874e-06,8.98137471262777e-06,9.809909731445748,1.215999991055935,0.24791257500729835,4,-2.185982437515055e-06,-3.989491861726377e-11,5.201331904217776e-08,5.1141375299307627e-08,4
1.81,1.2359999999999998,6.935830514626895e-07,2.2699115367630035e-06,29.4299992816248,1.2359999746591082,0.08399592285622849,4,-3.279046261180779e-06,1.9318769572305715e-06,6.3173693174372895e-06,19.619956576295113,1.2359999854118278,0.12599416115988415,6,-2.9232332987225162e-06,2.7460664202736975e-06,8.981391327292718e-06,9.809906750355303,1.2359999910340496,0.25199016106636957,4,-2.1859867973886282e-06,-4.045718529492545e-11,5.017559644763347e-08,4.930354591551923e-08,4
1.815,1.2560000000000002,7.049327704927177e-07,2.2699653084879624e-06,29.429999321487973,1.2559999747757953,0.08535508010418073,4,-3.279046465191199e-06,1.963463726784984e-06,6.317343618690102e-06,19.619955213198843,1.2559999855250443,0.12803291056241567,6,-2.9229874612471396e-06,2.790973426607918e-06,8.981407882496095e-06,9.809903718537663,1.2559999911108255,0.25606775094792755,4,-2.1859911591010084e-06,-4.103134823434059e-11,4.844062885226529e-08,4.756804101306334e-08,4
1.82,1.2759999999999998,7.162827582297173e-07,2.2700190145095488e-06,29.429999358720174,1.275999974744677,0.08671423734615852,4,-3.2790466721298317e-06,1.995050366944358e-06,6.317317714486611e-06,19.619953824794948,1.2759999854876565,0.13007166040065768,6,-2.922750005365793e-06,2.8358805145132034e-06,8.981424253644835e-06,9.809900636086098,1.275999991071313,0.2601453446689353,4,-2.1859955247338636e-06,-4.161719782540215e-11,4.680154091311161e-08,4.592801272033688e-08,4
1.825,1.2960000000000003,7.276330144013307e-07,2.270072712047978e-06,29.429999393510386,1.295999974717887,0.08807339459229946,4,-3.279046881958514e-06,2.0266368782798613e-06,6.317291979980577e-06,19.619952411279364,1.2959999854634277,0.13211041069787377,6,-2.922520471189405e-06,2.880787686217203e-06,8.98144111057707e-06,9.809897503101546,1.2959999910492181,0.2642229423170769,4,-2.1859998961606952e-06,-4.219932061981465e-11,4.525194766117446e-08,4.4377107897103704e-08,4
1.83,1.3159999999999998,7.389835389685302e-07,2.2701263745602973e-06,29.42999942603973,1.3159999748432507,0.08943255185243741,4,-3.2790470947188788e-06,2.058223260751202e-06,6.317266141882711e-06,19.619950972825116,1.3159999855671913,0.134149161472415,6,-2.9222984287494147e-06,2.9256949424019687e-06,8.981457961790707e-06,9.80989431965735,1.315999991100791,0.26830054396483194,4,-2.186004275296638e-06,-4.2788042579885516e-11,4.378606987046718e-08,4.2909536543772953e-08,4
1.835,1.3360000000000003,7.503343317448128e-07,2.2701800240851296e-06,29.429999456553702,1.335999975117303,0.09079170912589278,4,-3.279047310456029e-06,2.089809513445605e-06,6.317240081286745e-06,19.619949509698145,1.3359999858698548,0.13618791273743797,6,-2.9220834754858926e-06,2.970602282320607e-06,8.981474552598153e-06,9.80989108589923,1.3359999913451936,0.2723781496953752,4,-2.186008663966621e-06,-4.339436823623484e-11,4.239859647029543e-08,4.1520019432622965e-08,4
1.84,1.3559999999999999,7.616853923982438e-07,2.2702335538252523e-06,29.429999485063426,1.3559999748242606,0.09215086636426682,4,-3.2790475291734344e-06,2.1213956356722804e-06,6.317214050088841e-06,19.619948021866524,1.3559999855338742,0.13822666441548223,6,-2.9218752343115884e-06,3.015509705965764e-06,8.98149156630582e-06,9.809887801809738,1.3559999910464047,0.2764557594218862,4,-2.1860130638429176e-06,-4.3981111334786613e-11,4.108456718491349e-08,4.0203607377703794e-08,4
1.845,1.3760000000000003,7.730367208718738e-07,2.2702871207812494e-06,29.429999511931655,1.375999974913378,0.09351002363119397,4,-3.2790477508780336e-06,2.1529816279793127e-06,6.3171880360700645e-06,19.61994650973687,1.375999985627413,0.1402654166202278,6,-2.921673351710674e-06,3.060417215441231e-06,8.981508742868483e-06,9.809884467587032,1.375999991111076,0.2805333733863096,4,-2.1860174766047402e-06,-4.4582210949314423e-11,3.983948980327379e-08,3.8955829276416176e-08,4
1.85,1.396,7.843883170354866e-07,2.2703406625933762e-06,29.429999537163294,1.3959999751589875,0.09486918091154993,4,-3.2790479756010515e-06,2.184567489702089e-06,6.31716182600854e-06,19.619944973306204,1.3959999858894188,0.14230416933266,6,-2.9214774956501377e-06,3.1053248106010505e-06,8.98152576977285e-06,9.809881083233886,1.3959999913123013,0.2846109916048241,4,-2.1860219038480344e-06,-4.519636678661182e-11,3.8659188721513645e-08,3.777250916607334e-08,4
1.855,1.4160000000000004,7.957401805642291e-07,2.270394090143679e-06,29.42999956082869,1.415999974875489,0.09622833815873949,4,-3.2790482033598356e-06,2.2161532201290694e-06,6.317135621077144e-06,19.619943412610983,1.4159999855716243,0.14434292248381014,6,-2.921287353914448e-06,3.1502324915926763e-06,8.981543205204981e-06,9.809877648769199,1.4159999910323076,0.2886886140134412,4,-2.186026347092418e-06,-4.579334170055855e-11,3.753975440382685e-08,3.664975252286075e-08,4
1.86,1.436,8.070923113844524e-07,2.2704475406774108e-06,29.42999958314674,1.435999974926838,0.09758749543096641,4,-3.279048434147447e-06,2.247738819631316e-06,6.3171094023687355e-06,19.619941827908704,1.4359999856165004,0.14638167617539405,6,-2.9211026328704315e-06,3.19514026040012e-06,8.981560805219457e-06,9.809874164315165,1.4359999910485353,0.29276624082950886,4,-2.186030807836692e-06,-4.64016071385765e-11,3.6477663725310474e-08,3.558404304663844e-08,4
1.865,1.4560000000000004,8.184447093090491e-07,2.2705009447486418e-06,29.429999604204262,1.4559999749447563,0.09894665270309806,4,-3.2790486679812325e-06,2.27932428779842e-06,6.317083108954928e-06,19.61994021927085,1.455999985619644,0.14842043037313132,6,-2.9209230557256105e-06,3.2400481176891094e-06,8.981578574007307e-06,9.809870629914643,1.4559999910256873,0.29684387204571244,4,-2.1860352875172073e-06,-4.701033798208637e-11,3.546965315785011e-08,3.4572136033345434e-08,4
1.87,1.476,8.297973742240196e-07,2.2705542994099316e-06,29.429999624121763,1.4759999750383284,0.1003058099823115,4,-3.279048904909765e-06,2.310909623568385e-06,6.317056502550598e-06,19.619938586822094,1.4759999856918973,0.15045918509482653,6,-2.920748361272263e-06,3.284956062780396e-06,8.98159605564631e-06,9.809867045624483,1.4759999910467472,0.3009215077395143,4,-2.186039787577254e-06,-4.763056007799033e-11,3.451268537816399e-08,3.361097749747279e-08,4
1.875,1.4960000000000004,8.411503056858573e-07,2.270607633181252e-06,29.429999642874932,1.495999974801586,0.10166496724125995,4,-3.27904914489488e-06,2.342494827233608e-06,6.317030227217816e-06,19.61993693053629,1.4959999854793296,0.15249794031202707,6,-2.9205783031518995e-06,3.3298640983199994e-06,8.981614507950279e-06,9.809863411435895,1.495999990895791,0.3049991479293834,4,-2.186044309335222e-06,-4.824178492650273e-11,3.360382649845272e-08,3.269767190454167e-08,4
1.8800000000000001,1.516,8.525035038062381e-07,2.2706609454650514e-06,29.429999660696446,1.5159999749128494,0.10302412452538738,4,-3.279049387953925e-06,2.374079899246182e-06,6.317003830206247e-06,19.619935250646563,1.515999985573471,0.1545366960906267,6,-2.9204126483980963e-06,3.37477222643234e-06,8.981633036868685e-06,9.809859727463653,1.5159999909366293,0.3090767927481043,4,-2.1860488541650125e-06,-4.886004059538547e-11,3.274059248262839e-08,3.182972289232402e-08,4
1.885,1.5360000000000005,8.63856968318908e-07,2.27071420504277e-06,29.429999677535534,1.5359999749582363,0.10438328180687638,4,-3.2790496341111863e-06,2.4056648388070215e-06,6.3169772881593765e-06,19.619933547099187,1.5359999856118254,0.1565754524014607,6,-2.920251176312394e-06,3.419680447440503e-06,8.981651666520287e-06,9.809855993678394,1.5359999909435766,0.3131544422126882,4,-2.1860534233364426e-06,-4.9479939394344654e-11,3.192052525428191e-08,3.100467666898346e-08,4
1.8900000000000001,1.556,8.752106990062478e-07,2.2707674069901075e-06,29.429999693499,1.5559999748802626,0.10574243908157284,4,-3.2790498833944193e-06,2.4372496451831287e-06,6.31695062178203e-06,19.619931820001526,1.5559999855169553,0.15861420924314246,6,-2.9200936777287745e-06,3.464588761799489e-06,8.981670460743326e-06,9.809852210138517,1.5559999908408604,0.31723209636792055,4,-2.1860580181679024e-06,-5.010228601302853e-11,3.114139505925417e-08,3.022031281333973e-08,4
1.895,1.5760000000000005,8.86564695622548e-07,2.2708206016967303e-06,29.429999708698137,1.5759999748401174,0.10710159636014711,4,-3.27905013576546e-06,2.4688343187979704e-06,6.316924100964755e-06,19.619930069469717,1.5759999854715414,0.16065296664068457,6,-2.919939954416917e-06,3.509497172409097e-06,8.981689894177267e-06,9.809848376897946,1.5759999907854116,0.3213097553060798,4,-2.1860626399361482e-06,-5.072326838965975e-11,3.04011074591447e-08,2.9474534121204745e-08,4
1.9000000000000001,1.596,8.979189580810466e-07,2.270873744033621e-06,29.429999723060995,1.5959999747895648,0.10846075363969225,4,-3.2790503912485947e-06,2.500418859458181e-06,6.316897489552535e-06,19.619928295425456,1.5959999854138922,0.16269172459575323,6,-2.9197898179164627e-06,3.554405680752739e-06,8.98170958590208e-06,9.809844493923222,1.5959999907175912,0.3253874190780995,4,-2.1860672899248756e-06,-5.1345167366420103e-11,2.969772858577679e-08,2.876542263700636e-08,4
1.905,1.6160000000000005,9.092734861866732e-07,2.2709268609318482e-06,29.429999736841435,1.615999974912641,0.10981991093188354,4,-3.279050649871579e-06,2.5320032668614717e-06,6.316870766525869e-06,19.619926498124528,1.615999985509344,0.1647304831303846,6,-2.9196430888778213e-06,3.5993142883670682e-06,8.981729465485364e-06,9.80984056133497,1.615999990746088,0.32946508776411243,4,-2.186071969341452e-06,-5.1977909225328153e-11,2.9029561785666064e-08,2.809126039985991e-08,4
1.9100000000000001,1.6360000000000001,9.206282796209267e-07,2.2709799090977e-06,29.42999974992818,1.6359999746413427,0.11117906819862174,4,-3.279050911617065e-06,2.5635875407473126e-06,6.316844135461183e-06,19.61992467746387,1.6359999852523306,0.16676924220116882,6,-2.919499596583386e-06,3.6442229971622382e-06,8.981750034741227e-06,9.809836579084077,1.6359999905455327,0.3335427613613279,4,-2.1860766794834507e-06,-5.2598387116616974e-11,2.839483966369338e-08,2.7450294900516568e-08,4
1.915,1.6560000000000006,9.319833382807658e-07,2.27103293821853e-06,29.42999976243521,1.6559999745490643,0.11253822547853376,4,-3.2790511764885233e-06,2.5951716816262502e-06,6.316817547127657e-06,19.61992283354665,1.6559999851503424,0.16880800186623274,6,-2.9193591782258888e-06,3.689131810334722e-06,8.981771127147972e-06,9.80983254722156,1.655999990439547,0.33762043999590513,4,-2.1860814215929336e-06,-5.322364163144695e-11,2.7792097167779078e-08,2.6841061888033625e-08,4
1.92,1.6760000000000002,9.433386619779473e-07,2.271085932090449e-06,29.429999774381777,1.6759999745353806,0.11389738276480076,4,-3.2790514444894225e-06,2.6267556895252554e-06,6.316790929302308e-06,19.619920966398084,1.67599998513126,0.17084676212525515,6,-2.9192216782561453e-06,3.7340407303499926e-06,8.981792647624152e-06,9.809828465763283,1.675999990398429,0.3416981237231089,4,-2.1860861969189016e-06,-5.3852056285094226e-11,2.7219906643484053e-08,2.6262122170534284e-08,4
1.925,1.6959999999999997,9.54694250459569e-07,2.271138866588069e-06,29.42999978583232,1.6959999744045067,0.1152565400439429,4,-3.27905171563711e-06,2.6583395643188393e-06,6.316764322652047e-06,19.619919076077416,1.6959999849852552,0.1728855229635671,6,-2.9190869478210035e-06,3.778949759577271e-06,8.981814736888004e-06,9.809824334737414,1.6959999902524767,0.34577581256920126,4,-2.186091006751989e-06,-5.4482176241307324e-11,2.6676973895834892e-08,2.5712187683252594e-08,4
1.93,1.7160000000000002,9.660501034833362e-07,2.2711917456032378e-06,29.42999979678204,1.7159999740702008,0.11661569731018707,4,-3.2790519899628112e-06,2.689923306142618e-06,6.316737804194466e-06,19.619917162582645,1.7159999846674951,0.17492428438384003,6,-2.9189548442151714e-06,3.823858900999903e-06,8.98183756809152e-06,9.809820154138519,1.7159999900037883,0.34985350659662207,4,-2.1860958523481355e-06,-5.511420933383645e-11,2.6162071272185388e-08,2.5190030155370167e-08,4
1.935,1.7359999999999998,9.774062208959735e-07,2.271244621109665e-06,29.42999980735531,1.7359999740848664,0.11797485460064432,4,-3.279052267421423e-06,2.721506915946757e-06,6.3167113970498044e-06,19.61991522604032,1.7359999846515346,0.17696304644042982,6,-2.918825230881217e-06,3.868768159198395e-06,8.981861117852954e-06,9.809815924035895,1.7359999899400242,0.3539312059233441,4,-2.1861007350673645e-06,-5.574354414032653e-11,2.567408549062444e-08,2.4694513294049404e-08,4
1.94,1.7560000000000002,9.887626024457016e-07,2.271297422625204e-06,29.429999817515814,1.7559999738990542,0.11933401187817459,4,-3.2790525480302923e-06,2.753090393795981e-06,6.316685039859957e-06,19.619913266412603,1.7559999844506196,0.17900180909124833,6,-2.918697976229956e-06,3.913677537257482e-06,8.981885409639237e-06,9.809811644405652,1.755999989749233,0.35800891054837863,4,-2.1861056562211267e-06,-5.637449010246995e-11,2.5212004667242047e-08,2.4224629746866604e-08,4
1.945,1.7759999999999998,1.0001192478620286e-06,2.271350181767632e-06,29.42999982728461,1.775999973640041,0.12069316915139822,4,-3.279052831792889e-06,2.784673740433814e-06,6.316658878498759e-06,19.619911283719965,1.7759999841870986,0.18104057235577534,6,-2.918572953744536e-06,3.958587039780236e-06,8.981910707597267e-06,9.809807315262695,1.7759999895195981,0.36208662055092344,4,-2.186110617218018e-06,-5.7006542734924305e-11,2.477484579103228e-08,2.3779391420658918e-08,4
1.95,1.7960000000000003,1.0114761569634069e-06,2.2714028872351948e-06,29.429999836718782,1.795999973384889,0.12205232642536971,4,-3.279053118754316e-06,2.816256956519756e-06,6.31663281713062e-06,19.61990927801627,1.7959999839188716,0.1830793362466008,6,-2.9184500412102188e-06,4.003496671185172e-06,8.981936864526063e-06,9.809802936629218,1.7959999892772394,0.36616433599722636,4,-2.186115619466633e-06,-5.7643926214253704e-11,2.4361778802418516e-08,2.335795554246382e-08,4
1.955,1.8159999999999998,1.0228333293720718e-06,2.271455524716413e-06,29.42999984580888,1.815999972835138,0.12341148367989231,4,-3.279053408862531e-06,2.8478400435875386e-06,6.316607218161659e-06,19.619907249297967,1.8159999833380986,0.18511810073955148,6,-2.918329120853158e-06,4.0484064381002175e-06,8.981964655873347e-06,9.809798508510825,1.8159999887835887,0.37024205690016077,4,-2.186120664451896e-06,-5.827149709840225e-11,2.3971939654788717e-08,2.2959460707111897e-08,4
1.96,1.8360000000000003,1.0341907650290778e-06,2.2715081728633356e-06,29.429999854683842,1.835999972722903,0.12477064096422005,4,-3.279053702127943e-06,2.8794230034426755e-06,6.316581819365519e-06,19.619905197692656,1.835999983237658,0.1871568659214088,6,-2.9182100785632437e-06,4.093316347326665e-06,8.981993463521834e-06,9.809794030952046,1.8359999886863756,0.3743197834518021,4,-2.1861257536864853e-06,-5.890654289213099e-11,2.3604682594470122e-08,2.258321810736967e-08,4
1.965,1.8559999999999999,1.0455484635495837e-06,2.271560715866663e-06,29.4299998632867,1.8559999722639011,0.1261297982253287,4,-3.279053998567899e-06,2.9110058370594774e-06,6.316556720949385e-06,19.61990312314156,1.8559999827668427,0.18919563171315576,6,-2.918092803456951e-06,4.138226404684436e-06,8.982023705413346e-06,9.80978950394449,1.8559999882886111,0.37839751557203516,4,-2.186130888814919e-06,-5.954232409759125e-11,2.3259315892122263e-08,2.2228542710761952e-08,4
1.97,1.8760000000000003,1.0569064246257123e-06,2.2716132068183145e-06,29.429999871647816,1.8759999716807558,0.1274889554782534,4,-3.279054298182399e-06,2.9425885467149366e-06,6.316532147737464e-06,19.61990102567733,1.8759999821722666,0.19123439814676663,6,-2.917977187995302e-06,4.183136618650058e-06,8.98205577948691e-06,9.809784927492132,1.8759999877967035,0.3824752533644593,4,-2.1861360714955924e-06,-6.01762827609343e-11,2.293521576227741e-08,2.1894786884230452e-08,4
1.975,1.896,1.0682646480341122e-06,2.2716656558308214e-06,29.42999987976608,1.8959999711601623,0.12884811273571994,4,-3.279054600995729e-06,2.9741711352360993e-06,6.3165081219512855e-06,19.619898905294846,1.8959999816371211,0.19327316524810892,6,-2.917863127359366e-06,4.228046998835609e-06,8.982089750162182e-06,9.809780301590559,1.8959999873443554,0.3865529969181752,4,-2.1861413035187405e-06,-6.08198977000563e-11,2.263186774712588e-08,2.1581412258426065e-08,4
1.98,1.9160000000000004,1.0796231334175772e-06,2.271718019047694e-06,29.42999988771932,1.9159999703291595,0.13020726997207202,4,-3.279054906983603e-06,3.005753605477541e-06,6.316484781316952e-06,19.619896762074543,1.9159999808021517,0.1953119329869053,6,-2.9177505193253572e-06,4.2729575553178354e-06,8.982126005506481e-06,9.809775626298629,1.9159999866749455,0.3906307462401931,4,-2.1861465868203145e-06,-6.145111544479617e-11,2.234877188215344e-08,2.1287911790052554e-08,4
1.985,1.936,1.090981880488693e-06,2.27177033561872e-06,29.429999895470377,1.9359999695025525,0.13156642720889208,4,-3.2790552161425512e-06,3.0373359615673562e-06,6.316462290246509e-06,19.619894595979193,1.9359999799610141,0.19735070140058433,6,-2.917639263966265e-06,4.317868300813767e-06,8.98216485002801e-06,9.809770901572307,1.9359999859891754,0.39470850143480396,4,-2.1861519234056548e-06,-6.208537253608823e-11,2.2085494141211735e-08,2.101381323109145e-08,4
1.99,1.9560000000000004,1.1023408889069005e-06,2.271822577479307e-06,29.42999990313406,1.9559999684857279,0.13292558443246405,4,-3.279055528486452e-06,3.068918208122985e-06,6.3164407994986835e-06,19.619892407125164,1.9559999789298703,0.1993894704763548,6,-2.9175292633812355e-06,4.362779249323113e-06,8.98220667784922e-06,9.80976612747869,1.9559999851587748,0.3987862625347841,4,-2.1861573154258185e-06,-6.272455546489594e-11,2.1841657561839526e-08,2.0758707891572004e-08,4
1.995,1.976,1.1137001583173678e-06,2.2718747442100892e-06,29.42999991058312,1.9759999672657866,0.13428474164250412,4,-3.279055844015305e-06,3.10050035074217e-06,6.3164205147198474e-06,19.619890195381494,1.975999977694333,0.2014282402211896,6,-2.917420421508221e-06,4.407690417067603e-06,8.982251949415739e-06,9.809761303955032,1.9759999841712301,0.4028640296017315,4,-2.186162765219213e-06,-6.335915006398748e-11,2.1616867764396745e-08,2.052217142116156e-08,4
2.0,1.9960000000000004,1.1250596883608213e-06,2.2719268424953758e-06,29.429999917964324,1.9959999658796463,0.13564389884087433,4,-3.2790561627291104e-06,3.132082396104068e-06,6.3164016512390526e-06,19.619887960900805,1.9959999763004823,0.20346701064533912,6,-2.9173126438672425e-06,4.452601822695943e-06,8.982301138223183e-06,9.809756431067903,1.9959999830689905,0.4069418027031897,4,-2.1861682753046563e-06,-6.399868826416307e-11,2.1410882972506695e-08,2.0303915359049326e-08,4
2.005,2.016,1.1364194786191425e-06,2.2719788493730154e-06,29.42999992516535,2.0159999641712525,0.1370030560175019,4,-3.279056484634807e-06,3.1636643522533397e-06,6.3163845386669984e-06,19.619885703562232,2.0159999745678316,0.20550578173875925,6,-2.917205837435488e-06,4.497513487959728e-06,8.982354996202225e-06,9.80975150876292,2.015999981695207,0.4110195818710273,4,-2.186173848429951e-06,-6.463586035702858e-11,2.1223362280199267e-08,2.0103552402600896e-08,4
2.0100000000000002,2.0359999999999996,1.1477795287021252e-06,2.272030772495566e-06,29.42999993229563,2.035999962191872,0.13836221317538125,4,-3.2790568097532113e-06,3.195246228870801e-06,6.31636947930857e-06,19.619883423480942,2.0359999725623794,0.20754455351408546,6,-2.9170999105918027e-06,4.54242543813964e-06,8.982414179086515e-06,9.80974653709028,2.035999980111523,0.41509736717732393,4,-2.1861794876065765e-06,-6.527998511056351e-11,2.1054080242922535e-08,1.992080009509159e-08,4
2.015,2.056000000000001,1.159139838088803e-06,2.2720826065161815e-06,29.429999939306313,2.0559999597192484,0.1397213702996501,4,-3.279057138056568e-06,3.2268280379322492e-06,6.316357077394474e-06,19.619881120612263,2.05599997007888,0.20958332595796275,6,-2.9169947730750545e-06,4.587337703648375e-06,8.982479972794724e-06,9.809741516030073,2.055999978179861,0.41917515865635335,4,-2.1861851961721412e-06,-6.591564730011553e-11,2.0902723079675323e-08,1.975529365276266e-08,4
2.02,2.0760000000000005,1.1705004063620613e-06,2.2721343406551028e-06,29.429999946154037,2.0759999568025114,0.14108052739387156,4,-3.2790574695344687e-06,3.258409794089712e-06,6.316347791014734e-06,19.619878794901624,2.075999967140657,0.21162209908046134,6,-2.9168903360812792e-06,4.63225032043609e-06,8.98255338346595e-06,9.809736445552588,2.0759999758933083,0.423252956369587,4,-2.1861909777418087e-06,-6.655015130500827e-11,2.0769028509593935e-08,1.9606697576874195e-08,4
2.025,2.096,1.1818612330074369e-06,2.272185971313769e-06,29.429999952852498,2.0959999533558116,0.14243968445216781,4,-3.2790578041973217e-06,3.289991514776464e-06,6.316342246634843e-06,19.619876446371563,2.095999963669073,0.21366087288044064,6,-2.916786512027758e-06,4.677163330568309e-06,8.982635751900709e-06,9.809731325653239,2.0959999731993153,0.42733076036814716,4,-2.186196836354015e-06,-6.718695746836486e-11,2.0652728718463122e-08,1.947462703037509e-08,4
2.0300000000000002,2.1159999999999997,1.1932223174219626e-06,2.2722374740349365e-06,29.429999959413887,2.115999949072101,0.14379884145363364,4,-3.2790581420485965e-06,3.3215732211520524e-06,6.316341313412946e-06,19.61987407503275,2.115999959363812,0.2156996473342839,6,-2.91668321516364e-06,4.722076784137649e-06,8.982728946450545e-06,9.809726156347242,2.1159999698779965,0.43140857066817695,4,-2.1862027766161862e-06,-6.782572472967216e-11,2.0553423342096637e-08,1.9358603842873163e-08,4
2.035,2.136000000000001,1.2045836589886254e-06,2.2722888574117715e-06,29.429999965678583,2.135999943887579,0.1451579983947396,4,-3.279058483074415e-06,3.3531549395464083e-06,6.316346088514357e-06,19.61987168072361,2.1359999541539585,0.21773842244366604,6,-2.9165803619654596e-06,4.7669907420741255e-06,8.982835244528953e-06,9.80972093754399,2.1359999658697895,0.43548638732317885,4,-2.186208803614531e-06,-6.845986813412649e-11,2.0470602365353246e-08,1.9257999510896934e-08,4
2.04,2.1560000000000006,1.2159452570471046e-06,2.27234009709018e-06,29.429999971656898,2.155999937541473,0.14651715525775388,4,-3.2790588272782473e-06,3.3847367021383653e-06,6.316357837008536e-06,19.619869263454873,2.155999947779126,0.21977719818908464,6,-2.916477871810208e-06,4.811905277599245e-06,8.982957325983102e-06,9.809715669242603,2.155999960978579,0.4395642103549452,4,-2.1862149231222094e-06,-6.909461194719255e-11,2.0403644987044715e-08,1.9172042475629565e-08,4
2.045,2.176,1.227307110819615e-06,2.2723911712877798e-06,29.4299999771139,2.1759999296499655,0.1478763120178132,4,-3.2790591746427455e-06,3.4163185487028876e-06,6.316378261291252e-06,19.619866822991543,2.175999939852209,0.22181597454089375,6,-2.9163756680647412e-06,4.856820479898797e-06,8.9830987515816e-06,9.809710351318289,2.1759999549106204,0.4436420397709696,4,-2.1862211416825983e-06,-6.972395563546682e-11,2.0351596415369866e-08,1.9099611909196097e-08,4
2.05,2.1959999999999997,1.2386692194690997e-06,2.2724420749760475e-06,29.42999998199887,2.195999919902713,0.14923546865415677,4,-3.2790595251470933e-06,3.4479005289112963e-06,6.316409504924214e-06,19.619864359285273,2.1959999300664768,0.2238547514756085,6,-2.9162736798690747e-06,4.901736458694431e-06,8.98326395183746e-06,9.809704983736744,2.1959999474380316,0.44771987558825127,4,-2.1862274669076642e-06,-7.035223350963746e-11,2.031319923127094e-08,1.903922736916122e-08,4
2.055,2.2159999999999993,1.2500315820287852e-06,2.2724927723132598e-06,29.42999998596406,2.2159999076688766,0.15059462512577268,4,-3.2790598787774128e-06,3.479482704800083e-06,6.316454322115329e-06,19.61986187198499,2.215999917789565,0.22589352894005532,6,-2.9161718443707074e-06,4.946653349367998e-06,8.983458643918985e-06,9.80969956630836,2.2159999380841864,0.45179771778028543,4,-2.1862339074987802e-06,-7.097459966824657e-11,2.0286576651574618e-08,1.898876281928899e-08,4
2.06,2.2360000000000007,1.2613941973773127e-06,2.272543227731698e-06,29.42999998861976,2.2359998921707747,0.15195378138195106,4,-3.279060235488601e-06,3.5110651547618555e-06,6.31651634444166e-06,19.619859360702335,2.235999902234906,0.22793230686592073,6,-2.916070110318969e-06,4.9915713210729975e-06,8.983690317218324e-06,9.80969409882471,2.235999926249823,0.4558755662967546,4,-2.1862404736353036e-06,-7.158744100148282e-11,2.0269059247158705e-08,1.8945243519125443e-08,4
2.065,2.2560000000000002,1.2727570641654033e-06,2.272593408440496e-06,29.42999998937104,2.255999872305777,0.15331293735104012,4,-3.279060595232086e-06,3.5426479789227284e-06,6.316600476466162e-06,19.619856824839836,2.2559998823189593,0.22997108515723083,6,-2.915968443352457e-06,5.036490587706325e-06,8.983969025067646e-06,9.809688580964668,2.255999911138502,0.45995342105277126,4,-2.186247177238254e-06,-7.218804323609561e-11,2.025674448106295e-08,1.890438357791716e-08,4
2.07,2.276,1.2841201809001994e-06,2.272643253278318e-06,29.42999998746999,2.275999846751148,0.15467209294734416,4,-3.279060957938479e-06,3.5742313059757874e-06,6.316713003374139e-06,19.619854263655746,2.275999856689794,0.2320098636926072,6,-2.9158668333473248e-06,5.081411421548958e-06,8.984307649507272e-06,9.80968301233127,2.275999891707188,0.4640312819172935,4,-2.1862540324629753e-06,-7.277342209259472e-11,2.024407915982672e-08,1.8860135768944776e-08,4
2.075,2.2959999999999994,1.2954835456330706e-06,2.2726926771450255e-06,29.429999981601846,2.2959998133312673,0.15603124803035073,4,-3.2790613235071653e-06,3.605815303022749e-06,6.316862655018284e-06,19.61985167582511,2.295999823164252,0.23404864227320352,6,-2.9157653056444133e-06,5.126334173592632e-06,8.984724029772098e-06,9.809677392231803,2.2959998663103027,0.46810914865120534,4,-2.1862610562889406e-06,-7.33377351333354e-11,2.0222820007166234e-08,1.8803637808856667e-08,4
2.08,2.3160000000000007,1.306847155881813e-06,2.2727415585884135e-06,29.42999996987779,2.3159997687658023,0.15739040238778632,4,-3.2790616917542648e-06,3.6374001904767014e-06,6.3170616020696594e-06,19.619849059471886,2.315999778497232,0.2360874205991035,6,-2.915663938098112e-06,5.17125930361774e-06,8.98524298031138e-06,9.809671719678741,2.31599983254098,0.4721870208755216,4,-2.1862682692760926e-06,-7.38514912820699e-11,2.0180746229815238e-08,1.872188715638693e-08,4
2.085,2.3360000000000003,1.3182110085515e-06,2.2727897446258436e-06,29.42999994943417,2.3359997087998647,0.15874955574675612,4,-3.279062062405691e-06,3.6689862632592084e-06,6.3173267465827975e-06,19.61984641171911,2.335999718370658,0.23812619827394207,6,-2.9155628865698557e-06,5.216187422882025e-06,8.985898857343448e-06,9.809665993168968,2.3359997871009215,0.47626489805618494,4,-2.1862756966126162e-06,-7.430663653688838e-11,2.009971586162217e-08,1.8595691167616978e-08,4
2.09,2.356,1.3295750993870554e-06,2.272836961759051e-06,29.42999991567887,2.3559996264181997,0.16010870765670904,4,-3.2790624350832742e-06,3.700573921566576e-06,6.3176823794213805e-06,19.619843727977944,2.35599963576335,0.24016497464795697,6,-2.91546242435492e-06,5.261119356727043e-06,8.986741033286915e-06,9.809660210323925,2.355999724712487,0.4803427793009539,4,-2.186283369710884e-06,-7.467147358634861e-11,1.9952115716182923e-08,1.8396072296850506e-08,4
2.095,2.3759999999999994,1.34093942236312e-06,2.272882793582508e-06,29.429999861258004,2.375999510705639,0.1614678574180649,4,-3.2790628091521057e-06,3.732163719704494e-06,6.3181643617821576e-06,19.61984100088609,2.3759995197343646,0.2422037487079592,6,-2.9153630053332935e-06,5.306056243428804e-06,8.987842290480036e-06,9.80965436733851,2.3759996371373924,0.4844206631883673,4,-2.186291328219736e-06,-7.488111922053463e-11,1.969528304194377e-08,1.807849277683552e-08,4
2.1,2.396000000000001,1.3523039686365278e-06,2.2729265538579605e-06,29.42999977401277,2.395999344172072,0.16282700391236724,4,-3.279063183560943e-06,3.7637564428931023e-06,6.3188269208098785e-06,19.61983821828069,2.3959993527114927,0.24424251882760498,6,-2.915265366297548e-06,5.350999689677466e-06,8.989312609802644e-06,9.809648457953953,2.3959995111091446,0.4884985474003194,4,-2.186299623209431e-06,-7.484081546020548e-11,1.92618249582953e-08,1.757297309027998e-08,4
2.105,2.4160000000000004,1.3636687244831383e-06,2.2729670231556423e-06,29.429999632890862,2.4159990972816203,0.1641861452544164,4,-3.2790635565681236e-06,3.7953532323201012e-06,6.319754719051682e-06,19.61983535908684,2.415999105028775,0.24628128226466647,6,-2.9151706989333226e-06,5.395952024132429e-06,8.991323719531615e-06,9.809642471371955,2.4159993242374513,0.49257642799688195,4,-2.186308321744379e-06,-7.436556362232183e-11,1.8542194983129795e-08,1.676627285122671e-08,4
2.11,2.436,1.3750336672726006e-06,2.273001956689797e-06,29.42999940020439,2.435998718027882,0.16554527812942899,4,-3.2790639250511455e-06,3.826955799379483e-06,6.321085386386768e-06,19.619832385586598,2.4359987244148886,0.24832003419197984,6,-2.9150809502387354e-06,5.440916732335615e-06,8.9941549010471e-06,9.809636388328105,2.435999037036795,0.4966542979993109,4,-2.186317514182856e-06,-7.311334751373921e-11,1.7352253252201784e-08,1.5468872536045605e-08,4
2.115,2.4559999999999995,1.3863987572824673e-06,2.27302691628119e-06,29.4299990043117,2.4559981097818735,0.16690439638968746,4,-3.279064283254196e-06,3.858566809009474e-06,6.323053073822113e-06,19.619829226049294,2.4559981136507165,0.25035876565020065,6,-2.914999371710081e-06,5.485899236091049e-06,8.998281858590112e-06,9.809630172316353,2.4559985759732066,0.5007321443991339,4,-2.186327325653936e-06,-7.039146967950617e-11,1.5368857742149448e-08,1.334943136592252e-08,4
2.12,2.476000000000001,1.3977639192102883e-06,2.2730324280307447e-06,29.429998300244932,2.4759970801910796,0.1682634878147766,4,-3.2790646197974893e-06,3.890190608763715e-06,6.326079939133102e-06,19.619825735308876,2.475997079006907,0.2523974588164635,6,-2.91493158392081e-06,5.530908379865869e-06,9.004563981885918e-06,9.809623749673818,2.4759977943081655,0.5048099412356147,4,-2.186337935430882e-06,-6.469777705102277e-11,1.1993578402570296e-08,9.79657569581442e-09,4
2.125,2.4960000000000004,1.4091289969481675e-06,2.272996217745589e-06,29.429996968180816,2.4959952124632805,0.16962252596640806,4,-3.2790649104157132e-06,3.921834722217049e-06,6.330984437247736e-06,19.61982159299523,2.495995200053001,0.2544360750909309,6,-2.9148877945944784e-06,5.575959486353153e-06,9.01467271181132e-06,9.809616958328302,2.4959963729170696,0.5088876321104433,4,-2.1863496109802982e-06,-5.246449066713357e-11,6.038030811484777e-09,3.600485903460333e-09,4
2.13,2.516,1.4236057068732117e-06,5.360240940435992e-06,29.54697856091186,2.5265262586814172,0.17101757145644642,4,-3.282333936913129e-06,3.961653455145358e-06,1.433818149533746e-05,19.740048404942428,2.5296772474573572,0.25629899132607875,6,-2.9200119914599143e-06,5.585927420233329e-06,-2.638316425171907e-05,9.937639166887765,2.5413451989326727,0.5114585378387334,6,-2.050667470700207e-06,-3.243744741209613e-06,-7.463544428125101e-06,0.0001282326803838399,4
2.1350000000000002,2.5359999999999996,1.4308347291318545e-06,2.414257728665379e-06,29.434220974100818,2.5347162003129853,0.17222920236572817,4,-3.278852162901663e-06,3.9823627214554665e-06,6.841854875366586e-06,19.623785273529098,2.5348593807548925,0.2583456092106973,6,-2.91622865822988e-06,5.650495100656643e-06,1.3443738926662093e-05,9.813367236628142,2.535549418436246,0.5167542103127197,4,-2.1512174810875417e-06,-1.9568673698091957e-07,-1.1111903826040963e-07,-1.105098969111635e-05,4
2.14,2.556000000000001,1.4432418931247013e-06,2.353728469909175e-06,29.427419016818284,2.557671629204625,0.17382915081630984,4,-3.279052476254374e-06,4.017831879628874e-06,6.943269383951197e-06,19.616989058340053,2.558291425532504,0.26082406611170134,6,-2.9191861455404866e-06,5.710218169710273e-06,1.1065718498521777e-05,9.808756802523375,2.557959476568622,0.5215664998260673,4,-2.177190328044032e-06,9.136619048252966e-08,-1.6027524662084121e-06,-4.303682365254865e-06,4
2.145,2.5760000000000005,1.454783634518711e-06,2.226966116000979e-06,29.428694717422534,2.5768669564226836,0.17512614685537603,4,-3.2790831605289394e-06,4.050771747149222e-06,6.523766887326386e-06,19.618226066017794,2.5777562523819557,0.2627919816712767,6,-2.9210610398774928e-06,5.759893042785874e-06,9.740169577198708e-06,9.809070746931793,2.5778313696382193,0.5256015449668454,4,-2.1839773623952285e-06,5.883942402360062e-08,-9.441816170470903e-07,-1.602592438324898e-06,4
2.15,2.596,1.4648428740939618e-06,2.342051983680115e-06,29.467296972878707,2.5920660715879147,0.17592832311518877,4,-3.2786651225809316e-06,4.082712288486805e-06,5.961786533506902e-06,19.659593283481282,2.598801261891692,0.2643799619268117,6,-2.9359381086141445e-06,5.787541639862897e-06,1.4788439013806251e-05,9.830928779194958,2.604263728609296,0.5298103133695077,4,-2.1262640937033672e-06,-1.57729842858703e-06,1.0487339852113597e-06,-1.8900059453472465e-05,4
2.1550000000000002,2.6159999999999997,1.4769814585800675e-06,2.7871966106799442e-06,29.41315068773275,2.6267984496497583,0.1786138776860317,4,-3.2786943574281135e-06,4.1276681333285656e-06,9.21388017987719e-06,19.60243173534687,2.6366464270456187,0.2690121779423162,6,-2.96866044555838e-06,5.873414616397883e-06,1.5605768910611394e-05,9.80184013767942,2.6369244351464833,0.5380468153137568,4,-2.17040537878882e-06,5.012189759384406e-07,-1.1582466351288756e-05,-1.5948526262689016e-05,4
2.16,2.636000000000001,1.5229940813829456e-06,1.4006405891156837e-05,29.401676111147545,2.7948493971599087,0.19011497076523817,4,-3.2828156093477057e-06,4.426905562138763e-06,-1.849927904873485e-05,19.59085292338665,2.777483635855556,0.283549026345854,6,-3.152679699310046e-06,6.535753946291196e-06,-3.3926953051741963e-05,9.79419191559298,2.7280480334724158,0.5570746534237682,5,-1.9924337148549687e-06,2.1678110396824173e-06,5.766587172585083e-05,6.75240116844294e-05,5
2.165,2.6560000000000006,1.5087379651463366e-06,-4.542053560357838e-06,29.41977686618248,2.6299851103360745,0.17879028262510016,4,-3.2787700124103925e-06,4.249053362700802e-06,-2.7741550338055822e-05,19.609588521455812,2.630761885654706,0.26831382849020624,6,-3.0134583554955463e-06,6.2705352274519636e-06,-4.025147715563863e-05,9.804100262921587,2.638267506637238,0.5381967617395711,5,-1.967582099686449e-06,2.494887121720926e-07,1.6280243778551334e-05,1.9098874361538615e-05,4
2.17,2.676,1.5060774418938756e-06,1.7052564137549435e-06,29.427067417461874,2.6609175335634463,0.18084829832445154,4,-3.2786290374946236e-06,4.20465481211006e-06,5.900011800926223e-07,19.61672378745719,2.661794546211493,0.27138013208030465,6,-2.9723812602980293e-06,6.20493380015157e-06,3.594556103410538e-07,9.807945176488364,2.6663145546925118,0.5437050282630472,5,-1.9609561763486716e-06,-3.625044784630188e-08,4.742484981287515e-06,5.395090188529845e-06,4
2.1750000000000003,2.6959999999999997,1.5200611639128109e-06,3.0042184299227287e-06,29.42915504142709,2.6949029467372805,0.1831451119098524,4,-3.278848155405939e-06,4.2332502422799845e-06,7.205814031494788e-06,19.61878597690212,2.694894584448568,0.27472592724354716,6,-2.960259931052145e-06,6.243196153075001e-06,9.793425662017977e-06,9.809067488267226,2.6952074903100525,0.5495338865868403,5,-1.9599370467554555e-06,-3.939311057013368e-08,1.3461896353935962e-06,1.3634548681136739e-06,4
2.18,2.7159999999999993,1.5337988988502073e-06,2.5560860212130813e-06,29.429781486876298,2.7167637380618093,0.1846268372242793,4,-3.2789830715848622e-06,4.268752885182593e-06,6.83356585070906e-06,19.619406758738144,2.7166736584270486,0.27693739080230745,6,-2.9567731532134656e-06,6.29177430522312e-06,9.38105572237639e-06,9.809401163426386,2.716433309485032,0.5538428420305714,5,-1.960349734028699e-06,-1.933202236084481e-08,3.8389855970258323e-07,2.659894520936025e-07,4
2.185,2.7360000000000007,1.5457091803579277e-06,2.308820115696146e-06,29.429947071055288,2.7362143187627184,0.1859476207793672,4,-3.279040543854861e-06,4.301373326384785e-06,6.395354630684755e-06,19.61956866852417,2.7361889311682326,0.2789244735596988,6,-2.955678722056654e-06,6.336691565192271e-06,8.820304456774663e-06,9.809483150435174,2.7361209204815884,0.5578522086273643,5,-1.9610017695723125e-06,-7.466339991739352e-09,1.3380720331049287e-07,3.791439618329638e-10,4
2.19,2.7560000000000002,1.557050049045696e-06,2.2564478559834867e-06,29.429941858365893,2.7559789782642423,0.18729082045269585,4,-3.2790574850359577e-06,4.333180468793799e-06,6.362886262665237e-06,19.619559622278242,2.755976659832807,0.2809417451657134,6,-2.9555069685285873e-06,6.380673750108762e-06,8.820143738993026e-06,9.809475670743721,2.7559801595939115,0.5619016249387287,5,-1.961613929589434e-06,-2.271641523025898e-09,-4.468089621653707e-08,-1.5955754783964367e-07,5
2.195,2.776,1.5683320951732e-06,2.2574988730231727e-06,29.429995216325242,2.7759801671202227,0.1886497192211806,4,-3.279066556543392e-06,4.36509863557096e-06,6.394955231853289e-06,19.619607241011945,2.7759808870339677,0.2829802710047306,6,-2.9559356857222774e-06,6.42498696521455e-06,8.884443716738897e-06,9.809495825875398,2.775986138102176,0.5659793708825901,5,-1.9621762549493216e-06,-1.4302592329637555e-09,-1.0111631023676542e-07,-2.108615950759439e-07,6
2.2,2.7959999999999994,1.579620759858756e-06,2.2575712851664764e-06,29.430006129799096,2.795996717176325,0.19000993101019187,4,-3.279070927165312e-06,4.39711107594172e-06,6.405104623269074e-06,19.619612600789697,2.795996560863013,0.28502056770993256,6,-2.9564310331242627e-06,6.46948617246176e-06,8.906127059210717e-06,9.80949319026377,2.795997167214581,0.5700594542416719,5,-1.962717643182177e-06,-5.971391995582346e-10,-9.577060908569384e-08,-2.0303527128246333e-07,6
2.205,2.8160000000000007,1.5909057283711193e-06,2.2566324586294623e-06,29.430006468130678,2.8159998567159725,0.19136929920592288,4,-3.2790726457870845e-06,4.429140053244728e-06,6.405889774166835e-06,19.619607339879586,2.8159996930023583,0.28705974020983044,6,-2.9568610116978422e-06,6.514035089479277e-06,8.911398178424645e-06,9.809486228028863,2.8159995215187483,0.5741380243692132,5,-1.9632481130099633e-06,-2.2187628015286216e-10,-8.0043170509331e-08,-1.8551834238839534e-07,6
2.21,2.8360000000000003,1.602187203671088e-06,2.256135255889668e-06,29.43000490870122,2.8359996900183098,0.19272845511349698,4,-3.2790733287685336e-06,4.4611694162739175e-06,6.405893226820588e-06,19.619600102493365,2.835999627112289,0.2890986169235809,6,-2.957219014977641e-06,6.5585999327879214e-06,8.913921077707802e-06,9.809478286126526,2.835999585004813,0.5782161909702674,5,-1.963772858576407e-06,-1.0093725069521704e-10,-6.666840750910201e-08,-1.7136124078004785e-07,6
2.215,2.856,1.6134672942395276e-06,2.2559629354166864e-06,29.430003701406005,2.8559996289594585,0.19408761602180935,4,-3.279073739939631e-06,4.493199344297651e-06,6.4060465981505745e-06,19.61959315086972,2.8559996063926256,0.29113749550571305,6,-2.957520304346095e-06,6.603175892055761e-06,8.915989439862536e-06,9.809470512514201,2.8559996115269684,0.5822943466486787,5,-1.9642951723033986e-06,-7.5934292768927e-11,-5.649132516602511e-08,-1.6082695889058515e-07,6
2.22,2.8759999999999994,1.6247468496506724e-06,2.2558809009037304e-06,29.43000286462248,2.8759997475170005,0.19544678678738506,4,-3.2790741146294933e-06,4.525229780793947e-06,6.406091387072323e-06,19.61958651964326,2.87599973330507,0.2931763857944305,6,-2.957778145483425e-06,6.647761033774715e-06,8.91766926525126e-06,9.80946288922613,2.875999713960186,0.5863725152819399,5,-1.964816068705799e-06,-7.550945926721604e-11,-4.86767017927328e-08,-1.527570347110195e-07,6
2.225,2.896000000000001,1.6360260545717912e-06,2.2558152594237596e-06,29.43000225074207,2.895999869533802,0.19680595637472506,4,-3.279074503263063e-06,4.557259927590864e-06,6.405967348109061e-06,19.61958006806594,2.8959998568909397,0.2952152744191147,6,-2.958002271589988e-06,6.692353493359221e-06,8.918999417411558e-06,9.809455330007784,2.895999807356417,0.5904506845548007,5,-1.9653357761356682e-06,-7.933537485155946e-11,-4.258409416188518e-08,-1.464357175559637e-07,6
2.23,2.9160000000000004,1.6473049473771996e-06,2.255754645778313e-06,29.43000178991727,2.9159999615869427,0.19816512295190994,4,-3.2790749118494222e-06,4.589289035119945e-06,6.405708921151419e-06,19.619573728083605,2.915999949787558,0.29725415956551327,6,-2.9581999190023134e-06,6.736951774627702e-06,8.920063714022666e-06,9.809447798227541,2.915999877329482,0.5945288536743875,5,-1.9658543995784705e-06,-8.323962777252043e-11,-3.7777086950047376e-08,-1.4141976393372983e-07,6
2.235,2.936,1.6585835487344247e-06,2.2556978265216057e-06,29.43000144162866,2.936000031722027,0.19952428731920227,4,-3.279075338192411e-06,4.621316536719168e-06,6.405349454955931e-06,19.619567459566525,2.936000020647212,0.2992930426930095,6,-2.9583765239551973e-06,6.781554756772516e-06,8.920928227900346e-06,9.809440273843451,2.935999930760814,0.5986070252325325,5,-1.966372034450936e-06,-8.652561259010079e-11,-3.393730384879138e-08,-1.373895606657281e-07,6
2.24,2.9559999999999995,1.669861875085118e-06,2.255643935882019e-06,29.430001175676857,2.95600008694764,0.2008834501434338,4,-3.2790757790099323e-06,4.6533419953047065e-06,6.404910459550335e-06,19.619561232451304,2.9560000763821987,0.3013319249456906,6,-2.9585361980069558e-06,6.8261615842417715e-06,8.921638844554627e-06,9.809432742311467,2.9559999724529695,0.6026852010927649,5,-1.9668887640544863e-06,-8.917191354624472e-11,-3.0832137296460647e-08,-1.3410909530148656e-07,6
2.245,2.976000000000001,1.6811399395005986e-06,2.2555924627383743e-06,29.430000968884897,2.9760001319699287,0.20224261189228832,4,-3.2790762313841815e-06,4.685365060651188e-06,6.404406994860448e-06,19.619555023600036,2.9760001218412384,0.3033708071626963,6,-2.958682090249687e-06,6.870771586651863e-06,8.92222696016602e-06,9.809425191598368,2.9760000064034533,0.6067633828233594,5,-1.967404658194394e-06,-9.128205849390932e-11,-2.8293167469190228e-08,-1.3140820732599349e-07,6
2.25,2.9960000000000004,1.6924177524070933e-06,2.2555428976190993e-06,29.43000080562353,2.9960001690795486,0.20360177282136319,4,-3.2790766930947124e-06,4.717385443965256e-06,6.40384991034062e-06,19.619548817427578,2.9960001593038466,0.30540968981331224,6,-2.958816650674989e-06,6.9153842244652306e-06,8.922716030841668e-06,9.809417614026561,2.9960000342511974,0.6108415712604985,5,-1.9679197778357804e-06,-9.300635386706043e-11,-2.6197679051737342e-08,-1.2916233413190907e-07,6
2.255,3.016,1.7036953224491528e-06,2.2554949533265855e-06,29.43000067501897,3.016000200073296,0.2049609331224626,4,-3.279077162573335e-06,4.749402903168152e-06,6.403247580640806e-06,19.61954260307449,3.0160001906041582,0.3074485732538469,6,-2.9589418146167e-06,6.959999058288812e-06,8.923124093601591e-06,9.809410004203018,3.0160000573890593,0.6149197670597518,5,-1.968434175970979e-06,-9.445421436522089e-11,-2.445462351183284e-08,-1.2727887063652005e-07,6
2.2600000000000002,3.0359999999999996,1.7149726570807787e-06,2.255448418206218e-06,29.430000569244918,3.0360002263368138,0.2063200929400939,4,-3.279077638675132e-06,4.781417232167564e-06,6.40260648954564e-06,19.61953637273935,3.0360002171300486,0.30948745775139347,6,-2.9590591316200343e-06,7.00461572624143e-06,8.923465092123469e-06,9.809402358226759,3.036000076863802,0.6189979707209438,5,-1.968947898715878e-06,-9.571059425423505e-11,-2.2995268180142892e-08,-1.2568779935468329e-07,6
2.265,3.056000000000001,1.7262407196334575e-06,2.2485650437602526e-06,29.429996898614498,3.0560049159668634,0.20767959483616077,4,-3.27907802104635e-06,4.813437196786911e-06,6.407315922548604e-06,19.619526437279607,3.056000274076871,0.31152640547634014,6,-2.9591731602884863e-06,7.049233949443395e-06,8.926552664333955e-06,9.809394193047844,3.055997319261208,0.6230756475108459,5,-1.96945826409084e-06,2.749722978471942e-12,-2.4969776152378417e-08,-1.248163178597149e-07,6
2.27,3.0760000000000005,1.7374529046726735e-06,2.2408485858859454e-06,29.42999036201091,3.0759890441208797,0.2090377201136604,4,-3.2790773951234253e-06,4.845489220580068e-06,6.41481015027123e-06,19.61951388122179,3.0759886487486923,0.3135642062663724,6,-2.9594757050346865e-06,7.094054671589841e-06,8.983311455235082e-06,9.809383100069523,3.0759904766331374,0.6271526853939137,5,-1.969866633623474e-06,-1.3173498128322284e-10,-7.623150475652454e-08,-1.513555681539923e-07,6
2.275,3.096,1.748653118114831e-06,2.239494978730538e-06,29.429998991387727,3.0959982486267847,0.2103974417078835,4,-3.279078512698208e-06,4.87758329208235e-06,6.420317189599057e-06,19.619516149479264,3.095997960175441,0.31560390547731365,6,-2.959901019596034e-06,7.1390359394233655e-06,9.001298634906576e-06,9.8093787880576,3.0959981354896717,0.6312322528025701,5,-1.9702222724404805e-06,-2.323423170788667e-10,-8.837658581470367e-08,-1.576916247667025e-07,6
2.2800000000000002,3.1159999999999997,1.7598481132284223e-06,2.238616326684246e-06,29.43000132918888,3.116000732380127,0.21175675104639943,4,-3.279079487942399e-06,4.909683448081908e-06,6.4196936197467345e-06,19.619512171629605,3.116000498198914,0.31764301486606206,6,-2.9603430645175344e-06,7.184054905992001e-06,9.004553308266913e-06,9.809371841459244,3.116000168638426,0.6353108474221911,5,-1.970560352664019e-06,-1.6642036296116862e-10,-8.790540925915383e-08,-1.547236697187525e-07,6
2.285,3.136000000000001,1.7710384939993386e-06,2.237785249940122e-06,29.430001390287075,3.136000382177799,0.21311588406603257,4,-3.279080158308939e-06,4.94178087278855e-06,6.419414817125203e-06,19.619505896532655,3.1360002547617434,0.3196818789729019,6,-2.960772195532979e-06,7.229078505261293e-06,9.004779793606639e-06,9.809363939723463,3.1360001145324916,0.6393890845120176,5,-1.970892699668103e-06,-1.1844643413167639e-10,-8.46365583287714e-08,-1.5094030404467097e-07,6
2.29,3.1560000000000006,1.7822258907862661e-06,2.237299961261535e-06,29.430001230738384,3.156000123478389,0.21447502490635856,4,-3.279080698543463e-06,4.973878300943356e-06,6.419568111952225e-06,19.619499355142754,3.1560000391626324,0.32172075158843105,6,-2.9611853160430024e-06,7.274102848975963e-06,9.004931907071617e-06,9.809355906580336,3.156000003608699,0.6434673252076791,5,-1.9712236396518534e-06,-1.0392522145492174e-10,-8.150008634175168e-08,-1.4763751639774047e-07,6
2.295,3.176,1.7934112094577173e-06,2.236910714878973e-06,29.43000112850737,3.1760000873479233,0.21583418046637387,4,-3.2790812087672705e-06,5.005976967601459e-06,6.419847006124629e-06,19.619492826555764,3.176000011687343,0.32375964452949574,6,-2.9615835634988485e-06,7.319127948177442e-06,9.005073544339429e-06,9.809347868794758,3.175999993187205,0.6475455933804964,5,-1.97155413776684e-06,-1.0147929355026217e-10,-7.861513457627115e-08,-1.4469500194164588e-07,6
2.3000000000000003,3.1959999999999997,1.8045946385465322e-06,2.236536382845704e-06,29.43000104707446,3.196000093202768,0.21719333873557384,4,-3.2790817161149066e-06,5.038077049445678e-06,6.420127978178432e-06,19.619486276772413,3.1960000185745057,0.3257985426823599,6,-2.961968016405858e-06,7.364153651165867e-06,9.005181963248107e-06,9.809339796228736,3.1959999993531514,0.6516238739291862,5,-1.971884418722203e-06,-1.0157662014149291e-10,-7.593649015533191e-08,-1.419775904724684e-07,6
2.305,3.216000000000001,1.8157762026361566e-06,2.236163878719527e-06,29.430000968755856,3.216000097457408,0.2185524968804215,4,-3.2790822255199248e-06,5.070178510437505e-06,6.420400895480868e-06,19.619479689021,3.216000023016375,0.3278374425817255,6,-2.9623396653952194e-06,7.4091798400236685e-06,9.0052736266708e-06,9.80933167641139,3.2160000027218034,0.6557021637784671,5,-1.972214517004245e-06,-1.021167960454998e-10,-7.345428573110626e-08,-1.3946001602311178e-07,6
2.31,3.2360000000000007,1.826955906076957e-06,2.2357919495191445e-06,29.430000895314773,3.2360000999921903,0.21991165487917863,4,-3.279082738193162e-06,5.102281321305606e-06,6.420669182325278e-06,19.619473065212595,3.236000025635443,0.3298763442707556,6,-2.962699468221641e-06,7.4542064633355775e-06,9.005357890304594e-06,9.809323509936927,3.2360000046247084,0.6597804632188169,5,-1.9725444466434094e-06,-1.0282550202828796e-10,-7.115972485735614e-08,-1.3713285722500183e-07,6
2.315,3.2560000000000002,1.8381337506869446e-06,2.2354202513221225e-06,29.43000082840267,3.2560001023525076,0.2212708128237745,4,-3.2790832546168713e-06,5.134385462332339e-06,6.4209337363533984e-06,19.61946640700713,3.2560000280204955,0.33191524789457155,6,-2.9630483186007806e-06,7.499233491506667e-06,9.005436829844196e-06,9.809315297618479,3.2560000063082795,0.6638587725075523,5,-1.9728742216493234e-06,-1.0359331095583665e-10,-6.903770160512938e-08,-1.3498092434422341e-07,6
2.32,3.276,1.8493097370309748e-06,2.235048613027663e-06,29.43000076784173,3.2760001045811413,0.22262997071755694,4,-3.2790837749298307e-06,5.166490915448603e-06,6.421194735440105e-06,19.619459714236037,3.276000030256064,0.3339541534753857,6,-2.9633870308534704e-06,7.544260900279271e-06,9.005511181368869e-06,9.809307039418698,3.2760000078517773,0.6679370917205817,5,-1.973203854102601e-06,-1.0437430933291787e-10,-6.707225290000809e-08,-1.3298776856513366e-07,6
2.325,3.2959999999999994,1.8604838652621533e-06,2.2346770055405924e-06,29.430000712806326,3.2960001066246534,0.2239891285622983,4,-3.2790842991112235e-06,5.198597663355325e-06,6.4214523834267886e-06,19.619452986078894,3.296000032306414,0.3359930610343837,6,-2.9637163436666003e-06,7.589288669075601e-06,9.00558164197677e-06,9.809298734881711,3.2960000092611454,0.6720154209475998,5,-1.973533352780943e-06,-1.0514305617687775e-10,-6.524888226153182e-08,-1.3113832106687478e-07,6
2.33,3.3160000000000007,1.8716561355663813e-06,2.2343054337239722e-06,29.430000662692926,3.3160001085947886,0.22534828636944823,4,-3.2790848271055384e-06,5.23070569006149e-06,6.421706897921442e-06,19.619446221936798,3.3160000342800156,0.33803197060397616,6,-2.964036928530811e-06,7.63431677872789e-06,9.005648293835377e-06,9.809290383712888,3.316000010612977,0.6760937602823512,5,-1.9738627262400055e-06,-1.0590234924973836e-10,-6.355481292871802e-08,-1.2941988091403227e-07,6
2.335,3.3360000000000003,1.882826548109765e-06,2.23393390339269e-06,29.430000617016404,3.3360001104202976,0.22670744413721997,4,-3.279085358839917e-06,5.2628149802732845e-06,6.421958418175295e-06,19.619439421311107,3.3360000361262983,0.3400708821988721,6,-2.9643493972067447e-06,7.679345211033554e-06,9.005711448023472e-06,9.80928198563602,3.3360000119004205,0.6801721098007806,5,-1.9741919822097165e-06,-1.0663764729441235e-10,-6.197859228671023e-08,-1.2782071830192301e-07,6
2.34,3.356,1.8939951031136705e-06,2.2335624088628997e-06,29.43000057513223,3.356000112086226,0.22806660186897718,4,-3.2790858942519097e-06,5.294925519689916e-06,6.422207163117295e-06,19.61943258359084,3.356000037793281,0.3421097958358029,6,-2.9646543081504606e-06,7.724373949091357e-06,9.005771319472122e-06,9.809273540379206,3.3560000130327534,0.6842504695618913,5,-1.9745211278579533e-06,-1.0737821578982882e-10,-6.051011151861376e-08,-1.2633072827189944e-07,6
2.345,3.3759999999999994,1.905160316354048e-06,2.23260249726371e-06,29.43000079365156,3.375999813250277,0.22942573715312473,4,-3.279086442965762e-06,5.327040328071512e-06,6.423778993962576e-06,19.61942596697802,3.3760000465030093,0.3441487077333705,6,-2.964947943377705e-06,7.769401765089545e-06,9.005292779648654e-06,9.809265759938443,3.3759999470674567,0.6883287760140454,5,-1.9748580596390397e-06,-1.1396119350832329e-10,-5.725697637956628e-08,-1.2641994393431273e-07,7
2.35,3.396000000000001,1.916326873889107e-06,2.23386911612708e-06,29.430000395057103,3.3960005777000015,0.23078494951501086,4,-3.279084909834501e-06,5.359153852798725e-06,6.421780796921835e-06,19.619419162442846,3.395999956417998,0.34618761425097727,6,-2.96524040216406e-06,7.814430109172076e-06,9.005893213226843e-06,9.809255937104325,3.395999931632011,0.6924072434049476,5,-1.975185240782329e-06,6.977032665791901e-10,-5.9307145129000815e-08,-1.2174127809555954e-07,6
2.355,3.4160000000000004,1.927491621843373e-06,2.2324953564081258e-06,29.4300003664758,3.4160002101821036,0.2321440820689439,4,-3.279084694884915e-06,5.391266959676048e-06,6.4230146886604046e-06,19.619411863879538,3.416000020608371,0.3482265466782338,6,-2.9655279126863943e-06,7.859460388819779e-06,9.006158180712645e-06,9.809247766806099,3.4159999858071153,0.6964856158219701,5,-1.975507085916206e-06,-2.635147186277957e-10,-5.651555304972433e-08,-1.2173248856112591e-07,6
2.36,3.436,1.9386521062425312e-06,2.2319034871839732e-06,29.430000366724016,3.4360001685249095,0.23350323654157576,4,-3.2790868913327997e-06,5.423383382683692e-06,6.423394249506971e-06,19.619404754109425,3.4360000927470327,0.35026547806220654,6,-2.965803694764124e-06,7.90449160753266e-06,9.006248757454795e-06,9.809239192518206,3.4360000554126313,0.7005640270314479,5,-1.9758360200669567e-06,-4.5221690139624775e-10,-5.51069357806746e-08,-1.211285561779118e-07,6
2.365,3.4559999999999995,1.949831181736471e-06,2.237958123219204e-06,29.430002776043963,3.4559818657500943,0.23486113080242488,4,-3.279088561243537e-06,5.455519148147576e-06,6.43557540530312e-06,19.619400127591547,3.4559830765528474,0.3523026243491064,6,-2.9660547489970823e-06,7.949576229462635e-06,9.028075439182893e-06,9.809231766668912,3.455988640601623,0.7046400213204936,5,-1.9761654976788168e-06,-2.0756996046839709e-10,-4.694227626153591e-08,-1.1270108878553174e-07,6
2.37,3.476000000000001,1.961033264697821e-06,2.2413919838251305e-06,29.430000654789904,3.475995342047068,0.2362212208433186,4,-3.2790892186586318e-06,5.487739346511926e-06,6.4474282792495885e-06,19.619391002284814,3.475995642791786,0.3543428684801666,6,-2.9662780154995905e-06,7.994774363561294e-06,9.04439793511112e-06,9.809221986309003,3.475997027803,0.7087202293218653,5,-1.9764943532812884e-06,-1.0992111323799441e-10,-4.389723066453044e-08,-1.0968108217452197e-07,6
2.375,3.4960000000000004,1.9722409805777954e-06,2.241434130757009e-06,29.430000194104473,3.4960007633846875,0.23758075027706044,4,-3.2790897498725935e-06,5.519980667613651e-06,6.44813169095414e-06,19.619383442002647,3.4960006704767217,0.35638231760048295,6,-2.9664941278012558e-06,8.040004313857156e-06,9.046150634930795e-06,9.809212982937197,3.4960003801350914,0.7127993624394269,5,-1.9768231870678776e-06,-1.0651151885338754e-10,-4.3082716425363546e-08,-1.0883033822456809e-07,6
2.38,3.516,1.9834443117090875e-06,2.240023766992791e-06,29.430000326120037,3.5160005231382905,0.23893989019209974,4,-3.279090308005994e-06,5.55222192884745e-06,6.4487895771370234e-06,19.6193764278539,3.5160008987032527,0.35842126905843325,6,-2.9667019087672997e-06,8.085230648364352e-06,9.044488252832794e-06,9.80920512716552,3.5160004134359113,0.7168777424582005,5,-1.9771637826404564e-06,-1.1766775922934107e-10,-4.009341862229477e-08,-1.1088714454804857e-07,7
2.3850000000000002,3.5359999999999996,1.99464603637132e-06,2.2404478466516973e-06,29.430000139035524,3.536000511256514,0.24029904821960327,4,-3.2790908825082454e-06,5.584458841500786e-06,6.446671760895081e-06,19.61936905025088,3.5360005363311044,0.36046016844623124,6,-2.9669055594885863e-06,8.130453948751554e-06,9.044724808776564e-06,9.80919543711925,3.5360002581715295,0.7209562253782512,5,-1.977505303271676e-06,-1.1161462079440505e-10,-4.117252304233789e-08,-1.0841311321447165e-07,7
2.39,3.556000000000001,2.0058481525573546e-06,2.240374221836482e-06,29.429999965094996,3.5560005150076095,0.24165820721883452,4,-3.279091440641646e-06,5.616688573630438e-06,6.4455196212461625e-06,19.619361649038893,3.556000483006497,0.36249910130798746,6,-2.9671122227722946e-06,8.175677572498752e-06,9.04470206943103e-06,9.809186276761656,3.5560002499990335,0.7250347071955064,5,-1.9778381795884648e-06,-1.1230560761772021e-10,-4.159410800128073e-08,-1.0789028584551772e-07,7
2.395,3.5760000000000005,2.017049401009222e-06,2.2401574334193345e-06,29.42999990770148,3.5760005294554404,0.24301736599867566,4,-3.279092009405432e-06,5.6489133705662985e-06,6.444599108266357e-06,19.619354322059753,3.5760004812303507,0.36453803958365144,6,-2.9673205586555618e-06,8.220900710295659e-06,9.044570248027352e-06,9.809177231804332,3.576000255788682,0.729113190899274,5,-1.978168796948343e-06,-1.1464751561857819e-10,-4.1901011550965715e-08,-1.0795181929585284e-07,7
2.4,3.596,2.028249426544691e-06,2.2399011478829666e-06,29.429999881470977,3.5960005331284264,0.2443765237928156,4,-3.279092587536725e-06,5.681133761345094e-06,6.443734303666711e-06,19.61934698499544,3.5960004806152703,0.36657697968902164,6,-2.9675303913415108e-06,8.26612307813686e-06,9.044407550685264e-06,9.809168181268321,3.596000256966457,0.7331916816011805,5,-1.9784988180421292e-06,-1.1616663111863752e-10,-4.220593466883217e-08,-1.0818977333810097e-07,7
2.4050000000000002,3.6159999999999997,2.0394481352626278e-06,2.239634897080151e-06,29.4299998595666,3.61600053331322,0.24573568131620582,4,-3.2790931713162774e-06,5.713349880962626e-06,6.4428846493663675e-06,19.61933961119877,3.616000479763379,0.3686159219854022,6,-2.9677418386941934e-06,8.31134461115687e-06,9.044239045812711e-06,9.809159090707702,3.616000256797112,0.7372701825628619,5,-1.978828664157828e-06,-1.1710387251424188e-10,-4.2545635808938456e-08,-1.0850790863043302e-07,7
2.41,3.636000000000001,2.050645504394566e-06,2.239366318035629e-06,29.42999983821042,3.636000533305594,0.24709483882394012,4,-3.279093759085694e-06,5.7455617671688395e-06,6.442039225002242e-06,19.619332196832445,3.6360004795244754,0.3706548666433723,6,-2.9679551213843136e-06,8.356565297161294e-06,9.044069161530085e-06,9.809149952918943,3.6360002567912244,0.7413486946866883,5,-1.979158445561402e-06,-1.1784319755987077e-10,-4.293307672917381e-08,-1.0888620260613325e-07,7
2.415,3.6560000000000006,2.061841528847471e-06,2.239097260217384e-06,29.429999817506143,3.656000533412059,0.2484539963358969,4,-3.2790943503870074e-06,5.777769429898964e-06,6.4411948266166314e-06,19.61932474194723,3.656000479599646,0.3726938136441474,6,-2.9681704885112237e-06,8.401785130867194e-06,9.043898282570831e-06,9.8091407666146,3.6560002569549646,0.7454272181306965,5,-1.979488194595036e-06,-1.185284165525284e-10,-4.337078978430855e-08,-1.0931876727466207e-07,7
2.42,3.676,2.0730362078494246e-06,2.2388281701100397e-06,29.429999797747875,3.676000533397678,0.24981315383352354,4,-3.2790949450536844e-06,5.8099728713108855e-06,6.440350623028842e-06,19.61931724684686,3.6760004795853387,0.37473276295342345,6,-2.9683881906314435e-06,8.447004108249054e-06,9.043726877494155e-06,9.809131531796961,3.6760002569523453,0.7495057528867551,5,-1.9798179223401435e-06,-1.1920138401206467e-10,-4.3858270140834337e-08,-1.098023435807716e-07,7
2.4250000000000003,3.6959999999999997,2.0842295416468623e-06,2.238559163373858e-06,29.42999977836311,3.69600053337037,0.25117231132890894,4,-3.2790955430753166e-06,5.842172092386498e-06,6.439506634811646e-06,19.619309710934186,3.6960004795750088,0.37677171460473585,6,-2.9686084726740503e-06,8.492222227024246e-06,9.043554948363953e-06,9.809122247857637,3.6960002569951964,0.7535842991053399,5,-1.980147633487417e-06,-1.1987137074482444e-10,-4.439424201038735e-08,-1.1033532545807081e-07,7
2.43,3.716000000000001,2.095421530655919e-06,2.23829023690631e-06,29.429999759399976,3.7160005332264276,0.2525314688145407,4,-3.2790961444345568e-06,5.874367094250942e-06,6.438662912584195e-06,19.619302134261456,3.716000479447065,0.3788106685974077,6,-2.968831574141906e-06,8.53743948500844e-06,9.04338267978193e-06,9.809112914879492,3.7160002569523227,0.7576628568146062,5,-1.9804773314854862e-06,-1.2054049949723074e-10,-4.497773008246854e-08,-1.1091639595645523e-07,7
2.435,3.7360000000000007,2.106673361995206e-06,2.253223930595916e-06,29.43000715830908,3.7359766034315642,0.2538889361008376,4,-3.2790975909510744e-06,5.9065019667539235e-06,6.435239577525894e-06,19.6193018319223,3.735978122978789,0.38084720394076715,6,-2.968982937244513e-06,8.582731775360934e-06,9.07195539547342e-06,9.809107295406324,3.735985159179122,0.7617380555983339,5,-1.980807987134181e-06,-1.1348765230207597e-10,-2.033363310779991e-08,-8.604340112644997e-08,7
2.44,3.7560000000000002,2.117957686658315e-06,2.2585124267197794e-06,29.430000048016005,3.7559918500188827,0.255249190886229,4,-3.2790977336182026e-06,5.9387385964939255e-06,6.452632117492629e-06,19.61928715384585,3.755992429201933,0.38288775731239233,6,-2.9690631654435973e-06,8.628177637717134e-06,9.0968463817824e-06,9.809094241593838,3.755994853392684,0.7658188943615223,5,-1.981135646568488e-06,-2.2712392992736802e-11,-1.514894800699908e-08,-8.067714464371937e-08,7
2.445,3.776,2.129253346883661e-06,2.25920777058208e-06,29.429998417728655,3.776000251031698,0.25660893333633567,4,-3.279098005796316e-06,5.971011574789818e-06,6.45481711634916e-06,19.619277808648782,3.7760002222599502,0.3849275451510629,6,-2.9691454728406064e-06,8.673678234266953e-06,9.100819863874815e-06,9.809083931314273,3.7760000845716766,0.7698986186706526,5,-1.981463704975317e-06,-7.558303419114715e-11,-1.787334931066555e-08,-8.353694937274672e-08,7
2.45,3.7959999999999994,2.1405484183823983e-06,2.2588866918726538e-06,29.42999807416045,3.7960008467537065,0.25796813422740905,4,-3.2790984901692743e-06,6.003281863512213e-06,6.453510280663739e-06,19.619269699484995,3.796000789581152,0.3869665739577245,6,-2.9692476041578986e-06,8.719180308149432e-06,9.100099923459536e-06,9.809074220634953,3.796000466575227,0.7739773155329449,5,-1.981792243234415e-06,-1.0741127734332372e-10,-2.2391394448678903e-08,-8.811831957151077e-08,7
2.455,3.8160000000000007,2.1518423211931586e-06,2.258736333866052e-06,29.429997956272118,3.8160004032440717,0.25932726253763166,4,-3.2790990679362753e-06,6.035546132330674e-06,6.452476410636232e-06,19.619261777367484,3.8160003877258784,0.38900550194278616,6,-2.9693738418726245e-06,8.764679683024453e-06,9.099811697392773e-06,9.809064569725992,3.816000198783579,0.7780558832411022,5,-1.98212093602268e-06,-1.1930816970346518e-10,-2.738277452771245e-08,-9.312628114760862e-08,7
2.46,3.8360000000000003,2.1631358866637063e-06,2.2587038693603088e-06,29.429997873099182,3.8360002741304653,0.260686411916924,4,-3.2790996784722026e-06,6.067806180499915e-06,6.45171224953016e-06,19.61925384998869,3.8360002706499325,0.39104446070992077,6,-2.9695257553058463e-06,8.810178976333711e-06,9.099909898142638e-06,9.809054885221592,3.836000120793681,0.7821345003529407,5,-1.98244967545419e-06,-1.2342598157272937e-10,-3.261376122573625e-08,-9.83643177369698e-08,7
2.465,3.856,2.1744293613442668e-06,2.258688929440564e-06,29.429997795228324,3.8560002741065986,0.26204557002935264,4,-3.279100301078336e-06,6.100062552281313e-06,6.450981324968901e-06,19.619245886649853,3.856000271013374,0.39308343381712085,6,-2.969704413123553e-06,8.855678976466346e-06,9.100059264657952e-06,9.80904515363913,3.85600012091869,0.7862131452189562,5,-1.982778448227085e-06,-1.2508367066983034e-10,-3.8043637518331535e-08,-1.0380085152190027e-07,7
2.47,3.8759999999999994,2.1857227568236723e-06,2.2586724120072933e-06,29.42999771359816,3.8760002778052445,0.2634047284355945,4,-3.2791009292668094e-06,6.132315242346355e-06,6.450241862910057e-06,19.619237877837477,3.876000274457703,0.39512240980942054,6,-2.969910808788001e-06,8.901179700983957e-06,9.100201854422167e-06,9.809035370557705,3.8760001229478007,0.79029180271524,5,-1.9831072542095263e-06,-1.259490833002767e-10,-4.3672980215209403e-08,-1.0943678200154188e-07,7
2.475,3.896000000000001,2.1970160704083084e-06,2.2586564950078744e-06,29.42999762378222,3.8960002728695393,0.2647638863362464,4,-3.279101560848402e-06,6.164564233884424e-06,6.449503302652778e-06,19.619229818998093,3.896000269842107,0.39716138765747594,6,-2.9701459874492686e-06,8.946681151734551e-06,9.10035059317373e-06,9.809025533698637,3.8960001195472294,0.7943704715952932,5,-1.9834360923676186e-06,-1.265424362226279e-10,-4.951835637875848e-08,-1.1528852189419019e-07,7
2.48,3.9160000000000004,2.2083093108291044e-06,2.258642813421641e-06,29.429997524054247,3.9160002649994965,0.2661230441354133,4,-3.2791021950598354e-06,6.196809552701803e-06,6.448771870654165e-06,19.619221708335754,3.916000262470378,0.39920036795410285,6,-2.9704110984171694e-06,8.992183387243587e-06,9.100513523327339e-06,9.809015642121217,3.9160001143276877,0.7984491527390093,5,-1.9837649618825726e-06,-1.2702701571027524e-10,-5.5603078482707986e-08,-1.2137947129059917e-07,7
2.485,3.936,2.2196025088110142e-06,2.2586500955972764e-06,29.42999741324479,3.9360002559177754,0.2674822019621655,4,-3.2791028315819204e-06,6.229051202702877e-06,6.448010717905416e-06,19.619213544684488,3.9360002723379517,0.40123935277765993,6,-2.9707074169840753e-06,9.037686509539571e-06,9.100716022935123e-06,9.809005695269,3.936000106055737,0.8025278460087175,5,-1.9840938625184656e-06,-1.2748971403437485e-10,-6.19535937963214e-08,-1.2773622679835177e-07,7
2.49,3.9559999999999995,2.2308959198168297e-06,2.2586808957247844e-06,29.429998010827063,3.9560005244143825,0.26884137219166654,4,-3.2791035142511193e-06,6.261287844194102e-06,6.446823215096031e-06,19.61920604732644,3.9560005175954553,0.4032783495981021,6,-2.971033584160676e-06,9.083190945459948e-06,9.100968567378054e-06,9.808996051798962,3.9560002436273956,0.8066065523396492,5,-1.9844229093290977e-06,-1.392275087705523e-10,-6.744691943957906e-08,-1.3326851611478624e-07,7
2.495,3.976000000000001,2.2421890933654914e-06,2.258596256610712e-06,29.4299981406199,3.976000655456958,0.270200537319722,4,-3.2791041992656644e-06,6.293517643069031e-06,6.4453660581425654e-06,19.61919803894283,3.9760006347090284,0.4053173454711988,6,-2.971384356988127e-06,9.128696020463557e-06,9.101033858577893e-06,9.808986128742808,3.976000313643898,0.8106852760232197,5,-1.9847519920693224e-06,-1.3501794629417624e-10,-7.216085208114366e-08,-1.3797012218103482e-07,7
2.5,3.9960000000000004,2.253481750228755e-06,2.258488062447626e-06,29.429998054868726,3.9960006533834775,0.2715596953783966,4,-3.279104862245752e-06,6.325739950533539e-06,6.443859800647478e-06,19.619189775002358,3.996000631866439,0.4073563360866118,6,-2.9717587064700957e-06,9.174201312753301e-06,9.101078386591646e-06,9.808976044665325,3.996000310284696,0.814764006373111,5,-1.985080981030396e-06,-1.3136413837128867e-10,-7.692865554517783e-08,-1.4272014879130218e-07,7
2.505,4.0,2.2618285113824602e-06,9.915618816882713e-07,29.429997888963367,4.004384390091249,0.27212943780692184,4,-3.279105245408004e-06,6.349544026469886e-06,2.8530119447623082e-06,19.61918442854452,4.0040333990032115,0.4081753157055425,6,-2.9722024602468755e-06,9.207663593633689e-06,3.997750413030001e-06,9.808975003084438,4.002702919913777,0.816130720825596,5,-1.9853225026386645e-06,-2.296186454726223e-11,-1.0079588427899825e-07,-1.295255687707209e-07,7
2.5100000000000002,4.0,2.2633186692614395e-06,1.4048497918924783e-08,29.429999148837723,4.001169322733863,0.27191093703391295,4,-3.2791052347325156e-06,6.3541623641351055e-06,1.3333901012755153e-07,19.61918536470725,4.001075654972074,0.4078737807503025,6,-2.972766239485447e-06,9.21417471796601e-06,1.9751226309287415e-07,9.808971368022542,4.000720770909543,0.8157268730444007,5,-1.9853693330115774e-06,7.059807712032746e-12,-1.1778149487171069e-07,-1.19253956466896e-07,7
2.515,4.0,2.2629297111127505e-06,-8.602820277752419e-08,29.42999954593534,3.999936840946427,0.27182717653142946,4,-3.2791052129721443e-06,6.353529940137339e-06,-1.5269991371821918e-07,19.61918603430145,3.999942545103838,0.40775825644453223,6,-2.973366011828349e-06,9.213316858741534e-06,-2.1280716916240164e-07,9.8089704374678,3.999962477782261,0.815572338255483,5,-1.9853637278008374e-06,2.3946274699189256e-12,-1.2056747913277735e-07,-1.1917673458289762e-07,7
2.52,4.0,2.262644645808855e-06,-3.945728937395927e-08,29.42999949086588,3.999910808428481,0.27182540792567284,4,-3.2791052082641048e-06,6.353151614751384e-06,-2.861106244440627e-08,19.61918604747249,3.9999182434345575,0.40775577883363423,6,-2.9739704925368926e-06,9.21276495120982e-06,-4.720743809677179e-08,9.808970460116004,3.9999456672354676,0.8155689087860017,5,-1.985360529851987e-06,3.9007450185880075e-13,-1.211580430665329e-07,-1.2097852461207427e-07,7
2.525,4.0,2.2625071143369032e-06,-2.343663428473819e-08,29.42999944361836,3.999986744304637,0.2718305688022702,4,-3.2791052077089933e-06,6.353169336311351e-06,1.4483727842724529e-08,19.619185990202837,3.999987858352989,0.40776287664028965,6,-2.974579519948728e-06,9.212744921251974e-06,1.059062301755533e-08,9.808970515129682,3.999991960376367,0.8155783431516379,5,-1.985361210057879e-06,-1.0785287947617348e-14,-1.2230189205539332e-07,-1.225458243065458e-07,7
2.5300000000000002,4.0,2.262392419750204e-06,-2.3263499431560165e-08,29.42999943872168,4.000003161677184,0.27183168453712536,4,-3.279105208319616e-06,6.353248335628844e-06,1.492303122194144e-08,19.6191859735599,4.000002904829668,0.40776441083950515,6,-2.975195198436087e-06,9.212805278447199e-06,1.0702970508598655e-08,9.808970521053439,4.00000195998506,0.8155803815292693,5,-1.9853625007129616e-06,-1.7949833148333495e-13,-1.23701160212736e-07,-1.2395145929628312e-07,7
2.535,4.0,2.262272805858848e-06,-2.4239471197242002e-08,29.429999441949214,4.0000013764311335,0.2718315631857997,4,-3.2791052094506556e-06,6.353314310221873e-06,1.2388546855252062e-08,19.61918596985921,4.00000125883283,0.40776424312180926,6,-2.9758179415362296e-06,9.212846083261247e-06,6.954179722724558e-09,9.808970515758244,4.000000851654035,0.8155801559863963,5,-1.9853636709574185e-06,-2.451507039107288e-13,-1.25111257391314e-07,-1.253377290619295e-07,7
2.54,4.0,2.262150858947526e-06,-2.4424191799222138e-08,29.429999443556895,3.9999999631377867,0.2718314671265484,4,-3.279105210727412e-06,6.353374722761189e-06,1.2059134419332044e-08,19.6191859655764,3.999999959439378,0.4077641107493178,6,-2.976447681865557e-06,9.212878102930308e-06,6.288431568765191e-09,9.808970511232964,3.9999999821153316,0.8155799790680666,5,-1.985364789618138e-06,-2.587984535078409e-13,-1.2650501288633006e-07,-1.2672867454516674e-07,7
2.545,4.0,2.262028835271167e-06,-2.4387666438540015e-08,29.42999944457831,3.9999998091385813,0.2718314566516565,4,-3.2791052120423325e-06,6.353435843122022e-06,1.2346011795635458e-08,19.61918596056522,3.9999998175496962,0.4077640963890898,6,-2.9770843708518124e-06,9.212910075403171e-06,6.48245126645566e-09,9.808970507733306,3.999999886786436,0.8155799599219655,5,-1.985365917167581e-06,-2.6635152278897075e-13,-1.2789304201796264e-07,-1.2811988327738215e-07,7
2.5500000000000003,4.0,2.261906984378791e-06,-2.436211784598466e-08,29.429999445836824,3.9999998725389196,0.2718314609485839,4,-3.279105213388478e-06,6.3534983834815204e-06,1.2606552350049132e-08,19.619185955663525,3.999999875617995,0.4077641024105084,6,-2.977727991911039e-06,9.212943009456222e-06,6.643348772510971e-09,9.80897050444111,3.9999999254061436,0.8155799680700647,5,-1.98536706004504e-06,-2.732064838322164e-13,-1.2927837684259554e-07,-1.2950804307960023e-07,7
2.555,4.0,2.261785201732767e-06,-2.435381792122413e-08,29.429999447461434,3.999999895311474,0.27183146248115236,4,-3.279105214786665e-06,6.353562068797692e-06,1.2821432750433837e-08,19.619185951077153,3.99999989647864,0.40776410463238694,6,-2.978378529180925e-06,9.212976532133476e-06,6.741547806490753e-09,9.808970501198168,3.9999999393563854,0.815579971184088,5,-1.9853682156761865e-06,-2.8233340527305493e-13,-1.3066004914449887e-07,-1.308922295161818e-07,7
2.56,4.0,2.261663448585697e-06,-2.4348504117713713e-08,29.429999449742603,3.9999998959443275,0.27183146250308965,4,-3.2791052162438328e-06,6.353626798308316e-06,1.3028976781283323e-08,19.619185947121597,3.9999998970184545,0.40776410476962827,6,-2.9790359605819106e-06,9.21301050288646e-06,6.82926376509707e-09,9.808970498403525,3.999999939687331,0.8155799714839305,5,-1.985369383269986e-06,-2.965709053408479e-13,-1.3203686377835661e-07,-1.322712607431708e-07,7
2.565,4.0,2.26154172276976e-06,-2.434290520883116e-08,29.429999452205834,3.9999998950141977,0.27183146241712824,4,-3.279105217742634e-06,6.353692569698436e-06,1.3237971419359565e-08,19.619185943308807,3.999999896146841,0.4077641047600199,6,-2.979700258663731e-06,9.213044915634361e-06,6.918174902633968e-09,9.808970495555087,3.9999999391572123,0.815579971612679,5,-1.9853705620423434e-06,-3.035661985744061e-13,-1.3340777781131758e-07,-1.3364445582081822e-07,7
2.57,4.0,2.261420025027385e-06,-2.4337343478127178e-08,29.42999945512143,3.9999998952524494,0.27183146240638933,4,-3.2791052192934766e-06,6.353759388064331e-06,1.3447457639030638e-08,19.61918593991399,3.9999998963439323,0.4077641048506693,6,-2.9803713911882856e-06,9.213079773285382e-06,7.007004733419279e-09,9.808970492944562,3.999999939318758,0.8155799718626731,5,-1.9853717523610204e-06,-3.1461691447231504e-13,-1.3477186060648092e-07,-1.3501082223283266e-07,7
2.575,4.0,2.2612983542435686e-06,-2.433207996295627e-08,29.42999945839012,3.999999895872554,0.2718314624183389,4,-3.2791052208894222e-06,6.353827253115636e-06,1.3656652794581437e-08,19.61918593683766,3.9999998968986974,0.4077641049711609,6,-2.9810493209839195e-06,9.213115071878372e-06,7.094703551504925e-09,9.80897049047154,3.9999999397327426,0.8155799721527052,5,-1.9853729540317278e-06,-3.2203675699048993e-13,-1.3612811399874044e-07,-1.3636934789457586e-07,7
2.58,4.0,2.261176708746143e-06,-2.4327160370691854e-08,29.42999946208915,3.999999896553684,0.2718314624304608,4,-3.2791052225304707e-06,6.353896162769548e-06,1.3865383992767216e-08,19.61918593416205,3.999999897510411,0.4077641050891293,6,-2.9817340058899133e-06,9.213150804901205e-06,7.181035514803381e-09,9.80897048821,3.999999940175249,0.8155799724309687,5,-1.9853741671169156e-06,-3.332260287218721e-13,-1.3747552233653333e-07,-1.37719054614298e-07,7
2.585,4.0,2.26105508681188e-06,-2.432259176963196e-08,29.429999466235586,3.999999897226148,0.27183146243786127,4,-3.2791052242374386e-06,6.353966114545574e-06,1.4073593341204072e-08,19.61918593190014,3.9999998981085705,0.4077641051971177,6,-2.982425398555255e-06,9.213186965339916e-06,7.265989408930326e-09,9.808970486170429,3.999999940590726,0.8155799726852654,5,-1.9853753917900563e-06,-3.46690813564526e-13,-1.3881306125881917e-07,-1.3905888851146061e-07,7
2.59,4.0,2.2609334866822392e-06,-2.4318360199135112e-08,29.42999947077932,3.9999998979280247,0.2718314624435909,4,-3.2791052259999176e-06,6.35403710580562e-06,1.4281280764466601e-08,19.619185930001958,3.9999998987488876,0.40776410530184404,6,-2.9831234464733347e-06,9.213223547189165e-06,7.349763285804193e-09,9.808970484276609,3.9999999410629017,0.8155799729390038,5,-1.985376627378077e-06,-3.561872172279597e-13,-1.4013965198053663e-07,-1.40387636805077e-07,7
2.595,4.0,2.2608119066438173e-06,-2.4314485825503915e-08,29.429999475754077,3.99999989879347,0.2718314624564552,4,-3.2791052278144384e-06,6.354109133641934e-06,1.4488327662819564e-08,19.61918592851296,3.9999998995343393,0.40776410541286107,6,-2.9838280917390825e-06,9.213260543416634e-06,7.431969381087976e-09,9.80897048262268,3.9999999416045675,0.8155799731869648,5,-1.9853778739642447e-06,-3.694637082456372e-13,-1.4145424992748085e-07,-1.4170451024026352e-07,7
2.6,4.0,2.2606903448167904e-06,-2.4310996906279928e-08,29.429999481201897,3.9999998995694903,0.27183146245887285,4,-3.2791052296879397e-06,6.354182194394209e-06,1.469460407001507e-08,19.61918592745769,3.9999999002386137,0.4077641055065882,6,-2.984539271007336e-06,9.213297946294826e-06,7.512767224637488e-09,9.808970481164245,3.9999999420985755,0.8155799734089542,5,-1.9853791314791702e-06,-3.7972572170685246e-13,-1.4275573144381672e-07,-1.4300807191131457e-07,7
2.605,4.0,2.260568799336007e-06,-2.430788284689362e-08,29.429999487031242,3.9999999004348803,0.2718314624638399,4,-3.2791052316134828e-06,6.354256284223035e-06,1.4900098135127313e-08,19.619185926757645,3.9999999010256215,0.4077641056013663,6,-2.985256915478962e-06,9.213335748350752e-06,7.591968387652534e-09,9.808970479865035,3.9999999426529,0.8155799736300027,5,-1.9853803995412145e-06,-3.8823802368125846e-13,-1.440430129465432e-07,-1.44297479803772e-07,7
2.61,4.0,2.2604472682718856e-06,-2.4305154748177904e-08,29.42999949335588,3.999999901396434,0.2718314624707672,4,-3.2791052335910675e-06,6.354331398941396e-06,1.510471234707566e-08,19.619185926529813,3.999999901905985,0.40776410569584665,6,-2.985980950838407e-06,9.213373941591994e-06,7.669533371189745e-09,9.808970478831917,3.9999999432552173,0.8155799738387122,5,-1.985381678192011e-06,-4.003279083302166e-13,-1.4531498697131786e-07,-1.4557157426037678e-07,7
2.615,4.0,2.2603257496296126e-06,-2.4302830083935676e-08,29.42999950012215,3.999999902360259,0.27183146247376977,4,-3.279105235620694e-06,6.354407533839915e-06,1.5308360631389423e-08,19.619185926714174,3.999999902792023,0.40776410578233857,6,-2.9867112970941023e-06,9.21341251779688e-06,7.745469357940528e-09,9.808970477980361,3.9999999438722664,0.8155799740353291,5,-1.9853829671609424e-06,-4.091013347600144e-13,-1.4657050158092835e-07,-1.468291182635294e-07,7
2.62,4.0,2.260204241388618e-06,-2.4300913864030744e-08,29.429999507332127,3.9999999033921134,0.27183146247729717,4,-3.2791052377058316e-06,6.3544846839251534e-06,1.5510978352859714e-08,19.61918592732097,3.999999903744565,0.40776410586683004,6,-2.9874478686478523e-06,9.21345146833226e-06,7.819629937803826e-09,9.8089704773416,3.999999944532805,0.8155799742231203,5,-1.9853842664202537e-06,-4.211130597080389e-13,-1.47808454506876e-07,-1.480691273331768e-07,7
2.625,4.0,2.2600827414757426e-06,-2.4299427202049183e-08,29.42999951502709,3.999999904465222,0.27183146247914847,4,-3.2791052398464804e-06,6.354562843658822e-06,1.571243022476708e-08,19.619185928389015,3.99999990472671,0.4077641059447527,6,-2.988190574128302e-06,9.213490783752788e-06,7.891883339820537e-09,9.808970476953824,3.9999999451900017,0.8155799743893615,5,-1.9853855761711725e-06,-4.3372874598145954e-13,-1.4902767125576935e-07,-1.492904015917883e-07,7
2.63,4.0,2.259961247723827e-06,-2.4298347752959217e-08,29.4299995230188,3.9999999055968147,0.27183146248223333,4,-3.279105242049579e-06,6.354642007300274e-06,1.591278326252188e-08,19.61918592972723,3.9999999057851294,0.4077641060248357,6,-2.9889393165227762e-06,9.213530455827707e-06,7.962412115819005e-09,9.80897047659948,3.999999945964814,0.8155799745768043,5,-1.9853868956573595e-06,-4.428521147086192e-13,-1.5022701581898794e-07,-1.504918225207529e-07,7
2.6350000000000002,4.0,2.2598397579954645e-06,-2.4297729864840905e-08,29.42999953177791,3.9999999067441063,0.2718314624792969,4,-3.279105244322067e-06,6.3547221686856345e-06,1.6111780129543897e-08,19.619185931816332,3.9999999068354386,0.4077641060884855,6,-2.9896939930315614e-06,9.21357047492366e-06,8.031151596844567e-09,9.808970476789128,3.9999999466265876,0.8155799746959681,5,-1.985388224996776e-06,-4.578001575121723e-13,-1.5140534904553596e-07,-1.5167195758065012e-07,7
2.64,4.0,2.2597182700796945e-06,-2.4297547457683438e-08,29.429999540847287,3.999999907996752,0.2718314624806543,4,-3.279105246643127e-06,6.354803321133657e-06,1.6309435915401185e-08,19.619185934196423,3.9999999079956954,0.4077641061572956,6,-2.9904544949638234e-06,9.213610831523384e-06,8.097825484513046e-09,9.808970477045484,3.9999999474086376,0.815579974834109,5,-1.985389563703699e-06,-4.67971576774578e-13,-1.5256148099837567e-07,-1.528299739478921e-07,7
2.645,4.0,2.25959678168728e-06,-2.429782641834094e-08,29.429999550363142,3.999999909231881,0.2718314624766975,4,-3.279105249019698e-06,6.354885457544824e-06,1.650565400286958e-08,19.619185937001987,3.999999909141277,0.40776410621576664,6,-2.991220707966591e-06,9.213651515518623e-06,8.16253566650525e-09,9.80897047750815,3.9999999481811463,0.8155799749531507,5,-1.985390911639351e-06,-4.798465222459686e-13,-1.5369428062314574e-07,-1.5396457746125623e-07,7
2.65,4.0,2.2594752905402546e-06,-2.4298560634356563e-08,29.42999956033056,3.999999910585392,0.27183146247661466,4,-3.279105251448311e-06,6.354968570589761e-06,1.6700367719658897e-08,19.61918594024441,3.999999910400498,0.4077641062767426,6,-2.991992511892916e-06,9.213692516833959e-06,8.225121041742668e-09,9.808970478185536,3.9999999490321283,0.8155799750703396,5,-1.985392268602504e-06,-4.899237945958861e-13,-1.5480258111097447e-07,-1.5507470604764637e-07,7
2.6550000000000002,4.0,2.2593537942830655e-06,-2.4299773876497104e-08,29.42999957078369,3.9999999119450194,0.2718314624724613,4,-3.279105253932435e-06,6.355052652372334e-06,1.6893469944868788e-08,19.61918594395569,3.9999999116651703,0.4077641063285296,6,-2.9927697808226905e-06,9.213733824654894e-06,8.285569729431922e-09,9.808970479112311,3.9999999498751606,0.8155799751651717,5,-1.9853936345584633e-06,-5.015695900349942e-13,-1.558852570225645e-07,-1.5615916325612418e-07,7
2.66,4.0,2.259232290521923e-06,-2.4301465904393724e-08,29.42999958167909,3.999999913319065,0.2718314624652027,4,-3.27910525647207e-06,6.355137694725684e-06,1.708491859467962e-08,19.61918594809412,3.9999999129444515,0.40776410637292787,6,-2.9935523831944866e-06,9.21377542846324e-06,8.343932734584208e-09,9.808970480245067,3.999999950728662,0.8155799752450118,5,-1.9853950091602846e-06,-5.120127918938283e-13,-1.5694115178974133e-07,-1.572167518807997e-07,7
2.665,4.0,2.2591107768673543e-06,-2.4303641647577472e-08,29.429999593026537,3.9999999147890963,0.27183146246029166,4,-3.279105259056808e-06,6.355223689137838e-06,1.7274620165278828e-08,19.619185952675082,3.9999999143125904,0.4077641064171869,6,-2.9943401816875936e-06,9.213817317336192e-06,8.400029695778095e-09,9.808970481605957,3.9999999516338938,0.815579975316431,5,-1.985396392241434e-06,-5.214949847025468e-13,-1.5796913710972038e-07,-1.582464291966555e-07,7
2.67,4.0,2.258989250848214e-06,-2.4306312438915744e-08,29.429999604862005,3.999999916280531,0.2718314624523276,4,-3.2791052617005267e-06,6.355310626619398e-06,1.7462494242418066e-08,19.619185957729115,3.999999915703746,0.40776410645396,6,-2.9951330334718196e-06,9.213859480037833e-06,8.45391076051667e-09,9.808970483221643,3.999999952546454,0.8155799753681592,5,-1.9853977835243564e-06,-5.336967798323871e-13,-1.589681064649574e-07,-1.592469946316054e-07,7
2.6750000000000003,4.0,2.258867709988939e-06,-2.4309477632464503e-08,29.429999617064524,3.9999999178166146,0.27183146244400747,4,-3.2791052643928176e-06,6.355398497845633e-06,1.7648488361160142e-08,19.61918596314027,3.999999917144772,0.4077641064883945,6,-2.9959307900756516e-06,9.213901905209763e-06,8.505459826116532e-09,9.808970484972104,3.9999999535191364,0.8155799754209399,5,-1.9853991827314954e-06,-5.408714851067246e-13,-1.5993693791202533e-07,-1.6021741811362165e-07,7
2.68,4.0,2.2587461517681186e-06,-2.4313160097972495e-08,29.429999629756978,3.9999999193347744,0.271831462429944,4,-3.27910526713715e-06,6.355487293172425e-06,1.7832509194081795e-08,19.61918596903537,3.999999918560876,0.40776410651023015,6,-2.996733297642995e-06,9.213944580728572e-06,8.554665780919538e-09,9.808970487011429,3.999999954439348,0.815579975439004,5,-1.985400590195918e-06,-5.53162098078535e-13,-1.6087458454969181e-07,-1.6115662049348988e-07,7
2.685,4.0,2.2586245736524982e-06,-2.4317344106435803e-08,29.429999642853716,3.999999920947496,0.2718314624185725,4,-3.279105269930055e-06,6.355577002475266e-06,1.8014488367226735e-08,19.61918597532705,3.9999999200701444,0.4077641065333206,6,-2.997540396905418e-06,9.213987495077616e-06,8.601479111596233e-09,9.80897048923261,3.9999999554319943,0.8155799754567165,5,-1.985402005119652e-06,-5.6194440629253e-13,-1.6177992735486041e-07,-1.6206344440545128e-07,7
2.69,4.0,2.2585029730654864e-06,-2.4322032663496867e-08,29.429999656320007,3.999999922630318,0.2718314624085515,4,-3.2791052727680625e-06,6.355667615546506e-06,1.8194413664557887e-08,19.619185981985225,3.9999999216541124,0.40776410655640877,6,-2.9983519233625633e-06,9.214030637042836e-06,8.6459876746132e-09,9.808970491628374,3.9999999564867452,0.815579975472576,5,-1.985403426878196e-06,-5.714017301054969e-13,-1.6265197179152208e-07,-1.6293688965935294e-07,7
2.695,4.0,2.258381347440331e-06,-2.432725409984364e-08,29.42999967023249,3.999999924314445,0.2718314623944979,4,-3.2791052756546424e-06,6.355759121686558e-06,1.837214272222482e-08,19.619185989082787,3.999999923229099,0.40776410656944917,6,-2.99916770738623e-06,9.214073994093849e-06,8.688016318490337e-09,9.808970494261455,3.9999999575132,0.8155799754629339,5,-1.98540485554094e-06,-5.799868627103183e-13,-1.6348967901777537e-07,-1.637759480074873e-07,7
2.7,4.0,2.258259713256108e-06,-2.4327802171608926e-08,29.429999747147917,3.999999943914151,0.2718314630160195,4,-3.279105281854544e-06,6.355851432049234e-06,1.851655201170862e-08,19.61918605928708,3.9999999428202813,0.4077641071074722,6,-2.9999874178940344e-06,9.214117579188507e-06,8.734553806462418e-09,9.80897052815073,3.9999999675563713,0.8155799746929171,5,-1.985406298414538e-06,-1.7527980442149034e-12,-1.6421362449378644e-07,-1.645041430886106e-07,7
2.705,4.0,2.258138042545606e-06,-2.433938222444543e-08,29.429999797917162,3.999999961639512,0.2718314637516649,4,-3.2791052899522333e-06,6.355944363504799e-06,1.8630166405886835e-08,19.61918610297625,3.999999958793782,0.40776410782779393,6,-3.0008101618225758e-06,9.214161338385274e-06,8.761228148387576e-09,9.808970549604792,3.9999999772950066,0.8155799748947494,5,-1.985407753285484e-06,-1.4119169430908348e-12,-1.6476014563146515e-07,-1.6505090680913202e-07,7
2.71,4.0,2.2580162995091593e-06,-2.4354931555007936e-08,29.42999982030546,3.9999999654191902,0.2718314638017333,4,-3.2791052954270206e-06,6.35603782517466e-06,1.8733277419591464e-08,19.619186118594506,3.9999999622265126,0.40776410785312106,6,-3.0016353873493773e-06,9.214205200030237e-06,8.779316096955233e-09,9.808970556476323,3.999999979412742,0.8155799747552025,5,-1.985409203569821e-06,-9.202391335132395e-13,-1.6522990240894213e-07,-1.6551957238126067e-07,7
2.715,4.0,2.257894476558644e-06,-2.437105941092838e-08,29.429999836304056,3.999999966454101,0.2718314637242919,4,-3.2791052992989234e-06,6.356131795251289e-06,1.8834326038516993e-08,19.61918612784469,3.9999999632101733,0.40776410776114114,6,-3.0024628241351325e-06,9.214249145516365e-06,8.795406774051362e-09,9.808970560114602,3.9999999800627584,0.815579974585228,5,-1.9854106511549285e-06,-7.06550511160747e-13,-1.6565496614781577e-07,-1.6594449732093996e-07,7
2.72,4.0,2.257772572135966e-06,-2.438748085569949e-08,29.42999985170959,3.9999999677695377,0.27183146367139227,4,-3.2791053025914285e-06,6.356226266014361e-06,1.8933797765818496e-08,19.619186136485883,3.999999964456778,0.40776410770862315,6,-3.0032922691131114e-06,9.214293166273396e-06,8.80969072019794e-09,9.808970563504696,3.9999999808893083,0.8155799744718835,5,-1.9854120998086255e-06,-6.395747528879999e-13,-1.660409503524141e-07,-1.6633086604462154e-07,7
2.725,4.0,2.2576505844143485e-06,-2.4404306539191197e-08,29.42999986731165,3.999999969288601,0.27183146363051547,4,-3.279105305745156e-06,6.356321228322152e-06,1.9031294553645988e-08,19.619186145326115,3.9999999658900047,0.40776410767099286,6,-3.0041235277375455e-06,9.214337252253676e-06,8.821875685806406e-09,9.808970567045387,3.9999999818219796,0.8155799743676551,5,-1.985413550523174e-06,-6.265416227573202e-13,-1.663880935732498e-07,-1.6667839938361725e-07,7
2.73,4.0,2.2575285113042705e-06,-2.4421556339434047e-08,29.429999883012997,3.9999999709077936,0.2718314635955262,4,-3.2791053088641886e-06,6.356416671752389e-06,1.9126658490862243e-08,19.61918615427698,3.999999967422298,0.4077641076411621,6,-3.0049564047410215e-06,9.214381391903658e-06,8.831622593050872e-09,9.80897057062327,3.999999982838904,0.8155799742775129,5,-1.9854150032846962e-06,-6.223103407658688e-13,-1.6669606217498132e-07,-1.6698679626675912e-07,7
2.735,4.0,2.257406350638874e-06,-2.4439239768092194e-08,29.429999898878627,3.9999999724443063,0.2718314635534007,4,-3.2791053119832214e-06,6.356512585541426e-06,1.9219874585893906e-08,19.61918616341253,3.999999968872444,0.40776410759911874,6,-3.0057907033989584e-06,9.214425573284099e-06,8.839083091462352e-09,9.80897057433808,3.9999999837742006,0.8155799741593425,5,-1.985416457975231e-06,-6.258523963036328e-13,-1.6696460233397988e-07,-1.6725565923242796e-07,7
2.74,4.0,2.257284100357356e-06,-2.4457324271332333e-08,29.429999914851436,3.9999999740643184,0.27183146351595977,4,-3.279105315116132e-06,6.356608959015781e-06,1.931094609223637e-08,19.619186172672965,3.999999970411855,0.4077641075635795,6,-3.0066262254463405e-06,9.214469784875775e-06,8.844143187809944e-09,9.808970578091197,3.9999999847951235,0.8155799740554456,5,-1.9854179142339556e-06,-6.268613669884122e-13,-1.671933338175113e-07,-1.6748471311051486e-07,7
2.745,4.0,2.2571617583905166e-06,-2.4475827133784643e-08,29.429999930934468,3.999999975629047,0.27183146347374376,4,-3.2791053182559815e-06,6.356705781297175e-06,1.9399840965492424e-08,19.619186182067846,3.9999999718943924,0.40776410751944814,6,-3.007462771022207e-06,9.214514014662469e-06,8.846857941204115e-09,9.808970581930454,3.9999999857616,0.8155799739332851,5,-1.9854193720053592e-06,-6.299380170342533e-13,-1.6738198740981478e-07,-1.6767365205322827e-07,7
2.75,4.0,2.257039327682886e-06,-2.449401766872906e-08,29.429999945798794,3.9999999773303423,0.27183146345206516,4,-3.279105320372344e-06,6.356803032022481e-06,1.9485059409484524e-08,19.619186190322495,3.9999999732556817,0.4077641074866552,6,-3.008300157363031e-06,9.214558254551481e-06,8.847674615885204e-09,9.808970584464795,3.999999986828653,0.8155799739401306,5,-1.9854208048869504e-06,-4.628538927202658e-13,-1.6753433732738522e-07,-1.6782227878548307e-07,7
2.755,4.0,2.2569167975599567e-06,-2.4513961502950192e-08,29.42999996309694,3.999999978692062,0.27183146338482966,4,-3.279105323196474e-06,6.356900715668309e-06,1.957072398706757e-08,19.61918620093795,3.9999999747342927,0.4077641074167553,6,-3.009138165387115e-06,9.214602487180975e-06,8.845557389643052e-09,9.808970589492317,3.999999987645242,0.815579973688609,5,-1.9854222554974155e-06,-6.021255979997637e-13,-1.676419804342577e-07,-1.6793302548973466e-07,7
2.7600000000000002,4.0,2.256794168298042e-06,-2.453380559212592e-08,29.429999979676104,3.999999980323648,0.2718314633425746,4,-3.2791053263050984e-06,6.356998818410975e-06,1.965341255739045e-08,19.619186210889787,3.9999999763355913,0.4077641073731549,6,-3.0099765891897223e-06,9.214646703364378e-06,8.841377276970024e-09,9.808970593731537,3.9999999886781445,0.8155799735467371,5,-1.9854237137753583e-06,-6.279111938804976e-13,-1.677088657759673e-07,-1.6800079210516492e-07,7
2.765,4.0,2.2566714390451856e-06,-2.455392635509326e-08,29.429999996116905,3.9999999818987524,0.27183146329775915,4,-3.2791053294657646e-06,6.357097327057824e-06,1.9733631535869896e-08,19.619186220741696,3.999999977846921,0.4077641073224598,6,-3.010815224732677e-06,9.214690891649552e-06,8.83489436521017e-09,9.808970597857199,3.9999999896570926,0.815579973403306,5,-1.9854251743847695e-06,-6.340254141217133e-13,-1.677348682863344e-07,-1.6802706453295379e-07,7
2.77,4.0,2.2565486081770363e-06,-2.4574385765384043e-08,29.43000001253644,3.9999999834658464,0.2718314632525958,4,-3.2791053326403086e-06,6.3571962300137854e-06,1.9811601448189598e-08,19.619186230598583,3.9999999793450574,0.40776410727031637,6,-3.0116538674226923e-06,9.214735040867214e-06,8.82615985220678e-09,9.808970601955737,3.9999999906399832,0.8155799732629341,5,-1.9854266356533756e-06,-6.333575039500987e-13,-1.677199036718979e-07,-1.6801219494117367e-07,7
2.775,4.0,2.256425673920637e-06,-2.459521001807415e-08,29.430000028988744,3.9999999849990227,0.27183146320482476,4,-3.279105335811383e-06,6.35729551611241e-06,1.9887336405996705e-08,19.61918624052231,3.9999999808038416,0.4077641072127721,6,-3.0124923122223923e-06,9.214779139738747e-06,8.815230318239237e-09,9.808970606115317,3.9999999915749487,0.815579973107715,5,-1.9854280970121874e-06,-6.343806854895933e-13,-1.6766391557773705e-07,-1.6795616020876402e-07,7
2.7800000000000002,4.0,2.256302634485823e-06,-2.461638597877085e-08,29.43000004538624,3.9999999865326736,0.2718314631575922,4,-3.2791053389824576e-06,6.357395174330777e-06,1.9960884435607097e-08,19.619186250419148,3.999999982271625,0.40776410715670414,6,-3.0133303539278677e-06,9.214823177226392e-06,8.802058288096102e-09,9.808970610226364,3.9999999925463223,0.8155799729639548,5,-1.985429558183649e-06,-6.334143473689597e-13,-1.6756688161465025e-07,-1.6785908902389602e-07,7
2.785,4.0,2.2561794881340517e-06,-2.4637912547477043e-08,29.430000061786206,3.9999999881840407,0.2718314631183366,4,-3.279105342129246e-06,6.357495193548036e-06,2.003217385743068e-08,19.61918626035542,3.999999983833123,0.4077641071093699,6,-3.014167787397659e-06,9.21486714183224e-06,8.786487208391287e-09,9.808970614411272,3.9999999935396153,0.8155799728185225,5,-1.9854310191677604e-06,-6.286057494047033e-13,-1.6742883160766883e-07,-1.6772104549706435e-07,7
2.79,4.0,2.256056233046241e-06,-2.4659789594524656e-08,29.430000078119207,3.9999999896004,0.2718314630637289,4,-3.2791053452690955e-06,6.357595562673822e-06,2.010131887763682e-08,19.61918627025689,3.999999985197692,0.4077641070426839,6,-3.015004408031541e-06,9.214911022649113e-06,8.768947311677726e-09,9.808970618553076,3.999999994436802,0.8155799726570785,5,-1.9854324797910494e-06,-6.268809069136456e-13,-1.6724992416058957e-07,-1.6754205104580344e-07,7
2.795,4.0,2.2559328675926323e-06,-2.4681995444311636e-08,29.430000094417302,3.999999991063066,0.27183146301259054,4,-3.279105348395067e-06,6.3576962709717555e-06,2.016827035437947e-08,19.61918628015515,3.9999999865956775,0.407764106979471,6,-3.015840011832971e-06,9.21495480981962e-06,8.749426680591932e-09,9.80897062270632,3.999999995342149,0.8155799724963472,5,-1.9854339393457487e-06,-6.244597325415431e-13,-1.6703026290251774e-07,-1.6732208405185055e-07,7
2.8000000000000003,4.0,2.255809390141559e-06,-2.4704527518547628e-08,29.430000110635646,3.999999992538864,0.27183146296308114,4,-3.2791053515106305e-06,6.3577973075542094e-06,2.023305200460427e-08,19.619186290013126,3.999999988002827,0.40776410691802967,6,-3.016674395624197e-06,9.214998492972481e-06,8.72780321031542e-09,9.80897062687109,3.999999996237642,0.8155799723326483,5,-1.985435397526547e-06,-6.22733113693646e-13,-1.667700645631986e-07,-1.6706157235430316e-07,7
2.805,4.0,2.2556857990992614e-06,-2.4727371097661873e-08,29.430000126693884,3.9999999940028137,0.2718314629142455,4,-3.2791053546088467e-06,6.357898661516908e-06,2.0295658660148566e-08,19.619186299745397,3.999999989410464,0.40776410685925063,6,-3.0175073573654454e-06,9.215042061524157e-06,8.704043044437628e-09,9.808970630933244,3.999999997166534,0.8155799721842916,5,-1.9854368542501777e-06,-6.178392506010983e-13,-1.664695452932851e-07,-1.667607670269897e-07,7
2.81,4.0,2.2555620929054047e-06,-2.4750522198719456e-08,29.43000014264294,3.9999999954279017,0.27183146286377724,4,-3.279105357693185e-06,6.358000322015839e-06,2.0356111713882835e-08,19.619186309407993,3.999999990777133,0.4077641067977434,6,-3.0183386963145153e-06,9.215085505296481e-06,8.67828557091136e-09,9.808970634984975,3.99999999805391,0.8155799720283365,5,-1.985438309280718e-06,-6.147892459078481e-13,-1.6612899730347733e-07,-1.664198766959155e-07,7
2.815,4.0,2.2554382701107277e-06,-2.477394351540318e-08,29.43000015841045,3.9999999970151965,0.2718314628260091,4,-3.2791053607532372e-06,6.358102278364147e-06,2.0414425397533258e-08,19.619186318934464,3.99999999231878,0.40776410675690283,6,-3.0191682132765796e-06,9.215128813796814e-06,8.650245282404843e-09,9.8089706389516,3.9999999990981165,0.8155799719114347,5,-1.985439762978991e-06,-6.092203672163282e-13,-1.6574872626748384e-07,-1.6603948763877363e-07,7
2.82,4.0,2.255314329171505e-06,-2.479770503317502e-08,29.43000017421216,3.999999998197532,0.27183146276040493,4,-3.279105363802881e-06,6.358204519608074e-06,2.047055136795447e-08,19.619186328528027,3.9999999934327977,0.4077641066710748,6,-3.0199957108470454e-06,9.215171976966397e-06,8.620688057094942e-09,9.808970643066727,3.9999999997421942,0.8155799717006011,5,-1.985441214984174e-06,-6.080088918518573e-13,-1.653291612820628e-07,-1.6561931308762134e-07,7
2.825,4.0,2.2551902687987375e-06,-2.4821692911857272e-08,29.430000189691484,3.9999999996268634,0.2718314627145638,4,-3.279105366814361e-06,6.358307035530756e-06,2.0524652846046473e-08,19.61918633784651,3.9999999948068097,0.40776410661746815,6,-3.0208209935780883e-06,9.215214986606097e-06,8.5891616353816e-09,9.808970646969446,4.000000000635831,0.8155799715583124,5,-1.98544266426931e-06,-5.986936765860424e-13,-1.6487064754308604e-07,-1.6516030258512535e-07,7
2.83,4.0,2.255066087647899e-06,-2.484595694935673e-08,29.430000204999892,4.000000000977996,0.27183146266498714,4,-3.279105369794616e-06,6.358409815629008e-06,2.0576652075015992e-08,19.619186347038912,3.9999999961023076,0.40776410655847817,6,-3.0216438683047797e-06,9.215257832864982e-06,8.555749319363297e-09,9.808970650846643,4.000000001454907,0.8155799714029432,5,-1.985444111091139e-06,-5.951676082598329e-13,-1.6437371106534086e-07,-1.6466285510103181e-07,7
2.835,4.0,2.2549417844377515e-06,-2.487046597190391e-08,29.430000220093206,4.000000002319174,0.2718314626167207,4,-3.279105372743646e-06,6.358512849518685e-06,2.0626584212767208e-08,19.619186356054946,3.99999999739725,0.4077641065030972,6,-3.0224641442561095e-06,9.215300506599924e-06,8.520501738473837e-09,9.808970654614917,4.000000002296442,0.8155799712612097,5,-1.9854455552276162e-06,-5.872557148971442e-13,-1.6383880087098006e-07,-1.641274077807717e-07,7
2.84,4.0,2.2548173579492946e-06,-2.4895221586322132e-08,29.430000234987958,4.000000003596216,0.2718314625659297,4,-3.2791053756683897e-06,6.358616126946469e-06,2.0674472951775707e-08,19.619186364919067,3.9999999986257837,0.40776410644410377,6,-3.023281633200703e-06,9.215342998491969e-06,8.483445162158651e-09,9.808970658330212,4.000000003076763,0.8155799711114001,5,-1.9854469969285415e-06,-5.814932133101298e-13,-1.632664749580958e-07,-1.6355457329514802e-07,7
2.845,4.0,2.2546928070325392e-06,-2.492017505388211e-08,29.430000249549,4.000000004976668,0.2718314625252486,4,-3.2791053785549695e-06,6.358719637765846e-06,2.0720363411911404e-08,19.6191863734974,3.9999999999817324,0.407764106404039,6,-3.024096149766009e-06,9.215385300270236e-06,8.444613674808082e-09,9.808970661853774,4.000000004006691,0.8155799710080366,5,-1.9854484355277813e-06,-5.730963745302848e-13,-1.6265727816019977e-07,-1.629448498394235e-07,7
2.85,4.0,2.254568130545703e-06,-2.4945394415997914e-08,29.43000026404266,4.000000006068442,0.2718314624655719,4,-3.2791053814207327e-06,6.358823371856902e-06,2.0764226546116137e-08,19.619186382056057,4.000000001015754,0.40776410633156546,6,-3.0249075115354462e-06,9.215427403116145e-06,8.404355776230553e-09,9.808970665503589,4.000000004595689,0.8155799708246616,5,-1.9854498710392132e-06,-5.690000956586279e-13,-1.6201190068962364e-07,-1.6229870180123762e-07,7
2.855,4.0,2.2544433275091787e-06,-2.4970781481431622e-08,29.430000278190903,4.0000000073378965,0.27183146242116046,4,-3.2791053842379236e-06,6.358927319625698e-06,2.0806167617938128e-08,19.619186390316173,4.0000000022419036,0.40776410628488263,6,-3.0257155393051405e-06,9.21546929964811e-06,8.362403356691859e-09,9.808970668952263,4.000000005374369,0.815579970696686,5,-1.985451302977115e-06,-5.591537496978323e-13,-1.613309001003704e-07,-1.6161698432232564e-07,7
2.86,4.0,2.2543183969208082e-06,-2.4996368352047558e-08,29.43000029199748,4.000000008510759,0.27183146237334066,4,-3.2791053870100118e-06,6.3590314713156485e-06,2.0846190135078824e-08,19.61918639828225,4.000000003382346,0.407764106235574,6,-3.026520057201887e-06,9.215510981489433e-06,8.318837825884602e-09,9.808970672237614,4.00000000611152,0.8155799705738225,5,-1.9854527315774084e-06,-5.51199223770998e-13,-1.6061502078010266e-07,-1.6090045252309813e-07,7
2.865,4.0,2.2541933378577774e-06,-2.502213209576742e-08,29.430000305606313,4.000000009680366,0.27183146232712607,4,-3.279105389743936e-06,6.359135817285959e-06,2.0884280209804522e-08,19.619186406102955,4.000000004515691,0.40776410618856324,6,-3.027320892856622e-06,9.215552441210223e-06,8.27383208370164e-09,9.808970675501085,4.000000006816933,0.8155799704463069,5,-1.985454156264166e-06,-5.427988322774742e-13,-1.598649429473686e-07,-1.6014953834603695e-07,7
2.87,4.0,2.2540681494875824e-06,-2.5048057028444182e-08,29.430000318843266,4.000000010914155,0.2718314622887081,4,-3.2791053924362268e-06,6.359240348176027e-06,2.0920511514927428e-08,19.61918641360466,4.000000005700855,0.4077641061534651,6,-3.0281178775432016e-06,9.215593671303197e-06,8.22721519666042e-09,9.808970678601982,4.000000007556374,0.815579970339247,5,-1.9854555770026927e-06,-5.366739538952221e-13,-1.5908142625761787e-07,-1.5936530801913683e-07,7
2.875,4.0,2.2539428309532834e-06,-2.507415514451613e-08,29.430000331798155,4.000000011875538,0.2718314622343832,4,-3.2791053950903537e-06,6.359345054680326e-06,2.0954920572180966e-08,19.619186420867088,4.000000006647647,0.40776410609904007,6,-3.0289108464073844e-06,9.215634664131893e-06,8.17932458882359e-09,9.808970681573985,4.000000008158662,0.8155799702149393,5,-1.985456994181567e-06,-5.27726444495163e-13,-1.5826525585524437e-07,-1.585483430363619e-07,7
2.88,4.0,2.2538173815600355e-06,-2.510037737931214e-08,29.430000344428016,4.000000012935219,0.27183146218974064,4,-3.2791053977028473e-06,6.359449927871986e-06,2.0987550084858994e-08,19.619186427860082,4.000000007680185,0.4077641060589561,6,-3.029699638529282e-06,9.215675413991568e-06,8.130213255538608e-09,9.808970684429243,4.000000008809158,0.815579970110168,5,-1.9854584066905656e-06,-5.170505398903674e-13,-1.5741721455406193e-07,-1.5769933786441848e-07,7
2.8850000000000002,4.0,2.2536918006639074e-06,-2.512673096859811e-08,29.430000356689966,4.000000014012864,0.27183146214971704,4,-3.2791054002563602e-06,6.3595549588674e-06,2.1018394982575345e-08,19.619186434538495,4.000000008731969,0.40776410602737223,6,-3.0304840970274416e-06,9.215715913980029e-06,8.079664136209723e-09,9.808970687131403,4.00000000947861,0.8155799700219912,5,-1.985459814633772e-06,-5.068222772091008e-13,-1.5653812415891693e-07,-1.5681936840001163e-07,7
2.89,4.0,2.2535660876149974e-06,-2.515320906994838e-08,29.430000368609967,4.000000015000946,0.2718314621067654,4,-3.279105402761301e-06,6.3596601388358524e-06,2.1047507230044642e-08,19.619186440927916,4.000000009696415,0.40776410599289153,6,-3.031264069246198e-06,9.215756157410145e-06,8.027849064980502e-09,9.808970689701448,4.000000010081701,0.8155799699312686,5,-1.9854612181360864e-06,-4.972832409815214e-13,-1.5562886481731978e-07,-1.5590923677661214e-07,7
2.895,4.0,2.2534402418661726e-06,-2.5179789319480664e-08,29.430000380233054,4.000000015973253,0.27183146206548414,4,-3.2791054052246082e-06,6.359765459271903e-06,2.1074917626219758e-08,19.61918644707603,4.000000010648657,0.407764105962182,6,-3.032039406894449e-06,9.215796138168482e-06,7.974859838615668e-09,9.808970692180267,4.0000000106686775,0.8155799698448454,5,-1.9854626171975087e-06,-4.897355007709097e-13,-1.546902796450699e-07,-1.5496971661893986e-07,7
2.9,4.0,2.253314262927692e-06,-2.520646753838527e-08,29.430000391464457,4.000000016879709,0.2718314620233457,4,-3.2791054076393433e-06,6.359870911811193e-06,2.1100682508625007e-08,19.619186452884076,4.000000011532132,0.4077641059315301,6,-3.0328099660387187e-06,9.215835850550285e-06,7.920757929422622e-09,9.808970694494894,4.00000001120392,0.8155799697615259,5,-1.9854640115959943e-06,-4.801769246180969e-13,-1.537232777229779e-07,-1.540017654561618e-07,7
2.9050000000000002,4.0,2.2531881503735876e-06,-2.523321863536307e-08,29.43000040233457,4.000000017763344,0.2718314619829933,4,-3.279105410012445e-06,6.3599764883494065e-06,2.112484391665502e-08,19.61918645838505,4.000000012407167,0.40776410590640016,6,-3.033575607311323e-06,9.215875289342873e-06,7.865625765295345e-09,9.808970696646238,4.000000011756554,0.8155799696953289,5,-1.9854654010539874e-06,-4.691226560065093e-13,-1.527287537042842e-07,-1.5300624020281734e-07,7
2.91,4.0,2.253061903847475e-06,-2.5260039700526838e-08,29.430000412810756,4.000000018635312,0.2718314619454867,4,-3.2791054123230967e-06,6.360082180892995e-06,2.114741610095394e-08,19.61918646355121,4.000000013265791,0.40776410588655604,6,-3.03433619584792e-06,9.215914449383168e-06,7.809464880970018e-09,9.808970698650262,4.000000012288369,0.8155799696371362,5,-1.9854667853425045e-06,-4.56538944156198e-13,-1.5170763518831946e-07,-1.5198408902312027e-07,7
2.915,4.0,2.2529355230235063e-06,-2.52869298975101e-08,29.430000423076624,4.00000001942886,0.2718314619045934,4,-3.2791054145817067e-06,6.360187981653161e-06,2.116842062406831e-08,19.619186468563218,4.000000014037202,0.40776410586102513,6,-3.035091601592821e-06,9.215953325858531e-06,7.75247341489978e-09,9.808970700679815,4.000000012701544,0.8155799695526305,5,-1.985468164239501e-06,-4.50591701457886e-13,-1.5066089325252435e-07,-1.5093611346967263e-07,7
2.92,4.0,2.2528090076805753e-06,-2.5313840547346847e-08,29.430000432636483,4.000000020268574,0.2718314618733585,4,-3.2791054167778666e-06,6.3602938831482145e-06,2.1188002573673682e-08,19.61918647292139,4.000000014878565,0.4077641058562146,6,-3.035841699125519e-06,9.215991914434166e-06,7.694416824171814e-09,9.8089707022131,4.000000013275213,0.8155799695421116,5,-1.9854695374743603e-06,-4.3695993907232853e-13,-1.4958943716955604e-07,-1.4986368325392985e-07,7
2.9250000000000003,4.0,2.252682357615872e-06,-2.5340796565586375e-08,29.43000044200375,4.000000021036239,0.27183146183900625,4,-3.2791054189358626e-06,6.360399877989255e-06,2.120608309706905e-08,19.61918647714434,4.0000000156443525,0.4077641058465101,6,-3.0365863679313043e-06,9.216030210198268e-06,7.635519442816002e-09,9.80897070377254,4.000000013749127,0.8155799695090787,5,-1.985470905505049e-06,-4.2735695399853076e-13,-1.484942562174074e-07,-1.4876744119147046e-07,7
2.93,4.0,2.252555572662295e-06,-2.5367784122388604e-08,29.430000450944753,4.000000021616594,0.27183146179586193,4,-3.279105421041817e-06,6.360505958940846e-06,2.1222765639626344e-08,19.619186480993505,4.00000001623713,0.4077641058269376,6,-3.0373254922347326e-06,9.216068209469434e-06,7.5760417521131e-09,9.808970705134127,4.000000014118683,0.8155799694712182,5,-1.9854722677972725e-06,-4.1537009804625784e-13,-1.473763212816725e-07,-1.4764826965913269e-07,7
2.935,4.0,2.2524286528444092e-06,-2.5394761925424298e-08,29.430000459495744,4.000000022471665,0.2718314617749892,4,-3.2791054230818517e-06,6.360612119192912e-06,2.123803979529897e-08,19.61918648451992,4.000000017070736,0.4077641058386235,6,-3.0380589611175846e-06,9.216105908396319e-06,7.515528956872477e-09,9.808970706390452,4.000000014612435,0.8155799694674329,5,-1.9854736244273585e-06,-4.03880622009017e-13,-1.4623658961795954e-07,-1.465074679820085e-07,7
2.94,4.0,2.252301598043694e-06,-2.542176610118474e-08,29.430000467815688,4.000000023063975,0.27183146173839373,4,-3.2791054250733143e-06,6.360718351633135e-06,2.1251928955971404e-08,19.61918648787369,4.000000017654304,0.4077641058284084,6,-3.0387866685951948e-06,9.216143302987116e-06,7.454521343925075e-09,9.80897070765207,4.000000014895352,0.8155799694202194,5,-1.985474975214896e-06,-3.970523063183624e-13,-1.450760723765431e-07,-1.45345622338315e-07,7
2.945,4.0,2.252174408347148e-06,-2.5448723221735504e-08,29.430000475419718,4.000000023724159,0.27183146171302347,4,-3.2791054270057962e-06,6.360824649915257e-06,2.1264626035773337e-08,19.61918649055852,4.00000001833547,0.40776410584204587,6,-3.0395085136650235e-06,9.216180390568917e-06,7.39275731496771e-09,9.808970708369213,4.000000015382406,0.8155799694598995,5,-1.9854763198337566e-06,-3.8192307511719046e-13,-1.4389571444958773e-07,-1.4416421409596942e-07,7
2.95,4.0,2.2520470838498866e-06,-2.5475678652243e-08,29.430000482787946,4.000000024312835,0.2718314616849717,4,-3.279105428889706e-06,6.360931007648154e-06,2.1276005270953455e-08,19.619186493071833,4.000000018925683,0.4077641058499762,6,-3.0402244002095125e-06,9.216217167569783e-06,7.330423441676299e-09,9.808970709137629,4.00000001572409,0.8155799694656761,5,-1.985477658783541e-06,-3.707906468046691e-13,-1.4269655221163514e-07,-1.42963884386564e-07,7
2.955,4.0,2.251919624658474e-06,-2.5502600597788432e-08,29.430000489819655,4.000000024760754,0.2718314616504627,4,-3.279105430721574e-06,6.361037418670534e-06,2.1286197230509478e-08,19.619186495302955,4.000000019397435,0.40776410585169554,6,-3.0409342371209847e-06,9.216253631884549e-06,7.267797697678521e-09,9.808970709765092,4.000000016003683,0.8155799694705126,5,-1.985478991405054e-06,-3.5964578399427187e-13,-1.414795599304629e-07,-1.417455341072334e-07,7
2.96,4.0,2.2517920310773936e-06,-2.5529462730555526e-08,29.430000496384594,4.0000000254547095,0.271831461636985,4,-3.279105432484053e-06,6.36114387708467e-06,2.129516739589891e-08,19.61918649713244,4.00000002008482,0.4077641058837444,6,-3.041637938065722e-06,9.21628978059186e-06,7.204322620398628e-09,9.808970710208804,4.000000016412639,0.8155799695170037,5,-1.9854803179897296e-06,-3.476411644736049e-13,-1.40245677901024e-07,-1.4051052360270338e-07,7
2.965,4.0,2.251664303237535e-06,-2.5556286731577118e-08,29.430000502585106,4.000000025890886,0.27183146160935534,4,-3.2791054341979597e-06,6.361250376893184e-06,2.1303021152814775e-08,19.61918649865305,4.000000020536484,0.4077641058981831,6,-3.0423354217753995e-06,9.216325611378863e-06,7.14063397410531e-09,9.808970710511312,4.000000016664698,0.8155799695432447,5,-1.985481638287767e-06,-3.386314825841669e-13,-1.3899596297392553e-07,-1.3925952548871484e-07,7
2.97,4.0,2.2515364414975454e-06,-2.5583037894184634e-08,29.430000508331382,4.0000000263435975,0.27183146158704496,4,-3.2791054358563554e-06,6.36135691267758e-06,2.1309793392236424e-08,19.61918649977626,4.000000021002366,0.407764105922331,6,-3.043026611838917e-06,9.216361122855782e-06,7.07662803023033e-09,9.808970710594469,4.000000016941349,0.8155799695927383,5,-1.9854829518065054e-06,-3.2602112538126453e-13,-1.3773134597791488e-07,-1.379935613978241e-07,7
2.975,4.0,2.2514084462284233e-06,-2.5609719778247736e-08,29.430000513785043,4.000000026791201,0.27183146156709015,4,-3.2791054374696482e-06,6.361463479147739e-06,2.131549085832729e-08,19.61918650066722,4.000000021462546,0.40776410595072454,6,-3.043711436757912e-06,9.216396312725753e-06,7.012165346364012e-09,9.808970710612474,4.000000017193188,0.81557996964259,5,-1.9854842591773836e-06,-3.181127847322546e-13,-1.364528208006309e-07,-1.367137942113779e-07,7
2.98,4.0,2.2512803178085535e-06,-2.563631497239028e-08,29.430000518852744,4.000000027220749,0.2718314615494733,4,-3.2791054390239605e-06,6.361570070992019e-06,2.1320149125675396e-08,19.619186501229315,4.0000000219079554,0.40776410598444746,6,-3.0443898297594085e-06,9.216431179328485e-06,6.947384836371551e-09,9.808970710466038,4.000000017442195,0.8155799697055369,5,-1.985485560268563e-06,-3.043069393764359e-13,-1.3516130257137924e-07,-1.3542101189107217e-07,7
2.985,4.0,2.2511520566654594e-06,-2.5662816998382558e-08,29.43000052348149,4.000000027564395,0.27183146153007315,4,-3.279105440519292e-06,6.361676683211986e-06,2.132385335191177e-08,19.619186501411825,4.0000000222759695,0.40776410601816987,6,-3.045061728927656e-06,9.216465721674985e-06,6.8824664338258205e-09,9.80897071012165,4.000000017653256,0.8155799697772057,5,-1.9854868547261595e-06,-2.937607088209167e-13,-1.3385780441396698e-07,-1.341161832548217e-07,7
2.99,4.0,2.2510236633273233e-06,-2.568922057291567e-08,29.43000052776234,4.000000027909228,0.271831461513967,4,-3.2791054419591126e-06,6.361783311062111e-06,2.132659394895324e-08,19.61918650130599,4.000000022637939,0.4077641060572691,6,-3.0457270771000466e-06,9.216499938566205e-06,6.8172952686089166e-09,9.808970709659734,4.000000017843311,0.8155799698543637,5,-1.985488142654257e-06,-2.8316474027389423e-13,-1.3254325327224908e-07,-1.328003145412744e-07,7
2.995,4.0,2.2508951382766705e-06,-2.5715535728763663e-08,29.430000531773103,4.000000028088274,0.27183146148908893,4,-3.2791054433538303e-06,6.361889949951861e-06,2.1328446871337744e-08,19.619186500990054,4.000000022813687,0.4077641060817514,6,-3.0463858218740536e-06,9.216533829590019e-06,6.752252810414156e-09,9.808970709184907,4.000000017832628,0.8155799698916656,5,-1.9854894237267273e-06,-2.7867588654072977e-13,-1.3121861595863355e-07,-1.314741584869701e-07,7
3.0,4.0,2.2507665194196586e-06,-2.57331756960445e-08,29.430000513831253,4.000000028789389,0.27183146170245587,4,-3.279105442219321e-06,6.3619965221192336e-06,2.131145704683279e-08,19.619186479058094,4.000000020636341,0.40776410631562315,6,-3.0470380555439047e-06,9.21656742751839e-06,6.695423081354284e-09,9.808970690156988,4.0000000179825,0.8155799715043255,5,-1.985490492614761e-06,4.976808701191498e-13,-1.299322017035141e-07,-1.3013611690366035e-07,7
3.005,4.0,2.2506377503674925e-06,-2.5766276351743917e-08,29.430000531968943,4.000000028347179,0.2718314615048747,4,-3.2791054426113686e-06,6.362103129047754e-06,2.1325647552952596e-08,19.619186492795166,4.000000022395756,0.4077641062094693,6,-3.0476837255127842e-06,9.216600691309408e-06,6.625179120173292e-09,9.808970702075047,4.0000000180038455,0.8155799705177348,5,-1.98549163988454e-06,-2.7898852534446414e-13,-1.2859954655994304e-07,-1.2883969029848075e-07,7
3.0100000000000002,4.0,2.250508834709198e-06,-2.5794040482248337e-08,29.430000540033745,4.000000028981346,0.2718314614734805,4,-3.279105444252417e-06,6.362209769020344e-06,2.1328772995931786e-08,19.61918649663832,4.000000023602019,0.407764106252561,6,-3.0483226830871346e-06,9.216633616637183e-06,6.558502215277596e-09,9.808970705166496,4.00000001842489,0.815579970346541,5,-1.985492871080241e-06,-3.240848964263183e-13,-1.272518526869991e-07,-1.2750041182369288e-07,7
3.015,4.0,2.250379785271441e-06,-2.582034481073349e-08,29.430000543599732,4.000000029224486,0.2718314614570663,4,-3.2791054457234625e-06,6.362316412121348e-06,2.132825883765498e-08,19.619186496103303,4.000000024022395,0.4077641063065343,6,-3.0489548743864447e-06,9.216666211670387e-06,6.492730062883767e-09,9.808970704920773,4.000000018577184,0.815579970398024,5,-1.9854941181382535e-06,-2.723680434040194e-13,-1.25895467359388e-07,-1.261450193214593e-07,7
3.02,4.0,2.250250606094121e-06,-2.5846113995515714e-08,29.4300005458794,4.000000029371861,0.27183146144602544,4,-3.279105446975933e-06,6.362423048130889e-06,2.13263665544784e-08,19.61918649434783,4.000000024245639,0.40776410636577776,6,-3.049580266159535e-06,9.216698479000891e-06,6.427296815794645e-09,9.808970703778275,4.000000018666589,0.8155799705112478,5,-1.985495363690526e-06,-2.383685734978987e-13,-1.2453334448267444e-07,-1.247820685754171e-07,7
3.025,4.0,2.2501212989314756e-06,-2.5871616022644607e-08,29.430000547665813,4.00000002953253,0.27183146144044384,4,-3.279105448110442e-06,6.362529672021175e-06,2.132361914981888e-08,19.619186492149904,4.000000024452722,0.4077641064325695,6,-3.0501988329753593e-06,9.21673041929902e-06,6.361919989725367e-09,9.80897070233462,4.000000018771868,0.8155799706527481,5,-1.9854966038027055e-06,-2.198109735966843e-13,-1.2316650044028028e-07,-1.2341402899157932e-07,7
3.0300000000000002,4.0,2.2499918648283057e-06,-2.5896928575071738e-08,29.430000549174252,4.000000029659817,0.2718314614351612,4,-3.2791054491755622e-06,6.362636280011326e-06,2.1320168387817035e-08,19.6191864897352,4.000000024614589,0.4077641064992575,6,-3.05081055336498e-06,9.216762033382126e-06,6.2967468819579935e-09,9.808970700809747,4.000000018827628,0.815579970790905,5,-1.985497837260486e-06,-2.0808701845664264e-13,-1.217956647961703e-07,-1.2204181865155667e-07,7
3.035,4.0,2.249862304699157e-06,-2.5922061821217535e-08,29.430000550292856,4.000000029769342,0.2718314614322722,4,-3.2791054501851713e-06,6.362742868832869e-06,2.131609860119186e-08,19.619186486983832,4.000000024756085,0.40776410657086604,6,-3.051415409703606e-06,9.216793322407198e-06,6.231774847873026e-09,9.808970699096339,4.0000000188818,0.815579970944414,5,-1.985499063397733e-06,-1.9740400842448954e-13,-1.2042163006129024e-07,-1.2066635981850388e-07,7
3.04,4.0,2.2497326194336814e-06,-2.59470217093293e-08,29.43000055118284,4.000000029840746,0.27183146142890435,4,-3.279105451153147e-06,6.362849435477944e-06,2.131141198287524e-08,19.61918648406074,4.000000024864705,0.40776410664269225,6,-3.0520133883632505e-06,9.216824286713221e-06,6.166953057116562e-09,9.808970697323012,4.000000018908673,0.8155799710973388,5,-1.9855002828111923e-06,-1.899486387695267e-13,-1.190451723312723e-07,-1.192884904088239e-07,7
3.045,4.0,2.2496028099040213e-06,-2.597181524605065e-08,29.43000055181121,4.0000000297978096,0.2718314614201825,4,-3.2791054520794893e-06,6.362955977042816e-06,2.1306178334971163e-08,19.6191864809362,4.000000024838863,0.4077641067049982,6,-3.052604479532317e-06,9.216854927871702e-06,6.1025601158019155e-09,9.80897069552546,4.000000018781844,0.8155799712209388,5,-1.985501494987385e-06,-1.8482562564469637e-13,-1.1766709721236488e-07,-1.1790886380741845e-07,7
3.0500000000000003,4.0,2.2494728771201906e-06,-2.5996371857754984e-08,29.43000055195349,4.000000030000941,0.2718314614326727,4,-3.27910545295379e-06,6.3630624910150294e-06,2.1300435761967214e-08,19.619186477372402,4.000000025101925,0.40776410680588476,6,-3.0531886772086625e-06,9.216885247237317e-06,6.038096406978035e-09,9.808970693352627,4.00000001899818,0.8155799714457118,5,-1.9855027000650893e-06,-1.7074266862193118e-13,-1.1628805211913438e-07,-1.1652854179073208e-07,7
3.055,4.0,2.2493428219533487e-06,-2.6020780869579397e-08,29.430000551918056,4.000000029953989,0.27183146142980924,4,-3.279105453782988e-06,6.363168974407994e-06,2.1294122048622353e-08,19.619186473693265,4.00000002508811,0.40776410688094344,6,-3.0537659789844906e-06,9.216915245242719e-06,5.974009142066262e-09,9.808970691230394,4.000000018931708,0.8155799716086144,5,-1.985503898252472e-06,-1.6214154880555517e-13,-1.1490885881734734e-07,-1.1514792232486931e-07,7
3.06,4.0,2.249212645391766e-06,-2.6044969444519432e-08,29.430000551573304,4.000000029957359,0.2718314614332226,4,-3.279105454567083e-06,6.363275425002054e-06,2.1287396911654306e-08,19.61918646975795,4.000000025139928,0.40776410696801724,6,-3.054336386199008e-06,9.216944924089044e-06,5.9103027146950424e-09,9.80897068895945,4.000000018944575,0.8155799718000586,5,-1.9855050892719772e-06,-1.5432024964167586e-13,-1.1353020547652512e-07,-1.1376786083045337e-07,7
3.065,4.0,2.2490823484773858e-06,-2.6068968180107878e-08,29.430000550999132,4.0000000299478735,0.27183146143788134,4,-3.279105455313014e-06,6.363381840505285e-06,2.1280179262492493e-08,19.619186465650586,4.000000025162836,0.4077641070557197,6,-3.054899903549846e-06,9.216974285057563e-06,5.846860050845793e-09,9.80897068664407,4.000000018904591,0.8155799719844214,5,-1.985506273387283e-06,-1.4739956339537248e-13,-1.1215276997575394e-07,-1.1238902216942754e-07,7
3.0700000000000003,4.0,2.2489519321917307e-06,-2.60927548117423e-08,29.430000550143397,4.000000029884549,0.27183146144148196,4,-3.27910545602772e-06,6.363488218794916e-06,2.1272587522575295e-08,19.61918646131234,4.000000025144398,0.40776410714400596,6,-3.0554565392040822e-06,9.217003330224405e-06,5.783878861343779e-09,9.80897068421325,4.000000018851158,0.8155799721756405,5,-1.985507450431856e-06,-1.404149283028507e-13,-1.1077723400618177e-07,-1.1101206598302233e-07,7
3.075,4.0,2.248821397618501e-06,-2.6116329571463638e-08,29.430000549019667,4.000000029839613,0.27183146144880754,4,-3.2791054566938538e-06,6.363594557880244e-06,2.12645870182006e-08,19.6191864567616,4.000000025140089,0.40776410723814904,6,-3.0560063044512975e-06,9.217032061620184e-06,5.721262349283261e-09,9.808970681668269,4.000000018814224,0.8155799723797157,5,-1.985508620280796e-06,-1.285168901925478e-13,-1.0940420525593063e-07,-1.0963761016275348e-07,7
3.08,4.0,2.248690745767358e-06,-2.6139690216076115e-08,29.43000054767378,4.00000002966061,0.2718314614490743,4,-3.2791054573218237e-06,6.363700855905404e-06,2.1256262096012415e-08,19.61918645203953,4.000000025020134,0.407764107324064,6,-3.056549213932558e-06,9.217060482034095e-06,5.6593836397572486e-09,9.80897067904135,4.00000001871074,0.8155799725770345,5,-1.98550978232348e-06,-1.215304787431866e-13,-1.0803435062442509e-07,-1.0826608763520446e-07,7
3.085,4.0,2.248559977859897e-06,-2.616282454141112e-08,29.430000546057435,4.000000029742656,0.2718314614695794,4,-3.2791054579046908e-06,6.363807111288383e-06,2.1247551784302268e-08,19.61918644710542,4.0000000251299825,0.4077641074378123,6,-3.0570852851061203e-06,9.217088592845745e-06,5.5974172938206195e-09,9.808970676333093,4.0000000187425515,0.8155799728087024,5,-1.985510937399515e-06,-1.1383352455806532e-13,-1.0666822755198134e-07,-1.0689872319841605e-07,7
3.09,4.0,2.2484290948518325e-06,-2.6185753723272524e-08,29.43000054427312,4.000000029584772,0.2718314614753308,4,-3.2791054584632717e-06,6.363913322021103e-06,2.123850802188051e-08,19.61918644205666,4.000000025018639,0.40776410753139497,6,-3.0576145385388664e-06,9.21711639563329e-06,5.536066148314435e-09,9.808970673593196,4.000000018618934,0.8155799730113098,5,-1.9855120857101283e-06,-1.101582422573462e-13,-1.0530645511316871e-07,-1.0553554777520808e-07,7
3.095,4.0,2.248298097911504e-06,-2.6208450235677527e-08,29.43000054223188,4.000000029455348,0.27183146148538945,4,-3.2791054589871582e-06,6.36401948676042e-06,2.1229196671707557e-08,19.619186436799612,4.000000024930945,0.40776410763171755,6,-3.0581369975107853e-06,9.217143893197257e-06,5.475225709400693e-09,9.80897067074001,4.000000018517,0.815579973227758,5,-1.985513227061031e-06,-1.0244352450383092e-13,-1.0394955230261227e-07,-1.0417725219430814e-07,7
3.1,4.0,2.248166988175387e-06,-2.6230915272808425e-08,29.430000539948328,4.000000029313395,0.2718314614968348,4,-3.2791054594694113e-06,6.364125604140745e-06,2.1219628198895365e-08,19.619186431353125,4.000000024835732,0.4077641077352109,6,-3.0586526880635456e-06,9.217171088364225e-06,5.414953049524971e-09,9.808970667788351,4.000000018422848,0.8155799734539805,5,-1.9855143611677284e-06,-9.353509495423865e-14,-1.0259807119603049e-07,-1.0282432939296276e-07,7
3.105,4.0,2.248035766806243e-06,-2.6253150338065297e-08,29.430000537515063,4.00000002918618,0.27183146151066445,4,-3.2791054599135006e-06,6.3642316729004745e-06,2.120980050125453e-08,19.619186425808056,4.000000024754532,0.4077641078421817,6,-3.0591616388478404e-06,9.217197983547752e-06,5.355146362597366e-09,9.808970664805809,4.000000018333075,0.8155799736836635,5,-1.9855154881689985e-06,-8.664105406052629e-14,-1.0125251850276452e-07,-1.0147736352434227e-07,7
3.11,4.0,2.2479044349403407e-06,-2.627515883329481e-08,29.43000053488298,4.0000000289867925,0.27183146152142584,4,-3.2791054603263647e-06,6.3643376918096405e-06,2.1199745841476457e-08,19.619186420116122,4.000000024602548,0.4077641079449892,6,-3.0596638810054255e-06,9.217224581280823e-06,5.295920106907481e-09,9.808970661770308,4.000000018186865,0.8155799739062429,5,-1.9855166081272912e-06,-8.24062193553961e-14,-9.991340960788232e-08,-1.0013681169835215e-07,7
3.115,4.0,2.247772993772866e-06,-2.629692011922996e-08,29.43000053201706,4.000000028856864,0.27183146153906734,4,-3.279105460714943e-06,6.3644436599170865e-06,2.1189503720922143e-08,19.619186414237603,4.000000024521535,0.40776410805890945,6,-3.060159448141364e-06,9.217250884534022e-06,5.237185295568601e-09,9.808970658611688,4.000000018114944,0.8155799741542062,5,-1.9855177209940345e-06,-7.515335438012489e-14,-9.858118826663866e-08,-9.88032200168228e-08,7
3.12,4.0,2.247641444462793e-06,-2.6318455062894457e-08,29.43000052900269,4.000000028638237,0.2718314615520523,4,-3.279105461072296e-06,6.364549576148259e-06,2.117906407297659e-08,19.619186408262976,4.000000024352003,0.4077641081658035,6,-3.0606483760672876e-06,9.21727689586335e-06,5.1790633382905065e-09,9.808970655429672,4.000000017969291,0.8155799743890814,5,-1.9855188268663726e-06,-7.09185196749947e-14,-9.72563127293601e-08,-9.74769267691507e-08,7
3.125,4.0,2.247509788210496e-06,-2.6339735345291255e-08,29.430000525809135,4.000000028497178,0.27183146157196364,4,-3.2791054614053627e-06,6.3646554398432036e-06,2.116849665648761e-08,19.6191864021554,4.000000024259078,0.4077641082832702,6,-3.0611307028707846e-06,9.217302619193501e-06,5.121640143387993e-09,9.808970652184854,4.000000017882243,0.8155799746411274,5,-1.9855199251198052e-06,-6.185199436669582e-14,-9.593921640757552e-08,-9.615835800564205e-08,7
3.13,4.0,2.2473780262446722e-06,-2.6360797975065294e-08,29.43000052247682,4.000000028279631,0.2718314615879587,4,-3.2791054616967963e-06,6.364761249920834e-06,2.1157688060630304e-08,19.619186395960448,4.000000024090314,0.4077641083948217,6,-3.0616064684782507e-06,9.21732805581155e-06,5.06453918384444e-09,9.808970648916828,4.000000017734081,0.8155799748826422,5,-1.985521016746594e-06,-5.627601024781844e-14,-9.463028330877742e-08,-9.484806826937494e-08,7
3.1350000000000002,4.0,2.247246159695824e-06,-2.6381612957429266e-08,29.430000518986297,4.000000028010559,0.2718314616019135,4,-3.2791054619708826e-06,6.36486700566e-06,2.1146786687848433e-08,19.619186389654686,4.000000023868358,0.4077641085032539,6,-3.0620757150920386e-06,9.21735320940985e-06,5.0082515198072095e-09,9.80897064560314,4.000000017543879,0.8155799751193822,5,-1.9855221010944835e-06,-5.065384085111664e-14,-9.332993484342787e-08,-9.354622499974503e-08,7
3.14,4.0,2.247114189847834e-06,-2.640217860320302e-08,29.430000515371773,4.000000027820792,0.271831461622403,4,-3.2791054622102744e-06,6.3649727066334146e-06,2.1135779239309668e-08,19.619186383274887,4.0000000237257805,0.40776410862131685,6,-3.062538486607591e-06,9.21737808289353e-06,4.952425243712148e-09,9.808970642251175,4.000000017418722,0.8155799753725667,5,-1.985523178635318e-06,-4.766067957672722e-14,-9.203851394964922e-08,-9.225348030622989e-08,7
3.145,4.0,2.246982117875127e-06,-2.6422506048923686e-08,29.43000051160692,4.0000000275630265,0.2718314616396601,4,-3.279105462439258e-06,6.365078352271964e-06,2.1124678414517618e-08,19.619186376786885,4.000000023515695,0.4077641087347468,6,-3.0629948288077302e-06,9.21740267936688e-06,4.897294881963049e-09,9.808970638861375,4.00000001723972,0.8155799756179186,5,-1.9855242493690972e-06,-4.378111623947708e-14,-9.075639909980601e-08,-9.096999110331092e-08,7
3.15,4.0,2.2468499450222114e-06,-2.6442582482955498e-08,29.430000507734825,4.000000027354299,0.2718314616612402,4,-3.279105462640486e-06,6.365183942116381e-06,2.1113478231093483e-08,19.619186370241106,4.000000023356121,0.4077641088545267,6,-3.0634447890573457e-06,9.217427002027082e-06,4.842758543566693e-09,9.808970635441737,4.000000017105193,0.8155799758748196,5,-1.9855253131917383e-06,-3.706293467286533e-14,-8.948385748105954e-08,-8.969607464831962e-08,7
3.1550000000000002,4.0,2.2467176724911836e-06,-2.6462420491967182e-08,29.43000050371636,4.000000027083717,0.2718314616799687,4,-3.2791054628070193e-06,6.365289475745707e-06,2.110221250371159e-08,19.619186363595773,4.000000023136454,0.4077641089702499,6,-3.0638884163450286e-06,9.217451054018549e-06,4.788903432891666e-09,9.8089706319828,4.000000016925617,0.8155799761258029,5,-1.985526370103241e-06,-3.276415112151672e-14,-8.822125391980114e-08,-8.843208369907893e-08,7
3.16,4.0,2.24658530151903e-06,-2.6482012534476545e-08,29.430000499573456,4.0000000268197295,0.2718314617002948,4,-3.279105462952736e-06,6.365394952881466e-06,2.109089296150128e-08,19.619186356869182,4.000000022918286,0.40776410908781474,6,-3.064325761144293e-06,9.217474838606333e-06,4.735686714176597e-09,9.808970628476125,4.000000016750576,0.8155799763816801,5,-1.9855274201521778e-06,-2.736402632973996e-14,-8.696885775080749e-08,-8.717830961896674e-08,7
3.165,4.0,2.2464528333263918e-06,-2.6501358408304594e-08,29.430000495321792,4.000000026538484,0.27183146172045264,4,-3.279105463077636e-06,6.365500373296753e-06,2.1079539602365108e-08,19.619186350080046,4.000000022689389,0.4077641092055858,6,-3.064756875344188e-06,9.217498359025446e-06,4.68313281830554e-09,9.808970624955613,4.000000016569817,0.8155799766375419,5,-1.9855284634079373e-06,-2.4782979842091393e-14,-8.572696326489256e-08,-8.593504788895608e-08,7
3.17,4.0,2.2463202691514365e-06,-2.652045786813873e-08,29.43000049102475,4.000000026285579,0.2718314617429556,4,-3.2791054631886585e-06,6.365605736861241e-06,2.1068149207761722e-08,19.619186343290092,4.000000022482752,0.407764109325643,6,-3.0651818122076624e-06,9.217521618613173e-06,4.631221871005569e-09,9.808970621456163,4.000000016392765,0.8155799768924085,5,-1.985529499856642e-06,-2.12817805116335e-14,-8.449580314170964e-08,-8.470252957399189e-08,7
3.1750000000000003,4.0,2.2461876102108565e-06,-2.6539315599929278e-08,29.430000486583822,4.0000000259937165,0.27183146176414,4,-3.279105463278864e-06,6.3657110433792415e-06,2.1056735234929173e-08,19.619186336398563,4.000000022239345,0.407764109444063,6,-3.065600626066256e-06,9.21754462059422e-06,4.57996953211275e-09,9.808970617887358,4.000000016203238,0.8155799771504978,5,-1.9855305295121695e-06,-1.7494587730032166e-14,-8.327560540685716e-08,-8.348097735994393e-08,7
3.18,4.0,2.246054857730346e-06,-2.655791893013104e-08,29.43000048205751,4.000000025739422,0.27183146178866624,4,-3.279105463355192e-06,6.365816292869676e-06,2.1045331933923513e-08,19.619186329463894,4.000000022038048,0.4077641095676724,6,-3.0660133725143868e-06,9.217567368408625e-06,4.529384517074766e-09,9.808970614300602,4.000000016053073,0.8155799774181055,5,-1.98553155243697e-06,-1.2881389018109714e-14,-8.206660905138428e-08,-8.227065233218774e-08,7
3.185,4.0,2.2459220129452314e-06,-2.657628565140536e-08,29.430000477455327,4.000000025478669,0.27183146181345424,4,-3.2791054633968253e-06,6.365921485236485e-06,2.103390008453157e-08,19.619186322499342,4.0000000218208775,0.4077641096902847,6,-3.0664201080762843e-06,9.217589865200777e-06,4.479417553119169e-09,9.808970610718719,4.000000015874685,0.8155799776795536,5,-1.985532568644921e-06,-7.772586747994595e-15,-8.086899898693255e-08,-8.107171660637755e-08,7
3.19,4.0,2.245789077023717e-06,-2.6594426538191086e-08,29.43000047284525,4.000000025056794,0.2718314618273657,4,-3.2791054634315198e-06,6.3660266205411915e-06,2.102251077431669e-08,19.619186315567102,4.000000021434201,0.4077641097949458,6,-3.066820890414157e-06,9.217612114635885e-06,4.430379082103746e-09,9.808970607202182,4.00000001553885,0.8155799779034657,5,-1.9855335779625505e-06,-5.720894598487306e-15,-7.968303395053376e-08,-7.988427083089186e-08,7
3.1950000000000003,4.0,2.2456560512657027e-06,-2.6612289618745316e-08,29.430000467954965,4.000000024837963,0.2718314618576637,4,-3.279105463448867e-06,6.366131699214239e-06,2.101120393491274e-08,19.6191863084037,4.000000021266741,0.4077641099267585,6,-3.0672157780922693e-06,9.217634120585566e-06,4.381824303384752e-09,9.808970603474064,4.000000015441122,0.8155799781935188,5,-1.9855345804523084e-06,-9.08176173863258e-15,-7.850882361090647e-08,-7.870882019628675e-08,7
3.2,4.0,2.245522936855761e-06,-2.6629915175098367e-08,29.430000463270595,4.000000024619945,0.2718314618861151,4,-3.2791054634835615e-06,6.366236721145029e-06,2.099984792059732e-08,19.61918630147175,4.000000021108393,0.40776411005468965,6,-3.0676048303618364e-06,9.21765588586328e-06,4.333916493857104e-09,9.808970599922809,4.0000000153238,0.8155799784648713,5,-1.9855355761835836e-06,-2.404436379327038e-15,-7.73464788446919e-08,-7.754512290486922e-08,7
3.205,4.0,2.2453897349820855e-06,-2.664731448427231e-08,29.43000045838354,4.000000024294934,0.2718314619091675,4,-3.2791054634766226e-06,6.366341686364431e-06,2.098852361905769e-08,19.619186294383628,4.000000020836776,0.40776411017431985,6,-3.0679881071124515e-06,9.217677413244145e-06,4.286615199088588e-09,9.808970596284098,4.0000000151268775,0.8155799787272653,5,-1.985536565558832e-06,3.2674710088779618e-15,-7.619621466567458e-08,-7.639359038752865e-08,7
3.21,4.0,2.2452564468401086e-06,-2.6664470403665506e-08,29.430000453544633,4.000000023967378,0.2718314619316023,4,-3.279105463455806e-06,6.366446595177231e-06,2.0977268054347456e-08,19.619186287385023,4.000000020561088,0.4077641102916746,6,-3.0683656691080086e-06,9.217698706347422e-06,4.240069073295178e-09,9.808970592729644,4.000000014909701,0.815579978978524,5,-1.985537548543359e-06,5.45238992134027e-15,-7.505815435657189e-08,-7.525422091054075e-08,7
3.215,4.0,2.2451230736606667e-06,-2.6681383283882578e-08,29.430000448588594,4.000000023698795,0.2718314619591266,4,-3.2791054634141725e-06,6.366551447928067e-06,2.0966071156340074e-08,19.61918628030773,4.000000020332614,0.4077641104154778,6,-3.068737577653635e-06,9.217719768642904e-06,4.194146982884214e-09,9.808970589125904,4.000000014725831,0.8155799792406715,5,-1.9855385251510427e-06,1.1046137608611659e-14,-7.393238366568118e-08,-7.412719718464095e-08,7
3.22,4.0,2.244989616607582e-06,-2.669806464144882e-08,29.430000443601998,4.000000023353639,0.27183146198172947,4,-3.279105463348253e-06,6.3666562448668e-06,2.0954948009912854e-08,19.619186273240217,4.00000002003395,0.4077641105319224,6,-3.0691038946165095e-06,9.217740603590966e-06,4.148982663893764e-09,9.808970585529533,4.000000014496319,0.8155799794929002,5,-1.9855394952708605e-06,1.2765651029151101e-14,-7.281904480635467e-08,-7.301255498032694e-08,7
3.225,4.0,2.244856076886678e-06,-2.6714498956134864e-08,29.430000438575853,4.000000023058571,0.2718314620081015,4,-3.279105463278864e-06,6.366760986466047e-06,2.0943912970673775e-08,19.619186266168388,4.000000019792232,0.407764110654262,6,-3.069464682349532e-06,9.217761214769048e-06,4.1044866845707336e-09,9.808970581917105,4.000000014327181,0.815579979758774,5,-1.9855404589513848e-06,1.389719033584906e-14,-7.171819449944257e-08,-7.191042768956285e-08,7
3.23,4.0,2.2447224556758325e-06,-2.6730708106433448e-08,29.430000433533962,4.000000022741829,0.271831462033146,4,-3.2791054632025363e-06,6.366865673073928e-06,2.093293600331604e-08,19.619186259119886,4.0000000195178504,0.40776411077278696,6,-3.069820003566426e-06,9.217781605398474e-06,4.060666722988449e-09,9.80897057835728,4.000000014105765,0.8155799800096146,5,-1.9855414163105767e-06,1.7323782679052145e-14,-7.062993670800528e-08,-7.082087659665965e-08,7
3.235,4.0,2.2445887541373495e-06,-2.6746677921031298e-08,29.4300004284757,4.000000022430781,0.2718314620587287,4,-3.2791054631158e-06,6.366970305121362e-06,2.0922067600670422e-08,19.619186252090874,4.000000019255,0.40776411089208237,6,-3.07016992138337e-06,9.217801779027817e-06,4.0175268573480246e-09,9.808970574785226,4.0000000139131195,0.8155799802673386,5,-1.9855423672512917e-06,1.70058148047995e-14,-6.955431269858855e-08,-6.974399213594401e-08,7
3.24,4.0,2.2444549734479245e-06,-2.6762416643997928e-08,29.430000423368817,4.000000022141125,0.2718314620862143,4,-3.279105463022125e-06,6.367074883041918e-06,2.09112721148128e-08,19.61918624505073,4.000000019008892,0.4077641110133158,6,-3.0705144991524658e-06,9.217821738894686e-06,3.975019801022884e-09,9.808970571223476,4.000000013724924,0.8155799805251129,5,-1.985543311891491e-06,1.9860420245715704e-14,-6.849138414985453e-08,-6.867981315811638e-08,7
3.245,4.0,2.2443211147476273e-06,-2.6777924612698168e-08,29.430000418307696,4.000000021833825,0.2718314621120781,4,-3.2791054629180416e-06,6.367179407276877e-06,2.0900572180878975e-08,19.619186238090364,4.0000000187514395,0.40776411113173466,6,-3.0708538004894925e-06,9.217841488270454e-06,3.933189076480201e-09,9.80897056769983,4.000000013536068,0.8155799807795844,5,-1.985544250286686e-06,2.0428854434323785e-14,-6.744118312504417e-08,-6.76283654381145e-08,7
3.25,4.0,2.2441871791902595e-06,-2.6793204174644118e-08,29.43000041317974,4.000000021543689,0.2718314621397256,4,-3.2791054628000804e-06,6.367283878284012e-06,2.0889964706738475e-08,19.61918623110092,4.000000018504527,0.40776411125183243,6,-3.0711878891351296e-06,9.217861030485058e-06,3.892007641789562e-09,9.808970564177258,4.00000001334522,0.8155799810335603,5,-1.985545182409121e-06,2.4581976724841572e-14,-6.640375113228775e-08,-6.658968938628011e-08,7
3.255,4.0,2.244053167901972e-06,-2.680826322885715e-08,29.430000408035426,4.000000021189671,0.27183146216318305,4,-3.279105462664772e-06,6.367388296531264e-06,2.087946366260864e-08,19.619186224126764,4.000000018198603,0.40776411136559665,6,-3.0715168290312844e-06,9.217880368585829e-06,3.851479252561041e-09,9.808970560644557,4.00000001312612,0.8155799812826181,5,-1.9855461084530845e-06,2.7745668255813416e-14,-6.537912533297036e-08,-6.556384457273984e-08,7
3.2600000000000002,4.0,2.2439190820176913e-06,-2.682308707042903e-08,29.430000402924968,4.00000002090258,0.2718314621908759,4,-3.279105462525994e-06,6.367492662713168e-06,2.0869096508296164e-08,19.61918621722353,4.00000001795761,0.40776411148450603,6,-3.071840684251703e-06,9.217899506317121e-06,3.811649976612088e-09,9.808970557168717,4.000000012947437,0.815579981535189,5,-1.985547028300616e-06,2.727138097969355e-14,-6.436730478917557e-08,-6.455080132167627e-08,7
3.265,4.0,2.243784922661922e-06,-2.683769617915686e-08,29.430000397768623,4.000000020579737,0.27183146221656296,4,-3.2791054623837468e-06,6.3675969773089106e-06,2.0858824819214332e-08,19.619186210306424,4.000000017678864,0.40776411159985515,6,-3.0721595187868656e-06,9.217918446658741e-06,3.772439390666015e-09,9.808970553680858,4.000000012742185,0.8155799817833418,5,-1.9855479421321265e-06,3.0435072510665394e-14,-6.336829995121068e-08,-6.355059420987534e-08,7
3.27,4.0,2.243650690932922e-06,-2.6852083660069176e-08,29.4300003926908,4.000000020275644,0.27183146224279897,4,-3.279105462244969e-06,6.367701240943902e-06,2.0848673489324378e-08,19.619186203502778,4.00000001741423,0.4077641117142847,6,-3.072473396752151e-06,9.217937193000158e-06,3.733910271034638e-09,9.808970550292464,4.000000012526154,0.8155799820210267,5,-1.985548849940677e-06,2.9216491718836816e-14,-6.238210970707631e-08,-6.25631777022058e-08,7
3.275,4.0,2.2435163879388946e-06,-2.686624647441284e-08,29.430000387564036,4.000000019996188,0.2718314622711613,4,-3.279105462088844e-06,6.36780545419656e-06,2.0838648344742035e-08,19.619186196681703,4.000000017179438,0.40776411183211864,6,-3.0727823820617117e-06,9.217955748577265e-06,3.6959732110536333e-09,9.808970546853256,4.000000012361752,0.8155799822734634,5,-1.9855497516915732e-06,3.066777525662682e-14,-6.140868262768923e-08,-6.158858167343698e-08,7
3.2800000000000002,4.0,2.2433820147516195e-06,-2.688019969354715e-08,29.430000382469277,4.000000019675945,0.27183146229645627,4,-3.279105461936188e-06,6.36790961763562e-06,2.0828734802331977e-08,19.61918618992446,4.000000016901272,0.4077641119442043,6,-3.073086538636638e-06,9.21797411645719e-06,3.6587164627888675e-09,9.80897054347988,4.000000012147369,0.8155799825102358,5,-1.985550647502776e-06,2.9047737819093795e-14,-6.044804625901495e-08,-6.062673205126504e-08,7
3.285,4.0,2.2432475724522772e-06,-2.6893929591653953e-08,29.43000037735262,4.000000019386973,0.2718314623240785,4,-3.279105461773124e-06,6.368013732030999e-06,2.0818980860967863e-08,19.619186183175444,4.000000016657263,0.40776411205960095,6,-3.073385930286998e-06,9.217992300544776e-06,3.622185764031879e-09,9.808970540092538,4.000000011973121,0.8155799827563526,5,-1.9855515370134635e-06,3.4106802097705706e-14,-5.950015061081931e-08,-5.967760389919266e-08,7
3.29,4.0,2.2431130621341496e-06,-2.69074615799484e-08,29.430000372269095,4.000000019069877,0.2718314623494836,4,-3.2791054615961823e-06,6.3681177977824265e-06,2.0809285153028462e-08,19.61918617649185,4.000000016380321,0.40776411217028063,6,-3.0736806204550993e-06,9.218010302760622e-06,3.586068082764654e-09,9.808970536739922,4.000000011770494,0.8155799829937956,5,-1.985552420903647e-06,3.683350984618509e-14,-5.856493402398005e-08,-5.8741245795250334e-08,7
3.295,4.0,2.242978484806561e-06,-2.6920774829131853e-08,29.43000036720735,4.000000018767236,0.27183146237566974,4,-3.279105461415771e-06,6.36822181556856e-06,2.0799752355207718e-08,19.61918616985914,4.0000000161223985,0.4077641122818416,6,-3.0739706726387594e-06,9.218028126457342e-06,3.550606618949262e-09,9.808970533421945,4.0000000115856675,0.8155799832319881,5,-1.9855532991386315e-06,3.725805913080176e-14,-5.7642395420248565e-08,-5.7817586829049395e-08,7
3.3000000000000003,4.0,2.2428438415261485e-06,-2.693387803210548e-08,29.43000036218568,4.000000018464743,0.2718314624014958,4,-3.279105461228421e-06,6.368325786083509e-06,2.079035851060135e-08,19.619186163299215,4.000000015864416,0.4077641123918837,6,-3.0742561499680354e-06,9.218045775010835e-06,3.5158394855766133e-09,9.808970530146969,4.000000011398724,0.8155799834661734,5,-1.985554171510251e-06,3.8178211973611077e-14,-5.6732454536717425e-08,-5.690647249840101e-08,7
3.305,4.0,2.242709133335279e-06,-2.6946783334626864e-08,29.430000357180667,4.000000018148616,0.27183146242624157,4,-3.2791054610445403e-06,6.368429710046873e-06,2.0781098839077744e-08,19.6191861567845,4.000000015584207,0.4077641124987204,6,-3.0745371153231837e-06,9.218063251465735e-06,3.4816901464089793e-09,9.808970526924426,4.000000011175467,0.8155799836885951,5,-1.985555038198916e-06,3.5872500796069555e-14,-5.5835100329776167e-08,-5.6007957756680363e-08,7
3.31,4.0,2.2425743612627043e-06,-2.695947577256296e-08,29.430000352150934,4.000000017879002,0.2718314624543765,4,-3.27910546085719e-06,6.368533588130539e-06,2.077198094781345e-08,19.619186150272505,4.000000015359511,0.4077641126111597,6,-3.074813631327722e-06,9.218080558805063e-06,3.4480494078718504e-09,9.808970523641223,4.000000011034951,0.8155799839329309,5,-1.985555899218505e-06,3.8659604677088546e-14,-5.495019619936019e-08,-5.512198962937379e-08,7
3.315,4.0,2.2424395262917363e-06,-2.697197435211899e-08,29.43000034721523,4.000000017575638,0.27183146247934936,4,-3.27910546066984e-06,6.368637420962768e-06,2.0762987319803597e-08,19.619186143886186,4.000000015095552,0.4077641127169844,6,-3.0750857602027115e-06,9.218097700053895e-06,3.415097141619539e-09,9.80897052048793,4.000000010829348,0.8155799841531943,5,-1.985556754562079e-06,3.7179899429868134e-14,-5.407774715657214e-08,-5.424837955087372e-08,7
3.3200000000000003,4.0,2.242304629434821e-06,-2.698427431725797e-08,29.43000034229609,4.000000017273158,0.27183146250422935,4,-3.2791054604859593e-06,6.368741209276155e-06,2.0754135375619902e-08,19.619186137540556,4.0000000148314,0.40776411282194364,6,-3.0753535638777807e-06,9.218114678217608e-06,3.382730673656812e-09,9.80897051733535,4.00000001063398,0.8155799843754852,5,-1.985557604271271e-06,3.756181615033919e-14,-5.321763719642862e-08,-5.338713226227657e-08,7
3.325,4.0,2.2421696716727857e-06,-2.699637523538033e-08,29.43000033737688,4.000000016994489,0.2718314625307281,4,-3.279105460298609e-06,6.368844953721573e-06,2.074542325402038e-08,19.619186131225746,4.000000014589209,0.4077641129285011,6,-3.075617103866224e-06,9.21813149650459e-06,3.3509833013559667e-09,9.808970514198027,4.000000010456657,0.8155799846001869,5,-1.9855584480268917e-06,3.9643706366116276e-14,-5.2369799558110536e-08,-5.25381180913094e-08,7
3.33,4.0,2.2420346539920815e-06,-2.7008288585125316e-08,29.43000033253332,4.000000016704255,0.27183146255574214,4,-3.279105460093912e-06,6.3689486549912714e-06,2.0736829749760164e-08,19.61918612501113,4.000000014335695,0.4077641130318219,6,-3.075876441265002e-06,9.218148157261874e-06,3.319703804153883e-09,9.80897051112423,4.00000001026576,0.8155799848168389,5,-1.9855592864256866e-06,4.048392315115259e-14,-5.153414875089227e-08,-5.1701389216678025e-08,7
3.335,4.0,2.2418995773431755e-06,-2.7020004065202956e-08,29.430000327704256,4.000000016456495,0.27183146258350877,4,-3.279105459885745e-06,6.36905231372545e-06,2.0728370200310895e-08,19.619186118839615,4.000000014125845,0.40776411313869804,6,-3.076131636740864e-06,9.218164663142588e-06,3.2889154472809197e-09,9.80897050807036,4.000000010112437,0.8155799850394952,5,-1.985560119620311e-06,4.148756476541373e-14,-5.0710598500674856e-08,-5.0876822146054966e-08,7
3.34,4.0,2.2417644426430825e-06,-2.7031531095576246e-08,29.430000322900593,4.000000016137887,0.27183146260622604,4,-3.279105459677578e-06,6.369155930639022e-06,2.072008531182737e-08,19.619186112719873,4.000000013853307,0.4077641132381076,6,-3.0763827506205543e-06,9.218181017364434e-06,3.25886030809929e-09,9.808970505036475,4.0000000099241015,0.815579985253351,5,-1.985560947340148e-06,4.0608268129910604e-14,-4.989908209282448e-08,-5.00641916160767e-08,7
3.345,4.0,2.241629250879762e-06,-2.7042874904475958e-08,29.430000318143307,4.000000015868362,0.2718314626318506,4,-3.2791054594763502e-06,6.36925950654281e-06,2.0711928794412386e-08,19.61918610666827,4.000000013614654,0.40776411333955526,6,-3.076629842689582e-06,9.218197222833344e-06,3.2293121828914513e-09,9.808970502047352,4.000000009745108,0.8155799854653897,5,-1.985561769647648e-06,4.260489321739648e-14,-4.9099477356623157e-08,-4.926351461226733e-08,7
3.35,4.0,2.241494002957032e-06,-2.7054035799381127e-08,29.430000313461054,4.00000001559566,0.2718314626565662,4,-3.2791054592681834e-06,6.369363042050487e-06,2.0703900082081846e-08,19.619186100724267,4.000000013375282,0.4077641134386933,6,-3.0768729722338573e-06,9.218213282103513e-06,3.200297649892171e-09,9.808970499134368,4.000000009557392,0.8155799856693193,5,-1.985562586639955e-06,4.0846299946390226e-14,-4.8311698627262294e-08,-4.847466105912093e-08,7
3.355,4.0,2.2413586997848015e-06,-2.7065009936045784e-08,29.430000308747438,4.000000015327858,0.27183146268190445,4,-3.279105459063486e-06,6.369466537882794e-06,2.069602854451173e-08,19.61918609476696,4.000000013147671,0.40776411353930675,6,-3.0771121980605054e-06,9.218229197946311e-06,3.1718112241097738e-09,9.808970496176059,4.000000009405457,0.8155799858843131,5,-1.9855633983656418e-06,4.06668879056108e-14,-4.753563671919241e-08,-4.769757968387369e-08,7
3.36,4.0,2.241223342268951e-06,-2.707580636250425e-08,29.430000304117314,4.000000015072101,0.2718314627072901,4,-3.2791054588587887e-06,6.369569994701228e-06,2.068827804739545e-08,19.619186088920344,4.000000012927135,0.4077641136383408,6,-3.0773475784631743e-06,9.218244973025332e-06,3.1438606627110902e-09,9.808970493297808,4.000000009245921,0.8155799860911006,5,-1.9855642047900135e-06,4.182862527857856e-14,-4.677118200455115e-08,-4.6932066377795694e-08,7
3.365,4.0,2.2410879312806326e-06,-2.708642857386422e-08,29.43000029953483,4.000000014770626,0.2718314627291288,4,-3.27910545866103e-06,6.369673413245546e-06,2.0680691958757873e-08,19.619186083145287,4.000000012665229,0.40776411373167026,6,-3.0775791712289724e-06,9.218260610107139e-06,3.1165137568788096e-09,9.808970490458872,4.000000009057763,0.8155799862887833,5,-1.9855650059547036e-06,4.0306287467212546e-14,-4.60182584055278e-08,-4.617807643531437e-08,7
3.37,4.0,2.2409524677311506e-06,-2.7096878325810672e-08,29.43000029502599,4.000000014530993,0.27183146275449,4,-3.2791054584632717e-06,6.369776794230952e-06,2.0673212738410485e-08,19.61918607746876,4.000000012451696,0.4077641138278831,6,-3.0778070335482632e-06,9.218276111712294e-06,3.089610378007837e-09,9.808970487700513,4.000000008880917,0.8155799864820727,5,-1.9855658019846123e-06,3.9435872615906426e-14,-4.527672216156336e-08,-4.543549753028132e-08,7
3.375,4.0,2.2408169524562097e-06,-2.7107152284379286e-08,29.430000290540416,4.000000014270385,0.2718314627782108,4,-3.279105458262044e-06,6.369880138253405e-06,2.06658802715861e-08,19.61918607183803,4.000000012229208,0.4077641139222313,6,-3.0780312220632378e-06,9.218291480329169e-06,3.063213539257282e-09,9.808970484929553,4.000000008727106,0.8155799866811065,5,-1.9855665928242283e-06,3.8808818651598135e-14,-4.454646047577487e-08,-4.470421360797518e-08,7
3.38,4.0,2.240681386293292e-06,-2.7117261216383104e-08,29.430000286045917,4.000000013915074,0.2718314627955783,4,-3.279105458053877e-06,6.369983446033152e-06,2.065871116603346e-08,19.61918606621452,4.000000011924148,0.4077641140080119,6,-3.0782517929026088e-06,9.218306718775809e-06,3.037459779133012e-09,9.808970482138808,4.00000000853709,0.8155799868744036,5,-1.985567378390285e-06,4.3459320857147994e-14,-4.382738815586467e-08,-4.398405768552396e-08,7
3.3850000000000002,4.0,2.240545770152492e-06,-2.7127191566226563e-08,29.430000281651083,4.000000013789218,0.2718314628276184,4,-3.2791054578387713e-06,6.37008671836348e-06,2.0651641900320885e-08,19.619186060723223,4.000000011815221,0.4077641141110386,6,-3.0784688015636497e-06,9.21832182944485e-06,3.011995026667134e-09,9.808970479471041,4.0000000084349665,0.815579987075396,5,-1.98556815888401e-06,4.372399802621863e-14,-4.311935913911529e-08,-4.3275055662210374e-08,7
3.39,4.0,2.2404101047952614e-06,-2.7136970857513614e-08,29.430000277291512,4.000000013517591,0.27183146284942655,4,-3.279105457627135e-06,6.370189955697985e-06,2.064470091484509e-08,19.619186055284757,4.000000011577115,0.40776411419979863,6,-3.0786823029885224e-06,9.218336814193676e-06,2.9870146649321385e-09,9.808970476811345,4.000000008262406,0.8155799872613558,5,-1.9855689346037764e-06,4.1411181421319495e-14,-4.242228383496953e-08,-4.257703209792753e-08,7
3.395,4.0,2.240274391045379e-06,-2.7146581833350222e-08,29.43000027300037,4.000000013274644,0.2718314628725517,4,-3.279105457418968e-06,6.3702931587909845e-06,2.0637909527891536e-08,19.61918604993635,4.000000011365288,0.40776411428936576,6,-3.078892351529583e-06,9.218351675725739e-06,2.9625735338019916e-09,9.808970474210895,4.000000008102994,0.8155799874450703,5,-1.985569705466317e-06,4.137387792769208e-14,-4.173602109056023e-08,-4.1889793707287754e-08,7
3.4,4.0,2.24013862971707e-06,-2.7156031871761758e-08,29.43000026870815,4.000000013016993,0.2718314628946876,4,-3.2791054572108014e-06,6.370396328351712e-06,2.0631266775806562e-08,19.619186044607567,4.0000000111411635,0.40776411437727145,6,-3.0790990009216257e-06,9.218366416669312e-06,2.9386492626341604e-09,9.808970471595266,4.0000000079495175,0.8155799876312573,5,-1.9855704713397926e-06,4.239173039666843e-14,-4.106046490001663e-08,-4.121325381828813e-08,7
3.4050000000000002,4.0,2.2400028216090833e-06,-2.716532533351064e-08,29.430000264493604,4.00000001277888,0.2718314629174338,4,-3.2791054570026346e-06,6.370499465097392e-06,2.0624759211129553e-08,19.619186039377375,4.000000010932912,0.4077641144647461,6,-3.0793023043512724e-06,9.218381039417569e-06,2.915201800156698e-09,9.808970469047981,4.000000007797388,0.8155799878120361,5,-1.9855712323005315e-06,4.0523003001619376e-14,-4.0395493034000975e-08,-4.0547309176634654e-08,7
3.41,4.0,2.2398669675106292e-06,-2.717446275477499e-08,29.430000260332115,4.000000012560697,0.2718314629410443,4,-3.279105456797937e-06,6.370602569643107e-06,2.061836031049846e-08,19.619186034220405,4.000000010749075,0.4077641145531878,6,-3.0795023142557443e-06,9.21839554606378e-06,2.892132956765384e-09,9.808970466528791,4.000000007673072,0.8155799879961503,5,-1.9855719885289447e-06,4.089959065157223e-14,-3.9740958159700636e-08,-3.9891840100285266e-08,7
3.415,4.0,2.2397310681598736e-06,-2.7183452768088555e-08,29.430000256245233,4.000000012304908,0.27183146296141014,4,-3.279105456603648e-06,6.370705642607649e-06,2.0612101704391234e-08,19.619186029158417,4.000000010517341,0.4077641146347726,6,-3.0796990826073567e-06,9.218409938993406e-06,2.8696123209073025e-09,9.808970464096568,4.000000007485926,0.8155799881602225,5,-1.9855727399348266e-06,3.867381553180372e-14,-3.909677669419726e-08,-3.9246664967411284e-08,7
3.42,4.0,2.239595124341683e-06,-2.719228319152833e-08,29.430000252150222,4.000000012097778,0.27183146298515776,4,-3.279105456409359e-06,6.370808684731199e-06,2.0605986195347187e-08,19.6191860241086,4.000000010341821,0.407764114721835,6,-3.0798926606914745e-06,9.21842422068255e-06,2.847512223147665e-09,9.808970461631475,4.00000000736802,0.8155799883411456,5,-1.985573486462666e-06,3.9871080041559495e-14,-3.846279402872061e-08,-3.861173684488865e-08,7
3.4250000000000003,4.0,2.23945913679529e-06,-2.720097674322987e-08,29.43000024817338,4.00000001184173,0.27183146300448957,4,-3.2791054562116007e-06,6.370911696549486e-06,2.0599967204138982e-08,19.619186019197365,4.000000010115299,0.407764114800818,6,-3.08008309912039e-06,9.218438392846092e-06,2.825818739419618e-09,9.808970459266106,4.000000007196023,0.815579988502748,5,-1.9855742284385913e-06,3.724740098976533e-14,-3.783888872974079e-08,-3.798688359841055e-08,7
3.43,4.0,2.239323106247053e-06,-2.7209512376377826e-08,29.430000244173748,4.000000011630136,0.27183146302705286,4,-3.279105456020781e-06,6.371014678774196e-06,2.0594108342257672e-08,19.619186014278185,4.000000009936142,0.4077641148847945,6,-3.080270447979039e-06,9.218452458103855e-06,2.8045890712739544e-09,9.80897045686599,4.000000007080354,0.8155799886787245,5,-1.9855749656474964e-06,3.7030685455358495e-14,-3.72249486238761e-08,-3.737201636039704e-08,7
3.435,4.0,2.2391870334301525e-06,-2.7217910325191497e-08,29.430000240269212,4.000000011393219,0.2718314630470169,4,-3.2791054558369004e-06,6.371117631962175e-06,2.0588341192129577e-08,19.619186009469537,4.000000009732353,0.4077641149639627,6,-3.0804547566307128e-06,9.218466418477021e-06,2.783806142632751e-09,9.808970454521244,4.000000006945872,0.8155799888462615,5,-1.985575698040809e-06,3.976272227435608e-14,-3.6620814727189426e-08,-3.676687850768094e-08,7
3.44,4.0,2.2390509190573376e-06,-2.722616667293957e-08,29.430000236402293,4.000000011195045,0.27183146306926637,4,-3.279105455639142e-06,6.371220556750464e-06,2.0582718919516557e-08,19.619186004727137,4.000000009554807,0.4077641150444293,6,-3.0806360738003247e-06,9.21848027599498e-06,2.763374033625077e-09,9.80897045224665,4.000000006803246,0.8155799890063049,5,-1.985576425778124e-06,4.0524779358458785e-14,-3.602639948305214e-08,-3.617159311514587e-08,7
3.4450000000000003,4.0,2.2389147638282e-06,-2.7234285077306013e-08,29.43000023261319,4.0000000109910285,0.27183146309040007,4,-3.2791054554413834e-06,6.371323453745816e-06,2.05771941376462e-08,19.619186000075857,4.000000009375173,0.40776411512278915,6,-3.0808144476923705e-06,9.218494032534798e-06,2.7433399979618098e-09,9.808970450023239,4.000000006662067,0.8155799891623877,5,-1.985577149102302e-06,3.984265833212909e-14,-3.5441565147425864e-08,-3.558585080537927e-08,7
3.45,4.0,2.2387785684251214e-06,-2.724226364571361e-08,29.430000228831567,4.000000010784864,0.27183146311131867,4,-3.2791054552401555e-06,6.371426323517933e-06,2.0571804592342228e-08,19.619185995450458,4.0000000091963255,0.40776411520069133,6,-3.0809899257550066e-06,9.218507690118519e-06,2.7236969125657886e-09,9.808970447789557,4.000000006536479,0.8155799893225033,5,-1.9855778679925273e-06,3.9482057893730845e-14,-3.4866173869690776e-08,-3.500960027009018e-08,7
3.455,4.0,2.238642333519767e-06,-2.7250103140499756e-08,29.430000225123315,4.000000010562465,0.2718314631304563,4,-3.279105455049336e-06,6.371529166743183e-06,2.056655984635796e-08,19.619185990914424,4.000000009010888,0.4077641152760644,6,-3.0811625549367894e-06,9.218521250974953e-06,2.704528667320964e-09,9.808970445588056,4.0000000064216366,0.8155799894821344,5,-1.9855785824349215e-06,3.924047336357241e-14,-3.430011054192368e-08,-3.4442650126369084e-08,7
3.46,4.0,2.2385060598138397e-06,-2.7257817157466085e-08,29.43000022148221,4.0000000103742295,0.27183146315129547,4,-3.279105454855047e-06,6.37163198398539e-06,2.0561388281921476e-08,19.619185986462746,4.000000008843435,0.40776411535151746,6,-3.0813323814229965e-06,9.218534716894664e-06,2.685685313688887e-09,9.808970443467544,4.000000006287675,0.8155799896311331,5,-1.9855792924849958e-06,3.9011323331289784e-14,-3.374323958191245e-08,-3.388488718831088e-08,7
3.465,4.0,2.238369747921415e-06,-2.726539993236821e-08,29.430000217853017,4.000000010136963,0.27183146316869256,4,-3.2791054546642273e-06,6.371734775812122e-06,2.0556369722790585e-08,19.619185982039518,4.0000000086317815,0.4077641154218734,6,-3.0814994508368554e-06,9.218548090100537e-06,2.667337154087322e-09,9.80897044134178,4.000000006135842,0.8155799897769246,5,-1.985579997969278e-06,3.7817611535212814e-14,-3.319545104205052e-08,-3.333617819184912e-08,7
3.47,4.0,2.238233398543475e-06,-2.727284484837484e-08,29.430000214275246,4.000000010006564,0.2718314631928771,4,-3.279105454476877e-06,6.3718375429048545e-06,2.0551454022507375e-08,19.619185977682847,4.000000008527224,0.40776411550176356,6,-3.081663808177093e-06,9.218561372318941e-06,2.64920543016881e-09,9.808970439241746,4.00000000607019,0.8155799899381485,5,-1.985580699213896e-06,3.751740722935418e-14,-3.2656595361973805e-08,-3.2796531574678806e-08,7
3.475,4.0,2.2380970122651022e-06,-2.7280179124304038e-08,29.43000021077765,4.000000009763546,0.2718314632086679,4,-3.2791054542929965e-06,6.3719402856436276e-06,2.054663269728641e-08,19.61918597342609,4.000000008306332,0.40776411556771774,6,-3.0818254977346693e-06,9.21857456508813e-06,2.631520094486301e-09,9.808970437221358,4.000000005898449,0.8155799900711193,5,-1.9855813962882385e-06,3.587250079606955e-14,-3.2126569077778184e-08,-3.2265634737076035e-08,7
3.48,4.0,2.237960589725735e-06,-2.7287376087364367e-08,29.430000207320816,4.000000009569247,0.2718314632273929,4,-3.279105454119524e-06,6.372043004719982e-06,2.0541955079598705e-08,19.619185969223267,4.000000008139889,0.40776411563810167,6,-3.0819845633009435e-06,9.218587670841332e-06,2.6142747811827034e-09,9.808970435210494,4.000000005783261,0.8155799902148291,5,-1.985582088873117e-06,3.5483478648240885e-14,-3.1605238866777425e-08,-3.174340614426189e-08,7
3.485,4.0,2.2378241315704834e-06,-2.7294450305701116e-08,29.43000020391539,4.000000009414725,0.2718314632483463,4,-3.279105453946052e-06,6.372145700724363e-06,2.0537373830650176e-08,19.61918596508695,4.000000008011128,0.4077641157109446,6,-3.082141047959508e-06,9.218600691257065e-06,2.597308508822963e-09,9.808970433226932,4.000000005698045,0.8155799903623798,5,-1.98558277716282e-06,3.63521171427076e-14,-3.109246578233955e-08,-3.1229794377811307e-08,7
3.49,4.0,2.237687638375748e-06,-2.7301415645163328e-08,29.4300002005717,4.000000009201573,0.27183146326474505,4,-3.27910545376911e-06,6.372248374063643e-06,2.0532882064030584e-08,19.61918596102923,4.000000007820073,0.4077641157758037,6,-3.0822949941555766e-06,9.218613627685601e-06,2.580688896177036e-09,9.808970431313027,4.000000005549169,0.815579990491159,5,-1.985583461379392e-06,3.379416329397124e-14,-3.058815448916936e-08,-3.072463947501451e-08,7
3.495,4.0,2.23755111074364e-06,-2.7308251820852968e-08,29.430000197249853,4.000000009037989,0.2718314632843106,4,-3.2791054536025765e-06,6.3723510253687955e-06,2.052852161384536e-08,19.619185957006955,4.000000007678182,0.40776411584493794,6,-3.0824464438070076e-06,9.218626482230192e-06,2.5644292368065364e-09,9.808970429389893,4.000000005450496,0.8155799906309416,5,-1.9855841413563002e-06,3.2902432160592316e-14,-3.009216078261862e-08,-3.0227829473876294e-08,7
3.5,4.0,2.237414549272791e-06,-2.731497243357615e-08,29.43000019397278,4.000000008878738,0.27183146330375707,4,-3.2791054534325736e-06,6.372453655127682e-06,2.052424604046214e-08,19.619185953041608,4.00000000754512,0.407764115913789,6,-3.0825954381377696e-06,9.218639256443784e-06,2.548472589170285e-09,9.80897042749998,4.000000005363078,0.8155799907702568,5,-1.9855848172115054e-06,3.377639972557725e-14,-2.9604363522256323e-08,-2.973920961285973e-08,7
3.505,4.0,2.2372779545172424e-06,-2.732158553813034e-08,29.430000190746497,4.000000008673438,0.27183146331960506,4,-3.2791054532764485e-06,6.372556263811466e-06,2.0520081947040434e-08,19.619185949146072,4.000000007361893,0.40776411597607537,6,-3.0827420177681475e-06,9.218651951893285e-06,2.532883541959033e-09,9.808970425655627,4.000000005227524,0.8155799908959693,5,-1.9855854890005187e-06,3.1966292106228395e-14,-2.9124658700613156e-08,-2.9258689310200516e-08,7
3.5100000000000002,4.0,2.2371413270578738e-06,-2.7328081322182197e-08,29.430000187623286,4.000000008496973,0.2718314633364605,4,-3.2791054531203234e-06,6.372658852001525e-06,2.051602107575063e-08,19.61918594536347,4.000000007208709,0.40776411603907703,6,-3.0828862227841314e-06,9.218664570387579e-06,2.5176367534746175e-09,9.808970423876584,4.0000000051138995,0.8155799910207228,5,-1.985586156730279e-06,3.2895326733234725e-14,-2.865289611961292e-08,-2.878610217810621e-08,7
3.515,4.0,2.2370046674657305e-06,-2.7334462834988857e-08,29.43000018447405,4.000000008371558,0.2718314633570256,4,-3.279105452946851e-06,6.372761420150569e-06,2.0512044208469922e-08,19.619185941571534,4.000000007102909,0.40776411610710306,6,-3.083028092522311e-06,9.21867711348332e-06,2.502631343382729e-09,9.80897042207037,4.000000005043886,0.8155799911566274,5,-1.9855868203938476e-06,3.511577278248504e-14,-2.818896322573356e-08,-2.8321384955180694e-08,7
3.52,4.0,2.236867976256633e-06,-2.7340747546891347e-08,29.430000181428547,4.0000000081513,0.2718314633701873,4,-3.279105452776848e-06,6.372863968679716e-06,2.0508163933570753e-08,19.61918593789509,4.000000006903985,0.4077641161632355,6,-3.083167665889064e-06,9.218689582451319e-06,2.4879883212039727e-09,9.808970420345492,4.0000000048938205,0.815579991269447,5,-1.9855874801924522e-06,3.418496179863931e-14,-2.773277572729033e-08,-2.7864393998104506e-08,7
3.525,4.0,2.2367312539868644e-06,-2.734691228941171e-08,29.430000178385377,4.0000000079994775,0.27183146338797815,4,-3.2791054526068453e-06,6.372966498171112e-06,2.0504400927512563e-08,19.61918593423654,4.000000006774712,0.40776411622609643,6,-3.0833049811454516e-06,9.21870197940225e-06,2.4736970421102816e-09,9.808970418615163,4.000000004806301,0.8155799913954729,5,-1.985588135793026e-06,3.464148550636517e-14,-2.7284181577019566e-08,-2.7414978744648297e-08,7
3.5300000000000002,4.0,2.2365945011979467e-06,-2.7352972422993088e-08,29.430000175394227,4.000000007863296,0.2718314634063514,4,-3.279105452440312e-06,6.373069009146543e-06,2.0500738997595686e-08,19.619185930643358,4.000000006661677,0.407764116289254,6,-3.0834400759419123e-06,9.21871430564097e-06,2.459635700141264e-09,9.808970416908457,4.000000004735977,0.8155799915230405,5,-1.9855887875563916e-06,3.2405052245560256e-14,-2.6843077849253278e-08,-2.6973147071178296e-08,7
3.535,4.0,2.2364577183835245e-06,-2.735894102612508e-08,29.430000172485492,4.000000007639706,0.2718314634180234,4,-3.2791054522980645e-06,6.373171502049994e-06,2.0497170712899635e-08,19.619185927141878,4.000000006463088,0.40776411634178417,6,-3.083572987429284e-06,9.218726562501465e-06,2.4459442105255793e-09,9.808970415283131,4.000000004585381,0.8155799916274746,5,-1.9855894356352044e-06,2.4367037547274122e-14,-2.6409384137199126e-08,-2.6538683510938944e-08,7
3.54,4.0,2.2363209060938977e-06,-2.7364794651840568e-08,29.430000169589484,4.000000007557584,0.2718314634391917,4,-3.279105452155817e-06,6.373273977382151e-06,2.0493669138558912e-08,19.6191859236677,4.000000006390448,0.40776411640658633,6,-3.0837037520922705e-06,9.21873875174309e-06,2.432478723908094e-09,9.80897041365365,4.000000004526762,0.8155799917510078,5,-1.9855900797796644e-06,3.0584286485175e-14,-2.598288466323912e-08,-2.611140957381867e-08,7
3.545,4.0,2.236184064793593e-06,-2.737055281459766e-08,29.43000016674047,4.0000000073904305,0.27183146345414727,4,-3.279105452006631e-06,6.37337643547695e-06,2.0490270995343632e-08,19.619185920252534,4.000000006248038,0.4077641164630495,6,-3.0838324058049538e-06,9.218750874776104e-06,2.4193594005393693e-09,9.808970412042092,4.000000004435713,0.8155799918664386,5,-1.985590719899566e-06,3.014197363216434e-14,-2.556354352720153e-08,-2.5691274882337502e-08,7
3.5500000000000003,4.0,2.236047195003584e-06,-2.737621291486275e-08,29.430000163976022,4.000000007269424,0.2718314634714579,4,-3.2791054518539753e-06,6.3734788768197645e-06,2.048694154395938e-08,19.61918591693475,4.000000006143426,0.4077641165213419,6,-3.0839589839556925e-06,9.218762932914334e-06,2.406477884565078e-09,9.808970410510366,4.000000004350756,0.8155799919764738,5,-1.9855913561545036e-06,2.981867668739349e-14,-2.51512326555346e-08,-2.527818287018494e-08,7
3.555,4.0,2.235910297194182e-06,-2.7381780426983237e-08,29.430000161196688,4.000000007098596,0.2718314634855203,4,-3.279105451704789e-06,6.373581301809222e-06,2.0483712574594085e-08,19.61918591361232,4.000000005993565,0.40776411657511813,6,-3.0840835213638562e-06,9.21877492725816e-06,2.3938336626159533e-09,9.80897040895142,4.000000004248619,0.8155799920852691,5,-1.985591988828972e-06,2.8006792711205238e-14,-2.4745848788615252e-08,-2.4872099187948784e-08,7
3.56,4.0,2.2357733718402257e-06,-2.738725017250722e-08,29.430000158508115,4.000000006944886,0.27183146349990756,4,-3.279105451566011e-06,6.373683710951539e-06,2.048058332166403e-08,19.619185910393632,4.000000005856279,0.4077641166280201,6,-3.0842060523353365e-06,9.218786859455269e-06,2.3815296946011527e-09,9.808970407457998,4.000000004144688,0.8155799921882506,5,-1.9855926178258265e-06,2.835851136540649e-14,-2.434727505459795e-08,-2.447278503820275e-08,7
3.565,4.0,2.235636419426841e-06,-2.7392627547930757e-08,29.430000155845647,4.000000006793608,0.27183146351421905,4,-3.279105451423764e-06,6.373786104644288e-06,2.0477519918994486e-08,19.619185907211502,4.0000000057251865,0.40776411668079365,6,-3.0843266105584632e-06,9.218798730795722e-06,2.3694811406854135e-09,9.808970405979872,4.000000004050978,0.8155799922920445,5,-1.9855932431520062e-06,2.920760993463981e-14,-2.3955396665303728e-08,-2.4080150565712476e-08,7
3.5700000000000003,4.0,2.2354994404133073e-06,-2.739790995133861e-08,29.430000153200716,4.000000006667987,0.2718314635301121,4,-3.279105451284986e-06,6.373888483297793e-06,2.047454750472571e-08,19.61918590405891,4.000000005617876,0.4077641167353776,6,-3.084445229221966e-06,9.218810542577286e-06,2.357648054577217e-09,9.8089704045092,4.000000003979801,0.8155799923998129,5,-1.98559386481445e-06,2.7404607742648555e-14,-2.3570115674192823e-08,-2.3694167881675586e-08,7
3.575,4.0,2.2353624352298983e-06,-2.7403097123921468e-08,29.430000150641714,4.000000006539007,0.2718314635449832,4,-3.2791054511496776e-06,6.373990847398571e-06,2.0471686291430585e-08,19.61918590100354,4.0000000055106275,0.4077641167879472,6,-3.084561941001096e-06,9.21882229674594e-06,2.346248897323763e-09,9.808970403099584,4.0000000039041375,0.8155799925015897,5,-1.9855944824384575e-06,2.6482678542999825e-14,-2.319132231484706e-08,-2.3314559936597624e-08,7
3.58,4.0,2.2352254043768505e-06,-2.7408211274292023e-08,29.430000148092216,4.000000006404346,0.27183146355938054,4,-3.2791054510108997e-06,6.374093197272263e-06,2.0468843799940237e-08,19.61918589796724,4.000000005386142,0.40776411683836333,6,-3.0846767779604822e-06,9.218833993713888e-06,2.3348842301874893e-09,9.808970401693273,4.000000003809814,0.8155799925992873,5,-1.9855950966207736e-06,2.6090103681492366e-14,-2.2818905238114312e-08,-2.2941449800033135e-08,7
3.585,4.0,2.235088348235483e-06,-2.7413230523486623e-08,29.430000145593766,4.000000006262094,0.2718314635727904,4,-3.279105450889469e-06,6.374195533245469e-06,2.0466105165125622e-08,19.61918589499198,4.000000005264846,0.407764116887836,6,-3.0847897716929085e-06,9.218845634683114e-06,2.323783311677088e-09,9.808970400313028,4.000000003729954,0.8155799926977666,5,-1.985595707396093e-06,2.5297848531119855e-14,-2.245276403009517e-08,-2.257465208782964e-08,7
3.59,4.0,2.2349512672603565e-06,-2.7418160296043977e-08,29.43000014314521,4.000000006159865,0.2718314635884593,4,-3.279105450764569e-06,6.374297855741409e-06,2.0463434064555834e-08,19.61918589207796,4.000000005178809,0.4077641169396301,6,-3.0849009532984972e-06,9.21885722103334e-06,2.3129374206880085e-09,9.808970398972662,4.000000003668174,0.8155799927966165,5,-1.9855963146880873e-06,2.6532416534503027e-14,-2.209279577577978e-08,-2.2213983652267933e-08,7
3.595,4.0,2.2348141618625563e-06,-2.7423013522027607e-08,29.430000140714938,4.000000005993039,0.2718314635995695,4,-3.279105450639669e-06,6.3744001650819386e-06,2.0460842179557594e-08,19.619185889192618,4.000000005031788,0.40776411698461146,6,-3.085010353301443e-06,9.218868753776129e-06,2.302347475554685e-09,9.80897039764169,4.000000003567448,0.8155799928867443,5,-1.9855969186077793e-06,2.5095343851428222e-14,-2.1738903269369182e-08,-2.185939741989177e-08,7
3.6,4.0,2.2346770324681992e-06,-2.7427781408694984e-08,29.430000138389605,4.000000005877898,0.2718314636132228,4,-3.2791054505217077e-06,6.374502461730907e-06,2.0458327499082823e-08,19.61918588642415,4.000000004926493,0.4077641170314172,6,-3.0851180018304225e-06,9.218880234438314e-06,2.292029638895777e-09,9.808970396405208,4.000000003470861,0.8155799929698597,5,-1.9855975189678188e-06,2.1716713142888944e-14,-2.139098877215735e-08,-2.1510766136049887e-08,7
3.605,4.0,2.234539879488497e-06,-2.743246131750944e-08,29.430000136023075,4.000000005775994,0.2718314636281562,4,-3.279105450400277e-06,6.374604746047219e-06,2.0455891790359968e-08,19.619185883620148,4.000000004846486,0.4077641170815394,6,-3.085223928396552e-06,9.218891664214416e-06,2.2819176069039252e-09,9.808970395099843,4.000000003430819,0.8155799930702318,5,-1.9855981157682057e-06,2.3617414961047216e-14,-2.104893687601679e-08,-2.1168024970823076e-08,7
3.61,4.0,2.2344027033241683e-06,-2.7437057173818802e-08,29.430000133807283,4.000000005701985,0.2718314636435929,4,-3.279105450282316e-06,6.374707018357474e-06,2.0453509326580823e-08,19.61918588096942,4.000000004802182,0.4077641171321156,6,-3.0853281621154305e-06,9.21890304417537e-06,2.2720180137032415e-09,9.808970393884778,4.000000003417115,0.8155799931684657,5,-1.9855987090366956e-06,3.0401321730716774e-14,-2.0712642175485364e-08,-2.083101457789741e-08,7
3.615,4.0,2.2342655043697855e-06,-2.7441599560556035e-08,29.430000131460197,4.000000005553407,0.27183146365517485,4,-3.2791054501400685e-06,6.374809278874915e-06,2.0451175713342043e-08,19.61918587821571,4.000000004651356,0.4077641171739732,6,-3.085430731485095e-06,9.218914374765168e-06,2.2622275516909743e-09,9.808970392633162,4.000000003288543,0.8155799932463178,5,-1.9855992991549276e-06,2.6253528510717187e-14,-2.038206552321104e-08,-2.0499833557511982e-08,7
3.62,4.0,2.2341282829830243e-06,-2.74460495507144e-08,29.430000129238913,4.000000005411858,0.27183146366607247,4,-3.27910545000476e-06,6.3749115280249985e-06,2.044894531301799e-08,19.619185875586453,4.000000004528423,0.4077641172160877,6,-3.085531664719088e-06,9.21892565749394e-06,2.252767589119309e-09,9.808970391432338,4.0000000032061935,0.8155799933293714,5,-1.9855998859424906e-06,2.6367215348438803e-14,-2.0057062117689714e-08,-2.0174171462887396e-08,7
3.625,4.0,2.233991039571791e-06,-2.7450426609017425e-08,29.43000012707379,4.000000005274807,0.27183146367675703,4,-3.2791054498833294e-06,6.375013766232983e-06,2.0446782953851456e-08,19.619185873022168,4.000000004406404,0.4077641172569449,6,-3.085630989503596e-06,9.21893689361626e-06,2.243565671242548e-09,9.808970390276679,4.000000003114148,0.8155799934066925,5,-1.9856004694063234e-06,2.4292430560019312e-14,-1.973756680570522e-08,-1.9853977916543683e-08,7
3.63,4.0,2.2338537745202605e-06,-2.7454724883304537e-08,29.430000124938005,4.000000005190243,0.2718314636907375,4,-3.2791054497618988e-06,6.3751159938280425e-06,2.0444679201033743e-08,19.619185870497148,4.000000004335905,0.40776411730223805,6,-3.0857287329835725e-06,9.218948084231225e-06,2.234523905436189e-09,9.808970389133744,4.000000003064803,0.8155799934916621,5,-1.9856010494492815e-06,2.4537567803856547e-14,-1.9423453176375798e-08,-1.9539194703714496e-08,7
3.6350000000000002,4.0,2.2337164881754146e-06,-2.7458945303270168e-08,29.430000122789735,4.000000005105089,0.2718314637047932,4,-3.2791054496682237e-06,6.375218211210604e-06,2.0442679342401267e-08,19.619185867967637,4.000000004269945,0.40776411734808726,6,-3.085824921998659e-06,9.218959230487713e-06,2.225708503777891e-09,9.808970387975283,4.000000003030576,0.8155799935810053,5,-1.985601626210143e-06,1.8464203769947086e-14,-1.911468435608617e-08,-1.9229808148228538e-08,7
3.64,4.0,2.233579180920396e-06,-2.7463112697847134e-08,29.430000120732117,4.000000004975684,0.2718314637150044,4,-3.2791054495641403e-06,6.375320418494723e-06,2.0440657354725723e-08,19.6191858655379,4.000000004147711,0.40776411738612606,6,-3.0859195826807295e-06,9.218970332830506e-06,2.217025163421376e-09,9.808970386897172,4.000000002927865,0.8155799936497039,5,-1.985602199772174e-06,2.1135844456405062e-14,-1.8811097420939743e-08,-1.89255307858112e-08,7
3.645,4.0,2.23344185308256e-06,-2.7467196364639524e-08,29.430000118704992,4.000000004886997,0.271831463727701,4,-3.2791054494496485e-06,6.375422615969007e-06,2.0438725022259738e-08,19.61918586314779,4.000000004075377,0.4077641174284282,6,-3.0860127408563476e-06,9.218981392340075e-06,2.208515990503598e-09,9.808970385820245,4.000000002880982,0.8155799937296873,5,-1.9856027701006806e-06,2.28411470222293e-14,-1.851263406024691e-08,-1.8626441415651878e-08,7
3.65,4.0,2.2333045050128834e-06,-2.747121403976595e-08,29.430000116681516,4.000000004773617,0.27183146373868594,4,-3.2791054493386262e-06,6.375524804002624e-06,2.0436872911040003e-08,19.619185860771058,4.000000003975667,0.4077641174676615,6,-3.0861044219496203e-06,9.218992410071788e-06,2.200240627797692e-09,9.808970384756842,4.000000002807491,0.815579993803121,5,-1.9856033372234183e-06,2.0959985129304437e-14,-1.8219245260769755e-08,-1.8332438792516152e-08,7
3.6550000000000002,4.0,2.233167137063964e-06,-2.7475164346222393e-08,29.43000011471113,4.000000004651264,0.27183146374857065,4,-3.279105449234543e-06,6.3756269829395885e-06,2.0435075324671558e-08,19.619185858450358,4.000000003869042,0.4077641175050254,6,-3.086194650996077e-06,9.219003386932488e-06,2.1921607363716153e-09,9.808970383704954,4.000000002739298,0.8155799938766772,5,-1.9856039013207982e-06,2.1698949574494945e-14,-1.793079757192436e-08,-1.8043367629065482e-08,7
3.66,4.0,2.233029749575978e-06,-2.7479044380060945e-08,29.430000112784175,4.000000004577268,0.27183146376134043,4,-3.2791054491235205e-06,6.3757291530441516e-06,2.043332519733363e-08,19.61918585618343,4.0000000038077745,0.40776411754589537,6,-3.086283452476135e-06,9.219014323947708e-06,2.1842475533242232e-09,9.808970382702062,4.000000002692675,0.815579993950558,5,-1.9856044622401647e-06,2.2905095868447716e-14,-1.7647226927624958e-08,-1.775916375796175e-08,7
3.665,4.0,2.232892342866955e-06,-2.7482864118330713e-08,29.430000110867862,4.00000000446469,0.27183146377138995,4,-3.279105449019437e-06,6.375831314566529e-06,2.0431634683147752e-08,19.61918585393577,4.000000003706805,0.4077641175823177,6,-3.086370850523268e-06,9.219025221903561e-06,2.1765195979166142e-09,9.808970381702055,4.000000002618166,0.8155799940185129,5,-1.985605020043968e-06,2.1386310770760504e-14,-1.7368462417482875e-08,-1.747977672889437e-08,7
3.67,4.0,2.2327549172705994e-06,-2.748661720547055e-08,29.430000109003714,4.000000004380251,0.27183146378286993,4,-3.2791054489153537e-06,6.375933467794597e-06,2.042999099527926e-08,19.619185851746714,4.000000003632956,0.40776411762028675,6,-3.0864568688684924e-06,9.219036081642065e-06,2.168937844450793e-09,9.80897038073419,4.000000002562519,0.8155799940876413,5,-1.985605574836291e-06,2.0475039712148175e-14,-1.7094394360345068e-08,-1.7205097787968558e-08,7
3.6750000000000003,4.0,2.2326174730853748e-06,-2.749030452177907e-08,29.430000107129757,4.000000004265276,0.2718314637923654,4,-3.2791054488147398e-06,6.376035612957234e-06,2.0428415618624034e-08,19.619185849556604,4.000000003536772,0.40776411765600074,6,-3.0865415307848587e-06,9.219046904389634e-06,2.161634475445786e-09,9.80897037974511,4.000000002507391,0.8155799941586391,5,-1.985606126173045e-06,2.0247666036704946e-14,-1.682495502905431e-08,-1.693497153771165e-08,7
3.68,4.0,2.2324800106565436e-06,-2.7493931637681888e-08,29.430000105332873,4.000000004188723,0.27183146380376,4,-3.2791054487210647e-06,6.376137750455514e-06,2.0426897826584885e-08,19.619185847448712,4.0000000034699195,0.40776411769299603,6,-3.08662485921235e-06,9.219057690862806e-06,2.1544168705965114e-09,9.808970378820543,4.000000002455659,0.8155799942249656,5,-1.985606674512197e-06,2.0000752436028313e-14,-1.656007673198053e-08,-1.6669513610072102e-08,7
3.685,4.0,2.2323425302730933e-06,-2.7497499039242012e-08,29.430000103586536,4.000000004110256,0.2718314638145577,4,-3.2791054486273896e-06,6.376239880462229e-06,2.0425410102288325e-08,19.619185845400512,4.00000000340178,0.40776411772861954,6,-3.0867068766815553e-06,9.219068441685668e-06,2.147355777314093e-09,9.80897037793282,4.000000002399094,0.8155799942872434,5,-1.98560721989538e-06,1.9634822927111862e-14,-1.629966274294111e-08,-1.640849178547302e-08,7
3.69,4.0,2.232205032230114e-06,-2.7501007712396562e-08,29.430000101827034,4.000000004010845,0.27183146382405365,4,-3.2791054485337146e-06,6.376342003227575e-06,2.0423987376728207e-08,19.619185843346912,4.000000003310646,0.40776411776201116,6,-3.086787605292851e-06,9.219079157785101e-06,2.1404873837743513e-09,9.808970377039959,4.000000002326896,0.8155799943467607,5,-1.9856077622532053e-06,1.7371744313715938e-14,-1.604365299975859e-08,-1.615188097287404e-08,7
3.6950000000000003,4.0,2.232067516844199e-06,-2.75044533682949e-08,29.430000100123276,4.0000000039525325,0.2718314638358277,4,-3.2791054484469784e-06,6.376444119013854e-06,2.042260020500123e-08,19.61918584135504,4.000000003266103,0.40776411779886934,6,-3.0868670667788534e-06,9.219089839706398e-06,2.1336838164409537e-09,9.808970376161964,4.0000000023004505,0.8155799944143706,5,-1.985608301849351e-06,1.664876708008004e-14,-1.579194040587913e-08,-1.5899628496189456e-08,7
3.7,4.0,2.231929984388759e-06,-2.7507843043050215e-08,29.43000009842781,4.000000003873157,0.2718314638460937,4,-3.279105448360242e-06,6.376546227973132e-06,2.0421253730388e-08,19.619185839376808,4.000000003199436,0.4077641178331887,6,-3.086945282469722e-06,9.219100488072932e-06,2.1270215147376007e-09,9.808970375286346,4.000000002259797,0.8155799944788859,5,-1.9856088387046333e-06,1.830433165440107e-14,-1.5544469100209196e-08,-1.565162203104723e-08,7
3.705,4.0,2.2317924351378124e-06,-2.751117703502773e-08,29.430000096754245,4.000000003758661,0.27183146385377077,4,-3.279105448273506e-06,6.376648330375081e-06,2.0419977801970248e-08,19.619185837428507,4.000000003098983,0.40776411786344186,6,-3.087022273404183e-06,9.219111103891005e-06,2.1206044709022594e-09,9.808970374433683,4.000000002191846,0.8155799945359269,5,-1.9856093727080304e-06,1.6902786108114276e-14,-1.5301186717525523e-08,-1.540776430059413e-08,7
3.71,4.0,2.231654869376643e-06,-2.7514450450192352e-08,29.43000009511818,4.00000000364355,0.27183146386105966,4,-3.2791054481937087e-06,6.376750426587383e-06,2.0418778329022098e-08,19.619185835523446,4.000000003001204,0.40776411789306877,6,-3.0870980602740183e-06,9.219121688594549e-06,2.1145026996446537e-09,9.808970373604888,4.0000000021279,0.8155799945917999,5,-1.985609903457086e-06,1.729003189910353e-14,-1.5062004138005474e-08,-1.5167906659289832e-08,7
3.715,4.0,2.231517287450417e-06,-2.7517670255848395e-08,29.43000009354656,4.0000000036530325,0.2718314638762204,4,-3.2791054481069726e-06,6.3768525168478385e-06,2.04175631003497e-08,19.61918583368999,4.000000003014221,0.4077641179325022,6,-3.0871726632644703e-06,9.219132242372251e-06,2.1082660011423366e-09,9.808970372815153,4.000000002131877,0.8155799946582744,5,-1.9856104314236456e-06,1.6408958906761006e-14,-1.4826827742314546e-08,-1.4932205494037764e-08,7
3.72,4.0,2.2313796895345047e-06,-2.7520846897537657e-08,29.43000009196396,4.000000003522093,0.2718314638819398,4,-3.279105448034114e-06,6.376954601144922e-06,2.041640609013993e-08,19.61918583185131,4.000000002892484,0.4077641179583072,6,-3.0872461023248587e-06,9.219142765639636e-06,2.102272867392539e-09,9.80897037203027,4.000000002037573,0.8155799947043063,5,-1.985610956586892e-06,1.5089125775086622e-14,-1.4595633144626046e-08,-1.4700441721419853e-08,7
3.725,4.0,2.2312420759396236e-06,-2.752396119192788e-08,29.43000009040869,4.0000000034544,0.27183146389170487,4,-3.2791054479577864e-06,6.377056679812726e-06,2.0415293371975775e-08,19.61918583004707,4.0000000028358205,0.40776411799003015,6,-3.08731839705062e-06,9.219153259345914e-06,2.096405741976988e-09,9.80897037124896,4.000000002000666,0.8155799947617443,5,-1.9856114789190693e-06,1.5723285166752514e-14,-1.4368310164630655e-08,-1.447255416370655e-08,7
3.73,4.0,2.2311044469260534e-06,-2.752702481250024e-08,29.430000088887297,4.000000003387761,0.27183146390122864,4,-3.2791054478814585e-06,6.3771587530411754e-06,2.0414218953981312e-08,19.619185828280237,4.000000002780326,0.40776411802109475,6,-3.087389566634735e-06,9.219163723973599e-06,2.0906291158989734e-09,9.80897037048563,4.000000001964981,0.8155799948179364,5,-1.9856119986005893e-06,1.4831554033373584e-14,-1.414480707481721e-08,-1.4248534111420273e-08,7
3.735,4.0,2.2309668027352534e-06,-2.7530039760063748e-08,29.430000087414466,4.0000000032943035,0.2718314639084813,4,-3.2791054478120696e-06,6.377260821018912e-06,2.041319116529082e-08,19.61918582657013,4.000000002697175,0.407764118048161,6,-3.087459630020384e-06,9.219174160297625e-06,2.08504662442701e-09,9.808970369756842,4.0000000019046835,0.8155799948662381,5,-1.9856125155343074e-06,1.3220398380037556e-14,-1.3925059450275854e-08,-1.402822806779017e-08,7
3.74,4.0,2.2308291436345495e-06,-2.753300187221858e-08,29.430000085935124,4.000000003226463,0.271831463917535,4,-3.2791054477426806e-06,6.377362883988387e-06,2.04122031357789e-08,19.619185824858207,4.0000000026383935,0.4077641180777493,6,-3.0875286057621687e-06,9.219184569114406e-06,2.0795970344340623e-09,9.808970369027863,4.000000001862187,0.8155799949181852,5,-1.985613029685529e-06,1.3950481041031057e-14,-1.3709003983425192e-08,-1.3811608742646116e-08,7
3.745,4.0,2.230691469864823e-06,-2.753591417301577e-08,29.430000084506172,4.000000003151858,0.2718314639256636,4,-3.2791054476732917e-06,6.377464942152192e-06,2.041126430035602e-08,19.61918582320469,4.000000002576489,0.4077641181058054,6,-3.0875965121093807e-06,9.219194951105146e-06,2.074285484044686e-09,9.808970368327099,4.00000000182018,0.8155799949678861,5,-1.985613541054254e-06,1.2461894009613645e-14,-1.3496570687582107e-08,-1.3598632144510988e-08,7
3.75,4.0,2.23055378168184e-06,-2.753878023588548e-08,29.430000083098864,4.000000003103742,0.2718314639353924,4,-3.279105447614311e-06,6.377566995735321e-06,2.0410352672138056e-08,19.619185821577496,4.000000002532934,0.40776411813518476,6,-3.087663367019877e-06,9.219205306754864e-06,2.0690527178631635e-09,9.80897036765228,4.0000000017786705,0.8155799950155312,5,-1.9856140498555885e-06,1.1323249275558083e-14,-1.3287705090764121e-08,-1.338925310418307e-08,7
3.755,4.0,2.2304160793083736e-06,-2.7541597178531384e-08,29.430000081689652,4.000000003031957,0.2718314639435303,4,-3.2791054475483916e-06,6.3776690448708006e-06,2.0409482608266346e-08,19.61918581994993,4.0000000024735085,0.4077641181629541,6,-3.0877291880768154e-06,9.219215636701975e-06,2.063954685906323e-09,9.808970366944408,4.000000001749794,0.8155799950685005,5,-1.985614556027082e-06,1.3371388711386573e-14,-1.3082321943830153e-08,-1.3183354815542032e-08,7
3.7600000000000002,4.0,2.230278362979177e-06,-2.754436947373057e-08,29.43000008033713,4.000000002949966,0.27183146395045094,4,-3.279105447489411e-06,6.3777710897679495e-06,2.0408654891229515e-08,19.61918581838891,4.000000002401734,0.4077641181880815,6,-3.087793992634369e-06,9.219225941646981e-06,2.0590267482405354e-09,9.80897036630374,4.000000001692558,0.8155799951100996,5,-1.9856150595271016e-06,1.1474239606907106e-14,-1.2880398303355264e-08,-1.2980887314999052e-08,7
3.765,4.0,2.230140632942636e-06,-2.7547098351188793e-08,29.430000078995043,4.0000000028820475,0.2718314639582316,4,-3.2791054473992054e-06,6.377873130477448e-06,2.040782287523012e-08,19.619185816843952,4.000000002341656,0.4077641182140674,6,-3.087857797547111e-06,9.219236221944851e-06,2.05414747491046e-09,9.808970365660493,4.000000001645797,0.815579995154049,5,-1.9856155603348302e-06,1.4064167878752673e-14,-1.2681817695397854e-08,-1.278175446079291e-08,7
3.77,4.0,2.2300028894084855e-06,-2.7549772235562703e-08,29.430000077657,4.000000002844259,0.2718314639680225,4,-3.2791054473298165e-06,6.377975167339911e-06,2.0407071549544105e-08,19.619185815303986,4.0000000023161775,0.4077641182434767,6,-3.0879206197043096e-06,9.219246478428812e-06,2.049393194107983e-09,9.80897036500165,4.00000000164056,0.8155799952077614,5,-1.985616058568229e-06,1.374442364766063e-14,-1.2486584731380276e-08,-1.2586040285260254e-08,7
3.775,4.0,2.229865132602465e-06,-2.7552412182273867e-08,29.430000076370053,4.000000002769837,0.27183146397485186,4,-3.2791054472743053e-06,6.378077200477885e-06,2.04063408706723e-08,19.619185813821552,4.0000000022463515,0.40776411826716935,6,-3.087982475495632e-06,9.219256711505856e-06,2.0447766967279343e-09,9.808970364394554,4.000000001581141,0.8155799952461241,5,-1.9856165542897486e-06,1.2685714971378079e-14,-1.2294613341484591e-08,-1.239356484345325e-08,7
3.7800000000000002,4.0,2.2297273627502374e-06,-2.7555003745708065e-08,29.43000007510218,4.000000002726994,0.2718314639836511,4,-3.279105447208386e-06,6.378179230019105e-06,2.040562749107668e-08,19.61918581236572,4.000000002211943,0.4077641182939196,6,-3.0880433809707397e-06,9.219266921777257e-06,2.040249375143104e-09,9.808970363796075,4.000000001556598,0.8155799952908813,5,-1.9856170474299994e-06,1.4307528765750507e-14,-1.2105822422586584e-08,-1.2204250988194363e-08,7
3.785,4.0,2.229589580053294e-06,-2.755755848308405e-08,29.43000007386052,4.000000002636405,0.2718314639889635,4,-3.2791054471355274e-06,6.378281256101254e-06,2.040495047158713e-08,19.619185810940795,4.000000002128462,0.40776411831502507,6,-3.088103352005822e-06,9.219277109736251e-06,2.035862458316721e-09,9.808970363214758,4.000000001492144,0.8155799953260737,5,-1.9856175380236762e-06,1.469477455673976e-14,-1.1920189615682715e-08,-1.2018085677471678e-08,7
3.79,4.0,2.229451784735405e-06,-2.756006327248021e-08,29.43000007263685,4.000000002602072,0.27183146399793284,4,-3.2791054470661385e-06,6.37838327897915e-06,2.040432324210982e-08,19.619185809536496,4.000000002101577,0.40776411834147125,6,-3.088162404178696e-06,9.219287276156606e-06,2.0315714843031605e-09,9.808970362642983,4.0000000014710375,0.8155799953693113,5,-1.9856180260291456e-06,1.4138774866007482e-14,-1.1737655713023173e-08,-1.1835051657531214e-08,7
3.795,4.0,2.2293139770012237e-06,-2.756252736640222e-08,29.43000007139767,4.0000000025484574,0.271831464005735,4,-3.2791054469967496e-06,6.378485298776678e-06,2.040372131701291e-08,19.61918580812013,4.000000002061635,0.4077641183668373,6,-3.088220552817378e-06,9.219297421460579e-06,2.0273799594228934e-09,9.808970362038888,4.0000000014595205,0.8155799954171913,5,-1.985618511488041e-06,1.5325381234726848e-14,-1.1558149619478174e-08,-1.1655049805884975e-08,7
3.8000000000000003,4.0,2.2291761570452515e-06,-2.7564961969118463e-08,29.430000070255822,4.000000002458033,0.2718314640101367,4,-3.2791054469273606e-06,6.378587315611293e-06,2.0403138181760606e-08,19.61918580680998,4.0000000019730875,0.4077641183850407,6,-3.0882778129237565e-06,9.219307546131678e-06,2.0233390797010927e-09,9.808970361535142,4.000000001375549,0.8155799954419545,5,-1.985618994400362e-06,1.400554810305246e-14,-1.1381639035551306e-08,-1.1477995484458635e-08,7
3.805,4.0,2.229038325081128e-06,-2.7567343419974802e-08,29.43000006906628,4.000000002430989,0.2718314640192861,4,-3.2791054468579717e-06,6.378689329720624e-06,2.0402607885029348e-08,19.61918580545416,4.000000001956242,0.4077641184115028,6,-3.0883341992915536e-06,9.219317650835739e-06,2.019354656543127e-09,9.808970360976359,4.000000001370581,0.8155799954874023,5,-1.985619474793865e-06,1.266262233246587e-14,-1.1208063019768477e-08,-1.1303943365962997e-08,7
3.81,4.0,2.228900481289905e-06,-2.7569690467075598e-08,29.430000067946615,4.000000002355212,0.2718314640244783,4,-3.2791054468198078e-06,6.378791341272683e-06,2.0402120629114102e-08,19.61918580416946,4.000000001893266,0.407764118431784,6,-3.0883897265063243e-06,9.219327736088301e-06,2.0155307628984893e-09,9.8089703604548,4.0000000013325465,0.815579995523013,5,-1.9856199527240603e-06,7.212759549185902e-15,-1.1037387455420232e-08,-1.1132774175141724e-08,7
3.815,4.0,2.2287626259011e-06,-2.7572001443793457e-08,29.430000066796964,4.000000002344445,0.27183146403436537,4,-3.279105446767766e-06,6.378893350333463e-06,2.040160713069888e-08,19.619185802865537,4.000000001883126,0.407764118457851,6,-3.0884444086817786e-06,9.219337802105145e-06,2.01166478095433e-09,9.808970359929955,4.000000001319833,0.8155799955640598,5,-1.9856204282672762e-06,1.0085128558496109e-14,-1.0869496545356926e-08,-1.096442106058152e-08,7
3.8200000000000003,4.0,2.2286247590596877e-06,-2.7574273611270303e-08,29.43000006566622,4.000000002286637,0.27183146404088104,4,-3.279105446712255e-06,6.378995356905203e-06,2.0401128595826956e-08,19.619185801580517,4.000000001837047,0.40776411847986144,6,-3.0884982598067268e-06,9.219347849074271e-06,2.0078890443582683e-09,9.808970359398225,4.000000001299154,0.8155799956040547,5,-1.985620901534535e-06,1.2712360323969079e-14,-1.070439544101339e-08,-1.079888448058245e-08,7
3.825,4.0,2.228486880959021e-06,-2.757651337586303e-08,29.43000006460602,4.000000002214448,0.27183146404576786,4,-3.2791054466532743e-06,6.379097361178125e-06,2.0400679054054485e-08,19.619185800371163,4.000000001768274,0.4077641184979859,6,-3.088551293654873e-06,9.219357877512192e-06,2.0042538160497134e-09,9.80897035893425,4.000000001237219,0.8155799956300044,5,-1.9856213726021643e-06,1.306763169184913e-14,-1.05420283470213e-08,-1.0636047515337345e-08,7
3.83,4.0,2.228348991794207e-06,-2.757870812825009e-08,29.4300000635211,4.000000002173782,0.27183146405302516,4,-3.2791054465908243e-06,6.379199363346523e-06,2.0400276977834448e-08,19.61918579914314,4.000000001737351,0.40776411852035666,6,-3.088603523736244e-06,9.21936788814173e-06,2.000708732788828e-09,9.808970358435213,4.000000001223529,0.8155799956687061,5,-1.9856218413105697e-06,1.1960961380902773e-14,-1.038234583092253e-08,-1.0475925862511594e-08,7
3.835,4.0,2.2282110917371374e-06,-2.758087267544174e-08,29.430000062498564,4.0000000021077105,0.27183146405797975,4,-3.279105446535313e-06,6.37930136357096e-06,2.03998982857556e-08,19.61918579798035,4.000000001677715,0.4077641185384447,6,-3.0886549634082106e-06,9.219377881593642e-06,1.997336668256984e-09,9.808970357990045,4.000000001175538,0.8155799956959351,5,-1.9856223075834234e-06,1.116160080317266e-14,-1.0225313118755592e-08,-1.0318375701150053e-08,7
3.84,4.0,2.2280731809607382e-06,-2.7582992096379403e-08,29.43000006146474,4.000000002058686,0.2718314640641971,4,-3.2791054465006186e-06,6.379403362136531e-06,2.039960299921874e-08,19.61918579680566,4.000000001643128,0.4077641185593336,6,-3.0887056257575263e-06,9.219387858813666e-06,1.9941468588808956e-09,9.808970357517087,4.000000001163286,0.8155799957327619,5,-1.9856227712680696e-06,6.818408330839049e-15,-1.0070893374208707e-08,-1.0163455368587683e-08,7
3.845,4.0,2.227935259701009e-06,-2.758509035694853e-08,29.4300000604478,4.000000002067508,0.2718314640741897,4,-3.2791054464589853e-06,6.379505359015391e-06,2.0399226932903217e-08,19.619185795658527,4.000000001649503,0.40776411858382533,6,-3.088755523482367e-06,9.219397819421215e-06,1.9907723763287756e-09,9.80897035707182,4.0000000011592975,0.8155799957689709,5,-1.9856232327530865e-06,9.127672222059374e-15,-9.91897099020241e-09,-1.001110766968697e-08,7
3.85,4.0,2.227797328032875e-06,-2.7587156139884332e-08,29.430000059467034,4.000000001977594,0.2718314640771382,4,-3.279105446410413e-06,6.3796073541020896e-06,2.0398889564558164e-08,19.619185794547672,4.000000001568153,0.4077641185986204,6,-3.0888046691698867e-06,9.219407763616507e-06,1.9875764099956356e-09,9.808970356648166,4.0000000010986065,0.8155799957918215,5,-1.985623691976024e-06,9.880847521965083e-15,-9.769558877298208e-09,-9.861213371824139e-09,7
3.855,4.0,2.2276593861649145e-06,-2.758917893657873e-08,29.430000058483543,4.000000001947319,0.2718314640841648,4,-3.2791054463583713e-06,6.379709347649788e-06,2.0398598436508904e-08,19.619185793440355,4.000000001543678,0.40776411861913986,6,-3.088853075171316e-06,9.219417692342649e-06,1.9845020360431728e-09,9.80897035622312,4.000000001078703,0.8155799958231043,5,-1.9856241486315707e-06,1.164121714981073e-14,-9.622603281161786e-09,-9.713761642775186e-09,7
3.86,4.0,2.2275214342659975e-06,-2.759117262468097e-08,29.430000057505687,4.000000001887453,0.27183146408912845,4,-3.2791054463063296e-06,6.379811339856877e-06,2.0398342498865204e-08,19.61918579233862,4.000000001494966,0.4077641186370725,6,-3.0889007537129864e-06,9.219427605777858e-06,1.981478096204892e-09,9.808970355780543,4.000000001057174,0.8155799958555132,5,-1.985624603149938e-06,9.57176143190944e-15,-9.47807764170568e-09,-9.568813050979261e-09,7
3.865,4.0,2.227383472497229e-06,-2.7593136909286416e-08,29.43000005659637,4.000000001850759,0.2718314640950337,4,-3.2791054462577574e-06,6.3799133308011834e-06,2.039808706877993e-08,19.619185791311345,4.000000001459626,0.40776411865482076,6,-3.088947716729795e-06,9.21943750426478e-06,1.978531144689634e-09,9.808970355414163,4.000000001017121,0.8155799958778098,5,-1.9856250555172483e-06,9.331953258590406e-15,-9.335912959901178e-09,-9.426189870158227e-09,7
3.87,4.0,2.2272455010130573e-06,-2.7595067982117813e-08,29.430000055649472,4.000000001806113,0.27183146410074577,4,-3.2791054462057156e-06,6.380015320559125e-06,2.0397861994611303e-08,19.619185790250846,4.0000000014196395,0.40776411867278584,6,-3.0889939759276563e-06,9.219447388219242e-06,1.975648222971809e-09,9.808970354999953,4.0000000009904575,0.8155799959068133,5,-1.9856255056641126e-06,9.228924561905192e-15,-9.196080711010152e-09,-9.285930869300105e-09,7
3.875,4.0,2.227107519971791e-06,-2.7596965815286855e-08,29.430000054732524,4.000000001765998,0.27183146410648906,4,-3.2791054461640823e-06,6.380117309235631e-06,2.0397654148546144e-08,19.61918578922012,4.000000001390789,0.40776411869126733,6,-3.0890395428320727e-06,9.219457257871503e-06,1.9728088418448172e-09,9.808970354598564,4.000000000979879,0.8155799959380305,5,-1.9856259537293086e-06,9.383467606933014e-15,-9.058535910572003e-09,-9.147980620742435e-09,7
3.88,4.0,2.2269695295246407e-06,-2.75988356858561e-08,29.43000005386577,4.000000001738998,0.27183146411266007,4,-3.2791054461189795e-06,6.380219296908259e-06,2.0397454711417377e-08,19.619185788247382,4.0000000013654,0.4077641187088965,6,-3.0890844287603803e-06,9.219467113596317e-06,1.9700497647397395e-09,9.808970354254441,4.00000000094936,0.8155799959604203,5,-1.9856263996989587e-06,7.823826301939593e-15,-8.92323723697393e-09,-9.012255955457992e-09,7
3.8850000000000002,4.0,2.2268315298112538e-06,-2.7600675777505183e-08,29.430000052971174,4.000000001667162,0.2718314641160412,4,-3.2791054460738767e-06,6.380321283671522e-06,2.0397291661534417e-08,19.61918578724888,4.000000001303598,0.4077641187233491,6,-3.089128644821748e-06,9.21947695591375e-06,1.9674254132163745e-09,9.808970353872425,4.000000000911146,0.8155799959843919,5,-1.9856268434551017e-06,7.51474021188395e-15,-8.79014730145718e-09,-8.878710556718549e-09,7
3.89,4.0,2.2266935209978434e-06,-2.7602486273724015e-08,29.430000052134886,4.00000000163043,0.27183146412126935,4,-3.2791054460357127e-06,6.380423269716217e-06,2.0397150103360213e-08,19.619185786309263,4.000000001268991,0.4077641187393502,6,-3.0891722019935064e-06,9.219486785262582e-06,1.9648647005604716e-09,9.808970353536399,4.000000000878962,0.8155799960057691,5,-1.985627285032432e-06,7.875340650282202e-15,-8.659231401114537e-09,-8.747356898101832e-09,7
3.895,4.0,2.2265555032308377e-06,-2.760426203612555e-08,29.430000051247706,4.000000001620318,0.2718314641287767,4,-3.27910544599061e-06,6.380525255103531e-06,2.039702899488417e-08,19.619185785324074,4.000000001267354,0.40776411875965946,6,-3.0892151109823685e-06,9.219496601980342e-06,1.9623240259958344e-09,9.808970353150828,4.000000000889729,0.8155799960400233,5,-1.985627724451766e-06,8.699570223763919e-15,-8.530442668547152e-09,-8.618175190992648e-09,7
3.9,4.0,2.2264174766312236e-06,-2.7606015163120825e-08,29.430000050439148,4.0000000015668595,0.271831464132612,4,-3.2791054459802016e-06,6.380627240002766e-06,2.0396939263990594e-08,19.619185784418516,4.000000001218682,0.40776411877351887,6,-3.089257382467292e-06,9.219506406611217e-06,1.959964393084886e-09,9.8089703528303,4.000000000849419,0.815579996058455,5,-1.9856281616575933e-06,4.081042441323268e-15,-8.40377649588538e-09,-8.491040154272188e-09,7
3.9050000000000002,4.0,2.22627944137579e-06,-2.760773987826326e-08,29.430000049612996,4.000000001554199,0.2718314641393825,4,-3.279105445952446e-06,6.380729224376851e-06,2.0396831071171973e-08,19.619185783500868,4.000000001211034,0.4077641187918115,6,-3.089299026641512e-06,9.2195161990736e-06,1.9575203702364346e-09,9.808970352485986,4.000000000849467,0.8155799960870933,5,-1.9856285968164467e-06,6.6247854353444255e-15,-8.279131334137787e-09,-8.365998381780348e-09,7
3.91,4.0,2.22614139756254e-06,-2.760943701556612e-08,29.430000048797993,4.000000001506713,0.2718314641436832,4,-3.2791054459177515e-06,6.380831208262284e-06,2.039675171411471e-08,19.619185782596674,4.000000001171763,0.40776411880660096,6,-3.0893400536843862e-06,9.219525979747352e-06,1.9551953543540043e-09,9.808970352153686,4.000000000825251,0.8155799961097853,5,-1.9856290298034263e-06,8.516605469305692e-15,-8.156514940654687e-09,-8.242965148401316e-09,7
3.915,4.0,2.2260033453415246e-06,-2.761111393033915e-08,29.43000004802196,4.000000001435664,0.2718314641460227,4,-3.279105445876118e-06,6.380933191784096e-06,2.039668200701652e-08,19.619185781735325,4.000000001102646,0.4077641188174573,6,-3.0893804736711883e-06,9.21953574888927e-06,1.9529609491616683e-09,9.808970351863037,4.000000000762738,0.8155799961212056,5,-1.9856294607781266e-06,6.5057695271046084e-15,-8.0359043080623e-09,-8.121909438944672e-09,7
3.92,4.0,2.225865284852906e-06,-2.7612751110484066e-08,29.430000047234074,4.000000001425141,0.2718314641525849,4,-3.2791054458414237e-06,6.3810351751163635e-06,2.0396654303422617e-08,19.619185780863823,4.000000001101106,0.4077641188354135,6,-3.0894202964690254e-06,9.219545507120379e-06,1.9507784038584643e-09,9.808970351541836,4.00000000077014,0.8155799961494216,5,-1.9856298896225866e-06,6.129181877151755e-15,-7.917242546756485e-09,-8.002844375358394e-09,7
3.9250000000000003,4.0,2.2257272162305515e-06,-2.7614371952049883e-08,29.430000046496374,4.000000001386084,0.27183146415674453,4,-3.2791054458067292e-06,6.3811371582922815e-06,2.0396617527477106e-08,19.61918578004454,4.000000001067058,0.4077641188489707,6,-3.0894595316952045e-06,9.219555254245917e-06,1.948598459990006e-09,9.808970351258461,4.000000000744516,0.8155799961677583,5,-1.9856303167600786e-06,7.168350628200901e-15,-7.800488038472852e-09,-7.885718056048349e-09,7
3.93,4.0,2.225589139584693e-06,-2.7615963659882955e-08,29.43000004572207,4.000000001348398,0.2718314641613353,4,-3.2791054457720348e-06,6.381239141351792e-06,2.0396612197342728e-08,19.619185779192826,4.000000001032553,0.4077641188631551,6,-3.0894981888421325e-06,9.219564991091866e-06,1.9465603373404917e-09,9.808970350953345,4.000000000718163,0.8155799961877546,5,-1.985630741593858e-06,6.054574889896943e-15,-7.685629410974914e-09,-7.770423054058313e-09,7
3.935,4.0,2.225451055063838e-06,-2.761752810302742e-08,29.430000044989583,4.000000001338977,0.27183146416746073,4,-3.2791054457408098e-06,6.3813411244484556e-06,2.0396624311251934e-08,19.61918577838547,4.000000001027885,0.4077641188794593,6,-3.0895362772634383e-06,9.219574717748788e-06,1.9445149275801424e-09,9.808970350664381,4.000000000719906,0.8155799962121362,5,-1.985631164484747e-06,5.916019056423724e-15,-7.572614318579329e-09,-7.657051441515988e-09,7
3.94,4.0,2.2253129627772314e-06,-2.7619072975447083e-08,29.430000044276163,4.000000001299343,0.27183146417135684,4,-3.2791054457061153e-06,6.38144310757713e-06,2.039663060261195e-08,19.61918577759874,4.000000000993539,0.40776411889230935,6,-3.0895738060837674e-06,9.219584434377408e-06,1.942547950129646e-09,9.80897035040083,4.000000000691754,0.8155799962283095,5,-1.9856315854535622e-06,6.59814008275342e-15,-7.461425432925128e-09,-7.545443575455864e-09,7
3.9450000000000003,4.0,2.2251748628472243e-06,-2.7620592597660874e-08,29.430000043566185,4.000000001263814,0.2718314641755001,4,-3.2791054456783597e-06,6.3815450908415845e-06,2.039666522491233e-08,19.619185776820135,4.000000000959756,0.407764118905048,6,-3.0896107843514375e-06,9.219594141378267e-06,1.9406499823592955e-09,9.8089703501433,4.000000000659855,0.8155799962432182,5,-1.9856320044100984e-06,4.6530293436101445e-15,-7.352035188506878e-09,-7.435656389890995e-09,7
3.95,4.0,2.2250367554076828e-06,-2.762208381277575e-08,29.430000042863647,4.000000001255114,0.2718314641813979,4,-3.2791054456471347e-06,6.381647074287422e-06,2.0396703425079413e-08,19.619185776050625,4.000000000959101,0.4077641189209747,6,-3.0896472208927217e-06,9.219603838829874e-06,1.9387295624423034e-09,9.80897034986506,4.00000000067019,0.81557999626846,5,-1.985632421493133e-06,5.4577189918584585e-15,-7.2443791550856564e-09,-7.3276517535454675e-09,7
3.955,4.0,2.224898640559404e-06,-2.7623554871035965e-08,29.43000004217663,4.000000001228941,0.27183146418596493,4,-3.2791054456159097e-06,6.3817490579363685e-06,2.0396749296268785e-08,19.619185775298114,4.000000000937528,0.4077641189344157,6,-3.0896831243812373e-06,9.219613526960667e-06,1.936886590436451e-09,9.808970349612643,4.00000000065491,0.8155799962863319,5,-1.9856328367165443e-06,6.766893982496443e-15,-7.138458661376379e-09,-7.2213559049778835e-09,7
3.96,4.0,2.224760518405111e-06,-2.762500404939133e-08,29.430000041472027,4.000000001151368,0.2718314641872013,4,-3.279105445588154e-06,6.3818510418835125e-06,2.0396833592309477e-08,19.619185774531406,4.0000000008685594,0.40776411894332015,6,-3.089718503407335e-06,9.219623206520866e-06,1.935245434666004e-09,9.808970349340207,4.000000000612201,0.8155799963002759,5,-1.9856332496431817e-06,5.427520925588655e-15,-7.034241608610959e-09,-7.11666378511569e-09,7
3.9650000000000003,4.0,2.2246223891124356e-06,-2.762642690193711e-08,29.430000040819262,4.00000000117796,0.27183146419503773,4,-3.279105445563868e-06,6.381953026315398e-06,2.0396916738000756e-08,19.619185773817744,4.000000000893307,0.4077641189606756,6,-3.0897533663462595e-06,9.219632877473527e-06,1.9334809783717583e-09,9.808970349110773,4.000000000622599,0.8155799963214726,5,-1.9856336607795844e-06,5.900031844869122e-15,-6.93169456397732e-09,-7.013794672776214e-09,7
3.97,4.0,2.2244842527453285e-06,-2.762783242905706e-08,29.430000040189586,4.00000000113814,0.2718314641981477,4,-3.279105445532643e-06,6.382055011150386e-06,2.039700198501679e-08,19.61918577313149,4.000000000859264,0.4077641189714683,6,-3.089787721448356e-06,9.219642539843275e-06,1.931801291090056e-09,9.80897034889422,4.000000000596563,0.8155799963341694,5,-1.985634070160447e-06,5.880491919635719e-15,-6.830774205684864e-09,-6.91250815582481e-09,7
3.975,4.0,2.224346109419909e-06,-2.7629213038247115e-08,29.430000039534274,4.000000001094236,0.27183146420121684,4,-3.2791054455118263e-06,6.382156996497748e-06,2.0397119764416823e-08,19.61918577242092,4.000000000823034,0.4077641189825435,6,-3.089821576839069e-06,9.21965219412556e-06,1.930215389851228e-09,9.80897034865111,4.000000000577373,0.8155799963504705,5,-1.9856344776331136e-06,4.578422356355335e-15,-6.731479945759477e-09,-6.812834558449083e-09,7
3.98,4.0,2.2242079592589214e-06,-2.7630573010299243e-08,29.43000003890839,4.000000001069583,0.2718314642053225,4,-3.27910544548754e-06,6.3822589824532985e-06,2.0397240481594377e-08,19.619185771742245,4.000000000802079,0.40776411899451287,6,-3.089854940498127e-06,9.219661840572087e-06,1.928669586319685e-09,9.808970348435958,4.00000000056073,0.8155799963649663,5,-1.9856348832669735e-06,5.589169397974078e-15,-6.633766172686594e-09,-6.7147329711510225e-09,7
3.985,4.0,2.2240698023523864e-06,-2.7631913824983364e-08,29.43000003836196,4.000000001045659,0.27183146420874377,4,-3.2791054454597846e-06,6.382360969126247e-06,2.0397380995866753e-08,19.619185771149493,4.000000000772025,0.40776411900376885,6,-3.0898878202664792e-06,9.219671480032436e-06,1.9273255459933315e-09,9.808970348319512,4.000000000502376,0.8155799963627501,5,-1.9856352865485483e-06,2.050666573888779e-15,-6.5376192475984025e-09,-6.618065710288363e-09,7
3.99,4.0,2.2239316388429983e-06,-2.763322753581366e-08,29.43000003766968,4.000000001046884,0.27183146421522136,4,-3.2791054454424373e-06,6.3824629565021755e-06,2.0397529598580572e-08,19.61918577040374,4.000000000783917,0.4077641190204808,6,-3.089920223818543e-06,9.219681112017624e-06,1.925775375441235e-09,9.808970348006614,4.00000000054531,0.8155799963975204,5,-1.9856356879704995e-06,5.1166584786936125e-15,-6.442976845238835e-09,-6.5231494700875026e-09,7
3.995,4.0,2.223793468789498e-06,-2.7634529552786603e-08,29.430000037102197,4.000000001005845,0.271831464217674,4,-3.2791054454216206e-06,6.3825649445595334e-06,2.0397665828502908e-08,19.619185769790025,4.000000000746574,0.4077641190294295,6,-3.0899521587107737e-06,9.219690736440606e-06,1.9243058323155372e-09,9.808970347826449,4.000000000514016,0.81557999640612,5,-1.985636087872833e-06,4.661911127807148e-15,-6.349838763103211e-09,-6.42967378067641e-09,7
4.0,4.0,2.2236552922979007e-06,-2.7635810838305824e-08,29.43000003650991,4.0000000009456915,0.2718314642190568,4,-3.2791054453973345e-06,6.3826669333482924e-06,2.039782326541754e-08,19.619185769154328,4.0000000006904495,0.40776411903692034,6,-3.0899836323747265e-06,9.219700353719293e-06,1.9229266635711824e-09,9.808970347632245,4.00000000047087,0.8155799964134699,5,-1.9856364860057485e-06,4.031304449820059e-15,-6.25818614516368e-09,-6.337652989689274e-09,7
4.005,4.0,2.2235171094938974e-06,-2.7637060895203374e-08,29.430000035912673,4.000000000986388,0.2718314642273388,4,-3.27910544536264e-06,6.382768922983173e-06,2.0397982657600404e-08,19.61918576851361,4.000000000731052,0.40776411905437604,6,-3.0900146520754235e-06,9.219709964220366e-06,1.921533505360754e-09,9.808970347413805,4.000000000507144,0.8155799964390286,5,-1.9856368823276127e-06,1.2891772364748508e-14,-6.167946059537489e-09,-6.247071115243613e-09,7
4.01,4.0,2.2233789204361885e-06,-2.763830525882342e-08,29.430000035363328,4.000000000901361,0.2718314642266346,4,-3.2791054453210067e-06,6.382870913442405e-06,2.0398173891942532e-08,19.619185767925796,4.000000000654841,0.4077641190588241,6,-3.0900452250084975e-06,9.219719568088692e-06,1.9202775608176364e-09,9.808970347253691,4.000000000447819,0.8155799964402454,5,-1.9856372768314867e-06,6.422280755652796e-15,-6.079186228052781e-09,-6.157942021804557e-09,7
4.015,4.0,2.2232407252568314e-06,-2.763952126727835e-08,29.430000034778715,4.000000000892255,0.27183146423141563,4,-3.2791054452967205e-06,6.382972904923648e-06,2.0398378102968326e-08,19.619185767301627,4.000000000650212,0.407764119071325,6,-3.0900753583140705e-06,9.219729165751302e-06,1.919034057411797e-09,9.808970347048167,4.000000000451952,0.8155799964581768,5,-1.985637669552065e-06,5.155738329160418e-15,-5.991819536393796e-09,-6.070229455705372e-09,7
4.0200000000000005,4.0,2.2231025240366124e-06,-2.7640720696725673e-08,29.4300000342443,4.00000000087226,0.2718314642349929,4,-3.2791054452793733e-06,6.383074897440676e-06,2.039859000241592e-08,19.619185766730798,4.000000000636251,0.4077641190817658,6,-3.0901050589102197e-06,9.219738757389123e-06,1.9178430989108205e-09,9.808970346876642,4.000000000445497,0.8155799964711222,5,-1.9856380604824087e-06,3.75419278287362e-15,-5.905821325174889e-09,-5.9838785026507244e-09,7
4.025,4.0,2.2229643168701352e-06,-2.7641905799994405e-08,29.43000003371975,4.000000000840556,0.2718314642376834,4,-3.279105445262026e-06,6.383176890981954e-06,2.0398792660814947e-08,19.61918576617168,4.000000000606623,0.40776411909036625,6,-3.0901343335554277e-06,9.219748343088112e-06,1.9166839129078855e-09,9.808970346722415,4.0000000004194005,0.8155799964786247,5,-1.9856384496294566e-06,4.377694033503108e-15,-5.821171841308007e-09,-5.8988524950827336e-09,7
4.03,4.0,2.222826103844757e-06,-2.7643069847643185e-08,29.430000033174156,4.000000000819124,0.27183146424126636,4,-3.2791054452412094e-06,6.3832788855919455e-06,2.039901158802835e-08,19.619185765594306,4.000000000589202,0.40776411910059035,6,-3.0901631889734826e-06,9.219757923043602e-06,1.9155499701993933e-09,9.808970346549659,4.0000000004083,0.8155799964907254,5,-1.9856388370070865e-06,3.887419545828638e-15,-5.737860259674569e-09,-5.815187779038694e-09,7
4.035,4.0,2.2226878850529035e-06,-2.7644216392739398e-08,29.430000032650643,4.000000000799826,0.2718314642447903,4,-3.279105445223862e-06,6.383380881332612e-06,2.0399241589629743e-08,19.619185765039592,4.000000000572258,0.40776411911039223,6,-3.090191631756334e-06,9.219767497393578e-06,1.914438526138549e-09,9.808970346391225,4.000000000394585,0.815579996501102,5,-1.985639222705504e-06,2.894436072603898e-15,-5.655857222425091e-09,-5.732861563860353e-09,7
4.04,4.0,2.2225496605823483e-06,-2.7645343676492823e-08,29.430000032165154,4.000000000799286,0.2718314642492379,4,-3.2791054452099844e-06,6.383482878232626e-06,2.0399470103363378e-08,19.619185764525973,4.000000000574256,0.407764119121271,6,-3.0902196683710303e-06,9.219777066418482e-06,1.913378054500536e-09,9.808970346260447,4.000000000392151,0.8155799965114796,5,-1.985639606641443e-06,3.3385252824539608e-15,-5.575130799545384e-09,-5.651768737184453e-09,7
4.045,4.0,2.2224114305306812e-06,-2.7646458639404077e-08,29.43000003166931,4.000000000795291,0.2718314642535463,4,-3.279105445192637e-06,6.383584876276167e-06,2.0399688129614696e-08,19.61918576400265,4.0000000005687815,0.40776411913158955,6,-3.0902473051250268e-06,9.219786629850877e-06,1.9122379130986835e-09,9.808970346116677,4.000000000382506,0.8155799965214668,5,-1.985639989085519e-06,2.070206499122182e-15,-5.495662161652951e-09,-5.5720294180368325e-09,7
4.05,4.0,2.2222731949356773e-06,-2.7647558969491947e-08,29.430000031155704,4.0000000007015215,0.27183146425191784,4,-3.2791054451475343e-06,6.3836868753771316e-06,2.0399931713219508e-08,19.619185763465673,4.000000000482405,0.4077641191339448,6,-3.090274548235572e-06,9.219796188078814e-06,1.911296305227419e-09,9.808970345966868,4.000000000321232,0.8155799965214295,5,-1.985640369725483e-06,5.487917058128265e-15,-5.417436609394946e-09,-5.493415094097314e-09,7
4.055,4.0,2.2221349539359557e-06,-2.7648627197414083e-08,29.43000003066861,4.000000000729871,0.27183146425834354,4,-3.279105445130187e-06,6.383788875903127e-06,2.0400214745527605e-08,19.619185762953858,4.00000000051606,0.40776411914801314,6,-3.090301403996243e-06,9.219805741805066e-06,1.9103607715046638e-09,9.808970345816256,4.000000000354782,0.815579996540793,5,-1.985640748602968e-06,4.683227409879952e-15,-5.340444470508379e-09,-5.41609670596091e-09,7
4.0600000000000005,4.0,2.22199670760221e-06,-2.7649691521596526e-08,29.430000030194176,4.000000000711043,0.2718314642614461,4,-3.2791054451093704e-06,6.38389087774491e-06,2.0400473722986348e-08,19.619185762458304,4.000000000500358,0.407764119156712,6,-3.090327878388366e-06,9.219815290714845e-06,1.909408420241204e-09,9.8089703456844,4.000000000342629,0.8155799965492785,5,-1.9856411259330797e-06,2.4254778670022332e-15,-5.264652662123472e-09,-5.33999369762131e-09,7
4.065,4.0,2.2218584559963314e-06,-2.7650737300665746e-08,29.430000029723463,4.000000000684801,0.2718314642640105,4,-3.279105445098962e-06,6.383992880937704e-06,2.040075023291458e-08,19.619185761966467,4.000000000476858,0.4077641191645387,6,-3.090353977365512e-06,9.21982483517889e-06,1.9085473117714985e-09,9.80897034555854,4.00000000032464,0.8155799965560754,5,-1.9856415015631623e-06,1.4236126095804919e-15,-5.190042665720176e-09,-5.265026435001403e-09,7
4.07,4.0,2.2217201992150184e-06,-2.7651768851361336e-08,29.43000002927147,4.000000000661878,0.2718314642666276,4,-3.279105445081615e-06,6.384094885499479e-06,2.0401022337410855e-08,19.619185761495665,4.0000000004568825,0.40776411917228755,6,-3.0903797067424743e-06,9.219834375245151e-06,1.907687534992889e-09,9.80897034544004,4.000000000308647,0.8155799965626674,5,-1.985641875548727e-06,1.752238624869538e-15,-5.116582235092784e-09,-5.191231063410157e-09,7
4.075,4.0,2.221581937311736e-06,-2.7652783899931614e-08,29.430000028779816,4.000000000578872,0.27183146426552784,4,-3.279105445074676e-06,6.384196891505347e-06,2.0401337027744842e-08,19.619185760983367,4.000000000388808,0.40776411917599553,6,-3.090405072271596e-06,9.219843911414751e-06,1.9069670058214494e-09,9.808970345272845,4.000000000282406,0.8155799965712186,5,-1.985642247688546e-06,2.8962124294432994e-15,-5.044272198023583e-09,-5.1185570099683565e-09,7
4.08,4.0,2.221443670422915e-06,-2.7653779315616966e-08,29.430000028345145,4.000000000650871,0.2718314642744356,4,-3.2791054450330426e-06,6.384298898946716e-06,2.040159978767507e-08,19.619185760536638,4.0000000004528316,0.40776411919180694,6,-3.090430079503992e-06,9.219853443495922e-06,1.9060802174422246e-09,9.808970345179283,4.000000000313393,0.815579996585316,5,-1.9856426181699693e-06,6.114971022436553e-15,-4.973056846185733e-09,-5.047035934683949e-09,7
4.085,4.0,2.221305398559186e-06,-2.765476654412931e-08,29.43000002791856,4.000000000616905,0.2718314642760675,4,-3.2791054450156953e-06,6.384400907814494e-06,2.040188936776216e-08,19.61918576009567,4.000000000422074,0.4077641191978365,6,-3.0904547341017996e-06,9.219862971428701e-06,1.9052790017235697e-09,9.808970345081121,4.0000000002871285,0.8155799965881226,5,-1.985642987242797e-06,3.5747807420941945e-15,-4.902967796954618e-09,-4.9766523672652195e-09,7
4.09,4.0,2.221167121813404e-06,-2.7655735149905854e-08,29.430000027496412,4.000000000599813,0.27183146427880517,4,-3.2791054450018176e-06,6.384502918205101e-06,2.0402203581084158e-08,19.6191857596624,4.000000000405075,0.4077641192051087,6,-3.0904790415189898e-06,9.219872495690037e-06,1.9045625645061174e-09,9.808970344989142,4.000000000267125,0.8155799965916918,5,-1.9856433546572294e-06,8.445202799360092e-16,-4.833969018708108e-09,-4.907330595830958e-09,7
4.095,4.0,2.221028840269961e-06,-2.765668895389161e-08,29.43000002705911,4.000000000575148,0.27183146428116817,4,-3.279105444998348e-06,6.384604930149227e-06,2.0402518056662116e-08,19.619185759210616,4.000000000387204,0.40776411921267675,6,-3.090503007077694e-06,9.219882016362993e-06,1.903855940231273e-09,9.808970344855172,4.000000000269669,0.8155799966033495,5,-1.9856437205242883e-06,3.0933880386167264e-15,-4.76601516816152e-09,-4.83906459320241e-09,7
4.1,4.0,2.2208905540006603e-06,-2.7657628902001388e-08,29.430000026661027,4.000000000577587,0.2718314642850108,4,-3.2791054449844703e-06,6.384706943651845e-06,2.0402824449751576e-08,19.619185758803987,4.0000000003904255,0.40776411922145656,6,-3.0905266360514716e-06,9.219891533592623e-06,1.903164671445377e-09,9.808970344772998,4.000000000266012,0.8155799966094365,5,-1.985644084760707e-06,2.8624616494946936e-15,-4.699107014477365e-09,-4.771838880206078e-09,7
4.105,4.0,2.220752263074466e-06,-2.76585571440473e-08,29.43000002626396,4.000000000587657,0.27183146428936267,4,-3.2791054449636536e-06,6.384808958684602e-06,2.0403114341569197e-08,19.619185758399972,4.0000000003936265,0.40776411923017986,6,-3.0905499335542874e-06,9.219901047315171e-06,1.902469022984378e-09,9.808970344700537,4.000000000253206,0.8155799966128503,5,-1.9856444475191415e-06,8.5752252450059e-15,-4.633212414478637e-09,-4.705613346704526e-09,7
4.11,4.0,2.2206139675358664e-06,-2.765947103732835e-08,29.4300000258459,4.000000000521195,0.27183146428870747,4,-3.2791054449393675e-06,6.38491097527866e-06,2.040345750073345e-08,19.61918575797391,4.000000000339724,0.4077641192335402,6,-3.0905729047417396e-06,9.2199105578212e-06,1.9018629508931387e-09,9.808970344589365,4.000000000227201,0.8155799966167915,5,-1.9856448086677525e-06,3.674256725100608e-15,-4.568372991758794e-09,-4.640485843314255e-09,7
4.115,4.0,2.220475667486675e-06,-2.766036839938958e-08,29.4300000254472,4.000000000517615,0.27183146429214683,4,-3.2791054449220203e-06,6.3850129935734285e-06,2.0403793217927478e-08,19.61918575756966,4.000000000337711,0.40776411924173694,6,-3.090595554651465e-06,9.219920065434968e-06,1.9012916238218523e-09,9.808970344501407,4.00000000022434,0.8155799966235214,5,-1.985645168213479e-06,2.3384363818716195e-15,-4.504513300890155e-09,-4.576297659657089e-09,7
4.12,4.0,2.2203373629782413e-06,-2.766124794208083e-08,29.43000002506358,4.000000000525518,0.27183146429622723,4,-3.2791054449150814e-06,6.385115013685421e-06,2.0404166503946512e-08,19.619185757183757,4.000000000348897,0.40776411925089784,6,-3.090617888251712e-06,9.219929570778426e-06,1.9008251377188474e-09,9.808970344425166,4.000000000231771,0.8155799966313758,5,-1.9856455259273376e-06,-5.126163453657826e-16,-4.441644998326299e-09,-4.5130877086059535e-09,7
4.125,4.0,2.220199054104763e-06,-2.7662125106187025e-08,29.430000024680517,4.000000000508654,0.2718314642986193,4,-3.2791054449150814e-06,6.385217035454303e-06,2.040447891021362e-08,19.619185756793783,4.000000000335766,0.4077641192576645,6,-3.090639910281745e-06,9.219939072992662e-06,1.9002072904329973e-09,9.80897034433251,4.000000000228019,0.8155799966383149,5,-1.985645882329745e-06,1.0470249596276374e-15,-4.379714097030163e-09,-4.450873883403291e-09,7
4.13,4.0,2.2200607408907657e-06,-2.7662987891027405e-08,29.430000024328496,4.0000000004865,0.27183146430036526,4,-3.2791054449081425e-06,6.385319058829923e-06,2.040480073719849e-08,19.61918575644045,4.000000000314181,0.40776411926280764,6,-3.0906616255224617e-06,9.219948572265387e-06,1.8996412839905027e-09,9.80897034427942,4.000000000205014,0.8155799966380384,5,-1.9856462373166184e-06,2.2016569052378003e-15,-4.318723920565393e-09,-4.389585085366606e-09,7
4.135,4.0,2.2199224234103348e-06,-2.7663836137202016e-08,29.43000002390672,4.000000000447742,0.2718314643016271,4,-3.2791054448699786e-06,6.385421083805164e-06,2.0405139943569336e-08,19.61918575602028,4.0000000002803775,0.4077641192680946,6,-3.0906830385465933e-06,9.219958068746691e-06,1.899099349375665e-09,9.808970344167644,4.000000000189302,0.8155799966441286,5,-1.9856465907908127e-06,4.317297900963498e-15,-4.258664881934126e-09,-4.329251207028791e-09,7
4.14,4.0,2.219784101727244e-06,-2.7664667359495867e-08,29.430000023574742,4.000000000436455,0.2718314643039264,4,-3.2791054448595702e-06,6.385523110614373e-06,2.040551028607585e-08,19.619185755688115,4.000000000270991,0.4077641192740414,6,-3.090704154169732e-06,9.219967563032146e-06,1.8986883497054857e-09,9.808970344122136,4.0000000001769065,0.815579996645385,5,-1.985646942703756e-06,1.1269610174006484e-15,-4.1995436708962214e-09,-4.2698002526471454e-09,7
4.1450000000000005,4.0,2.2196457759283846e-06,-2.7665489858421534e-08,29.430000023218234,4.0000000004396,0.27183146430743305,4,-3.279105444849162e-06,6.385625139252224e-06,2.0405866136711688e-08,19.61918575533427,4.00000000027272,0.40776411928157186,6,-3.0907249768188927e-06,9.219977055039957e-06,1.898217618043877e-09,9.808970344057785,4.000000000174139,0.8155799966501712,5,-1.985647293194226e-06,1.6239925360631234e-16,-4.141304508070565e-09,-4.211284292569701e-09,7
4.15,4.0,2.219507446055232e-06,-2.766629040422204e-08,29.430000022944803,4.0000000004825536,0.2718314643128776,4,-3.279105444842223e-06,6.385727169653345e-06,2.040621119586816e-08,19.619185755054442,4.000000000328567,0.407764119293081,6,-3.090745510934967e-06,9.219986544846957e-06,1.8977540620681243e-09,9.808970344029516,4.000000000224831,0.8155799966628575,5,-1.985647642165078e-06,8.028107338470621e-15,-4.083926462644515e-09,-4.153603516858369e-09,7
4.155,4.0,2.2193691121516617e-06,-2.7667100163064706e-08,29.43000002250379,4.000000000387309,0.2718314643104784,4,-3.279105444817937e-06,6.3858292017553555e-06,2.0406570405926392e-08,19.619185754625526,4.000000000230598,0.40776411929200845,6,-3.090765760827008e-06,9.219996032374025e-06,1.8973615190339774e-09,9.808970343915346,4.000000000153601,0.8155799966578269,5,-1.985647989664885e-06,4.446971950239715e-15,-4.027462317285202e-09,-4.0968373304402255e-09,7
4.16,4.0,2.2192307743026808e-06,-2.7667882676706442e-08,29.43000002216442,4.0000000004027605,0.27183146431466304,4,-3.2791054448005896e-06,6.385931235749855e-06,2.0406945951530215e-08,19.619185754290235,4.000000000245777,0.4077641193005245,6,-3.0907857309428466e-06,9.220005518003406e-06,1.8969677951147102e-09,9.808970343859098,4.00000000016212,0.8155799966642409,5,-1.9856483357491572e-06,4.022422665623055e-15,-3.971834924815088e-09,-4.040942788112319e-09,7
4.165,4.0,2.2190924325568667e-06,-2.7668659585113613e-08,29.430000021855932,4.000000000379031,0.27183146431589983,4,-3.279105444779773e-06,6.386033271585819e-06,2.0407309606038556e-08,19.619185753988482,4.000000000225958,0.40776411930477574,6,-3.090805425411125e-06,9.220015001508455e-06,1.8965748885418293e-09,9.808970343825576,4.000000000145471,0.8155799966636333,5,-1.9856486806746343e-06,2.6954841065910684e-15,-3.917043603113147e-09,-3.985886611605622e-09,7
4.17,4.0,2.218954086970919e-06,-2.7669421050667102e-08,29.430000021516843,4.000000000380455,0.2718314643191286,4,-3.2791054447624257e-06,6.386135309248505e-06,2.040767868077012e-08,19.619185753655742,4.000000000228211,0.4077641193119211,6,-3.0908248484090572e-06,9.220024483371087e-06,1.8962324280728247e-09,9.808970343767797,4.000000000147802,0.8155799966689127,5,-1.9856490239625324e-06,4.5233552943339256e-15,-3.863075876825296e-09,-3.931609054934199e-09,7
4.175,4.0,2.2188157375989277e-06,-2.76701739629756e-08,29.430000021177946,4.000000000361934,0.2718314643210002,4,-3.27910544473467e-06,6.386237348768851e-06,2.0408056245440556e-08,19.61918575332707,4.000000000210797,0.4077641193169769,6,-3.0908440040305907e-06,9.220033963678781e-06,1.8959279950346915e-09,9.808970343707154,4.000000000135948,0.8155799966715381,5,-1.9856493656753016e-06,4.377694033503105e-15,-3.8099231608189295e-09,-3.878158012231154e-09,7
4.18,4.0,2.2186773845012298e-06,-2.7670916291268005e-08,29.430000020873567,4.000000000347158,0.27183146432280747,4,-3.279105444717323e-06,6.3863393901750784e-06,2.0408431425388838e-08,19.619185753031378,4.000000000198046,0.40776411932182277,6,-3.0908628963141616e-06,9.220043442377159e-06,1.89562187216226e-09,9.808970343671554,4.000000000124757,0.8155799966722163,5,-1.9856497059864142e-06,4.6867801235587495e-15,-3.7575783727593295e-09,-3.825526436688904e-09,7
4.1850000000000005,4.0,2.2185390277174715e-06,-2.767164459103166e-08,29.430000020556477,4.000000000306993,0.27183146432300676,4,-3.2791054447138535e-06,6.386441433550808e-06,2.040884615101635e-08,19.619185752724356,4.000000000170665,0.4077641193254127,6,-3.0908815292704506e-06,9.22005291981806e-06,1.8953970378694515e-09,9.808970343618054,4.000000000117586,0.8155799966752025,5,-1.985650044854237e-06,-2.885829082804518e-15,-3.7060446798907413e-09,-3.773714925163347e-09,7
4.19,4.0,2.218400667341186e-06,-2.7672366670951892e-08,29.430000020256593,4.000000000339369,0.2718314643279769,4,-3.279105444703445e-06,6.386543478872865e-06,2.0409206172840008e-08,19.619185752435417,4.0000000001912355,0.4077641193335149,6,-3.090899906750544e-06,9.220062395843517e-06,1.8950886518213813e-09,9.8089703435935,4.000000000115847,0.8155799966768894,5,-1.9856503823689753e-06,2.658180612963664e-15,-3.6552338363580964e-09,-3.7226158766152935e-09,7
4.195,4.0,2.2182623033853836e-06,-2.7673067657589268e-08,29.43000001985211,4.0000000003460805,0.271831464332169,4,-3.279105444686098e-06,6.3866455260784015e-06,2.040961106821598e-08,19.61918575204108,4.000000000212583,0.40776411934388695,6,-3.0909180325222607e-06,9.220071870461954e-06,1.8947507391223422e-09,9.808970343437808,4.000000000174696,0.8155799967018337,5,-1.985650718544507e-06,5.935558981657126e-15,-3.6051884658437566e-09,-3.6724160678609797e-09,7
4.2,4.0,2.2181239359144196e-06,-2.7673762013852043e-08,29.430000019597593,4.000000000359601,0.2718314643354387,4,-3.2791054446687506e-06,6.386747575152874e-06,2.0409972069078657e-08,19.619185751799822,4.000000000237921,0.4077641193514842,6,-3.090935910381176e-06,9.220081343482399e-06,1.8944376214251657e-09,9.808970343435792,4.000000000202309,0.8155799967076315,5,-1.9856510536306327e-06,5.159291042839217e-15,-3.5559011005435685e-09,-3.6228548682722146e-09,7
4.205,4.0,2.217985564946344e-06,-2.7674466176991415e-08,29.430000019371818,4.000000000254263,0.27183146433036554,4,-3.279105444679159e-06,6.386849626140716e-06,2.0410368152667822e-08,19.619185751588457,4.000000000120813,0.40776411934393914,6,-3.0909535440951097e-06,9.22009081542265e-06,1.894351411929515e-09,9.808970343484702,4.000000000076416,0.8155799966778958,5,-1.9856513872595905e-06,-2.6392638784974773e-16,-3.507384439632577e-09,-3.573973759333911e-09,7
4.21,4.0,2.2178471905920557e-06,-2.7675141292056216e-08,29.430000019079557,4.000000000278853,0.2718314643347361,4,-3.27910544467222e-06,6.386951679189013e-06,2.041076778320278e-08,19.61918575131405,4.00000000014382,0.4077641193519878,6,-3.0909709372445304e-06,9.220100286716943e-06,1.8941930275185815e-09,9.808970343456966,4.000000000088164,0.8155799966825973,5,-1.9856517192995415e-06,2.1128390632677877e-15,-3.4595516494594025e-09,-3.5258422108093454e-09,7
4.215,4.0,2.217708812872572e-06,-2.767581261758874e-08,29.430000018790672,4.000000000270998,0.27183146433687055,4,-3.279105444654873e-06,6.387053734194804e-06,2.0411156957726912e-08,19.619185751041204,4.000000000135588,0.40776411935681944,6,-3.0909880934029688e-06,9.220109757149947e-06,1.8940279460536968e-09,9.808970343433323,4.000000000076942,0.8155799966822751,5,-1.985652049882325e-06,3.5019501116787844e-15,-3.41244015253358e-09,-3.4784381283721487e-09,7
4.22,4.0,2.2175704318365697e-06,-2.767647233186377e-08,29.43000001849962,4.000000000268753,0.2718314643394063,4,-3.279105444634056e-06,6.387155791169263e-06,2.041154917290241e-08,19.619185750766988,4.00000000013476,0.4077641193624343,6,-3.091005016074566e-06,9.220119226682344e-06,1.8938408212591448e-09,9.808970343401217,4.000000000078445,0.8155799966852509,5,-1.9856523791605962e-06,3.944262964689446e-15,-3.366029449697183e-09,-3.4317669263579674e-09,7
4.225,4.0,2.21743204752257e-06,-2.7677122179754943e-08,29.430000018235614,4.000000000245319,0.2718314643402523,4,-3.279105444616709e-06,6.387257850127038e-06,2.041195449879696e-08,19.61918575051949,4.000000000117084,0.40776411936577633,6,-3.091021708812036e-06,9.22012869544287e-06,1.893702993992403e-09,9.808970343373762,4.0000000000722515,0.815579996686271,5,-1.9856527070788443e-06,3.12180974804713e-15,-3.3203093375565263e-09,-3.38578669517989e-09,7
4.23,4.0,2.2172936600015948e-06,-2.7677756119357848e-08,29.43000001788694,4.0000000002649365,0.271831464344806,4,-3.2791054446271173e-06,6.387359911109193e-06,2.0412366924659227e-08,19.619185750184748,4.000000000147022,0.40776411937578555,6,-3.091038175008498e-06,9.220138163076335e-06,1.893426306252971e-09,9.80897034325489,4.000000000129818,0.8155799967078923,5,-1.985653034101975e-06,1.2335424277646639e-15,-3.2752645270082927e-09,-3.34063898027995e-09,7
4.235,4.0,2.2171552692775163e-06,-2.7678396494775207e-08,29.430000017701133,4.0000000002063665,0.2718314643425419,4,-3.2791054446201784e-06,6.3874619740350966e-06,2.041275207455189e-08,19.619185750024194,4.00000000008329,0.4077641193726256,6,-3.091054417973804e-06,9.220147630157758e-06,1.8934079221982315e-09,9.808970343343413,4.000000000046897,0.8155799966836247,5,-1.9856533596956938e-06,2.9583849188223073e-15,-3.2308887741581918e-09,-3.2958795681033186e-09,7
4.24,4.0,2.2170168754377594e-06,-2.7679013536542952e-08,29.43000001742554,4.000000000225828,0.27183146434641,4,-3.279105444602831e-06,6.387564039053468e-06,2.041317001879112e-08,19.61918574976783,4.000000000103436,0.40776411938000756,6,-3.091070441017807e-06,9.220157097064185e-06,1.8933467319354273e-09,9.808970343311769,4.000000000066324,0.8155799966902169,5,-1.985653683748978e-06,2.457452290111436e-15,-3.1871663120629167e-09,-3.2518667658117146e-09,7
4.245,4.0,2.21687847852488e-06,-2.7679628256850407e-08,29.430000017183083,4.000000000242507,0.27183146434978295,4,-3.279105444585484e-06,6.387666106067208e-06,2.0413557620429744e-08,19.619185749546368,4.000000000120053,0.40776411938630436,6,-3.0910862473462752e-06,9.220166563365827e-06,1.8932028451556715e-09,9.808970343312678,4.000000000073278,0.8155799966915592,5,-1.9856540065324446e-06,3.3172090003811578e-15,-3.144081533651277e-09,-3.208541518422012e-09,7
4.25,4.0,2.216740078546439e-06,-2.7680235183774177e-08,29.43000001694373,4.000000000199197,0.2718314643490505,4,-3.2791054445958923e-06,6.387768175118906e-06,2.0413977410296105e-08,19.61918574932792,4.00000000008008,0.4077641193867697,6,-3.0911018402829393e-06,9.220176029277299e-06,1.8931738555409653e-09,9.808970343308506,4.000000000044137,0.8155799966859644,5,-1.9856543280530325e-06,-2.422199947721051e-15,-3.1016614608635142e-09,-3.165845209711224e-09,7
4.255,4.0,2.21660167559065e-06,-2.768082885330011e-08,29.430000016673073,4.000000000226283,0.2718314643533911,4,-3.279105444592423e-06,6.387870246227686e-06,2.041437907805522e-08,19.619185749079577,4.00000000010696,0.4077641193946714,6,-3.091117222846218e-06,9.22018549485039e-06,1.8930646768938427e-09,9.808970343282763,4.0000000000660645,0.8155799966925757,5,-1.985654648296864e-06,2.5000848542570434e-15,-3.0598291827775516e-09,-3.1237934769486083e-09,7
4.26,4.0,2.2164632696736956e-06,-2.7681421709141066e-08,29.43000001645602,4.000000000203845,0.27183146435387107,4,-3.2791054445750756e-06,6.3879723193077785e-06,2.0414769309587786e-08,19.61918574888678,4.00000000008489,0.4077641193964287,6,-3.0911323981100414e-06,9.220194959740781e-06,1.8929412766615336e-09,9.80897034330168,4.0000000000427445,0.8155799966862479,5,-1.985654967583128e-06,2.270934821974411e-15,-3.018616430455612e-09,-3.082381756673444e-09,7
4.265,4.0,2.2163248608253805e-06,-2.7681997659575528e-08,29.430000016189922,4.000000000184791,0.271831464355034,4,-3.2791054445577283e-06,6.388074394386494e-06,2.0415186082543782e-08,19.619185748644426,4.000000000071372,0.40776411940008767,6,-3.091147369162217e-06,9.220204424533258e-06,1.8929479370299485e-09,9.808970343273764,4.000000000041883,0.8155799966883934,5,-1.985655285433041e-06,3.811036201734429e-15,-2.978012490689597e-09,-3.041483458591929e-09,7
4.2700000000000005,4.0,2.2161864491101007e-06,-2.7682564684549886e-08,29.43000001594347,4.00000000018849,0.2718314643575618,4,-3.2791054445438506e-06,6.388176471659179e-06,2.0415629762805685e-08,19.61918574842309,4.000000000074499,0.4077641194050067,6,-3.091162139028103e-06,9.22021388980632e-06,1.8930343930280985e-09,9.808970343264575,4.000000000044014,0.8155799966895919,5,-1.9856556017008864e-06,3.1662186690321377e-15,-2.9380139884015116e-09,-3.001184284816136e-09,7
4.275,4.0,2.216048034580449e-06,-2.7683126747951623e-08,29.430000015733157,4.000000000200286,0.271831464360306,4,-3.2791054445577283e-06,6.388278551071053e-06,2.041604716723188e-08,19.619185748236784,4.000000000090177,0.407764119410477,6,-3.091176710719179e-06,9.220223354993873e-06,1.8930154881744936e-09,9.808970343275359,4.000000000057096,0.8155799966913626,5,-1.9856559168168753e-06,-1.823567692843166e-15,-2.898608647189239e-09,-2.9615503389131296e-09,7
4.28,4.0,2.2159096172565793e-06,-2.7683687384480544e-08,29.430000015492638,4.00000000018088,0.27183146436120875,4,-3.2791054445507894e-06,6.388380632464138e-06,2.0416440099470034e-08,19.619185748023035,4.000000000068679,0.4077641194127281,6,-3.0911910869693693e-06,9.220232819973588e-06,1.8929761811682662e-09,9.808970343272309,4.000000000037094,0.815579996687538,5,-1.985656230760191e-06,1.887241744663957e-15,-2.8597529569683542e-09,-2.9224607966434083e-09,7
4.285,4.0,2.2157711971688912e-06,-2.768423574812745e-08,29.430000015261577,4.0000000001573826,0.2718314643617461,4,-3.279105444540381e-06,6.388482715853243e-06,2.0416842887437626e-08,19.619185747818662,4.0000000000486855,0.4077641194149376,6,-3.0912052706652537e-06,9.220242284884472e-06,1.8929855937667717e-09,9.80897034326901,4.000000000025627,0.8155799966854741,5,-1.9856565434683837e-06,2.3313309545140197e-15,-2.8214655801438127e-09,-2.8839117926544893e-09,7
4.29,4.0,2.215632774373277e-06,-2.7684769575756857e-08,29.430000014978212,4.000000000164574,0.27183146436485217,4,-3.279105444523034e-06,6.388584801345733e-06,2.041727813487203e-08,19.619185747560632,4.000000000062486,0.4077641194217073,6,-3.0912192646240233e-06,9.220251749857775e-06,1.8929565338410757e-09,9.808970343196947,4.000000000061267,0.8155799966987329,5,-1.9856568550663534e-06,4.873297591695778e-15,-2.7837296271147846e-09,-2.8460321554497924e-09,7
4.295,4.0,2.215494348880339e-06,-2.7685307327935113e-08,29.430000014823136,4.000000000094701,0.2718314643615361,4,-3.279105444509156e-06,6.38868688891646e-06,2.041769697876737e-08,19.61918574743532,3.9999999999963847,0.40776411941757335,6,-3.091233071662869e-06,9.220261215160038e-06,1.8931410047903992e-09,9.808970343286237,3.999999999992104,0.8155799966772067,5,-1.98565716536675e-06,2.8251581558672893e-15,-2.746579905593539e-09,-2.8085083083091733e-09,7
4.3,4.0,2.215355920781287e-06,-2.768583570318812e-08,29.43000001453342,4.000000000109703,0.2718314643652316,4,-3.2791054445056866e-06,6.3887889786865695e-06,2.0418126541496647e-08,19.619185747183586,3.999999999996592,0.40776411942282653,6,-3.0912466944532646e-06,9.220270680946844e-06,1.8931879308190302e-09,9.808970343263297,3.9999999999773945,0.8155799966761148,5,-1.985657474376512e-06,-6.719207142230257e-15,-2.709976443998475e-09,-2.771688188023122e-09,7
4.305,4.0,2.2152174900818066e-06,-2.768634635417436e-08,29.430000014422596,4.000000000146454,0.2718314643687528,4,-3.2791054445195644e-06,6.388891070546531e-06,2.0418529961717034e-08,19.619185747091777,4.000000000043109,0.40776411942947666,6,-3.091260135715257e-06,9.220280146979157e-06,1.893218224905634e-09,9.80897034332054,4.000000000018344,0.8155799966797048,5,-1.985657782227479e-06,3.418112943857394e-16,-2.673846115047585e-09,-2.7353175925988483e-09,7
4.3100000000000005,4.0,2.2150790568109528e-06,-2.768685857271052e-08,29.430000014176535,4.000000000133642,0.2718314643701548,4,-3.2791054445056866e-06,6.3889931643882786e-06,2.0418933713996627e-08,19.619185746876777,4.000000000030186,0.4077641194326278,6,-3.0912733979607254e-06,9.220289613184845e-06,1.8932511968847053e-09,9.808970343302828,4.000000000011598,0.8155799966798019,5,-1.9856580888502617e-06,1.768225836424141e-15,-2.6382517396004953e-09,-2.6995024284311183e-09,7
4.315,4.0,2.2149406210019914e-06,-2.7687363397818736e-08,29.430000014013576,4.000000000107344,0.2718314643698728,4,-3.2791054444987477e-06,6.389095260287113e-06,2.0419345053210272e-08,19.619185746745316,4.0000000000062625,0.40776411943292135,6,-3.0912864838264498e-06,9.220299079685855e-06,1.8933526737205157e-09,9.808970343360958,3.9999999999839213,0.8155799966693255,5,-1.9856583943489436e-06,1.0257086775548364e-15,-2.603189590860556e-09,-2.6641755208096933e-09,7
4.32,4.0,2.2148021826961785e-06,-2.768785520151604e-08,29.43000001380389,4.000000000088689,0.27183146437054184,4,-3.2791054444814005e-06,6.389197358352996e-06,2.0419794530035705e-08,19.619185746564852,3.9999999999939053,0.40776411943541235,6,-3.0912993958867596e-06,9.220308546901858e-06,1.893511983016137e-09,9.808970343359139,3.9999999999859837,0.8155799966698972,5,-1.9856586986055635e-06,2.2904747472078145e-15,-2.568627753024434e-09,-2.629383982270668e-09,7
4.325,4.0,2.2146637419552997e-06,-2.768834004762871e-08,29.43000001360234,4.000000000126244,0.27183146437495564,4,-3.2791054444987477e-06,6.38929945864463e-06,2.042022575541456e-08,19.619185746393953,4.000000000030429,0.4077641194426876,6,-3.0913121367229235e-06,9.220318014767138e-06,1.893599526836515e-09,9.80897034336686,4.000000000014072,0.8155799966749824,5,-1.985659001765838e-06,-2.871618228089314e-15,-2.5345809751829666e-09,-2.595128709874246e-09,7
4.33,4.0,2.2145252987871784e-06,-2.768882918470703e-08,29.430000013407927,4.000000000103132,0.2718314643751807,4,-3.279105444502217e-06,6.38940156092313e-06,2.0420613889458605e-08,19.619185746230883,4.000000000004891,0.4077641194434735,6,-3.091324708652532e-06,9.220327482987278e-06,1.8936849134737257e-09,9.808970343392561,3.9999999999881206,0.815579996667554,5,-1.985659303732623e-06,1.6580917123813245e-15,-2.5009897511583903e-09,-2.561280313788246e-09,7
4.335,4.0,2.2143868532162475e-06,-2.7689302392368654e-08,29.43000001318752,4.000000000091382,0.271831464376418,4,-3.27910544448487e-06,6.389503665235996e-06,2.042103215746115e-08,19.61918574604349,3.9999999999975393,0.4077641194466188,6,-3.0913371141180757e-06,9.22033695182784e-06,1.893813338350715e-09,9.808970343385376,3.999999999991966,0.8155799966689355,5,-1.9856596044087738e-06,3.107598893331929e-15,-2.467888872675762e-09,-2.527937673139776e-09,7
4.34,4.0,2.214248405294531e-06,-2.7689772271318307e-08,29.43000001302436,4.0000000000838885,0.27183146437741573,4,-3.279105444470992e-06,6.389605771639674e-06,2.0421446872612338e-08,19.619185745913786,3.999999999991608,0.40776411944870994,6,-3.0913493555342897e-06,9.22034642117207e-06,1.8939197447149242e-09,9.808970343426992,3.9999999999840283,0.8155799966638568,5,-1.985659904071846e-06,2.045337503370579e-15,-2.4352728578978755e-09,-2.4951132188739974e-09,7
4.345,4.0,2.2141099550428666e-06,-2.769023408921539e-08,29.430000012838924,4.0000000000714655,0.2718314643782843,4,-3.2791054444640533e-06,6.389707880139049e-06,2.0421869114476996e-08,19.619185745761456,3.999999999980894,0.4077641194507837,6,-3.0913614352742758e-06,9.220355891256411e-06,1.894082621672373e-09,9.808970343449687,3.999999999975425,0.8155799966602156,5,-1.9856602025206116e-06,2.846474437940092e-15,-2.4031181363458286e-09,-2.4627161400765673e-09,7
4.3500000000000005,4.0,2.2139715025071335e-06,-2.76906926708423e-08,29.430000012661353,4.000000000059396,0.27183146437910427,4,-3.2791054444501755e-06,6.389809990748761e-06,2.0422281445892453e-08,19.619185745617166,3.9999999999685656,0.4077641194525259,6,-3.09137335562093e-06,9.220365361793145e-06,1.8941920071586107e-09,9.808970343482835,3.999999999962684,0.8155799966548617,5,-1.985660500192221e-06,3.2621419383597505e-15,-2.3714252622429556e-09,-2.4308373826649486e-09,7
4.355,4.0,2.2138330477010786e-06,-2.7691135080870543e-08,29.430000012493757,4.000000000079708,0.2718314643820326,4,-3.279105444470992e-06,6.389912103561368e-06,2.0422733092688534e-08,19.61918574548598,3.999999999991227,0.4077641194575626,6,-3.0913851189681707e-06,9.220374833581721e-06,1.8944182846655228e-09,9.808970343513007,3.999999999982191,0.8155799966563304,5,-1.9856607964968687e-06,-2.2498933342992266e-15,-2.3402014973360155e-09,-2.3993667379081116e-09,7
4.36,4.0,2.2136945906764703e-06,-2.7691576024706877e-08,29.430000012289018,4.000000000085101,0.2718314643842902,4,-3.279105444470992e-06,6.390014218528027e-06,2.0423162594672863e-08,19.61918574531558,3.9999999999987765,0.4077641194618738,6,-3.0913967274254217e-06,9.22038430667197e-06,1.894661910123202e-09,9.808970343516163,3.9999999999936575,0.8155799966584059,5,-1.985661091309654e-06,1.5692738704113121e-15,-2.3094029744928593e-09,-2.3682840032997215e-09,7
4.365,4.0,2.2135561314665323e-06,-2.769201954611849e-08,29.43000001210871,4.000000000081173,0.27183146438568867,4,-3.279105444453645e-06,6.390116335509681e-06,2.042355445069463e-08,19.61918574517123,3.9999999999920854,0.40776411946419183,6,-3.0914081831853735e-06,9.22039378018949e-06,1.8947416961299984e-09,9.808970343542349,3.9999999999837863,0.815579996654216,5,-1.985661385213444e-06,2.83048722638549e-15,-2.2790362928791455e-09,-2.3377535930997636e-09,7
4.37,4.0,2.2134176700618023e-06,-2.7692452107369204e-08,29.43000001195708,4.000000000044741,0.27183146438461336,4,-3.2791054444432366e-06,6.390218454512365e-06,2.042397029909894e-08,19.61918574505563,3.9999999999593063,0.4077641194632529,6,-3.0914194884407165e-06,9.220403254548765e-06,1.8949571189137975e-09,9.808970343591735,3.9999999999567803,0.8155799966446033,5,-1.9856616779931335e-06,1.5319703767839068e-15,-2.249116924562945e-09,-2.307577244568678e-09,7
4.375,4.0,2.213279206531011e-06,-2.7692876915008028e-08,29.43000001178088,4.000000000047763,0.2718314643864462,4,-3.2791054444328283e-06,6.39032057563179e-06,2.0424388342034928e-08,19.619185744914663,3.9999999999627547,0.4077641194665343,6,-3.0914306453563856e-06,9.220412729826617e-06,1.8951322502705854e-09,9.80897034361419,3.9999999999604805,0.8155799966434907,5,-1.98566196972505e-06,2.5853499825482555e-15,-2.2196161760522315e-09,-2.2778717673795095e-09,7
4.38,4.0,2.2131407408920473e-06,-2.769329568906383e-08,29.430000011623605,4.000000000051665,0.2718314643881641,4,-3.2791054444189505e-06,6.390422698831634e-06,2.0424802917934842e-08,19.619185744794255,3.999999999966467,0.40776411946941526,6,-3.091441656020988e-06,9.220422206011141e-06,1.8953100415663355e-09,9.80897034365341,3.999999999961348,0.8155799966404066,5,-1.9856622604091934e-06,2.4805449290236404e-15,-2.1905273380472226e-09,-2.248580566803356e-09,7
4.385,4.0,2.2130022731654987e-06,-2.7693702315346883e-08,29.430000011378333,4.000000000043855,0.27183146438989875,4,-3.2791054444362977e-06,6.390524824244556e-06,2.04252695310605e-08,19.61918574458358,3.9999999999684226,0.4077641194739933,6,-3.0914525225994582e-06,9.220431683437045e-06,1.8955340084731307e-09,9.808970343591701,3.9999999999945257,0.8155799966523022,5,-1.9856625500663805e-06,-1.0938334282192545e-16,-2.1618720643377903e-09,-2.2197884567738703e-09,7
4.39,4.0,2.2128638034029472e-06,-2.769411418089257e-08,29.430000011275187,4.00000000005291,0.2718314643914668,4,-3.279105444439767e-06,6.390626951723813e-06,2.042565777489429e-08,19.619185744520255,3.9999999999737073,0.4077641194758482,6,-3.0914632469861147e-06,9.220441161766669e-06,1.89573361296893e-09,9.808970343694035,3.9999999999788463,0.8155799966405965,5,-1.9856628387521225e-06,9.244563377090202e-16,-2.133593818814807e-09,-2.1912458094171268e-09,7
4.3950000000000005,4.0,2.2127253316043174e-06,-2.76945205621442e-08,29.430000011117084,4.000000000026078,0.2718314643911037,4,-3.279105444429359e-06,6.390729081213865e-06,2.0426063303658645e-08,19.61918574440122,3.9999999999451514,0.40776411947541114,6,-3.0914738312001755e-06,9.220450641159298e-06,1.8959730745886557e-09,9.808970343742937,3.9999999999474785,0.8155799966301348,5,-1.9856631262443747e-06,3.068519042865123e-15,-2.105727309714557e-09,-2.1631277628593476e-09,7
4.4,4.0,2.2125868578098023e-06,-2.7694919084250643e-08,29.430000010984692,4.0000000000126965,0.2718314643914172,4,-3.279105444415481e-06,6.390831212776469e-06,2.042648005069466e-08,19.619185744308787,3.9999999999315468,0.40776411947594543,6,-3.091484277233103e-06,9.220460121691465e-06,1.8962140565372725e-09,9.808970343800423,3.9999999999319322,0.8155799966221853,5,-1.985663412626404e-06,8.214276410238061e-16,-2.0782480464052965e-09,-2.135425930919895e-09,7
4.405,4.0,2.212448382045952e-06,-2.7695306891802777e-08,29.430000010826014,4.000000000013522,0.2718314643929389,4,-3.279105444408542e-06,6.39093334647532e-06,2.042690996205129e-08,19.61918574418692,3.9999999999365126,0.4077641194789845,6,-3.09149458707636e-06,9.220469603644165e-06,1.896501192035261e-09,9.80897034382828,3.9999999999413314,0.8155799966217855,5,-1.9856636977871878e-06,2.1128390632677885e-15,-2.0511605443861117e-09,-2.10809844664442e-09,7
4.41,4.0,2.2123099043467206e-06,-2.7695700675668364e-08,29.430000010580358,3.9999999999817875,0.27183146439305134,4,-3.2791054444016032e-06,6.39103548229976e-06,2.04273393227989e-08,19.61918574398978,3.999999999895973,0.4077641194789492,6,-3.091504762631203e-06,9.220479086808646e-06,1.8967490901744714e-09,9.8089703438226,3.9999999999045777,0.8155799966147639,5,-1.9856639819695876e-06,-6.980331597622093e-15,-2.02448631356197e-09,-2.0812439582336427e-09,7
4.415,4.0,2.2121714247219836e-06,-2.7696070799070767e-08,29.430000010506653,3.999999999995153,0.2718314643946404,4,-3.2791054444189505e-06,6.391137620299549e-06,2.042778235659864e-08,19.619185743944996,3.9999999999251727,0.4077641194828567,6,-3.0915148058544006e-06,9.220488571606037e-06,1.8970900922369945e-09,9.808970343884543,3.999999999944924,0.81557999661784,5,-1.98566426494462e-06,-9.03414850033836e-16,-1.9981378807930288e-09,-2.0546388436777646e-09,7
4.42,4.0,2.2120329432468728e-06,-2.7696447091005358e-08,29.430000010378052,4.000000000063971,0.271831464400505,4,-3.2791054444189505e-06,6.391239760401206e-06,2.042817350219139e-08,19.61918574385927,3.9999999999859153,0.4077641194908306,6,-3.0915247184529204e-06,9.220498057409725e-06,1.897202359115155e-09,9.808970343954424,3.9999999999719877,0.8155799966175478,5,-1.9856645471216794e-06,-1.523643033371064e-17,-1.972160782986866e-09,-2.0285567454188253e-09,7
4.425,4.0,2.211894459870715e-06,-2.7696822983684984e-08,29.430000010224582,4.000000000006009,0.27183146439798356,4,-3.279105444408542e-06,6.391341902426049e-06,2.042856976936251e-08,19.61918574374441,3.999999999931965,0.40776411948771807,6,-3.091534502286386e-06,9.22050754421678e-06,1.897454715350552e-09,9.808970343972398,3.9999999999440723,0.8155799966103615,5,-1.985664828313416e-06,1.967177802436969e-15,-1.9465457369026393e-09,-2.002712110542177e-09,7
4.43,4.0,2.211755974651679e-06,-2.7697186869693146e-08,29.43000001006672,3.9999999999847153,0.27183146439799455,4,-3.2791054444016032e-06,6.39144404651724e-06,2.0428992044001596e-08,19.61918574362685,3.9999999999161298,0.4077641194885471,6,-3.091544159165849e-06,9.220517032440121e-06,1.897764705824629e-09,9.808970344006045,3.9999999999362763,0.8155799966059742,5,-1.9856651083810517e-06,1.958296018239968e-15,-1.9213066158872647e-09,-1.977235783716253e-09,7
4.4350000000000005,4.0,2.2116174876364556e-06,-2.7697547583142985e-08,29.430000009943022,4.000000000005679,0.2718314644005617,4,-3.2791054443981338e-06,6.391546192706295e-06,2.042939954805559e-08,19.619185743544026,3.999999999932503,0.40776411949193764,6,-3.0915536908746044e-06,9.220526522027675e-06,1.8980181936892314e-09,9.808970344071373,3.9999999999378826,0.81557999660087,5,-1.985665387435609e-06,1.4609161032078977e-15,-1.8964133035868866e-09,-1.95214198645391e-09,7
4.44,4.0,2.2114789988217954e-06,-2.769790425933854e-08,29.43000000980154,3.9999999999852265,0.2718314644004786,4,-3.279105444384256e-06,6.391648340927132e-06,2.0429810720763923e-08,19.619185743442337,3.9999999999148614,0.4077641194922528,6,-3.0915630991543153e-06,9.220536013069418e-06,1.8983288992672417e-09,9.808970344105907,3.9999999999292615,0.8155799965962408,5,-1.9856656653452487e-06,2.731011243379077e-15,-1.8718590267528763e-09,-1.9273545414684465e-09,7
4.445,4.0,2.2113405082470785e-06,-2.769825676895287e-08,29.43000000967073,3.999999999978229,0.2718314644012113,4,-3.279105444377317e-06,6.391750491237097e-06,2.043022562833666e-08,19.61918574335529,3.9999999999076827,0.4077641194933302,6,-3.0915723857119493e-06,9.220545505485225e-06,1.8986081933168573e-09,9.808970344162752,3.99999999991949,0.8155799965895221,5,-1.9856659423389544e-06,8.747183462058154e-16,-1.8476606145899308e-09,-1.902967970483644e-09,7
4.45,4.0,2.2112020159273273e-06,-2.76985997985688e-08,29.43000000953966,3.9999999999821165,0.27183146440268613,4,-3.279105444370378e-06,6.391852643643317e-06,2.043064998963172e-08,19.61918574326576,3.9999999999147144,0.40776411949590774,6,-3.091581552268352e-06,9.220554999528089e-06,1.8989300435700093e-09,9.808970344203106,3.9999999999304707,0.8155799965884057,5,-1.985666218229376e-06,1.6154591482357199e-15,-1.8237856947710082e-09,-1.8788867854376013e-09,7
4.455,4.0,2.211063521892489e-06,-2.7698942892567387e-08,29.430000009428277,3.9999999999741673,0.27183146440317474,4,-3.2791054443807865e-06,6.391954798152581e-06,2.043106944005905e-08,19.619185743194812,3.999999999906514,0.40776411949654634,6,-3.0915906005374305e-06,9.220564495066113e-06,1.899244366185943e-09,9.808970344271321,3.9999999999184457,0.815579996580282,5,-1.985666493189986e-06,-5.058313497391022e-15,-1.8002722546871196e-09,-1.8551665383377558e-09,7
4.46,4.0,2.210925026173348e-06,-2.7699282854187652e-08,29.430000009271097,3.9999999999778577,0.2718314644048773,4,-3.2791054443877254e-06,6.392056954711466e-06,2.0431465831034446e-08,19.619185743079456,3.999999999908219,0.4077641194991177,6,-3.0915995320457412e-06,9.220573991783916e-06,1.899468511949503e-09,9.808970344297883,3.9999999999205276,0.8155799965784979,5,-1.985666767477523e-06,-3.2076980671055363e-16,-1.7770432786111357e-09,-1.8318002871815794e-09,7
4.465,4.0,2.2107865287634803e-06,-2.7699613404888805e-08,29.43000000915478,3.999999999960479,0.2718314644047707,4,-3.2791054443877254e-06,6.3921591132592876e-06,2.043187563291994e-08,19.619185743006984,3.999999999896568,0.40776411949943625,6,-3.091608348430863e-06,9.220583490166497e-06,1.8998157640423046e-09,9.808970344350504,3.9999999999173914,0.8155799965734832,5,-1.985667040529937e-06,8.143222136662064e-16,-1.7541403883601605e-09,-1.8086562778059378e-09,7
4.47,4.0,2.2106480297132044e-06,-2.7699941214271388e-08,29.430000009029648,3.9999999999726925,0.2718314644067565,4,-3.279105444377317e-06,6.3922612738672866e-06,2.0432282909815557e-08,19.619185742926167,3.9999999999059974,0.4077641195020772,6,-3.091617051274864e-06,9.220592990202616e-06,1.900137433874834e-09,9.808970344410778,3.9999999999172173,0.8155799965684363,5,-1.9856673125068225e-06,2.3757398754990266e-15,-1.7315630368162871e-09,-1.7858667582011667e-09,7
4.4750000000000005,4.0,2.2105095290311374e-06,-2.7700263570531583e-08,29.43000000888645,3.999999999962046,0.2718314644073556,4,-3.279105444370378e-06,6.392363436524916e-06,2.043270084652292e-08,19.61918574282539,3.9999999998992766,0.4077641195034866,6,-3.091625642166751e-06,9.220602491958088e-06,1.9004839091530215e-09,9.80897034443679,3.9999999999213047,0.8155799965671068,5,-1.985667583380424e-06,1.2353187846040657e-15,-1.7092975211628571e-09,-1.7633981374594332e-09,7
4.48,4.0,2.2103710267560885e-06,-2.7700585442560495e-08,29.430000008789968,3.9999999999765907,0.27183146440923517,4,-3.2791054443669088e-06,6.392465601224386e-06,2.0433093028283755e-08,19.61918574277241,3.9999999999103037,0.4077641195057119,6,-3.091634122640019e-06,9.220611995133419e-06,1.900750689776729e-09,9.80897034451677,3.9999999999184896,0.8155799965598828,5,-1.9856678534629912e-06,1.5106540947111046e-15,-1.6873364091228542e-09,-1.7412703516335457e-09,7
4.485,4.0,2.210232522882012e-06,-2.7700899453411084e-08,29.430000008661665,3.9999999999673674,0.27183146440979344,4,-3.279105444353031e-06,6.3925677679185726e-06,2.0433501726503765e-08,19.619185742687378,3.999999999903796,0.4077641195068158,6,-3.091642494221225e-06,9.220621499911377e-06,1.9010773453678297e-09,9.808970344555568,3.999999999920388,0.8155799965570439,5,-1.985668122539419e-06,2.2300786146682063e-15,-1.6656705755511942e-09,-1.7194172989327968e-09,7
4.49,4.0,2.2100940174416354e-06,-2.770121257093469e-08,29.430000008536116,3.9999999999405826,0.27183146440913286,4,-3.279105444346092e-06,6.392669936643734e-06,2.0433910315733454e-08,19.619185742607986,3.999999999878773,0.40776411950591496,6,-3.091650758416109e-06,9.220631006368257e-06,1.901445328713859e-09,9.808970344608595,3.999999999899865,0.8155799965484504,5,-1.985668390623585e-06,2.885205892037323e-16,-1.6443204325643184e-09,-1.6978506464689077e-09,7
4.495,4.0,2.2099555104665942e-06,-2.770151585106395e-08,29.430000008411515,3.999999999953874,0.271831464411187,4,-3.2791054443426226e-06,6.392772107442205e-06,2.04343245933296e-08,19.619185742525143,3.9999999998943885,0.40776411950922864,6,-3.0916589166748998e-06,9.220640514678886e-06,1.901795831862475e-09,9.80897034464769,3.9999999999183866,0.8155799965489762,5,-1.985668657673856e-06,2.2602766809380104e-15,-1.6232438929396314e-09,-1.6765827772254058e-09,7
4.5,4.0,2.2098170019708613e-06,-2.7701817599343656e-08,29.430000008321187,3.999999999959045,0.27183146441237277,4,-3.27910544435997e-06,6.39287428035374e-06,2.0434741848679398e-08,19.61918574247863,3.9999999999017097,0.40776411951094166,6,-3.091666970531093e-06,9.22065002455339e-06,1.902115774690745e-09,9.808970344716206,3.999999999924536,0.8155799965445332,5,-1.985668924099626e-06,-3.331694649493978e-15,-1.602482743695423e-09,-1.6556812620401052e-09,7
4.505,4.0,2.209678491976285e-06,-2.7702118996777966e-08,29.430000008205155,3.9999999999615694,0.271831464413616,4,-3.2791054443634393e-06,6.392976455208505e-06,2.0435124468176822e-08,19.619185742408934,3.999999999902187,0.4077641195124389,6,-3.0916749212892003e-06,9.220659536063889e-06,1.902432896207975e-09,9.808970344778196,3.9999999999179927,0.8155799965380448,5,-1.98566918949844e-06,-9.549291983764427e-16,-1.5819726078834767e-09,-1.634971742607434e-09,7
4.51,4.0,2.2095399804864726e-06,-2.7702414245821384e-08,29.430000008078352,3.999999999935531,0.27183146441301775,4,-3.2791054443634393e-06,6.393078632018187e-06,2.043552500467284e-08,19.61918574232594,3.9999999998802043,0.40776411951192293,6,-3.0916827703716954e-06,9.220669049322877e-06,1.902801709958119e-09,9.808970344815794,3.999999999909143,0.8155799965331142,5,-1.9856694538425423e-06,1.015050536518435e-15,-1.561747170558538e-09,-1.6145356382431266e-09,7
4.515,4.0,2.2094014675419273e-06,-2.7702705841731228e-08,29.43000000798692,3.9999999999468026,0.27183146441462824,4,-3.279105444353031e-06,6.393180810838661e-06,2.0435919085884078e-08,19.619185742280823,3.999999999887283,0.4077641195135822,6,-3.0916905191871735e-06,9.22067856439511e-06,1.903160506336242e-09,9.808970344898515,3.999999999901569,0.8155799965246919,5,-1.985669717173566e-06,2.3704108049808264e-15,-1.5418032822399306e-09,-1.5943837349859115e-09,7
4.5200000000000005,4.0,2.2092629531484403e-06,-2.7702992890612098e-08,29.43000000785539,3.999999999936736,0.271831464415159,4,-3.2791054443495615e-06,6.393282991668654e-06,2.0436332155286426e-08,19.61918574219482,3.999999999877755,0.40776411951439845,6,-3.09169816908178e-06,9.220688081334582e-06,1.9035368199890218e-09,9.808970344935123,3.9999999998989524,0.8155799965211147,5,-1.9856699795331445e-06,1.1234083037218506e-15,-1.5221381487183458e-09,-1.574539992336839e-09,7
4.525,4.0,2.2091244373390954e-06,-2.7703276079678217e-08,29.430000007755844,3.999999999941499,0.27183146441640216,4,-3.279105444346092e-06,6.39338517452754e-06,2.0436727804102957e-08,19.61918574214141,3.999999999883428,0.40776411951608676,6,-3.0917057214779886e-06,9.220697600037282e-06,1.903884317200015e-09,9.8089703449961,3.99999999990327,0.815579996516925,5,-1.9856702410184224e-06,1.0825520964156448e-15,-1.5027325622472794e-09,-1.5549574256575064e-09,7
4.53,4.0,2.2089859201235115e-06,-2.77035550376491e-08,29.430000007641546,3.999999999944173,0.2718314644176396,4,-3.2791054443322143e-06,6.393487359347541e-06,2.043712030564909e-08,19.619185742072055,3.9999999998881033,0.40776411951800484,6,-3.091713177603983e-06,9.220707120465448e-06,1.904215208336022e-09,9.808970345042955,3.9999999999115863,0.8155799965147249,5,-1.9856705016363385e-06,2.1288262748223925e-15,-1.4835874802830678e-09,-1.535649034327265e-09,7
4.535,4.0,2.20884740151226e-06,-2.770383405559824e-08,29.430000007561958,3.999999999920328,0.27183146441675426,4,-3.279105444328745e-06,6.393589546105725e-06,2.0437509926783693e-08,19.619185742039527,3.9999999998642233,0.4077641195162466,6,-3.0917205388128477e-06,9.220716642645595e-06,1.9045966964071915e-09,9.808970345126323,3.999999999887674,0.8155799965029175,5,-1.985670761310565e-06,8.068683899390354e-17,-1.4647101574670434e-09,-1.5165632809051328e-09,7
4.54,4.0,2.2087088815352978e-06,-2.7704103225337208e-08,29.430000007450825,3.999999999929755,0.2718314644184214,4,-3.2791054443252754e-06,6.393691734883779e-06,2.0437915610013323e-08,19.61918574197292,3.9999999998756297,0.4077641195187937,6,-3.0917278063744003e-06,9.2207261667899e-06,1.9049769144629697e-09,9.80897034517417,3.9999999998997517,0.8155799965014018,5,-1.985671020048041e-06,2.119944490625391e-15,-1.446080464123502e-09,-1.4977546178336649e-09,7
4.545,4.0,2.208570360206937e-06,-2.7704369201044342e-08,29.430000007353556,3.9999999999336313,0.2718314644195832,4,-3.2791054443426226e-06,6.393793925718992e-06,2.0438331129211412e-08,19.619185741920564,3.999999999882229,0.40776411952055464,6,-3.091734981648664e-06,9.220735692919274e-06,1.905371752844926e-09,9.808970345227413,3.9999999999106644,0.8155799964991999,5,-1.9856712779042773e-06,-3.4027489230699872e-15,-1.4277230400981626e-09,-1.4792357123134832e-09,7
4.55,4.0,2.208431837554146e-06,-2.7704636554356954e-08,29.430000007237705,3.999999999938278,0.27183146442096906,4,-3.279105444346092e-06,6.393896118504948e-06,2.0438710811574165e-08,19.619185741853197,3.9999999998856413,0.4077641195223026,6,-3.0917420657458616e-06,9.220745220881374e-06,1.905732175410419e-09,9.808970345284093,3.999999999909676,0.8155799964942856,5,-1.985671534879274e-06,-1.22315908112588e-15,-1.4095879146967765e-09,-1.4609152347340467e-09,7
4.555,4.0,2.208293313576082e-06,-2.7704898487283893e-08,29.43000000716114,3.9999999999269136,0.27183146442090395,4,-3.279105444346092e-06,6.393998313222261e-06,2.043910118778245e-08,19.619185741822996,3.9999999998768048,0.4077641195220295,6,-3.0917490599219333e-06,9.220754750745443e-06,1.906123546986894e-09,9.808970345356723,3.999999999903803,0.8155799964870493,5,-1.9856717908897648e-06,2.4411166821872706e-16,-1.3916944910651002e-09,-1.442830842083994e-09,7
4.5600000000000005,4.0,2.208154788307511e-06,-2.7705157208297273e-08,29.430000007054034,3.999999999936599,0.27183146442255146,4,-3.279105444339153e-06,6.3941005098584064e-06,2.0439475410260227e-08,19.61918574176246,3.999999999885696,0.40776411952419406,6,-3.0917559653842464e-06,9.220764282366691e-06,1.9064635735822157e-09,9.808970345414568,3.9999999999086304,0.8155799964832239,5,-1.9856720460537103e-06,2.5391647047238505e-15,-1.3740510203806526e-09,-1.4250121995225426e-09,7
4.565,4.0,2.208016261746241e-06,-2.7705415245266098e-08,29.430000006958686,3.9999999999042815,0.2718314644212359,4,-3.2791054443356837e-06,6.394202708415381e-06,2.0439865056378665e-08,19.619185741713462,3.9999999998565943,0.4077641195222458,6,-3.091762783312413e-06,9.220773815568664e-06,1.906815674393578e-09,9.80897034547185,3.9999999998913696,0.8155799964749416,5,-1.985672300676422e-06,1.242424211961668e-15,-1.3566441799671384e-09,-1.4074711020591065e-09,7
4.57,4.0,2.2078777339213394e-06,-2.7705665050529912e-08,29.43000000686762,3.999999999912929,0.27183146442266476,4,-3.2791054443322143e-06,6.3943049089272134e-06,2.0440259166037466e-08,19.619185741669348,3.9999999998624816,0.4077641195237628,6,-3.091769514941556e-06,9.220783350873353e-06,1.9072198938915664e-09,9.808970345538286,3.9999999998910685,0.8155799964693564,5,-1.9856725542305442e-06,2.093299138034388e-15,-1.3394712075896721e-09,-1.390112866321432e-09,7
4.575,4.0,2.2077392048495787e-06,-2.7705912695642026e-08,29.430000006791172,3.9999999999122773,0.27183146442332656,4,-3.279105444321806e-06,6.394407111392835e-06,2.0440647675164213e-08,19.61918574164103,3.999999999864118,0.4077641195245182,6,-3.0917761613888373e-06,9.220792888254822e-06,1.9076424347552406e-09,9.808970345613568,3.9999999998916227,0.81557999646321,5,-1.9856728068132212e-06,2.0719828559615852e-15,-1.3225265343695624e-09,-1.3729633294197478e-09,7
4.58,4.0,2.20760067454697e-06,-2.7706159670149708e-08,29.430000006674845,3.9999999999026468,0.27183146442374656,4,-3.2791054443183365e-06,6.394509315796179e-06,2.0441037674480364e-08,19.619185741571982,3.999999999852865,0.4077641195248061,6,-3.091782723785297e-06,9.220802427660283e-06,1.908046195230487e-09,9.80897034566009,3.999999999883774,0.8155799964577416,5,-1.9856730584730253e-06,1.1358428015976534e-15,-1.3058152584509386e-09,-1.3560764162186283e-09,7
4.585,4.0,2.2074621430286e-06,-2.7706398340546534e-08,29.430000006589278,3.9999999999152034,0.2718314644253902,4,-3.2791054443183365e-06,6.394611522158618e-06,2.0441428405937938e-08,19.619185741533705,3.999999999868458,0.40776411952719127,6,-3.09178920328973e-06,9.220811969156231e-06,1.9084553141611046e-09,9.808970345722877,3.9999999998986127,0.8155799964555466,5,-1.9856733091960788e-06,1.6421045008267248e-15,-1.2893206110252367e-09,-1.3394014117303082e-09,7
4.59,4.0,2.2073236103058546e-06,-2.7706647909618664e-08,29.430000006429253,3.999999999865381,0.27183146442348244,4,-3.279105444314867e-06,6.394713730418192e-06,2.0441811419460378e-08,19.61918574143028,3.99999999980916,0.407764119523296,6,-3.0917956010054204e-06,9.220821512568963e-06,1.9088733006117357e-09,9.808970345762196,3.9999999998427818,0.8155799964408936,5,-1.985673559086465e-06,-6.612625731866239e-15,-1.273081329106053e-09,-1.3229804653498726e-09,7
4.595,4.0,2.207185076409258e-06,-2.7706873335812016e-08,29.43000000644223,3.9999999999226468,0.27183146442725425,4,-3.2791054443356837e-06,6.394815940664705e-06,2.0442195416686564e-08,19.61918574148173,3.999999999876075,0.407764119529048,6,-3.0918019180495304e-06,9.220831057983479e-06,1.9092271574568102e-09,9.808970345870534,3.999999999901636,0.8155799964438858,5,-1.9856738082343894e-06,-3.1132027582477456e-15,-1.2570012656030985e-09,-1.3067667594164628e-09,7
4.6000000000000005,4.0,2.2070465413345716e-06,-2.770710924054339e-08,29.430000006355776,3.99999999990864,0.27183146442710093,4,-3.279105444339153e-06,6.394918152745989e-06,2.0442563566680053e-08,19.619185741443907,3.99999999986154,0.4077641195283524,6,-3.091808155400444e-06,9.220840605237913e-06,1.9096141124330553e-09,9.808970345939363,3.9999999998877964,0.8155799964353412,5,-1.9856740565704634e-06,-5.623543368689859e-16,-1.241145857949623e-09,-1.2907378034761349e-09,7
4.605,4.0,2.2069080051026063e-06,-2.7707337102859634e-08,29.430000006247504,3.99999999990815,0.27183146442806766,4,-3.2791054443356837e-06,6.3950203667003795e-06,2.0442942909524343e-08,19.619185741382918,3.9999999998635647,0.4077641195298264,6,-3.0918143141336896e-06,9.220850154527453e-06,1.9100133145156296e-09,9.80897034598159,3.9999999998961746,0.8155799964335384,5,-1.9856743039906033e-06,2.6439697582484664e-15,-1.225509002583526e-09,-1.2749311781341826e-09,7
4.61,4.0,2.206769467728104e-06,-2.7707565156378282e-08,29.430000006170502,3.999999999891867,0.27183146442767236,4,-3.279105444328745e-06,6.395122582545598e-06,2.0443322770323946e-08,19.619185741354322,3.9999999998478017,0.4077641195288138,6,-3.0918203953386736e-06,9.220859705882148e-06,1.9104458740118663e-09,9.808970346057615,3.9999999998813767,0.8155799964242,5,-1.9856745505295037e-06,1.4822323852807027e-15,-1.2100860099227518e-09,-1.2593216147145662e-09,7
4.615,4.0,2.2066309292330836e-06,-2.77077879706829e-08,29.430000006097405,3.9999999998975384,0.27183146442873296,4,-3.2791054443252754e-06,6.395224800314549e-06,2.044370657579966e-08,19.619185741330632,3.9999999998530504,0.40776411952984126,6,-3.0918264000215356e-06,9.220869259386163e-06,1.910867750372787e-09,9.808970346127762,3.999999999884779,0.8155799964190612,5,-1.9856747961802257e-06,7.859005042358044e-16,-1.1948643939550763e-09,-1.2439298823814519e-09,7
4.62,4.0,2.2064923896291915e-06,-2.7708006824789856e-08,29.43000000599381,3.9999999999028986,0.27183146443005407,4,-3.279105444314867e-06,6.395327019969889e-06,2.044408486858009e-08,19.619185741274784,3.999999999862427,0.40776411953195785,6,-3.091832329209232e-06,9.220878815005539e-06,1.9112773391911056e-09,9.808970346168966,3.9999999999022893,0.8155799964192055,5,-1.9856750409427693e-06,2.427254223841636e-15,-1.1798368201031093e-09,-1.2287370256310062e-09,7
4.625,4.0,2.206353848934011e-06,-2.7708228628073315e-08,29.430000005934723,3.9999999999103704,0.2718314644311076,4,-3.279105444307928e-06,6.395429241468833e-06,2.0444443155631743e-08,19.619185741264577,3.999999999865323,0.4077641195324652,6,-3.09183818385933e-06,9.220888372393667e-06,1.9116298251764863e-09,9.80897034626425,3.999999999890063,0.8155799964087902,5,-1.9856752850808124e-06,7.912295747540054e-16,-1.165018234633298e-09,-1.2137886080161601e-09,7
4.63,4.0,2.206215307141394e-06,-2.7708443682069934e-08,29.430000005861178,3.9999999998918145,0.27183146443052586,4,-3.279105444307928e-06,6.395531464811808e-06,2.0444819826258545e-08,19.61918574123936,3.999999999849726,0.40776411953139935,6,-3.091843965012664e-06,9.220897931808799e-06,1.912055190120762e-09,9.808970346329495,3.9999999998836815,0.815579996402064,5,-1.985675528413944e-06,1.2442005688010692e-15,-1.150392415854985e-09,-1.1989883900760682e-09,7
4.635,4.0,2.2060767642798024e-06,-2.7708664216552045e-08,29.430000005703942,3.999999999843047,0.27183146442866407,4,-3.279105444307928e-06,6.3956336900344135e-06,2.044520399798786e-08,19.619185741140228,3.9999999997928253,0.4077641195276592,6,-3.091849673626801e-06,9.220907493336852e-06,1.9125099626413956e-09,9.80897034636215,3.999999999833295,0.8155799963890754,5,-1.985675770907469e-06,-7.493698724208764e-15,-1.1359892420902083e-09,-1.1844198143969047e-09,7
4.64,4.0,2.2059382203770627e-06,-2.7708862878483435e-08,29.430000005718142,3.999999999908648,0.271831464432991,4,-3.279105444328745e-06,6.395735917205586e-06,2.0445580315237587e-08,19.619185741193736,3.999999999865324,0.4077641195339377,6,-3.091855310687064e-06,9.220917057209918e-06,1.9129332372955097e-09,9.808970346475633,3.9999999998900924,0.8155799963912205,5,-1.985676012498938e-06,-2.134430139738208e-15,-1.1217238798653894e-09,-1.1699807830929682e-09,7
4.6450000000000005,4.0,2.205799675429373e-06,-2.7709073627397923e-08,29.430000005636266,3.9999999998887743,0.2718314644323967,4,-3.279105444328745e-06,6.395838146182638e-06,2.044593902969182e-08,19.619185741161093,3.9999999998471907,0.4077641195327676,6,-3.091860877039998e-06,9.220926623121827e-06,1.9133581441719364e-09,9.80897034654435,3.999999999877129,0.8155799963828637,5,-1.98567625325774e-06,-4.788655654171747e-16,-1.1076677458308994e-09,-1.1557390766121797e-09,7
4.65,4.0,2.2056611294546613e-06,-2.7709275279119894e-08,29.43000000554313,3.999999999905161,0.27183146443437056,4,-3.2791054443252754e-06,6.395940376981292e-06,2.0446307235959886e-08,19.619185741116,3.9999999998653757,0.40776411953555863,6,-3.0918663736362317e-06,9.220936191113686e-06,1.91374605232382e-09,9.808970346588614,3.9999999998994467,0.8155799963837337,5,-1.9856764931769355e-06,2.580020912030057e-15,-1.0937811170950955e-09,-1.1417167981626917e-09,7
4.655,4.0,2.2055225824562084e-06,-2.77094792075736e-08,29.430000005464766,3.9999999998808664,0.27183146443344336,4,-3.2791054443183365e-06,6.3960426096034535e-06,2.0446675380146087e-08,19.61918574108728,3.999999999843686,0.4077641195339445,6,-3.0918718014194546e-06,9.220945761142849e-06,1.914180401344641e-09,9.808970346656642,3.999999999883495,0.815579996374825,5,-1.9856767323675473e-06,1.0541303869852416e-15,-1.0800968935629999e-09,-1.1278710611613307e-09,7
4.66,4.0,2.2053840344655733e-06,-2.770967633356262e-08,29.430000005407596,3.99999999990732,0.2718314644357691,4,-3.2791054443183365e-06,6.396144844079987e-06,2.0447039505385815e-08,19.61918574107903,3.9999999998680127,0.4077641195365958,6,-3.091877161284784e-06,9.220955333283398e-06,1.9145732209518717e-09,9.808970346732146,3.999999999899978,0.8155799963719079,5,-1.985676970787942e-06,1.6705262102571285e-15,-1.0665785036000035e-09,-1.114216380219831e-09,7
4.665,4.0,2.205245485480308e-06,-2.770987516058885e-08,29.430000005327926,3.999999999892644,0.27183146443550765,4,-3.279105444307928e-06,6.396247080328732e-06,2.0447393487210877e-08,19.619185741047755,3.9999999998555076,0.407764119535971,6,-3.0918824541134593e-06,9.220964907377289e-06,1.914977739349715e-09,9.808970346797755,3.9999999998920206,0.8155799963648303,5,-1.9856772084797525e-06,2.5302829205268495e-15,-1.0532414405904593e-09,-1.1007245947532181e-09,7
4.67,4.0,2.205106935513122e-06,-2.771007061832551e-08,29.4300000052598,3.9999999998781233,0.2718314644351501,4,-3.2791054443044587e-06,6.396349318365626e-06,2.0447754589824524e-08,19.619185741030222,3.9999999998412363,0.4077641195348806,6,-3.0918876807659035e-06,9.22097448356365e-06,1.9154109851875275e-09,9.808970346872046,3.9999999998796616,0.8155799963561333,5,-1.9856774453597126e-06,9.155745535120217e-16,-1.040083341979771e-09,-1.0874000035450432e-09,7
4.675,4.0,2.204968384582392e-06,-2.7710261740616213e-08,29.43000000520351,3.9999999998799893,0.2718314644357968,4,-3.2791054443009893e-06,6.396451558241956e-06,2.0448123224738026e-08,19.619185741022157,3.999999999841472,0.40776411953507224,6,-3.091892842137234e-06,9.22098406204133e-06,1.9158731573143442e-09,9.808970346949536,3.9999999998773457,0.8155799963492181,5,-1.985677681372311e-06,1.9938231550279737e-15,-1.0270896665108515e-09,-1.0742253830393916e-09,7
4.68,4.0,2.2048298327055436e-06,-2.771045218795943e-08,29.430000005152273,3.9999999998818705,0.27183146443639794,4,-3.2791054442940504e-06,6.396553799925868e-06,2.0448476972381642e-08,19.619185741021926,3.9999999998434657,0.4077641195352803,6,-3.0918979390462398e-06,9.220993642629982e-06,1.916299452941579e-09,9.808970347036043,3.999999999874687,0.8155799963414833,5,-1.985677916614692e-06,1.1553827268310554e-15,-1.0142649225773587e-09,-1.061237935477551e-09,7
4.6850000000000005,4.0,2.2046912798823462e-06,-2.771063517438894e-08,29.43000000507727,3.999999999890678,0.27183146443768924,4,-3.279105444314867e-06,6.39665604349059e-06,2.044886503313394e-08,19.619185740994475,3.9999999998539644,0.4077641195369211,6,-3.091902972436611e-06,9.221003225596263e-06,1.9167607393631527e-09,9.808970347095178,3.9999999998870743,0.8155799963390922,5,-1.985678151031345e-06,-4.214543998675902e-15,-1.0016334178462834e-09,-1.0484727741051652e-09,7
4.69,4.0,2.2045527261412634e-06,-2.771082497300283e-08,29.43000000502602,3.9999999998829945,0.27183146443764045,4,-3.279105444321806e-06,6.396758288840435e-06,2.0449203619205306e-08,19.61918574099391,3.999999999843379,0.40776411953585373,6,-3.0919079430299923e-06,9.221012810601067e-06,1.9171851902513566e-09,9.80897034718941,3.9999999998685443,0.8155799963274789,5,-1.9856783847888027e-06,-1.5180343164663216e-15,-9.891339195210144e-10,-1.0357991768224233e-09,7
4.695,4.0,2.20441417147977e-06,-2.7711005951494368e-08,29.4300000049557,3.999999999890746,0.27183146443881673,4,-3.279105444321806e-06,6.396860535924452e-06,2.0449552616823948e-08,19.619185740973084,3.999999999853163,0.407764119537284,6,-3.09191285160354e-06,9.221022397676167e-06,1.917582247998435e-09,9.808970347251522,3.999999999880724,0.8155799963247978,5,-1.9856786177621655e-06,2.9562601656133427e-16,-9.767949576687493e-10,-1.023324245512243e-09,7
4.7,4.0,2.2042756159047874e-06,-2.7711185151608536e-08,29.430000004862702,3.999999999877261,0.27183146443875933,4,-3.2791054443183365e-06,6.396962784757101e-06,2.0449912682865994e-08,19.619185740929368,3.9999999998434874,0.40776411953720626,6,-3.091917699003799e-06,9.22103198692643e-06,1.9180240173472294e-09,9.808970347294135,3.999999999883763,0.8155799963218745,5,-1.9856788499306166e-06,1.2850567761072738e-15,-9.64624588067755e-10,-1.0110001180159436e-09,7
4.705,4.0,2.204137059445693e-06,-2.7711364111603208e-08,29.430000004805635,3.999999999887075,0.2718314644399534,4,-3.2791054443183365e-06,6.3970650353581616e-06,2.0450257416998178e-08,19.61918574092288,3.999999999850362,0.40776411953804187,6,-3.091922486021803e-06,9.2210415782296e-06,1.9184229883492556e-09,9.808970347376475,3.999999999882079,0.8155799963146849,5,-1.9856790814121172e-06,1.0630121711822425e-15,-9.526108132039379e-10,-9.988530062550476e-10,7
4.71,4.0,2.2039985020963846e-06,-2.77115389500692e-08,29.43000000475429,3.9999999998788396,0.27183146443986794,4,-3.2791054443113976e-06,6.397167287678347e-06,2.0450604498964628e-08,19.619185740919846,3.9999999998451923,0.4077641195375779,6,-3.0919272134485865e-06,9.221051171685177e-06,1.9188630532749833e-09,9.808970347450426,3.999999999882127,0.8155799963085458,5,-1.9856793120678895e-06,2.2478421830622096e-15,-9.407463624487543e-10,-9.868239511696978e-10,7
4.715,4.0,2.2038599438769314e-06,-2.7711713181668104e-08,29.430000004678945,3.999999999871115,0.2718314644400389,4,-3.2791054443044587e-06,6.397269541758386e-06,2.045095767036421e-08,19.619185740893727,3.9999999998371134,0.40776411953729724,6,-3.0919318820196717e-06,9.221060767320172e-06,1.9193015937634286e-09,9.808970347512023,3.999999999877619,0.8155799963025051,5,-1.985679542002017e-06,1.1536063699916555e-15,-9.290440309005187e-10,-9.749700519741404e-10,7
4.72,4.0,2.203721384799152e-06,-2.7711881835954827e-08,29.43000000462563,3.999999999883307,0.2718314644413599,4,-3.2791054443044587e-06,6.397371797619429e-06,2.0451314496613676e-08,19.61918574089178,3.999999999851259,0.4077641195387797,6,-3.0919364925469095e-06,9.221070365187615e-06,1.9197359278473953e-09,9.808970347587895,3.999999999888731,0.8155799962984622,5,-1.9856797711728658e-06,8.107694999874072e-16,-9.174938407628641e-10,-9.63288999404484e-10,7
4.7250000000000005,4.0,2.2035828248714003e-06,-2.7712054494890968e-08,29.430000004566104,3.9999999998683005,0.2718314644408899,4,-3.27910544429752e-06,6.397474055204181e-06,2.0451653793179772e-08,19.619185740880468,3.9999999998340217,0.4077641195372576,6,-3.091941045738067e-06,9.221079965125212e-06,1.9201705301641574e-09,9.808970347665952,3.999999999871859,0.8155799962885321,5,-1.9856799997053365e-06,2.2371840420258085e-15,-9.060876492160385e-10,-9.517233833840359e-10,7
4.73,4.0,2.203444264103162e-06,-2.7712220087120718e-08,29.43000000450412,3.999999999873083,0.27183146444178746,4,-3.279105444290581e-06,6.397576314530781e-06,2.045200622928317e-08,19.61918574086961,3.999999999839289,0.4077641195380202,6,-3.0919455423425446e-06,9.221089567310973e-06,1.9206104094083624e-09,9.80897034773847,3.99999999987536,0.8155799962832163,5,-1.985680227453712e-06,9.15574553512022e-16,-8.948314212663089e-10,-9.403269120618357e-10,7
4.735,4.0,2.203305702504365e-06,-2.7712385223061002e-08,29.430000004459927,3.999999999864151,0.2718314644415886,4,-3.279105444290581e-06,6.39767857559709e-06,2.0452352056252315e-08,19.61918574087527,3.9999999998320694,0.4077641195371666,6,-3.091949983102804e-06,9.221099171740356e-06,1.921078306673683e-09,9.808970347821973,3.9999999998688742,0.8155799962749509,5,-1.985680454417993e-06,-2.0530661214953616e-16,-8.837168151419573e-10,-9.290414328440315e-10,7
4.74,4.0,2.2031671400947666e-06,-2.771254621823599e-08,29.43000000439696,3.9999999998790465,0.2718314644431825,4,-3.2791054442871115e-06,6.397780838397535e-06,2.0452696525097155e-08,19.61918574086131,3.9999999998479696,0.40776411953907765,6,-3.091954368698857e-06,9.221108778412986e-06,1.921502248011011e-09,9.808970347886335,3.9999999998850657,0.8155799962729008,5,-1.985680680639812e-06,2.7150240318244753e-15,-8.727375638560542e-10,-9.179239277053179e-10,7
4.745,4.0,2.2030285768644495e-06,-2.7712707231853915e-08,29.4300000043584,3.9999999998655698,0.2718314644426228,4,-3.279105444307928e-06,6.397883102971763e-06,2.0453058276220564e-08,19.61918574087374,3.9999999998340137,0.40776411953739666,6,-3.0919586999286763e-06,9.221118387500053e-06,1.9220143784923894e-09,9.80897034798124,3.9999999998673945,0.8155799962614066,5,-1.9856809060428415e-06,-4.942850302830005e-15,-8.619331895719195e-10,-9.069435182347555e-10,7
4.75,4.0,2.2028900128611364e-06,-2.7712866838613614e-08,29.430000004290726,3.999999999893851,0.2718314644451698,4,-3.2791054443183365e-06,6.397985369244241e-06,2.045337672470278e-08,19.619185740855386,3.9999999998601634,0.40776411954044384,6,-3.091962977375129e-06,9.221127998626457e-06,1.922380740206167e-09,9.808970348045133,3.9999999998870113,0.815579996260094,5,-1.9856811308213707e-06,-1.29421335470189e-15,-8.512228716060742e-10,-8.961125714286602e-10,7
4.755,4.0,2.2027514480502324e-06,-2.7713024777763356e-08,29.430000004218883,3.999999999878312,0.2718314644447774,4,-3.2791054443183365e-06,6.398087637113189e-06,2.045370717454024e-08,19.619185740832776,3.9999999998468883,0.4077641195395605,6,-3.0919672017321043e-06,9.221137611790824e-06,1.9227973405006678e-09,9.808970348098642,3.999999999882928,0.8155799962548124,5,-1.9856813548366214e-06,1.2424242119616677e-15,-8.406563497263784e-10,-8.854145600629984e-10,7
4.76,4.0,2.202612882459383e-06,-2.77131809639381e-08,29.430000004172385,3.999999999860787,0.2718314644440159,4,-3.279105444314867e-06,6.398189906654416e-06,2.045404426884469e-08,19.619185740837644,3.9999999998301816,0.4077641195377562,6,-3.091971373679614e-06,9.221147227035076e-06,1.9232272055807507e-09,9.808970348178743,3.9999999998701252,0.8155799962455418,5,-1.9856815782412496e-06,5.354341898803679e-16,-8.302345796128117e-10,-8.748583144076185e-10,7
4.765,4.0,2.2024743161029514e-06,-2.7713331482915828e-08,29.430000004131923,3.99999999987532,0.2718314644453773,4,-3.279105444314867e-06,6.398292177915412e-06,2.0454387453352097e-08,19.619185740847122,3.9999999998439058,0.40776411953895825,6,-3.091975493939303e-06,9.221156844512237e-06,1.9236651418440748e-09,9.808970348261633,3.999999999878475,0.8155799962403523,5,-1.985681800965866e-06,5.833958245441746e-16,-8.199410446994812e-10,-8.64436906670847e-10,7
4.7700000000000005,4.0,2.2023357489879375e-06,-2.771348340041967e-08,29.43000000407754,3.999999999862528,0.2718314644450103,4,-3.2791054443113976e-06,6.398394450837178e-06,2.045471771894735e-08,19.61918574084188,3.999999999833645,0.4077641195380213,6,-3.091979563107916e-06,9.221166464157502e-06,1.924111549555308e-09,9.808970348331417,3.999999999873992,0.8155799962336359,5,-1.9856820229896543e-06,2.073759212800985e-15,-8.097762743407252e-10,-8.541197586460504e-10,7
4.775,4.0,2.2021971811229745e-06,-2.7713632136320693e-08,29.43000000401571,3.9999999998648375,0.2718314644457383,4,-3.2791054443044587e-06,6.398496725437974e-06,2.0455056097838974e-08,19.619185740830776,3.9999999998354756,0.4077641195384386,6,-3.091983581872404e-06,9.22117608607306e-06,1.9245587518079164e-09,9.808970348402706,3.9999999998744626,0.8155799962278045,5,-1.985682244270981e-06,5.851721813835752e-16,-7.997509213485096e-10,-8.439499558683685e-10,7
4.78,4.0,2.2020586125150382e-06,-2.7713780473952195e-08,29.430000003974264,3.9999999998555924,0.27183146444549283,4,-3.2791054443044587e-06,6.3985990017170135e-06,2.0455390328686187e-08,19.61918574083923,3.999999999826503,0.4077641195373482,6,-3.0919875508711447e-06,9.221185710283479e-06,1.925038398659708e-09,9.808970348490167,3.9999999998634346,0.8155799962182839,5,-1.9856824647820903e-06,4.693605904529926e-17,-7.898542067895329e-10,-8.338820982096997e-10,7
4.785,4.0,2.2019200431852508e-06,-2.7713923960377292e-08,29.43000000391308,3.999999999873873,0.2718314644473003,4,-3.2791054443009893e-06,6.398701279671729e-06,2.0455720178708224e-08,19.619185740826833,3.999999999845756,0.4077641195395686,6,-3.091991470728639e-06,9.221195336733749e-06,1.9254563423336592e-09,9.808970348546596,3.999999999884036,0.8155799962177925,5,-1.9856826845784936e-06,2.548046488920852e-15,-7.800661040167876e-10,-8.239743649092481e-10,7
4.79,4.0,2.201781473124688e-06,-2.771406844525225e-08,29.4300000038591,3.9999999998624154,0.2718314644470203,4,-3.2791054442940504e-06,6.398803559253308e-06,2.0456051438318028e-08,19.619185740825156,3.999999999834811,0.4077641195384877,6,-3.09199534204857e-06,9.22120496542832e-06,1.925916963957557e-09,9.808970348622697,3.9999999998747895,0.8155799962095797,5,-1.9856829036185575e-06,7.930059315934045e-16,-7.704131855522343e-10,-8.141676849966762e-10,7
4.795,4.0,2.2016429023530283e-06,-2.7714211214950562e-08,29.430000003829754,3.9999999998610622,0.27183146444719936,4,-3.2791054442940504e-06,6.398905840496789e-06,2.0456379142644517e-08,19.619185740844898,3.9999999998331317,0.4077641195379062,6,-3.0919991654762558e-06,9.221214596383803e-06,1.9263752254923762e-09,9.808970348712155,3.999999999869738,0.8155799962011117,5,-1.9856831219369764e-06,3.933256427283482e-16,-7.608822690517678e-10,-8.04484900644582e-10,7
4.8,4.0,2.201504330892748e-06,-2.7714350943732672e-08,29.430000003777796,3.999999999897631,0.27183146445016443,4,-3.2791054442871115e-06,6.399008123352535e-06,2.0456686441195366e-08,19.619185740841864,3.9999999998664846,0.40776411954136926,6,-3.0920029415945627e-06,9.221224229297356e-06,1.9267113927757084e-09,9.808970348781829,3.9999999998932108,0.8155799962001045,5,-1.9856833397349782e-06,1.8286219689637505e-15,-7.514624583425352e-10,-7.94989408252207e-10,7
4.805,4.0,2.201365758708252e-06,-2.7714492473949742e-08,29.43000000372619,3.9999999998479874,0.2718314644472674,4,-3.2791054442801726e-06,6.399110407732065e-06,2.0457009698976077e-08,19.619185740841775,3.9999999998226334,0.4077641195369009,6,-3.0920066709586025e-06,9.221233864112433e-06,1.9271508167866906e-09,9.808970348851904,3.999999999867448,0.815579996189025,5,-1.985683557019502e-06,4.71485343661959e-16,-7.42165054606749e-10,-7.855618828252209e-10,7
4.8100000000000005,4.0,2.2012271858382272e-06,-2.771462399379727e-08,29.430000003664226,3.9999999998519624,0.27183146444810985,4,-3.2791054442801726e-06,6.399212693786418e-06,2.04573510790487e-08,19.61918574082934,3.9999999998283764,0.4077641195377448,6,-3.0920103542483868e-06,9.22124350151544e-06,1.92767202598881e-09,9.80897034891036,3.9999999998772084,0.8155799961861547,5,-1.985683773304825e-06,7.166225874991935e-16,-7.329898286943767e-10,-7.761915294431111e-10,7
4.815,4.0,2.201088612302384e-06,-2.771476778847302e-08,29.430000003558312,3.9999999998258913,0.2718314644473164,4,-3.2791054442871115e-06,6.399314981522401e-06,2.0457683966565937e-08,19.619185740782342,3.9999999997913696,0.40776411953494907,6,-3.0920139920051493e-06,9.221253141179885e-06,1.928130893499365e-09,9.808970348972348,3.999999999833207,0.815579996172029,5,-1.985683988986464e-06,-7.18105992047432e-15,-7.239599158768948e-10,-7.670529249033399e-10,7
4.82,4.0,2.2009500381024258e-06,-2.7714893187903856e-08,29.430000003593,3.999999999881012,0.27183146445074186,4,-3.2791054443044587e-06,6.399417270923757e-06,2.0458001322372068e-08,19.619185740857517,3.9999999998530593,0.40776411953967534,6,-3.0920175848325737e-06,9.22126278309973e-06,1.928548716462204e-09,9.808970349087058,3.999999999882827,0.8155799961726086,5,-1.985684204099114e-06,-1.6477083657425398e-15,-7.149971617824398e-10,-7.57959832402151e-10,7
4.825,4.0,2.2008114632302968e-06,-2.7715027741956752e-08,29.43000000354831,3.9999999998574607,0.27183146444955414,4,-3.279105444307928e-06,6.399519561868998e-06,2.04583159423002e-08,19.61918574086375,3.999999999831362,0.407764119537334,6,-3.092021133209444e-06,9.221272427170163e-06,1.9289968565186887e-09,9.808970349163149,3.9999999998689364,0.8155799961634497,5,-1.985684418497058e-06,-1.1112486002436643e-15,-7.061515815141824e-10,-7.489654431687432e-10,7
4.83,4.0,2.200672887707415e-06,-2.7715156566805974e-08,29.43000000348691,3.9999999998670366,0.27183146445077205,4,-3.279105444307928e-06,6.39962185439651e-06,2.0458630270063342e-08,19.61918574085174,3.9999999998416165,0.4077641195386289,6,-3.0920246377255656e-06,9.221282073406684e-06,1.92941632301267e-09,9.808970349222015,3.999999999880596,0.8155799961609325,5,-1.985684632235807e-06,3.649039332979439e-16,-6.974177642891896e-10,-7.401103931421749e-10,7
4.835,4.0,2.200534311531818e-06,-2.771528523542945e-08,29.430000003447656,3.999999999859599,0.27183146445062917,4,-3.2791054443044587e-06,6.399724148494083e-06,2.0458950295304225e-08,19.6191857408633,3.9999999998353015,0.4077641195377449,6,-3.0920280989221727e-06,9.221291721917294e-06,1.9298780311086827e-09,9.808970349302372,3.9999999998754463,0.8155799961532011,5,-1.9856848452112774e-06,3.542457922615422e-16,-6.888054552010821e-10,-7.313523925951705e-10,7
4.84,4.0,2.2003957347225324e-06,-2.771541308150924e-08,29.43000000342247,3.999999999862826,0.2718314644510811,4,-3.2791054443044587e-06,6.399826444196123e-06,2.045926506692714e-08,19.619185740887605,3.999999999836506,0.4077641195373625,6,-3.0920315173821322e-06,9.221301372659166e-06,1.9303282154859305e-09,9.808970349392155,3.999999999870467,0.8155799961447208,5,-1.985685057541431e-06,2.5832252293392863e-16,-6.802956685479607e-10,-7.227099262970006e-10,7
4.845,4.0,2.2002571572820953e-06,-2.771553651504474e-08,29.43000000336133,3.999999999867682,0.2718314644519758,4,-3.2791054443009893e-06,6.399928741482502e-06,2.0459585065290665e-08,19.619185740875622,3.9999999998437743,0.4077641195383525,6,-3.0920348936050446e-06,9.221311025690277e-06,1.9307763509510566e-09,9.808970349449824,3.999999999882264,0.8155799961423311,5,-1.985685269184634e-06,1.9511905908823673e-15,-6.718888288791099e-10,-7.141741710832441e-10,7
4.8500000000000005,4.0,2.200118579218909e-06,-2.7715662842040564e-08,29.430000003315104,3.99999999985394,0.27183146445146894,4,-3.2791054442940504e-06,6.4000310403149765e-06,2.0459892844557137e-08,19.61918574088112,3.9999999998292766,0.40776411953676034,6,-3.0920382281182657e-06,9.221320680914484e-06,1.9312275366224445e-09,9.80897034952533,3.9999999998694817,0.8155799961334469,5,-1.9856854801200696e-06,6.420156002443828e-16,-6.635916703633078e-10,-7.057311594600725e-10,7
4.855,4.0,2.1999800005362294e-06,-2.7715789024815746e-08,29.430000003369848,3.999999999845612,0.2718314644503973,4,-3.27910544429752e-06,6.400133340728515e-06,2.0460194014846742e-08,19.619185740986957,3.9999999998164117,0.4077641195332492,6,-3.092041521476907e-06,9.221330338392723e-06,1.9317237548656625e-09,9.808970349704001,3.999999999831883,0.8155799961109248,5,-1.9856856904448827e-06,-2.2552224048174256e-15,-6.55407385113795e-10,-6.973390973037687e-10,7
4.86,4.0,2.199841421255658e-06,-2.7715903792592433e-08,29.430000003230873,3.9999999998673954,0.2718314644531613,4,-3.279105444290581e-06,6.400235642719903e-06,2.0460523849835763e-08,19.61918574089368,3.99999999984325,0.40776411953792374,6,-3.0920447741528134e-06,9.221339998241362e-06,1.9321313584571376e-09,9.808970349670497,3.9999999998828137,0.815579996124095,5,-1.9856858999509064e-06,2.073759212800985e-15,-6.473061054666736e-10,-6.891774659330287e-10,7
4.865,4.0,2.1997028413774903e-06,-2.771602351290718e-08,29.43000000321034,3.9999999998802673,0.27183146445422574,4,-3.279105444283642e-06,6.400337946238974e-06,2.0460821730385757e-08,19.61918574092512,3.9999999998574642,0.4077641195387194,6,-3.092047986659463e-06,9.221349660024037e-06,1.9325058219464486e-09,9.808970349758852,3.9999999998932534,0.8155799961188773,5,-1.985686109075291e-06,7.180505479690282e-17,-6.393082275511737e-10,-6.810959304921772e-10,7
4.87,4.0,2.1995642608935126e-06,-2.7716142900383682e-08,29.43000000316195,3.9999999998633804,0.2718314644535251,4,-3.279105444283642e-06,6.400440251246758e-06,2.0461125623897646e-08,19.619185740925737,3.999999999841103,0.40776411953703867,6,-3.092051159503395e-06,9.22135932384134e-06,1.9329325611876755e-09,9.808970349832153,3.999999999880501,0.8155799961101824,5,-1.985686317637625e-06,-2.017538984707357e-16,-6.31417183288709e-10,-6.730890180257922e-10,7
4.875,4.0,2.1994256798261e-06,-2.7716259205469627e-08,29.430000003133877,3.999999999863453,0.2718314644537893,4,-3.279105444283642e-06,6.400542557779338e-06,2.046142634719307e-08,19.619185740947255,3.999999999841392,0.4077641195366209,6,-3.092054293163393e-06,9.221368989834512e-06,1.9333714759190138e-09,9.80897034991586,3.9999999998792646,0.8155799961029704,5,-1.9856865255685197e-06,3.9154928588894793e-16,-6.236161843307903e-10,-6.651484347237903e-10,7
4.88,4.0,2.1992870981705203e-06,-2.7716377887491588e-08,29.430000003088715,3.999999999816532,0.2718314644510178,4,-3.2791054442801726e-06,6.400644865816117e-06,2.046173319697708e-08,19.61918574095063,3.9999999997963283,0.40776411953195685,6,-3.0920573881113023e-06,9.221378658181372e-06,1.93388917196881e-09,9.808970349976267,3.999999999852465,0.8155799960924834,5,-1.985686732673686e-06,1.0630121711822425e-15,-6.15916654428252e-10,-6.572494696861787e-10,7
4.885,4.0,2.1991485159640465e-06,-2.7716487792245822e-08,29.430000003044142,3.9999999998725184,0.2718314644552342,4,-3.2791054442801726e-06,6.4007471754432355e-06,2.046204494114667e-08,19.619185740957477,3.9999999998465485,0.4077641195369341,6,-3.092060444874478e-06,9.22138832885211e-06,1.934295591330133e-09,9.808970350066316,3.9999999998764393,0.8155799960898845,5,-1.9856869391265963e-06,5.656322561501722e-16,-6.083226898599655e-10,-6.495768977750351e-10,7
4.89,4.0,2.1990099331843177e-06,-2.7716601322251803e-08,29.43000000302954,3.999999999868389,0.27183146445508843,4,-3.2791054442801726e-06,6.40084948656402e-06,2.0462339505714378e-08,19.61918574099274,3.9999999998437348,0.4077641195359143,6,-3.0920634638761935e-06,9.221398001639055e-06,1.934729927189691e-09,9.808970350161387,3.9999999998716236,0.8155799960809977,5,-1.985687145024395e-06,9.901815407668321e-16,-6.008053519966601e-10,-6.419315787305214e-10,7
4.8950000000000005,4.0,2.1988713498423526e-06,-2.771671118642372e-08,29.430000002989892,3.9999999998663958,0.2718314644553192,4,-3.2791054443044587e-06,6.400951799261265e-06,2.0462658010616962e-08,19.61918574100214,3.999999999842445,0.40776411953558744,6,-3.0920664456923763e-06,9.221407676741752e-06,1.93519204013385e-09,9.808970350228764,3.999999999874671,0.8155799960760169,5,-1.985687350332388e-06,-2.596282917982274e-15,-5.933973027115421e-10,-6.344071567561405e-10,7
4.9,4.0,2.1987327659548746e-06,-2.7716820977785398e-08,29.43000000295424,3.999999999865465,0.27183146445558526,4,-3.279105444307928e-06,6.4010541134280315e-06,2.046294893668293e-08,19.61918574101617,3.999999999843696,0.4077641195354234,6,-3.0920693906491548e-06,9.22141735402247e-06,1.9356304458485265e-09,9.808970350302253,3.999999999878738,0.8155799960707358,5,-1.985687554967308e-06,-1.2036191558924778e-15,-5.860616293094886e-10,-6.269331140380818e-10,7
4.905,4.0,2.1985941815185243e-06,-2.7716930571696887e-08,29.43000000290499,3.9999999998522062,0.2718314644551391,4,-3.279105444307928e-06,6.401156429055164e-06,2.0463244216091288e-08,19.61918574101576,3.9999999998324345,0.40776411953428393,6,-3.0920722992114347e-06,9.221427033452541e-06,1.93606850762771e-09,9.808970350366572,3.999999999874377,0.8155799960644988,5,-1.98568775896385e-06,-1.701278717311042e-17,-5.788203461808102e-10,-6.195639154533983e-10,7
4.91,4.0,2.198455596548471e-06,-2.7717037428733817e-08,29.43000000286382,3.9999999998635305,0.271831464456289,4,-3.2791054443044587e-06,6.401258746167691e-06,2.0463537817414483e-08,19.619185741024648,3.999999999842241,0.4077641195350989,6,-3.092075171830244e-06,9.221436714998432e-06,1.936479020696129e-09,9.808970350442797,3.999999999878546,0.815579996059011,5,-1.985687962433036e-06,1.5213122357475065e-15,-5.7167368780461e-10,-6.123182127489036e-10,7
4.915,4.0,2.1983170110396998e-06,-2.7717144230939148e-08,29.43000000282104,3.9999999998463913,0.27183146445551937,4,-3.2791054443044587e-06,6.401361064760698e-06,2.0463841191467195e-08,19.619185741030694,3.999999999825418,0.40776411953325825,6,-3.092078008984367e-06,9.22144639871117e-06,1.936923828242789e-09,9.808970350511073,3.999999999867397,0.8155799960510609,5,-1.9856881653332326e-06,1.0843284532550449e-15,-5.646173163174858e-10,-6.05153373360452e-10,7
4.92,4.0,2.1981784250057627e-06,-2.7717247954114256e-08,29.430000002792703,3.9999999998326796,0.2718314644548493,4,-3.2791054443009893e-06,6.401463384817776e-06,2.0464128645314183e-08,19.619185741048987,3.9999999998165743,0.4077641195319765,6,-3.0920808111109532e-06,9.221456084766422e-06,1.937411539139919e-09,9.808970350573425,3.999999999872615,0.8155799960469404,5,-1.9856883674285175e-06,2.0382320760129795e-15,-5.576349229872953e-10,-5.979769752180466e-10,7
4.925,4.0,2.1980398384754636e-06,-2.77173527513693e-08,29.43000000276718,3.999999999884896,0.27183146445863354,4,-3.2791054442940504e-06,6.401565706334394e-06,2.046440399468715e-08,19.619185741076507,3.999999999857923,0.4077641195356197,6,-3.0920835785638867e-06,9.221465772767662e-06,1.937731687391224e-09,9.808970350677969,3.999999999882135,0.8155799960401892,5,-1.985688569093591e-06,7.326097990537951e-16,-5.507431984629014e-10,-5.910493256529328e-10,7
4.93,4.0,2.1979012513967085e-06,-2.7717455446057885e-08,29.430000002739348,3.9999999998333484,0.2718314644553876,4,-3.2791054442940504e-06,6.401668029248523e-06,2.0464706796009797e-08,19.61918574109766,3.999999999814161,0.4077641195307189,6,-3.0920863118635844e-06,9.221475462864557e-06,1.9382168557050607e-09,9.808970350753272,3.9999999998583893,0.8155799960290863,5,-1.9856887701827364e-06,-7.918527655211935e-17,-5.439444591136228e-10,-5.841081171560639e-10,7
4.9350000000000005,4.0,2.1977626638265755e-06,-2.7717553797382804e-08,29.430000002712923,3.99999999984907,0.27183146445670003,4,-3.2791054442940504e-06,6.401770353699703e-06,2.0465008849506033e-08,19.619185741120134,3.9999999998289915,0.4077641195317636,6,-3.0920890113986244e-06,9.221485155368731e-06,1.938687833845365e-09,9.808970350834361,3.9999999998674514,0.8155799960241917,5,-1.9856889706126868e-06,7.006353759445906e-16,-5.372207548535974e-10,-5.772527226817496e-10,7
4.94,4.0,2.1976240757648925e-06,-2.771765206794602e-08,29.4300000026479,3.9999999998694835,0.2718314644586879,4,-3.2791054442871115e-06,6.401872679569787e-06,2.0465290031474217e-08,19.61918574110674,3.9999999998480567,0.4077641195339855,6,-3.092091677543707e-06,9.221494850141008e-06,1.939113823370073e-09,9.808970350888911,3.9999999998830225,0.8155799960228309,5,-1.9856891702516033e-06,1.142948228955253e-15,-5.305765816419856e-10,-5.704741645225235e-10,7
4.945,4.0,2.1974854872021848e-06,-2.7717752400151206e-08,29.430000002630745,3.99999999985871,0.2718314644581142,4,-3.2791054442871115e-06,6.401975006877183e-06,2.0465576648275382e-08,19.619185741136985,3.9999999998383204,0.4077641195323644,6,-3.092094310756799e-06,9.22150454696985e-06,1.9395355688448307e-09,9.808970350975164,3.999999999875473,0.81557999601412,5,-1.985689369425614e-06,3.0628415759773504e-16,-5.240251733372409e-10,-5.638210473542253e-10,7
4.95,4.0,2.197346898152073e-06,-2.771784961959468e-08,29.430000002600625,3.999999999859506,0.2718314644584465,4,-3.279105444283642e-06,6.40207733560611e-06,2.046585817851343e-08,19.619185741154357,3.999999999840205,0.4077641195321955,6,-3.0920969114056618e-06,9.221514245844992e-06,1.939941395322636e-09,9.808970351047325,3.999999999878426,0.8155799960087222,5,-1.985689568106963e-06,1.8801363173063572e-15,-5.175411173784189e-10,-5.572382490477717e-10,7
4.955,4.0,2.1972083086144186e-06,-2.771794589872538e-08,29.430000002570182,3.9999999998525313,0.2718314644582537,4,-3.2791054442801726e-06,6.402179665742161e-06,2.0466141872695678e-08,19.619185741174356,3.9999999998331903,0.40776411953106473,6,-3.0920994798719348e-06,9.221523946875568e-06,1.9403824606499395e-09,9.808970351125193,3.9999999998737277,0.8155799960012898,5,-1.9856897661915673e-06,1.4502579621714964e-15,-5.111372568254685e-10,-5.507046487203422e-10,7
4.96,4.0,2.1970697186012817e-06,-2.771804030890638e-08,29.430000002543377,3.999999999854074,0.2718314644586061,4,-3.2791054442801726e-06,6.402281997320429e-06,2.0466431001578434e-08,19.619185741196297,3.9999999998342997,0.4077641195307218,6,-3.092102016592768e-06,9.221533650127203e-06,1.940830622807844e-09,9.80897035121072,3.9999999998699387,0.815579995993406,5,-1.9856899636933045e-06,1.8549189251851795e-16,-5.04820833885224e-10,-5.442675276619308e-10,7
4.965,4.0,2.1969311281203616e-06,-2.771813293149902e-08,29.430000002510035,3.9999999998616653,0.27183146445942996,4,-3.2791054442801726e-06,6.4023843303268535e-06,2.0466712976060167e-08,19.6191857412117,3.9999999998437787,0.40776411953136793,6,-3.0921045219220455e-06,9.221543355590902e-06,1.9412647703930195e-09,9.808970351280545,3.999999999881191,0.8155799959898946,5,-1.9856901605636024e-06,1.1553827268310546e-15,-4.985746374362682e-10,-5.378955740305298e-10,7
4.97,4.0,2.196792537167552e-06,-2.7718225463052077e-08,29.430000002499213,3.999999999854096,0.2718314644590155,4,-3.2791054443009893e-06,6.402486664795342e-06,2.0467009580540037e-08,19.619185741248735,3.999999999835775,0.4077641195297823,6,-3.092106996317734e-06,9.221553063357324e-06,1.941741302371978e-09,9.808970351372663,3.9999999998714584,0.8155799959802509,5,-1.9856903568232775e-06,-4.1843459324060985e-15,-4.924225754653028e-10,-5.31619778147559e-10,7
4.9750000000000005,4.0,2.1966539457697274e-06,-2.7718316805540723e-08,29.43000000245534,3.99999999987243,0.2718314644606667,4,-3.2791054443113976e-06,6.402589000675942e-06,2.0467283267690735e-08,19.619185741253748,3.999999999853471,0.40776411953148206,6,-3.092109440057389e-06,9.221562773231071e-06,1.9421273132947398e-09,9.80897035143347,3.9999999998878466,0.8155799959785366,5,-1.9856905525764135e-06,-1.2942133547018908e-15,-4.863102879003285e-10,-5.254248029480674e-10,7
4.98,4.0,2.1965153539018433e-06,-2.7718406829498893e-08,29.43000000241067,3.9999999998620344,0.2718314644603729,4,-3.279105444314867e-06,6.4026913378854806e-06,2.046755885845408e-08,19.619185741259862,3.9999999998454,0.40776411953053227,6,-3.092111853515711e-06,9.221572485336016e-06,1.9425904613491733e-09,9.808970351499958,3.999999999884574,0.815579995972341,5,-1.9856907475454544e-06,6.64759842787014e-17,-4.80282061093708e-10,-5.192416511796989e-10,7
4.985,4.0,2.1963767615975446e-06,-2.771849801490716e-08,29.430000002397172,3.9999999998720055,0.2718314644611751,4,-3.279105444307928e-06,6.40279367649122e-06,2.0467824252460293e-08,19.61918574129479,3.99999999985271,0.40776411953055147,6,-3.092114237039645e-06,9.221582199416437e-06,1.942971114685406e-09,9.808970351591325,3.9999999998831504,0.8155799959644539,5,-1.985690942146734e-06,1.963625088758169e-15,-4.743301252606263e-10,-5.132080668808509e-10,7
4.99,4.0,2.19623816882811e-06,-2.7718593039942627e-08,29.430000002442533,3.9999999998299796,0.2718314644579002,4,-3.2791054443113976e-06,6.40289601644916e-06,2.046809077714363e-08,19.61918574139067,3.999999999806848,0.4077641195238835,6,-3.0921165910594017e-06,9.221591915697387e-06,1.943493611897514e-09,9.808970351754965,3.999999999822905,0.8155799959385641,5,-1.9856911360818796e-06,-2.1113375008260058e-15,-4.68471371778269e-10,-5.071259347495821e-10,7
4.995,4.0,2.196099575639926e-06,-2.7718673368593984e-08,29.430000002338886,3.999999999859168,0.2718314644608411,4,-3.279105444307928e-06,6.402998357836555e-06,2.0468388028312777e-08,19.6191857413337,3.9999999998399076,0.4077641195284377,6,-3.0921189159080487e-06,9.221601634282561e-06,1.943883098524845e-09,9.80897035174231,3.9999999998733076,0.8155799959498932,5,-1.9856913293647693e-06,5.833958245441742e-16,-4.626526751426402e-10,-5.012742991290802e-10,7
5.0,4.0,2.1959609820169046e-06,-2.771875867221899e-08,29.43000000230657,3.9999999998673967,0.27183146446169876,4,-3.2791054443009893e-06,6.403100700582634e-06,2.0468656982061357e-08,19.619185741350066,3.999999999850867,0.40776411952921476,6,-3.0921212119047747e-06,9.221611354894879e-06,1.944282394537078e-09,9.80897035180976,3.9999999998868265,0.8155799959470413,5,-1.985691522182753e-06,2.1412607726981937e-15,-4.569092089955168e-10,-4.954384677553784e-10,7
5.005,4.0,2.195822387956914e-06,-2.7718845997826512e-08,29.43000000228342,3.9999999998456057,0.2718314644604317,4,-3.2791054443009893e-06,6.403203044677352e-06,2.046893046700764e-08,19.619185741374682,3.9999999998306093,0.40776411952663805,6,-3.092123479438158e-06,9.221621077588066e-06,1.9447192088709686e-09,9.808970351887734,3.9999999998731606,0.8155799959377718,5,-1.9856917145011366e-06,-9.907359815509744e-18,-4.5124652622837887e-10,-4.896622153900702e-10,7
5.01,4.0,2.1956837934736595e-06,-2.771892796632815e-08,29.430000002242366,3.9999999998467763,0.2718314644608905,4,-3.2791054443009893e-06,6.403305390135151e-06,2.046920489837723e-08,19.6191857413825,3.999999999832554,0.40776411952667385,6,-3.092125718855143e-06,9.221630802637134e-06,1.945196373023515e-09,9.808970351949897,3.999999999876649,0.8155799959333143,5,-1.9856919060146083e-06,7.326097990537949e-16,-4.4564355924911104e-10,-4.838942550584884e-10,7
5.015,4.0,2.1955451985841637e-06,-2.7719012127701244e-08,29.430000002227754,3.999999999859333,0.2718314644618788,4,-3.2791054442940504e-06,6.403407736967114e-06,2.0469470415535935e-08,19.61918574141503,3.9999999998430464,0.4077641195270673,6,-3.092127930447164e-06,9.221640529783936e-06,1.945596597355302e-09,9.80897035203856,3.9999999998790234,0.8155799959264265,5,-1.9856920970492964e-06,2.5071902816146452e-15,-4.401102112470929e-10,-4.782727393611034e-10,7
5.0200000000000005,4.0,2.1954066032757432e-06,-2.771909355788194e-08,29.430000002192024,3.9999999998682236,0.271831464462813,4,-3.2791054442940504e-06,6.403510085139413e-06,2.0469741872838538e-08,19.61918574142846,3.9999999998521405,0.40776411952771524,6,-3.09213011458892e-06,9.2216502589826e-06,1.9459962687456383e-09,9.808970352106922,3.9999999998877325,0.8155799959225182,5,-1.9856922876190786e-06,6.224756750109795e-16,-4.3464507179499413e-10,-4.727287598634015e-10,7
5.025,4.0,2.195268007562089e-06,-2.771918052945007e-08,29.43000000219517,3.999999999853239,0.2718314644617656,4,-3.279105444290581e-06,6.403612434586948e-06,2.0469983790626563e-08,19.61918574147982,3.9999999998347375,0.4077641195248737,6,-3.0921322715857236e-06,9.221659989945135e-06,1.9463608824763613e-09,9.808970352207293,3.9999999998666103,0.815579995909866,5,-1.985692477848855e-06,-8.074915807062223e-16,-4.2924164653220975e-10,-4.672305481996667e-10,7
5.03,4.0,2.195129411431778e-06,-2.771925683312245e-08,29.430000002151623,3.999999999859398,0.2718314644625864,4,-3.2791054442871115e-06,6.403714785342185e-06,2.04702592805538e-08,19.619185741484873,3.9999999998423315,0.4077641195255428,6,-3.0921344017428853e-06,9.221669723094279e-06,1.9467988341195033e-09,9.80897035227007,3.999999999875703,0.8155799959065003,5,-1.985692667433314e-06,1.2335424277646655e-15,-4.239014826655469e-10,-4.617740631580895e-10,7
5.035,4.0,2.1949908149074155e-06,-2.771933640968607e-08,29.430000002129518,3.9999999998491744,0.2718314644620958,4,-3.2791054442871115e-06,6.403817137454437e-06,2.047052974283751e-08,19.6191857415105,3.999999999832749,0.40776411952403335,6,-3.0921365054351058e-06,9.221679458459648e-06,1.947253968081603e-09,9.808970352348126,3.999999999868601,0.8155799958985621,5,-1.9856928564210286e-06,9.134498003030442e-17,-4.186351957034779e-10,-4.5638027463115884e-10,7
5.04,4.0,2.1948522179931276e-06,-2.771941272952046e-08,29.43000000208989,3.999999999860912,0.27183146446325945,4,-3.2791054442871115e-06,6.403919490889918e-06,2.0470794811703738e-08,19.619185741519676,3.999999999845135,0.4077641195251053,6,-3.0921385829399406e-06,9.221689196106847e-06,1.947701575794845e-09,9.808970352410377,3.999999999880245,0.8155799958957604,5,-1.98569304467322e-06,7.894532179146031e-16,-4.134185579150701e-10,-4.510248713991708e-10,7
5.045,4.0,2.194713620688491e-06,-2.7719496389529995e-08,29.430000001995005,3.9999999998313625,0.27183146446212775,4,-3.279105444290581e-06,6.404021845662037e-06,2.0471067123598687e-08,19.61918574147995,3.999999999810344,0.40776411952238434,6,-3.0921406345904567e-06,9.221698935851112e-06,1.948129670563176e-09,9.808970352452771,3.9999999998516103,0.815579995886397,5,-1.985693232453567e-06,-6.848881191506474e-15,-4.083009324805337e-10,-4.458226061139506e-10,7
5.05,4.0,2.1945750230047043e-06,-2.7719566982549596e-08,29.43000000204938,3.9999999998660867,0.2718314644639853,4,-3.279105444314867e-06,6.404124201803434e-06,2.0471329997455888e-08,19.61918574157339,3.999999999850879,0.4077641195245744,6,-3.0921426607474767e-06,9.22170867771557e-06,1.948531573094752e-09,9.80897035256156,3.9999999998863647,0.8155799958844377,5,-1.9856934197898246e-06,-3.621240814316218e-15,-4.031993066920497e-10,-4.4063196530788745e-10,7
5.055,4.0,2.19443642494038e-06,-2.7719643647483646e-08,29.430000002020765,3.9999999998715436,0.2718314644646204,4,-3.279105444321806e-06,6.404226559206475e-06,2.047158142540011e-08,19.61918574159332,3.999999999855728,0.40776411952465447,6,-3.0921446615914117e-06,9.221718421492396e-06,1.948907524225536e-09,9.808970352634962,3.9999999998891065,0.8155799958788937,5,-1.9856936067305653e-06,-3.314279477469543e-16,-3.9816237581965676e-10,-4.3551693690705023e-10,7
5.0600000000000005,4.0,2.1942978264884905e-06,-2.7719724320521854e-08,29.430000002075126,3.999999999845044,0.2718314644623175,4,-3.279105444321806e-06,6.4043289178356476e-06,2.047181359023095e-08,19.619185741696022,3.9999999998260654,0.4077641195194961,6,-3.0921466374692064e-06,9.221728167290738e-06,1.9493747015488396e-09,9.808970352799077,3.9999999998415037,0.8155799958555422,5,-1.985693793074561e-06,-5.609263763991548e-17,-3.9319472641671407e-10,-4.303418019198382e-10,7
5.065,4.0,2.194159227672665e-06,-2.7719790797220467e-08,29.43000000197378,3.999999999868561,0.27183146446485174,4,-3.279105444321806e-06,6.404431277798265e-06,2.0472099130427174e-08,19.61918574164182,3.9999999998531823,0.4077641195233869,6,-3.0921485886584166e-06,9.221737915382356e-06,1.9497698929204196e-09,9.808970352784822,3.9999999998872764,0.8155799958660602,5,-1.985693978766301e-06,4.839198415377609e-16,-3.8828215295757693e-10,-4.2539623440876607e-10,7
5.07,4.0,2.1940206284849466e-06,-2.7719861856565113e-08,29.43000000194958,3.9999999998654485,0.2718314644648637,4,-3.279105444321806e-06,6.404533639125776e-06,2.04723742986771e-08,19.61918574166389,3.9999999998523172,0.4077641195228401,6,-3.0921505155476203e-06,9.22174766591756e-06,1.9502634899082e-09,9.808970352855757,3.9999999998898015,0.8155799958606771,5,-1.985694163778029e-06,1.0665648848610432e-15,-3.83437512713049e-10,-4.2040879639063243e-10,7
5.075,4.0,2.1938820289533846e-06,-2.7719936633127643e-08,29.430000001937206,3.999999999879817,0.27183146446595446,4,-3.279105444314867e-06,6.404636001694153e-06,2.0472604819396674e-08,19.619185741699063,3.999999999865438,0.4077641195234466,6,-3.092152418317229e-06,9.221757418278333e-06,1.9506157855835815e-09,9.808970352940657,3.9999999998968403,0.8155799958550533,5,-1.9856943483803624e-06,2.3313309545140216e-15,-3.7863835963810764e-10,-4.155158179237908e-10,7
5.08,4.0,2.1937434290409034e-06,-2.7720011014334437e-08,29.430000001912532,3.999999999852534,0.27183146446432827,4,-3.2791054443113976e-06,6.40473836546839e-06,2.0472856955861793e-08,19.61918574172345,3.9999999998379674,0.40776411952013936,6,-3.092154297307248e-06,9.221767172637863e-06,1.9510509271696448e-09,9.80897035302196,3.999999999871042,0.8155799958430329,5,-1.9856945324275843e-06,-4.87747349614176e-16,-3.739133659084976e-10,-4.106730694992969e-10,7
5.085,4.0,2.193604828782996e-06,-2.7720080656962954e-08,29.43000000190691,3.999999999861257,0.271831464464973,4,-3.2791054443113976e-06,6.4048407305320885e-06,2.0473108930768598e-08,19.619185741764582,3.999999999845787,0.4077641195200816,6,-3.0921561527813557e-06,9.221776929085339e-06,1.95146023895843e-09,9.808970353104211,3.9999999998758025,0.8155799958371648,5,-1.9856947159890836e-06,-6.085396146933929e-16,-3.692269528730824e-10,-4.0588514655229424e-10,7
5.09,4.0,2.1934662281738304e-06,-2.7720149043278358e-08,29.43000000187217,3.9999999998633475,0.271831464465436,4,-3.2791054443113976e-06,6.404943096855932e-06,2.04733650792084e-08,19.619185741776402,3.9999999998492575,0.4077641195201897,6,-3.0921579850171077e-06,9.221786687642536e-06,1.9518749970899386e-09,9.80897035316718,3.999999999883225,0.8155799958334425,5,-1.9856948989885326e-06,1.4911141694777032e-15,-3.6459952376651945e-10,-4.011568452462492e-10,7
5.095,4.0,2.1933276272175267e-06,-2.7720220681446526e-08,29.430000001850804,3.9999999998483293,0.2718314644646127,4,-3.279105444307928e-06,6.405045464427391e-06,2.0473614066148804e-08,19.619185741802575,3.9999999998324642,0.40776411951793384,6,-3.0921597943059376e-06,9.221796448263957e-06,1.9523052986921683e-09,9.808970353246977,3.999999999865933,0.815579995823282,5,-1.9856950814606256e-06,9.08469126154421e-16,-3.6003390832525404e-10,-3.9647303279724693e-10,7
5.1000000000000005,4.0,2.193189025924008e-06,-2.7720284383210143e-08,29.43000000181607,3.9999999998689866,0.2718314644663374,4,-3.279105444307928e-06,6.405147833274876e-06,2.047387054028913e-08,19.619185741814803,3.999999999856177,0.40776411952009695,6,-3.0921615809045844e-06,9.221806211028537e-06,1.9527033981113944e-09,9.808970353301465,3.9999999998931557,0.8155799958243021,5,-1.985695263377607e-06,7.148462306597936e-16,-3.555168869016872e-10,-3.9187378736829794e-10,7
5.105,4.0,2.1930504242897924e-06,-2.772035448928182e-08,29.430000001803794,3.9999999998574096,0.271831464465664,4,-3.2791054443044587e-06,6.405250203343691e-06,2.047411104423189e-08,19.61918574184921,3.9999999998434017,0.4077641195180795,6,-3.092163345083665e-06,9.22181597581179e-06,1.9531245226269385e-09,9.808970353387739,3.9999999998777076,0.8155799958139789,5,-1.985695444801927e-06,1.3720982612378861e-15,-3.510543747640943e-10,-3.872857916072129e-10,7
5.11,4.0,2.192911822320528e-06,-2.7720419526563763e-08,29.430000001777906,3.9999999998602176,0.2718314644660939,4,-3.2791054443009893e-06,6.4053525746580665e-06,2.0474363894747854e-08,19.619185741870993,3.999999999847103,0.4077641195180041,6,-3.092165087127674e-06,9.221825742692082e-06,1.9535393975145523e-09,9.808970353456568,3.9999999998829465,0.8155799958093243,5,-1.9856956256711356e-06,6.953063054263908e-16,-3.4664674317105457e-10,-3.8278417475015737e-10,7
5.115,4.0,2.1927732200269948e-06,-2.7720488065611545e-08,29.430000001765837,3.9999999998567066,0.2718314644659668,4,-3.27910544429752e-06,6.405454947230429e-06,2.0474605068790758e-08,19.619185741905234,3.9999999998423386,0.40776411951680674,6,-3.092166807258656e-06,9.221835511414273e-06,1.9539096393740104e-09,9.808970353540353,3.99999999987543,0.8155799958008252,5,-1.9856958063113606e-06,-6.955810998240055e-16,-3.4229207898625213e-10,-3.783706527578382e-10,7
5.12,4.0,2.1926346173978345e-06,-2.772055104881168e-08,29.430000001742595,3.999999999856041,0.27183146446613626,4,-3.27910544429752e-06,6.405557320988544e-06,2.0474849782908997e-08,19.6191857419279,3.999999999843082,0.40776411951641145,6,-3.092168505747228e-06,9.221845282280762e-06,1.9543439268033477e-09,9.808970353607485,3.9999999998793943,0.8155799957960517,5,-1.9856959862923906e-06,1.308149415019477e-15,-3.3797561357892414e-10,-3.7391654811716614e-10,7
5.125,4.0,2.1924960144555736e-06,-2.7720618991239375e-08,29.430000001718057,3.999999999845048,0.27183146446561585,4,-3.279105444290581e-06,6.405659695926889e-06,2.047507857315024e-08,19.619185741951384,3.9999999998307114,0.4077641195146623,6,-3.092170182850129e-06,9.221855055000859e-06,1.954711995900072e-09,9.808970353680388,3.999999999867491,0.815579995787563,5,-1.985696165794637e-06,-6.565012493572003e-16,-3.3372296201469476e-10,-3.6957400934414945e-10,7
5.13,4.0,2.1923574111844937e-06,-2.772067612550619e-08,29.430000001645467,3.9999999998549054,0.2718314644669562,4,-3.279105444290581e-06,6.405762072100937e-06,2.0475346455872223e-08,19.619185741923175,3.9999999998457,0.40776411951677655,6,-3.0921718388102204e-06,9.221864829849987e-06,1.9551144493785757e-09,9.80897035368825,3.99999999990047,0.8155799957936336,5,-1.9856963447834053e-06,6.633318823171859e-16,-3.2950487124913276e-10,-3.653183397496499e-10,7
5.135,4.0,2.1922188076017937e-06,-2.7720741049305444e-08,29.430000001684444,3.9999999998505564,0.27183146446630063,4,-3.279105444290581e-06,6.405864449511185e-06,2.047557805480418e-08,19.619185742009705,3.9999999998394973,0.4077641195143458,6,-3.09217347389118e-06,9.221874606792361e-06,1.9555705947077463e-09,9.808970353832422,3.9999999998765148,0.815579995776762,5,-1.9856965233072676e-06,3.2049501231293746e-16,-3.2535678493025466e-10,-3.609973925940161e-10,7
5.14,4.0,2.19208020370937e-06,-2.772080361161671e-08,29.430000001661547,3.9999999998498605,0.27183146446646483,4,-3.279105444290581e-06,6.4059668281372665e-06,2.047582335453663e-08,19.61918574203539,3.9999999998369002,0.4077641195135472,6,-3.092175088321991e-06,9.221884385931179e-06,1.9560065730318663e-09,9.808970353906924,3.9999999998721236,0.815579995769672,5,-1.985696701164996e-06,-8.629070390971997e-17,-3.212493167868663e-10,-3.567672226019461e-10,7
5.1450000000000005,4.0,2.191941599530306e-06,-2.772086145176682e-08,29.43000000156326,3.9999999998915614,0.27183146447020656,4,-3.2791054442871115e-06,6.406069207947385e-06,2.0476055228242327e-08,19.61918574197931,3.999999999880776,0.40776411951918545,6,-3.0921766823385766e-06,9.221894166751137e-06,1.9562504731639364e-09,9.808970353888046,3.9999999999288707,0.815579995782812,5,-1.9856968787798635e-06,2.416596082805233e-15,-3.171770222852549e-10,-3.5273999604970713e-10,7
5.15,4.0,2.191802995012503e-06,-2.7720929070172737e-08,29.43000000162951,3.9999999998394022,0.27183146446605005,4,-3.2791054442871115e-06,6.406171588839014e-06,2.0476272585623417e-08,19.619185742094356,3.999999999827781,0.4077641195113921,6,-3.0921782561768585e-06,9.221903949254044e-06,1.9566851697997784e-09,9.808970354055727,3.9999999998663895,0.8155799957561304,5,-1.985697056103297e-06,2.654279502915297e-16,-3.131667173082681e-10,-3.485646870622652e-10,7
5.155,4.0,2.191664390199323e-06,-2.772098278261328e-08,29.430000001617074,3.999999999856848,0.27183146446735046,4,-3.279105444314867e-06,6.406273971042363e-06,2.0476539278484267e-08,19.619185742128558,3.999999999845861,0.40776411951252434,6,-3.092179810169904e-06,9.221913734173438e-06,1.957153883636072e-09,9.808970354128775,3.9999999998818163,0.8155799957532023,5,-1.985697232767536e-06,-4.044013742093478e-15,-3.0921425228632894e-10,-3.444938758186147e-10,7
5.16,4.0,2.1915257850975883e-06,-2.7721039608433073e-08,29.43000000157344,3.9999999998643894,0.271831464468266,4,-3.2791054443252754e-06,6.406376354483184e-06,2.047679154777579e-08,19.619185742130874,3.999999999854076,0.4077641195133136,6,-3.092181344435674e-06,9.221923521478621e-06,1.9576282741304126e-09,9.80897035418208,3.9999999998918403,0.815579995750814,5,-1.985697408682374e-06,-4.913000632929768e-16,-3.052861730910811e-10,-3.4043099600825217e-10,7
5.165,4.0,2.191387179719667e-06,-2.7721102377131576e-08,29.430000001567535,3.9999999998789693,0.27183146446931133,4,-3.2791054443252754e-06,6.406478739071178e-06,2.0476999421994542e-08,19.61918574217092,3.9999999998651,0.4077641195136051,6,-3.092182859189274e-06,9.221933310572388e-06,1.9579605427503822e-09,9.808970354268327,3.999999999892995,0.8155799957438782,5,-1.9856975842155733e-06,6.2069931817158e-16,-3.0140470727565595e-10,-3.3647091574454255e-10,7
5.17,4.0,2.1912485740301223e-06,-2.7721161696338813e-08,29.43000000152909,3.999999999855752,0.27183146446808865,4,-3.279105444321806e-06,6.4065811247400725e-06,2.0477228710310393e-08,19.619185742178594,3.9999999998447806,0.4077641195113742,6,-3.092184354687444e-06,9.221943101486739e-06,1.9583429930852906e-09,9.808970354324906,3.9999999998835714,0.8155799957372525,5,-1.985697759311622e-06,5.14117907807565e-16,-2.975756368815658e-10,-3.325543615524687e-10,7
5.175,4.0,2.1911099680562623e-06,-2.7721216868251066e-08,29.43000000153732,3.9999999998661697,0.27183146446872064,4,-3.279105444321806e-06,6.406683511584083e-06,2.0477459941639092e-08,19.619185742232883,3.999999999854972,0.4077641195112848,6,-3.092185831186922e-06,9.221952894404896e-06,1.9587420074352296e-09,9.808970354416783,3.9999999998873914,0.8155799957303922,5,-1.9856979339150094e-06,-4.0781129184116504e-16,-2.9378800711618193e-10,-3.286654581309569e-10,7
5.18,4.0,2.19097136179974e-06,-2.7721274851109014e-08,29.43000000151654,3.9999999998600817,0.2718314644684988,4,-3.2791054443183365e-06,6.4067858995920184e-06,2.0477693557647222e-08,19.619185742259216,3.999999999846032,0.40776411950982616,6,-3.092187288881998e-06,9.221962689331012e-06,1.959149278676469e-09,9.808970354491443,3.9999999998760742,0.8155799957218769,5,-1.9856981080118574e-06,4.057601406041495e-16,-2.90042851819185e-10,-3.2482921303159234e-10,7
5.1850000000000005,4.0,2.190832755265001e-06,-2.7721330928620157e-08,29.430000001499387,3.999999999858411,0.2718314644685437,4,-3.2791054443183365e-06,6.406888288746319e-06,2.0477920691151112e-08,19.61918574228692,3.999999999845422,0.40776411950918817,6,-3.092188727973899e-06,9.22197248622653e-06,1.959541105757206e-09,9.808970354564133,3.9999999998766427,0.8155799957159489,5,-1.9856982816576774e-06,4.057601406041496e-16,-2.8634569013127504e-10,-3.210319820574916e-10,7
5.19,4.0,2.1906941484515067e-06,-2.772138444634329e-08,29.430000001491106,3.999999999865821,0.27183146446912376,4,-3.2791054443183365e-06,6.406990679066089e-06,2.0478155080069048e-08,19.619185742324273,3.999999999853145,0.4077641195091991,6,-3.092190148719365e-06,9.221982285173613e-06,1.959949942844611e-09,9.808970354642426,3.9999999998810623,0.8155799957103402,5,-1.985698454790019e-06,-2.7103181520734583e-16,-2.826884591687579e-10,-3.1727591460043016e-10,7
5.195,4.0,2.190555541354954e-06,-2.772143775295683e-08,29.43000000144101,3.9999999998354565,0.271831464467523,4,-3.279105444314867e-06,6.4070930705566765e-06,2.0478402824007563e-08,19.61918574231809,3.9999999998297016,0.40776411950693775,6,-3.092191551319623e-06,9.221992086331825e-06,1.9604235800042562e-09,9.80897035467987,3.9999999998792077,0.8155799957068488,5,-1.9856986273047994e-06,2.281592963010814e-15,-2.79074903491851e-10,-3.135302548180908e-10,7
5.2,4.0,2.1904169340148024e-06,-2.772149078582893e-08,29.430000001440053,3.999999999885091,0.2718314644709049,4,-3.2791054443113976e-06,6.407195463238597e-06,2.047862004590106e-08,19.61918574236344,3.999999999873001,0.4077641195104092,6,-3.0921929359759015e-06,9.222001889477157e-06,1.960763019233075e-09,9.808970354770272,3.9999999999010774,0.8155799957037912,5,-1.9856987993824293e-06,3.3825858070694e-16,-2.7550589884447635e-10,-3.098956919452013e-10,7
5.205,4.0,2.1902783263897795e-06,-2.77215460736751e-08,29.43000000141774,3.999999999860634,0.27183146446944895,4,-3.2791054443113976e-06,6.407297856981835e-06,2.047884045283721e-08,19.619185742385866,3.9999999998518025,0.4077641195077821,6,-3.092194302896367e-06,9.222011694398284e-06,1.961137732322053e-09,9.808970354832212,3.999999999891412,0.8155799956966705,5,-1.9856989710645423e-06,-5.4459076847498455e-16,-2.7197480342841137e-10,-3.062795694326616e-10,7
5.21,4.0,2.1901397185001995e-06,-2.7721598506419647e-08,29.4300000014195,3.9999999998672955,0.2718314644698854,4,-3.2791054443113976e-06,6.4074002518409225e-06,2.0479058975897972e-08,19.619185742433267,3.9999999998569598,0.40776411950732266,6,-3.092195652282248e-06,9.22202150125708e-06,1.9615295828105055e-09,9.808970354922549,3.9999999998888285,0.8155799956886326,5,-1.9856991422678716e-06,7.592551516447993e-16,-2.6848051590241554e-10,-3.0267743750658895e-10,7
5.215,4.0,2.190001110348045e-06,-2.772165168715532e-08,29.430000001381007,3.9999999998560622,0.27183146446947754,4,-3.279105444307928e-06,6.4075026478116575e-06,2.0479286261541145e-08,19.619185742439647,3.9999999998453495,0.4077641195060065,6,-3.092196984320894e-06,9.222031310062147e-06,1.961923012366877e-09,9.808970354976331,3.9999999998832125,0.8155799956830156,5,-1.985699313006295e-06,1.5124304515505054e-15,-2.650344937681031e-10,-2.9914249627796666e-10,7
5.22,4.0,2.1898625019417107e-06,-2.77217009704873e-08,29.430000001374346,3.9999999998713376,0.2718314644705771,4,-3.279105444307928e-06,6.407605044919006e-06,2.0479510373019706e-08,19.619185742478404,3.999999999860824,0.4077641195067785,6,-3.0921982992551666e-06,9.222041120858994e-06,1.962309929537226e-09,9.808970355055358,3.999999999892829,0.8155799956784057,5,-1.985699483245118e-06,7.787950768782019e-16,-2.61623419678249e-10,-2.956433806140814e-10,7
5.2250000000000005,4.0,2.1897238932810266e-06,-2.7721754211037815e-08,29.430000001373912,3.9999999998623244,0.2718314644699686,4,-3.2791054443044587e-06,6.407707443139189e-06,2.047972628343522e-08,19.619185742522955,3.999999999852045,0.40776411950495756,6,-3.0921995972446603e-06,9.222050933364337e-06,1.9626665043195028e-09,9.80897035513922,3.9999999998845706,0.815579995669749,5,-1.9856996533174076e-06,5.087888372893637e-16,-2.5825052837865775e-10,-2.922090220387765e-10,7
5.23,4.0,2.189585284360672e-06,-2.772180420087382e-08,29.43000000134399,3.9999999998546656,0.2718314644697245,4,-3.2791054443009893e-06,6.40780984243442e-06,2.04799510688174e-08,19.619185742538658,3.9999999998442783,0.40776411950383945,6,-3.092200878483664e-06,9.222060747952598e-06,1.963081185240968e-09,9.808970355202112,3.9999999998799805,0.8155799956635839,5,-1.9856998227096856e-06,7.752423631994012e-16,-2.5492166763604476e-10,-2.8876152019921683e-10,7
5.235,4.0,2.1894466751947678e-06,-2.7721852061559378e-08,29.43000000133684,3.999999999860611,0.2718314644701946,4,-3.2791054443009893e-06,6.407912242868776e-06,2.048017770448668e-08,19.619185742575823,3.999999999851334,0.40776411950378627,6,-3.0922021432081004e-06,9.222070564612622e-06,1.963492218459521e-09,9.808970355272795,3.9999999998873896,0.8155799956592176,5,-1.9856999915746076e-06,3.187186554735368e-16,-2.5162724157076356e-10,-2.853648328234051e-10,7
5.24,4.0,2.189308065788742e-06,-2.7721902511457678e-08,29.43000000131635,3.9999999998695355,0.2718314644709903,4,-3.2791054443009893e-06,6.408014644397361e-06,2.0480390498852303e-08,19.619185742599278,3.9999999998570575,0.40776411950388225,6,-3.092203391556747e-06,9.22208038318992e-06,1.9638651253909593e-09,9.80897035534636,3.9999999998863682,0.8155799956528925,5,-1.9857001599815627e-06,1.633222716629722e-15,-2.4837034282007156e-10,-2.8201446395218067e-10,7
5.245,4.0,2.189169456138621e-06,-2.7721949413263314e-08,29.430000001288597,3.999999999890668,0.2718314644726828,4,-3.279105444290581e-06,6.408117047011288e-06,2.0480610348616802e-08,19.619185742619024,3.9999999998773683,0.40776411950554237,6,-3.092204623737771e-06,9.222090203562289e-06,1.9641977192627175e-09,9.80897035541752,3.9999999998983546,0.8155799956494199,5,-1.9857003280693286e-06,5.194469783257649e-16,-2.451538828328285e-10,-2.7877133907242136e-10,7
5.25,4.0,2.189030846234415e-06,-2.772200041947131e-08,29.43000000129721,3.999999999851022,0.27183146446990897,4,-3.279105444290581e-06,6.408219450689256e-06,2.04808228940767e-08,19.61918574266952,3.999999999841289,0.4077641195008149,6,-3.092205839959339e-06,9.22210002581718e-06,1.9646231398248996e-09,9.808970355495461,3.9999999998763234,0.8155799956384473,5,-1.9857004957130053e-06,-1.0792741771344605e-15,-2.4197372092124177e-10,-2.7544985553976243e-10,7
5.255,4.0,2.188892236100943e-06,-2.7722044421805082e-08,29.430000001264453,3.9999999998688693,0.2718314644714244,4,-3.279105444290581e-06,6.408321855470304e-06,2.0481042815800818e-08,19.619185742680916,3.9999999998602958,0.4077641195025156,6,-3.0922070403671675e-06,9.222109850156165e-06,1.9650182951776063e-09,9.8089703555506,3.9999999998943108,0.8155799956375303,5,-1.985700662766876e-06,5.425396172379681e-16,-2.3882640029490186e-10,-2.721994120698248e-10,7
5.26,4.0,2.1887536257309174e-06,-2.772209118945908e-08,29.430000001275765,3.999999999871497,0.27183146447149853,4,-3.2791054443183365e-06,6.408424261399787e-06,2.0481269268225628e-08,19.619185742737336,3.9999999998607905,0.4077641195013934,6,-3.092208225231874e-06,9.222119676574105e-06,1.9654411577521445e-09,9.808970355645581,3.9999999998881117,0.8155799956283689,5,-1.9857008293350242e-06,-4.5804735075923526e-15,-2.3573099547355026e-10,-2.689975004450964e-10,7
5.265,4.0,2.1886150151393886e-06,-2.7722139797995487e-08,29.43000000125551,3.999999999874144,0.27183146447186546,4,-3.279105444328745e-06,6.408526668387181e-06,2.0481473392813215e-08,19.619185742760468,3.9999999998640554,0.40776411950124547,6,-3.09220939460203e-06,9.222129504631034e-06,1.9657505715733426e-09,9.8089703557042,3.999999999894741,0.8155799956248466,5,-1.985700995722761e-06,-1.6015230879181326e-15,-2.326479683066556e-10,-2.6588610663583333e-10,7
5.2700000000000005,4.0,2.1884764042994916e-06,-2.7722185515160447e-08,29.430000001240828,3.9999999998558717,0.27183146447075934,4,-3.2791054443322143e-06,6.408629076367936e-06,2.0481682063873413e-08,19.61918574278959,3.9999999998480216,0.4077641194990057,6,-3.092210548692742e-06,9.222139334633687e-06,1.9661660607493213e-09,9.808970355774528,3.999999999884169,0.8155799956168436,5,-1.9857011614859976e-06,5.833958245441755e-16,-2.2960261589196775e-10,-2.627074741674853e-10,7
5.275,4.0,2.1883377932429016e-06,-2.7722230173619985e-08,29.430000001204487,3.9999999998666573,0.271831464471828,4,-3.279105444328745e-06,6.408731485422288e-06,2.0481895775172535e-08,19.619185742797896,3.999999999857784,0.40776411949982827,6,-3.092211687670543e-06,9.222149166525532e-06,1.966524875437206e-09,9.808970355829576,3.999999999892582,0.8155799956139819,5,-1.9857013268259616e-06,6.295811023685821e-16,-2.2660101514623434e-10,-2.596367909042676e-10,7
5.28,4.0,2.1881991819699624e-06,-2.7722272560078026e-08,29.43000000122234,3.9999999999224665,0.27183146447545575,4,-3.279105444328745e-06,6.4088338955297126e-06,2.048209300389551e-08,19.619185742861834,3.9999999999050404,0.40776411950331676,6,-3.0922128117574776e-06,9.22215900012932e-06,1.966826092806773e-09,9.808970355934466,3.9999999999105014,0.8155799956089144,5,-1.985701491867553e-06,-8.217024354214225e-16,-2.2362674720318877e-10,-2.5661245634370355e-10,7
5.285,4.0,2.188060570450051e-06,-2.772232079547993e-08,29.430000001188347,3.9999999998521063,0.2718314644709882,4,-3.279105444328745e-06,6.408936306606181e-06,2.048230499261262e-08,19.619185742869437,3.9999999998438156,0.4077641194969174,6,-3.0922139210645683e-06,9.222168835510298e-06,1.9672424412359824e-09,9.808970355976982,3.99999999988124,0.8155799955994131,5,-1.9857016564511776e-06,-7.74089197127175e-17,-2.206895340638131e-10,-2.5356904371068435e-10,7
5.29,4.0,2.1879219587211436e-06,-2.772236275358172e-08,29.430000001168462,3.999999999857286,0.27183146447152384,4,-3.2791054443252754e-06,6.409038718786646e-06,2.0482523445619635e-08,19.619185742894416,3.9999999998482494,0.4077641194968502,6,-3.092215015793043e-06,9.222178672971411e-06,1.9676538787002137e-09,9.808970356045057,3.9999999998833897,0.8155799955941911,5,-1.985701820514385e-06,1.5603920862143136e-15,-2.177843397564676e-10,-2.505584457175593e-10,7
5.295,4.0,2.1877833467807835e-06,-2.7722405414319977e-08,29.430000001156692,3.999999999864161,0.27183146447209977,4,-3.2791054443252754e-06,6.409141132045577e-06,2.048273541537011e-08,19.619185742925772,3.999999999855948,0.4077641194969833,6,-3.0922160961163736e-06,9.222188512396056e-06,1.9680395839447742e-09,9.808970356114084,3.999999999890174,0.8155799955898351,5,-1.9857019841265644e-06,1.9970274723372165e-16,-2.149214067546883e-10,-2.476062863117369e-10,7
5.3,4.0,2.187644734626266e-06,-2.7722447423489473e-08,29.430000001145608,3.999999999871439,0.27183146447269674,4,-3.2791054443252754e-06,6.409243546350814e-06,2.0482942602867233e-08,19.619185742957423,3.999999999862899,0.40776411949703406,6,-3.092217162201094e-06,9.222198353750551e-06,1.9684183007682853e-09,9.80897035618327,3.99999999989553,0.8155799955851746,5,-1.985702147266899e-06,1.485785098959503e-15,-2.1208429309956967e-10,-2.446725921352601e-10,7
5.305,4.0,2.18750612226846e-06,-2.7722481350870127e-08,29.43000000109172,3.999999999917815,0.2718314644763461,4,-3.279105444314867e-06,6.409345961671259e-06,2.0483146176401387e-08,19.61918574294818,3.9999999999188485,0.40776411950292973,6,-3.0922182141721044e-06,9.22220819682611e-06,1.9686978197643084e-09,9.808970356207798,3.999999999962058,0.8155799955966999,5,-1.98570231005335e-06,1.782436691139345e-15,-2.0926737662171503e-10,-2.4183626718257816e-10,7
5.3100000000000005,4.0,2.1873675096819913e-06,-2.7722535504246883e-08,29.430000001119637,3.99999999985705,0.2718314644719588,4,-3.279105444314867e-06,6.4094483779114825e-06,2.0483330237226173e-08,19.619185743018804,3.9999999998490203,0.40776411949434355,6,-3.0922192522167546e-06,9.222218041429451e-06,1.9690760818227528e-09,9.808970356322561,3.999999999885688,0.8155799955715863,5,-1.9857024725414285e-06,-4.1846943287756523e-16,-2.0649996543261762e-10,-2.3896061013675823e-10,7
5.315,4.0,2.187228896888362e-06,-2.772257435391256e-08,29.430000001113108,3.999999999858979,0.2718314644721502,4,-3.279105444314867e-06,6.409550795202569e-06,2.0483542365209193e-08,19.619185743054633,3.9999999998515907,0.4077641194938609,6,-3.0922202764807616e-06,9.222227887986467e-06,1.969471915818242e-09,9.808970356396674,3.999999999887274,0.8155799955657475,5,-1.98570263457154e-06,-4.8987210282313035e-17,-2.0375683348880114e-10,-2.3612071470682903e-10,7
5.32,4.0,2.187090283899274e-06,-2.7722613897174143e-08,29.430000001090953,3.9999999998722173,0.27183146447325446,4,-3.2791054443113976e-06,6.4096532135318505e-06,2.048374774417242e-08,19.61918574307905,3.999999999863179,0.4077641194945347,6,-3.09222128712372e-06,9.222237736485797e-06,1.9698437367025152e-09,9.808970356463252,3.9999999998943236,0.8155799955616492,5,-1.98570279610899e-06,1.0022676422730788e-16,-2.010445195597914e-10,-2.333200803157644e-10,7
5.325,4.0,2.1869516706970855e-06,-2.7722651411050118e-08,29.43000000107253,3.9999999998678977,0.2718314644731311,4,-3.279105444314867e-06,6.409755632934073e-06,2.0483974978978398e-08,19.61918574310187,3.999999999860762,0.4077641194938141,6,-3.0922222843329794e-06,9.222247587170703e-06,1.9702948316173453e-09,9.808970356525766,3.9999999998951576,0.8155799955566214,5,-1.9857029570566342e-06,8.374148525784117e-16,-1.9837546347253477e-10,-2.305355237304531e-10,7
5.33,4.0,2.1868130573202223e-06,-2.772269251853517e-08,29.43000000105865,3.9999999998939004,0.2718314644750264,4,-3.279105444314867e-06,6.409858053364764e-06,2.0484159667052757e-08,19.619185743130956,3.9999999998846403,0.40776411949564373,6,-3.0922232682265016e-06,9.222257439569893e-06,1.9705971889812682e-09,9.808970356591338,3.999999999912281,0.8155799955546607,5,-1.9857031176781503e-06,5.265524056833678e-16,-1.9571882234322867e-10,-2.2782644987631844e-10,7
5.335,4.0,2.186674443724952e-06,-2.7722735627253204e-08,29.430000001058005,3.9999999998703766,0.2718314644734337,4,-3.2791054443113976e-06,6.409960474712159e-06,2.0484347694988966e-08,19.61918574317464,3.999999999862025,0.40776411949243035,6,-3.0922242389291865e-06,9.222267293635658e-06,1.9709591998165836e-09,9.808970356670345,3.99999999989324,0.8155799955442092,5,-1.9857032779041495e-06,1.0363668185912397e-15,-1.930962304218202e-10,-2.2510652070553822e-10,7
5.34,4.0,2.1865358299350287e-06,-2.7722774483373993e-08,29.430000001052537,3.9999999998691407,0.27183146447340023,4,-3.2791054443113976e-06,6.41006289706745e-06,2.0484549653328724e-08,19.619185743211524,3.9999999998589315,0.4077641194913484,6,-3.092225196642262e-06,9.222277149509537e-06,1.9713233367388485e-09,9.808970356748745,3.9999999998867644,0.8155799955363702,5,-1.9857034377554483e-06,-4.913000632929757e-16,-1.9051278940515213e-10,-2.2244240111393825e-10,7
5.345,4.0,2.1863972159536063e-06,-2.772281124817613e-08,29.43000000103765,3.9999999998760414,0.2718314644740067,4,-3.2791054443113976e-06,6.4101653204279656e-06,2.0484750129487942e-08,19.619185743237914,3.9999999998674696,0.4077641194916703,6,-3.0922261414906282e-06,9.222287007249764e-06,1.9716901148119277e-09,9.808970356810171,3.9999999998966436,0.8155799955332771,5,-1.985703597162658e-06,7.432679400901984e-16,-1.879477265763445e-10,-2.197914780772982e-10,7
5.3500000000000005,4.0,2.186258601778477e-06,-2.7722846692418647e-08,29.430000001025032,3.99999999988244,0.2718314644745581,4,-3.2791054443044587e-06,6.410267744833001e-06,2.048496409352449e-08,19.61918574326944,3.9999999998738742,0.40776411949166796,6,-3.0922270736338797e-06,9.222296867152491e-06,1.972111763821442e-09,9.8089703568775,3.999999999901812,0.8155799955287327,5,-1.985703755945367e-06,1.1482772994734555e-15,-1.854161551793869e-10,-2.1715458648333256e-10,7
5.355,4.0,2.1861199874275033e-06,-2.7722884660793953e-08,29.430000000999605,3.9999999998885745,0.2718314644752098,4,-3.2791054443044587e-06,6.410370170211968e-06,2.0485152670133527e-08,19.61918574328508,3.99999999988275,0.40776411949224767,6,-3.0922279931969165e-06,9.222306728666574e-06,1.9724211618430183e-09,9.808970356923513,3.999999999917767,0.8155799955281601,5,-1.9857039144505206e-06,6.118175339745798e-16,-1.8290842782028458e-10,-2.1460088700922654e-10,7
5.36,4.0,2.1859813728768177e-06,-2.7722925035331047e-08,29.43000000100679,3.9999999998672333,0.27183146447369316,4,-3.2791054443044587e-06,6.4104725965198605e-06,2.048533755441644e-08,19.61918574333577,3.9999999998612488,0.4077641194890023,6,-3.0922289003254555e-06,9.222316591850779e-06,1.97278498280806e-09,9.808970357014477,3.999999999895201,0.8155799955159957,5,-1.9857040726087294e-06,-9.517248810671988e-17,-1.8043803415287594e-10,-2.1202498485098487e-10,7
5.365,4.0,2.1858427581382504e-06,-2.7722966179723992e-08,29.43000000091512,3.9999999998392473,0.271831464472638,4,-3.2791054443113976e-06,6.410575023809087e-06,2.0485544955390113e-08,19.619185743294278,3.9999999998271845,0.40776411948639213,6,-3.0922297951721522e-06,9.222326456892758e-06,1.973169050902052e-09,9.808970357041034,3.9999999998670797,0.8155799955080538,5,-1.9857042303020322e-06,-6.545124171969029e-15,-1.7801399451719143e-10,-2.095284414345434e-10,7
5.37,4.0,2.1857041432267558e-06,-2.7722995226769372e-08,29.43000000097964,3.9999999998776,0.27183146447464845,4,-3.2791054443356837e-06,6.410677452141256e-06,2.048574379916889e-08,19.619185743392627,3.9999999998716396,0.40776411948887986,6,-3.092230677910479e-06,9.222336323841727e-06,1.9735290974490176e-09,9.808970357144512,3.9999999999044045,0.8155799955070604,5,-1.985704387620635e-06,-2.948001572183522e-15,-1.755808865798418e-10,-2.0701385200897048e-10,7
5.375,4.0,2.1855655281281055e-06,-2.772304297481193e-08,29.43000000103279,3.999999999836966,0.2718314644713961,4,-3.2791054443426226e-06,6.410779881400387e-06,2.0485920697063398e-08,19.619185743489652,3.9999999998179376,0.40776411948138885,6,-3.092231548602886e-06,9.222346192569599e-06,1.973946789724203e-09,9.808970357287443,3.9999999998285007,0.8155799954796997,5,-1.9857045444951482e-06,-2.0189669451771907e-15,-1.731866790809182e-10,-2.0447440602214382e-10,7
5.38,4.0,2.185426912861238e-06,-2.7723065745943003e-08,29.43000000094631,3.9999999998893654,0.2718314644757558,4,-3.279105444339153e-06,6.410882311672562e-06,2.048613024449594e-08,19.619185743443143,3.999999999882001,0.4077641194888862,6,-3.0922324073812124e-06,9.222356063328135e-06,1.9742760446404895e-09,9.80897035727336,3.999999999911158,0.8155799954977242,5,-1.985704700807611e-06,2.1643534116103995e-15,-1.708105371310513e-10,-2.0205148371491134e-10,7
5.385,4.0,2.1852882974188505e-06,-2.7723104571855378e-08,29.43000000095386,3.99999999988828,0.27183146447561235,4,-3.279105444339153e-06,6.410984742854705e-06,2.0486304994300514e-08,19.61918574349437,3.999999999878946,0.40776411948751007,6,-3.09223325441893e-06,9.222365935592452e-06,1.97458263610598e-09,9.80897035735989,3.99999999990135,0.8155799954885297,5,-1.985704856870274e-06,-4.291275739139663e-16,-1.684747415740777e-10,-1.996599354221763e-10,7
5.39,4.0,2.18514968178985e-06,-2.772313871603585e-08,29.43000000094317,3.9999999998757927,0.27183146447486245,4,-3.279105444339153e-06,6.411087174955214e-06,2.0486495964239687e-08,19.619185743524383,3.999999999869228,0.40776411948589564,6,-3.0922340898270617e-06,9.22237580961008e-06,1.9749447134899576e-09,9.808970357422194,3.999999999899062,0.8155799954828828,5,-1.985705012530481e-06,2.672043071309319e-16,-1.6615747164258217e-10,-1.9725312822419077e-10,7
5.3950000000000005,4.0,2.1850110659948225e-06,-2.772317323949266e-08,29.430000000934708,3.9999999998761564,0.2718314644749653,4,-3.2791054443356837e-06,6.411189607995373e-06,2.0486679646209718e-08,19.619185743556848,3.999999999869069,0.40776411948520463,6,-3.092234913744385e-06,9.222385685327372e-06,1.9752843910594613e-09,9.808970357491328,3.999999999898182,0.8155799954769551,5,-1.9857051678090487e-06,2.3473181660686253e-15,-1.6386695719780173e-10,-1.948842604555812e-10,7
5.4,4.0,2.1848724500249145e-06,-2.7723206634614275e-08,29.43000000091736,3.9999999998712705,0.27183146447479356,4,-3.2791054443356837e-06,6.411292041987506e-06,2.0486876648888843e-08,19.6191857435821,3.99999999986502,0.40776411948426705,6,-3.092235726302739e-06,9.222395562859485e-06,1.9756497639169753e-09,9.808970357551162,3.9999999998975015,0.8155799954718413,5,-1.985705322671283e-06,2.5299345241573e-16,-1.6161258095656204e-10,-1.9255552058797368e-10,7
5.405,4.0,2.1847338338912593e-06,-2.7723240937123335e-08,29.43000000091552,3.9999999998727356,0.2718314644749101,4,-3.2791054443356837e-06,6.411394476922387e-06,2.0487059632557795e-08,19.61918574362144,3.9999999998655538,0.40776411948350383,6,-3.0922365276339625e-06,9.22240544214653e-06,1.9760058736328487e-09,9.80897035762649,3.9999999998940905,0.8155799954648826,5,-1.985705477138e-06,6.114691376050286e-17,-1.5937463423972996e-10,-1.9022657111025913e-10,7
5.41,4.0,2.1845952175928288e-06,-2.7723273181574814e-08,29.43000000090161,3.99999999988493,0.27183146447586726,4,-3.2791054443322143e-06,6.4114969127942545e-06,2.0487246640897016e-08,19.619185743650085,3.9999999998769145,0.4077641194840666,6,-3.092237317849078e-06,9.222415323181067e-06,1.9763399098566037e-09,9.808970357691248,3.9999999999024287,0.8155799954611984,5,-1.985705631216139e-06,1.352558336004485e-15,-1.5715740872542947e-10,-1.8794941842162465e-10,7
5.415,4.0,2.184456601127188e-06,-2.7723308599695977e-08,29.430000000896655,3.9999999998665006,0.2718314644746606,4,-3.2791054443252754e-06,6.4115993495891985e-06,2.0487429695725504e-08,19.619185743685943,3.999999999859212,0.4077641194815167,6,-3.0922380970799246e-06,9.222425205776722e-06,1.976666744278332e-09,9.808970357764766,3.999999999888187,0.8155799954521818,5,-1.985705785120806e-06,-1.2107245832500766e-15,-1.5497896463364678e-10,-1.857155715363779e-10,7
5.42,4.0,2.184317984495473e-06,-2.7723338481102122e-08,29.43000000088813,3.9999999998755156,0.271831464475352,4,-3.2791054443252754e-06,6.411701787310698e-06,2.048762013120815e-08,19.619185743718567,3.999999999868082,0.40776411948174285,6,-3.092238865451402e-06,9.22243509024677e-06,1.9770372573920553e-09,9.808970357829617,3.999999999895752,0.8155799954483322,5,-1.985705938498117e-06,-6.138686852115925e-16,-1.528111165104111e-10,-1.834501943172318e-10,7
5.425,4.0,2.184179367705028e-06,-2.7723370728045877e-08,29.43000000086596,3.999999999870736,0.271831464475232,4,-3.2791054443252754e-06,6.411804225957824e-06,2.0487804892096796e-08,19.61918574373677,3.9999999998642024,0.407764119480969,6,-3.092239623081472e-06,9.222444976555854e-06,1.977409739937889e-09,9.808970357884153,3.999999999895471,0.8155799954437404,5,-1.9857060913758273e-06,1.2104497888524648e-15,-1.5067287137390406e-10,-1.8120975537175403e-10,7
5.43,4.0,2.18404075076051e-06,-2.7723401786293e-08,29.43000000085381,3.9999999998781193,0.27183146447584594,4,-3.2791054443252754e-06,6.411906665534537e-06,2.0487987385172844e-08,19.619185743766764,3.999999999872155,0.4077641194811564,6,-3.092240370088095e-06,9.22245486459436e-06,1.9777448328159764e-09,9.808970357946965,3.999999999903209,0.8155799954400955,5,-1.9857062438718986e-06,6.118175339745802e-16,-1.4856009741811718e-10,-1.7902528765392893e-10,7
5.4350000000000005,4.0,2.183902133655332e-06,-2.7723432472356382e-08,29.43000000084907,3.9999999998793108,0.2718314644759707,4,-3.2791054443252754e-06,6.412009106031116e-06,2.0488173820275193e-08,19.619185743802973,3.999999999873637,0.40776411948055485,6,-3.0922411066100497e-06,9.222464754398077e-06,1.9780977484429526e-09,9.808970358014959,3.999999999904511,0.8155799954347076,5,-1.9857063959585752e-06,2.7608609132793293e-16,-1.4646833776374036e-10,-1.7686170989253517e-10,7
5.44,4.0,2.1837635163893243e-06,-2.7723467989950295e-08,29.430000000848644,3.9999999998344276,0.27183146447292444,4,-3.279105444321806e-06,6.4121115474505746e-06,2.0488359390671504e-08,19.619185743841584,3.9999999998324114,0.4077641194755498,6,-3.092241832737541e-06,9.222474645934106e-06,1.9784818607971076e-09,9.808970358089114,3.9999999998752656,0.8155799954225789,5,-1.9857065477468794e-06,1.361440120201486e-15,-1.4440179171834196e-10,-1.7471006036731797e-10,7
5.445,4.0,2.183624898981981e-06,-2.7723492309767613e-08,29.430000000828617,3.9999999998865334,0.27183146447665046,4,-3.2791054443183365e-06,6.412213989824515e-06,2.0488547089841162e-08,19.619185743864882,3.9999999998816578,0.4077641194800858,6,-3.0922425486093474e-06,9.222484539361919e-06,1.978814491788676e-09,9.808970358145158,3.999999999911932,0.815579995425395,5,-1.9857066990564e-06,-5.39261697956782e-16,-1.423585195002534e-10,-1.7259288992835352e-10,7
5.45,4.0,2.1834862814218923e-06,-2.772352615013326e-08,29.430000000825203,3.999999999881781,0.27183146447635903,4,-3.2791054443183365e-06,6.412316433066892e-06,2.04887148626849e-08,19.619185743901706,3.999999999874519,0.4077641194785927,6,-3.092243254336491e-06,9.22249443430374e-06,1.9791220719148383e-09,9.808970358218858,3.9999999999011413,0.815579995417067,5,-1.9857068500883646e-06,-2.603736741709427e-16,-1.4033653158981454e-10,-1.705119145363487e-10,7
5.455,4.0,2.183347663705839e-06,-2.772355562813634e-08,29.430000000810246,3.999999999880527,0.27183146447641193,4,-3.2791054443183365e-06,6.4124188771736074e-06,2.0488891679484772e-08,19.61918574392765,3.999999999874322,0.4077641194780334,6,-3.0922439499883603e-06,9.222504330866483e-06,1.9794438702916014e-09,9.808970358281437,3.9999999999026676,0.8155799954121751,5,-1.98570700080114e-06,1.3134784855376792e-15,-1.3833556330985634e-10,-1.6844494749437942e-10,7
5.46,4.0,2.183209045838058e-06,-2.7723585075346582e-08,29.430000000803098,3.9999999998692557,0.271831464475712,4,-3.279105444314867e-06,6.41252132215721e-06,2.048907048937929e-08,19.6191857439605,3.999999999864457,0.407764119476345,6,-3.0922446357176114e-06,9.222514229120227e-06,1.9797962067340134e-09,9.808970358343265,3.9999999998973865,0.8155799954059575,5,-1.9857071510837043e-06,-1.5734497748572813e-16,-1.36355202545592e-10,-1.663824888460685e-10,7
5.465,4.0,2.183070427829568e-06,-2.7723612945601926e-08,29.430000000793626,3.999999999882689,0.27183146447671236,4,-3.279105444314867e-06,6.412623768058634e-06,2.048925007954769e-08,19.619185743991405,3.999999999876973,0.40776411947697855,6,-3.0922453116352666e-06,9.222524129095657e-06,1.9801262130354316e-09,9.808970358408022,3.999999999906928,0.8155799954025186,5,-1.9857073010470794e-06,-1.5379226380692762e-16,-1.3440074106404617e-10,-1.6436301270420056e-10,7
5.47,4.0,2.1829318096744406e-06,-2.7723642707191542e-08,29.43000000079479,3.999999999878054,0.2718314644763866,4,-3.279105444314867e-06,6.41272621482885e-06,2.0489424671610953e-08,19.619185744033164,3.999999999872539,0.40776411947565866,6,-3.0922459778384703e-06,9.222534030735783e-06,1.9804654948675797e-09,9.808970358481563,3.9999999999020504,0.8155799953954094,5,-1.9857074506149375e-06,7.823477905570044e-16,-1.3246699012689084e-10,-1.6234678551899192e-10,7
5.4750000000000005,4.0,2.182793191372864e-06,-2.7723669500730777e-08,29.43000000077148,3.999999999879263,0.2718314644766841,4,-3.2791054443113976e-06,6.412828662466859e-06,2.0489603887141565e-08,19.61918574405048,3.999999999875347,0.407764119475585,6,-3.092246634424367e-06,9.222543934258975e-06,1.980840310241081e-09,9.808970358532077,3.999999999908172,0.8155799953924575,5,-1.985707599565234e-06,7.2195165801739555e-16,-1.3055045031115246e-10,-1.6031951472331272e-10,7
5.48,4.0,2.182654572937875e-06,-2.7723698271370186e-08,29.43000000076004,3.9999999998856826,0.27183146447722606,4,-3.2791054443113976e-06,6.412931111016812e-06,2.048978157963352e-08,19.619185744078457,3.999999999880368,0.4077641194755154,6,-3.092247281517857e-06,9.222553839398543e-06,1.981150154302682e-09,9.808970358593402,3.9999999999118923,0.8155799953881171,5,-1.9857077483073637e-06,4.022074269253505e-16,-1.2866263240915036e-10,-1.583943329315507e-10,7
5.485,4.0,2.182515954360136e-06,-2.772372639293307e-08,29.430000000752997,3.9999999998887352,0.27183146447749856,4,-3.279105444307928e-06,6.4130335604241314e-06,2.0489949935068702e-08,19.619185744111277,3.999999999883437,0.40776411947514607,6,-3.0922479192299623e-06,9.222563746131548e-06,1.9814666248824204e-09,9.80897035865917,3.999999999913535,0.8155799953829836,5,-1.9857078967233655e-06,2.192775121040803e-15,-1.2679048197447177e-10,-1.5645553003554412e-10,7
5.49,4.0,2.1823773356348865e-06,-2.772375264744843e-08,29.430000000750738,3.999999999879785,0.2718314644769112,4,-3.2791054443322143e-06,6.413136010748843e-06,2.0490142755412033e-08,19.61918574414898,3.999999999875626,0.4077641194735663,6,-3.0922485477064e-06,9.222573654658165e-06,1.9818422195931345e-09,9.808970358729635,3.999999999907258,0.815579995375845,5,-1.9857080447785447e-06,-5.182658476149037e-15,-1.2496548670845192e-10,-1.5455249763721255e-10,7
5.495,4.0,2.182238716786795e-06,-2.772378215494743e-08,29.430000000759065,3.99999999988828,0.2718314644774116,4,-3.2791054443426226e-06,6.413238461943059e-06,2.0490302426997644e-08,19.61918574419759,3.999999999879986,0.40776411947300034,6,-3.092249166981864e-06,9.222583564835609e-06,1.9821666412089364e-09,9.80897035881208,3.999999999901962,0.8155799953679101,5,-1.9857081924520847e-06,-1.5535614532543249e-15,-1.2312348637840847e-10,-1.5262384839689998e-10,7
5.5,4.0,2.182100097792912e-06,-2.7723808275679743e-08,29.430000000729656,3.999999999877125,0.27183146447692513,4,-3.279105444346092e-06,6.413340913946598e-06,2.0490471257437977e-08,19.61918574420747,3.9999999998726343,0.4077641194720456,6,-3.092249777132683e-06,9.222593476757625e-06,1.9825272293487603e-09,9.808970358855479,3.9999999999045333,0.815579995364826,5,-1.985708339577452e-06,1.050577673306442e-15,-1.213040404511549e-10,-1.5069287745819832e-10,7
5.505,4.0,2.1819614786732856e-06,-2.772383576984629e-08,29.430000000718113,3.9999999998787783,0.2718314644771441,4,-3.2791054443426226e-06,6.41344336681705e-06,2.0490642407243766e-08,19.619185744236017,3.999999999873734,0.4077641194715644,6,-3.092250378290695e-06,9.222603390285706e-06,1.982832686456513e-09,9.808970358915836,3.999999999906501,0.8155799953602086,5,-1.985708486411386e-06,7.71341253151046e-17,-1.195181321410292e-10,-1.488635159070672e-10,7
5.51,4.0,2.1818228594188362e-06,-2.7723861154040938e-08,29.43000000072113,3.9999999998872102,0.27183146447768924,4,-3.2791054443426226e-06,6.413545820541189e-06,2.049081085548669e-08,19.619185744278877,3.9999999998823044,0.4077641194715473,6,-3.092250970580801e-06,9.222613305389743e-06,1.9831478243290852e-09,9.808970358991072,3.999999999910404,0.8155799953547489,5,-1.9857086329677642e-06,-8.856512816398313e-16,-1.1775063399318703e-10,-1.4703658618844922e-10,7
5.515,4.0,2.1816842400302745e-06,-2.7723888405674953e-08,29.430000000714912,3.9999999998789466,0.2718314644771851,4,-3.2791054443426226e-06,6.413648275102476e-06,2.0490980776172403e-08,19.619185744312134,3.9999999998731735,0.40776411946992525,6,-3.0922515540723894e-06,9.222623222128644e-06,1.983483766650147e-09,9.808970359057678,3.999999999901062,0.815579995347306,5,-1.9857087791841366e-06,4.732617005013604e-16,-1.1600019775278731e-10,-1.4521067609865707e-10,7
5.5200000000000005,4.0,2.1815456205150986e-06,-2.7723913280984465e-08,29.430000000702286,3.999999999882461,0.2718314644775406,4,-3.2791054443426226e-06,6.41375073051509e-06,2.0491149480567417e-08,19.619185744339227,3.999999999877231,0.40776411946977575,6,-3.0922521288764826e-06,9.2226331405263e-06,1.9838116082671384e-09,9.808970359119076,3.9999999999046993,0.8155799953429427,5,-1.9857089250188698e-06,5.4076326039857e-16,-1.1427220933376709e-10,-1.4340758153611015e-10,7
5.525,4.0,2.1814070008841613e-06,-2.772393640523657e-08,29.4300000007008,3.9999999999328364,0.27183146448097767,4,-3.2791054443426226e-06,6.413853186766085e-06,2.0491307646100466e-08,19.619185744378207,3.999999999920674,0.40776411947339425,6,-3.0922526950763474e-06,9.222643060378126e-06,1.9840546840793844e-09,9.808970359191614,3.9999999999277955,0.8155799953416206,5,-1.9857090706315583e-06,-3.438624456227546e-16,-1.1255687923358444e-10,-1.4167457135630494e-10,7
5.53,4.0,2.1812683811016915e-06,-2.7723965233352203e-08,29.430000000696815,3.9999999998690012,0.2718314644766764,4,-3.2791054443426226e-06,6.41395564377429e-06,2.0491472677485247e-08,19.61918574441082,3.9999999998661044,0.4077641194671535,6,-3.092253252783006e-06,9.222652981783112e-06,1.9844285834370424e-09,9.808970359248349,3.999999999899109,0.8155799953310543,5,-1.985709215834852e-06,1.2939385603042764e-15,-1.108614958443514e-10,-1.3986728103890337e-10,7
5.535,4.0,2.1811297611998117e-06,-2.7723988493684872e-08,29.430000000659753,3.999999999860928,0.2718314644764701,4,-3.2791054443356837e-06,6.4140581016545384e-06,2.0491650806019923e-08,19.619185744415045,3.999999999858019,0.40776411946624147,6,-3.0922538020797252e-06,9.222662905124407e-06,1.9848262923302276e-09,9.808970359294188,3.9999999998950653,0.8155799953264184,5,-1.985709360455279e-06,6.828718075505903e-16,-1.0919052847987594e-10,-1.380689027037651e-10,7
5.54,4.0,2.1809911411933746e-06,-2.772400985783565e-08,29.430000000658676,3.999999999898725,0.2718314644790486,4,-3.2791054443356837e-06,6.414160560440899e-06,2.0491823833263178e-08,19.61918574445076,3.9999999998948876,0.4077641194692576,6,-3.0922543430636495e-06,9.222672830189484e-06,1.985122022915411e-09,9.808970359353598,3.9999999999245133,0.815579995327483,5,-1.9857095047495776e-06,5.940539655805779e-16,-1.0753584142583357e-10,-1.3638399626717084e-10,7
5.545,4.0,2.180852521055947e-06,-2.7724037784044393e-08,29.430000000678127,3.999999999885576,0.2718314644779754,4,-3.2791054443356837e-06,6.414263020032036e-06,2.0491982525540662e-08,19.61918574451007,3.9999999998801745,0.407764119466525,6,-3.0922548758458013e-06,9.22268275677422e-06,1.9854452821085017e-09,9.80897035944081,3.999999999906951,0.8155799953166507,5,-1.985709648752443e-06,1.0097214660002365e-15,-1.0589899432352929e-10,-1.3467455834262446e-10,7
5.55,4.0,2.180713900796961e-06,-2.7724062014086258e-08,29.43000000065752,3.999999999878969,0.2718314644777167,4,-3.2791054443322143e-06,6.4143654804242975e-06,2.0492144294768864e-08,19.61918574452872,3.999999999874667,0.40776411946557595,6,-3.0922554004678138e-06,9.22269268491808e-06,1.9857585174509768e-09,9.808970359493033,3.9999999999052624,0.8155799953119643,5,-1.9857097924430578e-06,8.729419893664172e-16,-1.0427803318043977e-10,-1.3298978158007948e-10,7
5.555,4.0,2.1805752804172493e-06,-2.7724084539795086e-08,29.430000000655895,3.999999999885662,0.27183146447818657,4,-3.2791054443322143e-06,6.414467941657763e-06,2.0492312695995772e-08,19.61918574456564,3.9999999998811058,0.407764119465465,6,-3.092255917075404e-06,9.22270261473156e-06,1.9860937744000997e-09,9.808970359565443,3.999999999906592,0.8155799953062148,5,-1.9857099357659114e-06,8.956862319090672e-17,-1.0268164082879601e-10,-1.3131921744860654e-10,7
5.5600000000000005,4.0,2.180436659923562e-06,-2.7724109592893327e-08,29.430000000643894,3.999999999883071,0.27183146447812134,4,-3.2791054443322143e-06,6.414570403703651e-06,2.0492471130192035e-08,19.619185744591192,3.9999999998770184,0.40776411946451724,6,-3.0922564257171437e-06,9.222712546124879e-06,1.98641050524979e-09,9.808970359625066,3.99999999990227,0.8155799953003762,5,-1.985710078755698e-06,1.4342707506168963e-15,-1.0109774337116057e-10,-1.2965936830158885e-10,7
5.565,4.0,2.1802980393108262e-06,-2.772413132080322e-08,29.430000000624847,3.9999999998821902,0.2718314644782374,4,-3.279105444328745e-06,6.414672866558019e-06,2.0492637673931286e-08,19.619185744611592,3.9999999998787494,0.4077641194642697,6,-3.0922569264971167e-06,9.222722479142624e-06,1.9867302662418864e-09,9.808970359671207,3.999999999910977,0.8155799952983149,5,-1.9857102213707845e-06,1.4449288916532978e-15,-9.953029497785799e-11,-1.2802995880537113e-10,7
5.57,4.0,2.1801594185967435e-06,-2.772415582635657e-08,29.430000000646338,3.9999999999088605,0.27183146447985135,4,-3.2791054443252754e-06,6.414775330198918e-06,2.049277691103866e-08,19.619185744671498,3.9999999999002873,0.40776411946522023,6,-3.092257419484712e-06,9.22273241347841e-06,1.9869643205769235e-09,9.808970359761078,3.999999999915339,0.8155799952917319,5,-1.985710363833215e-06,-1.0153253309160495e-15,-9.79793880194439e-11,-1.2644766717431853e-10,7
5.575,4.0,2.1800207977416365e-06,-2.7724177438552312e-08,29.43000000062621,3.9999999998779394,0.27183146447793594,4,-3.2791054443252754e-06,6.414877794587436e-06,2.0492948645234045e-08,19.619185744689418,3.9999999998743823,0.40776411946220703,6,-3.0922579047840126e-06,9.222742349441017e-06,1.9873290316423506e-09,9.808970359809198,3.9999999999043676,0.815579995285494,5,-1.985710505823801e-06,3.3292951018874065e-16,-9.644606699373988e-11,-1.2482015837991903e-10,7
5.58,4.0,2.179882176790641e-06,-2.7724200611156997e-08,29.43000000062319,3.9999999998802744,0.27183146447812256,4,-3.2791054443252754e-06,6.414980259808177e-06,2.049310668893226e-08,19.619185744725314,3.999999999875067,0.40776411946153074,6,-3.092258382443591e-06,9.22275228697652e-06,1.9876407588627074e-09,9.808970359879103,3.9999999999013056,0.8155799952790572,5,-1.9857106475437702e-06,9.475489766212275e-16,-9.493257188672041e-11,-1.2323893256297004e-10,7
5.585,4.0,2.179743555728165e-06,-2.7724220573281327e-08,29.430000000607833,3.9999999998937024,0.2718314644791769,4,-3.2791054443252754e-06,6.415082725838949e-06,2.0493269924769125e-08,19.61918574474744,3.9999999998890545,0.4077641194624968,6,-3.0922588526022254e-06,9.222762226139366e-06,1.987951614328878e-09,9.808970359929656,3.999999999915181,0.8155799952776831,5,-1.985710788895978e-06,5.318814762015689e-16,-9.343299098282395e-11,-1.2167763391704545e-10,7
5.59,4.0,2.1796049345488415e-06,-2.772424426294096e-08,29.430000000608437,3.9999999998718625,0.27183146447768713,4,-3.279105444328745e-06,6.4151851926370455e-06,2.0493424790025138e-08,19.619185744785877,3.9999999998683426,0.4077641194595865,6,-3.0922593153084876e-06,9.222772166992189e-06,1.9883209063998045e-09,9.80897035999534,3.999999999899662,0.8155799952690574,5,-1.9857109297277686e-06,1.5213122357475085e-15,-9.194878800008618e-11,-1.2006468947237215e-10,7
5.595,4.0,2.1794663132724775e-06,-2.7724260691105167e-08,29.43000000059081,3.9999999999136424,0.27183146448068923,4,-3.2791054443183365e-06,6.415287660318819e-06,2.0493600991179264e-08,19.61918574480775,3.999999999907797,0.4077641194631539,6,-3.0922597706595223e-06,9.222782109741751e-06,1.9886429999565523e-09,9.808970360047894,3.999999999929218,0.815579995270714,5,-1.9857110700946534e-06,1.2637404940344721e-15,-9.048009261255637e-11,-1.1855221221782163e-10,7
5.6000000000000005,4.0,2.1793276918895013e-06,-2.7724285858929616e-08,29.430000000582588,3.999999999895443,0.2718314644795284,4,-3.2791054443183365e-06,6.415390128753281e-06,2.0493745934193613e-08,19.619185744835967,3.9999999998920046,0.4077641194609576,6,-3.0922602187316572e-06,9.222792053774358e-06,1.9889189531056375e-09,9.808970360108205,3.99999999991996,0.8155799952638118,5,-1.9857112103019436e-06,8.068683899390528e-17,-8.903688616931512e-11,-1.1706337827280355e-10,7
5.605,4.0,2.1791890703945583e-06,-2.7724308639446476e-08,29.43000000059442,3.999999999891572,0.27183146447915607,4,-3.2791054443183365e-06,6.415492597924857e-06,2.0493893721214058e-08,19.6191857448857,3.9999999998856874,0.40776411945927993,6,-3.0922606595942814e-06,9.222801999199096e-06,1.9892029798537662e-09,9.808970360183782,3.999999999910018,0.8155799952555007,5,-1.985711350294128e-06,5.425396172379705e-16,-8.759596767368301e-11,-1.155700767903344e-10,7
5.61,4.0,2.179050448773797e-06,-2.772432864745228e-08,29.430000000561563,3.999999999838031,0.27183146447582096,4,-3.2791054443322143e-06,6.4155950679104935e-06,2.0494083020557713e-08,19.619185744890117,3.9999999998419864,0.40776411945473323,6,-3.092261093365356e-06,9.222811946457301e-06,1.989628183191626e-09,9.808970360224357,3.999999999890032,0.8155799952480519,5,-1.9857114897867123e-06,-5.996229908594351e-15,-8.620826527624566e-11,-1.1407002870458917e-10,7
5.615,4.0,2.178911827092587e-06,-2.7724345893270303e-08,29.430000000578282,3.999999999916346,0.27183146448098866,4,-3.279105444353031e-06,6.415697538786192e-06,2.0494226358613958e-08,19.619185744943977,3.999999999910548,0.40776411946060304,6,-3.092261520128148e-06,9.222821895338123e-06,1.9898740609637516e-09,9.80897036030536,3.9999999999279305,0.8155799952490442,5,-1.9857116290086796e-06,-2.1379828534170066e-15,-8.479058330442974e-11,-1.1261709848400903e-10,7
5.62,4.0,2.1787732052912416e-06,-2.7724369088848107e-08,29.43000000056042,3.999999999900794,0.27183146448009676,4,-3.2791054443565004e-06,6.415800010316955e-06,2.0494362895711862e-08,19.61918574496329,3.9999999998972537,0.40776411945884644,6,-3.09226193986184e-06,9.222831845498007e-06,1.9901375464576875e-09,9.808970360350848,3.999999999924265,0.8155799952445146,5,-1.985711767953091e-06,5.727376835077756e-16,-8.33893557260172e-11,-1.1116423931770246e-10,7
5.625,4.0,2.178634583371427e-06,-2.7724388873594192e-08,29.430000000546745,3.9999999998774642,0.27183146447863765,4,-3.279105444353031e-06,6.415902482610969e-06,2.0494530997156092e-08,19.61918574498883,3.9999999998736038,0.4077641194559047,6,-3.092262352691333e-06,9.222841797396023e-06,1.990518731091212e-09,9.808970360414538,3.999999999904304,0.8155799952351491,5,-1.9857119064325968e-06,6.082648202957808e-16,-8.201989118424998e-11,-1.0968639569244974e-10,7
5.63,4.0,2.1784959613767544e-06,-2.7724407961314617e-08,29.430000000548546,3.999999999905749,0.2718314644805432,4,-3.279105444353031e-06,6.416004955711635e-06,2.0494676800227874e-08,19.61918574502721,3.9999999999006524,0.40776411945786434,6,-3.0922627587207097e-06,9.222851750745158e-06,1.990771410033616e-09,9.808970360477254,3.9999999999239457,0.8155799952339394,5,-1.98571204467618e-06,-2.5859731733154146e-16,-8.066198006736621e-11,-1.0829648705981784e-10,7
5.635,4.0,2.1783573392708834e-06,-2.7724428810799847e-08,29.430000000544496,3.999999999892146,0.27183146447965617,4,-3.279105444353031e-06,6.4161074295123135e-06,2.0494821497806205e-08,19.619185745060093,3.999999999889092,0.40776411945600244,6,-3.092263157977726e-06,9.222861705476589e-06,1.9910615014898193e-09,9.808970360534541,3.999999999918686,0.8155799952281036,5,-1.9857121826283297e-06,4.448399910709577e-16,-7.931211051789441e-11,-1.0688435797948188e-10,7
5.64,4.0,2.1782187170573727e-06,-2.7724457797986772e-08,29.430000000586794,3.999999999847587,0.27183146447623735,4,-3.2791054443495615e-06,6.416209904056846e-06,2.0494966694962245e-08,19.619185745142676,3.9999999998344427,0.40776411944871505,6,-3.092263550573404e-06,9.222871661782198e-06,1.9914426128159608e-09,9.808970360655096,3.9999999998487112,0.8155799952038125,5,-1.9857123201988403e-06,-8.5367685853062525e-16,-7.799298259988527e-11,-1.0543719736591613e-10,7
5.6450000000000005,4.0,2.178080094764901e-06,-2.7724463669871956e-08,29.43000000052836,3.999999999905862,0.2718314644807373,4,-3.2791054443495615e-06,6.416312379454297e-06,2.049513991899252e-08,19.61918574511821,3.99999999990297,0.40776411945620933,6,-3.092263936584072e-06,9.222881619870609e-06,1.9917240381305094e-09,9.808970360655598,3.999999999927738,0.8155799952198839,5,-1.985712457359956e-06,-6.440667514813957e-16,-7.667915355432805e-11,-1.0409674428404997e-10,7
5.65,4.0,2.177941472378141e-06,-2.772448728579853e-08,29.430000000536715,3.999999999900954,0.2718314644803266,4,-3.2791054443495615e-06,6.416414855555844e-06,2.0495274001867685e-08,19.6191857451634,3.9999999998949165,0.40776411945444907,6,-3.0922643160721797e-06,9.222891579247973e-06,1.9919855065533054e-09,9.808970360730127,3.9999999999155205,0.8155799952111961,5,-1.985712594326783e-06,1.3930661469411475e-16,-7.537845711488453e-11,-1.0274541279289935e-10,7
5.655,4.0,2.1778028498862465e-06,-2.7724505798983696e-08,29.43000000053253,3.999999999889954,0.2718314644796177,4,-3.279105444346092e-06,6.416517332360093e-06,2.049541985630511e-08,19.619185745195693,3.999999999886592,0.4077641194529293,6,-3.0922646890862993e-06,9.222901540062599e-06,1.9922844651853315e-09,9.80897036078383,3.9999999999139475,0.8155799952064101,5,-1.985712730946665e-06,2.077311926479788e-15,-7.408535282457261e-11,-1.0138140166662907e-10,7
5.66,4.0,2.1776642273021657e-06,-2.7724525393514523e-08,29.430000000522575,3.9999999998828946,0.2718314644792299,4,-3.279105444346092e-06,6.416619809912689e-06,2.0495570146240512e-08,19.61918574522307,3.999999999878447,0.40776411945152996,6,-3.0922650557166365e-06,9.222911502349232e-06,1.992586396604008e-09,9.808970360846265,3.9999999999046643,0.815579995199326,5,-1.9857128672889912e-06,-1.733321890403292e-16,-7.282103084412948e-11,-1.0005754686307028e-10,7
5.665,4.0,2.1775256046161026e-06,-2.772454431490176e-08,29.43000000051093,3.999999999839707,0.27183146447640255,4,-3.279105444346092e-06,6.416722288230681e-06,2.0495732817435026e-08,19.61918574524666,3.9999999998431948,0.407764119447446,6,-3.092265416053397e-06,9.222921466367866e-06,1.992974974312133e-09,9.808970360895302,3.999999999890214,0.8155799951923025,5,-1.9857130031664116e-06,-5.0763567121712023e-17,-7.156538991956049e-11,-9.86856948977109e-11,7
5.67,4.0,2.1773869818707776e-06,-2.7724557761750632e-08,29.430000000505913,3.999999999915365,0.27183146448159046,4,-3.2791054443426226e-06,6.416824767351829e-06,2.0495873495928092e-08,19.61918574527884,3.9999999999106333,0.40776411945365193,6,-3.0922657701173972e-06,9.222931431903093e-06,1.9932006226154276e-09,9.808970360959066,3.9999999999307265,0.815579995195261,5,-1.985713138773215e-06,2.2851456766896174e-15,-7.031473700499655e-11,-9.742059487297211e-11,7
5.675,4.0,2.17724835901533e-06,-2.77245771651864e-08,29.430000000494502,3.9999999998986167,0.27183146448055767,4,-3.2791054443426226e-06,6.416927247139332e-06,2.0496018279458923e-08,19.61918574530523,3.999999999896403,0.4077641194516528,6,-3.0922661180196598e-06,9.222941398782117e-06,1.993481492664998e-09,9.808970361011573,3.9999999999246407,0.8155799951896544,5,-1.985713274109402e-06,3.4501561169500075e-17,-6.908912894551131e-11,-9.61425007979531e-11,7
5.68,4.0,2.1771097360691078e-06,-2.7724596403632592e-08,29.43000000049785,3.9999999998889164,0.27183146447986756,4,-3.2791054443426226e-06,6.4170297276424614e-06,2.0496159500499064e-08,19.61918574534394,3.9999999998858704,0.40776411944977453,6,-3.092266459801818e-06,9.222951367095318e-06,1.993784814751414e-09,9.808970361077945,3.9999999999133653,0.8155799951818369,5,-1.9857134091333384e-06,3.702330038161474e-16,-6.787142745031823e-11,-9.484986368948994e-11,7
5.6850000000000005,4.0,2.1769711130294566e-06,-2.7724610307537407e-08,29.430000000482433,3.9999999998808136,0.2718314644794593,4,-3.2791054443356837e-06,6.4171322089055365e-06,2.0496323828087028e-08,19.61918574536531,3.9999999998826263,0.4077641194489997,6,-3.0922667955471383e-06,9.22296133712296e-06,1.994140413403411e-09,9.808970361126379,3.9999999999193503,0.81557999517903,5,-1.9857135437131856e-06,1.7415804838331407e-15,-6.666434146359743e-11,-9.355416236547881e-11,7
5.69,4.0,2.1768324899229543e-06,-2.772462914322028e-08,29.430000000489507,3.9999999999039044,0.2718314644809631,4,-3.2791054443356837e-06,6.417234690932681e-06,2.0496459254978216e-08,19.619185745408362,3.999999999900169,0.40776411944989327,6,-3.0922671253111322e-06,9.222971308619955e-06,1.99440748463025e-09,9.808970361199071,3.999999999922838,0.8155799951736971,5,-1.9857136780085383e-06,-7.204500955756064e-16,-6.547875294734705e-11,-9.231656567368447e-11,7
5.695,4.0,2.176693866723485e-06,-2.7724647195349735e-08,29.430000000483794,3.9999999999051044,0.27183146448109746,4,-3.2791054443356837e-06,6.417337173636718e-06,2.0496592677432613e-08,19.619185745438546,3.999999999901119,0.40776411944936275,6,-3.0922674491770663e-06,9.22298128142928e-06,1.9946677134126805e-09,9.808970361262114,3.999999999922151,0.8155799951683153,5,-1.9857138120818463e-06,-1.4221110471387052e-15,-6.430278873245253e-11,-9.10887744716436e-11,7
5.7,4.0,2.17655524343116e-06,-2.772466407056779e-08,29.430000000478195,3.999999999893384,0.27183146448035267,4,-3.2791054443356837e-06,6.417439657026125e-06,2.0496736654283523e-08,19.619185745468453,3.999999999891503,0.40776411944776086,6,-3.092267767172696e-06,9.222991255673822e-06,1.9949633278641866e-09,9.808970361311097,3.9999999999204903,0.8155799951639038,5,-1.9857139458082096e-06,9.848524702486341e-16,-6.312929720627844e-11,-8.985397021280078e-11,7
5.705,4.0,2.176416620046311e-06,-2.772468431727562e-08,29.430000000470734,3.999999999839039,0.2718314644767284,4,-3.2791054443356837e-06,6.41754214115024e-06,2.0496890672734233e-08,19.61918574549643,3.999999999842607,0.4077641194421949,6,-3.0922680793951662e-06,9.223001231514429e-06,1.995338965080765e-09,9.808970361366981,3.9999999998896874,0.8155799951529767,5,-1.9857140791598726e-06,-6.724884609117995e-16,-6.198442101243028e-11,-8.860337591801253e-11,7
5.71,4.0,2.176277996606711e-06,-2.7724693132364495e-08,29.43000000045476,3.9999999999207505,0.2718314644824289,4,-3.2791054443356837e-06,6.41764462608219e-06,2.0497039577709158e-08,19.619185745516887,3.999999999917521,0.40776411944940655,6,-3.0922683859138655e-06,9.223011209004583e-06,1.9955864047587095e-09,9.808970361423395,3.9999999999376756,0.8155799951580707,5,-1.98571421217153e-06,-5.179454158839775e-16,-6.084508705192103e-11,-8.743739482855543e-11,7
5.715,4.0,2.1761393730748347e-06,-2.7724714382043805e-08,29.43000000046429,3.9999999999011218,0.271831464481007,4,-3.2791054443356837e-06,6.417747111639901e-06,2.0497162648070556e-08,19.619185745561428,3.9999999998978994,0.40776411944648056,6,-3.092268686728794e-06,9.223021187678891e-06,1.9958426114621355e-09,9.808970361489735,3.9999999999224505,0.8155799951494505,5,-1.9857143449750203e-06,1.4946668831565063e-15,-5.971008384938625e-11,-8.624581110797206e-11,7
5.72,4.0,2.176000749453837e-06,-2.7724729066670924e-08,29.430000000438696,3.999999999897239,0.2718314644809795,4,-3.2791054443322143e-06,6.4178495978832165e-06,2.0497308412864998e-08,19.61918574557317,3.999999999895336,0.40776411944597524,6,-3.092268981957913e-06,9.223031167775439e-06,1.996127314702517e-09,9.808970361533124,3.9999999999242353,0.8155799951462067,5,-1.9857144774662605e-06,-2.053066121495335e-16,-5.860107230012556e-11,-8.508567423251658e-11,7
5.7250000000000005,4.0,2.1758621257542315e-06,-2.7724746264807732e-08,29.430000000452758,3.999999999888751,0.2718314644802728,4,-3.2791054443322143e-06,6.417952084836147e-06,2.0497446003283366e-08,19.619185745621703,3.999999999886183,0.4077641194440334,6,-3.0922692716636724e-06,9.22304114932774e-06,1.9964364894695577e-09,9.808970361609546,3.9999999999115587,0.8155799951372678,5,-1.9857146096452505e-06,-3.4386244562275306e-16,-5.7502628297702464e-11,-8.390656941873001e-11,7
5.73,4.0,2.1757235019819346e-06,-2.7724761109522106e-08,29.430000000444622,3.999999999904844,0.2718314644814416,4,-3.2791054443322143e-06,6.418054572494303e-06,2.0497585066889496e-08,19.61918574564917,3.999999999900195,0.40776411944489094,6,-3.092269555873828e-06,9.223051132318458e-06,1.996704539017756e-09,9.808970361664086,3.9999999999204428,0.8155799951345444,5,-1.985714741532807e-06,1.4733506010837032e-15,-5.640482023102788e-11,-8.276603108828363e-11,7
5.735,4.0,2.175584878122509e-06,-2.772477374864135e-08,29.43000000043382,3.9999999999019247,0.27183146448134293,4,-3.279105444328745e-06,6.418157060899668e-06,2.0497744551315333e-08,19.61918574567464,3.999999999900017,0.40776411944434343,6,-3.0922698346855237e-06,9.22306111706467e-06,1.9970524752602288e-09,9.808970361713357,3.999999999926559,0.8155799951316949,5,-1.9857148729415797e-06,-3.722841550531572e-16,-5.53300781579129e-11,-8.160605230858689e-11,7
5.74,4.0,2.1754462542033784e-06,-2.772479084706503e-08,29.430000000447514,3.999999999916083,0.27183146448217865,4,-3.279105444328745e-06,6.418259550000457e-06,2.0497868166101927e-08,19.61918574572323,3.999999999912028,0.407764119444558,6,-3.0922701081334547e-06,9.223071103048946e-06,1.9972914869479286e-09,9.808970361786146,3.9999999999302096,0.8155799951263869,5,-1.9857150041976968e-06,-5.321562705991797e-16,-5.4259974152505596e-11,-8.049467820472981e-11,7
5.745,4.0,2.175307630195759e-06,-2.7724808204552316e-08,29.43000000043071,3.9999999999024602,0.2718314644814081,4,-3.279105444328745e-06,6.4183620397354815e-06,2.0497999669400324e-08,19.619185745740985,3.999999999898716,0.4077641194428319,6,-3.092270376252315e-06,9.223081090270047e-06,1.9975508659034918e-09,9.808970361836389,3.9999999999209015,0.8155799951203115,5,-1.9857151352734026e-06,1.3365711244498838e-15,-5.320371507230458e-11,-7.939472252263638e-11,7
5.75,4.0,2.1751690061098673e-06,-2.772482353206913e-08,29.430000000425327,3.9999999998917817,0.2718314644807321,4,-3.2791054443252754e-06,6.418464530148164e-06,2.0498137521915957e-08,19.619185745771148,3.9999999998897775,0.4077641194412938,6,-3.0922706391392496e-06,9.223091078824956e-06,1.997829700294837e-09,9.808970361894987,3.9999999999152136,0.8155799951142796,5,-1.9857152660993083e-06,-4.2202214655636405e-16,-5.216666551496484e-11,-7.830399501432364e-11,7
5.755,4.0,2.175030381953257e-06,-2.7724835905106233e-08,29.430000000414427,3.9999999999002043,0.27183146448140516,4,-3.2791054443252754e-06,6.418567021262004e-06,2.0498279768393044e-08,19.619185745794354,3.9999999998987894,0.40776411944173013,6,-3.0922708968428303e-06,9.223101068837013e-06,1.998109446304324e-09,9.808970361938876,3.9999999999268816,0.8155799951130095,5,-1.9857153966268415e-06,-3.1544073619234913e-16,-5.112602238773899e-11,-7.721882927927507e-11,7
5.76,4.0,2.174891757708881e-06,-2.772485599498035e-08,29.43000000035002,3.999999999847838,0.27183146447844136,4,-3.2791054443322143e-06,6.418669513089287e-06,2.0498438501468492e-08,19.61918574577396,3.9999999998417675,0.4077641194363411,6,-3.092271149439385e-06,9.22311106052079e-06,1.9985021709416103e-09,9.808970361978297,3.9999999998770486,0.8155799950995711,5,-1.9857155267033466e-06,-7.921800722504222e-15,-5.0133419054877884e-11,-7.611248581798716e-11,7
5.765,4.0,2.174753133423503e-06,-2.7724860390580425e-08,29.430000000402085,3.999999999928268,0.2718314644834263,4,-3.27910544435997e-06,6.418772005701672e-06,2.049857451885338e-08,19.619185745851496,3.99999999992613,0.4077641194433297,6,-3.092271396991364e-06,9.223121053907708e-06,1.998760936434856e-09,9.808970362048582,3.9999999999468576,0.8155799951079609,5,-1.9857156563218847e-06,-2.7064170420250857e-15,-4.9103823090836264e-11,-7.502695415342966e-11,7
5.7700000000000005,4.0,2.174614509058772e-06,-2.7724881346702543e-08,29.43000000041212,3.9999999999103664,0.27183146448211704,4,-3.2791054443669088e-06,6.418874498900188e-06,2.0498684511419375e-08,19.61918574589623,3.9999999999063767,0.4077641194403862,6,-3.0922716394779504e-06,9.223131048335239e-06,1.9989826913836025e-09,9.808970362122114,3.999999999926989,0.8155799950977958,5,-1.985715785864095e-06,-9.371656299824362e-16,-4.8097781618485095e-11,-7.397736706951745e-11,7
5.775,4.0,2.1744758846048733e-06,-2.7724896262320388e-08,29.430000000408718,3.9999999998783595,0.27183146447997336,4,-3.2791054443669088e-06,6.418976992703112e-06,2.0498813163774115e-08,19.619185745924142,3.9999999998782627,0.40776411943694013,6,-3.092271876975472e-06,9.223141044132892e-06,1.999291975376264e-09,9.808970362166338,3.9999999999144524,0.8155799950915625,5,-1.9857159150038495e-06,1.9618487319187728e-15,-4.710058995590782e-11,-7.287628695354469e-11,7
5.78,4.0,2.174337260092509e-06,-2.772490810984407e-08,29.4300000003931,3.999999999899253,0.2718314644815375,4,-3.2791054443634393e-06,6.4190794871974424e-06,2.0498955106556503e-08,19.619185745946435,3.999999999896897,0.4077641194383764,6,-3.0922721095602568e-06,9.223151041336444e-06,1.9995460750156744e-09,9.80897036222694,3.999999999923136,0.8155799950882943,5,-1.9857160438591093e-06,1.108849052637116e-16,-4.612713397341861e-11,-7.18899879111066e-11,7
5.785,4.0,2.1741986355103214e-06,-2.7724922122853692e-08,29.430000000399836,3.999999999905331,0.27183146448188833,4,-3.2791054443634393e-06,6.419181982370932e-06,2.0499085407450774e-08,19.619185745988034,3.999999999902358,0.4077641194380685,6,-3.092272337280877e-06,9.223161039845282e-06,1.999808680936247e-09,9.80897036229242,3.999999999924089,0.8155799950830441,5,-1.9857161725547745e-06,-5.286035569203786e-16,-4.515947069058268e-11,-7.087804360497812e-11,7
5.79,4.0,2.1740600108456756e-06,-2.7724934211762066e-08,29.43000000038287,3.9999999998719233,0.27183146447977474,4,-3.2791054443634393e-06,6.419284478216169e-06,2.0499232633874027e-08,19.619185746002753,3.99999999987495,0.4077641194349686,6,-3.0922725601997825e-06,9.223171040065081e-06,2.000187029563859e-09,9.808970362321627,3.999999999918546,0.8155799950794855,5,-1.985716300702267e-06,1.2530823529980726e-15,-4.4197148912762833e-11,-6.977957295720243e-11,7
5.795,4.0,2.1739213861435966e-06,-2.7724947213098807e-08,29.43000000037967,3.999999999922184,0.2718314644832199,4,-3.27910544435997e-06,6.41938697476775e-06,2.0499358055870315e-08,19.619185746036205,3.9999999999184803,0.4077641194387108,6,-3.092272778358607e-06,9.223181041596783e-06,2.00038754480373e-09,9.808970362392971,3.9999999999380718,0.8155799950775348,5,-1.985716428634654e-06,3.8089114485254953e-16,-4.3254660159054884e-11,-6.884011289190566e-11,7
5.8,4.0,2.173782761356874e-06,-2.7724962503564336e-08,29.430000000379025,3.999999999904364,0.27183146448201484,4,-3.27910544435997e-06,6.419489471918364e-06,2.04994814926709e-08,19.619185746069604,3.99999999990326,0.4077641194364651,6,-3.092272991826739e-06,9.223191044278295e-06,2.0006388682559455e-09,9.808970362453158,3.999999999928139,0.8155799950705052,5,-1.985716556435202e-06,-2.461628194557389e-16,-4.2318340692650175e-11,-6.786158185792627e-11,7
5.805,4.0,2.1736441365019444e-06,-2.7724973831421604e-08,29.43000000037342,3.999999999911375,0.2718314644825431,4,-3.27910544435997e-06,6.419591969704042e-06,2.0499613724438048e-08,19.61918574609739,3.9999999999090385,0.40776411943647667,6,-3.0922732006249953e-06,9.223201048459847e-06,2.0009278431436316e-09,9.808970362506857,3.9999999999323563,0.8155799950669002,5,-1.985716683756966e-06,2.164353411610401e-15,-4.138581197174074e-11,-6.685070514225826e-11,7
5.8100000000000005,4.0,2.1735055115861136e-06,-2.772498789344292e-08,29.430000000373173,3.999999999907578,0.2718314644822873,4,-3.2791054443565004e-06,6.419694468158296e-06,2.0499744524431955e-08,19.619185746133024,3.9999999999048095,0.40776411943530494,6,-3.0922734048158262e-06,9.22321105389846e-06,2.00118674646689e-09,9.808970362568129,3.999999999927395,0.815579995060794,5,-1.985716810967708e-06,-6.120923283721904e-16,-4.0474167878192135e-11,-6.590132590037029e-11,7
5.815,4.0,2.1733668866037805e-06,-2.7725002577951136e-08,29.430000000379977,3.999999999901014,0.2718314644817784,4,-3.2791054443565004e-06,6.41979696726048e-06,2.0499870747851037e-08,19.619185746172825,3.999999999897159,0.40776411943369784,6,-3.0922736044755594e-06,9.22322106064947e-06,2.0014621513663486e-09,9.808970362633612,3.9999999999175806,0.8155799950533482,5,-1.985716937921711e-06,-9.833509078068428e-16,-3.957034686016425e-11,-6.493595056514351e-11,7
5.82,4.0,2.1732282615576506e-06,-2.7725011742973135e-08,29.430000000359,3.999999999909921,0.27183146448257745,4,-3.27910544435997e-06,6.4198994670060275e-06,2.050000618634648e-08,19.61918574618498,3.9999999999082387,0.4077641194345747,6,-3.092273799604195e-06,9.223231068966684e-06,2.0017574819778826e-09,9.808970362669488,3.999999999932629,0.8155799950534336,5,-1.9857170643691746e-06,1.4289416800986975e-15,-3.8665699836206044e-11,-6.395438729003926e-11,7
5.825,4.0,2.1730896364511705e-06,-2.772502335119376e-08,29.430000000352194,3.999999999915775,0.27183146448303813,4,-3.279105444353031e-06,6.4200019674670705e-06,2.0500146440878437e-08,19.61918574621249,3.999999999912874,0.40776411943447544,6,-3.0922739902919383e-06,9.223241078826081e-06,2.0020599747909516e-09,9.808970362728022,3.9999999999339892,0.815579995048844,5,-1.9857171905460214e-06,1.1266126210311189e-16,-3.778429466513455e-11,-6.30143054998487e-11,7
5.83,4.0,2.1729510112836722e-06,-2.7725037682311866e-08,29.430000000352518,3.9999999999032925,0.27183146448218687,4,-3.2791054443565004e-06,6.4201044685364855e-06,2.050026500065823e-08,19.61918574624586,3.9999999999027906,0.4077641194327539,6,-3.092274176587362e-06,9.2232510899457e-06,2.002332505641741e-09,9.808970362778101,3.999999999931614,0.8155799950441959,5,-1.9857173164175568e-06,7.130698738203966e-16,-3.6905880878980606e-11,-6.204948261159897e-11,7
5.835,4.0,2.1728123860583017e-06,-2.7725050623505665e-08,29.430000000341572,3.9999999999103433,0.2718314644827671,4,-3.279105444353031e-06,6.420206970228053e-06,2.0500387702171794e-08,19.619185746267437,3.9999999999078146,0.40776411943281765,6,-3.0922743585043433e-06,9.223261102267568e-06,2.002556981072167e-09,9.808970362829825,3.99999999993239,0.8155799950400534,5,-1.98571744211562e-06,2.276263892492617e-15,-3.6033700328976115e-11,-6.116878265419272e-11,7
5.84,4.0,2.1726737607656374e-06,-2.7725063658905698e-08,29.430000000345437,3.9999999999021485,0.27183146448217455,4,-3.2791054443495615e-06,6.420309472527815e-06,2.050051097719934e-08,19.61918574630632,3.999999999899773,0.40776411943118973,6,-3.0922745361053328e-06,9.223271115819717e-06,2.002812355206142e-09,9.808970362894454,3.9999999999241416,0.8155799950329979,5,-1.985717567605516e-06,6.224756750109841e-16,-3.5177020268752235e-11,-6.026249960558542e-11,7
5.845,4.0,2.1725351354056246e-06,-2.7725077081094534e-08,29.430000000349615,3.9999999998704565,0.27183146447998224,4,-3.279105444353031e-06,6.420411975451775e-06,2.0500638222899456e-08,19.619185746340783,3.9999999998705635,0.40776411942749585,6,-3.0922747094527803e-06,9.223281130811218e-06,2.003140225931604e-09,9.808970362944427,3.999999999907348,0.8155799950254188,5,-1.985717692727651e-06,6.402392434049867e-16,-3.433038373009833e-11,-5.9295328373594e-11,7
5.8500000000000005,4.0,2.172396510005458e-06,-2.772508438477932e-08,29.4300000003495,3.999999999920175,0.27183146448336204,4,-3.279105444353031e-06,6.420514479053755e-06,2.0500768201492768e-08,19.619185746376555,3.999999999917751,0.4077641194315627,6,-3.0922748785675025e-06,9.223291147208327e-06,2.0033677500040023e-09,9.80897036301051,3.999999999936967,0.8155799950259635,5,-1.9857178175305967e-06,1.5213122357475108e-15,-3.3486864697697564e-11,-5.844234846466658e-11,7
5.855,4.0,2.1722578845376402e-06,-2.7725099045845682e-08,29.430000000340694,3.999999999900582,0.2718314644821119,4,-3.2791054443495615e-06,6.4206169832495735e-06,2.050088930162938e-08,19.619185746401158,3.9999999998987685,0.4077641194291163,6,-3.0922750435050106e-06,9.223301164774717e-06,2.0036182360898488e-09,9.808970363061023,3.9999999999240297,0.8155799950191255,5,-1.9857179422017035e-06,1.2957149171436792e-15,-3.2656469389626293e-11,-5.757094240624408e-11,7
5.86,4.0,2.1721192589951003e-06,-2.7725112459051366e-08,29.430000000329635,3.9999999998346496,0.27183146447773343,4,-3.2791054443495615e-06,6.420719488074484e-06,2.0501025573371598e-08,19.61918574641864,3.9999999998419398,0.4077641194229597,6,-3.0922752043485713e-06,9.223311183929408e-06,2.004004599995309e-09,9.80897036309213,3.9999999998975095,0.8155799950111319,5,-1.985718066366271e-06,1.803752973212151e-15,-3.183655458690748e-11,-5.660355445871826e-11,7
5.865,4.0,2.1719806334323384e-06,-2.772511811358161e-08,29.430000000338154,3.9999999999284217,0.2718314644840273,4,-3.2791054443495615e-06,6.420821993619384e-06,2.0501150658833536e-08,19.619185746464655,3.9999999999246953,0.40776411943043955,6,-3.092275361070429e-06,9.22332120453455e-06,2.0042034184904228e-09,9.808970363178581,3.9999999999376636,0.815579995012131,5,-1.9857181902740995e-06,1.3205839128952828e-15,-3.10235480359371e-11,-5.579118561985322e-11,7
5.87,4.0,2.1718420077989644e-06,-2.772513287032305e-08,29.430000000321925,3.9999999999150253,0.2718314644832668,4,-3.2791054443426226e-06,6.420924499706175e-06,2.0501263281280518e-08,19.619185746481996,3.999999999911646,0.40776411942874885,6,-3.092275513781606e-06,9.223331226157472e-06,2.0044123304992254e-09,9.80897036321941,3.999999999931879,0.8155799950075566,5,-1.9857183140639667e-06,5.937055692110488e-17,-3.021752079098872e-11,-5.4970153488682424e-11,7
5.875,4.0,2.171703382095959e-06,-2.7725143030887352e-08,29.43000000032287,3.9999999999000018,0.2718314644822371,4,-3.2791054443426226e-06,6.421027006377845e-06,2.0501388157351945e-08,19.619185746515043,3.9999999998983418,0.40776411942670576,6,-3.0922756624821024e-06,9.223341249201836e-06,2.004722165164896e-09,9.808970363277776,3.9999999999219007,0.8155799950006692,5,-1.9857184374166836e-06,-7.790698712758134e-16,-2.9424350816843916e-11,-5.407108067248626e-11,7
5.88,4.0,2.1715647563541933e-06,-2.772515347470012e-08,29.43000000031431,3.9999999999128906,0.27183146448319206,4,-3.2791054443426226e-06,6.421129513694691e-06,2.050151007248009e-08,19.61918574653879,3.9999999999106217,0.40776411942746404,6,-3.0922758072274292e-06,9.223351273456626e-06,2.004941082010795e-09,9.808970363324958,3.9999999999324727,0.8155799949989018,5,-1.9857185606375616e-06,2.583225229339329e-16,-2.863470513466848e-11,-5.327580038641625e-11,7
5.885,4.0,2.17142613054977e-06,-2.7725164945091742e-08,29.43000000031767,3.999999999904813,0.2718314644826121,4,-3.279105444339153e-06,6.42123202159884e-06,2.0501630168752235e-08,19.61918574657603,3.9999999999031317,0.4077641194259265,6,-3.09227594805922e-06,9.22336129895307e-06,2.0052023375890652e-09,9.808970363383004,3.9999999999275624,0.8155799949930743,5,-1.985718683643334e-06,6.953063054263942e-16,-2.7852942924146306e-11,-5.243430817716924e-11,7
5.89,4.0,2.171287504687156e-06,-2.7725176601480294e-08,29.430000000315253,3.999999999877134,0.2718314644807534,4,-3.2791054443426226e-06,6.421334530107161e-06,2.0501752740934706e-08,19.619185746602255,3.9999999998787024,0.4077641194228911,6,-3.0922760850329856e-06,9.223371325837648e-06,2.0055100331629372e-09,9.808970363425516,3.999999999915844,0.8155799949871503,5,-1.985718806267467e-06,7.308334422143991e-16,-2.7084157000335946e-11,-5.156208321824377e-11,7
5.8950000000000005,4.0,2.1711488787863967e-06,-2.77251844403476e-08,29.430000000312255,3.999999999918095,0.2718314644835647,4,-3.2791054443426226e-06,6.4214370392585545e-06,2.050187700918491e-08,19.61918574663387,3.9999999999154427,0.40776411942597934,6,-3.0922762181487262e-06,9.22338135409552e-06,2.0057412137208734e-09,9.808970363489147,3.999999999935138,0.8155799949857936,5,-1.9857189286071053e-06,1.494666883156507e-15,-2.6320492313293583e-11,-5.0779802311524484e-11,7
5.9,4.0,2.171010252820068e-06,-2.7725198703611263e-08,29.430000000309924,3.999999999878591,0.2718314644809016,4,-3.279105444353031e-06,6.421539549010907e-06,2.050200723608223e-08,19.619185746664463,3.999999999879342,0.40776411942166335,6,-3.0922763475452197e-06,9.223391383555293e-06,2.006016517105997e-09,9.808970363548305,3.9999999999086944,0.8155799949754831,5,-1.985719050794088e-06,-7.531002217836165e-15,-2.5596550517893888e-11,-5.001272346663679e-11,7
5.905,4.0,2.170871626810068e-06,-2.7725206594990096e-08,29.43000000031417,3.999999999895432,0.2718314644820069,4,-3.2791054443738477e-06,6.4216420593956845e-06,2.0502120046469037e-08,19.619185746698363,3.9999999998944427,0.4077641194224982,6,-3.0922764732085883e-06,9.223401414469955e-06,2.00630375285114e-09,9.808970363597451,3.9999999999223745,0.815579994974186,5,-1.985719172578615e-06,-2.612270129536872e-15,-2.483347025225168e-11,-4.9139771977764e-11,7
5.91,4.0,2.17073300075111e-06,-2.772521288206942e-08,29.430000000304094,3.9999999999270597,0.27183146448424933,4,-3.279105444377317e-06,6.421744570425719e-06,2.050225496008301e-08,19.619185746722508,3.999999999924558,0.40776411942506635,6,-3.092276595138832e-06,9.223411446940318e-06,2.0065729831750617e-09,9.808970363651662,3.9999999999423466,0.8155799949737508,5,-1.985719293953747e-06,-2.12412039507134e-16,-2.408890317758971e-11,-4.836303863345416e-11,7
5.915,4.0,2.170594374648798e-06,-2.7725226534072704e-08,29.430000000286675,3.99999999992484,0.2718314644842594,4,-3.2791054443738477e-06,6.421847081993599e-06,2.0502354340992986e-08,19.619185746739262,3.9999999999219575,0.407764119424453,6,-3.092276713377584e-06,9.223421480319919e-06,2.0067526841686473e-09,9.808970363695105,3.999999999941674,0.8155799949700017,5,-1.9857194153011237e-06,1.268721168183138e-16,-2.3355367278900414e-11,-4.7616162294900965e-11,7
5.92,4.0,2.170455748475391e-06,-2.7725236031052755e-08,29.43000000028909,3.999999999902538,0.27183146448272144,4,-3.279105444377317e-06,6.421949594102923e-06,2.0502476872253575e-08,19.61918574677251,3.9999999999015827,0.407764119421685,6,-3.0922768280081114e-06,9.22343151505494e-06,2.007055063369504e-09,9.808970363750943,3.9999999999261426,0.8155799949621921,5,-1.985719536204411e-06,-3.1011166567414783e-16,-2.2636182567116632e-11,-4.6805546720236414e-11,7
5.925,4.0,2.1703171222704714e-06,-2.7725245546893225e-08,29.43000000029791,3.999999999918213,0.2718314644837052,4,-3.279105444377317e-06,6.42205210683175e-06,2.0502589754865624e-08,19.619185746813116,3.999999999916018,0.40776411942231255,6,-3.0922769390442917e-06,9.223441550953317e-06,2.007268245607153e-09,9.80897036381238,3.999999999935098,0.8155799949589098,5,-1.985719657010554e-06,5.404148640290353e-17,-2.1920292997269937e-11,-4.60674065046194e-11,7
5.93,4.0,2.170178496008723e-06,-2.772525650232185e-08,29.430000000298968,3.999999999908102,0.2718314644830083,4,-3.2791054443738477e-06,6.422154620120227e-06,2.0502703188908265e-08,19.61918574684584,3.999999999905211,0.40776411942053076,6,-3.0922770465138805e-06,9.223451588060011e-06,2.0075249894227146e-09,9.808970363873819,3.9999999999236344,0.8155799949514639,5,-1.9857197775668967e-06,1.6509862850237288e-15,-2.121321593370351e-11,-4.529681224954653e-11,7
5.9350000000000005,4.0,2.1700398696949093e-06,-2.772526761188863e-08,29.430000000291173,3.999999999881363,0.2718314644812632,4,-3.2791054443738477e-06,6.422257133991418e-06,2.0502819940685602e-08,19.619185746867995,3.9999999998806413,0.40776411941756563,6,-3.0922771505001445e-06,9.223461626514725e-06,2.0078242970635915e-09,9.808970363912813,3.999999999910842,0.8155799949456134,5,-1.985719897762417e-06,8.246319583330763e-17,-2.0519834581368854e-11,-4.450326746410862e-11,7
5.94,4.0,2.1699012433474492e-06,-2.772527262412914e-08,29.430000000280096,3.9999999999194626,0.2718314644839547,4,-3.2791054443738477e-06,6.42235964848834e-06,2.050294679498884e-08,19.61918574688951,3.9999999999175557,0.40776411942088153,6,-3.0922772510100227e-06,9.223471666323738e-06,2.0080456533594817e-09,9.808970363960618,3.9999999999387574,0.8155799949473304,5,-1.9857200176595646e-06,9.191272671908256e-16,-1.9824470814801432e-11,-4.380513258087172e-11,7
5.945,4.0,2.169762616949379e-06,-2.772528475857623e-08,29.43000000028993,3.999999999912538,0.2718314644833933,4,-3.2791054443669088e-06,6.4224621635384995e-06,2.050305233964712e-08,19.619185746932185,3.9999999999095612,0.4077641194191796,6,-3.0922773480782095e-06,9.223481707227315e-06,2.0082793779120155e-09,9.808970364030602,3.99999999992657,0.8155799949390266,5,-1.985720137452629e-06,1.810858400569751e-15,-1.914123601273343e-11,-4.307102647163698e-11,7
5.95,4.0,2.169623990499956e-06,-2.77252927535172e-08,29.430000000276024,3.9999999999104445,0.2718314644833794,4,-3.2791054443669088e-06,6.422564679170045e-06,2.050317476693581e-08,19.619185746948848,3.999999999908819,0.4077641194187577,6,-3.092277441760216e-06,9.223491749402811e-06,2.008533191442532e-09,9.808970364069376,3.99999999992988,0.8155799949364776,5,-1.9857202569750765e-06,-4.699837812201705e-16,-1.846760952480975e-11,-4.235517065257023e-11,7
5.955,4.0,2.1694853640048755e-06,-2.7725300879330705e-08,29.430000000271825,3.999999999907124,0.27183146448319256,4,-3.279105444370378e-06,6.422667195373297e-06,2.0503291226614436e-08,19.61918574697607,3.99999999990613,0.4077641194179178,6,-3.092277532083798e-06,9.223501792987798e-06,2.008823943230822e-09,9.808970364118881,3.9999999999297993,0.8155799949323449,5,-1.985720376046496e-06,8.53402064133016e-16,-1.779616085037117e-11,-4.158643269039454e-11,7
5.96,4.0,2.1693467374771694e-06,-2.7725308832569788e-08,29.430000000265853,3.9999999999274234,0.27183146448462725,4,-3.2791054443634393e-06,6.422769712172575e-06,2.0503402695891317e-08,19.619185747002273,3.9999999999263633,0.40776411941943574,6,-3.092277619069772e-06,9.22351183772174e-06,2.009023668624985e-09,9.80897036416514,3.999999999946676,0.8155799949319398,5,-1.9857204949860763e-06,1.3507819791650863e-15,-1.7129368007208656e-11,-4.0914559466671345e-11,7
5.965,4.0,2.169208110891605e-06,-2.7725320340054897e-08,29.43000000027973,3.9999999999052562,0.2718314644829926,4,-3.2791054443634393e-06,6.422872229522199e-06,2.050351782177355e-08,19.6191857470471,3.999999999903254,0.4077641194161482,6,-3.092277702780588e-06,9.223521883652677e-06,2.0092923706245977e-09,9.808970364237029,3.9999999999228346,0.8155799949211013,5,-1.9857206137244288e-06,-6.600539630359973e-16,-1.6483127612678007e-11,-4.020376804095372e-11,7
5.97,4.0,2.1690694842548247e-06,-2.7725331040839298e-08,29.43000000026454,3.999999999846771,0.2718314644791584,4,-3.2791054443669088e-06,6.422974747452163e-06,2.0503639882563227e-08,19.619185747058296,3.9999999998537907,0.40776411941087326,6,-3.0922777832717574e-06,9.223531931049123e-06,2.0096402228431234e-09,9.808970364255293,3.999999999905617,0.8155799949160721,5,-1.9857207319909365e-06,9.79523399730434e-16,-1.5833050287374253e-11,-3.942692633887669e-11,7
5.9750000000000005,4.0,2.1689308576057324e-06,-2.7725332915039438e-08,29.430000000254907,3.9999999999367004,0.2718314644853588,4,-3.27910544435997e-06,6.423077266027404e-06,2.0503755275571678e-08,19.619185747084543,3.999999999935076,0.407764119418614,6,-3.0922778605155243e-06,9.223541979826791e-06,2.0098232961190367e-09,9.808970364319602,3.999999999952105,0.8155799949202037,5,-1.9857208499729495e-06,2.0027049392249784e-15,-1.5191499474899616e-11,-3.879202443005193e-11,7
5.98,4.0,2.168792230900123e-06,-2.7725346443144453e-08,29.43000000026342,3.999999999917648,0.27183146448398543,4,-3.27910544435997e-06,6.423179785101897e-06,2.0503855279277863e-08,19.619185747124238,3.999999999915082,0.4077641194157508,6,-3.0922779345882168e-06,9.22355202950711e-06,2.0100251880699265e-09,9.808970364382866,3.999999999932395,0.8155799949109248,5,-1.985720967927207e-06,-1.1307885254770635e-15,-1.456404583030246e-11,-3.814189559039983e-11,7
5.985,4.0,2.1686536041443682e-06,-2.7725353569274944e-08,29.43000000025704,3.999999999913078,0.27183146448373374,4,-3.27910544435997e-06,6.423282304720526e-06,2.0503970084652393e-08,19.619185747148,3.9999999999114038,0.407764119414882,6,-3.0922780055175902e-06,9.223562080394721e-06,2.010272393836154e-09,9.808970364430522,3.999999999931984,0.8155799949068786,5,-1.985721085638603e-06,-7.382136639696082e-16,-1.3936242243407947e-11,-3.74622437000769e-11,7
5.99,4.0,2.168514977351129e-06,-2.7725360883913146e-08,29.430000000255276,3.999999999918158,0.2718314644840953,4,-3.27910544435997e-06,6.4233848248834725e-06,2.050407885632848e-08,19.61918574717653,3.9999999999163856,0.40776411941479684,6,-3.0922780733244615e-06,9.22357213262588e-06,2.0105329010346323e-09,9.808970364479167,3.9999999999357714,0.8155799949036061,5,-1.98572120290591e-06,1.984941370830976e-15,-1.3309852636557594e-11,-3.676034116398364e-11,7
5.995,4.0,2.1683763505183315e-06,-2.772536977686023e-08,29.430000000247777,3.9999999999124083,0.2718314644837738,4,-3.2791054443565004e-06,6.423487345618009e-06,2.0504192107132613e-08,19.619185747200255,3.9999999999110836,0.4077641194137633,6,-3.0922781380574027e-06,9.223582185979531e-06,2.0107649798338943e-09,9.80897036452878,3.999999999932543,0.8155799948988228,5,-1.985721320062195e-06,8.068683899390728e-17,-1.2702267543209132e-11,-3.612136962163981e-11,7
6.0,4.0,2.168237723644596e-06,-2.7725378227203317e-08,29.430000000254328,3.99999999990976,0.27183146448353335,4,-3.2791054443565004e-06,6.423589866909464e-06,2.050430113207665e-08,19.61918574723735,3.999999999908174,0.4077641194126957,6,-3.0922781997441695e-06,9.223592240499372e-06,2.011005564333914e-09,9.80897036458753,3.999999999928459,0.8155799948931052,5,-1.9857214370311294e-06,-9.265074889460347e-16,-1.2094346718418025e-11,-3.546264321488501e-11,7
6.005,4.0,2.1680990967283443e-06,-2.772538478668772e-08,29.430000000242778,3.9999999999082085,0.27183146448353457,4,-3.2791054443565004e-06,6.423692388738115e-06,2.0504411932290613e-08,19.619185747256317,3.9999999999081166,0.4077641194122956,6,-3.0922782584194564e-06,9.223602296373943e-06,2.0112805558055538e-09,9.808970364626171,3.99999999993232,0.8155799948906796,5,-1.9857215535629136e-06,1.198015290976665e-15,-1.1492366030897871e-11,-3.4768451843831594e-11,7
6.01,4.0,2.167960469776973e-06,-2.772539365346133e-08,29.430000000236888,3.999999999904865,0.27183146448336176,4,-3.2791054443565004e-06,6.423794911131321e-06,2.0504525081020063e-08,19.619185747281048,3.999999999904025,0.40776411941136453,6,-3.092278314111019e-06,9.223612353495393e-06,2.011527285513892e-09,9.808970364675655,3.999999999928398,0.8155799948857655,5,-1.985721669824081e-06,9.209036240302259e-16,-1.0902970831584867e-11,-3.41379215491886e-11,7
6.015000000000001,4.0,2.1678218427895605e-06,-2.7725400001606593e-08,29.430000000230677,3.9999999999193916,0.2718314644844063,4,-3.2791054443565004e-06,6.423897434087089e-06,2.0504634311637612e-08,19.619185747305238,3.9999999999187383,0.4077641194123616,6,-3.092278366874368e-06,9.22362241181646e-06,2.0117516443867395e-09,9.808970364723868,3.9999999999401608,0.8155799948841551,5,-1.9857217858701426e-06,3.272520433010055e-17,-1.0317105253311754e-11,-3.3514720502864976e-11,7
6.0200000000000005,4.0,2.1676832157600298e-06,-2.7725408852853714e-08,29.43000000024442,3.9999999999157527,0.2718314644840321,4,-3.2791054443565004e-06,6.423999957569409e-06,2.050473958480244e-08,19.619185747348794,3.999999999914023,0.4077641194109757,6,-3.0922784166956263e-06,9.223632471333317e-06,2.011997903907814e-09,9.80897036478774,3.9999999999331193,0.8155799948774087,5,-1.9857219016455874e-06,1.72914598595734e-15,-9.730900390882314e-12,-3.2867698511324986e-11,7
6.025,4.0,2.167544588697074e-06,-2.7725412639273904e-08,29.430000000176797,3.999999999924941,0.2718314644852811,4,-3.279105444353031e-06,6.424102481604957e-06,2.0504859908287828e-08,19.619185747310926,3.9999999999276485,0.4077641194131517,6,-3.0922784636511214e-06,9.223642531953382e-06,2.012180964966704e-09,9.808970364765734,3.999999999964836,0.8155799948857053,5,-1.985722017289193e-06,1.6740789239359323e-15,-9.158371699759416e-12,-3.2324699976300284e-11,7
6.03,4.0,2.1674059615880553e-06,-2.7725424435760826e-08,29.43000000024498,3.999999999903754,0.2718314644832115,4,-3.279105444353031e-06,6.42420500616677e-06,2.0504956525245815e-08,19.61918574741047,3.9999999999037748,0.4077641194086491,6,-3.092278507768609e-06,9.223652593678152e-06,2.0124526171248303e-09,9.808970364887564,3.999999999928451,0.8155799948681568,5,-1.9857221327662655e-06,-4.113640055199618e-16,-8.592948435994118e-12,-3.16608434509933e-11,7
6.035,4.0,2.167267334447351e-06,-2.7725431806059214e-08,29.43000000024496,3.9999999999120592,0.2718314644837761,4,-3.279105444353031e-06,6.424307531265415e-06,2.0505061043891762e-08,19.61918574743995,3.9999999999093756,0.40776411940860735,6,-3.0922785490480886e-06,9.223662656679249e-06,2.012702717673575e-09,9.808970364945957,3.9999999999264997,0.8155799948629039,5,-1.985722247903332e-06,1.4431525348138998e-15,-8.02862473711241e-12,-3.102458440554324e-11,7
6.04,4.0,2.1671287072704475e-06,-2.7725438448634193e-08,29.43000000022539,3.9999999999115703,0.27183146448392365,4,-3.279105444346092e-06,6.424410056906673e-06,2.0505173727106293e-08,19.619185747450885,3.9999999999089386,0.4077641194083355,6,-3.0922785875311942e-06,9.223672720932707e-06,2.012944870508075e-09,9.80897036498068,3.9999999999291767,0.8155799948605624,5,-1.9857223627350873e-06,2.654279502915339e-16,-7.475371294053844e-12,-3.042794522303916e-11,7
6.045,4.0,2.166990080055408e-06,-2.7725438757082024e-08,29.430000000158543,3.999999999923814,0.2718314644853731,4,-3.2791054443426226e-06,6.424512583142322e-06,2.0505309136969436e-08,19.619185747412107,3.999999999928202,0.4077641194111052,6,-3.092278623266498e-06,9.223682786603623e-06,2.013200196782942e-09,9.808970364954735,3.99999999996931,0.8155799948709027,5,-1.9857224772407145e-06,1.8943471720215636e-15,-6.920869072137179e-12,-2.986409581143357e-11,7
6.05,4.0,2.1668514528184037e-06,-2.7725451932270773e-08,29.43000000022719,3.9999999999295976,0.2718314644851321,4,-3.2791054443426226e-06,6.424615109902092e-06,2.0505386488553097e-08,19.619185747511622,3.9999999999271147,0.40776411940892604,6,-3.092278656295633e-06,9.223692853221098e-06,2.0134032675013583e-09,9.808970365080555,3.999999999943585,0.8155799948551962,5,-1.9857225916838916e-06,-1.857666869161298e-16,-6.381270484103083e-12,-2.925437376080732e-11,7
6.055,4.0,2.1667128255267666e-06,-2.7725458652051577e-08,29.430000000235452,3.999999999909947,0.27183146448372036,4,-3.279105444370378e-06,6.424717637179996e-06,2.0505503346009226e-08,19.619185747549057,3.9999999999105107,0.4077641194064554,6,-3.0922786866463547e-06,9.223702921091467e-06,2.0136798795693755e-09,9.808970365138682,3.999999999932249,0.8155799948480517,5,-1.9857227058078797e-06,-5.537929844029084e-15,-5.8632546316677005e-12,-2.866590404340764e-11,7
6.0600000000000005,4.0,2.1665741982164397e-06,-2.772546486662563e-08,29.43000000022156,3.99999999992353,0.27183146448477175,4,-3.279105444384256e-06,6.424820164997217e-06,2.0505601971413072e-08,19.61918574756471,3.9999999999227094,0.4077641194073736,6,-3.0922787143186636e-06,9.223712990145187e-06,2.013895079565285e-09,9.808970365179157,3.999999999941361,0.8155799948465443,5,-1.9857228196681898e-06,-4.735364948989698e-16,-5.31969832059542e-12,-2.8075373752074257e-11,7
6.065,4.0,2.166435570865701e-06,-2.7725472022816507e-08,29.43000000021013,3.9999999999189977,0.27183146448456935,4,-3.279105444384256e-06,6.42492269329798e-06,2.0505702125399383e-08,19.619185747583487,3.9999999999195,0.4077641194066562,6,-3.0922787393125595e-06,9.223723060316727e-06,2.0141219223682995e-09,9.808970365221363,3.999999999941993,0.8155799948431638,5,-1.9857229332786996e-06,4.057601406041541e-16,-4.78985903703699e-12,-2.7490947022841055e-11,7
6.07,4.0,2.16629694348668e-06,-2.772547923921946e-08,29.430000000214825,3.9999999999373808,0.2718314644857752,4,-3.2791054443807865e-06,6.425025222122842e-06,2.0505805148772356e-08,19.6191857476215,3.9999999999324203,0.4077641194071832,6,-3.0922787616904923e-06,9.223733131509295e-06,2.0143070062644027e-09,9.808970365292954,3.9999999999379314,0.8155799948363832,5,-1.9857230467712483e-06,-7.701880870788119e-16,-4.271942660584613e-12,-2.6980768456781107e-11,7
6.075,4.0,2.1661583160612317e-06,-2.7725487563957942e-08,29.430000000227395,3.999999999903865,0.27183146448338147,4,-3.2791054443807865e-06,6.425127751446603e-06,2.0505907833114395e-08,19.619185747660847,3.999999999902355,0.40776411940330054,6,-3.0922787815010344e-06,9.223743203865073e-06,2.0145821959409132e-09,9.808970365340379,3.999999999922151,0.8155799948292224,5,-1.9857231600209357e-06,-1.381254839832498e-15,-3.754592941964005e-12,-2.6369214982253423e-11,7
6.08,4.0,2.1660196886153033e-06,-2.7725491527434055e-08,29.430000000212658,3.9999999999196127,0.2718314644845878,4,-3.2791054443807865e-06,6.425230281305648e-06,2.050601153990871e-08,19.61918574767448,3.9999999999187126,0.40776411940468477,6,-3.092278798737247e-06,9.223753277443947e-06,2.0148041246450636e-09,9.808970365378173,3.9999999999377973,0.8155799948292702,5,-1.985723272958373e-06,4.515970220590302e-17,-3.242632689994137e-12,-2.5812543828635853e-11,7
6.085,4.0,2.165881061132761e-06,-2.772549908773576e-08,29.430000000202707,3.9999999999152074,0.27183146448438034,4,-3.2791054443807865e-06,6.425332811677219e-06,2.050611745836219e-08,19.619185747694814,3.9999999999127414,0.40776411940365337,6,-3.092278813447702e-06,9.22376335221909e-06,2.015049547496951e-09,9.808970365424027,3.9999999999307603,0.8155799948240228,5,-1.9857233856043766e-06,-3.7406051189255606e-16,-2.7447447369059985e-12,-2.5262168083657114e-11,7
6.09,4.0,2.1657424336217374e-06,-2.772550479047116e-08,29.43000000021234,3.9999999999178337,0.2718314644844698,4,-3.2791054443807865e-06,6.4254353425688385e-06,2.0506218204698904e-08,19.61918574773316,3.9999999999165268,0.4077641194032423,6,-3.092278825667094e-06,9.223773428144366e-06,2.015276600467274e-09,9.80897036547638,3.9999999999349196,0.8155799948205178,5,-1.9857234980352745e-06,-8.252551491002196e-16,-2.2426930033863055e-12,-2.4707793759432886e-11,7
6.095,4.0,2.1656038060799676e-06,-2.772551226150515e-08,29.430000000205574,3.9999999999127613,0.2718314644841876,4,-3.2791054443807865e-06,6.4255378739742185e-06,2.0506318005793987e-08,19.619185747754074,3.999999999912455,0.40776411940239254,6,-3.0922788353954234e-06,9.22378350501663e-06,2.0154709704032566e-09,9.808970365517759,3.9999999999351914,0.8155799948171328,5,-1.9857236104731113e-06,8.338621388996144e-16,-1.7485709267976955e-12,-2.4201866015289625e-11,7
6.1000000000000005,4.0,2.1654651785004113e-06,-2.7725518618797727e-08,29.430000000209226,3.999999999904875,0.27183146448361795,4,-3.2791054443807865e-06,6.425640405860651e-06,2.0506418825481484e-08,19.61918574778846,3.999999999903701,0.40776411940078544,6,-3.092278842674323e-06,9.223793583143712e-06,2.01573279412006e-09,9.808970365577292,3.999999999924003,0.8155799948099016,5,-1.9857237224876756e-06,8.320857820602141e-16,-1.264893828424759e-12,-2.3631207827918615e-11,7
6.105,4.0,2.1653265508964804e-06,-2.772552280531344e-08,29.430000000202178,3.999999999914964,0.2718314644843687,4,-3.2791054443807865e-06,6.425742938288916e-06,2.050652633849617e-08,19.61918574780937,3.999999999914273,0.40776411940142854,6,-3.0922788475523655e-06,9.22380366252591e-06,2.01597338984512e-09,9.808970365618006,3.9999999999343343,0.8155799948086229,5,-1.9857238341830508e-06,6.508973844413885e-16,-7.827870294978524e-13,-2.309811603498724e-11,7
6.11,4.0,2.1651879232655774e-06,-2.7725528947916634e-08,29.43000000020655,3.999999999921205,0.27183146448475237,4,-3.2791054443807865e-06,6.425845471222433e-06,2.0506624520006264e-08,19.619185747843368,3.999999999920259,0.40776411940133217,6,-3.0922788500295506e-06,9.223813743036651e-06,2.0161927218672605e-09,9.808970365673636,3.999999999936777,0.8155799948044954,5,-1.9857239456563813e-06,1.0896575237732506e-15,-3.0557942273401143e-13,-2.2577261564322495e-11,7
6.115,4.0,2.1650492956065487e-06,-2.7725535843957434e-08,29.430000000200433,3.9999999999273896,0.2718314644852292,4,-3.2791054443738477e-06,6.425948004659048e-06,2.05067233074376e-08,19.619185747866286,3.999999999924465,0.4077641194012846,6,-3.092278850133634e-06,9.223823824523297e-06,2.0163721592139797e-09,9.808970365720073,3.999999999937889,0.8155799948008611,5,-1.985724057067262e-06,7.507812208970455e-19,1.640342585413934e-13,-2.2111738832848228e-11,7
6.12,4.0,2.1649106679059e-06,-2.77255413494053e-08,29.430000000203794,3.9999999999094054,0.271831464483976,4,-3.2791054443738477e-06,6.426050538576217e-06,2.0506827039275608e-08,19.619185747897898,3.9999999999087397,0.40776411939902457,6,-3.092278847920127e-06,9.223833907196573e-06,2.016636919353563e-09,9.808970365766156,3.9999999999290665,0.8155799947952307,5,-1.985724168165892e-06,-5.108399885263751e-16,6.337332049450895e-13,-2.1562181988372455e-11,7
6.125,4.0,2.1647720401864237e-06,-2.7725546289703744e-08,29.430000000197495,3.9999999999205595,0.2718314644847922,4,-3.2791054443738477e-06,6.42615307301093e-06,2.0506924642175132e-08,19.619185747920113,3.999999999919175,0.4077641193996266,6,-3.0922788433682125e-06,9.223843991079588e-06,2.0168688637604195e-09,9.808970365816844,3.9999999999355795,0.8155799947923441,5,-1.9857242789522722e-06,2.5299345241573256e-16,1.0942395047048893e-12,-2.1036998536090092e-11,7
6.13,4.0,2.1646334124371406e-06,-2.7725552136311238e-08,29.43000000017885,3.9999999999170854,0.2718314644847283,4,-3.279105444370378e-06,6.426255607939697e-06,2.0507027448095833e-08,19.619185747930256,3.9999999999157696,0.40776411939906865,6,-3.092278836526463e-06,9.223854076113065e-06,2.017095870634423e-09,9.808970365849573,3.9999999999359694,0.8155799947897022,5,-1.9857243894680354e-06,7.059644464627963e-16,1.5480986771716533e-12,-2.0542867577717288e-11,7
6.135,4.0,2.16449478466581e-06,-2.7725558155598418e-08,29.4300000001981,3.99999999993031,0.2718314644854492,4,-3.279105444370378e-06,6.426358143386463e-06,2.050712304273204e-08,19.619185747977284,3.999999999927151,0.4077641193992515,6,-3.092278827436512e-06,9.223864162117027e-06,2.0172760896944317e-09,9.808970365915563,3.9999999999384075,0.8155799947847125,5,-1.985724499962982e-06,-1.0099962603978456e-15,1.9940157582094586e-12,-2.0094387213760228e-11,7
6.140000000000001,4.0,2.1643561568553052e-06,-2.7725563080104858e-08,29.43000000019109,3.999999999917992,0.2718314644846768,4,-3.279105444370378e-06,6.426460679297658e-06,2.0507222124769225e-08,19.619185747998703,3.999999999917037,0.4077641193977753,6,-3.0922788160983594e-06,9.223874249283418e-06,2.017530254423614e-09,9.808970365957608,3.9999999999335794,0.8155799947802322,5,-1.9857246101456782e-06,-2.426101057769374e-16,2.443339891665234e-12,-1.9563572710296966e-11,7
6.1450000000000005,4.0,2.164217529025779e-06,-2.7725567928589075e-08,29.43000000017325,3.999999999923087,0.27183146448518786,4,-3.2791054443669088e-06,6.426563215700988e-06,2.050732041195982e-08,19.61918574801043,3.9999999999214553,0.4077641193979819,6,-3.092278802532822e-06,9.223884337606599e-06,2.0177460372544996e-09,9.808970365988998,3.999999999940648,0.8155799947790635,5,-1.9857247200161243e-06,9.759706860516346e-16,2.891736766850842e-12,-1.907112573820791e-11,7
6.15,4.0,2.164078901165202e-06,-2.7725573751539822e-08,29.43000000019107,3.9999999999156413,0.2718314644845173,4,-3.2791054443669088e-06,6.4266657526009556e-06,2.0507420932459616e-08,19.619185748055433,3.9999999999148956,0.4077641193963779,6,-3.0922787867884716e-06,9.22389442707583e-06,2.017988474914091e-09,9.808970366052197,3.9999999999329106,0.8155799947722312,5,-1.985724829643709e-06,-6.95581099824001e-16,3.3203041706382252e-12,-1.8583341702822278e-11,7
6.155,4.0,2.163940273286489e-06,-2.7725580334897e-08,29.430000000191907,3.9999999999196776,0.27183146448478385,4,-3.2791054443669088e-06,6.426768290005419e-06,2.050751334462941e-08,19.619185748083865,3.999999999917394,0.4077641193960417,6,-3.0922787688722475e-06,9.223904517487682e-06,2.018170246265723e-09,9.80897036610369,3.9999999999325677,0.8155799947678798,5,-1.9857249392504772e-06,1.0200312106671133e-16,3.752385208253942e-12,-1.8142155060047795e-11,7
6.16,4.0,2.1638016453720155e-06,-2.772558550745732e-08,29.43000000018889,3.9999999999125024,0.2718314644843241,4,-3.2791054443634393e-06,6.426870827858969e-06,2.050760920992743e-08,19.619185748109015,3.9999999999101865,0.4077641193947842,6,-3.092278748818844e-06,9.223914609050818e-06,2.0184127150264128e-09,9.808970366149097,3.9999999999273967,0.81557999476305,5,-1.9857250485172395e-06,2.0169157939401816e-15,4.1846065780599724e-12,-1.763375462718409e-11,7
6.165,4.0,2.1636630174357393e-06,-2.7725589097198405e-08,29.430000000173,3.9999999999142424,0.2718314644845891,4,-3.2791054443634393e-06,6.426973366217714e-06,2.050771342288036e-08,19.619185748121602,3.9999999999131517,0.4077641193948249,6,-3.092278726642139e-06,9.223924701806425e-06,2.018644994853038e-09,9.808970366181923,3.9999999999339355,0.8155799947616539,5,-1.9857251574786905e-06,1.3220118733651572e-16,4.603295661463451e-12,-1.7170743664280735e-11,7
6.17,4.0,2.1635243894773157e-06,-2.7725593658537566e-08,29.430000000177465,3.99999999992166,0.27183146448505197,4,-3.2791054443634393e-06,6.42707590506959e-06,2.0507807306357373e-08,19.619185748153765,3.9999999999206066,0.40776411939491636,6,-3.0922787023698883e-06,9.223934795690062e-06,2.018865948076144e-09,9.808970366236085,3.9999999999370415,0.8155799947577838,5,-1.985725266211158e-06,2.1213724510952699e-16,5.018849475045388e-12,-1.67019311199399e-11,7
6.175,4.0,2.1633857614925414e-06,-2.7725599926171415e-08,29.430000000171475,3.9999999999163824,0.27183146448474865,4,-3.27910544435997e-06,6.4271784443867826e-06,2.0507901425786597e-08,19.619185748174857,3.999999999914837,0.40776411939388985,6,-3.092278676022908e-06,9.223944890643494e-06,2.0190825731689174e-09,9.808970366278157,3.999999999933779,0.8155799947536205,5,-1.9857253746938253e-06,2.024021221297782e-15,5.4359025337997785e-12,-1.624149232174e-11,7
6.18,4.0,2.163247133477352e-06,-2.772561313303114e-08,29.430000000212555,3.9999999998771583,0.2718314644817036,4,-3.27910544435997e-06,6.4272809841922315e-06,2.0507993745435523e-08,19.619185748245307,3.999999999867703,0.4077641193876207,6,-3.0922786476289543e-06,9.223954986578421e-06,2.0193372813505833e-09,9.80897036637151,3.999999999875943,0.8155799947340661,5,-1.985725483148737e-06,-2.03317779989239e-15,5.832330313291893e-12,-1.5784867361674287e-11,7
6.1850000000000005,4.0,2.1631085054489744e-06,-2.772560562934254e-08,29.43000000016947,3.999999999933894,0.27183146448595724,4,-3.27910544435997e-06,6.4273835245408284e-06,2.050810795114119e-08,19.61918574822835,3.999999999932615,0.4077641193945903,6,-3.0922786172227212e-06,9.223965083941583e-06,2.0195478710334616e-09,9.808970366369623,3.9999999999478204,0.8155799947488784,5,-1.9857255911456817e-06,-1.5236430333705392e-17,6.243320666153411e-12,-1.5346979413550574e-11,7
6.19,4.0,2.1629698773990933e-06,-2.772561386035919e-08,29.43000000016481,3.9999999999295146,0.2718314644857026,4,-3.2791054443565004e-06,6.427486065314713e-06,2.0508186654103254e-08,19.619185748252995,3.999999999927023,0.40776411939350804,6,-3.09227858479727e-06,9.223975182211788e-06,2.0197314056815774e-09,9.808970366415444,3.999999999942003,0.8155799947438823,5,-1.985725698969154e-06,6.206993181715842e-16,6.6458786530982954e-12,-1.4901181348421006e-11,7
6.195,4.0,2.1628312493158328e-06,-2.7725618077346463e-08,29.430000000168803,3.9999999999231157,0.2718314644852309,4,-3.2791054443565004e-06,6.427588606540735e-06,2.0508283343070428e-08,19.61918574828429,3.999999999922114,0.4077641193923572,6,-3.092278550408112e-06,9.223985281525238e-06,2.019947536622677e-09,9.808970366465806,3.9999999999394467,0.8155799947391738,5,-1.985725806570582e-06,-1.1414466665134642e-15,7.0367695283219996e-12,-1.447093528742039e-11,7
6.2,4.0,2.162692621215748e-06,-2.7725623873733294e-08,29.430000000174836,3.9999999999221867,0.27183146448511203,4,-3.2791054443565004e-06,6.427691148240913e-06,2.0508371670290784e-08,19.619185748316603,3.999999999920214,0.40776411939149193,6,-3.09227851403443e-06,9.223995381705943e-06,2.020124667858774e-09,9.80897036651524,3.999999999936504,0.8155799947344635,5,-1.9857259141858874e-06,-6.476194651601944e-16,7.428555687392761e-12,-1.4065028867833236e-11,7
6.205,4.0,2.1625539930851024e-06,-2.7725626523838668e-08,29.430000000177177,3.9999999999195355,0.27183146448491025,4,-3.2791054443565004e-06,6.42779369038396e-06,2.0508468230936073e-08,19.61918574834655,3.9999999999193587,0.40776411939078233,6,-3.0922784757317356e-06,9.224005483073954e-06,2.0203661321578723e-09,9.808970366562258,3.9999999999378355,0.8155799947308255,5,-1.985726021419554e-06,1.1091974490066532e-15,7.82177714278976e-12,-1.3597855900855169e-11,7
6.21,4.0,2.162415364938723e-06,-2.772563093778509e-08,29.430000000151097,3.999999999922537,0.2718314644853551,4,-3.2791054443565004e-06,6.427896233013672e-06,2.0508564765487112e-08,19.61918574834729,3.9999999999214015,0.4077641193909751,6,-3.0922784355139066e-06,9.224015585555456e-06,2.0205805210377133e-09,9.808970366593137,3.9999999999396354,0.8155799947286252,5,-1.985726128396481e-06,5.62079542471376e-16,8.196238493605852e-12,-1.3184110418535742e-11,7
6.215,4.0,2.162276736773909e-06,-2.772563040853784e-08,29.430000000097813,3.999999999940318,0.27183146448705564,4,-3.279105444353031e-06,6.4279987761216914e-06,2.0508669243783393e-08,19.619185748320177,3.999999999943902,0.40776411939383245,6,-3.0922783933878817e-06,9.224025689105108e-06,2.0207508332611685e-09,9.808970366575908,3.99999999997691,0.8155799947376577,5,-1.9857262351791194e-06,2.215867759953009e-15,8.581523186644406e-12,-1.2822570287369448e-11,7
6.22,4.0,2.1621381085753117e-06,-2.7725646652793204e-08,29.430000000100822,3.9999999998834985,0.27183146448316653,4,-3.27910544435997e-06,6.4281013196660785e-06,2.0508749512502954e-08,19.61918574836051,3.999999999877793,0.4077641193862549,6,-3.092278349409172e-06,9.22403579357902e-06,2.021015981041988e-09,9.808970366671613,3.999999999899587,0.8155799947139345,5,-1.985726341864613e-06,-7.854299162607012e-15,8.920693656132132e-12,-1.2376768669526203e-11,7
6.2250000000000005,4.0,2.1619994803653753e-06,-2.7725641995426844e-08,29.430000000160145,3.999999999928036,0.2718314644856452,4,-3.2791054443877254e-06,6.428203863744257e-06,2.050885292535215e-08,19.619185748437104,3.999999999927369,0.40776411938971685,6,-3.092278303633289e-06,9.224045899353173e-06,2.0212372513812583e-09,9.808970366736586,3.999999999944733,0.8155799947177372,5,-1.9857264482031622e-06,-2.983528708971526e-15,9.306648035699141e-12,-1.1943417536770315e-11,7
6.23,4.0,2.1618608521367745e-06,-2.772564822485576e-08,29.430000000160412,3.999999999925335,0.2718314644854592,4,-3.279105444391195e-06,6.428306408247037e-06,2.0508933474600098e-08,19.619185748465124,3.9999999999249094,0.4077641193888837,6,-3.0922782559769657e-06,9.22405600613782e-06,2.0214417614103276e-09,9.808970366784234,3.9999999999425024,0.8155799947133208,5,-1.98572655429885e-06,-1.2053955127318753e-15,9.680279827871231e-12,-1.151305245986146e-11,7
6.235,4.0,2.1617222238910044e-06,-2.7725649761412094e-08,29.43000000014976,3.9999999999576734,0.27183146448775525,4,-3.2791054443877254e-06,6.428408953195469e-06,2.0509024951571874e-08,19.619185748483275,3.999999999955221,0.40776411939159646,6,-3.0922782064679577e-06,9.22406611383398e-06,2.0215823450391835e-09,9.808970366825578,3.9999999999627516,0.8155799947140118,5,-1.9857266602904544e-06,6.029357497775797e-16,1.0049305526758758e-11,-1.1176107765493502e-11,7
6.24,4.0,2.1615835956063143e-06,-2.7725657813702604e-08,29.43000000015873,3.999999999906249,0.2718314644841777,4,-3.279105444391195e-06,6.4285114985582866e-06,2.0509111960075166e-08,19.619185748516585,3.999999999907333,0.40776411938602236,6,-3.092278155182593e-06,9.224076222549482e-06,2.021848685062447e-09,9.808970366876816,3.999999999930151,0.8155799947031045,5,-1.985726766080831e-06,-1.16809201910447e-15,1.0394986344062887e-11,-1.0721044223089627e-11,7
6.245,4.0,2.161444967315289e-06,-2.7725659231751626e-08,29.430000000150947,3.9999999999283116,0.2718314644857489,4,-3.279105444391195e-06,6.428614044411795e-06,2.0509206814208728e-08,19.619185748536374,3.999999999927612,0.40776411938767837,6,-3.092278102141688e-06,9.224086332433366e-06,2.022060003421813e-09,9.808970366916496,3.99999999994352,0.8155799947025311,5,-1.9857268715450793e-06,-8.145970080638199e-16,1.0750788842637916e-11,-1.03216268350368e-11,7
6.25,4.0,2.161306339003736e-06,-2.7725664696658938e-08,29.43000000014269,3.9999999999233,0.2718314644854846,4,-3.279105444391195e-06,6.428716590707601e-06,2.050929347106153e-08,19.619185748553654,3.999999999921412,0.4077641193866872,6,-3.0922780473105482e-06,9.22409644336647e-06,2.0222728362808224e-09,9.808970366960054,3.999999999936941,0.815579994697568,5,-1.9857269767595276e-06,1.700724276526935e-15,1.1102157554541805e-11,-9.920587633189604e-12,7
6.255,4.0,2.1611677106731025e-06,-2.772566820889151e-08,29.43000000015021,3.9999999999281024,0.2718314644857415,4,-3.2791054443877254e-06,6.428819137444742e-06,2.0509382359378935e-08,19.6191857485896,3.999999999926392,0.40776411938644774,6,-3.092277990758563e-06,9.22410655530197e-06,2.022467695586439e-09,9.808970367011389,3.999999999940021,0.8155799946939276,5,-1.9857270817935646e-06,-2.4083374893753864e-16,1.1447504416760127e-11,-9.544323280181521e-12,7
6.26,4.0,2.161029082324151e-06,-2.7725672493816513e-08,29.43000000014994,3.9999999999240816,0.2718314644854708,4,-3.2791054443877254e-06,6.4289216846476506e-06,2.0509471899254676e-08,19.61918574861469,3.9999999999236104,0.4077641193856427,6,-3.0922779325065486e-06,9.224116668133156e-06,2.022650131394153e-09,9.808970367056101,3.9999999999403233,0.8155799946902715,5,-1.9857271868276016e-06,-6.156450420509915e-16,1.1782560843807802e-11,-9.195809173718552e-12,7
6.265000000000001,4.0,2.1608904539517422e-06,-2.7725675844620077e-08,29.430000000151963,3.9999999999241562,0.27183146448545714,4,-3.2791054443877254e-06,6.429024232267765e-06,2.0509558979789693e-08,19.619185748643165,3.9999999999234923,0.40776411938503887,6,-3.0922778725475664e-06,9.224126782031478e-06,2.022868411635284e-09,9.808970367100034,3.9999999999397025,0.8155799946864921,5,-1.9857272915424495e-06,1.1642645110280596e-15,1.2129339449638681e-11,-8.784515063837497e-12,7
6.2700000000000005,4.0,2.160751825561771e-06,-2.772567905059225e-08,29.430000000141078,3.9999999999199267,0.2718314644852703,4,-3.2791054443877254e-06,6.42912678034344e-06,2.0509652653034213e-08,19.61918574865905,3.999999999919422,0.4077641193842938,6,-3.0922778109163107e-06,9.224136897079952e-06,2.0230993161809808e-09,9.808970367140576,3.999999999936572,0.815579994682483,5,-1.985727395903414e-06,5.816194677047775e-16,1.2457825132737414e-11,-8.401111532691864e-12,7
6.275,4.0,2.1606131971578476e-06,-2.7725683077099948e-08,29.43000000015258,3.9999999999222937,0.27183146448532486,4,-3.2791054443877254e-06,6.429229328875151e-06,2.0509740437217152e-08,19.619185748696935,3.9999999999216342,0.4077641193837319,6,-3.0922777476335983e-06,9.22414701314728e-06,2.023303241272242e-09,9.808970367192183,3.999999999938079,0.8155799946784993,5,-1.9857275001117225e-06,-1.537922638069262e-16,1.2788579223520062e-11,-8.028106794484081e-12,7
6.28,4.0,2.1604745687380626e-06,-2.7725684905281532e-08,29.43000000014156,3.999999999936936,0.2718314644864217,4,-3.279105444384256e-06,6.429331877846465e-06,2.050982789361571e-08,19.619185748712525,3.9999999999358113,0.40776411938485313,6,-3.092277682699429e-06,9.224157130257477e-06,2.023494341029135e-09,9.808970367228929,3.9999999999490568,0.8155799946776824,5,-1.9857276040841088e-06,1.1340664447582555e-15,1.3119542924409759e-11,-7.665024785581188e-12,7
6.285,4.0,2.160335940296063e-06,-2.772569134649384e-08,29.43000000014318,3.9999999999155333,0.27183146448495227,4,-3.2791054443807865e-06,6.4294344272457694e-06,2.050991192229309e-08,19.619185748740236,3.9999999999155387,0.4077641193822105,6,-3.0922776161554366e-06,9.22416724818023e-06,2.0236841307955296e-09,9.808970367275846,3.9999999999340976,0.8155799946707313,5,-1.9857277080773117e-06,-5.659070505477844e-16,1.3436603080317471e-11,-7.321164734037446e-12,7
6.29,4.0,2.160197311837063e-06,-2.7725691836479847e-08,29.43000000012385,3.9999999999269447,0.27183146448590634,4,-3.2791054443807865e-06,6.429536977091592e-06,2.051000672336198e-08,19.619185748745252,3.99999999992722,0.4077641193832971,6,-3.0922775480085596e-06,9.224177367276052e-06,2.0238978502026528e-09,9.808970367300002,3.999999999947797,0.815579994671516,5,-1.9857278116819366e-06,1.4961635936097496e-17,1.3756842914967708e-11,-6.955277857685139e-12,7
6.295,4.0,2.1600586833628173e-06,-2.7725695445089806e-08,29.430000000134214,3.9999999999268865,0.27183146448580664,4,-3.2791054443807865e-06,6.429639527372752e-06,2.051009209357365e-08,19.61918574878306,3.999999999926795,0.407764119382468,6,-3.0922774782796147e-06,9.224187487430702e-06,2.0241136043907213e-09,9.808970367354743,3.9999999999453273,0.8155799946664609,5,-1.9857279150367613e-06,2.618752366127323e-16,1.4075372117981603e-11,-6.578064930124818e-12,7
6.3,4.0,2.1599200548738284e-06,-2.7725700354561136e-08,29.430000000130487,3.9999999999253264,0.27183146448573503,4,-3.279105444377317e-06,6.429742078082595e-06,2.0510175999798392e-08,19.61918574880562,3.9999999999236584,0.40776411938167934,6,-3.092277406975541e-06,9.224197608569317e-06,2.0243079827376433e-09,9.808970367400827,3.999999999939586,0.8155799946614587,5,-1.985728018183419e-06,-9.872520178551834e-17,1.438328936523692e-11,-6.234972264735695e-12,7
6.305,4.0,2.1597814263681623e-06,-2.7725703376609606e-08,29.430000000140588,3.9999999999286926,0.27183146448587053,4,-3.2791054443738477e-06,6.4298446292408985e-06,2.0510262866840185e-08,19.619185748839943,3.999999999927434,0.4077641193813509,6,-3.0922773341310328e-06,9.22420773062194e-06,2.0244881820862687e-09,9.808970367451288,3.9999999999426787,0.8155799946578935,5,-1.9857281212953826e-06,-7.044628840210036e-16,1.4690798050419177e-11,-5.91199684055278e-12,7
6.3100000000000005,4.0,2.1596427978426645e-06,-2.7725706426779703e-08,29.43000000013422,3.9999999999232294,0.27183146448555806,4,-3.2791054443738477e-06,6.429947180800815e-06,2.0510345312951176e-08,19.619185748859287,3.9999999999227187,0.40776411938046814,6,-3.092277259753029e-06,9.224217853690666e-06,2.0247011780338547e-09,9.808970367490117,3.9999999999398512,0.8155799946540885,5,-1.9857282241089735e-06,6.722136665141906e-16,1.499745941338904e-11,-5.538430773583746e-12,7
6.315,4.0,2.1595041693025128e-06,-2.7725708720799894e-08,29.430000000126068,3.99999999992522,0.2718314644857686,4,-3.2791054443738477e-06,6.430049732800775e-06,2.05104368808335e-08,19.619185748878095,3.9999999999247327,0.4077641193802825,6,-3.0922771838554075e-06,9.224227977864565e-06,2.0249177182124774e-09,9.808970367528655,3.999999999941816,0.8155799946512848,5,-1.985728326624192e-06,3.9865471324655195e-16,1.5297729444450737e-11,-5.1935866203509755e-12,7
6.32,4.0,2.1593655407540867e-06,-2.772570856845797e-08,29.430000000075808,3.999999999937126,0.271831464487042,4,-3.2791054443738477e-06,6.430152285250956e-06,2.0510532322496248e-08,19.619185748851653,3.999999999940201,0.407764119382409,6,-3.0922771064728627e-06,9.224238102985362e-06,2.0250712200628616e-09,9.808970367511755,3.999999999972137,0.8155799946588723,5,-1.985728429042266e-06,1.3827564022742908e-15,1.5601413633357766e-11,-4.914387734118241e-12,7
6.325,4.0,2.1592269121829013e-06,-2.7725715813356047e-08,29.430000000131894,3.999999999925435,0.2718314644857294,4,-3.2791054443738477e-06,6.43025483810067e-06,2.051060190042615e-08,19.619185748934516,3.999999999925033,0.4077641193791405,6,-3.0922770276123335e-06,9.224248229005535e-06,2.02528955052348e-09,9.808970367623074,3.9999999999408216,0.8155799946432315,5,-1.9857285313146233e-06,1.4644688168867022e-15,1.589175560604406e-11,-4.535737733874844e-12,7
6.33,4.0,2.159088283595283e-06,-2.7725718575741823e-08,29.43000000011724,3.9999999999144333,0.27183146448511714,4,-3.279105444370378e-06,6.430357391364289e-06,2.0510690565327806e-08,19.619185748945583,3.9999999999148086,0.4077641193778682,6,-3.09227694727382e-06,9.224258356080458e-06,2.025506920081721e-09,9.808970367654439,3.9999999999362985,0.8155799946397014,5,-1.985728633288608e-06,3.879965722101506e-16,1.6178422296429633e-11,-4.193304096873139e-12,7
6.335,4.0,2.1589496549993635e-06,-2.7725719096856883e-08,29.43000000011685,3.9999999999352474,0.2718314644865352,4,-3.279105444370378e-06,6.430459945084699e-06,2.0510779025387367e-08,19.6191857489703,3.999999999935471,0.4077641193794609,6,-3.092276865519772e-06,9.224268484253337e-06,2.025704247614328e-09,9.808970367694467,3.9999999999528804,0.8155799946397542,5,-1.9857287350197317e-06,1.9615003355492358e-16,1.6467956026753995e-11,-3.866566348904376e-12,7
6.34,4.0,2.158811026391697e-06,-2.77257225063092e-08,29.430000000119534,3.999999999950866,0.27183146448757184,4,-3.2791054443669088e-06,6.430562499222491e-06,2.0510860118175965e-08,19.619185749000266,3.99999999994763,0.4077641193800775,6,-3.092276782308556e-06,9.224278613302719e-06,2.0258675088756515e-09,9.80897036775503,3.9999999999517195,0.8155799946344818,5,-1.985728836632894e-06,6.206993181715836e-16,1.6752197990053786e-11,-3.5803757221517624e-12,7
6.345,4.0,2.1586723977612233e-06,-2.7725726846288576e-08,29.430000000121098,3.999999999926608,0.2718314644859089,4,-3.2791054443669088e-06,6.430665053750359e-06,2.051093843142169e-08,19.619185749026165,3.9999999999267826,0.407764119377414,6,-3.092276697688745e-06,9.224288743268787e-06,2.026075554017931e-09,9.808970367789199,3.9999999999440874,0.8155799946300847,5,-1.9857289381003396e-06,-4.5782892973045595e-18,1.703201682482347e-11,-3.2327444650379726e-12,7
6.3500000000000005,4.0,2.1585337691164977e-06,-2.7725728953587855e-08,29.430000000118973,3.9999999999234492,0.2718314644857138,4,-3.2791054443669088e-06,6.430767608711035e-06,2.051102833577233e-08,19.61918574904894,3.9999999999235083,0.40776411937660695,6,-3.092276611695033e-06,9.224298874358058e-06,2.026305521447961e-09,9.808970367833178,3.999999999940126,0.8155799946256204,5,-1.9857290392069626e-06,-7.755171575970132e-16,1.730870394248529e-11,-2.8933377400906063e-12,7
6.355,4.0,2.158395140466854e-06,-2.7725732706519922e-08,29.43000000012816,3.999999999930487,0.27183146448610723,4,-3.2791054443669088e-06,6.430870164097896e-06,2.051110562376898e-08,19.619185749082728,3.999999999928111,0.4077641193763738,6,-3.092276524306603e-06,9.224309006414229e-06,2.0264933248897715e-09,9.808970367885198,3.9999999999385247,0.8155799946209685,5,-1.985729140153991e-06,2.1213724510952602e-16,1.7586233053288986e-11,-2.574073125345199e-12,7
6.36,4.0,2.1582565117988644e-06,-2.772573396434945e-08,29.430000000113587,3.999999999928663,0.2718314644861179,4,-3.2791054443634393e-06,6.430972719885003e-06,2.0511191611434732e-08,19.61918574909355,3.9999999999295928,0.40776411937629997,6,-3.0922764355442722e-06,9.224319139480485e-06,2.026689051600424e-09,9.808970367909454,3.999999999948605,0.815579994621007,5,-1.9857292408442806e-06,7.734660063600052e-16,1.7862156337509866e-11,-2.2624948066438766e-12,7
6.365,4.0,2.15811788312175e-06,-2.7725738701263162e-08,29.430000000119904,3.9999999999264735,0.2718314644859107,4,-3.2791054443634393e-06,6.4310752760974315e-06,2.0511269311780202e-08,19.619185749125165,3.9999999999252775,0.40776411937520296,6,-3.092276345435796e-06,9.224329273287088e-06,2.0268480084294395e-09,9.808970367964466,3.9999999999395777,0.8155799946145923,5,-1.9857293416178368e-06,-4.486674991473672e-16,1.8122770978488795e-11,-1.994462099503612e-12,7
6.37,4.0,2.1579792544250185e-06,-2.7725738747212188e-08,29.43000000011303,3.999999999929281,0.271831464486165,4,-3.2791054443634393e-06,6.431177832704325e-06,2.0511356280066913e-08,19.61918574914262,3.999999999929384,0.4077641193752588,6,-3.09227625400893e-06,9.224339408222354e-06,2.0270640304280385e-09,9.808970367996125,3.999999999946743,0.815579994613421,5,-1.985729441988937e-06,3.524694354221458e-16,1.8395850315409794e-11,-1.661022157179791e-12,7
6.375,4.0,2.1578406257197965e-06,-2.7725743198938056e-08,29.430000000111086,3.999999999920638,0.27183146448559564,4,-3.27910544435997e-06,6.431280389716433e-06,2.0511434555347163e-08,19.6191857491659,3.9999999999199667,0.40776411937381496,6,-3.0922761612428573e-06,9.22434954412166e-06,2.0272661483655376e-09,9.808970368038686,3.9999999999384572,0.8155799946081927,5,-1.985729542124115e-06,1.5884653992751841e-16,1.865748636157138e-11,-1.348472171287317e-12,7
6.38,4.0,2.1577019970030587e-06,-2.7725743377175166e-08,29.430000000108485,3.9999999999343494,0.27183146448655143,4,-3.27910544435997e-06,6.4313829471566105e-06,2.0511522043668914e-08,19.61918574918825,3.9999999999347353,0.40776411937485596,6,-3.0922760671930893e-06,9.224359681033247e-06,2.0274515032825857e-09,9.808970368077189,3.9999999999523705,0.8155799946078283,5,-1.985729642071943e-06,-4.0958764868056175e-16,1.8916283789503603e-11,-1.0645375177207418e-12,7
6.385,4.0,2.157563368277534e-06,-2.7725747817963083e-08,29.4300000001244,3.999999999936831,0.2718314644865731,4,-3.27910544435997e-06,6.431485505005545e-06,2.051159736947448e-08,19.619185749228556,3.999999999934472,0.4077641193739914,6,-3.0922759718388093e-06,9.224369818763402e-06,2.027614661272133e-09,9.808970368140107,3.99999999994356,0.8155799946008003,5,-1.9857297419781372e-06,-2.0530661214953288e-16,1.9169967086095195e-11,-7.973663436475863e-13,7
6.390000000000001,4.0,2.1574247395292846e-06,-2.7725747756433445e-08,29.43000000011802,3.999999999932829,0.27183146448636003,4,-3.279105444384256e-06,6.431588063282803e-06,2.051169187160582e-08,19.619185749245887,3.9999999999331353,0.40776411937349494,6,-3.0922758752841006e-06,9.224379957572468e-06,2.0278447330408033e-09,9.808970368174073,3.99999999994768,0.8155799945988164,5,-1.9857298416206537e-06,-5.141802268842829e-15,1.940665597680424e-11,-5.03198098329226e-13,7
6.3950000000000005,4.0,2.1572861107799906e-06,-2.772575050465254e-08,29.43000000010492,3.999999999935666,0.2718314644866739,4,-3.2791054443981338e-06,6.431690621965581e-06,2.0511768285313126e-08,19.619185749256953,3.9999999999354263,0.4077641193734985,6,-3.0922757774456966e-06,9.224390097395274e-06,2.0280390149946033e-09,9.808970368202276,3.9999999999512434,0.8155799945971979,5,-1.985729940999492e-06,-1.3155296367746895e-15,1.966942000955884e-11,-1.8832108497713752e-13,7
6.4,4.0,2.157147482018748e-06,-2.7725753008742813e-08,29.430000000110326,3.9999999999386704,0.2718314644868281,4,-3.2791054443981338e-06,6.431793181023879e-06,2.0511840533345933e-08,19.619185749287826,3.9999999999390043,0.40776411937322155,6,-3.092275678330536e-06,9.224400238116258e-06,2.0282129632296183e-09,9.808970368245419,3.999999999954487,0.8155799945942721,5,-1.985730040163225e-06,-6.97357456663402e-16,1.992487611027615e-11,1.0381856083062767e-13,7
6.405,4.0,2.1570088532444496e-06,-2.772575690221913e-08,29.430000000110674,3.999999999935992,0.27183146448664286,4,-3.2791054443946643e-06,6.4318957404723145e-06,2.0511918998624024e-08,19.619185749313363,3.9999999999335216,0.4077641193721319,6,-3.0922755779733135e-06,9.22441037966873e-06,2.0283784740482926e-09,9.808970368299562,3.9999999999429985,0.8155799945874279,5,-1.9857301392645077e-06,-3.4563880246215243e-16,2.0166808806375106e-11,3.550273923449323e-13,7
6.41,4.0,2.15687022445318e-06,-2.772575938233348e-08,29.430000000114898,3.9999999999235194,0.27183146448575624,4,-3.2791054443946643e-06,6.431998300304134e-06,2.051199835487865e-08,19.619185749341373,3.999999999922381,0.40776411937041407,6,-3.0922754764156624e-06,9.224420522180683e-06,2.028592323129693e-09,9.808970368343537,3.9999999999362057,0.8155799945823864,5,-1.985730238129868e-06,-1.2764497863078838e-15,2.040590466060154e-11,6.637741982442505e-13,7
6.415,4.0,2.156731595657516e-06,-2.7725759971823127e-08,29.430000000109636,3.999999999932393,0.2718314644864079,4,-3.2791054443946643e-06,6.432100860551612e-06,2.0512080871663747e-08,19.61918574935979,3.99999999993109,0.40776411937091905,6,-3.0922753736506436e-06,9.22443066573461e-06,2.028786706364256e-09,9.808970368377771,3.9999999999442917,0.8155799945811887,5,-1.9857303367315504e-06,-3.101116656741474e-16,2.0649869508924775e-11,9.476626665330014e-13,7
6.42,4.0,2.156592966852082e-06,-2.7725762924575796e-08,29.430000000100534,3.999999999932904,0.2718314644865267,4,-3.2791054443946643e-06,6.432203421178711e-06,2.0512154981129785e-08,19.619185749375962,3.9999999999313065,0.407764119370605,6,-3.0922752696782574e-06,9.22444081020835e-06,2.0289701739725113e-09,9.808970368415363,3.999999999944476,0.8155799945781007,5,-1.985730435111188e-06,1.096762951130851e-15,2.088510889245287e-11,1.2295296407385148e-12,7
6.425,4.0,2.1564543380365276e-06,-2.772576597240558e-08,29.430000000116607,3.999999999933477,0.27183146448641715,4,-3.279105444391195e-06,6.432305982221196e-06,2.0512234920675673e-08,19.619185749416232,3.9999999999306173,0.4077641193696978,6,-3.0922751645609536e-06,9.224450955480464e-06,2.0291311906160876e-09,9.808970368473165,3.999999999938978,0.8155799945721737,5,-1.9857305335116426e-06,-1.6175102994727318e-15,2.111251987138973e-11,1.4559831633389377e-12,7
6.43,4.0,2.156315709204818e-06,-2.7725767441785e-08,29.430000000111235,3.9999999999243796,0.2718314644858485,4,-3.279105444391195e-06,6.432408543629593e-06,2.0512313145204465e-08,19.61918574943415,3.99999999992351,0.4077641193686009,6,-3.0922750582848546e-06,9.224461101750803e-06,2.0293425645428695e-09,9.80897036850648,3.999999999937465,0.8155799945690951,5,-1.985730631599847e-06,-6.245268262479917e-16,2.1347913797962858e-11,1.7598769623530141e-12,7
6.4350000000000005,4.0,2.156177080369872e-06,-2.772576756404274e-08,29.430000000085705,3.9999999999335287,0.2718314644867061,4,-3.279105444391195e-06,6.4325111054392465e-06,2.0512394224564662e-08,19.619185749432546,3.9999999999332094,0.407764119369623,6,-3.0922749508430214e-06,9.224471249010876e-06,2.029523988668272e-09,9.808970368524157,3.9999999999507434,0.8155799945703327,5,-1.985730729438251e-06,1.2655168508738747e-15,2.157831616181727e-11,2.0231739021594374e-12,7
6.44,4.0,2.1560384515221416e-06,-2.7725771046583387e-08,29.43000000010642,3.999999999925224,0.27183146448595036,4,-3.279105444391195e-06,6.4326136676375335e-06,2.051247179604586e-08,19.61918574947755,3.9999999999244085,0.4077641193677905,6,-3.092274842290965e-06,9.224481397213413e-06,2.0297250556257867e-09,9.808970368582157,3.999999999940196,0.8155799945633596,5,-1.985730827089305e-06,-1.3247598173412238e-16,2.1800557942351477e-11,2.296604957734639e-12,7
6.445,4.0,2.155899822675533e-06,-2.772576914704525e-08,29.430000000101927,3.9999999999684457,0.27183146448892914,4,-3.279105444391195e-06,6.432716230257983e-06,2.0512552312300382e-08,19.61918574949886,3.9999999999654525,0.40776411937153156,6,-3.092274732614808e-06,9.224491546266305e-06,2.0298479453834654e-09,9.808970368629968,3.9999999999654876,0.8155799945645412,5,-1.9857309246848476e-06,-5.481434821537809e-16,2.2023618623388642e-11,2.486646717841035e-12,7
6.45,4.0,2.155761193803541e-06,-2.7725775353567812e-08,29.43000000009585,3.9999999999217764,0.27183146448581375,4,-3.279105444391195e-06,6.4328187932058836e-06,2.0512621378585983e-08,19.61918574951487,3.999999999921205,0.4077641193666882,6,-3.092274621828428e-06,9.224501696157317e-06,2.0300664450006613e-09,9.808970368658192,3.9999999999381197,0.8155799945566143,5,-1.9857310220861013e-06,9.19127267190826e-16,2.2246959968806435e-11,2.795103977575531e-12,7
6.455,4.0,2.1556225649281684e-06,-2.7725775107395235e-08,29.430000000088143,3.9999999999300204,0.27183146448644513,4,-3.279105444391195e-06,6.432921356565878e-06,2.05127047400757e-08,19.619185749530335,3.999999999929876,0.40776411936725077,6,-3.0922745099595805e-06,9.224511847106212e-06,2.030268424891974e-09,9.808970368693984,3.9999999999456737,0.8155799945551786,5,-1.9857311191889826e-06,3.151659417947408e-16,2.2458639531573567e-11,3.05592645230467e-12,7
6.46,4.0,2.155483936048563e-06,-2.772577637974984e-08,29.430000000087105,3.999999999938761,0.2718314644870487,4,-3.279105444391195e-06,6.433023920324205e-06,2.051278164389225e-08,19.619185749553914,3.999999999937925,0.4077641193675812,6,-3.0922743970082656e-06,9.2245219990179e-06,2.0304521783879833e-09,9.808970368733611,3.999999999951113,0.8155799945529928,5,-1.985731216076758e-06,-1.3780505225232304e-16,2.2677131422819798e-11,3.306662772899694e-12,7
6.465,4.0,2.155345307163883e-06,-2.772577696344485e-08,29.430000000081773,3.999999999950137,0.2718314644878711,4,-3.2791054443877254e-06,6.4331264844416364e-06,2.0512850191512407e-08,19.619185749570704,3.9999999999503726,0.40776411936850115,6,-3.092274282988361e-06,9.224532151745812e-06,2.0305964500252965e-09,9.808970368765719,3.999999999964357,0.8155799945530235,5,-1.985731312811878e-06,2.3135673861200227e-15,2.2894255519299693e-11,3.5491869958261707e-12,7
6.47,4.0,2.1552066782634565e-06,-2.77257774076638e-08,29.430000000084632,3.9999999999655245,0.27183146448889034,4,-3.2791054443877254e-06,6.433229048968783e-06,2.051293957315668e-08,19.61918574959984,3.9999999999623213,0.40776411936911366,6,-3.0922741678998666e-06,9.224542305466276e-06,2.0307796349246484e-09,9.808970368824419,3.9999999999635545,0.8155799945479792,5,-1.985731409415159e-06,-1.715558322009277e-16,2.3097014218019352e-11,3.751688122804121e-12,7
6.4750000000000005,4.0,2.155068049357442e-06,-2.7725783520896764e-08,29.4300000000965,3.9999999999371196,0.2718314644868504,4,-3.2791054443877254e-06,6.433331613828024e-06,2.051299633165104e-08,19.619185749632404,3.9999999999353384,0.4077641193656862,6,-3.092274051791355e-06,9.22455245985493e-06,2.0309499573518447e-09,9.808970368864124,3.999999999946339,0.8155799945411677,5,-1.985731505942112e-06,6.508973844413882e-16,2.3303627611080514e-11,4.02773397564692e-12,7
6.48,4.0,2.1549294204327846e-06,-2.7725781564685452e-08,29.430000000085656,3.999999999931597,0.27183146448657525,4,-3.279105444384256e-06,6.433434179076305e-06,2.0513088360476594e-08,19.61918574964512,3.999999999932985,0.40776411936518203,6,-3.092273934642009e-06,9.224562615388758e-06,2.031187265085974e-09,9.80897036889225,3.9999999999513305,0.8155799945398469,5,-1.9857316020735483e-06,2.1519189137346e-15,2.351380437596151e-11,4.298688789787998e-12,7
6.485,4.0,2.1547907915192188e-06,-2.7725785520516695e-08,29.430000000096513,3.99999999994227,0.2718314644872003,4,-3.279105444384256e-06,6.4335367447156046e-06,2.0513152811339732e-08,19.61918574968044,3.999999999940152,0.4077641193651785,6,-3.092273816472646e-06,9.22457277172717e-06,2.03133236603876e-09,9.80897036894198,3.999999999950523,0.8155799945355474,5,-1.985731698100901e-06,-4.699837812201697e-16,2.3712004943031272e-11,4.5185289358753336e-12,7
6.49,4.0,2.154652162583093e-06,-2.7725783505583322e-08,29.43000000008933,3.999999999939623,0.2718314644870868,4,-3.279105444384256e-06,6.433639310732471e-06,2.0513239712550942e-08,19.61918574969629,3.9999999999418923,0.4077641193650265,6,-3.09227369731796e-06,9.224582929126668e-06,2.0315541728970606e-09,9.808970368973126,3.9999999999592974,0.8155799945347467,5,-1.985731793857637e-06,-2.8346631308314336e-16,2.391350775746548e-11,4.777694069673311e-12,7
6.495,4.0,2.154513533656926e-06,-2.7725789115434704e-08,29.43000000009283,3.9999999999402305,0.2718314644870957,4,-3.2791054443807865e-06,6.4337418771160055e-06,2.051329594790694e-08,19.619185749721737,3.999999999939628,0.40776411936426676,6,-3.0922735771501952e-06,9.22459308708482e-06,2.0316598765642713e-09,9.808970369017338,3.9999999999530274,0.8155799945297922,5,-1.985731889718456e-06,1.5142068083899104e-15,2.4115857894112083e-11,4.971075380637781e-12,7
6.5,4.0,2.1543749047037926e-06,-2.7725786402668393e-08,29.430000000075616,3.9999999999433244,0.271831464487465,4,-3.2791054443807865e-06,6.433844443878018e-06,2.0513388522814054e-08,19.61918574972922,3.9999999999447424,0.40776411936463264,6,-3.0922734560179244e-06,9.224603246267548e-06,2.031896149447635e-09,9.808970369046621,3.999999999960793,0.8155799945289408,5,-1.9857319851213084e-06,-8.057152238668167e-16,2.4303780460509074e-11,5.223529438296504e-12,7
6.505,4.0,2.154236275758924e-06,-2.7725791347464366e-08,29.430000000087965,3.999999999941325,0.27183146448721507,4,-3.2791054443807865e-06,6.43394701100178e-06,2.0513448700776424e-08,19.619185749764142,3.9999999999398255,0.40776411936340556,6,-3.0922733339211472e-06,9.224613406171857e-06,2.0320492700599136e-09,9.808970369101461,3.999999999949661,0.8155799945221114,5,-1.985732080447833e-06,-9.28283845785434e-16,2.4495287715007977e-11,5.454468261916413e-12,7
6.51,4.0,2.1540976468024997e-06,-2.7725785336115042e-08,29.430000000012857,3.999999999961126,0.27183146448925444,4,-3.279105444377317e-06,6.434049578520033e-06,2.051354506361899e-08,19.619185749709725,3.999999999965204,0.40776411936712365,6,-3.092273210845986e-06,9.22462356712931e-06,2.032204880168615e-09,9.80897036905471,3.9999999999948734,0.815579994535217,5,-1.9857321755106794e-06,3.4202376970663795e-15,2.469994356283212e-11,5.627055539718863e-12,7
6.515000000000001,4.0,2.15395901783842e-06,-2.7725794774332404e-08,29.430000000094914,3.9999999999336193,0.2718314644866272,4,-3.279105444377317e-06,6.43415214635533e-06,2.051359147354283e-08,19.619185749817092,3.999999999933848,0.4077641193616957,6,-3.092273086834074e-06,9.224633728653488e-06,2.0323800445486084e-09,9.808970369181173,3.9999999999485425,0.8155799945152555,5,-1.9857322706082203e-06,-5.303799137597776e-16,2.487694508738048e-11,5.888073413700335e-12,7
6.5200000000000005,4.0,2.1538203888627563e-06,-2.772579116424647e-08,29.430000000064876,3.9999999999482743,0.2718314644879006,4,-3.279105444377317e-06,6.43425471459655e-06,2.0513683391315625e-08,19.619185749809464,3.9999999999487468,0.40776411936337303,6,-3.0922729618923506e-06,9.22464389138585e-06,2.0325971355096003e-09,9.808970369194844,3.999999999965223,0.8155799945175198,5,-1.9857323652824888e-06,-1.324759817341215e-16,2.5061542313774115e-11,6.118994473751849e-12,7
6.525,4.0,2.153681759893009e-06,-2.7725795381478858e-08,29.4300000000866,3.9999999999468834,0.27183146448760537,4,-3.279105444377317e-06,6.434357283178188e-06,2.0513739973276922e-08,19.619185749854093,3.9999999999462346,0.40776411936218937,6,-3.092272836020815e-06,9.224654054816881e-06,2.032745347225032e-09,9.80897036925204,3.9999999999578346,0.8155799945112578,5,-1.9857324598734905e-06,1.1091974490066536e-15,2.5249434682104836e-11,6.343629006948726e-12,7
6.53,4.0,2.153543130905675e-06,-2.7725795426336478e-08,29.430000000083417,3.999999999946035,0.2718314644875771,4,-3.279105444377317e-06,6.434459852138912e-06,2.051382364671353e-08,19.619185749875196,3.999999999944664,0.4077641193615906,6,-3.0922727092472235e-06,9.224664219312248e-06,2.032957134337954e-09,9.808970369293739,3.999999999954319,0.8155799945070739,5,-1.9857325541730586e-06,7.180505479690735e-17,2.542842039724281e-11,6.5708357048490546e-12,7
6.535,4.0,2.1534045019173012e-06,-2.7725805950807368e-08,29.43000000011719,3.9999999999097735,0.27183146448480094,4,-3.279105444377317e-06,6.434562421458574e-06,2.0513883386862278e-08,19.619185749930875,3.999999999901819,0.40776411935606577,6,-3.0922725815854535e-06,9.22467438445135e-06,2.0331363119643655e-09,9.808970369372588,3.999999999902402,0.8155799944899322,5,-1.985732648521199e-06,-3.84718652928957e-16,2.559943737559923e-11,6.78060568401383e-12,7
6.54,4.0,2.1532658729278455e-06,-2.7725797035030362e-08,29.430000000074017,3.9999999999511098,0.2718314644880088,4,-3.2791054443738477e-06,6.434664991153331e-06,2.0513966474260107e-08,19.619185749908947,3.9999999999507017,0.40776411936150464,6,-3.0922724530146883e-06,9.224684550589059e-06,2.033277965439115e-09,9.808970369359146,3.9999999999636877,0.8155799945035457,5,-1.9857327425917837e-06,2.032903005494784e-15,2.5788619378995358e-11,6.978923490634993e-12,7
6.545,4.0,2.15312724392107e-06,-2.7725808576995804e-08,29.430000000120586,3.9999999999025135,0.2718314644842762,4,-3.2791054443738477e-06,6.434767561159912e-06,2.0514026597692927e-08,19.619185749980062,3.999999999893875,0.4077641193542337,6,-3.0922723235765615e-06,9.224694717550997e-06,2.0335126573764703e-09,9.808970369454123,3.999999999895009,0.8155799944816455,5,-1.985732836419507e-06,-7.382136639696068e-16,2.5953936028254143e-11,7.235749162475481e-12,7
6.55,4.0,2.152988614924275e-06,-2.7725799520777166e-08,29.430000000067146,3.999999999953646,0.27183146448824463,4,-3.2791054443738477e-06,6.434870131586041e-06,2.0514110069611116e-08,19.619185749947796,3.9999999999518714,0.40776411936081647,6,-3.092272193271073e-06,9.224704885506264e-06,2.0336432134574053e-09,9.808970369438525,3.9999999999602074,0.8155799944962361,5,-1.985732930073758e-06,2.8496787552493754e-16,2.6127120161954632e-11,7.402794206939002e-12,7
6.555,4.0,2.152849985911816e-06,-2.7725811373907755e-08,29.430000000122444,3.999999999906317,0.2718314644845175,4,-3.2791054443738477e-06,6.434972702316885e-06,2.0514164072775728e-08,19.61918575002674,3.9999999998976565,0.407764119353649,6,-3.0922720620982225e-06,9.224715054049182e-06,2.0338285312457403e-09,9.808970369531803,3.9999999998977405,0.8155799944757437,5,-1.9857330237488258e-06,-9.907359815503983e-18,2.6298412475621156e-11,7.628428829036463e-12,7
6.5600000000000005,4.0,2.152711356896194e-06,-2.7725799476982e-08,29.43000000008061,3.999999999949693,0.2718314644878516,4,-3.2791054443946643e-06,6.435075273483261e-06,2.0514265330332072e-08,19.61918575000454,3.9999999999508282,0.4077641193595308,6,-3.092271930148216e-06,9.224725223769188e-06,2.0340062547520035e-09,9.80897036952048,3.999999999963265,0.8155799944900451,5,-1.9857331170838877e-06,-4.9499557301875995e-15,2.6452282281406846e-11,7.793468366628301e-12,7
6.565,4.0,2.1525727278789858e-06,-2.7725811550810546e-08,29.430000000117644,3.999999999915331,0.27183146448517437,4,-3.2791054444120116e-06,6.4351778449629514e-06,2.0514314279120684e-08,19.61918575006562,3.9999999999059304,0.4077641193536844,6,-3.092271797323909e-06,9.22473539426362e-06,2.034208738102886e-09,9.808970369605925,3.9999999999034896,0.8155799944707529,5,-1.9857332102385383e-06,-2.335158462590431e-15,2.662600642758651e-11,8.052773832616593e-12,7
6.57,4.0,2.152434098861573e-06,-2.77258031977635e-08,29.430000000070578,3.9999999999543467,0.27183146448826057,4,-3.2791054444120116e-06,6.435280416807888e-06,2.0514394293551028e-08,19.619185750039858,3.999999999953584,0.40776411935907764,6,-3.0922716636669345e-06,9.224745565686234e-06,2.034333745720868e-09,9.808970369588515,3.999999999965395,0.8155799944848227,5,-1.9857333031711444e-06,9.848524702486375e-16,2.6800624081256393e-11,8.220971732668886e-12,7
6.575,4.0,2.1522954698332476e-06,-2.772581458114096e-08,29.43000000010635,3.9999999999168,0.27183146448537854,4,-3.279105444408542e-06,6.435382988955254e-06,2.051444997272742e-08,19.619185750099238,3.999999999907062,0.407764119353101,6,-3.092271529170354e-06,9.2247557376753e-06,2.0344900512352736e-09,9.808970369674103,3.99999999990587,0.8155799944655695,5,-1.985733396131506e-06,-1.9017273937767697e-15,2.6954865145621514e-11,8.390802104656588e-12,7
6.58,4.0,2.1521568407978174e-06,-2.7725804736540477e-08,29.4300000000678,3.999999999944512,0.27183146448761786,4,-3.279105444408542e-06,6.435485561477195e-06,2.0514534885058605e-08,19.619185750081776,3.9999999999454166,0.40776411935737383,6,-3.0922713938966173e-06,9.224765910704818e-06,2.034666176731205e-09,9.808970369666696,3.999999999960112,0.815579994477245,5,-1.9857334887865563e-06,-4.415620717897638e-16,2.7120462459260923e-11,8.59836229591315e-12,7
6.585,4.0,2.152018211758596e-06,-2.7725809248347163e-08,29.43000000006584,3.9999999999072666,0.27183146448510487,4,-3.279105444408542e-06,6.43558813432741e-06,2.0514601176430488e-08,19.619185750099962,3.999999999912157,0.40776411935360535,6,-3.092271257804091e-06,9.224776084558257e-06,2.034866367167257e-09,9.808970369698285,3.999999999941328,0.8155799944707885,5,-1.9857335812611954e-06,1.123408303721857e-15,2.728330286708558e-11,8.818156256722662e-12,7
6.59,4.0,2.15187958272616e-06,-2.772580720244137e-08,29.430000000058808,3.9999999999480114,0.2718314644879387,4,-3.2791054444050727e-06,6.435690707550552e-06,2.0514670602940283e-08,19.619185750116564,3.999999999947336,0.4077641193568465,6,-3.092271120920531e-06,9.224786259310965e-06,2.035003557172344e-09,9.808970369736434,3.9999999999603086,0.8155799944714867,5,-1.9857336735276676e-06,5.816194677047805e-16,2.7435417632313942e-11,8.989761209192922e-12,7
6.595,4.0,2.151740953675485e-06,-2.772580909888868e-08,29.43000000006215,3.9999999999232494,0.2718314644862251,4,-3.279105444408542e-06,6.435793281107117e-06,2.0514746376200896e-08,19.61918575014223,3.9999999999255254,0.4077641193540896,6,-3.0922709832945094e-06,9.22479643493748e-06,2.035214542714965e-09,9.808970369779423,3.9999999999458784,0.81557999446497,5,-1.9857337656067897e-06,-3.5452058665915147e-16,2.7586468359795502e-11,9.193997836802967e-12,7
6.6000000000000005,4.0,2.1516023246382184e-06,-2.772580930649207e-08,29.430000000080604,3.9999999999507034,0.27183146448792034,4,-3.279105444408542e-06,6.435895855050702e-06,2.0514808153731746e-08,19.619185750182893,3.999999999950078,0.4077641193557474,6,-3.0922708448913316e-06,9.224806611333932e-06,2.0353356009223444e-09,9.808970369832503,3.999999999957711,0.8155799944629692,5,-1.9857338576581562e-06,3.5424579226154855e-16,2.7741810765401055e-11,9.345290148814685e-12,7
6.605,4.0,2.1514636955831565e-06,-2.7725812470548563e-08,29.430000000070667,3.9999999999248113,0.27183146448625256,4,-3.2791054444050727e-06,6.435998429274961e-06,2.051487302875416e-08,19.619185750194234,3.9999999999246882,0.40776411935292345,6,-3.0922707057248755e-06,9.22481678851706e-06,2.0355168236296035e-09,9.808970369859997,3.999999999941844,0.815579994457448,5,-1.9857339494666615e-06,1.011497822839641e-15,2.7894906079604768e-11,9.553445419612448e-12,7
6.61,4.0,2.151325066529848e-06,-2.7725809467203946e-08,29.43000000006674,3.999999999943702,0.2718314644875726,4,-3.2791054444050727e-06,6.436101003867568e-06,2.0514947264446547e-08,19.619185750212324,3.9999999999449036,0.4077641193546082,6,-3.0922705658228966e-06,9.22482696664348e-06,2.0356869329566105e-09,9.808970369892815,3.9999999999594964,0.8155799944583185,5,-1.9857340410461832e-06,2.654279502915358e-16,2.804124946146192e-11,9.73405650125847e-12,7
6.615,4.0,2.151186437473375e-06,-2.7725811770337362e-08,29.430000000064474,3.9999999999372498,0.27183146448715506,4,-3.2791054444050727e-06,6.43620357879346e-06,2.051501241485166e-08,19.619185750230727,3.999999999937462,0.4077641193534671,6,-3.092270425171517e-06,9.224837145576281e-06,2.0358577396699635e-09,9.80897036992929,3.999999999952105,0.8155799944537787,5,-1.9857341324591715e-06,1.1838044362614653e-15,2.8186502160219678e-11,9.921071349310528e-12,7
6.62,4.0,2.1510478084197968e-06,-2.772581214234537e-08,29.430000000063238,3.9999999999522347,0.2718314644881848,4,-3.2791054443981338e-06,6.436306154070127e-06,2.0515078618440894e-08,19.619185750252097,3.9999999999505347,0.40776411935435564,6,-3.0922702837984928e-06,9.224847325234054e-06,2.0359779277328716e-09,9.808970369972325,3.999999999958349,0.8155799944514736,5,-1.985734223851343e-06,3.2760043967054497e-16,2.8328203921655476e-11,1.0046068251028606e-11,7
6.625,4.0,2.1509091793485362e-06,-2.7725813594788795e-08,29.430000000077527,3.9999999999276348,0.27183146448638107,4,-3.2791054443981338e-06,6.436408729661545e-06,2.051514798536138e-08,19.619185750287336,3.999999999928259,0.4077641193513524,6,-3.092270141717701e-06,9.224857505783196e-06,2.0361953783207205e-09,9.80897037001854,3.9999999999429745,0.8155799944444961,5,-1.9857343149798368e-06,-2.443864626163357e-16,2.8470641094822788e-11,1.0277289515385981e-11,7
6.63,4.0,2.150770550288788e-06,-2.7725812602803e-08,29.430000000069775,3.999999999945303,0.2718314644876534,4,-3.2791054443981338e-06,6.436511305612595e-06,2.0515213903314065e-08,19.619185750300947,3.999999999945268,0.40776411935280343,6,-3.0922699989291424e-06,9.224867687177154e-06,2.0363395661881437e-09,9.80897037004927,3.9999999999568363,0.8155799944447675,5,-1.985734405941797e-06,5.549741151137771e-16,2.8616222419595835e-11,1.0442233129708492e-11,7
6.635,4.0,2.150631921218677e-06,-2.772581392133161e-08,29.43000000006169,3.999999999935879,0.2718314644870876,4,-3.2791054443981338e-06,6.436613881877112e-06,2.051528107427943e-08,19.61918575031512,3.999999999936366,0.40776411935160145,6,-3.0922698554189387e-06,9.224877869418828e-06,2.036519494036401e-09,9.808970370080129,3.9999999999516627,0.8155799944411468,5,-1.9857344966678347e-06,7.219516580174007e-16,2.8753325193174423e-11,1.0626306330834502e-11,7
6.640000000000001,4.0,2.1504932921535076e-06,-2.7725811421173146e-08,29.43000000002138,3.999999999951264,0.2718314644885055,4,-3.2791054443981338e-06,6.4367164585035136e-06,2.0515358380009642e-08,19.619185750294868,3.9999999999529035,0.40776411935370815,6,-3.092269711256479e-06,9.224888052443533e-06,2.036640205528201e-09,9.808970370067676,3.9999999999764224,0.8155799944472306,5,-1.9857345873244836e-06,9.86628827088038e-16,2.889677666609703e-11,1.0732592865963176e-11,7
6.6450000000000005,4.0,2.15035466307851e-06,-2.7725814899058363e-08,29.43000000006028,3.999999999938176,0.27183146448725676,4,-3.2791054443981338e-06,6.436819035442742e-06,2.0515413404317666e-08,19.619185750354895,3.9999999999385896,0.4077641193510014,6,-3.09226956640013e-06,9.224898236206557e-06,2.0368240135080278e-09,9.808970370152718,3.9999999999530527,0.8155799944353948,5,-1.985734677877049e-06,1.3934145433106953e-15,2.9026486242510036e-11,1.0939355472998848e-11,7
6.65,4.0,2.1502160340017306e-06,-2.7725816469750467e-08,29.430000000060424,3.9999999999296385,0.2718314644866752,4,-3.2791054443946643e-06,6.436921612701682e-06,2.0515478006282274e-08,19.61918575037707,3.999999999929137,0.4077641193495769,6,-3.09226942085683e-06,9.224908420839957e-06,2.0370052712689736e-09,9.80897037019311,3.9999999999437374,0.815579994430137,5,-1.9857347681728754e-06,7.13069873820399e-16,2.91615408766528e-11,1.1129368811395814e-11,7
6.655,4.0,2.1500774049265394e-06,-2.772581371610265e-08,29.430000000054896,3.9999999999449525,0.27183146448776696,4,-3.2791054443946643e-06,6.437024190323303e-06,2.051555252535064e-08,19.619185750393463,3.999999999945528,0.4077641193509071,6,-3.0922692746612745e-06,9.224918606394597e-06,2.037172098404231e-09,9.808970370222204,3.9999999999593463,0.8155799944309005,5,-1.985734858260535e-06,-6.263031830873897e-16,2.9291346376335136e-11,1.1286913899482225e-11,7
6.66,4.0,2.149938775849922e-06,-2.7725815815815283e-08,29.43000000006037,3.9999999999401585,0.27183146448739065,4,-3.2791054443946643e-06,6.437126768265159e-06,2.0515614096332434e-08,19.619185750419,3.9999999999401608,0.4077641193498292,6,-3.092269127813463e-06,9.224928792732757e-06,2.0373359582664368e-09,9.808970370261775,3.9999999999538627,0.8155799944264921,5,-1.9857349481677833e-06,2.760860913279375e-16,2.942340607284667e-11,1.1458959388448657e-11,7
6.665,4.0,2.149800146773805e-06,-2.7725817073293014e-08,29.430000000054243,3.999999999944166,0.27183146448771955,4,-3.279105444391195e-06,6.437229346532278e-06,2.051567400878269e-08,19.619185750434156,3.999999999943471,0.4077641193498517,6,-3.0922689802995174e-06,9.224938979697112e-06,2.0374572411363135e-09,9.808970370295004,3.9999999999562097,0.8155799944242078,5,-1.9857350381305428e-06,1.0310377480730438e-15,2.955234826310506e-11,1.1584247612688398e-11,7
6.67,4.0,2.149661517685515e-06,-2.7725816846325047e-08,29.43000000005586,3.9999999999317333,0.27183146448685974,4,-3.279105444391195e-06,6.43733192510702e-06,2.0515745056292683e-08,19.619185750457042,3.999999999932256,0.4077641193482327,6,-3.092268832181888e-06,9.224949167589317e-06,2.037657555187798e-09,9.808970370336212,3.9999999999467883,0.8155799944188606,5,-1.9857351277602353e-06,-8.629070390971377e-17,2.967562209868892e-11,1.1767571191228181e-11,7
6.675,4.0,2.149522888606687e-06,-2.7725815632621482e-08,29.430000000056484,3.9999999999474545,0.27183146448792234,4,-3.279105444391195e-06,6.437434504040377e-06,2.0515811718889547e-08,19.619185750477282,3.9999999999471196,0.40776411934932727,6,-3.0922686834120028e-06,9.224959356353985e-06,2.037812419380087e-09,9.808970370369778,3.9999999999595204,0.8155799944186657,5,-1.9857352172233944e-06,3.613512196191493e-16,2.980365124153186e-11,1.1926761185747873e-11,7
6.68,4.0,2.149384259522561e-06,-2.772581708595604e-08,29.4300000000558,3.999999999939565,0.27183146448739254,4,-3.2791054443877254e-06,6.437537083279112e-06,2.0515873887068336e-08,19.619185750499653,3.9999999999395355,0.40776411934808915,6,-3.092268534024556e-06,9.224969545920125e-06,2.0379819861074444e-09,9.80897037040815,3.9999999999522275,0.8155799944139882,5,-1.985735306471448e-06,6.526737412807906e-16,2.9927099160085976e-11,1.2092862984729673e-11,7
6.6850000000000005,4.0,2.149245630439189e-06,-2.7725816949017468e-08,29.430000000054783,3.9999999999435647,0.2718314644876737,4,-3.2791054443877254e-06,6.437639662853035e-06,2.051594005358104e-08,19.619185750517946,3.9999999999437588,0.4077641193481395,6,-3.0922683840334253e-06,9.224979736275629e-06,2.038132252973404e-09,9.80897037043917,3.9999999999575153,0.8155799944124872,5,-1.9857353955807233e-06,-7.740891971271246e-17,3.004705653745067e-11,1.2236126163827304e-11,7
6.69,4.0,2.149107001354348e-06,-2.7725818721546377e-08,29.430000000065576,3.99999999994183,0.27183146448745615,4,-3.2791054443877254e-06,6.437742242747365e-06,2.0515999563698785e-08,19.619185750549477,3.9999999999405107,0.40776411934715306,6,-3.092268233431672e-06,9.224989927269634e-06,2.0382697298957877e-09,9.808970370489352,3.9999999999496314,0.8155799944067073,5,-1.985735484731632e-06,4.306291363557591e-16,3.016839592043643e-11,1.2366567599258143e-11,7
6.695,4.0,2.1489683722646306e-06,-2.7725818097404108e-08,29.430000000051024,3.9999999999358753,0.27183146448718587,4,-3.2791054443877254e-06,6.437844822940782e-06,2.0516064521287303e-08,19.619185750555637,3.999999999935663,0.40776411934653084,6,-3.092268082226235e-06,9.225000119139427e-06,2.0384457069379877e-09,9.80897037051199,3.9999999999497984,0.8155799944048591,5,-1.985735573570291e-06,1.6243409324327274e-15,3.0287443803099366e-11,1.2539625611623033e-11,7
6.7,4.0,2.148829743177149e-06,-2.7725816721903222e-08,29.43000000004811,3.999999999942815,0.2718314644876844,4,-3.2791054443877254e-06,6.437947403477315e-06,2.0516135672804007e-08,19.61918575057333,3.9999999999428466,0.40776411934689544,6,-3.0922679304587475e-06,9.22501031189106e-06,2.038612849093792e-09,9.80897037054555,3.9999999999565428,0.8155799944034438,5,-1.9857356621938438e-06,3.272520433010302e-17,3.04027187038354e-11,1.2682402068946666e-11,7
6.705,4.0,2.1486911140903196e-06,-2.772581805298845e-08,29.430000000053866,3.999999999940674,0.27183146448748574,4,-3.2791054443877254e-06,6.438049984329137e-06,2.0516194822613142e-08,19.61918575059834,3.9999999999404423,0.4077641193461305,6,-3.092267778094515e-06,9.225020505431434e-06,2.0387752835189387e-09,9.808970370582921,3.9999999999539777,0.8155799943998135,5,-1.9857357506508633e-06,9.493253334606322e-16,3.052279509710834e-11,1.2844849901909817e-11,7
6.71,4.0,2.1485524850032e-06,-2.772581785412723e-08,29.43000000005351,3.9999999999454916,0.2718314644878164,4,-3.2791054443807865e-06,6.438152565495971e-06,2.0516257440932837e-08,19.619185750620936,3.9999999999444675,0.4077641193460712,6,-3.0922676251474157e-06,9.22503069975193e-06,2.0389260750243184e-09,9.808970370625072,3.9999999999544675,0.8155799943964086,5,-1.9857358389760438e-06,8.10769499987413e-16,3.0633048237059395e-11,1.2986294091603902e-11,7
6.715,4.0,2.148413855914392e-06,-2.772581913308057e-08,29.43000000005322,3.999999999938053,0.2718314644873136,4,-3.2791054443807865e-06,6.438255146982268e-06,2.0516319607209226e-08,19.619185750638614,3.999999999937881,0.4077641193450323,6,-3.0922674716521437e-06,9.225040894707212e-06,2.039065491030747e-09,9.808970370658631,3.9999999999503872,0.8155799943927864,5,-1.985735927315102e-06,-5.090636316869732e-16,3.074174173570546e-11,1.3105034664533612e-11,7
6.72,4.0,2.148275226823814e-06,-2.7725817551725363e-08,29.430000000052317,3.9999999999418754,0.2718314644875817,4,-3.2791054443807865e-06,6.438357728777216e-06,2.0516383218606643e-08,19.619185750659167,3.99999999994269,0.40776411934509543,6,-3.092267317594821e-06,9.225051090548242e-06,2.039236010616659e-09,9.808970370691581,3.9999999999561346,0.8155799943912186,5,-1.985736015355788e-06,-5.623543368689807e-16,3.085559555096998e-11,1.3268642458512893e-11,7
6.7250000000000005,4.0,2.1481365977347718e-06,-2.7725817277310432e-08,29.430000000049187,3.9999999999431433,0.2718314644876968,4,-3.279105444377317e-06,6.438460310885119e-06,2.0516448165810607e-08,19.619185750675932,3.9999999999438605,0.4077641193448663,6,-3.092267162989326e-06,9.22506128721451e-06,2.039396738035022e-09,9.80897037072187,3.9999999999583107,0.815579994389144,5,-1.985736103174429e-06,2.1963278347196084e-15,3.097041570435513e-11,1.3414948536876417e-11,7
6.73,4.0,2.1479979686468217e-06,-2.772581734050399e-08,29.430000000052168,3.999999999946109,0.27183146448787077,4,-3.279105444377317e-06,6.438562893317862e-06,2.0516511931143535e-08,19.6191857507007,3.9999999999458717,0.40776411934455653,6,-3.0922670078356584e-06,9.225071484686062e-06,2.039554212750261e-09,9.808970370764063,3.999999999957491,0.8155799943854685,5,-1.9857361908681703e-06,-1.061510608740451e-15,3.107022564244735e-11,1.3551251949877277e-11,7
6.735,4.0,2.147859339561785e-06,-2.7725818343244056e-08,29.43000000005454,3.999999999951636,0.2718314644882245,4,-3.279105444377317e-06,6.438665476070466e-06,2.051657221219684e-08,19.619185750722053,3.9999999999501727,0.4077641193445512,6,-3.092266852154635e-06,9.22508168280626e-06,2.039676397725858e-09,9.808970370802626,3.9999999999572236,0.8155799943822076,5,-1.985736278541095e-06,-6.689357472329957e-16,3.1174558185052687e-11,1.3648294324013711e-11,7
6.74,4.0,2.147720710464745e-06,-2.7725818903780285e-08,29.430000000053575,3.9999999999226974,0.27183146448626677,4,-3.279105444391195e-06,6.438768059121061e-06,2.051664230457645e-08,19.619185750740442,3.9999999999260965,0.40776411934171464,6,-3.0922666959878886e-06,9.225091881756451e-06,2.039872057750944e-09,9.808970370831604,3.99999999994536,0.8155799943773794,5,-1.985736365971158e-06,-7.200599845707717e-15,3.1261320782159514e-11,1.3793349847162297e-11,7
6.745,4.0,2.1475820813799736e-06,-2.7725815788992136e-08,29.43000000005087,3.9999999999501514,0.2718314644881575,4,-3.2791054444120116e-06,6.438870642530952e-06,2.0516706313586857e-08,19.619185750758575,3.9999999999508566,0.40776411934386186,6,-3.0922665393076643e-06,9.225102081625409e-06,2.040033807761184e-09,9.808970370865715,3.9999999999621725,0.815579994377971,5,-1.9857364531861155e-06,-3.2872857285089655e-15,3.137791729238407e-11,1.3948463102735568e-11,7
6.75,4.0,2.1474434522970837e-06,-2.7725817498018892e-08,29.430000000055493,3.999999999949234,0.27183146448805245,4,-3.2791054444189505e-06,6.438973226219489e-06,2.051675842360223e-08,19.61918575078193,3.9999999999488365,0.4077641193431705,6,-3.092266382086206e-06,9.225112282195983e-06,2.040171259172871e-09,9.808970370902681,3.999999999959594,0.8155799943743718,5,-1.985736540255356e-06,-6.81370245108798e-16,3.1486552171254426e-11,1.4091022844524794e-11,7
6.755,4.0,2.1473048232087123e-06,-2.7725817644820303e-08,29.430000000058264,3.999999999947816,0.2718314644879305,4,-3.2791054444189505e-06,6.439075810189336e-06,2.0516816584605685e-08,19.61918575080596,3.9999999999474647,0.4077641193425312,6,-3.092266224337392e-06,9.22512248350093e-06,2.040321473072253e-09,9.808970370947133,3.9999999999560023,0.8155799943699434,5,-1.9857366271511245e-06,1.0043923954820399e-15,3.158795550143159e-11,1.4227896468071101e-11,7
6.76,4.0,2.1471661941230234e-06,-2.7725818445430087e-08,29.430000000050953,3.999999999942462,0.2718314644876342,4,-3.279105444415481e-06,6.439178394468791e-06,2.0516876995510793e-08,19.619185750819064,3.9999999999422418,0.40776411934172646,6,-3.0922660660959167e-06,9.22513268544429e-06,2.040450222327112e-09,9.808970370975116,3.999999999953187,0.8155799943670426,5,-1.985736714039954e-06,-6.991338135028004e-16,3.168594289740659e-11,1.4324052440144676e-11,7
6.765000000000001,4.0,2.147027565033006e-06,-2.7725816958054923e-08,29.430000000053354,3.99999999994056,0.27183146448748274,4,-3.279105444415481e-06,6.439280979052405e-06,2.0516942698092963e-08,19.619185750841037,3.9999999999411022,0.4077641193411536,6,-3.0922659073687186e-06,9.225142888240228e-06,2.0406274732817315e-09,9.808970371009966,3.9999999999543676,0.8155799943643858,5,-1.9857368006998e-06,-5.676834073871818e-16,3.178377930305024e-11,1.4477185057842015e-11,7
6.7700000000000005,4.0,2.1468889359497255e-06,-2.772581661472637e-08,29.430000000049798,3.9999999999443254,0.27183146448777146,4,-3.279105444415481e-06,6.4393835639399104e-06,2.0517001306485913e-08,19.619185750856587,3.9999999999451203,0.40776411934124,6,-3.092265748148859e-06,9.225153091837002e-06,2.0407830730479156e-09,9.80897037103977,3.9999999999582005,0.8155799943626892,5,-1.9857368871306624e-06,9.901815407668378e-16,3.1883219758919866e-11,1.461347248363132e-11,7
6.775,4.0,2.146750306866534e-06,-2.7725815981111642e-08,29.43000000003991,3.999999999945369,0.2718314644879337,4,-3.279105444415481e-06,6.439486149137111e-06,2.0517064561205473e-08,19.61918575086688,3.999999999946099,0.40776411934112583,6,-3.0922655884640937e-06,9.225163296213258e-06,2.0409344698366916e-09,9.808970371067563,3.999999999959929,0.8155799943607307,5,-1.9857369734019303e-06,7.841241473964088e-16,3.197395428991959e-11,1.4732713989189745e-11,7
6.78,4.0,2.1466116777847585e-06,-2.7725815675803768e-08,29.430000000037104,3.9999999999465428,0.2718314644880394,4,-3.279105444415481e-06,6.439588734637515e-06,2.0517125980614594e-08,19.619185750883616,3.9999999999475233,0.40776411934092316,6,-3.0922654283144224e-06,9.225173501345583e-06,2.041083748334596e-09,9.80897037109735,3.999999999962262,0.8155799943587297,5,-1.9857370595274815e-06,4.3062913635575895e-16,3.2067971528358525e-11,1.4848988978826367e-11,7
6.785,4.0,2.1464730487087846e-06,-2.7725815948900518e-08,29.43000000005636,3.9999999999593934,0.27183146448873485,4,-3.2791054444120116e-06,6.439691320444322e-06,2.051718024191438e-08,19.61918575092244,3.999999999958064,0.40776411934119083,6,-3.0922652676859674e-06,9.225183707118677e-06,2.041200392084574e-09,9.808970371151808,3.9999999999634657,0.8155799943544472,5,-1.9857371456460937e-06,9.244563377090285e-16,3.2162717073101615e-11,1.4946852029822607e-11,7
6.79,4.0,2.1463344196228277e-06,-2.7725816529284704e-08,29.430000000037175,3.9999999999385283,0.27183146448749407,4,-3.279105444408542e-06,6.4397939065227695e-06,2.0517242642088173e-08,19.61918575092333,3.9999999999390843,0.4077641193392375,6,-3.0922651066134232e-06,9.225193913630515e-06,2.0413712430665026e-09,9.808970371171199,3.9999999999534097,0.8155799943507845,5,-1.985737231577356e-06,-8.678877132458241e-16,3.224956138262306e-11,1.508181251705288e-11,7
6.795,4.0,2.146195790544691e-06,-2.7725814444060718e-08,29.430000000034255,3.9999999999469935,0.27183146448809636,4,-3.279105444408542e-06,6.4398964929196986e-06,2.051730450301557e-08,19.61918575093933,3.9999999999478706,0.4077641193398006,6,-3.092264945089851e-06,9.225204120995062e-06,2.041530533011397e-09,9.808970371199232,3.9999999999623443,0.8155799943502754,5,-1.9857373172726955e-06,-5.76565191584183e-16,3.2340350980684807e-11,1.5212067435015586e-11,7
6.8,4.0,2.146057161469082e-06,-2.772581485224782e-08,29.430000000042586,3.999999999946148,0.2718314644879619,4,-3.279105444408542e-06,6.439999079615765e-06,2.0517362223154394e-08,19.619185750967077,3.999999999946606,0.407764119339095,6,-3.0922647831152505e-06,9.225214329126445e-06,2.041686271081743e-09,9.808970371241454,3.9999999999588693,0.8155799943460563,5,-1.985737402794563e-06,6.171466044927853e-16,3.243136262335148e-11,1.5338897536991923e-11,7
6.805,4.0,2.1459185323950485e-06,-2.7725815069104968e-08,29.430000000037147,3.999999999946176,0.2718314644880141,4,-3.2791054444050727e-06,6.4401016665982885e-06,2.05174208720945e-08,19.619185750981774,3.999999999945511,0.40776411933867796,6,-3.0922646207035e-06,9.225224537990139e-06,2.041830654096832e-09,9.808970371273464,3.9999999999565956,0.8155799943429312,5,-1.9857374881568357e-06,8.246319583331e-17,3.251612148994346e-11,1.544988608867449e-11,7
6.8100000000000005,4.0,2.145779903320808e-06,-2.772581420913735e-08,29.43000000004265,3.9999999999469327,0.27183146448801465,4,-3.2791054444050727e-06,6.44020425388888e-06,2.0517481903295333e-08,19.619185751005713,3.999999999947244,0.40776411933835705,6,-3.0922644578754155e-06,9.225234747626491e-06,2.0419888526526085e-09,9.808970371312435,3.9999999999579456,0.8155799943399661,5,-1.9857375733803306e-06,-2.3728103525873503e-16,3.2597391591702864e-11,1.5569619645077428e-11,7
6.815,4.0,2.1456412742528697e-06,-2.7725815108445417e-08,29.43000000004722,3.9999999999447233,0.2718314644878223,4,-3.2791054444050727e-06,6.4403068414736165e-06,2.051753515204869e-08,19.61918575102871,3.9999999999445954,0.4077641193376091,6,-3.0922642946171197e-06,9.225244957813972e-06,2.042102037016198e-09,9.808970371347593,3.999999999956324,0.8155799943367122,5,-1.9857376586593367e-06,6.970826622657968e-16,3.268955253724463e-11,1.5660238712882594e-11,7
6.82,4.0,2.1455026451783646e-06,-2.7725813519175547e-08,29.430000000031345,3.9999999999389826,0.27183146448757883,4,-3.2791054444016032e-06,6.440409429328221e-06,2.051759867975099e-08,19.619185751033122,3.999999999940997,0.40776411933715057,6,-3.0922641309355514e-06,9.225255168857914e-06,2.0422746814101787e-09,9.808970371366907,3.9999999999582743,0.815579994335504,5,-1.9857377436191537e-06,4.164182816405573e-16,3.2769337604686294e-11,1.5792623482695737e-11,7
6.825,4.0,2.1453640161119063e-06,-2.772581324645553e-08,29.43000000003827,3.9999999999420464,0.27183146448772305,4,-3.2791054444016032e-06,6.4405120174959686e-06,2.0517657342792138e-08,19.619185751058826,3.999999999942696,0.4077641193367896,6,-3.0922639668515273e-06,9.225265380694217e-06,2.042432503371896e-09,9.808970371407955,3.999999999956287,0.8155799943316858,5,-1.9857378284054983e-06,-1.8043761639792684e-16,3.284850805266152e-11,1.591005843334849e-11,7
6.83,4.0,2.1452253870483238e-06,-2.7725812133725746e-08,29.430000000040117,3.9999999999499583,0.2718314644882437,4,-3.2791054444016032e-06,6.440614605961562e-06,2.051771637490675e-08,19.619185751080167,3.9999999999505653,0.4077641193371482,6,-3.0922638023650473e-06,9.225275593307219e-06,2.042580551101792e-09,9.80897037144265,3.99999999996215,0.8155799943299965,5,-1.985737912983676e-06,5.585268287925774e-16,3.293079778324674e-11,1.602269544417802e-11,7
6.835,4.0,2.1450867579870654e-06,-2.7725807297886272e-08,29.429999999978715,3.9999999999635807,0.27183146448973655,4,-3.2791054443981338e-06,6.4407171947696424e-06,2.051779709210844e-08,19.619185751036234,3.9999999999662434,0.40776411933965956,6,-3.0922636374622336e-06,9.22528580684726e-06,2.0427264591331544e-09,9.808970371413585,3.999999999989475,0.8155799943379846,5,-1.9857379973953204e-06,2.4325832943598417e-15,3.301209808307241e-11,1.6081078964418587e-11,7
6.84,4.0,2.1449481289313492e-06,-2.772581212264763e-08,29.430000000044892,3.999999999953457,0.2718314644884373,4,-3.2791054443981338e-06,6.4408197838379245e-06,2.0517831290803578e-08,19.619185751122984,3.999999999953229,0.40776411933652984,6,-3.0922634722055364e-06,9.225296020881604e-06,2.0428610495969935e-09,9.808970371514382,3.9999999999624665,0.8155799943240968,5,-1.9857380818208425e-06,-6.3696132412379105e-16,3.3085047729396066e-11,1.6221352534955508e-11,7
6.845,4.0,2.144809499870314e-06,-2.772581170740794e-08,29.43000000004094,3.999999999944336,0.271831464487854,4,-3.2791054443981338e-06,6.4409223731554875e-06,2.0517886593329486e-08,19.6191857511373,3.999999999945252,0.40776411933541906,6,-3.0922633065463834e-06,9.225306235617579e-06,2.0430065353296996e-09,9.808970371540923,3.9999999999592424,0.8155799943212326,5,-1.985738166031259e-06,9.120218398332274e-16,3.316748667395579e-11,1.6337426796269283e-11,7
6.8500000000000005,4.0,2.1446708708142566e-06,-2.772581057437063e-08,29.43000000002552,3.9999999999468403,0.27183146448816664,4,-3.2791054443981338e-06,6.4410249627612424e-06,2.051794656996633e-08,19.61918575114146,3.9999999999473346,0.40776411933554496,6,-3.0922631404986523e-06,9.225316451103264e-06,2.043152531543542e-09,9.80897037156447,3.9999999999615206,0.8155799943197393,5,-1.985738250061264e-06,4.3595820687396035e-16,3.3238958391389056e-11,1.6436428491999574e-11,7
6.855,4.0,2.1445322417611323e-06,-2.7725809875050086e-08,29.43000000003938,3.999999999945192,0.27183146448792656,4,-3.2791054443981338e-06,6.441127552664675e-06,2.0518004454276985e-08,19.61918575117346,3.999999999946316,0.40776411933477597,6,-3.0922629740900986e-06,9.225326667335462e-06,2.043306270072195e-09,9.80897037160581,3.9999999999606004,0.8155799943161144,5,-1.9857383339663692e-06,-1.111596996613169e-16,3.3312622133162133e-11,1.6548505950424692e-11,7
6.86,4.0,2.144393612716823e-06,-2.7725806919757976e-08,29.429999999987874,3.9999999999617306,0.2718314644895262,4,-3.2791054443946643e-06,6.441230142858356e-06,2.0518066881376312e-08,19.619185751139565,3.9999999999636726,0.4077641193372499,6,-3.092262807299906e-06,9.22533688423706e-06,2.043404686877187e-09,9.80897037158793,3.9999999999840283,0.8155799943223778,5,-1.985738417767391e-06,2.3029092450836235e-15,3.3391222370591915e-11,1.6595149528313666e-11,7
6.865,4.0,2.1442549836647436e-06,-2.7725811552615457e-08,29.430000000036465,3.9999999999345275,0.2718314644872288,4,-3.2791054443946643e-06,6.441332733303741e-06,2.0518111912281107e-08,19.619185751208438,3.999999999934116,0.4077641193328053,6,-3.0922626401419517e-06,9.225347101752799e-06,2.043577361056404e-09,9.808970371677052,3.99999999994783,0.8155799943075871,5,-1.9857385015059625e-06,7.059644464627984e-16,3.3457940557122945e-11,1.6739778725820795e-11,7
6.87,4.0,2.1441163546192473e-06,-2.7725809229184307e-08,29.430000000043467,3.9999999999436513,0.2718314644877841,4,-3.2791054443946643e-06,6.441435324057061e-06,2.0518173033076972e-08,19.619185751233807,3.9999999999425224,0.40776411933313506,6,-3.0922624726509307e-06,9.225357320111446e-06,2.043739624282115e-09,9.808970371717638,3.999999999950293,0.8155799943047146,5,-1.985738584980856e-06,-4.984054906505715e-16,3.352579205931751e-11,1.6847326474305444e-11,7
6.875,4.0,2.1439777255803447e-06,-2.7725807533499865e-08,29.430000000033804,3.999999999949904,0.2718314644882983,4,-3.2791054443946643e-06,6.441537915097934e-06,2.051823043106483e-08,19.61918575124213,3.9999999999500817,0.40776411933373263,6,-3.0922623047921483e-06,9.225367539237825e-06,2.043881135919955e-09,9.808970371736159,3.999999999962566,0.8155799943056771,5,-1.9857386682822775e-06,7.947822884328109e-16,3.36019267134542e-11,1.695455270220216e-11,7
6.88,4.0,2.1438390965430875e-06,-2.772580829641553e-08,29.43000000003783,3.999999999943988,0.27183146448785905,4,-3.279105444391195e-06,6.4416405064066254e-06,2.0518283341695076e-08,19.61918575126679,3.9999999999438764,0.40776411933258755,6,-3.0922621365794822e-06,9.225377759035769e-06,2.044024028633632e-09,9.808970371777244,3.999999999953779,0.8155799943004695,5,-1.98573875145186e-06,3.506930785827485e-16,3.3667733628926624e-11,1.7047846963407462e-11,7
6.885,4.0,2.1437004675122915e-06,-2.772580256824026e-08,29.42999999998208,3.999999999962512,0.27183146448963286,4,-3.279105444391195e-06,6.441743098018545e-06,2.051835320316386e-08,19.61918575122669,3.9999999999661817,0.4077641193356948,6,-3.092261968047627e-06,9.22538797954702e-06,2.044124655808492e-09,9.808970371745056,3.999999999990001,0.8155799943105312,5,-1.9857388345173588e-06,1.3241366265740858e-15,3.37400171414355e-11,1.7081890842234566e-11,7
6.890000000000001,4.0,2.1435618384792686e-06,-2.7725807169644362e-08,29.430000000037108,3.9999999999455866,0.2718314644879744,4,-3.279105444391195e-06,6.441845689883085e-06,2.0518391826777843e-08,19.61918575130127,3.999999999945711,0.407764119332058,6,-3.0922617991688273e-06,9.225398200628305e-06,2.044282673316069e-09,9.808970371842939,3.999999999955288,0.8155799942953148,5,-1.985738917555102e-06,-1.0255756185010402e-18,3.379982174714759e-11,1.7216957910875203e-11,7
6.8950000000000005,4.0,2.1434232094494864e-06,-2.772580524857852e-08,29.430000000025203,3.999999999950147,0.27183146448839424,4,-3.279105444391195e-06,6.441948282020831e-06,2.0518450991232852e-08,19.619185751308528,3.9999999999499143,0.4077641193323356,6,-3.0922616299569605e-06,9.225408422522301e-06,2.044435214245082e-09,9.808970371864772,3.99999999995988,0.8155799942944357,5,-1.9857390003430453e-06,8.764947030452225e-16,3.3865687282395706e-11,1.7321478747305518e-11,7
6.9,4.0,2.1432845804237814e-06,-2.7725804855776405e-08,29.430000000034507,3.999999999943283,0.27183146448784185,4,-3.279105444391195e-06,6.442050874452001e-06,2.051850948498328e-08,19.61918575133594,3.999999999943323,0.4077641193310939,6,-3.0922614604397825e-06,9.225418645167617e-06,2.044595654471499e-09,9.80897037190352,3.99999999995484,0.8155799942901863,5,-1.9857390829436383e-06,-4.024822213229579e-16,3.39278544427042e-11,1.7425429373190378e-11,7
6.905,4.0,2.1431459514072566e-06,-2.7725802851875755e-08,29.430000000025323,3.9999999999583715,0.27183146448895207,4,-3.279105444391195e-06,6.442153467166479e-06,2.0518563144051055e-08,19.619185751344254,3.999999999958534,0.40776411933247175,6,-3.0922612906034153e-06,9.225428868529632e-06,2.0447195030198373e-09,9.80897037192534,3.999999999968203,0.8155799942910967,5,-1.9857391653915757e-06,8.87152844081624e-16,3.399541639873395e-11,1.7509694412581008e-11,7
6.91,4.0,2.1430073223842927e-06,-2.7725802460453863e-08,29.430000000036344,3.999999999940739,0.271831464487652,4,-3.2791054444120116e-06,6.442256060171068e-06,2.0518630202799978e-08,19.619185751372626,3.9999999999423563,0.4077641193302329,6,-3.0922611204756145e-06,9.225439092657144e-06,2.0448952414294063e-09,9.80897037196521,3.999999999956919,0.815579994285481,5,-1.9857392476868574e-06,-5.346083305373856e-15,3.403847706487785e-11,1.7590202457256303e-11,7
6.915,4.0,2.142868693378535e-06,-2.7725802168726567e-08,29.430000000033893,3.9999999999573035,0.27183146448880036,4,-3.2791054444258894e-06,6.442358653472735e-06,2.0518677554132577e-08,19.619185751389075,3.9999999999557967,0.40776411933126117,6,-3.0922609500425025e-06,9.225449317488735e-06,2.045015605755293e-09,9.808970371998587,3.9999999999622435,0.8155799942837915,5,-1.9857393298711168e-06,-1.4363219018539045e-15,3.4109453178752935e-11,1.768236695551175e-11,7
6.92,4.0,2.1427300643725057e-06,-2.7725801657336755e-08,29.430000000039936,3.999999999960586,0.2718314644889676,4,-3.2791054444258894e-06,6.44246124702086e-06,2.0518727755773666e-08,19.619185751413283,3.999999999959793,0.4077641193311654,6,-3.0922607792902013e-06,9.225459542864188e-06,2.045115292417093e-09,9.808970372035903,3.999999999966245,0.8155799942815046,5,-1.9857394120414984e-06,-7.968334396698143e-16,3.417696006772066e-11,1.774219820657643e-11,7
6.925,4.0,2.1425914353611274e-06,-2.772580251188453e-08,29.430000000028624,3.99999999993735,0.271831464487493,4,-3.2791054444258894e-06,6.442563840797711e-06,2.0518777196341607e-08,19.61918575142022,3.9999999999374722,0.40776411932874584,6,-3.092260608218711e-06,9.225469768899527e-06,2.045275457191353e-09,9.808970372059928,3.9999999999511777,0.8155799942764349,5,-1.985739494017591e-06,6.882008780687951e-16,3.423819819340214e-11,1.7867665842856947e-11,7
6.93,4.0,2.142452806358102e-06,-2.77257988733831e-08,29.430000000021877,3.999999999949206,0.27183146448836104,4,-3.2791054444258894e-06,6.442666434874581e-06,2.0518840811228814e-08,19.61918575143149,3.99999999995,0.4077641193297887,6,-3.092260436869665e-06,9.225479995771143e-06,2.0454281993800276e-09,9.80897037208242,3.9999999999638685,0.8155799942771523,5,-1.985739575757761e-06,-5.872233326205847e-16,3.4292426814995354e-11,1.7947500648290114e-11,7
6.9350000000000005,4.0,2.1423141773625135e-06,-2.7725799353638517e-08,29.4300000000349,3.999999999951095,0.2718314644883691,4,-3.2791054444258894e-06,6.442769029224267e-06,2.0518889981262316e-08,19.61918575146196,3.9999999999506386,0.4077641193292205,6,-3.0922602652291853e-06,9.22549022333221e-06,2.0455706393806133e-09,9.808970372126316,3.999999999959954,0.8155799942727043,5,-1.9857396573452757e-06,-1.0760698598251709e-16,3.4355340045176395e-11,1.8048337320635508e-11,7
6.94,4.0,2.1421755483707313e-06,-2.772579810516227e-08,29.43000000001905,3.999999999954064,0.27183146448871726,4,-3.27910544442242e-06,6.442871623836446e-06,2.0518943389624235e-08,19.619185751465924,3.9999999999539124,0.4077641193294719,6,-3.092260093297272e-06,9.225500451571836e-06,2.04569628498209e-09,9.80897037214814,3.9999999999646407,0.8155799942718454,5,-1.9857397388009512e-06,5.993830360987826e-16,3.4409927490851163e-11,1.8119073626337265e-11,7
6.945,4.0,2.1420369193827587e-06,-2.7725799037632617e-08,29.430000000038163,3.999999999950263,0.27183146448828244,4,-3.27910544442242e-06,6.442974218719895e-06,2.0518995621591014e-08,19.61918575150214,3.9999999999487756,0.4077641193281955,6,-3.0922599210878032e-06,9.225510680376676e-06,2.0458149468639642e-09,9.80897037219953,3.9999999999553832,0.815579994265685,5,-1.9857398202913212e-06,-1.0988141023678568e-15,3.4457334902181074e-11,1.817623501307233e-11,7
6.95,4.0,2.141898290395039e-06,-2.7725796571757464e-08,29.430000000027743,3.999999999949799,0.27183146448834716,4,-3.27910544442242e-06,6.443076813863476e-06,2.0519050359215055e-08,19.619185751508795,3.9999999999502407,0.40776411932820655,6,-3.092259748628534e-06,9.225520909909243e-06,2.045965859555715e-09,9.808970372216496,3.9999999999606355,0.8155799942653452,5,-1.9857399015596466e-06,-8.217024354214176e-16,3.451292598947011e-11,1.8274234843545202e-11,7
6.955,4.0,2.1417596614138384e-06,-2.7725795675485066e-08,29.430000000030965,3.9999999999479288,0.2718314644881903,4,-3.27910544442242e-06,6.443179409272697e-06,2.0519103732807325e-08,19.619185751529393,3.9999999999482334,0.4077641193275738,6,-3.0922595758778315e-06,9.225531140190634e-06,2.0461171363818277e-09,9.808970372249792,3.999999999960097,0.815579994262467,5,-1.9857399826198052e-06,1.5497339451779168e-15,3.457263111919919e-11,1.8379038120712977e-11,7
6.96,4.0,2.141621032432563e-06,-2.7725801911219128e-08,29.43000000006143,3.999999999918437,0.2718314644859047,4,-3.27910544442242e-06,6.443282004955547e-06,2.0519155831358384e-08,19.619185751578613,3.999999999911212,0.4077641193227768,6,-3.09225940287039e-06,9.225541371215168e-06,2.0463049239971665e-09,9.80897037231684,3.9999999999122453,0.8155799942471353,5,-1.9857400635064915e-06,-5.445907684749785e-16,3.4618009931018514e-11,1.8483781001748216e-11,7
6.965,4.0,2.1414824034674148e-06,-2.772579093396185e-08,29.430000000017714,3.9999999999639457,0.27183146448940115,4,-3.27910544442242e-06,6.443384600966789e-06,2.0519223767893218e-08,19.619185751551058,3.999999999964371,0.4077641193287686,6,-3.092259229613148e-06,9.225551603133728e-06,2.046422974871855e-09,9.808970372299335,3.999999999974499,0.8155799942612841,5,-1.9857401441572553e-06,1.0452486027882457e-15,3.4673355881063706e-11,1.8540938835769597e-11,7
6.97,4.0,2.1413437745071338e-06,-2.7725792938738034e-08,29.430000000026524,3.9999999999621445,0.27183146448919737,4,-3.2791054444189505e-06,6.44348719719876e-06,2.0519262040779208e-08,19.619185751577437,3.9999999999617835,0.40776411932795653,6,-3.092259056099167e-06,9.225561835527604e-06,2.0465194339246414e-09,9.808970372338624,3.999999999970613,0.815579994257225,5,-1.9857402247802636e-06,2.2371840420258136e-15,3.472796819573423e-11,1.860958614582822e-11,7
6.9750000000000005,4.0,2.141205145543085e-06,-2.7725793149371653e-08,29.43000000003255,3.9999999999521725,0.27183146448846407,4,-3.279105444415481e-06,6.443589793675877e-06,2.0519313620401676e-08,19.61918575160237,3.9999999999520437,0.40776411932644546,6,-3.092258882335386e-06,9.225572068436925e-06,2.0466343106196774e-09,9.808970372377713,3.9999999999606493,0.8155799942519434,5,-1.9857403054379663e-06,-1.2942133547018845e-15,3.4768478013456755e-11,1.8652785367805594e-11,7
6.98,4.0,2.1410665165813185e-06,-2.7725792143785685e-08,29.43000000002752,3.9999999999442553,0.27183146448797246,4,-3.279105444415481e-06,6.443692390396767e-06,2.051936459123253e-08,19.619185751613927,3.9999999999448983,0.40776411932547685,6,-3.092258708342621e-06,9.225582302038204e-06,2.046784591080768e-09,9.808970372403968,3.9999999999573417,0.815579994249086,5,-1.9857403858805633e-06,-7.275555229332047e-16,3.481948077102962e-11,1.87528741939216e-11,7
6.985,4.0,2.1409278876288806e-06,-2.7725789011205632e-08,29.430000000026055,3.9999999999546705,0.2718314644886938,4,-3.279105444415481e-06,6.443794987392955e-06,2.05194213560615e-08,19.619185751629683,3.9999999999555977,0.40776411932624007,6,-3.0922585340861786e-06,9.225592536397902e-06,2.046922791654208e-09,9.80897037243134,3.999999999966839,0.8155799942487466,5,-1.9857404661149936e-06,1.5550630156961172e-15,3.4872988191746034e-11,1.8832339517132172e-11,7
6.99,4.0,2.140789258679734e-06,-2.772579015075206e-08,29.430000000033818,3.9999999999444835,0.27183146448792983,4,-3.279105444415481e-06,6.443897584651772e-06,2.0519472831247335e-08,19.619185751655163,3.9999999999441007,0.4077641193245385,6,-3.0922583596146302e-06,9.225602771448735e-06,2.0470755650999084e-09,9.808970372472402,3.999999999954202,0.8155799942427558,5,-1.985740546203707e-06,-3.332043045863491e-16,3.491150316073791e-11,1.8916698703435292e-11,7
6.995,4.0,2.1406506297401133e-06,-2.7725787271595567e-08,29.430000000014232,3.9999999999564997,0.2718314644889273,4,-3.279105444415481e-06,6.444000182182057e-06,2.0519525891116514e-08,19.619185751652125,3.99999999995777,0.4077641193259951,6,-3.0922581849140984e-06,9.225613007170484e-06,2.047191389566554e-09,9.808970372484442,3.999999999970054,0.815579994244987,5,-1.9857406261744592e-06,4.110892111223559e-16,3.495737579975858e-11,1.8973717981623205e-11,7
7.0,4.0,2.1405120008021593e-06,-2.7725787169719745e-08,29.430000000022837,3.999999999952414,0.2718314644885702,4,-3.2791054444120116e-06,6.444102779948633e-06,2.0519573838573405e-08,19.619185751677914,3.9999999999530425,0.40776411932497714,6,-3.0922580099776442e-06,9.225623243519214e-06,2.047323965526339e-09,9.808970372523065,3.999999999964918,0.8155799942407282,5,-1.985740705992556e-06,1.801976616372752e-15,3.500793446812159e-11,1.9054762486064e-11,7
7.005,4.0,2.140373371871964e-06,-2.77257828324886e-08,29.429999999968658,3.999999999965537,0.2718314644899624,4,-3.279105444408542e-06,6.444205377987137e-06,2.0519637951725364e-08,19.619185751640273,3.999999999968598,0.40776411932734524,6,-3.0922578348191454e-06,9.225633480509921e-06,2.0474159046227132e-09,9.8089703724943,3.999999999991628,0.815579994248566,5,-1.9857407857482023e-06,2.0169157939401823e-15,3.505401671724931e-11,1.9056828389068225e-11,7
7.01,4.0,2.1402347429402166e-06,-2.7725786187028664e-08,29.4300000000351,3.999999999943153,0.2718314644878275,4,-3.279105444408542e-06,6.444307976267574e-06,2.0519676974928735e-08,19.61918575172456,3.999999999943798,0.4077641193230652,6,-3.0922576594663576e-06,9.225643718083509e-06,2.0475815726844747e-09,9.808970372593723,3.99999999995587,0.8155799942330085,5,-1.985740865441399e-06,-8.270315059396188e-16,3.5090195776997375e-11,1.9175645345342027e-11,7
7.015000000000001,4.0,2.1400961140199766e-06,-2.7725783466837087e-08,29.430000000027626,3.999999999957081,0.2718314644888431,4,-3.279105444408542e-06,6.444410574808804e-06,2.0519726323660017e-08,19.619185751733806,3.999999999957238,0.4077641193242432,6,-3.0922574838637695e-06,9.225653956374584e-06,2.0477080129690298e-09,9.808970372621166,3.999999999965543,0.815579994232699,5,-1.985740944954184e-06,1.206897075173668e-15,3.5136476978091103e-11,1.925483533324249e-11,7
7.0200000000000005,4.0,2.1399574850999864e-06,-2.772578263755377e-08,29.43000000001279,3.999999999948354,0.2718314644883871,4,-3.279105444408542e-06,6.4445131735993835e-06,2.051978261434876e-08,19.61918575173753,3.9999999999492912,0.4077641193233557,6,-3.0922573080668925e-06,9.22566419538735e-06,2.0478585455587845e-09,9.808970372639433,3.999999999962191,0.8155799942304968,5,-1.9857410242449247e-06,4.803671278589655e-16,3.5171721674141644e-11,1.9323292573119297e-11,7
7.025,4.0,2.1398188561905947e-06,-2.772578205106577e-08,29.4300000000212,3.9999999999557074,0.2718314644888091,4,-3.279105444408542e-06,6.444615772664241e-06,2.0519831632683217e-08,19.61918575176231,3.999999999954891,0.40776411932341156,6,-3.0922571320757264e-06,9.225674435073477e-06,2.047989122383707e-09,9.808970372675082,3.999999999963557,0.8155799942278111,5,-1.9857411034107653e-06,4.69708986822564e-16,3.521429384215471e-11,1.9393698476448927e-11,7
7.03,4.0,2.1396802272848953e-06,-2.7725780114845712e-08,29.430000000021995,3.999999999955556,0.2718314644887915,4,-3.279105444408542e-06,6.4447183719744396e-06,2.0519882537644373e-08,19.619185751779487,3.999999999956663,0.4077641193232352,6,-3.0922569558902713e-06,9.225684675415998e-06,2.048117217801528e-09,9.80897037270154,3.9999999999691784,0.8155799942267575,5,-1.98574118242395e-06,1.7025006333663377e-15,3.52584043351907e-11,1.9459279794602744e-11,7
7.035,4.0,2.1395415983866124e-06,-2.7725779602032415e-08,29.43000000002345,3.999999999963289,0.2718314644893035,4,-3.2791054444050727e-06,6.44482097154081e-06,2.0519933608849876e-08,19.619185751800217,3.999999999961651,0.4077641193233128,6,-3.0922567794897104e-06,9.225694916330523e-06,2.048222316893658e-09,9.808970372748341,3.999999999964058,0.8155799942218221,5,-1.9857412614163183e-06,-1.3602869541292145e-16,3.528935202404673e-11,1.948177557761691e-11,7
7.04,4.0,2.139402969488278e-06,-2.7725778879693474e-08,29.43000000002864,3.999999999951038,0.27183146448842305,4,-3.2791054444050727e-06,6.444923571346843e-06,2.0519981148378416e-08,19.619185751820858,3.9999999999512883,0.40776411932182743,6,-3.092256602922616e-06,9.225705157882634e-06,2.048367391928222e-09,9.808970372774475,3.999999999960989,0.8155799942190234,5,-1.9857413402907254e-06,-6.263031830873905e-16,3.533220485644042e-11,1.9576840866591093e-11,7
7.045,4.0,2.139264340598128e-06,-2.7725777621733358e-08,29.430000000022865,3.99999999995172,0.27183146448852274,4,-3.2791054444050727e-06,6.445026171402812e-06,2.0520031431633896e-08,19.619185751831385,3.999999999951437,0.4077641193216238,6,-3.092256426147355e-06,9.225715400146802e-06,2.0485075395996125e-09,9.808970372797525,3.999999999961405,0.8155799942171917,5,-1.9857414189500266e-06,9.599834744970332e-16,3.5371487211586915e-11,1.9654014689478837e-11,7
7.05,4.0,2.1391257117144356e-06,-2.7725775943633542e-08,29.430000000016204,3.9999999999534896,0.27183146448870454,4,-3.2791054444016032e-06,6.445128771712215e-06,2.05200835866017e-08,19.619185751841865,3.9999999999544436,0.40776411932171247,6,-3.0922562491916827e-06,9.225725643079959e-06,2.0486358959066897e-09,9.808970372820808,3.9999999999670592,0.8155799942164087,5,-1.9857414974566723e-06,4.856961983771665e-16,3.5407151127851556e-11,1.971172852319095e-11,7
7.055,4.0,2.1389870828358497e-06,-2.772577490084359e-08,29.430000000018772,3.9999999999508247,0.2718314644884997,4,-3.2791054444016032e-06,6.445231372275416e-06,2.0520134144475436e-08,19.61918575186089,3.999999999951944,0.40776411932106227,6,-3.092256072069477e-06,9.225735886684409e-06,2.0487737401472107e-09,9.80897037285149,3.9999999999645692,0.8155799942133498,5,-1.9857415758106622e-06,-2.8019324579024062e-18,3.5442935836381275e-11,1.977786939374918e-11,7
7.0600000000000005,4.0,2.1388484539659827e-06,-2.7725773242540602e-08,29.430000000020442,3.999999999960383,0.2718314644891338,4,-3.2791054443981338e-06,6.4453339730872506e-06,2.052018073517833e-08,19.619185751878412,3.99999999996084,0.40776411932160495,6,-3.092255894752982e-06,9.225746130926919e-06,2.0488933546422035e-09,9.808970372883676,3.999999999970375,0.8155799942118575,5,-1.985741654039752e-06,1.814411114248554e-15,3.5478988774793746e-11,1.9839191008202117e-11,7
7.065,4.0,2.1387098250982574e-06,-2.7725772436067973e-08,29.430000000030624,3.9999999999597673,0.271831464488998,4,-3.2791054444258894e-06,6.44543657418855e-06,2.052024114443848e-08,19.61918575190495,3.9999999999592015,0.4077641193208863,6,-3.092255717339343e-06,9.225756375786466e-06,2.0490201436323277e-09,9.808970372925835,3.9999999999650813,0.8155799942072728,5,-1.9857417322896587e-06,-5.6658275364659004e-15,3.548856511451496e-11,1.984309721689196e-11,7
7.07,4.0,2.138571196230225e-06,-2.7725772858523988e-08,29.4300000000162,3.9999999999199933,0.27183146448642825,4,-3.279105444439767e-06,6.445539175523902e-06,2.052029101781564e-08,19.619185751905285,3.9999999999260134,0.4077641193174961,6,-3.0922555397314144e-06,9.225766621402302e-06,2.0492092285689146e-09,9.808970372936198,3.999999999952066,0.8155799942037574,5,-1.985741810296704e-06,-4.788655654171686e-16,3.55358748262187e-11,1.997353687596596e-11,7
7.075,4.0,2.1384325673855044e-06,-2.7725768315689648e-08,29.43000000002183,3.999999999967543,0.2718314644896076,4,-3.279105444439767e-06,6.445641777140857e-06,2.052033930270846e-08,19.619185751929596,3.999999999967821,0.4077641193212528,6,-3.0922553619153192e-06,9.225776867777828e-06,2.0493108235386044e-09,9.80897037297473,3.999999999975165,0.8155799942052633,5,-1.9857418880747657e-06,8.764947030452226e-16,3.557785724376109e-11,2.0026527376842112e-11,7
7.08,4.0,2.1382939385391515e-06,-2.7725770404964674e-08,29.430000000017877,3.9999999999554623,0.2718314644888231,4,-3.2791054444362977e-06,6.445744378944372e-06,2.0520376869546268e-08,19.61918575194305,3.999999999954749,0.40776411931964057,6,-3.0922551839465684e-06,9.22578711461284e-06,2.04941524873187e-09,9.80897037300667,3.999999999962606,0.8155799942000469,5,-1.9857419657834385e-06,-1.2181784069771813e-16,3.560349007295364e-11,2.0074451708012294e-11,7
7.085,4.0,2.1381553096936134e-06,-2.772576841122042e-08,29.43000000001748,3.999999999952224,0.27183146448860673,4,-3.2791054444362977e-06,6.445846980984314e-06,2.052042818087791e-08,19.61918575195928,3.9999999999525233,0.40776411931907636,6,-3.0922550058321008e-06,9.225797362077968e-06,2.049545462633767e-09,9.808970373035663,3.9999999999618296,0.815579994197478,5,-1.9857420433672113e-06,-1.1716447327832663e-15,3.5632648970472394e-11,2.0125307027967485e-11,7
7.09,4.0,2.1380166808571762e-06,-2.7725767421500818e-08,29.43000000002111,3.9999999999541305,0.27183146448870277,4,-3.2791054444362977e-06,6.445949583264869e-06,2.0520473836845116e-08,19.619185751978538,3.9999999999536597,0.407764119318792,6,-3.0922548275649775e-06,9.225807610164996e-06,2.0496722901827326e-09,9.808970373066556,3.999999999961031,0.8155799941947466,5,-1.985742120812206e-06,-9.907359815502533e-18,3.5666520542686076e-11,2.01903696499242e-11,7
7.095,4.0,2.1378780520266954e-06,-2.7725766316760545e-08,29.4300000000242,3.9999999999524167,0.2718314644885578,4,-3.2791054444362977e-06,6.446052185785365e-06,2.05205232303757e-08,19.619185751998195,3.999999999952009,0.4077641193182151,6,-3.0922546491382596e-06,9.225817858868377e-06,2.0497946118924245e-09,9.808970373098017,3.9999999999606954,0.8155799941920622,5,-1.9857421981531176e-06,2.7963880500673817e-16,3.56959352355897e-11,2.0242251704132562e-11,7
7.1000000000000005,4.0,2.137739423205947e-06,-2.772576524756039e-08,29.43000000002371,3.999999999953992,0.27183146448866935,4,-3.2791054444362977e-06,6.446154788561315e-06,2.052057002916878e-08,19.61918575201323,3.9999999999540057,0.4077641193181062,6,-3.092254470579703e-06,9.225828108073046e-06,2.0498902499950856e-09,9.808970373124328,3.9999999999631104,0.8155799941903669,5,-1.9857422755426013e-06,-5.090636316869731e-16,3.572210807726142e-11,2.025702921667953e-11,7
7.105,4.0,2.137600794384889e-06,-2.7725762752088293e-08,29.430000000011084,3.999999999951541,0.2718314644886194,4,-3.2791054444362977e-06,6.4462573915582105e-06,2.0520620779395742e-08,19.619185752016698,3.999999999952517,0.40776411931788237,6,-3.0922542918684903e-06,9.225838357969362e-06,2.050031973225915e-09,9.808970373142031,3.9999999999651523,0.8155799941893113,5,-1.9857423527100404e-06,4.235237089981584e-16,3.575298293548704e-11,2.0329488588515503e-11,7
7.11,4.0,2.1374621655753295e-06,-2.7725761707775486e-08,29.430000000009986,3.9999999999538742,0.2718314644887881,4,-3.2791054444362977e-06,6.4463599948028536e-06,2.052066825223586e-08,19.619185752032386,3.9999999999546785,0.4077641193177766,6,-3.092254113011561e-06,9.225848608480235e-06,2.050150085005865e-09,9.808970373171762,3.9999999999660867,0.8155799941870298,5,-1.985742429773396e-06,1.2175552162100703e-15,3.578250420980104e-11,2.037605933577406e-11,7
7.115,4.0,2.137323536770322e-06,-2.7725759815282075e-08,29.43000000001488,3.9999999999564184,0.2718314644889158,4,-3.2791054444362977e-06,6.446462598288584e-06,2.052071716997306e-08,19.61918575205315,3.999999999957814,0.40776411931766476,6,-3.0922539340366706e-06,9.22585885960135e-06,2.0502714947912783e-09,9.808970373202374,3.9999999999699107,0.8155799941852642,5,-1.9857425067326684e-06,4.554981321073628e-16,3.580845145415416e-11,2.0425710285792135e-11,7
7.12,4.0,2.1371849079683967e-06,-2.7725759945413272e-08,29.43000000001394,3.999999999938277,0.27183146448769163,4,-3.2791054444362977e-06,6.446565201998146e-06,2.052076138940791e-08,19.6191857520666,3.9999999999406297,0.4077641193156334,6,-3.0922537549230023e-06,9.225869111405638e-06,2.050429604189849e-09,9.80897037322519,3.9999999999596723,0.8155799941812796,5,-1.9857425834560183e-06,1.3596637633620903e-15,3.583622301698134e-11,2.051973462965843e-11,7
7.125,4.0,2.1370462791813285e-06,-2.7725757060966346e-08,29.429999999994976,3.9999999999636144,0.27183146448958867,4,-3.279105444429359e-06,6.4466678059657425e-06,2.0520813400495685e-08,19.619185752066024,3.9999999999634204,0.4077641193179687,6,-3.092253575670556e-06,9.225879363867189e-06,2.0505286739401156e-09,9.808970373249695,3.999999999972996,0.8155799941819587,5,-1.985742660061407e-06,2.885205892037394e-16,3.585772404016543e-11,2.0530280860213953e-11,7
7.13,4.0,2.136907650395616e-06,-2.772575614773966e-08,29.43000000001584,3.9999999999558202,0.27183146448886625,4,-3.279105444429359e-06,6.446770410169545e-06,2.0520861546897246e-08,19.619185752101835,3.999999999956364,0.407764119316505,6,-3.0922533963209653e-06,9.225889616896146e-06,2.050652181161569e-09,9.80897037329111,3.999999999966902,0.8155799941772727,5,-1.9857427366182234e-06,-4.52220212826165e-16,3.588218625020081e-11,2.0573567123676462e-11,7
7.135,4.0,2.1367690216154035e-06,-2.7725754449630288e-08,29.43000000001181,3.9999999999589084,0.2718314644891134,4,-3.279105444429359e-06,6.44687301459809e-06,2.0520907300808606e-08,19.619185752113403,3.9999999999590092,0.4077641193165343,6,-3.0922532168395356e-06,9.225899870642025e-06,2.0507962435007617e-09,9.808970373316077,3.99999999996891,0.8155799941756062,5,-1.985742812904423e-06,2.77862448167338e-16,3.5909639845153735e-11,2.0660072149041576e-11,7
7.140000000000001,4.0,2.136630392846797e-06,-2.772575393604161e-08,29.430000000006,3.9999999999590665,0.2718314644891778,4,-3.279105444429359e-06,6.446975619272558e-06,2.052095253729907e-08,19.619185752124352,3.9999999999589333,0.40776411931629897,6,-3.092253037226267e-06,9.225910124930741e-06,2.0509006346543994e-09,9.808970373345229,3.9999999999673888,0.8155799941728722,5,-1.985742889169806e-06,1.1820280794220657e-15,3.593080336053835e-11,2.0682010156008167e-11,7
7.1450000000000005,4.0,2.1364917640780507e-06,-2.7725755950609047e-08,29.430000000061543,3.9999999999493423,0.27183146448800394,4,-3.279105444429359e-06,6.4470782241663465e-06,2.052098928901414e-08,19.619185752197225,3.9999999999451705,0.40776411931338136,6,-3.0922528575158537e-06,9.225920379820846e-06,2.0510541851144973e-09,9.808970373436807,3.9999999999383946,0.815579994159346,5,-1.985742965296411e-06,-1.6192866563121294e-15,3.594203526483387e-11,2.0772350335789545e-11,7
7.15,4.0,2.1363531353215095e-06,-2.7725749979283734e-08,29.43000000000645,3.999999999962072,0.27183146448937784,4,-3.279105444429359e-06,6.447180829309982e-06,2.052104850915449e-08,19.61918575215549,3.9999999999624993,0.40776411931601525,6,-3.092252677701357e-06,9.225930635415123e-06,2.0511604484991506e-09,9.80897037339966,3.999999999971406,0.8155799941691655,5,-1.985743041221788e-06,5.496450445955764e-16,3.5974480422505524e-11,2.0785898609403652e-11,7
7.155,4.0,2.136214506567558e-06,-2.7725748639310133e-08,29.43000000000005,3.999999999956982,0.27183146448909107,4,-3.2791054444258894e-06,6.447283434708683e-06,2.0521103809574902e-08,19.619185752165684,3.999999999957115,0.4077641193152546,6,-3.0922524977480825e-06,9.225940891709905e-06,2.0513081157870193e-09,9.808970373426199,3.9999999999676996,0.8155799941662032,5,-1.9857431170638984e-06,1.6740789239359349e-15,3.5996143094162e-11,2.083584798737075e-11,7
7.16,4.0,2.1360758778269416e-06,-2.772575057390549e-08,29.430000000062428,3.999999999958323,0.27183146448860607,4,-3.2791054444258894e-06,6.447386040339116e-06,2.0521132593039363e-08,19.619185752244842,3.999999999955318,0.40776411931342615,6,-3.092252317725419e-06,9.225951148562457e-06,2.0514370463073028e-09,9.808970373518019,3.9999999999492895,0.815579994154815,5,-1.9857431927741698e-06,-1.493165320714712e-15,3.600962741892989e-11,2.0924065420729044e-11,7
7.165,4.0,2.1359372490912946e-06,-2.772574683985034e-08,29.430000000007105,3.999999999964102,0.2718314644895098,4,-3.2791054444258894e-06,6.447488646183032e-06,2.0521185301768403e-08,19.61918575220384,3.999999999963606,0.4077641193151232,6,-3.0922521375917333e-06,9.22596140599505e-06,2.0515250364331915e-09,9.80897037348815,3.9999999999701767,0.8155799941615574,5,-1.9857432683387244e-06,2.1391360194892877e-16,3.603348566763987e-11,2.091948064372655e-11,7
7.17,4.0,2.1357986203609123e-06,-2.7725745925351636e-08,29.430000000018904,3.9999999999609264,0.271831464489185,4,-3.27910544442242e-06,6.447591252240678e-06,2.0521227689880303e-08,19.619185752231427,3.9999999999608384,0.4077641193142677,6,-3.0922519573470253e-06,9.225971663928404e-06,2.0516313941067525e-09,9.808970373525005,3.9999999999678293,0.8155799941580143,5,-1.9857433438755234e-06,8.96034628278625e-16,3.605545031995906e-11,2.095900813611688e-11,7
7.175,4.0,2.135659991630819e-06,-2.7725744228013442e-08,29.429999999992987,3.999999999943573,0.2718314644882451,4,-3.27910544442242e-06,6.447693858518208e-06,2.0521278662237547e-08,19.619185752220098,3.999999999946179,0.4077641193130088,6,-3.0922517770329283e-06,9.225981922539772e-06,2.0517859133439895e-09,9.808970373529146,3.999999999963734,0.8155799941568349,5,-1.985743419190278e-06,1.6950468096392274e-16,3.606928636338115e-11,2.1025076176044693e-11,7
7.18,4.0,2.1355213629216747e-06,-2.772574077803066e-08,29.430000000003975,3.9999999999710223,0.27183146449000894,4,-3.27910544442242e-06,6.447796465058731e-06,2.0521324496439628e-08,19.619185752246622,3.99999999997174,0.40776411931506323,6,-3.092251596621687e-06,9.22599218173805e-06,2.051868731932296e-09,9.80897037356535,3.999999999979816,0.8155799941571038,5,-1.985743494449521e-06,4.697089868225651e-16,3.6092228011962e-11,2.1033616899728528e-11,7
7.1850000000000005,4.0,2.1353827342097306e-06,-2.7725742358739483e-08,29.43000000000995,3.999999999953359,0.27183146448875345,4,-3.27910544442242e-06,6.447899071795305e-06,2.0521365244573394e-08,19.619185752268333,3.999999999953416,0.40776411931274403,6,-3.092251416099423e-06,9.226002441452139e-06,2.0519934645120297e-09,9.808970373602172,3.999999999963535,0.8155799941507226,5,-1.985743569667131e-06,1.098539307970254e-15,3.610838575377319e-11,2.1081011876560567e-11,7
7.19,4.0,2.1352441055029327e-06,-2.7725739813532304e-08,29.43000000000834,3.99999999994869,0.27183146448845097,4,-3.27910544442242e-06,6.448001678762538e-06,2.0521415265557004e-08,19.619185752282156,3.9999999999497837,0.40776411931208645,6,-3.092251235521648e-06,9.226012701877486e-06,2.0521452419743503e-09,9.808970373626307,3.999999999962257,0.8155799941484552,5,-1.985743644621063e-06,9.312133686971234e-17,3.612430901648157e-11,2.1152817549079644e-11,7
7.195,4.0,2.1351054768127684e-06,-2.772573735870717e-08,29.430000000008008,3.9999999999647313,0.2718314644895442,4,-3.27910544442242e-06,6.448104285985148e-06,2.052146146789796e-08,19.619185752296886,3.9999999999647997,0.407764119313311,6,-3.0922510548536675e-06,9.2260229629019e-06,2.052245608712587e-09,9.808970373654205,3.9999999999724443,0.8155799941482127,5,-1.985743719498667e-06,4.856961983771677e-16,3.614016122491638e-11,2.1166188187009813e-11,7
7.2,4.0,2.1349668481248432e-06,-2.772574026058594e-08,29.430000000054363,3.9999999999524554,0.27183146448828177,4,-3.27910544442242e-06,6.4482068933984806e-06,2.0521490373013778e-08,19.61918575235875,3.9999999999496008,0.4077641193104759,6,-3.0922508740954813e-06,9.22603322442514e-06,2.0523738070159664e-09,9.808970373733986,3.9999999999466445,0.8155799941363188,5,-1.9857437942999434e-06,1.4893378126383093e-15,3.6154675836651116e-11,2.124649550336226e-11,7
7.205,4.0,2.134828219442395e-06,-2.772573479434935e-08,29.429999999999072,3.9999999999577427,0.2718314644891518,4,-3.279105444415481e-06,6.448309501050934e-06,2.0521552871124152e-08,19.61918575231875,3.999999999958467,0.40776411931221107,6,-3.092250693274845e-06,9.226043486665557e-06,2.0524903906014944e-09,9.808970373701552,3.999999999969785,0.8155799941437338,5,-1.985743868893053e-06,-5.730124779053819e-16,3.617083890753282e-11,2.124924352739281e-11,7
7.21,4.0,2.1346895907723346e-06,-2.7725734799755857e-08,29.430000000013205,3.999999999957576,0.27183146448900997,4,-3.279105444415481e-06,6.448412108935556e-06,2.0521592430134027e-08,19.619185752347693,3.999999999957492,0.4077641193115101,6,-3.092250512377881e-06,9.226053749389563e-06,2.052591626600325e-09,9.80897037374128,3.9999999999662754,0.8155799941397149,5,-1.9857439434861623e-06,-3.314279477469478e-16,3.6185653723573415e-11,2.1274846158519087e-11,7
7.215,4.0,2.1345509621031043e-06,-2.7725735591421735e-08,29.430000000061263,3.999999999950851,0.271831464488109,4,-3.279105444415481e-06,6.4485147170226e-06,2.0521626617816968e-08,19.619185752411404,3.9999999999479323,0.4077641193092114,6,-3.092250331404589e-06,9.22606401272266e-06,2.052741440474961e-09,9.80897037382572,3.9999999999433933,0.8155799941280286,5,-1.9857440179196773e-06,8.285330683814157e-16,3.619739544228185e-11,2.137275894750683e-11,7
7.22,4.0,2.1344123334411238e-06,-2.7725728359200675e-08,29.429999999996625,3.9999999999583995,0.271831464489219,4,-3.2791054444120116e-06,6.448617325384791e-06,2.0521700022370723e-08,19.619185752361016,3.99999999995987,0.4077641193114756,6,-3.092250150361908e-06,9.226074276932508e-06,2.052888956308065e-09,9.808970373780703,3.9999999999731433,0.8155799941378374,5,-1.9857440920686975e-06,2.8496787552493887e-16,3.6210767856568854e-11,2.137809512345239e-11,7
7.2250000000000005,4.0,2.134273704801801e-06,-2.7725728119132777e-08,29.4300000000048,3.999999999973691,0.2718314644901827,4,-3.2791054444120116e-06,6.448719933986387e-06,2.0521733381090272e-08,19.61918575238448,3.999999999974087,0.4077641193124372,6,-3.0922499692567773e-06,9.226084541572325e-06,2.0529539058012654e-09,9.808970373815153,3.9999999999815334,0.8155799941366837,5,-1.9857441662524122e-06,-3.6873144137435324e-16,3.622460212363411e-11,2.13841187494948e-11,7
7.23,4.0,2.134135076154644e-06,-2.7725727692358956e-08,29.430000000007077,3.999999999960131,0.27183146448924017,4,-3.2791054444120116e-06,6.448822542742256e-06,2.0521770940918525e-08,19.61918575240129,3.999999999961113,0.4077641193107653,6,-3.092249788110013e-06,9.226094806779837e-06,2.053087386928097e-09,9.808970373842746,3.9999999999718385,0.8155799941324128,5,-1.9857442402002046e-06,1.420059895901699e-15,3.624026959095762e-11,2.1453401995301925e-11,7
7.235,4.0,2.1339964475205493e-06,-2.772572646070531e-08,29.42999999999737,3.999999999964836,0.27183146448964957,4,-3.2791054444120116e-06,6.4489251517373435e-06,2.0521816072625238e-08,19.619185752407517,3.999999999964805,0.4077641193110122,6,-3.09224960689386e-06,9.226105072494856e-06,2.053180492892715e-09,9.808970373867824,3.9999999999728892,0.8155799941305418,5,-1.985744314154936e-06,1.5351746940932044e-16,3.624487746059902e-11,2.1450343108824474e-11,7
7.24,4.0,2.1338578188873857e-06,-2.77257282354666e-08,29.430000000054466,3.999999999945877,0.2718314644878338,4,-3.2791054444120116e-06,6.449027760938176e-06,2.052185087233892e-08,19.61918575248028,3.9999999999438285,0.40776411930736156,6,-3.0922494256221955e-06,9.226115338785002e-06,2.0533379355819793e-09,9.80897037395495,3.9999999999426787,0.8155799941171379,5,-1.9857443880055836e-06,-1.2053955127318711e-15,3.6252956331504616e-11,2.1543974877829263e-11,7
7.245,4.0,2.133719190267902e-06,-2.7725725685487645e-08,29.42999999993858,3.999999999945147,0.27183146448885454,4,-3.2791054444189505e-06,6.449130370379153e-06,2.0521911984813515e-08,19.619185752388486,3.9999999999425606,0.40776411930914014,6,-3.09224924429502e-06,9.226125605732252e-06,2.053434883764333e-09,9.808970373893093,3.9999999999564926,0.8155799941250976,5,-1.9857444616619424e-06,-8.699845018161528e-15,3.624644420733137e-11,2.1505472343335264e-11,7
7.25,4.0,2.133580561658683e-06,-2.7725720509486162e-08,29.430000000007784,3.9999999999656097,0.271831464489606,4,-3.2791054444432366e-06,6.449232980074002e-06,2.0521954790490092e-08,19.61918575246106,3.999999999966674,0.40776411931008993,6,-3.0922490629747834e-06,9.226135873245871e-06,2.0535416289842333e-09,9.808970373954052,3.9999999999752696,0.8155799941238576,5,-1.9857445353113623e-06,-2.7899058134768938e-15,3.626626124423173e-11,2.1542505830723077e-11,7
7.255,4.0,2.1334419330543305e-06,-2.7725719432388726e-08,29.42999999999789,3.999999999967507,0.27183146448982626,4,-3.2791054444501755e-06,6.449335589947893e-06,2.0521992711462453e-08,19.619185752466976,3.9999999999675895,0.4077641193100603,6,-3.09224888157128e-06,9.226146141355649e-06,2.053659655085879e-09,9.808970373976221,3.9999999999746474,0.8155799941218875,5,-1.985744608710982e-06,6.114691376050824e-17,3.628657921376079e-11,2.1601871676295834e-11,7
7.26,4.0,2.133303304458194e-06,-2.7725718550899915e-08,29.430000000005514,3.9999999999638423,0.27183146448950685,4,-3.279105444446706e-06,6.449438200029577e-06,2.0522032418399975e-08,19.619185752488264,3.9999999999646656,0.4077641193093198,6,-3.092248700091449e-06,9.226156409964727e-06,2.0537592958211645e-09,9.808970374006599,3.9999999999737375,0.8155799941191761,5,-1.985744682096724e-06,1.754014981708947e-15,3.630150061121175e-11,2.1623983766232685e-11,7
7.265000000000001,4.0,2.1331646758635938e-06,-2.7725721442922104e-08,29.430000000066933,3.999999999942755,0.2718314644875065,4,-3.2791054444501755e-06,6.449540810304778e-06,2.0522064374459062e-08,19.61918575256759,3.9999999999404814,0.40776411930520573,6,-3.092248518583862e-06,9.226166679113487e-06,2.053912184015325e-09,9.808970374100785,3.9999999999375206,0.8155799941039605,5,-1.9857447553714436e-06,-2.521675930727456e-15,3.6298850286807366e-11,2.171170026696227e-11,7
7.2700000000000005,4.0,2.1330260472840105e-06,-2.7725714321751716e-08,29.429999999999325,3.999999999964972,0.27183146448964074,4,-3.2791054444501755e-06,6.4496434208326745e-06,2.0522125114296942e-08,19.619185752512173,3.9999999999650715,0.40776411930886425,6,-3.092248337027703e-06,9.226176948977084e-06,2.054009253298704e-09,9.808970374054343,3.999999999974029,0.8155799941152658,5,-1.9857448284171797e-06,5.940539655805834e-16,3.6312908374834375e-11,2.1695240544488383e-11,7
7.275,4.0,2.1328874187133667e-06,-2.77257150020549e-08,29.430000000020016,3.9999999999595275,0.27183146448907963,4,-3.279105444446706e-06,6.449746031561389e-06,2.0522159145721905e-08,19.61918575254716,3.999999999958813,0.40776411930749906,6,-3.0922481554437886e-06,9.226187219292513e-06,2.054110517606838e-09,9.808970374099763,3.9999999999648024,0.815579994109608,5,-1.985744901455977e-06,1.8783599604669647e-15,3.6324241531469743e-11,2.172857210422289e-11,7
7.28,4.0,2.1327487901367883e-06,-2.772571845780917e-08,29.430000000031008,3.9999999999192317,0.2718314644862397,4,-3.2791054444432366e-06,6.4498486424902835e-06,2.0522205883547213e-08,19.619185752573955,3.9999999999147864,0.40776411930245404,6,-3.0922479738251796e-06,9.22619749030466e-06,2.05429909628862e-09,9.808970374141177,3.999999999921214,0.8155799940972772,5,-1.985744974244974e-06,-1.1609865917468638e-15,3.632828274327938e-11,2.180410102067735e-11,7
7.285,4.0,2.1326101615878722e-06,-2.7725708126428997e-08,29.43000000000272,3.9999999999734226,0.2718314644901837,4,-3.2791054444432366e-06,6.449951253717574e-06,2.0522262423471463e-08,19.619185752558916,3.999999999973788,0.4077641193087813,6,-3.092247792164937e-06,9.226207762062856e-06,2.0543794312313918e-09,9.808970374138227,3.99999999998172,0.8155799941098594,5,-1.9857450469229487e-06,-9.9223269200384e-16,3.6333107328455193e-11,2.1795791223382634e-11,7
7.29,4.0,2.132471533044963e-06,-2.7725709313142515e-08,29.43000000001053,3.9999999999725215,0.2718314644900503,4,-3.2791054444432366e-06,6.450053865113791e-06,2.0522289633904283e-08,19.61918575258114,3.9999999999720477,0.407764119308142,6,-3.092247610476939e-06,9.226218034142367e-06,2.0544462812208128e-09,9.808970374171514,3.999999999976728,0.8155799941060738,5,-1.985745119642557e-06,4.2707642267696e-16,3.634304071590113e-11,2.1806133172901622e-11,7
7.295,4.0,2.132332904495348e-06,-2.7725707328585457e-08,29.4299999999893,3.9999999999530713,0.27183146448892465,4,-3.2791054444432366e-06,6.4501564766727404e-06,2.0522335564896147e-08,19.619185752574932,3.999999999955181,0.4077641193065516,6,-3.0922474287542467e-06,9.226228306843033e-06,2.0545872310396795e-09,9.808970374179218,3.9999999999706324,0.8155799941041904,5,-1.9857451920776703e-06,9.333381219060312e-16,3.6346309212485624e-11,2.1858668926426886e-11,7
7.3,4.0,2.1321942759655707e-06,-2.7725705823539722e-08,29.43000000000923,3.999999999967393,0.2718314644897138,4,-3.2791054444432366e-06,6.450259088477392e-06,2.0522374159589706e-08,19.61918575260913,3.999999999967099,0.4077641193070558,6,-3.0922472470246154e-06,9.226238580036033e-06,2.0546762044969593e-09,9.808970374225504,3.9999999999722204,0.8155799941006656,5,-1.9857452645336005e-06,1.7661010832152448e-16,3.6346858106748994e-11,2.186027830572338e-11,7
7.305,4.0,2.1320556474353297e-06,-2.772570792849889e-08,29.430000000055166,3.9999999999481313,0.2718314644879805,4,-3.2791054444432366e-06,6.450361700463035e-06,2.0522406974517302e-08,19.61918575266987,3.9999999999458553,0.4077641193036277,6,-3.0922470652672285e-06,9.226248853765087e-06,2.0548209182041186e-09,9.80897037430138,3.9999999999438076,0.8155799940885636,5,-1.9857453368646305e-06,1.4463568521232e-16,3.634815307088493e-11,2.19384699810801e-11,7
7.3100000000000005,4.0,2.131917018920313e-06,-2.7725702432552638e-08,29.429999999992084,3.9999999999635647,0.271831464489612,4,-3.2791054444362977e-06,6.450464312677178e-06,2.052246096621306e-08,19.619185752620968,3.999999999963207,0.407764119306413,6,-3.092246883482086e-06,9.226259128116211e-06,2.0549079311515462e-09,9.808970374266702,3.9999999999705365,0.8155799940968969,5,-1.985745409036066e-06,-5.609263763990835e-17,3.635523540560362e-11,2.191819286775835e-11,7
7.315,4.0,2.1317783904122397e-06,-2.7725700570754176e-08,29.429999999999158,3.9999999999669127,0.2718314644897742,4,-3.2791054444362977e-06,6.450566925107402e-06,2.052250367453274e-08,19.619185752641354,3.9999999999672284,0.4077641193063992,6,-3.0922467016969435e-06,9.22626940298126e-06,2.055008385026217e-09,9.808970374294322,3.9999999999757176,0.8155799940956567,5,-1.985745481186685e-06,-6.316322536055894e-16,3.6361312322351205e-11,2.193213904530448e-11,7
7.32,4.0,2.1316397619080547e-06,-2.7725699129263272e-08,29.429999999999886,3.9999999999545213,0.27183146448892537,4,-3.2791054444362977e-06,6.450669537723093e-06,2.0522543735862088e-08,19.619185752655824,3.9999999999561155,0.40776411930496564,6,-3.0922465198771065e-06,9.226279678464838e-06,2.055145021931161e-09,9.808970374317697,3.999999999969471,0.8155799940924395,5,-1.9857455530805646e-06,1.194462577297868e-15,3.636824011402486e-11,2.1994471406799036e-11,7
7.325,4.0,2.131501133418088e-06,-2.772569737888474e-08,29.429999999983238,3.999999999961162,0.27183146448953044,4,-3.2791054444328283e-06,6.4507721505696925e-06,2.052258759451165e-08,19.61918575265378,3.999999999962054,0.40776411930561346,6,-3.0922463380503307e-06,9.226289954465787e-06,2.0552368309799863e-09,9.808970374334166,3.9999999999739684,0.8155799940919872,5,-1.9857456249605665e-06,-5.2539923961107745e-17,3.636468562398923e-11,2.1980285421079584e-11,7
7.33,4.0,2.1313625049298338e-06,-2.7725699993580893e-08,29.430000000063842,3.9999999999496114,0.271831464488001,4,-3.2791054444362977e-06,6.450874763607165e-06,2.052261657595119e-08,19.619185752750127,3.9999999999466143,0.40776411930203704,6,-3.0922461562304937e-06,9.226300231009717e-06,2.055385329692044e-09,9.808970374440205,3.999999999942632,0.8155799940767812,5,-1.9857456967226073e-06,-2.6957589009886806e-15,3.636315795710735e-11,2.2066071021924737e-11,7
7.335,4.0,2.1312238764578736e-06,-2.7725693167108047e-08,29.43000000000039,3.999999999971914,0.2718314644901027,4,-3.2791054444362977e-06,6.450977376872942e-06,2.0522670372811436e-08,19.619185752698748,3.999999999971544,0.4077641193056463,6,-3.0922459743690234e-06,9.22631050818262e-06,2.055462098678695e-09,9.808970374399065,3.9999999999788933,0.8155799940875953,5,-1.9857457683389312e-06,1.1074210921672557e-15,3.637121018266035e-11,2.204171361694288e-11,7
7.34,4.0,2.131085247987176e-06,-2.772569083072681e-08,29.429999999982364,3.9999999999676166,0.27183146448997714,4,-3.279105444429359e-06,6.451079990372827e-06,2.0522721461396133e-08,19.619185752695206,3.9999999999681686,0.4077641193053758,6,-3.092245792521431e-06,9.226320786073814e-06,2.0556074098514176e-09,9.808970374412247,3.999999999978487,0.8155799940864163,5,-1.985745839781783e-06,5.087888372893713e-16,3.636912473973089e-11,2.2072295376289997e-11,7
7.345,4.0,2.130946619531694e-06,-2.7725688947963007e-08,29.42999999998708,3.9999999999720486,0.27183146449023476,4,-3.279105444429359e-06,6.451182604066567e-06,2.0522756563831762e-08,19.61918575271342,3.999999999973851,0.40776411930557654,6,-3.0922456106738383e-06,9.226331064457306e-06,2.0557044618777474e-09,9.808970374435695,3.9999999999850466,0.8155799940858043,5,-1.9857459110927955e-06,-2.408337489375343e-16,3.6371098272179464e-11,2.2100237469373765e-11,7
7.3500000000000005,4.0,2.1308079910822006e-06,-2.772568990792644e-08,29.430000000002003,3.9999999999659783,0.2718314644896844,4,-3.279105444429359e-06,6.451285217939928e-06,2.0522788854089234e-08,19.619185752742084,3.999999999966427,0.40776411930422396,6,-3.092245428819307e-06,9.22634134322229e-06,2.0557890228802708e-09,9.808970374476369,3.999999999974709,0.8155799940803147,5,-1.985745982410747e-06,5.869485382229825e-16,3.6371421569124236e-11,2.2104946591355015e-11,7
7.355,4.0,2.130669362634007e-06,-2.7725687937070696e-08,29.429999999995985,3.9999999999542775,0.27183146448894485,4,-3.279105444429359e-06,6.4513878319875584e-06,2.052282833626236e-08,19.619185752750504,3.999999999956173,0.40776411930300366,6,-3.0922452469578365e-06,9.226351622554567e-06,2.0559179588876097e-09,9.808970374496356,3.9999999999700138,0.8155799940776953,5,-1.985746053569104e-06,1.5142068083899134e-15,3.6374336570697685e-11,2.2163578801553098e-11,7
7.36,4.0,2.130530734202049e-06,-2.772568536934752e-08,29.42999999999233,3.9999999999663314,0.2718314644897977,4,-3.279105444429359e-06,6.451490446273876e-06,2.052287469067229e-08,19.619185752760245,3.9999999999667075,0.40776411930387507,6,-3.092245065117183e-06,9.226361902437545e-06,2.0560116364643233e-09,9.808970374522286,3.9999999999758225,0.8155799940767238,5,-1.985746124651133e-06,5.780667540259814e-16,3.636881920635451e-11,2.2145323182314585e-11,7
7.365,4.0,2.1303921057776923e-06,-2.7725684385047574e-08,29.430000000008626,3.999999999967553,0.2718314644897303,4,-3.279105444429359e-06,6.4515930607533825e-06,2.0522910731064014e-08,19.619185752790248,3.999999999966918,0.407764119303273,6,-3.0922448832765292e-06,9.22637218278618e-06,2.056106916162319e-09,9.808970374562229,3.9999999999719944,0.8155799940726222,5,-1.9857461957054068e-06,9.564307608182348e-16,3.6369641659571156e-11,2.2160608732917623e-11,7
7.37,4.0,2.1302534773574944e-06,-2.7725681291170604e-08,29.429999999990322,3.999999999963434,0.2718314644896194,4,-3.27910544442242e-06,6.451695675425674e-06,2.052295689809467e-08,19.61918575278672,3.9999999999644875,0.4077641193030985,6,-3.0922447014358756e-06,9.226382463828382e-06,2.0562398162076817e-09,9.808970374568606,3.9999999999754285,0.8155799940727921,5,-1.9857462664751857e-06,3.2404772599174585e-16,3.6369789097188824e-11,2.2199541145766758e-11,7
7.375,4.0,2.130114848950527e-06,-2.772568130554878e-08,29.43000000000672,3.9999999999601497,0.2718314644892447,4,-3.27910544442242e-06,6.451798290313783e-06,2.0522993146924792e-08,19.619185752816023,3.9999999999608744,0.4077641193021212,6,-3.0922445196160386e-06,9.226392745308526e-06,2.056337470211617e-09,9.80897037460668,3.99999999997069,0.8155799940686602,5,-1.985746337286598e-06,-6.973574566633982e-16,3.636630210871308e-11,2.2209607759975638e-11,7
7.38,4.0,2.1299762205484946e-06,-2.7725677623963303e-08,29.42999999999525,3.9999999999673728,0.2718314644898415,4,-3.2791054444258894e-06,6.451900905392401e-06,2.0523035706270645e-08,19.619185752818037,3.999999999968529,0.40776411930285966,6,-3.0922443377892628e-06,9.226403027432653e-06,2.056460676403286e-09,9.808970374621556,3.999999999979024,0.8155799940691226,5,-1.98574640784821e-06,1.4378234642957027e-15,3.636767700890678e-11,2.2251877947326004e-11,7
7.385,4.0,2.1298375921589795e-06,-2.7725677785786062e-08,29.429999999987913,3.999999999960528,0.2718314644894442,4,-3.27910544442242e-06,6.452003520675759e-06,2.0523073800837505e-08,19.619185752824947,3.999999999961442,0.4077641193019936,6,-3.0922441559833036e-06,9.226413310002206e-06,2.0565519580761292e-09,9.808970374642934,3.9999999999735616,0.8155799940662314,5,-1.9857464784028833e-06,3.4003493754634826e-16,3.635982373531979e-11,2.2245396021219033e-11,7
7.390000000000001,4.0,2.1296989637725435e-06,-2.77256788041493e-08,29.43000000004777,3.9999999999536446,0.2718314644884235,4,-3.2791054444258894e-06,6.452106136154602e-06,2.0523105056250063e-08,19.619185752899593,3.999999999950732,0.4077641192993503,6,-3.0922439742189778e-06,9.226423593132715e-06,2.0566950894575296e-09,9.808970374735562,3.9999999999468265,0.8155799940530785,5,-1.9857465488257176e-06,-1.9479126716011743e-15,3.6347540227775333e-11,2.2311636367760264e-11,7
7.3950000000000005,4.0,2.1295603353990246e-06,-2.7725670023385442e-08,29.42999999998699,3.9999999999798828,0.271831464490768,4,-3.2791054444258894e-06,6.452208751895595e-06,2.0523169159777816e-08,19.619185752850793,3.999999999980339,0.40776411930338274,6,-3.0922437924338353e-06,9.226433877137818e-06,2.0568192559860266e-09,9.808970374694653,3.999999999986912,0.8155799940646532,5,-1.985746618970996e-06,9.511016903000345e-16,3.6354471572162676e-11,2.230749567996762e-11,7
7.4,4.0,2.12942170704248e-06,-2.7725671900310586e-08,29.42999999999817,3.9999999999755884,0.2718314644903729,4,-3.2791054444189505e-06,6.452311367807736e-06,2.052319247084464e-08,19.619185752875776,3.9999999999755103,0.4077641193023713,6,-3.0922436106764484e-06,9.226444161398383e-06,2.056876434516271e-09,9.808970374726341,3.999999999982261,0.8155799940610701,5,-1.9857466891995412e-06,1.0239323207154446e-15,3.635295101070815e-11,2.2307643117585293e-11,7
7.405,4.0,2.1292830786776983e-06,-2.7725671057827585e-08,29.429999999990176,3.9999999999523523,0.27183146448886764,4,-3.2791054444189505e-06,6.452413983868249e-06,2.052323235229912e-08,19.61918575288076,3.999999999954166,0.4077641193000918,6,-3.092243428960695e-06,9.226454446182074e-06,2.0570094715843776e-09,9.80897037474602,3.999999999968513,0.8155799940566308,5,-1.9857467592407363e-06,-2.053066121495289e-16,3.634229642238543e-11,2.2349071311793785e-11,7
7.41,4.0,2.1291444503336473e-06,-2.7725668501542597e-08,29.42999999999705,3.9999999999703175,0.27183146449002504,4,-3.2791054444189505e-06,6.452516600152938e-06,2.0523270590667677e-08,19.61918575290049,3.9999999999698064,0.4077641193012762,6,-3.092243247258819e-06,9.226464731466098e-06,2.0570876466537927e-09,9.808970374777847,3.999999999976181,0.8155799940555479,5,-1.98574682922642e-06,4.430636342315625e-16,3.6341363835044734e-11,2.2338422052541583e-11,7
7.415,4.0,2.1290058219866944e-06,-2.7725666736983815e-08,29.430000000008267,3.9999999999440123,0.2718314644881338,4,-3.279105444446706e-06,6.45261921664395e-06,2.0523317749436848e-08,19.619185752922895,3.9999999999477054,0.4077641192985575,6,-3.09224306564021e-06,9.226475017360632e-06,2.0572421543756217e-09,9.808970374798882,3.999999999967528,0.8155799940520346,5,-1.985746899080265e-06,-3.274851230633162e-15,3.6323657110069585e-11,2.2378397186855444e-11,7
7.42,4.0,2.12886719366432e-06,-2.772566496120368e-08,29.43000000000472,3.999999999972389,0.271831464490095,4,-3.2791054444571144e-06,6.4527218333515584e-06,2.052335285095737e-08,19.619185752934534,3.9999999999710356,0.4077641193006939,6,-3.092242884007723e-06,9.226485303789359e-06,2.0573175961179183e-09,9.808970374833791,3.9999999999745772,0.8155799940505694,5,-1.9857469688439044e-06,-8.288078627790168e-16,3.632223247188438e-11,2.2369790737968554e-11,7
7.425,4.0,2.1287285653430596e-06,-2.7725663653781657e-08,29.430000000007,3.999999999968035,0.271831464489778,4,-3.2791054444571144e-06,6.452824450223644e-06,2.0523387732497058e-08,19.61918575295111,3.999999999968092,0.4077641193000493,6,-3.092242702409931e-06,9.226495590638556e-06,2.0574070653067602e-09,9.808970374859792,3.999999999974237,0.8155799940483381,5,-1.9857470385728493e-06,-1.3688203419566927e-15,3.632086645347488e-11,2.238049506428278e-11,7
7.43,4.0,2.128589937026546e-06,-2.7725661998212255e-08,29.42999999999247,3.999999999960088,0.2718314644893721,4,-3.2791054444571144e-06,6.452927067263538e-06,2.052342603577314e-08,19.619185752950273,3.9999999999602376,0.40776411929926604,6,-3.0922425208121385e-06,9.22650587807378e-06,2.057530309245895e-09,9.808970374873947,3.999999999969831,0.8155799940462627,5,-1.9857471080658717e-06,2.0858453143072966e-16,3.631740078128121e-11,2.2421813124367227e-11,7
7.4350000000000005,4.0,2.128451308724382e-06,-2.7725659475081414e-08,29.42999999999379,3.999999999965089,0.2718314644896998,4,-3.2791054444571144e-06,6.453029684523168e-06,2.0523467555255727e-08,19.619185752963954,3.999999999966382,0.40776411929960804,6,-3.0922423392559795e-06,9.22651616599882e-06,2.0576186833767048e-09,9.808970374898234,3.99999999997638,0.8155799940455787,5,-1.985747177558894e-06,-6.440667514813906e-16,3.6307271994582947e-11,2.2409046447762454e-11,7
7.44,4.0,2.128312680420735e-06,-2.7725657023352863e-08,29.42999999999693,3.999999999945647,0.2718314644883496,4,-3.279105444460584e-06,6.453132301990595e-06,2.0523515924310278e-08,19.619185752978275,3.9999999999493054,0.40776411929756956,6,-3.092242157741454e-06,9.226526454675834e-06,2.0577983786442955e-09,9.808970374915624,3.999999999969077,0.8155799940426438,5,-1.9857472467882387e-06,3.6668029013735195e-16,3.630384895495343e-11,2.248470503826619e-11,7
7.445,4.0,2.1281740521482914e-06,-2.7725654577132515e-08,29.429999999993377,3.9999999999837614,0.27183146449097256,4,-3.2791054444571144e-06,6.453234919678253e-06,2.0523547006902667e-08,19.619185752989672,3.9999999999833524,0.4077641193008035,6,-3.092241976240806e-06,9.226536743808526e-06,2.0578424455391965e-09,9.808970374946899,3.9999999999871405,0.8155799940437265,5,-1.9857473159759498e-06,1.1802517225826668e-15,3.629574699140892e-11,2.2453830180040576e-11,7
7.45,4.0,2.1280354238659227e-06,-2.772565871342562e-08,29.43000000003999,3.9999999999529607,0.2718314644884489,4,-3.2791054444571144e-06,6.453337537494708e-06,2.0523570634640416e-08,19.61918575305152,3.999999999950809,0.40776411929620054,6,-3.092241794802608e-06,9.22654703329626e-06,2.0579650639739705e-09,9.808970375025451,3.9999999999478573,0.8155799940291855,5,-1.9857473851150886e-06,-1.4274401176569008e-15,3.62769815577575e-11,2.2497731062969514e-11,7
7.455,4.0,2.12789679559918e-06,-2.7725651670797453e-08,29.429999999991633,3.999999999969833,0.27183146449004214,4,-3.2791054444571144e-06,6.4534401555198055e-06,2.0523622016991737e-08,19.619185753013777,3.9999999999703024,0.40776411929897216,6,-3.0922416134060438e-06,9.22655732337585e-06,2.058044260908351e-09,9.80897037499148,3.999999999979011,0.8155799940383621,5,-1.985747454087694e-06,5.656322561501802e-16,3.6279090093325865e-11,2.2471208279000428e-11,7
7.46,4.0,2.1277581673409652e-06,-2.7725652052717853e-08,29.430000000011134,3.999999999965336,0.2718314644895564,4,-3.279105444453645e-06,6.453542773722565e-06,2.0523652388826323e-08,19.619185753047446,3.999999999964145,0.4077641192976447,6,-3.092241432030296e-06,9.226567613852018e-06,2.0581350135212516e-09,9.808970375039006,3.9999999999678137,0.8155799940321274,5,-1.985747523081116e-06,1.1909098636190683e-15,3.627167202716453e-11,2.248147206881848e-11,7
7.465,4.0,2.127619539086388e-06,-2.772564907487756e-08,29.430000000003787,3.999999999959228,0.2718314644892092,4,-3.279105444453645e-06,6.453645392111714e-06,2.0523695713101806e-08,19.6191857530529,3.9999999999606866,0.40776411929717876,6,-3.0922412507169983e-06,9.226577904897892e-06,2.0582552919326254e-09,9.808970375052738,3.9999999999707825,0.815579994031591,5,-1.9857475919149437e-06,-6.920283861451972e-16,3.625859626446971e-11,2.2504266279781664e-11,7
7.47,4.0,2.1274809108464023e-06,-2.7725647258982474e-08,29.43000000000709,3.9999999999637676,0.2718314644894872,4,-3.279105444453645e-06,6.45374801070908e-06,2.052373357841943e-08,19.619185753067924,3.999999999964106,0.4077641192972151,6,-3.0922410694592117e-06,9.226588196507974e-06,2.058365711096485e-09,9.808970375077848,3.9999999999716436,0.8155799940296787,5,-1.985747660616932e-06,8.068683899391175e-17,3.625180880498636e-11,2.252338698480097e-11,7
7.4750000000000005,4.0,2.127342282616315e-06,-2.7725645672421263e-08,29.430000000003247,3.9999999999669527,0.27183146448973916,4,-3.2791054444501755e-06,6.453850629485192e-06,2.0523768692663894e-08,19.619185753077236,3.9999999999668248,0.4077641192972987,6,-3.092240888222242e-06,9.226598488617717e-06,2.0584596386878e-09,9.808970375102739,3.999999999972858,0.8155799940278569,5,-1.9857477292078984e-06,1.791318475336353e-15,3.624512259784286e-11,2.2534686390656397e-11,7
7.48,4.0,2.127203654391867e-06,-2.772564354773231e-08,29.430000000000536,3.999999999964248,0.2718314644895804,4,-3.2791054444501755e-06,6.453953248451624e-06,2.0523809853074973e-08,19.61918575308817,3.9999999999648925,0.40776411929687445,6,-3.092240707040783e-06,9.226608781244997e-06,2.0585667874753337e-09,9.808970375123398,3.999999999973184,0.8155799940262056,5,-1.98574779770172e-06,-4.753128517383667e-16,3.623227243246664e-11,2.2535430684172102e-11,7
7.485,4.0,2.1270650261730348e-06,-2.7725640395379813e-08,29.429999999998273,3.999999999960678,0.2718314644893587,4,-3.279105444453645e-06,6.454055867643415e-06,2.0523860816970323e-08,19.619185753098222,3.9999999999617866,0.407764119296349,6,-3.0922405259217745e-06,9.226619074600414e-06,2.058719094994458e-09,9.80897037514552,3.999999999971992,0.8155799940241232,5,-1.985747866001253e-06,2.1036088827013001e-16,3.6220939275831264e-11,2.256908376449454e-11,7
7.49,4.0,2.12692639797837e-06,-2.772563883494143e-08,29.429999999994905,3.999999999976425,0.2718314644904599,4,-3.2791054444501755e-06,6.454158487026975e-06,2.0523886603555863e-08,19.619185753106635,3.9999999999770037,0.4077641192977254,6,-3.092240344844399e-06,9.226629368387824e-06,2.0587843259158427e-09,9.808970375164956,3.9999999999830758,0.8155799940247671,5,-1.9857479342313966e-06,1.956519661400576e-15,3.621367397635812e-11,2.2571025322520005e-11,7
7.495,4.0,2.1267877697805054e-06,-2.772563938790979e-08,29.429999999996657,3.9999999999611995,0.27183146448940904,4,-3.279105444446706e-06,6.4542611065525e-06,2.052391967173249e-08,19.61918575312225,3.9999999999614397,0.40776411929581424,6,-3.092240163822535e-06,9.22663966256556e-06,2.0588795227707214e-09,9.808970375193521,3.999999999968411,0.8155799940194018,5,-1.9857480023921514e-06,-6.35464613670083e-18,3.619867619556307e-11,2.2573320375556506e-11,7
7.5,4.0,2.126649141593487e-06,-2.7725635817193795e-08,29.429999999992525,3.9999999999676903,0.2718314644898883,4,-3.279105444446706e-06,6.454363726269221e-06,2.0523958639779416e-08,19.619185753130413,3.99999999996903,0.4077641192964183,6,-3.0922399828700597e-06,9.226649957261053e-06,2.058973981532238e-09,9.80897037521144,3.9999999999782037,0.8155799940199087,5,-1.985748070448823e-06,-3.278752340681462e-16,3.6186948687709356e-11,2.257458158891248e-11,7
7.505,4.0,2.1265105134166333e-06,-2.7725634634350897e-08,29.430000000002273,3.999999999965834,0.2718314644896721,4,-3.279105444446706e-06,6.454466346163391e-06,2.0523992685282814e-08,19.61918575315213,3.999999999966103,0.4077641192956685,6,-3.092239801959218e-06,9.22666025243725e-06,2.0590756094900096e-09,9.808970375243435,3.9999999999729585,0.815579994016179,5,-1.9857481384291664e-06,8.587311346512212e-16,3.617900481992355e-11,2.2593457156687946e-11,7
7.51,4.0,2.1263718852474108e-06,-2.772563296625886e-08,29.430000000000042,3.999999999964042,0.27183146448957096,4,-3.279105444446706e-06,6.454568966243348e-06,2.0524031480355355e-08,19.6191857531635,3.9999999999642037,0.40776411929523865,6,-3.092239621117765e-06,9.226670548138663e-06,2.0591817259627498e-09,9.808970375266782,3.999999999971439,0.8155799940139279,5,-1.98574820628461e-06,4.341818500345613e-16,3.6161969557833693e-11,2.2598134304246087e-11,7
7.515000000000001,4.0,2.1262332570886715e-06,-2.7725631514544498e-08,29.43000000000429,3.9999999999639226,0.27183146448952356,4,-3.279105444446706e-06,6.454671586514282e-06,2.052406748082052e-08,19.61918575318005,3.999999999963464,0.4077641192948192,6,-3.092239440331823e-06,9.226680844341286e-06,2.0592872998186806e-09,9.808970375295434,3.9999999999682663,0.8155799940108986,5,-1.9857482740567867e-06,-1.0938334282191538e-16,3.615102719970298e-11,2.2613252877306223e-11,7
7.5200000000000005,4.0,2.126094628942228e-06,-2.77256284711458e-08,29.429999999998866,3.9999999999706115,0.27183146449002826,4,-3.2791054444432366e-06,6.454774206967422e-06,2.052410346679739e-08,19.61918575318668,3.999999999970764,0.40776411929542555,6,-3.0922392596013926e-06,9.226691141038863e-06,2.0593707302631748e-09,9.808970375312743,3.9999999999769726,0.8155799940112347,5,-1.985748341731819e-06,1.8854653878245657e-15,3.614177948599707e-11,2.26130983342612e-11,7
7.525,4.0,2.125956000798358e-06,-2.7725627773918734e-08,29.43000000000433,3.999999999958127,0.2718314644891293,4,-3.2791054444432366e-06,6.454876827594499e-06,2.05241414900886e-08,19.619185753205734,3.999999999958793,0.40776411929380924,6,-3.092239078940351e-06,9.226701438240316e-06,2.0594893727564088e-09,9.808970375341488,3.9999999999670584,0.8155799940068231,5,-1.985748409275012e-06,-3.8294229608955427e-16,3.612363400088259e-11,2.2629938197098713e-11,7
7.53,4.0,2.1258173726621358e-06,-2.7725624262029393e-08,29.429999999993704,3.9999999999507594,0.2718314644887268,4,-3.2791054444432366e-06,6.454979448441449e-06,2.052419243102593e-08,19.61918575320604,3.999999999953569,0.4077641192932704,6,-3.092238898348698e-06,9.226711736126357e-06,2.0596350238631616e-09,9.808970375352482,3.99999999996787,0.8155799940060746,5,-1.985748476651672e-06,1.3397754417591873e-16,3.611406831930242e-11,2.265103243456659e-11,7
7.535,4.0,2.1256787445514966e-06,-2.7725622111133275e-08,29.429999999995584,3.9999999999777778,0.27183146449054557,4,-3.2791054444432366e-06,6.455082069493413e-06,2.052421967772678e-08,19.61918575322044,3.999999999977505,0.4077641192954112,6,-3.0922387178194954e-06,9.226722034499963e-06,2.0597013532480908e-09,9.808970375379708,3.9999999999817706,0.815579994006645,5,-1.985748543938126e-06,1.0896575237732535e-15,3.6100905515122464e-11,2.2647270110780737e-11,7
7.54,4.0,2.1255401164389444e-06,-2.7725622848427817e-08,29.42999999999458,3.9999999999624762,0.271831464489515,4,-3.279105444439767e-06,6.455184690673733e-06,2.0524248916273618e-08,19.61918575323256,3.9999999999631806,0.407764119293699,6,-3.0922385373596817e-06,9.226732333216373e-06,2.05978378281588e-09,9.80897037540441,3.9999999999713194,0.8155799940024602,5,-1.985748611182947e-06,6.366865297261898e-16,3.608493073806573e-11,2.2643850623864893e-11,7
7.545,4.0,2.125401488334715e-06,-2.772561863921628e-08,29.429999999993164,3.9999999999677334,0.2718314644898853,4,-3.279105444439767e-06,6.455287312040702e-06,2.0524289887365892e-08,19.61918575324299,3.999999999969406,0.40776411929411677,6,-3.0922383569761958e-06,9.226742632448518e-06,2.0598793197277285e-09,9.808970375421396,3.9999999999798432,0.8155799940027859,5,-1.985748678337562e-06,-1.5912133432512244e-16,3.6072400316920604e-11,2.264106707269755e-11,7
7.55,4.0,2.1252628602413224e-06,-2.772561887177925e-08,29.43000000001241,3.9999999999620632,0.2718314644893222,4,-3.279105444439767e-06,6.455389933579571e-06,2.052431972304689e-08,19.619185753274206,3.9999999999618128,0.407764119292694,6,-3.0922381766620988e-06,9.226752932137376e-06,2.059981443683394e-09,9.8089703754626,3.9999999999683684,0.8155799939970203,5,-1.985748745395033e-06,9.670889018546363e-16,3.606056445129968e-11,2.2663356798318343e-11,7
7.555,4.0,2.125124232157123e-06,-2.772561591165083e-08,29.429999999996703,3.999999999965715,0.27183146448971546,4,-3.2791054444362977e-06,6.45549255529617e-06,2.052435854868535e-08,19.619185753271616,3.9999999999663185,0.40776411929320716,6,-3.092237996410452e-06,9.22676323232393e-06,2.0600745469053814e-09,9.80897037547323,3.9999999999742117,0.8155799939973278,5,-1.9857488123414813e-06,2.92073302882541e-16,3.6044463552907345e-11,2.2656029326355817e-11,7
7.5600000000000005,4.0,2.124985604081829e-06,-2.772561436482644e-08,29.4299999999968,3.9999999999613327,0.27183146448941675,4,-3.2791054444362977e-06,6.45559517719773e-06,2.0524395462246995e-08,19.619185753282984,3.999999999962009,0.40776411929253153,6,-3.0922378162490105e-06,9.226773532998415e-06,2.060176741562513e-09,9.808970375495063,3.9999999999711493,0.8155799939948881,5,-1.9857488792185407e-06,9.48976937091132e-17,3.6026922029118274e-11,2.265814496735154e-11,7
7.565,4.0,2.124846976018e-06,-2.772561163471129e-08,29.429999999999268,3.999999999969146,0.27183146448992496,4,-3.2791054444362977e-06,6.455697799280392e-06,2.052443037216438e-08,19.619185753298062,3.999999999969267,0.407764119292958,6,-3.092237636156958e-06,9.226783834185888e-06,2.0602719725774735e-09,9.808970375523348,3.999999999974829,0.8155799939932866,5,-1.985748945984578e-06,5.976066792593841e-16,3.601373257958573e-11,2.2666451211932576e-11,7
7.57,4.0,2.124708347959317e-06,-2.772560778920724e-08,29.429999999988617,3.999999999970967,0.27183146449014706,4,-3.2791054444362977e-06,6.455800421578562e-06,2.052447825946555e-08,19.619185753299732,3.99999999997214,0.4077641192932162,6,-3.0922374561273558e-06,9.22679413608312e-06,2.0604118869148527e-09,9.808970375538934,3.999999999979541,0.8155799939929513,5,-1.9857490125355093e-06,1.0416958891094467e-15,3.599623191200396e-11,2.2686508057006243e-11,7
7.575,4.0,2.1245697199203008e-06,-2.772560768608961e-08,29.429999999991338,3.999999999976355,0.27183146449048806,4,-3.2791054444362977e-06,6.4559030440503755e-06,2.0524504987259355e-08,19.619185753314028,3.999999999976806,0.40776411929339473,6,-3.092237276201837e-06,9.22680443832963e-06,2.060474349464933e-09,9.808970375559829,3.999999999983155,0.8155799939919509,5,-1.985749079079502e-06,5.620795424713792e-16,3.5980257134947235e-11,2.267193837820948e-11,7
7.58,4.0,2.1244310918813087e-06,-2.7725607221605203e-08,29.43000000000506,3.999999999965894,0.27183146448965045,4,-3.2791054444362977e-06,6.456005666658866e-06,2.0524533767779344e-08,19.61918575333923,3.999999999965886,0.4077641192917577,6,-3.092237096345707e-06,9.226814740997981e-06,2.060574903742972e-09,9.80897037559615,3.999999999970751,0.8155799939864018,5,-1.98574914552635e-06,1.4449288916533038e-15,3.5967698292092676e-11,2.2693796449118297e-11,7
7.585,4.0,2.1242924638519186e-06,-2.7725603577578438e-08,29.430000000008146,3.999999999969295,0.27183146448985307,4,-3.2791054444571144e-06,6.45610828948471e-06,2.0524580683605244e-08,19.619185753354582,3.999999999970201,0.40776411929187856,6,-3.092236916614477e-06,9.226825044200395e-06,2.060678365574601e-09,9.80897037561787,3.9999999999761675,0.8155799939857004,5,-1.985749211910748e-06,-4.6497514243289555e-15,3.593544320460284e-11,2.2665882777743958e-11,7
7.59,4.0,2.124153835836355e-06,-2.772560242197924e-08,29.430000000004846,3.9999999999686207,0.2718314644898377,4,-3.279105444470992e-06,6.456210912478855e-06,2.0524610469967425e-08,19.619185753362792,3.999999999968625,0.40776411929154727,6,-3.092236736952636e-06,9.226835347891926e-06,2.060777605700552e-09,9.808970375639273,3.9999999999738183,0.8155799939834417,5,-1.985749278163307e-06,-1.4842835365177085e-15,3.5927557956592745e-11,2.2689561614413164e-11,7
7.595,4.0,2.1240152078296257e-06,-2.772560174132432e-08,29.430000000002153,3.9999999999637144,0.27183146448952916,4,-3.279105444470992e-06,6.456313535625212e-06,2.0524639867160655e-08,19.619185753372353,3.9999999999638236,0.4077641192908591,6,-3.092236557346306e-06,9.226845651994003e-06,2.0608622392039333e-09,9.808970375661511,3.9999999999700706,0.8155799939808286,5,-1.9857493443603547e-06,-8.131002976100343e-18,3.5915123458716944e-11,2.2695626096662874e-11,7
7.6000000000000005,4.0,2.123876579830659e-06,-2.7725598196449185e-08,29.429999999984894,3.9999999999704645,0.27183146449014733,4,-3.279105444470992e-06,6.456416158937466e-06,2.052467810395382e-08,19.619185753367887,3.999999999971366,0.4077641192917208,6,-3.0922363778093653e-06,9.226855956594265e-06,2.0609507115654187e-09,9.808970375670203,3.9999999999791056,0.8155799939819481,5,-1.985749410404747e-06,7.859005042358117e-16,3.58992108541496e-11,2.2685369412272178e-11,7
7.605,4.0,2.123737951840287e-06,-2.7725597627408666e-08,29.43000000000299,3.9999999999625904,0.27183146448944506,4,-3.279105444470992e-06,6.456518782425005e-06,2.052471066553642e-08,19.61918575339726,3.999999999962891,0.4077641192902463,6,-3.092236198376508e-06,9.22686626165353e-06,2.0610555474693904e-09,9.808970375708121,3.99999999996945,0.8155799939768267,5,-1.985749476386689e-06,-3.083353088347426e-16,3.5879789944824434e-11,2.269379644911829e-11,7
7.61,4.0,2.1235993238639673e-06,-2.7725595603432826e-08,29.430000000002615,3.9999999999699147,0.2718314644899463,4,-3.279105444470992e-06,6.456621406097798e-06,2.0524743891360743e-08,19.619185753408768,3.999999999970121,0.4077641192907442,6,-3.0922360190199782e-06,9.226876567095267e-06,2.061122490590016e-09,9.808970375730723,3.9999999999751727,0.8155799939761141,5,-1.985749542431081e-06,2.796388050067403e-16,3.5863781416987755e-11,2.2666365946804273e-11,7
7.615,4.0,2.1234606958881593e-06,-2.7725591257328747e-08,29.42999999999941,3.999999999968842,0.271831464489903,4,-3.2791054444675227e-06,6.456724029961825e-06,2.052479110409871e-08,19.619185753417774,3.999999999969864,0.4077641192905308,6,-3.0922358397536542e-06,9.226886873291214e-06,2.0612741878266037e-09,9.808970375748448,3.9999999999771987,0.8155799939750535,5,-1.985749608156284e-06,3.222713691523464e-16,3.5848861795893636e-11,2.270730919559561e-11,7
7.62,4.0,2.1233220679347535e-06,-2.7725590520604043e-08,29.429999999996845,3.999999999974646,0.2718314644903211,4,-3.2791054444675227e-06,6.456826654003407e-06,2.0524818262344006e-08,19.619185753426255,3.9999999999745386,0.4077641192908311,6,-3.092235660577536e-06,9.226897179881966e-06,2.061347277854749e-09,9.808970375772152,3.9999999999788787,0.8155799939734252,5,-1.9857496738190372e-06,-4.380093581109608e-16,3.5826341143883726e-11,2.2699480791004376e-11,7
7.625,4.0,2.1231834399825256e-06,-2.7725589493407304e-08,29.42999999999265,3.9999999999632485,0.2718314644895853,4,-3.2791054444675227e-06,6.456929278187963e-06,2.0524851411481213e-08,19.619185753433513,3.999999999964338,0.40776411928964035,6,-3.092235481498562e-06,9.226907486904122e-06,2.0614420299442935e-09,9.808970375785782,3.999999999974798,0.8155799939714599,5,-1.9857497393915846e-06,-1.2892326805531707e-16,3.5810725190908563e-11,2.2702912712418102e-11,7
7.63,4.0,2.1230448120430087e-06,-2.7725587522204e-08,29.429999999994827,3.9999999999687432,0.2718314644899386,4,-3.2791054444640533e-06,6.457031902535792e-06,2.0524880716390538e-08,19.619185753448992,3.9999999999687272,0.4077641192897661,6,-3.092235302502855e-06,9.226917794353801e-06,2.0615262756460046e-09,9.808970375815228,3.999999999974596,0.8155799939689703,5,-1.985749804887804e-06,5.194469783257745e-16,3.5795029301875624e-11,2.2706277132271923e-11,7
7.635,4.0,2.122906184109338e-06,-2.7725585230210303e-08,29.429999999990677,3.9999999999654228,0.27183146448975126,4,-3.2791054444640533e-06,6.4571345270575415e-06,2.0524920188064642e-08,19.61918575345452,3.999999999965897,0.4077641192893627,6,-3.092235123604292e-06,9.226928102309096e-06,2.0616295999198627e-09,9.808970375831976,3.999999999973971,0.8155799939674504,5,-1.9857498702660625e-06,-1.289232680553169e-16,3.576879251135768e-11,2.2698700970351882e-11,7
7.640000000000001,4.0,2.1227675561892003e-06,-2.7725583766269185e-08,29.42999999999939,3.999999999967728,0.2718314644898275,4,-3.2791054444640533e-06,6.457237151754851e-06,2.0524951401677735e-08,19.619185753475303,3.999999999967603,0.4077641192891046,6,-3.092234944809813e-06,9.226938410730234e-06,2.0617213375105027e-09,9.808970375860689,3.9999999999736433,0.8155799939649961,5,-1.985749935567993e-06,2.2101902930653241e-16,3.5754672250841294e-11,2.270503901155486e-11,7
7.6450000000000005,4.0,2.122628928276923e-06,-2.772558209688663e-08,29.42999999999291,3.999999999965479,0.2718314644897345,4,-3.279105444460584e-06,6.457339776616522e-06,2.052498584854405e-08,19.619185753480114,3.9999999999649165,0.4077641192887308,6,-3.0922347660986005e-06,9.226948719629979e-06,2.061819574234828e-09,9.808970375880737,3.999999999970176,0.8155799939626223,5,-1.98575000076584e-06,1.8055293300515557e-15,3.5734050524292696e-11,2.2706303777624513e-11,7
7.65,4.0,2.122490300368157e-06,-2.7725578815388843e-08,29.42999999998598,3.9999999999528804,0.2718314644889423,4,-3.279105444460584e-06,6.457442401669673e-06,2.0525032239336376e-08,19.619185753485453,3.9999999999555125,0.40776411928766115,6,-3.0922345874914714e-06,9.226959029147897e-06,2.0619628178501823e-09,9.80897037589651,3.999999999968167,0.8155799939609011,5,-1.985750065776337e-06,-5.321562705991739e-16,3.5710961438094166e-11,2.2722482835717774e-11,7
7.655,4.0,2.122351672486332e-06,-2.7725576050812534e-08,29.429999999991452,3.999999999981327,0.2718314644908249,4,-3.279105444460584e-06,6.457545026926104e-06,2.0525060502819615e-08,19.61918575350136,3.9999999999814864,0.4077641192899784,6,-3.092234408981487e-06,9.226969339140168e-06,2.0620195316044488e-09,9.808970375920072,3.9999999999858304,0.8155799939625435,5,-1.985750130738262e-06,3.773384311737543e-16,3.569434717257526e-11,2.270430715253703e-11,7
7.66,4.0,2.1222130446044644e-06,-2.772557691359213e-08,29.429999999984243,3.9999999999671987,0.2718314644899314,4,-3.2791054444571144e-06,6.457647652293231e-06,2.052508437401117e-08,19.61918575350765,3.999999999967012,0.4077641192883721,6,-3.0922342305686468e-06,9.226979649438495e-06,2.0620936606017214e-09,9.808970375939277,3.9999999999742535,0.8155799939585863,5,-1.9857501956377366e-06,2.2634809982473317e-16,3.5673782289445525e-11,2.2697862529923685e-11,7
7.665,4.0,2.122074416728149e-06,-2.772557442645106e-08,29.43000000000339,3.9999999999671165,0.27183146448974893,4,-3.2791054444571144e-06,6.4577502778326675e-06,2.052512124747812e-08,19.619185753536748,3.9999999999663247,0.4077641192876973,6,-3.092234052273768e-06,9.226989960212788e-06,2.0621953516085304e-09,9.808970375976308,3.999999999969755,0.81557999395459,5,-1.9857502604678223e-06,-1.0650633224192488e-15,3.565027575938974e-11,2.2694396857730017e-11,7
7.67,4.0,2.121935788865354e-06,-2.772557147366254e-08,29.42999999999065,3.9999999999676756,0.27183146448990464,4,-3.2791054444571144e-06,6.457852903540263e-06,2.052515626654887e-08,19.619185753533877,3.999999999968731,0.4077641192880022,6,-3.0922338740690947e-06,9.227000271450061e-06,2.062282431273955e-09,9.808970375981751,3.9999999999786535,0.8155799939559518,5,-1.9857503251938247e-06,1.4463568521232187e-16,3.5633700573721294e-11,2.269278392571984e-11,7
7.675,4.0,2.121797161013383e-06,-2.772556933249845e-08,29.429999999993573,3.9999999999694653,0.27183146448999923,4,-3.279105444453645e-06,6.457955529410737e-06,2.052518601412122e-08,19.619185753548336,3.9999999999708353,0.4077641192879162,6,-3.092233695954627e-06,9.227010583129804e-06,2.0623691569891095e-09,9.808970376005751,3.9999999999795115,0.8155799939541313,5,-1.985750389843499e-06,2.0702064991221935e-15,3.561648767594751e-11,2.2693268871136998e-11,7
7.68,4.0,2.121658533167276e-06,-2.7725567648588487e-08,29.42999999998776,3.9999999999621556,0.2718314644895562,4,-3.279105444453645e-06,6.458058155444905e-06,2.0525223102453104e-08,19.619185753554923,3.999999999963406,0.407764119287022,6,-3.0922335179581206e-06,9.227020895297108e-06,2.0624743082870175e-09,9.8089703760275,3.9999999999729328,0.8155799939509816,5,-1.9857504543821514e-06,-3.0833530883474196e-16,3.558678876594958e-11,2.2689298713600937e-11,7
7.6850000000000005,4.0,2.1215199053275028e-06,-2.7725567528500553e-08,29.430000000003865,3.9999999999366085,0.2718314644876713,4,-3.279105444453645e-06,6.458160781664324e-06,2.0525261769064293e-08,19.61918575358046,3.999999999940831,0.4077641192841899,6,-3.0922333400726365e-06,9.227031208038408e-06,2.062617019959781e-09,9.808970376057058,3.999999999959225,0.815579993945729,5,-1.985750518761209e-06,1.464120420517222e-16,3.5572190665443393e-11,2.272007409584354e-11,7
7.69,4.0,2.121381277513388e-06,-2.7725562145143042e-08,29.42999999999053,3.9999999999799525,0.27183146449074,4,-3.2791054444501755e-06,6.458263408089361e-06,2.052529488609427e-08,19.619185753579046,3.9999999999801332,0.4077641192882258,6,-3.092233162270419e-06,9.227041521311969e-06,2.0626771078209675e-09,9.808970376069436,3.999999999985234,0.8155799939500029,5,-1.985750583043122e-06,2.080864640158595e-15,3.555227415256004e-11,2.2694050468146328e-11,7
7.695,4.0,2.1212426497009267e-06,-2.7725562493527097e-08,29.429999999994333,3.9999999999694222,0.2718314644899893,4,-3.2791054444501755e-06,6.458366034636209e-06,2.0525319467282162e-08,19.619185753595357,3.999999999969818,0.40776411928683526,6,-3.0922329846000407e-06,9.227051834893608e-06,2.0627503570395856e-09,9.808970376095854,3.9999999999760045,0.8155799939459245,5,-1.9857506472903408e-06,-3.829422960895525e-16,3.5526566716380235e-11,2.268480985986777e-11,7
7.7,4.0,2.1211040218944892e-06,-2.772556051739674e-08,29.429999999990926,3.999999999964381,0.27183146448967815,4,-3.2791054444501755e-06,6.458468661339652e-06,2.0525353985433505e-08,19.6191857536021,3.999999999964423,0.40776411928614514,6,-3.0922328070337457e-06,9.227062148917917e-06,2.0628419065556728e-09,9.808970376117554,3.99999999997139,0.8155799939431794,5,-1.9857507114612316e-06,-5.96453513187069e-17,3.5502420697862267e-11,2.267662440755182e-11,7
7.705,4.0,2.120965394101388e-06,-2.7725558523580662e-08,29.430000000005222,3.9999999999715317,0.2718314644900321,4,-3.2791054444501755e-06,6.458571288198441e-06,2.0525382112308598e-08,19.61918575362761,3.9999999999706177,0.4077641192862464,6,-3.0922326295645952e-06,9.227072463368315e-06,2.0629237176616665e-09,9.808970376148327,3.9999999999738556,0.8155799939411233,5,-1.9857507755488557e-06,1.3756509749166955e-15,3.5486962840645804e-11,2.268197124163841e-11,7
7.71,4.0,2.120826766314305e-06,-2.7725556116396757e-08,29.4299999999988,3.9999999999675606,0.27183146448982154,4,-3.2791054444501755e-06,6.458673915225587e-06,2.0525419111059047e-08,19.619185753633122,3.9999999999678755,0.4077641192858523,6,-3.092232452220345e-06,9.227082778289718e-06,2.06302342134003e-09,9.808970376167402,3.999999999972963,0.8155799939393554,5,-1.9857508395393353e-06,2.7396133811905294e-17,3.5457809272197566e-11,2.2669140616187423e-11,7
7.715,4.0,2.1206881385407092e-06,-2.772555387534841e-08,29.429999999985824,3.9999999999675113,0.271831464489938,4,-3.2791054444501755e-06,6.458776542419853e-06,2.0525452432006426e-08,19.619185753629644,3.9999999999683977,0.40776411928597783,6,-3.0922322749871167e-06,9.227093093672111e-06,2.0631102103625097e-09,9.80897037617173,3.9999999999782623,0.815579993940076,5,-1.9857509034326704e-06,6.384628865655915e-16,3.543817342369484e-11,2.2665063877241e-11,7
7.72,4.0,2.1205495107764244e-06,-2.772555192389943e-08,29.429999999997428,3.9999999999680114,0.27183146448986484,4,-3.279105444446706e-06,6.4588791697703505e-06,2.0525482827111813e-08,19.619185753653838,3.999999999968894,0.40776411928552564,6,-3.092232097857972e-06,9.227103409493703e-06,2.0631980068147947e-09,9.808970376204714,3.9999999999763416,0.8155799939369419,5,-1.9857509672427387e-06,1.2406478551222765e-15,3.54191095620944e-11,2.2665523953662407e-11,7
7.7250000000000005,4.0,2.1204108830177244e-06,-2.7725547386880046e-08,29.429999999983913,3.999999999972402,0.27183146449028806,4,-3.279105444446706e-06,6.458981797329379e-06,2.0525530572679502e-08,19.61918575365091,3.9999999999744054,0.40776411928614825,6,-3.0922319208467886e-06,9.227113726023604e-06,2.0633343937521732e-09,9.808970376213928,3.9999999999841473,0.8155799939377674,5,-1.9857510308238235e-06,-2.568209604921347e-16,3.539010698397751e-11,2.2666337525094853e-11,7
7.73,4.0,2.120272255280044e-06,-2.772554769265315e-08,29.42999999999131,3.999999999976715,0.2718314644905128,4,-3.279105444446706e-06,6.459084425042117e-06,2.0525550620200863e-08,19.619185753668333,3.9999999999769487,0.40776411928604545,6,-3.092231743960505e-06,9.227124042851955e-06,2.063394796783615e-09,9.808970376244844,3.9999999999812843,0.815579993934613,5,-1.9857510944118473e-06,-4.4156207178976076e-16,3.536897011394549e-11,2.2657620942083915e-11,7
7.735,4.0,2.1201336275445485e-06,-2.7725546456927487e-08,29.429999999993854,3.9999999999705267,0.2718314644900688,4,-3.279105444446706e-06,6.459187052878843e-06,2.0525579502603188e-08,19.61918575368157,3.9999999999708757,0.4077641192851512,6,-3.0922315671713663e-06,9.227134360044102e-06,2.0634692243610554e-09,9.808970376264776,3.999999999977233,0.8155799939321297,5,-1.98575115794436e-06,1.3241366265740882e-15,3.5348859978166646e-11,2.2645417370597237e-11,7
7.74,4.0,2.1199949998170384e-06,-2.772554447066295e-08,29.429999999991225,3.9999999999679696,0.2718314644899193,4,-3.2791054444432366e-06,6.459289680868384e-06,2.052561239449306e-08,19.619185753689926,3.999999999967936,0.4077641192846779,6,-3.0922313905140664e-06,9.227144677680202e-06,2.063562942895498e-09,9.808970376284318,3.9999999999747944,0.8155799939300077,5,-1.985751221379728e-06,-9.339613126731176e-17,3.532088235794609e-11,2.2640008364021263e-11,7
7.745,4.0,2.1198563721007338e-06,-2.77255422823413e-08,29.429999999995367,3.999999999964808,0.27183146448966616,4,-3.2791054444432366e-06,6.459392309031975e-06,2.052564623690237e-08,19.619185753704187,3.9999999999651736,0.4077641192840999,6,-3.0922312139747277e-06,9.22715499580421e-06,2.063663481142884e-09,9.808970376308622,3.999999999972536,0.8155799939275264,5,-1.9857512847040737e-06,-1.9109575743432554e-16,3.529940620375775e-11,2.2643388771086642e-11,7
7.75,4.0,2.1197177443953634e-06,-2.7725543118856635e-08,29.429999999930963,3.999999999951016,0.27183146448932377,4,-3.2791054444501755e-06,6.45949493735959e-06,2.0525681104266003e-08,19.619185753660325,3.9999999999483427,0.40776411928329576,6,-3.09223103755335e-06,9.227165314365302e-06,2.0637581224786085e-09,9.808970376302169,3.999999999957851,0.8155799939250687,5,-1.9857513479729083e-06,-8.248650380953862e-15,3.5249264979252e-11,2.261243575316009e-11,7
7.755,4.0,2.119579116704169e-06,-2.772553441733181e-08,29.429999999951114,3.999999999981408,0.27183146449120305,4,-3.2791054444744616e-06,6.459597565886886e-06,2.0525725425387877e-08,19.619185753679695,3.999999999984704,0.40776411928659984,6,-3.0922308612915672e-06,9.227175633402028e-06,2.0638128038997953e-09,9.808970376296191,4.000000000003412,0.8155799939348555,5,-1.985751411172354e-06,-1.8590948296311617e-15,3.5247247037882444e-11,2.2564021147502238e-11,7
7.76,4.0,2.1194404890176465e-06,-2.7725534605542967e-08,29.42999999999985,3.999999999977354,0.27183146449047735,4,-3.2791054444814005e-06,6.459700194576162e-06,2.0525750257685403e-08,19.61918575374181,3.999999999977727,0.40776411928459766,6,-3.0922306851269288e-06,9.227185952978716e-06,2.0639422139162336e-09,9.808970376375601,3.999999999981627,0.815579993923811,5,-1.9857514742677163e-06,-1.6725773614941352e-15,3.5224872047133356e-11,2.261261161248719e-11,7
7.765000000000001,4.0,2.1193018613453286e-06,-2.772553378392336e-08,29.42999999999237,3.9999999999749307,0.27183146449038176,4,-3.2791054444814005e-06,6.459802823393707e-06,2.052577289589839e-08,19.61918575374393,3.9999999999759597,0.4077641192843734,6,-3.092230509059435e-06,9.227196272914605e-06,2.064015028627535e-09,9.8089703763876,3.999999999983239,0.815579993923142,5,-1.9857515372451173e-06,1.8549189251852678e-16,3.5206317999945814e-11,2.261824266366809e-11,7
7.7700000000000005,4.0,2.1191632336775263e-06,-2.772553322153423e-08,29.429999999994145,3.9999999999613642,0.27183146448944345,4,-3.2791054444814005e-06,6.459905452340087e-06,2.0525802619837553e-08,19.619185753757613,3.999999999962522,0.40776411928271916,6,-3.092230333116841e-06,9.227206593229869e-06,2.064102783431664e-09,9.808970376410741,3.999999999972174,0.8155799939189616,5,-1.9857516001461906e-06,-7.737408007576085e-16,3.517949856438455e-11,2.2607909595933294e-11,7
7.775,4.0,2.1190246060214452e-06,-2.7725530151422093e-08,29.429999999993882,3.999999999967565,0.2718314644898672,4,-3.2791054444814005e-06,6.46000808145292e-06,2.052583577430893e-08,19.619185753767198,3.9999999999681224,0.40776411928309086,6,-3.0922301572991473e-06,9.227216914015985e-06,2.0641937619850654e-09,9.808970376431958,3.9999999999758504,0.8155799939179472,5,-1.9857516629223637e-06,-1.1769738033014655e-15,3.515378757549108e-11,2.26020849218569e-11,7
7.78,4.0,2.1188859783771722e-06,-2.7725528779563138e-08,29.42999999999637,3.999999999967436,0.2718314644898355,4,-3.2791054444814005e-06,6.460110710718578e-06,2.0525864215246988e-08,19.619185753779576,3.999999999967325,0.4077641192827523,6,-3.092229981592476e-06,9.227227235209802e-06,2.0642762109434976e-09,9.808970376457534,3.9999999999721707,0.8155799939150704,5,-1.9857517256638424e-06,2.174663156277312e-16,3.513039473227302e-11,2.259476988439225e-11,7
7.785,4.0,2.1187473507409194e-06,-2.772552647380723e-08,29.429999999993193,3.999999999965045,0.27183146448970236,4,-3.2791054444814005e-06,6.4602133401345166e-06,2.0525897047187645e-08,19.619185753787608,3.9999999999653433,0.4077641192823834,6,-3.0922298060245823e-06,9.227237556860457e-06,2.0643672811799254e-09,9.80897037647248,3.9999999999734692,0.8155799939140924,5,-1.985751788273482e-06,2.2990081350353313e-16,3.510405846577207e-11,2.2590463995413545e-11,7
7.79,4.0,2.1186087231110358e-06,-2.7725522336092578e-08,29.42999999999731,3.999999999967496,0.27183146448983087,4,-3.2791054444814005e-06,6.4603159697487056e-06,2.0525942283985434e-08,19.619185753802302,3.9999999999690923,0.40776411928246015,6,-3.092229630581589e-06,9.227247879145544e-06,2.0644993597422717e-09,9.808970376495893,3.999999999977817,0.8155799939130323,5,-1.9857518507235272e-06,-1.1471241334011554e-16,3.5082731525558227e-11,2.2598157396884987e-11,7
7.795,4.0,2.118470095505589e-06,-2.772552130143869e-08,29.42999999999131,3.99999999998506,0.2718314644910799,4,-3.2791054444814005e-06,6.460418599522359e-06,2.052596132439865e-08,19.61918575380599,3.9999999999839875,0.40776411928390194,6,-3.0922294552496177e-06,9.227258201798816e-06,2.0645495777798403e-09,9.808970376513717,3.9999999999853295,0.815579993913082,5,-1.9857519131111223e-06,1.2708459213920798e-15,3.5055094965850836e-11,2.257747172149017e-11,7
7.8,4.0,2.1183314678976356e-06,-2.7725521513405806e-08,29.429999999997143,3.999999999965301,0.27183146448968326,4,-3.279105444477931e-06,6.4605212294067216e-06,2.0525989223611174e-08,19.619185753822855,3.999999999965502,0.40776411928166695,6,-3.0922292800494855e-06,9.22726852477546e-06,2.0646344236283876e-09,9.808970376538896,3.999999999972624,0.8155799939083979,5,-1.9857519754779007e-06,4.693605904530733e-17,3.502661641300158e-11,2.257122072177232e-11,7
7.805000000000001,4.0,2.118192840302986e-06,-2.7725517692599837e-08,29.429999999995736,3.999999999974275,0.2718314644903061,4,-3.279105444477931e-06,6.460623859453153e-06,2.05260207991816e-08,19.619185753832035,3.999999999974587,0.4077641192824023,6,-3.09222910499507e-06,9.227278848189795e-06,2.0647126505849557e-09,9.808970376558655,3.9999999999789897,0.8155799939080529,5,-1.985752037733657e-06,-7.897280123122107e-16,3.500078463184302e-11,2.255661906855245e-11,7
7.8100000000000005,4.0,2.1180542127162477e-06,-2.77255170704077e-08,29.429999999998792,3.9999999999659277,0.27183146448971063,4,-3.279105444477931e-06,6.460726489644475e-06,2.0526049552382002e-08,19.619185753844786,3.9999999999657536,0.4077641192812368,6,-3.092228930058616e-06,9.22728917201099e-06,2.0648045053294547e-09,9.808970376581689,3.9999999999712657,0.8155799939045628,5,-1.985752099926963e-06,7.89453217914612e-16,3.497726211457568e-11,2.2555366736980675e-11,7
7.815,4.0,2.1179155851414953e-06,-2.7725514739241828e-08,29.42999999999459,3.999999999967831,0.27183146448987877,4,-3.279105444477931e-06,6.460829119988407e-06,2.0526080775319075e-08,19.619185753851742,3.9999999999676237,0.40776411928128287,6,-3.0922287552540006e-06,9.227299496258075e-06,2.064885374364144e-09,9.808970376596662,3.999999999973294,0.8155799939037315,5,-1.9857521620161855e-06,6.313574592079896e-16,3.494985470490058e-11,2.2536524919985156e-11,7
7.82,4.0,2.1177769575756233e-06,-2.7725511612403176e-08,29.429999999994315,3.999999999969221,0.2718314644899758,4,-3.279105444477931e-06,6.460931750496346e-06,2.052611578568111e-08,19.619185753861213,3.999999999970326,0.40776411928136147,6,-3.0922285805881633e-06,9.227309820973237e-06,2.064978236374935e-09,9.808970376614628,3.9999999999788125,0.8155799939033629,5,-1.9857522240221415e-06,-4.1669307603815817e-16,3.492455760715069e-11,2.252719016479411e-11,7
7.825,4.0,2.1176383300185566e-06,-2.7725507612413362e-08,29.429999999988777,3.9999999999732547,0.27183146449030104,4,-3.279105444477931e-06,6.461034381186864e-06,2.0526156188605033e-08,19.619185753865224,3.999999999974726,0.4077641192817267,6,-3.0922284060333483e-06,9.227320146292897e-06,2.065097152597191e-09,9.808970376631015,3.999999999982564,0.8155799939027653,5,-1.985752285847686e-06,1.1891335067796682e-15,3.490114700036423e-11,2.2532160411230756e-11,7
7.83,4.0,2.117499702480435e-06,-2.7725508210931915e-08,29.429999999995673,3.9999999999766986,0.2718314644904714,4,-3.2791054444744616e-06,6.461137012023679e-06,2.0526174735528296e-08,19.61918575388275,3.9999999999758056,0.4077641192814725,6,-3.092228231617311e-06,9.227330471967843e-06,2.065163084206526e-09,9.808970376660938,3.9999999999776055,0.8155799938992663,5,-1.9857523476177197e-06,9.511016903000347e-16,3.4870629189863334e-11,2.252174207836767e-11,7
7.835,4.0,2.117361074944982e-06,-2.772550738659473e-08,29.429999999995086,3.999999999967106,0.2718314644898249,4,-3.2791054444744616e-06,6.461239642984672e-06,2.052620263103689e-08,19.619185753892467,3.9999999999668776,0.4077641192803604,6,-3.0922280573539296e-06,9.227340797961242e-06,2.065234078819655e-09,9.808970376678417,3.9999999999728955,0.8155799938968525,5,-1.985752409394692e-06,-2.9767716779834143e-16,3.4842401103328425e-11,2.250121805144524e-11,7
7.84,4.0,2.1172224474187566e-06,-2.7725503958307844e-08,29.429999999989413,3.9999999999702363,0.27183146449009005,4,-3.2791054444744616e-06,6.461342274094448e-06,2.0526235074939215e-08,19.61918575389661,3.9999999999705045,0.40776411928064404,6,-3.0922278832015704e-06,9.227351124391698e-06,2.0653197631730564e-09,9.808970376694255,3.999999999977079,0.8155799938963887,5,-1.9857524710467644e-06,4.466163479103636e-16,3.481818580689372e-11,2.24970684818684e-11,7
7.845,4.0,2.1170838199034423e-06,-2.7725503431458748e-08,29.42999999999474,3.999999999964417,0.27183146448964535,4,-3.279105444470992e-06,6.46144490534873e-06,2.0526261435728666e-08,19.619185753912745,3.999999999964344,0.40776411927968065,6,-3.092227709187989e-06,9.227361451220503e-06,2.0654080864863983e-09,9.808970376721932,3.9999999999692872,0.8155799938924987,5,-1.985752532629448e-06,4.537217752679644e-16,3.478865209808185e-11,2.2487994851132742e-11,7
7.8500000000000005,4.0,2.1169451924000664e-06,-2.7725499468294684e-08,29.429999999988034,3.999999999971154,0.27183146449016515,4,-3.279105444470992e-06,6.461547536766086e-06,2.0526295958033084e-08,19.619185753915428,3.9999999999716644,0.40776411928037115,6,-3.0922275353270634e-06,9.227371778511434e-06,2.0654882616547903e-09,9.808970376728878,3.999999999979172,0.8155799938939368,5,-1.98575259409417e-06,-1.910957574343265e-16,3.4762814987852776e-11,2.2468430056903586e-11,7
7.855,4.0,2.1168065649053087e-06,-2.7725498239489528e-08,29.429999999992148,3.9999999999669598,0.27183146448984213,4,-3.279105444470992e-06,6.461650168324143e-06,2.0526323842165984e-08,19.619185753928747,3.999999999967666,0.4077641192796867,6,-3.092227361591038e-06,9.22738210620646e-06,2.065575963718848e-09,9.808970376753523,3.999999999975597,0.8155799938911585,5,-1.9857526554895033e-06,9.61759831336436e-16,3.473886969765766e-11,2.246743529707352e-11,7
7.86,4.0,2.1166679374210614e-06,-2.7725493528628048e-08,29.429999999985597,3.999999999982354,0.2718314644909488,4,-3.2791054444675227e-06,6.461752800076137e-06,2.0526364517584245e-08,19.619185753933657,3.999999999982163,0.40776411928106254,6,-3.0922271879799124e-06,9.227392434539836e-06,2.065685727109996e-09,9.808970376772379,3.9999999999850635,0.8155799938915209,5,-1.9857527167113642e-06,-1.5236430333701805e-17,3.470981915790611e-11,2.245858015822911e-11,7
7.865,4.0,2.1165293099499135e-06,-2.7725493925641466e-08,29.429999999997772,3.999999999974996,0.2718314644903363,4,-3.2791054444675227e-06,6.461855431962893e-06,2.052638653907035e-08,19.619185753955264,3.999999999974992,0.40776411927988243,6,-3.0922270145214426e-06,9.227402763194806e-06,2.0657604415741363e-09,9.808970376798209,3.99999999997884,0.8155799938881043,5,-1.9857527778915918e-06,-1.1538811643892622e-15,3.467815737360064e-11,2.2451583088638716e-11,7
7.87,4.0,2.1163906824871215e-06,-2.7725492359075838e-08,29.42999999999881,3.999999999973337,0.271831464490214,4,-3.2791054444675227e-06,6.461958063975371e-06,2.05264122350833e-08,19.619185753965375,3.999999999973217,0.4077641192794913,6,-3.0922268412017506e-06,9.22741309217026e-06,2.0658251174524064e-09,9.808970376818845,3.9999999999775495,0.8155799938861255,5,-1.985752839037125e-06,6.114691376050908e-17,3.465472367417527e-11,2.24324392909805e-11,7
7.875,4.0,2.1162520550312405e-06,-2.7725490038854145e-08,29.429999999978346,3.9999999999674825,0.2718314644900051,4,-3.2791054444640533e-06,6.462060696119934e-06,2.0526441974397953e-08,19.619185753955193,3.9999999999684857,0.4077641192792206,6,-3.0922266680138977e-06,9.227423421556126e-06,2.0659101486975756e-09,9.808970376822609,3.999999999977513,0.815579993885805,5,-1.9857529000716356e-06,1.7948711890151534e-15,3.462785982969302e-11,2.242399271420915e-11,7
7.88,4.0,2.116113427586208e-06,-2.7725488748622147e-08,29.42999999999175,3.9999999999640994,0.2718314644896514,4,-3.2791054444640533e-06,6.462163328420343e-06,2.0526472351368635e-08,19.61918575397847,3.999999999964486,0.4077641192783291,6,-3.0922264949648226e-06,9.227433751356757e-06,2.06600026008211e-09,9.80897037685386,3.9999999999718288,0.8155799938820476,5,-1.985752961057574e-06,-8.60782285888221e-16,3.4594824921550695e-11,2.2411744733801484e-11,7
7.885,4.0,2.1159748001547383e-06,-2.7725484518616046e-08,29.429999999989846,3.9999999999766302,0.2718314644905206,4,-3.2791054444640533e-06,6.4622659608802e-06,2.0526504581169002e-08,19.619185753986358,3.9999999999776232,0.4077641192795044,6,-3.092226322068403e-06,9.22744408160817e-06,2.066075508695934e-09,9.808970376867908,3.9999999999848983,0.8155799938835444,5,-1.9857530219324904e-06,-8.131002976100737e-18,3.4572911783579855e-11,2.2397354467045502e-11,7
7.890000000000001,4.0,2.115836172728906e-06,-2.7725482344924657e-08,29.42999999998516,3.999999999972086,0.271831464490255,4,-3.2791054444640533e-06,6.462368593511644e-06,2.0526541356188037e-08,19.61918575399198,3.999999999973029,0.4077641192789192,6,-3.092226149289945e-06,9.227454412467303e-06,2.066200630964537e-09,9.808970376885863,3.9999999999811897,0.8155799938812953,5,-1.9857530826339342e-06,1.2903858466254826e-15,3.454533384364817e-11,2.241084589724075e-11,7
7.8950000000000005,4.0,2.115697545321949e-06,-2.7725481224328718e-08,29.429999999990482,3.9999999999785896,0.2718314644906479,4,-3.2791054444640533e-06,6.4624712262892024e-06,2.052656401015746e-08,19.61918575400678,3.9999999999784053,0.4077641192791597,6,-3.0922259766641425e-06,9.227464743632656e-06,2.0662553416175e-09,9.80897037690844,3.9999999999828773,0.8155799938797622,5,-1.9857531433215003e-06,3.062841575977439e-16,3.4511448060579775e-11,2.2377452165016865e-11,7
7.9,4.0,2.11555891791728e-06,-2.772548023219996e-08,29.43000000000054,3.9999999999698947,0.2718314644899641,4,-3.2791054444640533e-06,6.462573859177879e-06,2.052658855811048e-08,19.619185754025988,3.9999999999704867,0.4077641192779532,6,-3.0922258041909956e-06,9.22747507512695e-06,2.0663330105326268e-09,9.80897037693467,3.999999999976641,0.8155799938763098,5,-1.9857532039396775e-06,2.4055895453993464e-16,3.448627886052231e-11,2.2373224435739088e-11,7
7.905,4.0,2.115420290524901e-06,-2.7725477833955137e-08,29.429999999979444,3.9999999999732,0.27183146449038353,4,-3.279105444460584e-06,6.462676492208165e-06,2.0526617946744868e-08,19.619185754016137,3.99999999997281,0.40776411927839484,6,-3.0922256318496877e-06,9.227485407001506e-06,2.0664022206419656e-09,9.808970376942225,3.999999999978688,0.8155799938760989,5,-1.9857532645023435e-06,8.960346282786273e-16,3.4457059566871015e-11,2.2347671542604315e-11,7
7.91,4.0,2.1152816631392255e-06,-2.7725475691068517e-08,29.429999999990216,3.999999999966299,0.2718314644898151,4,-3.279105444460584e-06,6.462779125381274e-06,2.052664829681201e-08,19.619185754035943,3.9999999999675984,0.4077641192774519,6,-3.0922254596679744e-06,9.22749573930361e-06,2.066497559211345e-09,9.808970376967679,3.99999999997599,0.8155799938734324,5,-1.985753324953987e-06,-6.085396146933848e-16,3.442554877289689e-11,2.234270129616767e-11,7
7.915,4.0,2.115143035761434e-06,-2.7725474204181627e-08,29.42999999999264,3.999999999944198,0.27183146448829076,4,-3.279105444460584e-06,6.462881758717724e-06,2.0526684829390493e-08,19.619185754046434,3.9999999999493667,0.40776411927537526,6,-3.092225287611161e-06,9.227506072128849e-06,2.0666215923395396e-09,9.808970376982327,3.9999999999691123,0.8155799938708123,5,-1.9857533852876696e-06,1.961500335549287e-16,3.440152709935768e-11,2.2352256319606807e-11,7
7.92,4.0,2.115004408407589e-06,-2.7725469827193307e-08,29.429999999986144,3.999999999984144,0.2718314644910654,4,-3.2791054444571144e-06,6.462984392235721e-06,2.0526712239755607e-08,19.61918575405008,3.9999999999842455,0.4077641192788551,6,-3.0922251157070035e-06,9.227516405435481e-06,2.0666802131115367e-09,9.808970377002526,3.9999999999880047,0.8155799938729849,5,-1.98575344551033e-06,1.7451331975119471e-15,3.4370503027157554e-11,2.232803924681526e-11,7
7.925,4.0,2.1148657810574607e-06,-2.772547057291594e-08,29.429999999992475,3.999999999973388,0.27183146449027595,4,-3.2791054444571144e-06,6.463087025858674e-06,2.0526732845520053e-08,19.619185754066528,3.9999999999725206,0.407764119277318,6,-3.0922249439485627e-06,9.22752673899835e-06,2.06674310776171e-09,9.808970377030594,3.999999999975385,0.815579993868078,5,-1.98575350573299e-06,-5.286035569203735e-16,3.4335975979270135e-11,2.2303758225177495e-11,7
7.930000000000001,4.0,2.114727153714022e-06,-2.77254666222821e-08,29.42999999998851,3.9999999999728972,0.27183146449027923,4,-3.2791054444571144e-06,6.463189659615736e-06,2.0526764578091556e-08,19.619185754071125,3.99999999997419,0.4077641192773926,6,-3.0922247723427776e-06,9.227537072978672e-06,2.0668227642941295e-09,9.808970377038001,3.9999999999828857,0.8155799938689914,5,-1.985753565844628e-06,4.1819463847996e-16,3.431329012607415e-11,2.229128287109439e-11,7
7.9350000000000005,4.0,2.114588526376716e-06,-2.7725468005119218e-08,29.429999999999893,3.999999999946847,0.2718314644884038,4,-3.279105444470992e-06,6.463292293523311e-06,2.0526797252335695e-08,19.619185754091987,3.9999999999488045,0.4077641192743712,6,-3.092224600910465e-06,9.227547407361522e-06,2.0669321741155552e-09,9.80897037707145,3.999999999959708,0.8155799938614844,5,-1.9857536258938158e-06,-7.51856771996036e-15,3.425923381109436e-11,2.2264161454870426e-11,7
7.94,4.0,2.1144498990581898e-06,-2.772546212073953e-08,29.42999999999018,3.999999999975204,0.27183146449042056,4,-3.279105444491809e-06,6.4633949276258055e-06,2.0526832926537976e-08,19.619185754091895,3.999999999975323,0.4077641192770764,6,-3.0922244296308077e-06,9.227557742315269e-06,2.0670206492951234e-09,9.80897037708035,3.999999999981303,0.8155799938651476,5,-1.985753685797287e-06,-2.9853050658109207e-15,3.4246156272042697e-11,2.226216660613978e-11,7
7.945,4.0,2.1143112717499386e-06,-2.7725461102958747e-08,29.430000000002913,3.9999999999734865,0.27183146449018625,4,-3.2791054444952783e-06,6.463497561858226e-06,2.0526855683441893e-08,19.61918575411468,3.999999999973499,0.40776411927641687,6,-3.0922242584760506e-06,9.227568077670797e-06,2.067104398378088e-09,9.808970377110487,3.9999999999773586,0.8155799938618375,5,-1.98575374562443e-06,-1.5322451711815161e-15,3.42227350071152e-11,2.2269511841670704e-11,7
7.95,4.0,2.114172644450633e-06,-2.7725458938366044e-08,29.429999999990038,3.999999999972589,0.2718314644902442,4,-3.2791054444952783e-06,6.463600196219213e-06,2.0526883170923448e-08,19.6191857541103,3.999999999973321,0.40776411927648976,6,-3.0922240874461937e-06,9.227578413412524e-06,2.0671760070813694e-09,9.808970377117143,3.999999999980745,0.8155799938619746,5,-1.9857538053683066e-06,1.071893955379251e-15,3.419661900886234e-11,2.2252313154751632e-11,7
7.955,4.0,2.114034017157891e-06,-2.7725458191099572e-08,29.429999999985448,3.9999999999657976,0.27183146448982504,4,-3.2791054444952783e-06,6.46370283071404e-06,2.0526911639447708e-08,19.619185754115914,3.99999999996594,0.40776411927562073,6,-3.0922239165689924e-06,9.227588749543814e-06,2.0672634664046534e-09,9.808970377136752,3.999999999972655,0.8155799938586946,5,-1.9857538650219775e-06,-7.240028092544023e-16,3.4159679668387006e-11,2.2234377279744205e-11,7
7.96,4.0,2.1138953898836547e-06,-2.7725456882994778e-08,29.429999999999776,3.9999999999746287,0.27183146449029283,4,-3.2791054444952783e-06,6.463805465332953e-06,2.0526927317038803e-08,19.619185754138822,3.9999999999734874,0.40776411927591394,6,-3.0922237458583246e-06,9.227599085914742e-06,2.0673010175282686e-09,9.808970377165448,3.9999999999755866,0.8155799938569065,5,-1.985753924696465e-06,-8.838749248004249e-16,3.413163632296339e-11,2.22088137284684e-11,7
7.965,4.0,2.1137567626055088e-06,-2.7725454148131376e-08,29.429999999992056,3.9999999999613456,0.27183146448946144,4,-3.2791054444952783e-06,6.463908100070364e-06,2.052696237308205e-08,19.619185754140357,3.999999999961839,0.40776411927469464,6,-3.0922235752864347e-06,9.227609422745502e-06,2.06741050170264e-09,9.80897037717818,3.999999999969644,0.8155799938546361,5,-1.985753984211358e-06,1.1465009426340614e-15,3.410471030599176e-11,2.2210201063159973e-11,7
7.97,4.0,2.1136181353463207e-06,-2.7725451188995953e-08,29.429999999994884,3.999999999969475,0.2718314644899878,4,-3.279105444491809e-06,6.464010734984729e-06,2.052699485918495e-08,19.619185754152742,3.9999999999694626,0.4077641192752144,6,-3.0922234048672004e-06,9.227619760058488e-06,2.0674986833508227e-09,9.80897037719889,3.999999999974941,0.8155799938539943,5,-1.9857540436499233e-06,-2.4118214530703722e-17,3.4070877813628545e-11,2.2196340150742133e-11,7
7.9750000000000005,4.0,2.1134795081043942e-06,-2.7725449348743872e-08,29.42999999998908,3.9999999999852713,0.2718314644911149,4,-3.279105444491809e-06,6.464113370033341e-06,2.0527013496599674e-08,19.619185754156646,3.999999999983403,0.4077641192765543,6,-3.0922232346006218e-06,9.227630097669082e-06,2.0675360127764622e-09,9.808970377215305,3.999999999982875,0.8155799938542471,5,-1.985754103046855e-06,-9.353892731430322e-16,3.4038599633499806e-11,2.2159528707959242e-11,7
7.98,4.0,2.113340880857005e-06,-2.7725448166749903e-08,29.42999999998934,3.9999999999624096,0.27183146448955886,4,-3.279105444491809e-06,6.464216005185542e-06,2.0527043543623955e-08,19.61918575416557,3.9999999999629203,0.4077641192742808,6,-3.09222306447976e-06,9.227640435689219e-06,2.0676488001126095e-09,9.80897037723459,3.9999999999695275,0.8155799938499221,5,-1.9857541623258257e-06,8.995873419574266e-16,3.4009943444966605e-11,2.2169060638759464e-11,7
7.985,4.0,2.1132022536272033e-06,-2.7725444403288438e-08,29.429999999984236,3.9999999999695377,0.2718314644900904,4,-3.279105444491809e-06,6.464318640519672e-06,2.0527081276510092e-08,19.619185754169308,3.9999999999703304,0.40776411927495854,6,-3.0922228945115537e-06,9.22765077422446e-06,2.067741135377467e-09,9.80897037724331,3.9999999999784093,0.815579993851008,5,-1.985754221493774e-06,8.072167863086136e-16,3.398076500752262e-11,2.2147909557872723e-11,7
7.99,4.0,2.113063626417982e-06,-2.7725441509671136e-08,29.429999999996305,4.000000000002068,0.2718314644921896,4,-3.279105444491809e-06,6.464421275997662e-06,2.052709974164163e-08,19.619185754191733,3.9999999999977742,0.4077641192772901,6,-3.092222724709881e-06,9.227661113086115e-06,2.0677756914569476e-09,9.8089703772776,3.9999999999900053,0.8155799938505213,5,-1.985754280620089e-06,-1.1683716654901942e-17,3.39478793133548e-11,2.2115963556472948e-11,7
7.995,4.0,2.112924999202058e-06,-2.772544136793023e-08,29.429999999996305,3.9999999999661227,0.2718314644897468,4,-3.279105444491809e-06,6.464523911565479e-06,2.0527127651690388e-08,19.619185754199314,3.999999999968116,0.40776411927410916,6,-3.092222555046986e-06,9.227671452282682e-06,2.0678777222786364e-09,9.80897037728855,3.999999999977361,0.8155799938470328,5,-1.985754339677015e-06,1.2690695645526788e-15,3.392280958928035e-11,2.211857657738371e-11,7
8.0,4.0,2.1127863720014404e-06,-2.7725438667136797e-08,29.42999999998827,3.9999999999661466,0.2718314644898227,4,-3.2791054444883394e-06,6.464626547304732e-06,2.0527161237825124e-08,19.619185754201183,3.999999999967274,0.4077641192739845,6,-3.0922223855575637e-06,9.227681791985338e-06,2.0679797265067687e-09,9.808970377306474,3.9999999999745994,0.8155799938449794,5,-1.985754398609041e-06,-2.7670928209504248e-17,3.38857476801831e-11,2.2108618320942028e-11,7
8.005,4.0,2.112647744821796e-06,-2.7725437486042148e-08,29.42999999999921,3.9999999999841265,0.27183146449094353,4,-3.2791054444883394e-06,6.464729183184243e-06,2.0527178188593027e-08,19.619185754220368,3.999999999982064,0.40776411927509343,6,-3.092222216206919e-06,9.227692131976533e-06,2.0680126022867737e-09,9.808970377329963,3.999999999981836,0.8155799938445017,5,-1.985754457527189e-06,-1.022779154643148e-16,3.385681793269663e-11,2.207501320225425e-11,7
8.01,4.0,2.112509117635353e-06,-2.7725435785424103e-08,29.42999999999066,3.9999999999602607,0.2718314644894006,4,-3.2791054444883394e-06,6.464831819161849e-06,2.0527211128950298e-08,19.619185754221135,3.999999999961641,0.40776411927299555,6,-3.092222047022808e-06,9.227702472370846e-06,2.068122139314327e-09,9.808970377341051,3.9999999999722746,0.8155799938416304,5,-1.985754516320437e-06,1.0985393079702544e-15,3.382995764092806e-11,2.207526011585493e-11,7
8.015,4.0,2.112370490467901e-06,-2.7725432126683218e-08,29.429999999984894,3.9999999999680944,0.27183146448998624,4,-3.27910544448487e-06,6.464934455316348e-06,2.0527244521952764e-08,19.619185754224908,3.9999999999693205,0.4077641192737,6,-3.0922218779705357e-06,9.227712813255998e-06,2.068210359808003e-09,9.808970377356506,3.999999999977903,0.815579993841493,5,-1.9857545750304184e-06,1.695046809639234e-16,3.379445004406529e-11,2.205756049630715e-11,7
8.02,4.0,2.1122318633170537e-06,-2.7725425098933245e-08,29.429999999964878,3.999999999998016,0.2718314644922045,4,-3.27910544448487e-06,6.465037091622805e-06,2.0527274176521514e-08,19.619185754212097,4.000000000003693,0.4077641192774702,6,-3.092221709091736e-06,9.227723154531826e-06,2.06825143395721e-09,9.808970377349123,4.000000000016528,0.8155799938499823,5,-1.985754633664072e-06,9.635361881758354e-16,3.376421822701554e-11,2.2014395025109724e-11,7
8.025,4.0,2.1120932361662214e-06,-2.772543054856837e-08,29.429999999997627,3.9999999999628413,0.2718314644895116,4,-3.27910544448487e-06,6.465139728007739e-06,2.052728697577919e-08,19.619185754254275,3.9999999999631806,0.4077641192724637,6,-3.0922215403725306e-06,9.22773349604775e-06,2.068347232047254e-09,9.808970377403458,3.9999999999701816,0.8155799938360146,5,-1.985754692263031e-06,1.2690695645526786e-15,3.37324267686608e-11,2.2032966835865654e-11,7
8.03,4.0,2.1119546090258174e-06,-2.7725426590665507e-08,29.429999999990564,3.9999999999660663,0.27183146448979606,4,-3.2791054444814005e-06,6.465242364557821e-06,2.052732483745601e-08,19.619185754256534,3.99999999996664,0.4077641192727694,6,-3.092221371799042e-06,9.227743838085781e-06,2.0684453578561805e-09,9.80897037741538,3.999999999974235,0.8155799938358499,5,-1.98575475073709e-06,9.955106112850402e-16,3.3701594542999327e-11,2.2013396712565978e-11,7
8.035,4.0,2.111815981901053e-06,-2.7725424329030185e-08,29.42999999999815,3.999999999971868,0.27183146449012024,4,-3.2791054444814005e-06,6.4653450012705955e-06,2.052735295043684e-08,19.61918575427332,3.9999999999717,0.4077641192729363,6,-3.092221203392087e-06,9.227754180582473e-06,2.068533213554458e-09,9.808970377439053,3.999999999975752,0.8155799938341909,5,-1.9857548090931876e-06,-4.913000632929695e-16,3.3669605909035404e-11,2.2005785023509148e-11,7
8.040000000000001,4.0,2.111677354788259e-06,-2.7725424886226688e-08,29.430000000000895,3.99999999996561,0.2718314644896696,4,-3.2791054444814005e-06,6.465447638073368e-06,2.052736635318362e-08,19.61918575428418,3.9999999999649694,0.4077641192720245,6,-3.0922210351377877e-06,9.227764523245059e-06,2.0685742791019892e-09,9.808970377461769,3.999999999969175,0.8155799938309611,5,-1.9857548674839798e-06,6.775427370323954e-16,3.3639288826857355e-11,2.1979971005918985e-11,7
8.045,4.0,2.111538727675643e-06,-2.7725421234680084e-08,29.429999999986652,3.999999999961433,0.27183146448951734,4,-3.279105444477931e-06,6.465550275014491e-06,2.0527403279043578e-08,19.619185754279247,3.9999999999622737,0.40776411927185224,6,-3.092220867043083e-06,9.227774866428281e-06,2.0686802911027056e-09,9.808970377468048,3.999999999970497,0.8155799938307086,5,-1.9857549257151774e-06,-4.188178292470623e-17,3.360460368321122e-11,2.1969693005246215e-11,7
8.05,4.0,2.1114001005893356e-06,-2.7725415851915756e-08,29.42999999998878,4.0000000000059135,0.27183146449252044,4,-3.279105444477931e-06,6.465652912127591e-06,2.052742795772179e-08,19.619185754291067,4.0000000000019496,0.4077641192756512,6,-3.0922206991149115e-06,9.22778520999285e-06,2.068712724558312e-09,9.808970377491493,3.999999999994081,0.8155799938335679,5,-1.985754983897803e-06,-7.932807259910122e-16,3.3571229490912577e-11,2.192454689617286e-11,7
8.055,4.0,2.111261473497234e-06,-2.7725417963406998e-08,29.42999999999938,3.9999999999617235,0.27183146448941947,4,-3.279105444477931e-06,6.4657555493207345e-06,2.0527450665219827e-08,19.619185754309242,3.999999999962545,0.4077641192712565,6,-3.0922205313393958e-06,9.227795553852706e-06,2.068816062747756e-09,9.808970377511686,3.999999999970023,0.8155799938269837,5,-1.985755042024917e-06,-8.131002976101409e-18,3.354368885447452e-11,2.1935222800777656e-11,7
8.06,4.0,2.1111228464206464e-06,-2.7725413502100883e-08,29.429999999979522,3.9999999999710485,0.2718314644902366,4,-3.2791054444744616e-06,6.465858186679101e-06,2.05274852598699e-08,19.61918575429837,3.9999999999720757,0.407764119272454,6,-3.0922203637165357e-06,9.227805898229835e-06,2.068907877217172e-09,9.808970377515848,3.999999999979833,0.8155799938286378,5,-1.9857551000201923e-06,2.6365159345213693e-16,3.350948865624554e-11,2.191893538491719e-11,7
8.065,4.0,2.1109842193568235e-06,-2.7725411996214402e-08,29.429999999996838,3.9999999999702833,0.27183146449002465,4,-3.2791054444744616e-06,6.465960824190452e-06,2.0527514256243965e-08,19.61918575432437,3.9999999999706195,0.4077641192717652,6,-3.0922201962532703e-06,9.227816243031488e-06,2.0689924100491917e-09,9.808970377543478,3.9999999999771587,0.8155799938257952,5,-1.985755157925262e-06,-4.2912757391396077e-16,3.347859603445153e-11,2.1904969667445825e-11,7
8.07,4.0,2.1108455923056544e-06,-2.7725411976648454e-08,29.42999999999908,3.999999999966149,0.271831464489723,4,-3.2791054444744616e-06,6.466063461791874e-06,2.0527527291324338e-08,19.6191857543342,3.9999999999663287,0.4077641192711235,6,-3.092220028970416e-06,9.22782658800039e-06,2.0690333104655115e-09,9.808970377562186,3.999999999972873,0.8155799938233658,5,-1.9857552158303315e-06,7.61031508484207e-16,3.344858803836354e-11,2.1879438090593126e-11,7
8.075,4.0,2.1107069652529365e-06,-2.7725411279779258e-08,29.430000000032102,3.999999999953793,0.2718314644885783,4,-3.279105444470992e-06,6.466166099522848e-06,2.0527554603986177e-08,19.61918575437911,3.999999999952373,0.40776411926876743,6,-3.0922198618263397e-06,9.227836933509888e-06,2.0691696627919318e-09,9.808970377625236,3.999999999950548,0.8155799938135715,5,-1.985755273561929e-06,-9.300602026248315e-16,3.3408731919957916e-11,2.1917912203377695e-11,7
8.08,4.0,2.110568338222908e-06,-2.7725404244000045e-08,29.42999999998398,3.9999999999807896,0.27183146449085743,4,-3.279105444470992e-06,6.46626873743909e-06,2.0527595089828337e-08,19.619185754336744,3.999999999981131,0.40776411927257955,6,-3.0922196948626746e-06,9.227847279585178e-06,2.069236657122836e-09,9.808970377589027,3.999999999985012,0.8155799938236091,5,-1.9857553310853593e-06,-3.580733003379508e-16,3.337939716311206e-11,2.1868669815432682e-11,7
8.085,4.0,2.1104297112086e-06,-2.77254048629721e-08,29.43000000000227,3.999999999989742,0.27183146449129686,4,-3.279105444470992e-06,6.466371375466433e-06,2.0527605846519632e-08,19.619185754363425,3.9999999999869944,0.40776411927262274,6,-3.092219528051665e-06,9.227857625812166e-06,2.069255053911687e-09,9.80897037762329,3.999999999983022,0.8155799938203546,5,-1.985755388719812e-06,3.666802901373515e-16,3.334850631767489e-11,2.182603547493024e-11,7
8.09,4.0,2.110291084182227e-06,-2.7725402743775804e-08,29.430000000004764,3.999999999956184,0.2718314644889933,4,-3.279105444491809e-06,6.466474013604847e-06,2.052764721467273e-08,19.61918575437312,3.9999999999580793,0.4077641192694736,6,-3.0922193614418836e-06,9.227867972434406e-06,2.0693736551270857e-09,9.808970377635198,3.999999999968904,0.8155799938164858,5,-1.9857554462571203e-06,-6.255578007146781e-15,3.329969736079869e-11,2.1796823286706303e-11,7
8.095,4.0,2.1101524571824627e-06,-2.7725398629425696e-08,29.429999999992976,3.999999999975154,0.27183146449039136,4,-3.279105444509156e-06,6.466576651935858e-06,2.052767666499403e-08,19.61918575437015,3.9999999999755294,0.40776411927131423,6,-3.0922191949986355e-06,9.227878319579312e-06,2.0694588296963407e-09,9.808970377645267,3.999999999981033,0.8155799938181217,5,-1.985755503704223e-06,-1.4736253954813066e-15,3.327699907310484e-11,2.1791847711199144e-11,7
8.1,4.0,2.110013830199302e-06,-2.772539872965538e-08,29.429999999995246,3.9999999999886944,0.27183146449129053,4,-3.279105444509156e-06,6.466679290354256e-06,2.052768313901581e-08,19.619185754381217,3.999999999986436,0.4077641192721961,6,-3.0922190286872264e-06,9.227888666896894e-06,2.069472873793844e-09,9.808970377668082,3.9999999999847264,0.8155799938169778,5,-1.9857555611652034e-06,-7.506481618454047e-16,3.3250540237981966e-11,2.1765179265969223e-11,7
8.105,4.0,2.1098752032058746e-06,-2.7725396982769936e-08,29.429999999988226,3.9999999999614833,0.2718314644895062,4,-3.279105444509156e-06,6.4667819288577845e-06,2.0527715249402653e-08,19.619185754382876,3.9999999999620783,0.40776411926967854,6,-3.0922188625145952e-06,9.227899014613203e-06,2.0695870279024857e-09,9.808970377681558,3.9999999999700018,0.8155799938128551,5,-1.9857556184665892e-06,1.2424242119616764e-15,3.322067257408429e-11,2.1772812271308123e-11,7
8.11,4.0,2.1097365762334186e-06,-2.7725393612665497e-08,29.4299999999986,3.9999999999703224,0.27183146449001105,4,-3.279105444509156e-06,6.466884567535016e-06,2.0527746594256953e-08,19.619185754402174,3.9999999999709503,0.40776411927018186,6,-3.0922186965223752e-06,9.227909362799885e-06,2.069671685899713e-09,9.80897037770379,3.9999999999767386,0.8155799938123801,5,-1.9857556756847083e-06,-1.2359419753711621e-16,3.318806932065394e-11,2.175204843621237e-11,7
8.115,4.0,2.1095979492801042e-06,-2.77253890284092e-08,29.42999999998469,4.000000000006442,0.27183146449259415,4,-3.279105444509156e-06,6.466987206350218e-06,2.0527767738293738e-08,19.61918575439634,4.000000000002651,0.4077641192735347,6,-3.0922185306966887e-06,9.227919711330131e-06,2.069704164379365e-09,9.808970377714555,3.9999999999952447,0.8155799938152584,5,-1.9857557328334385e-06,4.288527795163617e-16,3.31514586061939e-11,2.1713751959111738e-11,7
8.120000000000001,4.0,2.1094593223198264e-06,-2.772539179667996e-08,29.429999999998522,3.999999999958607,0.27183146448921564,4,-3.2791054445056866e-06,6.467089845233562e-06,2.052778870818551e-08,19.619185754419963,3.9999999999591718,0.4077641192686114,6,-3.0922183650305968e-06,9.227930060162073e-06,2.069814546568619e-09,9.808970377738067,3.9999999999673665,0.8155799938076193,5,-1.9857557898850242e-06,3.8444385853135545e-16,3.312465693420104e-11,2.1730938211532934e-11,7
8.125,4.0,2.1093206953759175e-06,-2.772538667204017e-08,29.429999999985252,3.9999999999693823,0.27183146449007045,4,-3.2791054445056866e-06,6.467192484293347e-06,2.0527826726617186e-08,19.61918575441331,3.9999999999704148,0.4077641192698958,6,-3.092218199537977e-06,9.22794040955802e-06,2.0699128396932427e-09,9.80897037774472,3.9999999999787508,0.8155799938093873,5,-1.985755846742321e-06,-4.365813976410493e-17,3.308803200888628e-11,2.1712547589174625e-11,7
8.13,4.0,2.109182068450019e-06,-2.772538488466767e-08,29.429999999987015,3.999999999984941,0.2718314644911115,4,-3.2791054445056866e-06,6.467295123507569e-06,2.0527852502558732e-08,19.61918575442492,3.999999999983279,0.40776411927096595,6,-3.0922180341980132e-06,9.227950759301966e-06,2.0699680048699177e-09,9.80897037777263,3.9999999999809046,0.8155799938075058,5,-1.985755903641251e-06,6.079851739102154e-18,3.305176590765309e-11,2.1662132805715604e-11,7
8.135,4.0,2.109043441530104e-06,-2.772538583289718e-08,29.429999999987942,3.9999999999646683,0.2718314644897253,4,-3.2791054445056866e-06,6.467397762782968e-06,2.0527862217507227e-08,19.619185754432273,3.999999999965139,0.40776411926896383,6,-3.0922178690315216e-06,9.227961109165976e-06,2.0700122042269048e-09,9.808970377782398,3.999999999973558,0.8155799938051957,5,-1.9857559605471198e-06,1.26729320771328e-15,3.302307241562626e-11,2.165835804743188e-11,7
8.14,4.0,2.1089048146138568e-06,-2.772537834871814e-08,29.42999999993806,3.9999999999700746,0.2718314644905534,4,-3.279105444502217e-06,6.467500402216705e-06,2.052791066968826e-08,19.619185754389147,3.9999999999747335,0.4077641192708383,6,-3.0922177040246246e-06,9.22797145958628e-06,2.0700979922768184e-09,9.80897037774193,3.9999999999972187,0.8155799938133846,5,-1.985756017300333e-06,1.7948711890151546e-15,3.299146569838281e-11,2.1603047624523472e-11,7
8.145,4.0,2.108766187715602e-06,-2.7725378640841616e-08,29.429999999994564,3.9999999999733866,0.2718314644902566,4,-3.279105444502217e-06,6.467603041797309e-06,2.0527925271167787e-08,19.619185754454723,3.999999999974379,0.40776411926943923,6,-3.092217539198139e-06,9.227981810363216e-06,2.070186428288535e-09,9.808970377818664,3.9999999999815397,0.8155799938038077,5,-1.9857560740327296e-06,2.4411166821873594e-16,3.295321007748949e-11,2.162254136447905e-11,7
8.15,4.0,2.1086275608284656e-06,-2.7725379169386244e-08,29.430000000003893,3.999999999969903,0.27183146448993367,4,-3.2791054444987477e-06,6.4677056814644295e-06,2.0527937920644852e-08,19.619185754471967,3.9999999999694813,0.4077641192685815,6,-3.0922173745312476e-06,9.227992161413063e-06,2.0702407768526736e-09,9.808970377842167,3.999999999974426,0.815579993800403,5,-1.985756130647165e-06,1.8108584005697567e-15,3.292671926794352e-11,2.161463657654372e-11,7
8.155,4.0,2.1084889339442548e-06,-2.7725376386753463e-08,29.429999999988404,3.999999999964791,0.27183146448972934,4,-3.2791054444987477e-06,6.467808321267379e-06,2.0527971419323893e-08,19.619185754465168,3.9999999999650346,0.40776411926826955,6,-3.092217210023951e-06,9.228002512834959e-06,2.0703218576608726e-09,9.808970377851466,3.9999999999722613,0.8155799937991886,5,-1.9857561872407836e-06,-2.9412445411954014e-16,3.2884768824824233e-11,2.1573155091630045e-11,7
8.16,4.0,2.1083503070719913e-06,-2.7725372185960046e-08,29.429999999994656,3.999999999972059,0.2718314644901655,4,-3.2791054444987477e-06,6.4679109612184e-06,2.052800248565163e-08,19.619185754479737,3.9999999999729074,0.40776411926876927,6,-3.0922170456901266e-06,9.228012864806292e-06,2.0704313622898648e-09,9.808970377872551,3.999999999978615,0.8155799937987308,5,-1.9857562436192966e-06,-3.065589519953419e-16,3.285569163972009e-11,2.1587630623514317e-11,7
8.165000000000001,4.0,2.1082116802253303e-06,-2.7725362247772653e-08,29.429999999917722,4.000000000013504,0.2718314644936926,4,-3.2791054444952783e-06,6.468013601313414e-06,2.052803514412867e-08,19.619185754408356,4.0000000000220215,0.40776411927525963,6,-3.092216881515897e-06,9.228023217070556e-06,2.0704144708411632e-09,9.808970377805618,4.000000000044295,0.815579993817688,5,-1.985756300025565e-06,4.086371511841477e-15,3.2829705315516505e-11,2.148671756782483e-11,7
8.17,4.0,2.1080730533665346e-06,-2.7725371737978737e-08,29.430000000000668,3.999999999955922,0.27183146448901335,4,-3.2791054444952783e-06,6.4681162414607596e-06,2.0528040502946422e-08,19.619185754502354,3.9999999999574527,0.40776411926672373,6,-3.0922167175220783e-06,9.228033569490836e-06,2.0705369488952974e-09,9.808970377911324,3.9999999999659055,0.8155799937929157,5,-1.9857563564457115e-06,-9.531528415370333e-16,3.2785323039884095e-11,2.1526179335012103e-11,7
8.175,4.0,2.1079344265235023e-06,-2.7725366587928463e-08,29.429999999989683,3.9999999999640163,0.2718314644896649,4,-3.2791054444952783e-06,6.468218881775079e-06,2.052807646986402e-08,19.619185754497853,3.999999999965462,0.4077641192676338,6,-3.092216553694793e-06,9.228043922511541e-06,2.0706449029052073e-09,9.808970377918035,3.9999999999743867,0.815579993794087,5,-1.9857564126229965e-06,1.9259731987612826e-16,3.275414797735262e-11,2.153181216254984e-11,7
8.18,4.0,2.1077957997009863e-06,-2.772536484757234e-08,29.430000000000454,3.999999999977912,0.2718314644905097,4,-3.279105444491809e-06,6.4683215222426626e-06,2.0528098765015367e-08,19.619185754516835,3.99999999997791,0.40776411926850825,6,-3.0922163900271027e-06,9.228054275871112e-06,2.070699015996443e-09,9.808970377946832,3.9999999999801568,0.815579993792869,5,-1.9857564688141593e-06,8.853764872422257e-16,3.272032791948727e-11,2.1492146114326034e-11,7
8.185,4.0,2.107657172882783e-06,-2.7725365753725805e-08,29.43000000000397,3.999999999963828,0.2718314644895201,4,-3.279105444491809e-06,6.468424162784208e-06,2.0528113019333974e-08,19.61918575452855,3.9999999999631672,0.4077641192667618,6,-3.0922162265328845e-06,9.228064629468581e-06,2.070761203409094e-09,9.808970377967842,3.9999999999667066,0.8155799937883796,5,-1.9857565249359332e-06,-6.938047429845969e-16,3.2680047251797034e-11,2.148026051071361e-11,7
8.19,4.0,2.1075185460733775e-06,-2.7725359664887856e-08,29.42999999998752,3.999999999984603,0.27183146449108386,4,-3.279105444491809e-06,6.4685268034759325e-06,2.052815156263521e-08,19.61918575452138,3.9999999999837135,0.4077641192690054,6,-3.0922160632190776e-06,9.22807498351487e-06,2.070828475977632e-09,9.8089703779758,3.9999999999819593,0.8155799937908279,5,-1.9857565809605626e-06,-5.623543368689785e-16,3.264841033648732e-11,2.1423887826415244e-11,7
8.195,4.0,2.1073799192727997e-06,-2.7725359052132757e-08,29.429999999992198,3.9999999999664717,0.2718314644898085,4,-3.279105444491809e-06,6.4686294442906465e-06,2.0528174210007214e-08,19.619185754531834,3.999999999967314,0.4077641192671163,6,-3.0922159000509875e-06,9.228085337972952e-06,2.0709320876968885e-09,9.808970377986656,3.999999999975106,0.8155799937885281,5,-1.9857566368949864e-06,1.661644426060135e-15,3.261888195674597e-11,2.1449803096345255e-11,7
8.2,4.0,2.107241292489804e-06,-2.7725357807095813e-08,29.429999999980772,3.9999999999693445,0.27183146449010925,4,-3.2791054444883394e-06,6.468732085206975e-06,2.052819163461556e-08,19.61918575452906,3.9999999999697313,0.4077641192674204,6,-3.0922157370841252e-06,9.228095692650009e-06,2.0709682119987533e-09,9.80897037799693,3.9999999999768967,0.8155799937880388,5,-1.9857566927877768e-06,-8.00386153348612e-16,3.258111661034032e-11,2.1410646862534356e-11,7
8.205,4.0,2.1071026657079043e-06,-2.7725355484732603e-08,29.429999999999517,3.99999999996141,0.27183146448939693,4,-3.2791054444883394e-06,6.468834726258776e-06,2.0528221141743047e-08,19.61918575455511,3.9999999999629097,0.4077641192661835,6,-3.0922155742699187e-06,9.228106047732052e-06,2.0710643956636908e-09,9.808970378024027,3.999999999971804,0.8155799937847474,5,-1.9857567486528116e-06,-1.0881559613314525e-15,3.2551009138269315e-11,2.1401091839095223e-11,7
8.21,4.0,2.106964038942428e-06,-2.772535257921259e-08,29.42999999999919,3.9999999999740345,0.27183146449025786,4,-3.2791054444883394e-06,6.468937367450659e-06,2.052824671243795e-08,19.61918575456222,3.999999999973666,0.4077641192671323,6,-3.0922154116222456e-06,9.228116403297956e-06,2.071147269489075e-09,9.808970378044158,3.999999999976697,0.8155799937840713,5,-1.9857568043166185e-06,1.4285932837292113e-16,3.251858529687974e-11,2.1396201528716357e-11,7
8.215,4.0,2.1068254121962285e-06,-2.7725349269342055e-08,29.43000000000343,4.000000000010297,0.271831464492683,4,-3.27910544448487e-06,6.469040008770929e-06,2.0528265952202026e-08,19.619185754575977,4.000000000005018,0.40776411927004247,6,-3.092215249148045e-06,9.228126759109701e-06,2.0711544867101097e-09,9.808970378070057,3.999999999992702,0.8155799937851812,5,-1.9857568600359365e-06,-1.1254594549588576e-15,3.24774661887613e-11,2.1320603334345162e-11,7
8.22,4.0,2.106686785438646e-06,-2.7725350816158375e-08,29.429999999998707,3.9999999999580313,0.2718314644891748,4,-3.27910544448487e-06,6.469142650152917e-06,2.0528289103405818e-08,19.619185754577416,3.9999999999585247,0.40776411926527295,6,-3.0922150868473164e-06,9.228137115210979e-06,2.0712689215025614e-09,9.808970378075276,3.999999999966267,0.8155799937793573,5,-1.98575691565811e-06,-1.1609865917468626e-15,3.2446335535150817e-11,2.1344742247435776e-11,7
8.225,4.0,2.1065481587036833e-06,-2.772534278599557e-08,29.429999999947853,3.999999999980396,0.27183146449116435,4,-3.2791054444814005e-06,6.469245291708608e-06,2.052833024693149e-08,19.619185754532857,3.9999999999841926,0.4077641192688157,6,-3.0922149247061825e-06,9.228147471841712e-06,2.0713312390747487e-09,9.808970378032587,4.000000000002558,0.8155799937903063,5,-1.985756971120689e-06,1.871254533109365e-15,3.2421111268031325e-11,2.1291424896901178e-11,7
8.23,4.0,2.106409531982153e-06,-2.7725339600097737e-08,29.42999999995888,3.999999999992557,0.27183146449188894,4,-3.2791054444814005e-06,6.4693479333855535e-06,2.052834744260489e-08,19.6191857545522,3.9999999999989946,0.4077641192699226,6,-3.092214762752399e-06,9.228157828744974e-06,2.071382904760567e-09,9.808970378067603,4.000000000014742,0.8155799937898792,5,-1.985757026583268e-06,-1.3780505225231843e-16,3.237835435890696e-11,2.127464720655304e-11,7
8.235,4.0,2.106270905261882e-06,-2.7725343732656115e-08,29.429999999994106,3.9999999999645954,0.2718314644896634,4,-3.27910544448487e-06,6.469450575144724e-06,2.0528362433106554e-08,19.619185754596337,3.9999999999651736,0.4077641192655575,6,-3.0922146009651486e-06,9.228168185961466e-06,2.0714847801954687e-09,9.808970378121106,3.9999999999715863,0.8155799937766313,5,-1.985757081920947e-06,-9.460474141794325e-16,3.234285031475786e-11,2.1283930447395747e-11,7
8.24,4.0,2.1061322785564084e-06,-2.7725341327781208e-08,29.430000000004885,3.9999999999674545,0.2718314644897581,4,-3.27910544448487e-06,6.469553217055984e-06,2.0528389782015097e-08,19.61918575461411,3.999999999967154,0.4077641192653899,6,-3.092214439337493e-06,9.228178543555542e-06,2.0715572739557848e-09,9.808970378146537,3.9999999999708846,0.8155799937743737,5,-1.9857571372863814e-06,6.02935749777586e-16,3.2311666370442195e-11,2.1257201606033293e-11,7
8.245000000000001,4.0,2.1059936518607458e-06,-2.7725338019775963e-08,29.42999999999545,3.9999999999750893,0.2718314644903641,4,-3.27910544448487e-06,6.469655859093272e-06,2.0528417358579858e-08,19.619185754612946,3.9999999999749827,0.40776411926621225,6,-3.0922142778971873e-06,9.22818890160735e-06,2.0716438207837186e-09,9.80897037815721,3.999999999977665,0.8155799937748688,5,-1.985757192450588e-06,-3.8329069245904577e-17,3.227413727949619e-11,2.1248433508674014e-11,7
8.25,4.0,2.1058550251856855e-06,-2.7725336051234263e-08,29.429999999994962,4.00000000000067,0.271831464492107,4,-3.27910544448487e-06,6.46975850125329e-06,2.0528434152443616e-08,19.619185754620787,3.9999999999968363,0.40776411926827705,6,-3.092214116630354e-06,9.228199259879381e-06,2.071652861027333e-09,9.808970378178651,3.9999999999879297,0.815579993775179,5,-1.9857572476633667e-06,-9.158493479096285e-16,3.2237318731285945e-11,2.1177039950941678e-11,7
8.255,4.0,2.105716398501544e-06,-2.7725335441012898e-08,29.429999999995765,3.9999999999659366,0.2718314644897392,4,-3.27910544448487e-06,6.469861143483533e-06,2.0528457109262956e-08,19.619185754626972,3.9999999999669074,0.4077641192650975,6,-3.0922139555231154e-06,9.228209618473001e-06,2.0717606879934148e-09,9.80897037818653,3.999999999974046,0.8155799937716931,5,-1.98575730278594e-06,9.955106112850412e-16,3.220767844106371e-11,2.1206412011281164e-11,7
8.26,4.0,2.1055777718320385e-06,-2.7725330695955854e-08,29.42999999999585,3.9999999999678693,0.2718314644898697,4,-3.279105444509156e-06,6.469963785903575e-06,2.052850022139707e-08,19.619185754634586,3.9999999999692983,0.407764119265183,6,-3.092213794651799e-06,9.228219977683064e-06,2.071882662950601e-09,9.808970378200566,3.9999999999766187,0.8155799937710506,5,-1.9857573576795295e-06,-5.008575505887805e-15,3.215667745984769e-11,2.1184289263203274e-11,7
8.265,4.0,2.105439145186552e-06,-2.772533090503601e-08,29.430000000003666,3.999999999976393,0.2718314644903768,4,-3.279105444523034e-06,6.470066428460662e-06,2.0528512756669786e-08,19.619185754649457,3.999999999975474,0.40776411926550343,6,-3.0922136339192607e-06,9.228230337126107e-06,2.0719226300388576e-09,9.80897037822454,3.9999999999770637,0.8155799937691479,5,-1.9857574126772026e-06,-1.320858707292885e-15,3.213149937800603e-11,2.1162342374452484e-11,7
8.27,4.0,2.105300518543195e-06,-2.7725330150867527e-08,29.43000000000408,3.9999999999681606,0.27183146448981355,4,-3.279105444523034e-06,6.470169071057466e-06,2.0528525210598277e-08,19.61918575465805,3.9999999999683697,0.40776411926460066,6,-3.092213473339378e-06,9.228240696759892e-06,2.071965779971237e-09,9.808970378239318,3.999999999973345,0.8155799937671611,5,-1.9857574675569145e-06,-1.6622676168272206e-16,3.210340984730459e-11,2.11471811688282e-11,7
8.275,4.0,2.10516189190655e-06,-2.7725327210350058e-08,29.42999999999585,3.999999999970003,0.2718314644900148,4,-3.279105444523034e-06,6.470271713787775e-06,2.0528556337185667e-08,19.619185754658297,3.999999999969326,0.407764119264693,6,-3.0922133129260287e-06,9.228251056791332e-06,2.0720385731647656e-09,9.808970378254145,3.9999999999725224,0.8155799937657605,5,-1.985757522388054e-06,-4.380093581109604e-16,3.2065259031464796e-11,2.110477064928752e-11,7
8.28,4.0,2.1050232652806917e-06,-2.7725323493044778e-08,29.42999999998971,3.9999999999711093,0.2718314644901466,4,-3.279105444523034e-06,6.470374356658221e-06,2.0528585782278484e-08,19.61918575465871,3.9999999999718447,0.4077641192649412,6,-3.0922131527069685e-06,9.228261417299358e-06,2.0721360205119118e-09,9.808970378260433,3.9999999999782516,0.8155799937664058,5,-1.985757577066538e-06,-6.813702451087948e-16,3.203258472376087e-11,2.110812263464347e-11,7
8.285,4.0,2.104884638679202e-06,-2.7725321919318304e-08,29.430000000000952,4.000000000000387,0.2718314644920325,4,-3.2791054445195644e-06,6.470476999643762e-06,2.052859768564472e-08,19.61918575468038,3.9999999999965086,0.40776411926700507,6,-3.092212992647503e-06,9.228271778006215e-06,2.0721400969333977e-09,9.808970378296756,3.9999999999867706,0.8155799937651227,5,-1.9857576317727776e-06,-1.1627629485862627e-15,3.199652823263472e-11,2.1042758032024057e-11,7
8.290000000000001,4.0,2.1047460120653825e-06,-2.772532178699633e-08,29.4299999999904,3.9999999999602216,0.2718314644894004,4,-3.2791054445195644e-06,6.470579642699852e-06,2.052862437692413e-08,19.619185754674128,3.999999999960211,0.4077641192634348,6,-3.0922128327545706e-06,9.22828213904396e-06,2.072253974116369e-09,9.80897037829893,3.999999999967069,0.8155799937609248,5,-1.9857576863888116e-06,-5.623543368689781e-16,3.1959432572757525e-11,2.1058342010576114e-11,7
8.295,4.0,2.1046073854709577e-06,-2.772531787363519e-08,29.429999999993676,3.9999999999679745,0.271831464489897,4,-3.2791054445195644e-06,6.470682285915622e-06,2.0528654725092596e-08,19.619185754684683,3.9999999999681943,0.4077641192640293,6,-3.0922126730559274e-06,9.228292500605585e-06,2.0723525969569375e-09,9.808970378312814,3.9999999999736864,0.8155799937611197,5,-1.9857577408105564e-06,-1.5109288891087117e-15,3.1926440297179337e-11,2.1058173256676372e-11,7
8.3,4.0,2.1044687588940944e-06,-2.7725315595957244e-08,29.429999999994237,3.9999999999769886,0.2718314644905044,4,-3.2791054445195644e-06,6.470784929268544e-06,2.0528675317994714e-08,19.619185754691998,3.9999999999780957,0.4077641192648866,6,-3.09221251350994e-06,9.228302862420764e-06,2.0723934402998994e-09,9.808970378327263,3.9999999999834985,0.8155799937619189,5,-1.985757795315568e-06,-2.959008109589405e-16,3.1895451752116e-11,2.1015702341003152e-11,7
8.305,4.0,2.1043301323228758e-06,-2.7725316311128175e-08,29.429999999990677,3.999999999968976,0.27183146448999274,4,-3.2791054445195644e-06,6.470887572679986e-06,2.0528687359420535e-08,19.61918575469653,3.9999999999682054,0.40776411926378414,6,-3.0922123541443636e-06,9.228313224475359e-06,2.072443270902367e-09,9.808970378342915,3.9999999999720033,0.8155799937582737,5,-1.985757849667924e-06,-7.740891971270954e-17,3.185657085361521e-11,2.099076229097797e-11,7
8.31,4.0,2.1041915057582577e-06,-2.7725310477234014e-08,29.429999999985426,3.9999999999828297,0.2718314644909827,4,-3.2791054445195644e-06,6.470990216231642e-06,2.0528723893728754e-08,19.619185754698933,3.9999999999829585,0.40776411926523815,6,-3.0922121949591985e-06,9.22832358693484e-06,2.0725111753798644e-09,9.808970378356968,3.9999999999843996,0.8155799937596329,5,-1.98575790402028e-06,-4.0070586448355516e-16,3.182173471963773e-11,2.0942825525309917e-11,7
8.315,4.0,2.1040528792042384e-06,-2.7725309491097557e-08,29.429999999997627,3.9999999999726077,0.27183146449017537,4,-3.2791054445195644e-06,6.4710928599084e-06,2.0528745830714903e-08,19.619185754716895,3.99999999997298,0.4077641192638476,6,-3.092212035947506e-06,9.22833394980672e-06,2.072610589064609e-09,9.808970378376717,3.9999999999775215,0.8155799937565884,5,-1.985757958226919e-06,5.372105467197771e-16,3.179180665960752e-11,2.0962649667637624e-11,7
8.32,4.0,2.1039142526699005e-06,-2.772530163930111e-08,29.42999999994973,3.999999999999571,0.2718314644924501,4,-3.2791054445126255e-06,6.4711955037078005e-06,2.0528771829899857e-08,19.61918575467558,4.000000000006018,0.40776411926807427,6,-3.0922118771092855e-06,9.228344313036846e-06,2.0726358854368884e-09,9.808970378345252,4.000000000022286,0.8155799937683318,5,-1.985758012336414e-06,1.8019766163727556e-15,3.1753892099227356e-11,2.0914330985249096e-11,7
8.325,4.0,2.1037756261335233e-06,-2.772530839560345e-08,29.42999999999985,3.9999999999595435,0.271831464489267,4,-3.279105444516095e-06,6.471298147581385e-06,2.0528782055236807e-08,19.619185754732364,3.999999999960074,0.40776411926221046,6,-3.0922117184375986e-06,9.228354676384874e-06,2.0727185426195474e-09,9.808970378410384,3.999999999966991,0.8155799937516419,5,-1.9857580665569308e-06,-7.613063028818057e-16,3.171533627402817e-11,2.090145772723396e-11,7
8.33,4.0,2.103636999608488e-06,-2.7725303800960826e-08,29.42999999999728,3.999999999968849,0.2718314644899231,4,-3.279105444516095e-06,6.471400791593351e-06,2.052881349028914e-08,19.61918575473827,3.999999999968915,0.40776411926298894,6,-3.0922115599671396e-06,9.228365040283319e-06,2.0728198634999493e-09,9.808970378424497,3.9999999999736273,0.8155799937518216,5,-1.9857581205207087e-06,-1.7333218904032283e-16,3.168329612571591e-11,2.0907492011417398e-11,7
8.335,4.0,2.1034983731024853e-06,-2.772529880039865e-08,29.42999999994887,3.9999999999816254,0.2718314644912385,4,-3.2791054445126255e-06,6.4715034357491385e-06,2.0528846148751114e-08,19.619185754696357,3.9999999999841824,0.40776411926541645,6,-3.0922114016423974e-06,9.228375404571643e-06,2.0728642730499564e-09,9.808970378389056,3.9999999999985816,0.8155799937598565,5,-1.9857581744289754e-06,8.97810985118028e-16,3.165327214241637e-11,2.0842679855775042e-11,7
8.34,4.0,2.103359746602365e-06,-2.7725302801205168e-08,29.430000000002046,3.9999999999601776,0.2718314644892898,4,-3.2791054445126255e-06,6.471606079964995e-06,2.0528847565818458e-08,19.61918575475688,3.9999999999604183,0.407764119261736,6,-3.092211243525822e-06,9.228385768923831e-06,2.072920485446203e-09,9.808970378459062,3.9999999999661893,0.8155799937474311,5,-1.985758228420509e-06,-1.3670439851172913e-15,3.161114761632683e-11,2.084315769576484e-11,7
8.345,4.0,2.1032211201062404e-06,-2.7725297071461255e-08,29.42999999999118,3.9999999999676747,0.2718314644898997,4,-3.2791054445126255e-06,6.471708724315965e-06,2.052888283106984e-08,19.619185754753076,3.9999999999689715,0.407764119262687,6,-3.092211085568841e-06,9.228396133840384e-06,2.073020558052952e-09,9.808970378463611,3.9999999999768527,0.8155799937492271,5,-1.985758282169181e-06,-1.1325648823164584e-15,3.157733821660252e-11,2.0838187449328198e-11,7
8.35,4.0,2.1030824936299373e-06,-2.7725296155091508e-08,29.429999999991477,3.999999999968664,0.27183146448996415,4,-3.2791054445126255e-06,6.471811368802997e-06,2.0528903452725353e-08,19.619185754760686,3.999999999969041,0.4077641192625359,6,-3.092210927771455e-06,9.228406499016262e-06,2.073072333827166e-09,9.808970378480083,3.999999999976109,0.8155799937477058,5,-1.985758335994181e-06,8.693892756876239e-16,3.154430863753071e-11,2.0801152185583542e-11,7
8.355,4.0,2.102943867164111e-06,-2.7725293893211025e-08,29.429999999999303,3.999999999983082,0.2718314644908717,4,-3.2791054445126255e-06,6.471914013380459e-06,2.0528917778229002e-08,19.619185754774964,3.999999999981736,0.4077641192635333,6,-3.0922107701752966e-06,9.228416864523468e-06,2.0731181898268326e-09,9.808970378502533,3.999999999981514,0.8155799937469412,5,-1.9857583896734643e-06,-1.5556862064632065e-16,3.15027578747003e-11,2.0781548311503918e-11,7
8.36,4.0,2.1028052407002053e-06,-2.7725292246766948e-08,29.42999999999801,3.999999999972546,0.2718314644901676,4,-3.2791054445126255e-06,6.47201665805995e-06,2.052894593837518e-08,19.619185754780233,3.9999999999723133,0.40776411926246325,6,-3.0922106127456717e-06,9.228427230308726e-06,2.0731866632873402e-09,9.80897037851776,3.9999999999757643,0.8155799937445029,5,-1.9857584433388697e-06,6.864245212293981e-16,3.147078522794794e-11,2.0740590851857868e-11,7
8.365,4.0,2.1026666142477423e-06,-2.7725288928160536e-08,29.42999999998441,3.999999999973126,0.27183146449033263,4,-3.279105444509156e-06,6.4721193028654536e-06,2.052897224100313e-08,19.61918575477543,3.9999999999737685,0.4077641192627114,6,-3.0922104554756413e-06,9.228437596555063e-06,2.0732806334123494e-09,9.80897037852017,3.999999999980419,0.8155799937452516,5,-1.9857584968446806e-06,5.034597667711721e-16,3.143883745019132e-11,2.0748069314151745e-11,7
8.370000000000001,4.0,2.102527987811425e-06,-2.772528387684048e-08,29.429999999945082,3.9999999999835034,0.2718314644914011,4,-3.279105444509156e-06,6.472221947811724e-06,2.0529005098604293e-08,19.61918575474113,3.999999999986844,0.4077641192647572,6,-3.092210298406839e-06,9.228447963187961e-06,2.073331386457789e-09,9.808970378491395,4.000000000002101,0.815579993752065,5,-1.9857585502741637e-06,1.4996475573052226e-16,3.140347729094622e-11,2.0680905262054026e-11,7
8.375,4.0,2.1023893613836337e-06,-2.7725287567510312e-08,29.429999999992084,3.999999999966325,0.2718314644897996,4,-3.279105444509156e-06,6.4723245928191e-06,2.0529006487532114e-08,19.61918575479495,3.999999999966406,0.4077641192615551,6,-3.0922101415323255e-06,9.228458329890022e-06,2.073381538368072e-09,9.808970378554575,3.9999999999731624,0.8155799937409113,5,-1.9857586037799746e-06,-8.629070390971112e-17,3.136718099164677e-11,2.0688573794529715e-11,7
8.38,4.0,2.1022507349584144e-06,-2.772528353604982e-08,29.429999999994813,3.99999999996699,0.2718314644898196,4,-3.279105444509156e-06,6.472427237945033e-06,2.0529036857990592e-08,19.61918575480533,3.9999999999671094,0.40776411926141115,6,-3.0922099847827123e-06,9.228468697125179e-06,2.0734863313269454e-09,9.808970378576166,3.999999999972502,0.8155799937389814,5,-1.985758657063741e-06,1.2157788593706726e-15,3.1331984257230887e-11,2.0694556564364812e-11,7
8.385,4.0,2.1021121085529135e-06,-2.7725281826797077e-08,29.4300000000038,3.9999999999706466,0.271831464489985,4,-3.279105444509156e-06,6.472529883227176e-06,2.0529062051579004e-08,19.619185754820275,3.9999999999707287,0.40776411926146944,6,-3.0922098282551436e-06,9.228479064668835e-06,2.073541673807456e-09,9.808970378595806,3.9999999999749782,0.8155799937378534,5,-1.9857587103891405e-06,-4.575492833443634e-16,3.1290833174689345e-11,2.0643345973041746e-11,7
8.39,4.0,2.10197348215899e-06,-2.7725279881174256e-08,29.430000000003332,3.9999999999842717,0.27183146449091533,4,-3.279105444509156e-06,6.472632528592253e-06,2.052907368136631e-08,19.6191857548271,3.999999999982552,0.4077641192625329,6,-3.0922096718941083e-06,9.228489432487921e-06,2.0735812452176046e-09,9.808970378609242,3.99999999998169,0.8155799937381047,5,-1.9857587636173957e-06,-5.126163453657712e-16,3.12588072372318e-11,2.062621301132573e-11,7
8.395,4.0,2.101834855764198e-06,-2.7725277288948393e-08,29.429999999993953,3.9999999999685585,0.2718314644899341,4,-3.2791054445056866e-06,6.47273517403482e-06,2.0529100925971233e-08,19.61918575482366,3.999999999970214,0.40776411926134665,6,-3.0922095156926677e-06,9.228499800651109e-06,2.0736660455754526e-09,9.8089703786115,3.999999999979491,0.8155799937374686,5,-1.985758816713812e-06,2.2105386894348128e-15,3.1231341207780994e-11,2.062075959582877e-11,7
8.4,4.0,2.101696229386003e-06,-2.7725274885257254e-08,29.429999999985867,3.9999999999738436,0.27183146449036794,4,-3.279105444502217e-06,6.4728378196336435e-06,2.052912797729402e-08,19.61918575482322,3.9999999999748166,0.407764119261825,6,-3.092209359685516e-06,9.228510169175575e-06,2.073735634445733e-09,9.808970378629123,3.999999999979818,0.8155799937360699,5,-1.9857588698241058e-06,-9.51376484697633e-16,3.118401195615202e-11,2.0578169664247307e-11,7
8.405,4.0,2.1015576030173104e-06,-2.7725272363377888e-08,29.429999999986634,3.9999999999715277,0.27183146449020346,4,-3.279105444502217e-06,6.472940465343497e-06,2.0529152570829837e-08,19.619185754829743,3.9999999999730687,0.4077641192615112,6,-3.0922092038518367e-06,9.228520538110712e-06,2.0738178027237568e-09,9.808970378640177,3.9999999999810436,0.8155799937354007,5,-1.9857589227609274e-06,-5.428144116355753e-16,3.115297544945402e-11,2.0568552468318796e-11,7
8.41,4.0,2.1014189766711784e-06,-2.7725268917471355e-08,29.429999999995083,4.000000000016733,0.2718314644931975,4,-3.2791054444987477e-06,6.473043111167726e-06,2.052916407815572e-08,19.619185754846523,4.000000000011948,0.40776411926512585,6,-3.0922090481916298e-06,9.22853090723447e-06,2.0738098732062814e-09,9.808970378669901,3.9999999999993454,0.8155799937366609,5,-1.9857589757740768e-06,5.514214014349788e-16,3.111828675309422e-11,2.0503230498263532e-11,7
8.415000000000001,4.0,2.1012803503095645e-06,-2.772527108045173e-08,29.42999999998979,3.999999999956909,0.2718314644891809,4,-3.2791054444987477e-06,6.473145757033256e-06,2.052918660334668e-08,19.619185754846818,3.9999999999582037,0.40776411925964096,6,-3.092208892725712e-06,9.228541276626382e-06,2.0739289763238705e-09,9.808970378675207,3.9999999999671605,0.8155799937296574,5,-1.9857590286553872e-06,-1.1378939528346594e-15,3.1078945778172025e-11,2.0519716866090004e-11,7
8.42,4.0,2.101141723971696e-06,-2.7725265821420494e-08,29.429999999988272,3.999999999975421,0.2718314644904529,4,-3.2791054444987477e-06,6.473248403067413e-06,2.0529218390438952e-08,19.619185754851735,3.999999999975829,0.40776411926133554,6,-3.0922087374332663e-06,9.228551646545718e-06,2.0740125466061184e-09,9.808970378687736,3.999999999980875,0.815579993731412,5,-1.985759081377103e-06,-9.122966342308276e-16,3.104554138780711e-11,2.0503658600261824e-11,7
8.425,4.0,2.1010030976489856e-06,-2.772526474812396e-08,29.430000000004355,3.9999999999795026,0.27183146449058176,4,-3.2791054444987477e-06,6.473351049225105e-06,2.0529236006907892e-08,19.619185754874117,3.9999999999798996,0.4077641192612853,6,-3.0922085822934764e-06,9.228562016722105e-06,2.0740599124460707e-09,9.808970378715424,3.999999999982069,0.8155799937293533,5,-1.985759134168208e-06,2.778624481673403e-16,3.101371084960189e-11,2.04706148103353e-11,7
8.43,4.0,2.100864471333e-06,-2.7725264800302877e-08,29.429999999990777,3.9999999999723546,0.27183146449022144,4,-3.2791054444987477e-06,6.473453695446133e-06,2.052924838491753e-08,19.619185754867004,3.999999999971591,0.40776411926058614,6,-3.0922084273618533e-06,9.22857238709844e-06,2.07410255198094e-09,9.808970378720701,3.9999999999752482,0.8155799937275238,5,-1.9857591868621682e-06,-6.174213988903859e-16,3.09708580172082e-11,2.0443049304901486e-11,7
8.435,4.0,2.1007258450207143e-06,-2.77252582706454e-08,29.429999999951512,3.9999999999744236,0.2718314644907247,4,-3.2791054444987477e-06,6.4735563417876586e-06,2.0529287588113332e-08,19.619185754832902,3.9999999999779625,0.40776411926194445,6,-3.0922082725967637e-06,9.228582757909236e-06,2.074176575776705e-09,9.808970378687631,3.9999999999954152,0.8155799937343854,5,-1.9857592394451062e-06,6.615555254777944e-16,3.094454129063248e-11,2.039710738796408e-11,7
8.44,4.0,2.1005872187205733e-06,-2.772526253827691e-08,29.429999999942968,3.9999999999514495,0.27183146448924234,4,-3.279105444509156e-06,6.473658988258074e-06,2.052930575122852e-08,19.619185754841684,3.9999999999484306,0.4077641192587514,6,-3.092208118025963e-06,9.228593129060378e-06,2.0742805220293956e-09,9.808970378732697,3.9999999999550515,0.8155799937224084,5,-1.9857592920072276e-06,-8.937876834641159e-15,3.0878380880149016e-11,2.0388703443756873e-11,7
8.445,4.0,2.1004485924429626e-06,-2.7725253727311553e-08,29.43000000000341,4.0000000000119496,0.2718314644927955,4,-3.2791054445334422e-06,6.473761634875896e-06,2.0529325684181088e-08,19.619185754899327,4.000000000008348,0.4077641192636614,6,-3.0922079636633293e-06,9.228603500605964e-06,2.074306004956707e-09,9.808970378772747,3.9999999999985167,0.8155799937279408,5,-1.9857593444513877e-06,-2.9035926511985083e-15,3.085751223999975e-11,2.0367804605541327e-11,7
8.45,4.0,2.100309966163659e-06,-2.7725257102801084e-08,29.430000000003204,3.9999999999683107,0.2718314644898318,4,-3.279105444540381e-06,6.473864281538292e-06,2.052933764643202e-08,19.61918575490455,3.9999999999683147,0.4077641192594718,6,-3.092207809453351e-06,9.228613872242625e-06,2.074362358692729e-09,9.808970378784878,3.9999999999731513,0.8155799937217603,5,-1.9857593969718756e-06,-8.288078627790159e-16,3.082800517654047e-11,2.0339857183387043e-11,7
8.455,4.0,2.100171339891798e-06,-2.772525195497574e-08,29.42999999999567,3.999999999973873,0.2718314644902794,4,-3.279105444540381e-06,6.473966928309044e-06,2.052936525558107e-08,19.619185754904397,3.999999999975259,0.4077641192601829,6,-3.0922076554029676e-06,9.228624244367717e-06,2.074457363963566e-09,9.80897037879396,3.999999999981469,0.815579993722701,5,-1.985759449270319e-06,9.333381219060325e-16,3.08000222272494e-11,2.0350797765160908e-11,7
8.46,4.0,2.1000327136349463e-06,-2.7725251138087916e-08,29.429999999990763,3.9999999999701537,0.27183146449007195,4,-3.2791054445369117e-06,6.474069575207726e-06,2.0529389806314045e-08,19.61918575490567,3.9999999999703757,0.40776411925965866,6,-3.0922075015329953e-06,9.228634616876292e-06,2.074536269821504e-09,9.808970378806487,3.9999999999761764,0.8155799937205803,5,-1.985759501464679e-06,-6.032105441751842e-16,3.0757583285999286e-11,2.032966444784257e-11,7
8.465,4.0,2.099894087398024e-06,-2.7725249846299918e-08,29.429999999999083,3.999999999990647,0.2718314644913878,4,-3.2791054445369117e-06,6.474172222210991e-06,2.052939715123627e-08,19.619185754920696,3.9999999999881424,0.40776411926115746,6,-3.092207347850373e-06,9.228644989485866e-06,2.074535269225247e-09,9.808970378830583,3.999999999984007,0.8155799937201734,5,-1.985759553790878e-06,-1.274673429468479e-15,3.07198747830125e-11,2.0268081708934238e-11,7
8.47,4.0,2.0997554611510568e-06,-2.7725247437335923e-08,29.42999999999612,3.999999999965288,0.27183146448969187,4,-3.2791054445369117e-06,6.47427486927132e-06,2.052942471994545e-08,19.61918575492321,3.999999999966894,0.4077641192589392,6,-3.0922071943342844e-06,9.228655362467447e-06,2.0746376989704305e-09,9.80897037883658,3.9999999999750564,0.8155799937178498,5,-1.9857596059366656e-06,8.534020641330211e-16,3.069213697096527e-11,2.0279002750782873e-11,7
8.475,4.0,2.099616834927965e-06,-2.772524243392041e-08,29.429999999983096,3.9999999999911675,0.27183146449157086,4,-3.2791054445334422e-06,6.474377516494073e-06,2.0529456628247584e-08,19.619185754919478,3.999999999990762,0.40776411926144984,6,-3.092207040998607e-06,9.228665735869588e-06,2.074689863554677e-09,9.808970378848452,3.999999999989849,0.8155799937198789,5,-1.9857596579922476e-06,-6.280795399267879e-16,3.0652462040957265e-11,2.021352090861206e-11,7
8.48,4.0,2.0994782087091403e-06,-2.772524285049303e-08,29.430000000003186,3.9999999999703166,0.2718314644899683,4,-3.2791054445369117e-06,6.4744801638174585e-06,2.052947313497257e-08,19.619185754943377,3.9999999999708775,0.4077641192589261,6,-3.0922068878572184e-06,9.228676109617596e-06,2.074786487240573e-09,9.808970378871445,3.99999999997581,0.8155799937151046,5,-1.9857597099923185e-06,-8.607822858882205e-16,3.061607159474531e-11,2.0234973970161498e-11,7
8.485,4.0,2.099339582507423e-06,-2.7725242475227186e-08,29.429999999994862,3.9999999999725526,0.27183146449019713,4,-3.2791054445369117e-06,6.474582811212361e-06,2.052948305432482e-08,19.61918575494056,3.9999999999717937,0.407764119259078,6,-3.0922067348823634e-06,9.228686483514716e-06,2.0748121785034197e-09,9.808970378878106,3.9999999999759606,0.8155799937145815,5,-1.985759761964634e-06,7.965586452722132e-16,3.058488765042964e-11,2.020538164157393e-11,7
8.49,4.0,2.0992009563066257e-06,-2.7725239241790212e-08,29.42999999998934,3.9999999999678497,0.2718314644899285,4,-3.2791054445334422e-06,6.474685458721073e-06,2.052951285409516e-08,19.61918575494217,3.999999999968865,0.407764119258746,6,-3.092206582074042e-06,9.228696857779508e-06,2.0748876527213714e-09,9.808970378889331,3.999999999976236,0.8155799937137043,5,-1.985759813895316e-06,2.529934524157368e-16,3.054689493034855e-11,2.0169861610213284e-11,7
8.495000000000001,4.0,2.099062330120447e-06,-2.7725236816451972e-08,29.429999999994834,3.9999999999758344,0.27183146449042045,4,-3.2791054445334422e-06,6.474788106357463e-06,2.0529534896846723e-08,19.619185754953634,3.999999999974971,0.4077641192591302,6,-3.0922064294600093e-06,9.228707232465161e-06,2.0749697727032704e-09,9.808970378911198,3.999999999976227,0.8155799937118843,5,-1.985759865673342e-06,-3.3320430458634593e-16,3.050514699190897e-11,2.0161400822587222e-11,7
8.5,4.0,2.0989237039539192e-06,-2.7725228832342565e-08,29.429999999967407,4.000000000010132,0.27183146449300455,4,-3.2791054445299728e-06,6.474890754113718e-06,2.0529558402162913e-08,19.61918575493081,4.000000000014563,0.40776411926364053,6,-3.092206277026388e-06,9.228717607403108e-06,2.074967931561503e-09,9.808970378896024,4.0000000000220775,0.8155799937224946,5,-1.985759917486063e-06,1.8730308899487653e-15,3.047375876655677e-11,2.008762517033325e-11,7
8.505,4.0,2.098785077779716e-06,-2.772523507996983e-08,29.429999999999033,3.9999999999570264,0.2718314644891035,4,-3.2791054445299728e-06,6.474993401898385e-06,2.0529566669356067e-08,19.619185754970555,3.9999999999585505,0.4077641192571046,6,-3.092206124773178e-06,9.228727982503435e-06,2.0750660523360787e-09,9.808970378938085,3.9999999999683227,0.8155799937080371,5,-1.985759969222456e-06,-3.1544073619234336e-16,3.043703258890217e-11,2.0108934346978693e-11,7
8.51,4.0,2.098646451620572e-06,-2.772522926643439e-08,29.429999999988055,3.9999999999742104,0.27183146449037265,4,-3.2791054445299728e-06,6.475096049836128e-06,2.0529600517317753e-08,19.61918575496535,3.9999999999756213,0.40776411925895295,6,-3.0922059727003792e-06,9.228738358140967e-06,2.0751569606161675e-09,9.808970378944544,3.9999999999826823,0.8155799937104279,5,-1.9857600207714987e-06,-4.451147854685617e-16,3.040249665923055e-11,2.0096133919593978e-11,7
8.515,4.0,2.098507825479505e-06,-2.77252291004336e-08,29.42999999999641,3.999999999977094,0.27183146449049145,4,-3.2791054445299728e-06,6.475198697899005e-06,2.0529616736644747e-08,19.619185754979892,3.9999999999771907,0.40776411925881073,6,-3.0922058208079917e-06,9.228748734027112e-06,2.0752047013261925e-09,9.808970378965313,3.999999999980963,0.8155799937083504,5,-1.9857600723899305e-06,1.0377947790611578e-16,3.036703880035928e-11,2.005783744249335e-11,7
8.52,4.0,2.0983691993418153e-06,-2.7725226245812443e-08,29.429999999986077,3.999999999975534,0.2718314644904809,4,-3.2791054445299728e-06,6.475301346052563e-06,2.05296404785493e-08,19.619185754975785,3.999999999976036,0.40776411925877837,6,-3.0922056690682598e-06,9.228759110303758e-06,2.0752840946840204e-09,9.80897037897406,3.9999999999803557,0.8155799937074993,5,-1.985760123827951e-06,5.44315974077378e-16,3.0327065442402253e-11,2.0049278955241117e-11,7
8.525,4.0,2.0982305732234125e-06,-2.772522511043262e-08,29.429999999994433,3.9999999999913074,0.27183146449147566,4,-3.2791054445299728e-06,6.475403994301491e-06,2.052965182308195e-08,19.619185754990756,3.9999999999897344,0.40776411925986367,6,-3.0922055175505725e-06,9.228769486696489e-06,2.0752880984748373e-09,9.808970378999865,3.9999999999853797,0.8155799937063781,5,-1.9857601753353604e-06,-1.591213343251211e-16,3.028788789230928e-11,1.997742532108738e-11,7
8.53,4.0,2.0980919470998376e-06,-2.7725222891613247e-08,29.429999999988645,3.9999999999701723,0.2718314644900928,4,-3.2791054445299728e-06,6.475506642625705e-06,2.0529676401253243e-08,19.61918575498909,3.9999999999710503,0.4077641192579936,6,-3.092205366185541e-06,9.228779863436695e-06,2.075382908652952e-09,9.808970379000721,3.9999999999778195,0.8155799937047655,5,-1.9857602267525643e-06,1.7078297038845422e-15,3.025778752566565e-11,1.9987406670167966e-11,7
8.535,4.0,2.097953320992055e-06,-2.7725220301057588e-08,29.42999999997745,3.9999999999687734,0.27183146449010115,4,-3.2791054445265033e-06,6.475609291080476e-06,2.0529702964822457e-08,19.619185754985626,3.9999999999694955,0.4077641192579071,6,-3.0922052150009205e-06,9.228790240645372e-06,2.0754756561280044e-09,9.808970379009303,3.999999999977061,0.8155799937038973,5,-1.9857602779616013e-06,8.5517842097242185e-16,3.021951947027445e-11,1.9982788142385525e-11,7
8.540000000000001,4.0,2.0978146949087293e-06,-2.7725219618546493e-08,29.43000000000162,3.999999999993906,0.27183146449158585,4,-3.2791054445265033e-06,6.475711939651448e-06,2.0529709690389367e-08,19.61918575501453,3.999999999990752,0.40776411925947326,6,-3.092205064017528e-06,9.228800617949047e-06,2.075465607495559e-09,9.808970379041691,3.9999999999857963,0.8155799937029854,5,-1.9857603293441106e-06,-3.6695508453495057e-16,3.017947683440069e-11,1.991159708933288e-11,7
8.545,4.0,2.097676068811213e-06,-2.7725216689573018e-08,29.429999999987544,3.999999999964826,0.27183146448973966,4,-3.2791054445265033e-06,6.475814588269437e-06,2.052973804143758e-08,19.619185755006093,3.999999999967181,0.40776411925724576,6,-3.092204913200669e-06,9.228810995634855e-06,2.0755754217212667e-09,9.808970379037945,3.9999999999779705,0.8155799937017013,5,-1.9857603805045754e-06,1.2228842867282736e-15,3.015220265148854e-11,1.9928014179242617e-11,7
8.55,4.0,2.097537442736455e-06,-2.7725214466866972e-08,29.429999999984844,3.9999999999718368,0.27183146449024104,4,-3.2791054445195644e-06,6.475917237030791e-06,2.0529761199469422e-08,19.619185755010594,3.9999999999720495,0.4077641192576485,6,-3.0922047625572824e-06,9.22882137374028e-06,2.075652140201348e-09,9.808970379054362,3.9999999999783222,0.8155799937004079,5,-1.9857604315678956e-06,-4.188178292470467e-17,3.011301799596821e-11,1.9913490685723678e-11,7
8.555,4.0,2.0973988166728893e-06,-2.7725212705638597e-08,29.42999999998606,3.999999999972928,0.27183146449030393,4,-3.2791054445195644e-06,6.4760198859145545e-06,2.0529782804372552e-08,19.619185755017316,3.999999999973645,0.4077641192576715,6,-3.0922046121081848e-06,9.228831752106182e-06,2.0757069932787306e-09,9.808970379070528,3.9999999999792566,0.8155799936992543,5,-1.985760482679788e-06,-1.3244114209716854e-15,3.007289009496615e-11,1.987352976226453e-11,7
8.56,4.0,2.0972601906229665e-06,-2.7725205281613025e-08,29.429999999965183,4.000000000001716,0.27183146449245316,4,-3.2791054445195644e-06,6.476122534890327e-06,2.0529802897284724e-08,19.619185755000384,4.000000000007196,0.4077641192614436,6,-3.0922044618325595e-06,9.228842130785587e-06,2.075730497750307e-09,9.808970379059367,4.000000000017124,0.8155799937079032,5,-1.985760533645964e-06,5.158942646469741e-16,3.0041000936985235e-11,1.9838389871267514e-11,7
8.565,4.0,2.097121564575923e-06,-2.7725209225324772e-08,29.429999999990436,3.99999999998133,0.2718314644908345,4,-3.279105444516095e-06,6.4762251839257345e-06,2.052981660402997e-08,19.61918575503541,3.9999999999806546,0.40776411925801,6,-3.0922043117373454e-06,9.22885250961222e-06,2.0757847026588595e-09,9.808970379105054,3.999999999980578,0.8155799936966531,5,-1.985760584646834e-06,-1.5556862064632053e-16,3.000640283482424e-11,1.9791916823635127e-11,7
8.57,4.0,2.0969829385327314e-06,-2.7725207053996526e-08,29.429999999990983,3.99999999996521,0.271831464489734,4,-3.279105444516095e-06,6.476327833075644e-06,2.0529841468485315e-08,19.619185755039105,3.999999999966733,0.40776411925651396,6,-3.0922041618156038e-06,9.228862888857308e-06,2.075892519004733e-09,9.8089703791128,3.99999999997419,0.8155799936947065,5,-1.985760635543621e-06,-1.0970377455284532e-15,2.9967948261964907e-11,1.981035363127126e-11,7
8.575000000000001,4.0,2.096844312510329e-06,-2.77252029779128e-08,29.429999999991765,3.999999999982536,0.27183146449090423,4,-3.279105444516095e-06,6.4764304823619785e-06,2.052986527894225e-08,19.61918575504613,3.9999999999832023,0.4077641192580469,6,-3.092204012088151e-06,9.228873268526588e-06,2.075957837463348e-09,9.808970379127587,3.9999999999858016,0.8155799936958446,5,-1.985760686287752e-06,-9.780218372886363e-16,2.9933403450509096e-11,1.9790763968046357e-11,7
8.58,4.0,2.0967056865051347e-06,-2.7725203306518417e-08,29.429999999993775,3.9999999999954206,0.2718314644917612,4,-3.2791054445126255e-06,6.476533131731667e-06,2.052987223116126e-08,19.61918575505412,3.9999999999926454,0.4077641192588435,6,-3.092203862520293e-06,9.228883648289962e-06,2.07595217752354e-09,9.808970379145368,3.9999999999884253,0.8155799936949011,5,-1.9857607371290276e-06,-2.479391762951334e-16,2.989392391975343e-11,1.9723008389121114e-11,7
8.585,4.0,2.0965670604884372e-06,-2.77252015696447e-08,29.429999999995317,3.9999999999642455,0.2718314644896284,4,-3.2791054445126255e-06,6.476635781158734e-06,2.0529897884048005e-08,19.619185755060965,3.9999999999654987,0.4077641192559338,6,-3.0922037131606017e-06,9.22889402837969e-06,2.07605714677572e-09,9.808970379156328,3.999999999973293,0.8155799936909044,5,-1.9857607878176475e-06,-1.1236830981194568e-15,2.986016958709114e-11,1.973096469140479e-11,7
8.59,4.0,2.09642843449164e-06,-2.772519734383953e-08,29.429999999982456,3.999999999975456,0.27183146449050904,4,-3.2791054445126255e-06,6.476738430730883e-06,2.052992603907202e-08,19.619185755053316,3.9999999999765876,0.4077641192572232,6,-3.092203563960505e-06,9.228904408949748e-06,2.0761429740565e-09,9.808970379159865,3.999999999983472,0.8155799936926857,5,-1.9857608383605507e-06,-1.786612595585234e-16,2.982695349055119e-11,1.9720464646127094e-11,7
8.595,4.0,2.096289808510151e-06,-2.7725195343094855e-08,29.429999999989292,3.9999999999818767,0.27183146449088225,4,-3.2791054445265033e-06,6.476841080436244e-06,2.0529953412180675e-08,19.619185755066933,3.999999999983506,0.4077641192576455,6,-3.092203414975514e-06,9.228914789807627e-06,2.0761872834848676e-09,9.808970379181465,3.999999999986538,0.8155799936915149,5,-1.9857608889242706e-06,-8.255755808311462e-15,2.976883642383653e-11,1.963669165758098e-11,7
8.6,4.0,2.096151182539353e-06,-2.772519525164751e-08,29.42999999999982,3.999999999980716,0.2718314644907061,4,-3.2791054445507894e-06,6.4769437302127524e-06,2.052995649090918e-08,19.619185755081624,3.9999999999811076,0.40776411925709566,6,-3.092203266184812e-06,9.228925170801401e-06,2.0762183561398143e-09,9.808970379196634,3.9999999999849516,0.8155799936899303,5,-1.985760939522685e-06,-2.7419441788130836e-15,2.974686644244683e-11,1.9639780742124692e-11,7
8.605,4.0,2.096012556569999e-06,-2.7725190438988877e-08,29.429999999954866,3.999999999981569,0.2718314644911793,4,-3.279105444554259e-06,6.477046380068744e-06,2.052998718241877e-08,19.61918575504134,3.999999999983796,0.407764119258207,6,-3.092203117532888e-06,9.228935552161867e-06,2.0762812474855465e-09,9.808970379164965,3.99999999999691,0.8155799936950017,5,-1.9857609899684436e-06,7.148462306598039e-16,2.971977522428914e-11,1.9600608521102238e-11,7
8.61,4.0,2.095873930612752e-06,-2.7725190475466413e-08,29.429999999984148,3.999999999974661,0.2718314644904394,4,-3.279105444554259e-06,6.477149030031636e-06,2.0530001358010174e-08,19.619185755078203,3.9999999999756235,0.4077641192566077,6,-3.092202969054436e-06,9.228945933833865e-06,2.0763653218090624e-09,9.808970379215154,3.9999999999816978,0.8155799936877269,5,-1.985761040372569e-06,1.0505776733064513e-15,2.968028325903559e-11,1.961182799089989e-11,7
8.615,4.0,2.095735304666908e-06,-2.7725188038927896e-08,29.429999999982115,3.999999999975693,0.2718314644905283,4,-3.279105444554259e-06,6.477251680102888e-06,2.053002347743975e-08,19.61918575508197,3.999999999976698,0.40776411925663897,6,-3.0922028207702734e-06,9.228956315898424e-06,2.0764410922548133e-09,9.808970379226755,3.999999999982439,0.8155799936869135,5,-1.9857610906240386e-06,-9.957854056826372e-16,2.9641439664028424e-11,1.9600359831144723e-11,7
8.620000000000001,4.0,2.0955966787394953e-06,-2.7725185272975447e-08,29.429999999945018,3.9999999999889293,0.2718314644917705,4,-3.279105444554259e-06,6.477354330260833e-06,2.0530039597307006e-08,19.61918575504837,3.999999999991024,0.4077641192587977,6,-3.092202672659583e-06,9.228966698088678e-06,2.0764303514753045e-09,9.808970379194946,4.000000000003918,0.8155799936939376,5,-1.9857611409240805e-06,1.0807757395762556e-15,2.961158976369914e-11,1.9512586486996277e-11,7
8.625,4.0,2.095458052804442e-06,-2.7725185887029e-08,29.42999999999843,3.999999999964728,0.27183146448963247,4,-3.279105444554259e-06,6.477456980479665e-06,2.0530053975243083e-08,19.61918575510874,3.9999999999660503,0.40776411925499706,6,-3.092202524722365e-06,9.228977080545572e-06,2.0765334732050825e-09,9.808970379263773,3.9999999999738236,0.8155799936820789,5,-1.985761191189428e-06,1.6172355050751314e-15,2.9576188748246734e-11,1.954537270518109e-11,7
8.63,4.0,2.0953194268874e-06,-2.7725181761540486e-08,29.42999999998157,3.9999999999747127,0.27183146449046675,4,-3.279105444554259e-06,6.477559630839726e-06,2.0530082652262154e-08,19.619185755098442,3.9999999999753713,0.4077641192561613,6,-3.0922023769655582e-06,9.228987463483766e-06,2.076618022159377e-09,9.808970379266388,3.999999999981041,0.8155799936833331,5,-1.9857612412604864e-06,3.364822238675507e-16,2.95333607848488e-11,1.952760913678709e-11,7
8.635,4.0,2.095180800986233e-06,-2.772517940531767e-08,29.429999999990706,3.9999999999909504,0.2718314644914858,4,-3.279105444554259e-06,6.477662281318652e-06,2.053010421134008e-08,19.619185755112962,3.9999999999902878,0.40776411925738015,6,-3.0922022294030405e-06,9.228997846712648e-06,2.0766583341487855e-09,9.808970379290031,3.9999999999890896,0.8155799936830084,5,-1.985761291317667e-06,6.846481643899998e-16,2.95002956786402e-11,1.9473018138398638e-11,7
8.64,4.0,2.09504217509194e-06,-2.7725180901722747e-08,29.429999999992667,3.999999999970398,0.271831464490071,4,-3.27910544454732e-06,6.4777649318315034e-06,2.053010584571136e-08,19.619185755119812,3.9999999999703695,0.4077641192552073,6,-3.092202082007056e-06,9.229008229987287e-06,2.0766919367484826e-09,9.808970379301197,3.9999999999752456,0.8155799936792572,5,-1.9857613414372977e-06,2.070206499122195e-15,2.9466745627014457e-11,1.9470117347679894e-11,7
8.645,4.0,2.094903549198491e-06,-2.772517721097184e-08,29.42999999999514,3.9999999999655094,0.27183146448971596,4,-3.27910544454732e-06,6.477867582455736e-06,2.053013741070958e-08,19.6191857551275,3.9999999999656546,0.40776411925456685,6,-3.092201934798422e-06,9.229018613754698e-06,2.07679503921313e-09,9.808970379316412,3.9999999999715703,0.8155799936772428,5,-1.9857613913348837e-06,-8.096163339150829e-17,2.942580237822312e-11,1.9461562413141344e-11,7
8.65,4.0,2.094764923328639e-06,-2.772517420586252e-08,29.429999999996493,3.9999999999866866,0.2718314644911426,4,-3.27910544454732e-06,6.4779702332236705e-06,2.053015826996194e-08,19.619185755134552,3.9999999999859,0.40776411925648415,6,-3.092201787777138e-06,9.22902899781945e-06,2.0768288367267234e-09,9.80897037933,3.999999999985947,0.8155799936790442,5,-1.9857614412532865e-06,-7.790698712758067e-16,2.9388989159083394e-11,1.9403027902569422e-11,7
8.655,4.0,2.0946262974607938e-06,-2.7725172603722657e-08,29.42999999999192,3.9999999999771587,0.27183146449053736,4,-3.27910544454732e-06,6.478072884061691e-06,2.0530175846380684e-08,19.619185755134794,3.9999999999771587,0.40776411925558803,6,-3.0922016409154485e-06,9.229039382196078e-06,2.0769017476152973e-09,9.808970379338742,3.9999999999814184,0.8155799936773941,5,-1.985761491067606e-06,1.1802517225826696e-15,2.9357618697299586e-11,1.9405738623106347e-11,7
8.66,4.0,2.0944876716078464e-06,-2.7725172313871073e-08,29.429999999994504,3.999999999976159,0.27183146449044554,4,-3.27910544454732e-06,6.478175534975793e-06,2.0530185307470176e-08,19.619185755143647,3.9999999999757923,0.4077641192552647,6,-3.092201494248048e-06,9.229049766747216e-06,2.0769335008076853e-09,9.808970379354289,3.9999999999782396,0.8155799936754533,5,-1.9857615408402918e-06,-1.8754304375552326e-16,2.93159471422041e-11,1.937308207897081e-11,7
8.665000000000001,4.0,2.094349045756822e-06,-2.772516978065145e-08,29.42999999999948,3.9999999999718723,0.27183146449010825,4,-3.27910544454732e-06,6.478278185992826e-06,2.0530210137214348e-08,19.61918575515318,3.999999999971865,0.40776411925466627,6,-3.0922013477679977e-06,9.229060151567855e-06,2.077003133144569e-09,9.80897037937398,3.999999999974669,0.815579993673088,5,-1.9857615906476722e-06,-1.1293605650071275e-16,2.92809120562606e-11,1.934336718176132e-11,7
8.67,4.0,2.094210419919472e-06,-2.772516626652474e-08,29.429999999995974,3.9999999999755493,0.27183146449039053,4,-3.2791054445438506e-06,6.478380837119988e-06,2.0530234410223987e-08,19.619185755154433,3.9999999999760494,0.4077641192550667,6,-3.0922012014614197e-06,9.229070536832903e-06,2.0770827356609466e-09,9.80897037938007,3.9999999999803624,0.8155799936737423,5,-1.985761640239947e-06,1.8232928984455602e-15,2.9250545236091054e-11,1.9339524921917696e-11,7
8.675,4.0,2.094071794094205e-06,-2.7725164257983704e-08,29.42999999999637,3.9999999999776827,0.27183146449053186,4,-3.2791054445438506e-06,6.478483488354953e-06,2.053025452573641e-08,19.619185755161222,3.9999999999781464,0.4077641192551394,6,-3.092201055328314e-06,9.229080922444753e-06,2.077149839787888e-09,9.808970379393585,3.9999999999814584,0.8155799936728422,5,-1.9857616897628327e-06,7.535776847571362e-17,2.921292910365991e-11,1.932019638314818e-11,7
8.68,4.0,2.093933168285795e-06,-2.772516447578638e-08,29.430000000000863,3.999999999986463,0.271831464491087,4,-3.2791054445438506e-06,6.4785861396739264e-06,2.0530260706820674e-08,19.619185755170875,3.9999999999844684,0.40776411925558326,6,-3.0922009093894975e-06,9.229091308098248e-06,2.077144710061747e-09,9.808970379410594,3.9999999999827613,0.8155799936716936,5,-1.9857617394314353e-06,-6.675077867630648e-17,2.917218125412091e-11,1.9253177992311292e-11,7
8.685,4.0,2.0937945424691864e-06,-2.7725160866517924e-08,29.429999999992617,3.999999999968919,0.271831464489971,4,-3.279105444540381e-06,6.478688791044679e-06,2.0530286205919246e-08,19.619185755166928,3.999999999971034,0.40776411925429573,6,-3.0922007636102755e-06,9.229101694128862e-06,2.077241591579908e-09,9.808970379414005,3.99999999997976,0.8155799936707981,5,-1.98576178889881e-06,1.801976616372757e-15,2.9141786012241936e-11,1.9266051250326428e-11,7
8.69,4.0,2.093655916674728e-06,-2.7725157817456584e-08,29.42999999998346,3.999999999986999,0.2718314644912842,4,-3.279105444540381e-06,6.478791442560522e-06,2.0530313585483956e-08,19.619185755164537,3.9999999999858176,0.40776411925585254,6,-3.0922006180184036e-06,9.229112080503487e-06,2.077290015878048e-09,9.808970379428933,3.9999999999837232,0.8155799936703649,5,-1.98576183833149e-06,5.016834099317736e-16,2.910012333893064e-11,1.919949293591094e-11,7
8.695,4.0,2.0935172908871524e-06,-2.7725156542078513e-08,29.42999999999472,3.999999999977834,0.2718314644905574,4,-3.279105444540381e-06,6.478894094168419e-06,2.053032910770374e-08,19.619185755180073,3.9999999999784803,0.4077641192547817,6,-3.0922004726208208e-06,9.229122467190649e-06,2.0773664712411e-09,9.808970379441343,3.9999999999829345,0.8155799936691723,5,-1.9857618876947813e-06,1.496163593610495e-17,2.9064923051801083e-11,1.9210392661477505e-11,7
8.700000000000001,4.0,2.0933786651174036e-06,-2.772515305088022e-08,29.429999999996795,4.000000000007447,0.27183146449255063,4,-3.2791054445369117e-06,6.478996745864297e-06,2.0530340721993274e-08,19.619185755188727,4.000000000004242,0.40776411925722794,6,-3.0922003273967102e-06,9.229132854121605e-06,2.0773843433739105e-09,9.808970379460021,3.999999999995866,0.8155799936702559,5,-1.985761936974806e-06,6.704373096747976e-16,2.9031587939352896e-11,1.9170339367462707e-11,7
8.705,4.0,2.0932400393454702e-06,-2.772515277642238e-08,29.429999999983863,3.999999999984589,0.2718314644911167,4,-3.2791054445369117e-06,6.4790993976226655e-06,2.0530363121648118e-08,19.61918575518082,3.9999999999844493,0.40776411925537465,6,-3.092200182346072e-06,9.229143241240144e-06,2.0774390748986802e-09,9.808970379465318,3.9999999999848574,0.815579993667571,5,-1.9857619862548304e-06,1.4996475573052423e-16,2.899215459387505e-11,1.9117851575572108e-11,7
8.71,4.0,2.0931014135819665e-06,-2.7725151817800755e-08,29.429999999999012,3.9999999999687055,0.27183146448989737,4,-3.2791054445369117e-06,6.479202049496651e-06,2.0530384562949392e-08,19.619185755199414,3.9999999999684848,0.4077641192533607,6,-3.092200037489723e-06,9.229153628748277e-06,2.0775413730054627e-09,9.80897037948537,3.999999999972805,0.8155799936634462,5,-1.985762035458527e-06,-5.943287599781807e-16,2.895668252414906e-11,1.9136732472418097e-11,7
8.715,4.0,2.0929627878374982e-06,-2.7725148269231863e-08,29.429999999990105,3.999999999983233,0.2718314644909669,4,-3.2791054445369117e-06,6.479304701484769e-06,2.0530403656008428e-08,19.61918575519605,3.999999999983101,0.4077641192549206,6,-3.0921998927999073e-06,9.229164016643658e-06,2.07760317316443e-09,9.808970379491242,3.9999999999843587,0.8155799936653138,5,-1.985762084502629e-06,1.0150505365184463e-15,2.892404907265244e-11,1.9123040313900003e-11,7
8.72,4.0,2.0928241621092875e-06,-2.772514343676561e-08,29.429999999951278,4.000000000015318,0.271831464493506,4,-3.2791054445334422e-06,6.479407353563548e-06,2.0530423075459282e-08,19.619185755162633,4.000000000013571,0.40776411925872136,6,-3.0921997482974417e-06,9.229174404703494e-06,2.077585797524647e-09,9.808970379463315,4.000000000013446,0.8155799936735666,5,-1.9857621335883646e-06,1.3738746180772968e-15,2.8889994535684297e-11,1.902660723015948e-11,7
8.725,4.0,2.092685536370694e-06,-2.772514749971589e-08,29.429999999994607,3.99999999996298,0.271831464489549,4,-3.2791054445334422e-06,6.479510005680348e-06,2.0530432581012286e-08,19.619185755210985,3.999999999963543,0.40776411925261646,6,-3.0921996039684485e-06,9.22918479292562e-06,2.077688317449731e-09,9.808970379519405,3.9999999999700355,0.8155799936600517,5,-1.985762182687978e-06,-8.234787922608131e-16,2.884898911440358e-11,1.9054275764289977e-11,7
8.73,4.0,2.092546910650258e-06,-2.7725142017813894e-08,29.429999999989988,3.999999999977473,0.27183146449057655,4,-3.2791054445334422e-06,6.479612657933837e-06,2.053046050037622e-08,19.619185755210694,3.9999999999782476,0.4077641192541215,6,-3.0921994598198665e-06,9.229195181641727e-06,2.0777727779041844e-09,9.808970379526377,3.9999999999824207,0.8155799936619973,5,-1.9857622315655465e-06,1.1393955152764638e-15,2.881620644893245e-11,1.9048088713418343e-11,7
8.735,4.0,2.092408284947658e-06,-2.772514118247582e-08,29.429999999988425,3.999999999985042,0.27183146449110535,4,-3.2791054445265033e-06,6.479715310297995e-06,2.0530477946900205e-08,19.619185755214378,3.9999999999842735,0.4077641192546592,6,-3.092199315851696e-06,9.229205570587824e-06,2.077802994136554e-09,9.808970379540908,3.999999999985545,0.8155799936614261,5,-1.9857622805055652e-06,-2.97677167798339e-16,2.8776547506136e-11,1.8988111801092837e-11,7
8.74,4.0,2.0922696592453922e-06,-2.77251390677361e-08,29.429999999991374,3.9999999999740696,0.27183146449033246,4,-3.2791054445265033e-06,6.479817962739066e-06,2.0530497501482153e-08,19.61918575522212,3.9999999999747544,0.40776411925352796,6,-3.092199172077814e-06,9.229215959862788e-06,2.077884645278182e-09,9.8089703795506,3.999999999980544,0.8155799936596007,5,-1.9857623292859894e-06,-6.067632578539825e-16,2.874323015725621e-11,1.899361317822446e-11,7
8.745000000000001,4.0,2.0921310335641676e-06,-2.772513754559567e-08,29.429999999999765,3.9999999999921325,0.2718314644914825,4,-3.2791054445265033e-06,6.479920615264064e-06,2.053050455363007e-08,19.619185755235332,3.9999999999906377,0.4077641192548725,6,-3.092199028477405e-06,9.229226349317188e-06,2.0778988558749226e-09,9.808970379569896,3.999999999988834,0.8155799936596865,5,-1.9857623780594746e-06,-2.301756079011294e-16,2.8707143468063793e-11,1.8955053800311598e-11,7
8.75,4.0,2.0919924078790183e-06,-2.7725136483827223e-08,29.42999999999524,3.999999999970154,0.27183146449003065,4,-3.279105444523034e-06,6.480023267856287e-06,2.0530526658204258e-08,19.619185755236934,3.9999999999709366,0.40776411925283085,6,-3.092198885050468e-06,9.229236738976607e-06,2.077963379831754e-09,9.808970379583252,3.9999999999761617,0.8155799936559921,5,-1.9857624268745933e-06,-1.4398746155327e-15,2.8668843438249485e-11,1.8921738227788644e-11,7
8.755,4.0,2.091853782206202e-06,-2.772513254933492e-08,29.429999999990642,3.999999999971984,0.2718314644901975,4,-3.2791054445265033e-06,6.480125920566933e-06,2.0530553186251044e-08,19.619185755235417,3.99999999997354,0.4077641192531277,6,-3.092198741810881e-06,9.229247129071953e-06,2.078051314140546e-09,9.808970379584679,3.9999999999813127,0.8155799936569238,5,-1.9857624755023617e-06,-6.476194651601884e-16,2.8636014587500526e-11,1.892009865042588e-11,7
8.76,4.0,2.0917151565532617e-06,-2.772512759328946e-08,29.429999999940364,3.9999999999923883,0.27183146449204854,4,-3.279105444523034e-06,6.4802285733956216e-06,2.053057763040453e-08,19.619185755189676,3.9999999999955014,0.4077641192563172,6,-3.0921985987378275e-06,9.229257519484004e-06,2.0780765231476478e-09,9.808970379546466,4.000000000009491,0.8155799936658464,5,-1.985762524074619e-06,1.899676242539771e-15,2.860395489926303e-11,1.8852424783915246e-11,7
8.765,4.0,2.091576530905144e-06,-2.772513025194185e-08,29.430000000008185,3.999999999985473,0.27183146449095213,4,-3.2791054445507894e-06,6.480331226305563e-06,2.0530583617824415e-08,19.61918575526216,3.999999999983612,0.40776411925359873,6,-3.0921984558937576e-06,9.229267910035429e-06,2.078130381968153e-09,9.808970379626814,3.9999999999818416,0.8155799936535282,5,-1.9857625727093264e-06,-4.637316926453151e-15,2.8546653180337656e-11,1.88326574850064e-11,7
8.77,4.0,2.091437905260104e-06,-2.7725127886853342e-08,29.429999999995857,3.9999999999751887,0.2718314644903671,4,-3.2791054445646672e-06,6.480433879286493e-06,2.0530605385495706e-08,19.619185755255653,3.999999999975248,0.40776411925288125,6,-3.092198313216221e-06,9.229278300949054e-06,2.0782127231491297e-09,9.808970379627691,3.9999999999798472,0.8155799936530486,5,-1.9857626211705615e-06,-1.315529636774683e-15,2.8522404133123e-11,1.8837560229883144e-11,7
8.775,4.0,2.0912992796334373e-06,-2.772512388865934e-08,29.42999999999228,3.999999999995105,0.2718314644917536,4,-3.2791054445646672e-06,6.480536532382942e-06,2.0530626682733235e-08,19.61918575525808,3.999999999994083,0.4077641192547509,6,-3.0921981706913404e-06,9.229288692167729e-06,2.0782536138852575e-09,9.808970379644887,3.9999999999904947,0.8155799936537899,5,-1.9857626696179187e-06,1.2154304630011958e-16,2.849002825336809e-11,1.8795027141720548e-11,7
8.78,4.0,2.091160654011452e-06,-2.7725124150050925e-08,29.42999999999046,3.9999999999748908,0.2718314644903967,4,-3.279105444561198e-06,6.480639185548942e-06,2.0530640123722713e-08,19.619185755261,3.99999999997536,0.4077641192527816,6,-3.092198028346871e-06,9.229299083632229e-06,2.0783214148429582e-09,9.808970379650656,3.999999999979367,0.8155799936510413,5,-1.985762717988948e-06,-5.2539923961104966e-17,2.8457469408858724e-11,1.879306604376985e-11,7
8.785,4.0,2.0910220284030223e-06,-2.772512321730392e-08,29.42999999999694,3.9999999999762395,0.2718314644904285,4,-3.279105444561198e-06,6.48074183879181e-06,2.0530650826157484e-08,19.61918575527247,3.9999999999756963,0.4077641192525775,6,-3.0921978861966903e-06,9.22930947530558e-06,2.078360788636003e-09,9.808970379669017,3.9999999999774185,0.8155799936491174,5,-1.9857627662975275e-06,-1.7205389961579403e-15,2.8415890224318884e-11,1.876547211662661e-11,7
8.790000000000001,4.0,2.090883402800147e-06,-2.7725117856597434e-08,29.42999999995441,3.999999999979762,0.2718314644910607,4,-3.279105444561198e-06,6.480844492126162e-06,2.053068179260698e-08,19.619185755232433,3.9999999999822324,0.4077641192540759,6,-3.0921977442061044e-06,9.22931986728842e-06,2.0784053354542082e-09,9.808970379629404,3.9999999999969393,0.8155799936563912,5,-1.9857628145575346e-06,9.226799808696326e-16,2.838939586205923e-11,1.8706768852154948e-11,7
8.795,4.0,2.0907447772074857e-06,-2.772511820365133e-08,29.42999999999268,3.9999999999756146,0.2718314644904254,4,-3.279105444561198e-06,6.480947145560694e-06,2.0530693823979812e-08,19.619185755277616,3.9999999999754494,0.4077641192524453,6,-3.0921976023889908e-06,9.229330259558307e-06,2.07848545769762e-09,9.808970379689029,3.9999999999787503,0.8155799936477249,5,-1.985762862782847e-06,3.755620743343555e-16,2.8347271335969693e-11,1.8716572565551598e-11,7
8.8,4.0,2.0906061516256727e-06,-2.7725115911816468e-08,29.42999999998839,3.9999999999744134,0.27183146449038337,4,-3.279105444561198e-06,6.481049799093997e-06,2.0530714471888532e-08,19.619185755277492,3.9999999999743765,0.4077641192523386,6,-3.092197460766166e-06,9.22934065218216e-06,2.0785547090976486e-09,9.808970379698476,3.999999999978825,0.8155799936469548,5,-1.9857629108832597e-06,-3.2787523406814364e-16,2.8310834704479914e-11,1.8699968958173724e-11,7
8.805,4.0,2.0904675260587e-06,-2.7725113665994175e-08,29.429999999993086,3.9999999999880944,0.2718314644912697,4,-3.279105444561198e-06,6.48115245273446e-06,2.0530732002749563e-08,19.61918575528589,3.9999999999869758,0.40776411925344835,6,-3.092197319309875e-06,9.229351045053617e-06,2.0785863761524827e-09,9.808970379712179,3.9999999999866063,0.815579993647402,5,-1.98576295899755e-06,3.8444385853135673e-16,2.8273923785714012e-11,1.8646761741763166e-11,7
8.81,4.0,2.090328900497176e-06,-2.772511459417907e-08,29.429999999996998,3.999999999973606,0.271831464490249,4,-3.2791054445577283e-06,6.48125510640569e-06,2.0530734992701175e-08,19.619185755296705,3.999999999972568,0.4077641192517549,6,-3.092197178040934e-06,9.229361438013515e-06,2.078621907869647e-09,9.808970379729642,3.9999999999742606,0.8155799936434327,5,-1.9857630070979626e-06,5.336578330409776e-16,2.8240103727848673e-11,1.863937742638178e-11,7
8.815,4.0,2.0901902749383948e-06,-2.772510923326462e-08,29.429999999988645,3.9999999999736144,0.27183146449032675,4,-3.2791054445577283e-06,6.481357760177632e-06,2.0530766524329606e-08,19.619185755292072,3.999999999975442,0.4077641192521441,6,-3.0921970369593432e-06,9.2293718313893e-06,2.07870293300239e-09,9.80897037972894,3.999999999983451,0.8155799936453649,5,-1.9857630550318417e-06,-2.6392638784973487e-16,2.8202508911699605e-11,1.861705394998104e-11,7
8.82,4.0,2.090051649399765e-06,-2.7725106037246152e-08,29.42999999998248,3.9999999999933893,0.2718314644917275,4,-3.2791054445577283e-06,6.481460414076936e-06,2.053078905400742e-08,19.619185755291202,3.999999999992986,0.4077641192539507,6,-3.092196896044286e-06,9.229382225090213e-06,2.0787479400590988e-09,9.808970379745837,3.999999999992087,0.8155799936457209,5,-1.9857631029657208e-06,2.5299345241573794e-16,2.816947577991412e-11,1.8570847355874556e-11,7
8.825000000000001,4.0,2.0899130238668828e-06,-2.7725106850392537e-08,29.429999999990372,3.9999999999782516,0.2718314644906259,4,-3.279105444554259e-06,6.481563068048644e-06,2.0530799131711114e-08,19.619185755303846,3.999999999977395,0.4077641192520985,6,-3.0921967553027008e-06,9.229392619015964e-06,2.0788132545114215e-09,9.808970379760797,3.999999999978741,0.8155799936417558,5,-1.9857631508510276e-06,8.267567115420187e-16,2.8132289525838112e-11,1.8570545375211854e-11,7
8.83,4.0,2.089774398343186e-06,-2.7725105717759443e-08,29.429999999992095,3.999999999970751,0.27183146449010026,4,-3.279105444554259e-06,6.481665722076464e-06,2.0530811200568994e-08,19.61918575530926,3.9999999999713056,0.40776411925136524,6,-3.0921966147623436e-06,9.229403013112253e-06,2.0788554225072215e-09,9.808970379770575,3.999999999976317,0.8155799936404486,5,-1.9857631986738844e-06,-4.557729265049622e-16,2.8094518850361943e-11,1.8547497145220635e-11,7
8.835,4.0,2.0896357728277397e-06,-2.7725102069232706e-08,29.429999999998817,3.9999999999818714,0.2718314644907939,4,-3.279105444554259e-06,6.481768376213306e-06,2.0530834303650747e-08,19.619185755320565,3.9999999999816493,0.4077641192521847,6,-3.09219647438852e-06,9.229413407603566e-06,2.07892679596236e-09,9.808970379789187,3.9999999999819806,0.8155799936400558,5,-1.985763246371841e-06,-4.5434496603504395e-17,2.8061011431300334e-11,1.8530037333846168e-11,7
8.84,4.0,2.0894971473257557e-06,-2.772510060258363e-08,29.429999999988674,3.9999999999771125,0.27183146449056417,4,-3.2791054445507894e-06,6.481871030457808e-06,2.0530853486730876e-08,19.619185755314888,3.9999999999774674,0.4077641192518764,6,-3.0921963341881686e-06,9.22942380228988e-06,2.07896719162412e-09,9.808970379790686,3.9999999999821005,0.8155799936399556,5,-1.98576329418082e-06,3.9154928588895715e-16,2.8025114812289732e-11,1.848428903980426e-11,7
8.845,4.0,2.089358521829631e-06,-2.772509872108954e-08,29.42999999999735,3.9999999999729092,0.2718314644901984,4,-3.2791054445507894e-06,6.4819736847815876e-06,2.0530872041076263e-08,19.61918575532759,3.9999999999730327,0.40776411925116035,6,-3.0921961941751674e-06,9.229434197338368e-06,2.079042294916804e-09,9.808970379809939,3.999999999977009,0.8155799936373167,5,-1.985763341788571e-06,-8.714404269246211e-16,2.798778467330974e-11,1.8479990256252913e-11,7
8.85,4.0,2.0892198963524225e-06,-2.7725089436412663e-08,29.429999999956333,4.000000000010578,0.27183146449313716,4,-3.2791054445507894e-06,6.482076339208089e-06,2.053089435650296e-08,19.61918575529019,4.000000000017369,0.4077641192564574,6,-3.0921960543425775e-06,9.229444592681173e-06,2.079048964200891e-09,9.808970379779904,4.000000000030056,0.81557999365063,5,-1.9857633893269333e-06,8.391912094178202e-16,2.7953724807271082e-11,1.842401725224341e-11,7
8.855,4.0,2.089081270875449e-06,-2.7725096888073013e-08,29.429999999998195,3.9999999999742126,0.2718314644902792,4,-3.27910544454732e-06,6.482178993667136e-06,2.053089584438268e-08,19.619185755337895,3.9999999999736873,0.40776411925101286,6,-3.09219591468346e-06,9.229454988049746e-06,2.0791019086231165e-09,9.808970379836389,3.9999999999756755,0.8155799936348456,5,-1.98576343696244e-06,2.476643818975368e-16,2.791857958720355e-11,1.8400340191931045e-11,7
8.86,4.0,2.088942645403449e-06,-2.77250920406158e-08,29.429999999986766,3.999999999973411,0.27183146449033024,4,-3.2791054445507894e-06,6.482281648235643e-06,2.0530925127444712e-08,19.619185755330744,3.9999999999743117,0.4077641192512252,6,-3.0921957752047535e-06,9.229465383861716e-06,2.079194592662726e-09,9.808970379835888,3.9999999999799964,0.8155799936357683,5,-1.985763484438352e-06,-1.743631635070144e-15,2.788026001746401e-11,1.8394346763954913e-11,7
8.865,4.0,2.0888040199500166e-06,-2.7725089839118255e-08,29.42999999999264,3.9999999999810525,0.2718314644907953,4,-3.2791054445507894e-06,6.482384302919062e-06,2.053094398307614e-08,19.61918575534057,3.9999999999813713,0.4077641192517406,6,-3.0921956359133973e-06,9.229475780043173e-06,2.0792605112936833e-09,9.808970379850301,3.999999999984487,0.8155799936354855,5,-1.985763531782425e-06,-2.621500310103351e-16,2.7847154055048105e-11,1.838473489709692e-11,7
8.870000000000001,4.0,2.0886653945085133e-06,-2.7725088584128307e-08,29.429999999989363,3.9999999999835247,0.2718314644909936,4,-3.27910544454732e-06,6.4824869576882695e-06,2.05309559205425e-08,19.619185755342283,3.999999999983746,0.40776411925194705,6,-3.0921954967746967e-06,9.229486176368223e-06,2.0792867921508786e-09,9.808970379862416,3.99999999998587,0.8155799936347602,5,-1.985763579216704e-06,1.4058490411865002e-15,2.781272115407317e-11,1.833995827024616e-11,7
8.875,4.0,2.088526769071862e-06,-2.7725088620481025e-08,29.429999999997733,3.9999999999759557,0.2718314644904019,4,-3.27910544454732e-06,6.482589612502932e-06,2.0530965953532503e-08,19.619185755354646,3.999999999975637,0.4077641192508635,6,-3.092195357837224e-06,9.229496572891194e-06,2.0793304112920785e-09,9.808970379877751,3.999999999978322,0.815579993631946,5,-1.985763626546899e-06,-2.76360885725537e-16,2.7774369609910522e-11,1.8316886947616032e-11,7
8.88,4.0,2.0883881436403638e-06,-2.7725084603021597e-08,29.429999999993353,3.9999999999760782,0.2718314644904507,4,-3.27910544454732e-06,6.48269226741398e-06,2.053099157960068e-08,19.61918575535422,3.999999999976538,0.4077641192509642,6,-3.092195219073224e-06,9.229506969781425e-06,2.079407147558334e-09,9.808970379887683,3.9999999999805693,0.8155799936315785,5,-1.985763673773011e-06,-3.829422960895519e-16,2.773848364904096e-11,1.8306813227979793e-11,7
8.885,4.0,2.0882495182260223e-06,-2.772508306077583e-08,29.429999999994834,3.999999999979577,0.27183146449067475,4,-3.27910544454732e-06,6.482794922433929e-06,2.0531008009750173e-08,19.61918575536,3.9999999999797673,0.40776411925117323,6,-3.092195080475757e-06,9.229517366893699e-06,2.0794496454585106e-09,9.808970379898394,3.999999999982986,0.8155799936311807,5,-1.9857637210407564e-06,1.6030246503599282e-15,2.770744714234296e-11,1.827011369567778e-11,7
8.89,4.0,2.088110892816615e-06,-2.772508185921265e-08,29.429999999994877,3.999999999976736,0.2718314644904813,4,-3.27910544454732e-06,6.482897577532658e-06,2.0531026474676534e-08,19.619185755364896,3.9999999999755884,0.4077641192506455,6,-3.092194942072579e-06,9.229527764348882e-06,2.079522734549964e-09,9.808970379913045,3.9999999999768114,0.8155799936287035,5,-1.985763768141968e-06,3.18718655473547e-16,2.7665757823679076e-11,1.8256631147266736e-11,7
8.895,4.0,2.0879722674251517e-06,-2.772507290397276e-08,29.429999999957616,4.000000000008974,0.2718314644930163,4,-3.27910544454732e-06,6.4830002327331735e-06,2.0531049196220687e-08,19.619185755330687,4.000000000014552,0.40776411925532846,6,-3.0921948038498126e-06,9.229538162092563e-06,2.079533248017213e-09,9.808970379884874,4.000000000025045,0.8155799936408804,5,-1.985763815173791e-06,1.1163028763642595e-15,2.763321851909494e-11,1.8201780800779734e-11,7
8.9,4.0,2.087833642035076e-06,-2.7725080126497215e-08,29.43000000000239,3.9999999999701865,0.2718314644899668,4,-3.27910544454732e-06,6.483102887967276e-06,2.053104918428804e-08,19.619185755379903,3.999999999969944,0.4077641192497582,6,-3.0921946657935795e-06,9.229548559838735e-06,2.0795839739069937e-09,9.808970379938703,3.9999999999735456,0.8155799936259043,5,-1.9857638623582696e-06,1.7273696291179456e-15,2.759801467925171e-11,1.8185139889908235e-11,7
8.905,4.0,2.0876950166496947e-06,-2.7725074758625576e-08,29.42999999998819,3.99999999997347,0.27183146449032114,4,-3.27910544454732e-06,6.48320554330606e-06,2.0531079627866503e-08,19.61918575537089,3.9999999999744675,0.4077641192504067,6,-3.0921945279177576e-06,9.229558958036668e-06,2.0796695804436702e-09,9.808970379937408,3.9999999999810063,0.8155799936275331,5,-1.9857639093345814e-06,1.7483375148212655e-16,2.7561695287313333e-11,1.8171131539872727e-11,7
8.91,4.0,2.0875563912825617e-06,-2.7725072875823503e-08,29.429999999990745,3.9999999999799485,0.27183146449073775,4,-3.27910544454732e-06,6.483308198756655e-06,2.0531097362398158e-08,19.619185755376872,3.999999999979737,0.4077641192508195,6,-3.092194390222347e-06,9.229569356597202e-06,2.079736857157455e-09,9.80897037995197,3.9999999999828395,0.8155799936266961,5,-1.985763956185993e-06,5.301051193621766e-16,2.752529773567402e-11,1.8162050803709714e-11,7
8.915000000000001,4.0,2.0874177659271492e-06,-2.7725071291331266e-08,29.429999999986588,3.999999999983082,0.2718314644909891,4,-3.2791054445438506e-06,6.483410854296061e-06,2.053111134317983e-08,19.61918575537707,3.9999999999835323,0.40776411925120226,6,-3.092194252686531e-06,9.229579755310909e-06,2.079764863696366e-09,9.808970379959723,3.999999999986821,0.8155799936268634,5,-1.985764003141488e-06,1.0132741796790449e-15,2.7489646253907253e-11,1.811328270304082e-11,7
8.92,4.0,2.0872791405795984e-06,-2.7725070212106683e-08,29.4299999999974,3.99999999998766,0.2718314644912004,4,-3.2791054445438506e-06,6.483513509886613e-06,2.053111992848734e-08,19.619185755393232,3.999999999986601,0.40776411925117917,6,-3.0921941153658206e-06,9.229590154222567e-06,2.079795194282605e-09,9.80897037997997,3.9999999999861604,0.8155799936250452,5,-1.985764049985961e-06,-1.9642482795252578e-16,2.7452740664211877e-11,1.8092446037314656e-11,7
8.925,4.0,2.0871405152327807e-06,-2.7725067645206728e-08,29.4299999999903,3.9999999999741047,0.27183146449034473,4,-3.2791054445438506e-06,6.483616165551301e-06,2.053114271411596e-08,19.619185755389896,3.9999999999751523,0.40776411925008144,6,-3.092193978197766e-06,9.229600553452433e-06,2.0798753751138588e-09,9.808970379985363,3.999999999980926,0.8155799936235295,5,-1.9857640967055334e-06,1.801628220003273e-16,2.741846052992513e-11,1.8079466197889154e-11,7
8.93,4.0,2.087001889903269e-06,-2.7725065552568543e-08,29.4299999999893,3.999999999977958,0.27183146449061585,4,-3.279105444540381e-06,6.483718821332087e-06,2.0531161989007884e-08,19.619185755391594,3.999999999978674,0.4077641192504051,6,-3.0921938412031835e-06,9.22961095292485e-06,2.079923152273724e-09,9.808970379992463,3.999999999984504,0.8155799936236687,5,-1.985764143501434e-06,2.297580174565426e-15,2.738805640626196e-11,1.8042565937264297e-11,7
8.935,4.0,2.0868632645805085e-06,-2.7725062110858565e-08,29.42999999998917,3.9999999999830607,0.2718314644909638,4,-3.279105444571606e-06,6.483821477235337e-06,2.0531188756730107e-08,19.619185755395257,3.999999999983995,0.40776411925087147,6,-3.0921937044584014e-06,9.229621352829112e-06,2.0800030449911414e-09,9.808970380003057,3.999999999988548,0.8155799936236123,5,-1.98576419013774e-06,-4.075988165202672e-15,2.7332587887594845e-11,1.8016302501393765e-11,7
8.94,4.0,2.08672463927954e-06,-2.7725060036109158e-08,29.4299999999929,4.000000000012877,0.2718314644929556,4,-3.2791054445820145e-06,6.483924133203779e-06,2.0531192241147724e-08,19.619185755405155,4.000000000008747,0.40776411925318895,6,-3.092193567845458e-06,9.229631752897097e-06,2.080007401892083e-09,9.808970380024965,3.9999999999977462,0.8155799936236663,5,-1.9857642367254735e-06,-8.217024354214135e-16,2.7305283506616426e-11,1.7985621266063642e-11,7
8.945,4.0,2.0865860139726632e-06,-2.7725061820886577e-08,29.430000000005272,3.9999999999801172,0.27183146449061507,4,-3.2791054445820145e-06,6.484026789197863e-06,2.05312028633685e-08,19.619185755421434,3.9999999999790408,0.40776411924982237,6,-3.0921934313921096e-06,9.229642153037233e-06,2.0800512551893888e-09,9.808970380044256,3.999999999978272,0.8155799936180916,5,-1.9857642833617795e-06,-1.6089769116452035e-16,2.727676942663037e-11,1.7952321680752246e-11,7
8.950000000000001,4.0,2.086447388673188e-06,-2.772505754546814e-08,29.429999999981156,3.9999999999735696,0.27183146449039286,4,-3.2791054445820145e-06,6.4841294452894696e-06,2.0531230581665533e-08,19.619185755401137,3.999999999975298,0.40776411924986267,6,-3.0921932951122333e-06,9.22965255356931e-06,2.080134399151087e-09,9.808970380031251,3.999999999983994,0.8155799936203396,5,-1.9857643298662464e-06,-1.7155583220092188e-16,2.7241570915857653e-11,1.7941599590869623e-11,7
8.955,4.0,2.0863087633910234e-06,-2.7725056135237594e-08,29.429999999997428,3.999999999976061,0.27183146449041184,4,-3.2791054445820145e-06,6.484232101492535e-06,2.053124757960578e-08,19.61918575542076,3.999999999975963,0.4077641192495226,6,-3.092193159026646e-06,9.229662954453002e-06,2.0802053257421042e-09,9.808970380056612,3.999999999979253,0.8155799936172643,5,-1.985764376259691e-06,-9.86903621485637e-16,2.7203926361717085e-11,1.7938528269894305e-11,7
8.96,4.0,2.0861701381229192e-06,-2.772505123168599e-08,29.429999999955548,3.999999999994211,0.2718314644920321,4,-3.2791054445820145e-06,6.48433475778803e-06,2.053126944329272e-08,19.61918575538182,3.9999999999965374,0.4077641192524293,6,-3.0921930230867756e-06,9.229673355585719e-06,2.0802228453000087e-09,9.808970380021236,4.000000000006717,0.8155799936258055,5,-1.985764422632319e-06,1.5692738704113234e-15,2.7177442657598467e-11,1.7870118991652157e-11,7
8.965,4.0,2.0860315128615934e-06,-2.7725054025995798e-08,29.429999999996433,3.9999999999846443,0.27183146449100437,4,-3.2791054445820145e-06,6.484437414122819e-06,2.0531265985707625e-08,19.619185755428884,3.9999999999835176,0.4077641192501239,6,-3.092192887341194e-06,9.229683756750952e-06,2.080247632146266e-09,9.808970380078792,3.9999999999833045,0.8155799936162462,5,-1.985764469074336e-06,3.435876512251506e-16,2.7133614605299943e-11,1.7854355601059323e-11,7
8.97,4.0,2.085892887597938e-06,-2.772505055485794e-08,29.429999999988638,3.9999999999699862,0.2718314644900802,4,-3.2791054445820145e-06,6.484540070528728e-06,2.053129312657954e-08,19.619185755424862,3.9999999999713562,0.4077641192489677,6,-3.092192751776024e-06,9.22969415826999e-06,2.0803347091061735e-09,9.808970380080178,3.9999999999798224,0.815579993615421,5,-1.985764515377575e-06,-9.517248810671126e-17,2.7100375416121084e-11,1.7847278595411155e-11,7
8.975,4.0,2.085754262352977e-06,-2.7725047901060666e-08,29.42999999999218,3.999999999979491,0.27183146449069345,4,-3.2791054445820145e-06,6.484642727052891e-06,2.053131247036187e-08,19.619185755432024,3.9999999999800906,0.40776411924970923,6,-3.092192616377387e-06,9.229704560168321e-06,2.080406597758692e-09,9.808970380094618,3.9999999999839275,0.8155799936150574,5,-1.985764561555914e-06,8.232039978632182e-16,2.7066510949334753e-11,1.7839752171482615e-11,7
8.98,4.0,2.085615637120713e-06,-2.7725047280083372e-08,29.42999999999183,3.9999999999807665,0.2718314644907834,4,-3.279105444578545e-06,6.4847453836672645e-06,2.053132575368217e-08,19.619185755435907,3.999999999980578,0.40776411924967826,6,-3.0921924811591617e-06,9.229714962220491e-06,2.0804378209184266e-09,9.808970380110498,3.999999999982324,0.8155799936134099,5,-1.9857646078244584e-06,3.5957486277975286e-16,2.7028020849338626e-11,1.779604846416285e-11,7
8.985,4.0,2.0854770118976177e-06,-2.772503887733956e-08,29.429999999964686,4.000000000004526,0.2718314644926487,4,-3.279105444578545e-06,6.484848040356316e-06,2.0531347854408786e-08,19.619185755411532,4.000000000011081,0.40776411925329437,6,-3.0921923461144085e-06,9.229725364570508e-06,2.0804591626427966e-09,9.808970380085544,4.000000000023936,0.8155799936239694,5,-1.985764653947286e-06,6.810954507111982e-16,2.699632353789637e-11,1.7754952448683323e-11,7
8.99,4.0,2.08533838667794e-06,-2.7725043861948085e-08,29.429999999998728,3.999999999975859,0.27183146449038614,4,-3.279105444578545e-06,6.4849506970848515e-06,2.0531352031526805e-08,19.619185755449514,3.9999999999767266,0.4077641192490028,6,-3.0921922112639444e-06,9.229735767068805e-06,2.0805294092544267e-09,9.808970380131614,3.999999999981521,0.8155799936114906,5,-1.985764700014603e-06,7.770187200388117e-16,2.6962364924197555e-11,1.7757995347949215e-11,7
8.995000000000001,4.0,2.085199761467652e-06,-2.7725041946099358e-08,29.429999999994514,3.9999999999717497,0.2718314644901458,4,-3.2791054445750756e-06,6.485053353920296e-06,2.0531372862739367e-08,19.61918575545036,3.999999999972086,0.4077641192485122,6,-3.092192076573075e-06,9.229746169831956e-06,2.0805896975495035e-09,9.808970380143824,3.999999999975736,0.8155799936092958,5,-1.9857647461374306e-06,-6.351849672843874e-16,2.692185865918871e-11,1.7720704288819685e-11,7
9.0,4.0,2.0850611362697243e-06,-2.7725038797110282e-08,29.429999999988404,3.999999999980834,0.2718314644908196,4,-3.2791054445750756e-06,6.48515601085447e-06,2.0531394314377145e-08,19.61918575544751,3.999999999980472,0.4077641192494263,6,-3.0921919420626165e-06,9.2297565729821e-06,2.0806523524587776e-09,9.80897038014661,3.999999999983584,0.8155799936106644,5,-1.985764792079847e-06,-6.884756724663949e-16,2.688698166900393e-11,1.7704443518311815e-11,7
9.005,4.0,2.0849225110828137e-06,-2.7725036159084252e-08,29.42999999998541,3.9999999999821947,0.2718314644909397,4,-3.2791054445750756e-06,6.4852586678740834e-06,2.0531411765492717e-08,19.6191857554477,3.999999999983146,0.40776411924969497,6,-3.0921918077256305e-06,9.229766976427658e-06,2.08070802937727e-09,9.808970380151932,3.9999999999891047,0.8155799936113475,5,-1.985764837932058e-06,4.181946384799612e-16,2.6853971629857357e-11,1.7684120219712238e-11,7
9.01,4.0,2.084783885905459e-06,-2.772503644243332e-08,29.42999999999511,3.999999999976532,0.2718314644904653,4,-3.2791054445750756e-06,6.485361324967196e-06,2.0531422537263763e-08,19.61918575546254,3.999999999976694,0.4077641192487288,6,-3.092191673555178e-06,9.229777379993591e-06,2.0807410208416484e-09,9.808970380175777,3.9999999999797553,0.8155799936074585,5,-1.9857648838675357e-06,4.643799163043678e-16,2.6819490767247755e-11,1.7647411805626027e-11,7
9.015,4.0,2.0846452607353853e-06,-2.772503561527704e-08,29.429999999994052,3.999999999971023,0.2718314644901007,4,-3.2791054445750756e-06,6.485463982094926e-06,2.0531429972916524e-08,19.61918575546452,3.9999999999711258,0.40776411924811995,6,-3.0921915395790145e-06,9.229787783675139e-06,2.080772265540985e-09,9.808970380183283,3.9999999999762337,0.8155799936061164,5,-1.985764929747502e-06,-5.303799137597725e-16,2.678153179794661e-11,1.762087303444539e-11,7
9.02,4.0,2.0845066355705145e-06,-2.772503166391858e-08,29.42999999999148,3.999999999971697,0.2718314644901702,4,-3.2791054445750756e-06,6.485566639325344e-06,2.053145605229322e-08,19.619185755464983,3.9999999999722933,0.40776411924822936,6,-3.0921914057624456e-06,9.229798187783766e-06,2.0808554042796224e-09,9.80897038019198,3.9999999999778746,0.8155799936057279,5,-1.9857649754956297e-06,9.741943292122397e-16,2.6746601517056646e-11,1.7615185139845628e-11,7
9.025,4.0,2.0843680104236644e-06,-2.77250299131368e-08,29.429999999992795,3.999999999982682,0.2718314644909046,4,-3.2791054445681367e-06,6.48566929666549e-06,2.0531471289576475e-08,19.619185755471328,3.9999999999821276,0.40776411924910005,6,-3.092191272126288e-06,9.229808592122413e-06,2.0808899270102133e-09,9.80897038020572,3.999999999983106,0.8155799936056521,5,-1.985765021250696e-06,1.3185279096704326e-17,2.6710227058056246e-11,1.756811701267204e-11,7
9.03,4.0,2.0842293852808233e-06,-2.772502756916737e-08,29.429999999992244,3.9999999999768496,0.2718314644905133,4,-3.2791054445681367e-06,6.4857719540788295e-06,2.0531490504152866e-08,19.619185755473694,3.999999999977696,0.4077641192485991,6,-3.092191138684419e-06,9.229818996754049e-06,2.0809515636928774e-09,9.808970380209644,3.999999999983519,0.8155799936054101,5,-1.985765066901679e-06,-1.3990184082264948e-15,2.667846046869725e-11,1.7549927118636583e-11,7
9.035,4.0,2.084090760150166e-06,-2.772502495045902e-08,29.42999999999548,3.9999999999834728,0.27183146449093354,4,-3.2791054445681367e-06,6.485874611575227e-06,2.0531505515225312e-08,19.619185755480565,3.999999999984383,0.40776411924913797,6,-3.092191005395206e-06,9.229829401689717e-06,2.0810075825548218e-09,9.808970380222638,3.999999999988326,0.8155799936053097,5,-1.9857651124693954e-06,-5.019582043293683e-16,2.6644567580201495e-11,1.7544358239945063e-11,7
9.040000000000001,4.0,2.083952135037234e-06,-2.7725023381286398e-08,29.429999999999346,4.000000000015052,0.2718314644930439,4,-3.2791054445646672e-06,6.4859772691472404e-06,2.0531511623826214e-08,19.619185755490513,4.000000000010069,0.4077641192515497,6,-3.0921908722794655e-06,9.229839806691212e-06,2.0809887878961088e-09,9.808970380248164,3.9999999999962697,0.815579993604807,5,-1.9857651581273172e-06,-1.372373055635491e-15,2.6602558517306516e-11,1.746249838771498e-11,7
9.045,4.0,2.0838135099118717e-06,-2.772502380106157e-08,29.42999999999501,3.999999999967401,0.2718314644898457,4,-3.2791054445681367e-06,6.486079926744793e-06,2.053152969088615e-08,19.619185755487273,3.999999999967714,0.4077641192472993,6,-3.092190739364953e-06,9.229850211916899e-06,2.0810834019227e-09,9.808970380247171,3.9999999999732916,0.8155799936002045,5,-1.9857652036811557e-06,-1.3741494124748911e-15,2.656848444041314e-11,1.747686200911837e-11,7
9.05,4.0,2.0836748848071233e-06,-2.772501952123214e-08,29.429999999988674,3.999999999976522,0.27183146449052403,4,-3.2791054445681367e-06,6.486182584472624e-06,2.05315548146064e-08,19.6191857554845,3.999999999977494,0.4077641192483539,6,-3.0921906066030957e-06,9.229860617554981e-06,2.0811551197065536e-09,9.80897038024846,3.999999999983796,0.8155799936022391,5,-1.9857652490962163e-06,-2.053066121495264e-16,2.653962929991392e-11,1.7460386299432936e-11,7
9.055,4.0,2.083536259719411e-06,-2.7725017230122004e-08,29.42999999998743,3.999999999999839,0.2718314644921201,4,-3.2791054445646672e-06,6.486285242292519e-06,2.0531568690413127e-08,19.619185755490072,3.999999999997413,0.4077641192502687,6,-3.0921904740008332e-06,9.229871023412243e-06,2.08117417972217e-09,9.808970380271075,3.9999999999905134,0.8155799936017284,5,-1.985765294518216e-06,3.983063168770791e-17,2.650379662974954e-11,1.7401608427974018e-11,7
9.06,4.0,2.0833976346296287e-06,-2.7725016931138756e-08,29.429999999985178,3.9999999999744955,0.2718314644904186,4,-3.2791054445646672e-06,6.486387900171861e-06,2.0531583464975078e-08,19.619185755488356,3.99999999997537,0.4077641192480572,6,-3.0921903416067376e-06,9.229881429514105e-06,2.081250596991896e-09,9.808970380271267,3.9999999999802562,0.8155799935996211,5,-1.985765339891643e-06,-6.014341873357824e-16,2.6466192931816277e-11,1.7405942738662152e-11,7
9.065,4.0,2.0832590095600343e-06,-2.7725009124590524e-08,29.429999999964835,4.000000000005203,0.27183146449269335,4,-3.2791054445646672e-06,6.486490558143466e-06,2.0531601919124163e-08,19.619185755470284,4.000000000010878,0.40776411925205264,6,-3.0921902093791753e-06,9.22989183587163e-06,2.0812594171217103e-09,9.808970380255275,4.000000000021215,0.815579993609302,5,-1.9857653851748647e-06,1.6950468096392629e-16,2.6433960936965362e-11,1.7358005972994095e-11,7
9.07,4.0,2.0831203844916754e-06,-2.772501195337312e-08,29.429999999951608,3.999999999981104,0.2718314644911778,4,-3.2791054445646672e-06,6.4865932161515366e-06,2.053161413735347e-08,19.61918575546178,3.999999999983798,0.40776411924946876,6,-3.0921900773042688e-06,9.229902242332728e-06,2.0813006578417273e-09,9.808970380249082,3.999999999998371,0.8155799936051592,5,-1.985765430478903e-06,1.6527626418631354e-15,2.6404487624286032e-11,1.7315412488698958e-11,7
9.075000000000001,4.0,2.0829817594288327e-06,-2.772501183457143e-08,29.429999999990827,3.999999999969098,0.2718314644899997,4,-3.2791054445646672e-06,6.48669587425323e-06,2.0531629101102613e-08,19.619185755505242,3.999999999969442,0.407764119247102,6,-3.092189945437529e-06,9.229912649092397e-06,2.0813875883555552e-09,9.808970380306961,3.9999999999746745,0.8155799935955151,5,-1.9857654757551857e-06,-2.7103181520733587e-16,2.6359870869550816e-11,1.732022463937689e-11,7
9.08,4.0,2.0828431343825342e-06,-2.772500826310038e-08,29.42999999998941,3.9999999999824016,0.27183146449091683,4,-3.2791054445646672e-06,6.486798532459995e-06,2.0531648270447457e-08,19.61918575550631,3.999999999982247,0.4077641192483851,6,-3.092189813723445e-06,9.229923056234281e-06,2.081450997737744e-09,9.80897038031477,3.9999999999845643,0.8155799935968823,5,-1.985765520851057e-06,6.029357497775873e-16,2.6329484509456036e-11,1.7313838636539245e-11,7
9.085,4.0,2.0827045093462088e-06,-2.7725007079423e-08,29.42999999998248,3.9999999999822258,0.27183146449096884,4,-3.2791054445646672e-06,6.486901190738345e-06,2.0531661549093743e-08,19.619185755504063,3.999999999982285,0.4077641192484357,6,-3.0921896821758943e-06,9.229933463606089e-06,2.0814953981065783e-09,9.808970380320462,3.999999999985693,0.8155799935966392,5,-1.985765565919173e-06,1.0967629511308571e-15,2.6293383609408904e-11,1.7287749283638974e-11,7
9.09,4.0,2.0825658843237823e-06,-2.7725006928658988e-08,29.43000000000493,3.99999999999007,0.2718314644912946,4,-3.2791054445646672e-06,6.4870038490797666e-06,2.053166598917341e-08,19.619185755529728,3.999999999988286,0.407764119248514,6,-3.0921895508226327e-06,9.229943871011922e-06,2.0814884806795275e-09,9.808970380347999,3.999999999985704,0.8155799935943518,5,-1.9857656110913724e-06,-7.506481618454033e-16,2.6256184920835022e-11,1.72221519782736e-11,7
9.095,4.0,2.0824272592933555e-06,-2.7725004122496237e-08,29.4299999999947,3.9999999999703393,0.27183146449004825,4,-3.2791054445646672e-06,6.487106507472217e-06,2.053168874994537e-08,19.619185755521734,3.9999999999718865,0.4077641192470084,6,-3.0921894196359045e-06,9.229954278725574e-06,2.0815788641052433e-09,9.80897038034627,3.999999999978683,0.815579993593064,5,-1.9857656561317327e-06,3.737857174949553e-16,2.622426911750152e-11,1.723101244618853e-11,7
9.1,4.0,2.0822886342849745e-06,-2.772500048650657e-08,29.429999999991665,3.999999999982454,0.27183146449089957,4,-3.279105444561198e-06,6.487209165976431e-06,2.0531707181329062e-08,19.619185755522537,3.9999999999832085,0.4077641192481459,6,-3.09218928861571e-06,9.229964686810583e-06,2.08163775375075e-09,9.808970380354083,3.9999999999870504,0.8155799935941205,5,-1.985765701047193e-06,2.2371840420258183e-15,2.619385966476783e-11,1.7220100286124093e-11,7
9.105,4.0,2.082150009283626e-06,-2.7724999462850147e-08,29.429999999987466,3.999999999978975,0.2718314644907019,4,-3.279105444561198e-06,6.487311824568589e-06,2.0531725358905866e-08,19.619185755522093,3.999999999979659,0.40776411924779327,6,-3.0921891577759264e-06,9.229975095175263e-06,2.081697004429156e-09,9.808970380362638,3.999999999984629,0.8155799935929156,5,-1.9857657458863254e-06,3.4501561169507637e-17,2.6153030102814216e-11,1.7191083497152485e-11,7
9.11,4.0,2.0820113842952947e-06,-2.772499822597593e-08,29.429999999997925,3.9999999999831197,0.27183146449088696,4,-3.279105444561198e-06,6.487414483242055e-06,2.053173652747213e-08,19.619185755536417,3.9999999999831424,0.40776411924785066,6,-3.0921890271096153e-06,9.229985503671927e-06,2.0817224100762726e-09,9.808970380382304,3.9999999999844364,0.8155799935912411,5,-1.985765790829541e-06,-9.161977442791018e-17,2.611990282411624e-11,1.714893587842403e-11,7
9.115,4.0,2.081872759310635e-06,-2.772500058226567e-08,29.429999999939763,3.999999999960834,0.2718314644899097,4,-3.2791054445646672e-06,6.487517141953667e-06,2.0531748071447415e-08,19.619185755491394,3.999999999957681,0.4077641192461909,6,-3.0921888966375932e-06,9.22999591234529e-06,2.08176925978767e-09,9.808970380368068,3.9999999999623355,0.8155799935879184,5,-1.9857658356617347e-06,-8.126081759035243e-15,2.6062187214047285e-11,1.710859659095809e-11,7
9.120000000000001,4.0,2.0817341343339367e-06,-2.772499414401757e-08,29.42999999999308,3.9999999999746194,0.27183146449035406,4,-3.279105444592423e-06,6.487619800779872e-06,2.0531773526364933e-08,19.61918575553714,3.9999999999748477,0.4077641192469901,6,-3.0921887663529213e-06,9.23000632140694e-06,2.081841955848219e-09,9.808970380396831,3.9999999999793068,0.8155799935889873,5,-1.985765880389845e-06,-3.2606403759179572e-15,2.603933793602208e-11,1.7105312107162035e-11,7
9.125,4.0,2.081595509375156e-06,-2.7724992421274605e-08,29.43000000000319,3.999999999986534,0.2718314644910704,4,-3.279105444602831e-06,6.487722459696861e-06,2.053178440888303e-08,19.619185755550024,3.9999999999857865,0.4077641192478374,6,-3.092188636213966e-06,9.230016730677544e-06,2.0818729446044465e-09,9.808970380414813,3.99999999998498,0.8155799935886489,5,-1.985765925166527e-06,-2.5682096049213346e-16,2.601194651355853e-11,1.7074167242696834e-11,7
9.13,4.0,2.0814568844191002e-06,-2.772499114088744e-08,29.429999999992567,3.9999999999772387,0.2718314644905368,4,-3.279105444602831e-06,6.487825118657756e-06,2.0531796907478184e-08,19.61918575554362,3.9999999999773035,0.40776411924710576,6,-3.0921885062415444e-06,9.230027140176269e-06,2.0819256635404076e-09,9.80897038041762,3.9999999999810836,0.815579993587621,5,-1.985765969790554e-06,1.5870374388053265e-15,2.5982247603560598e-11,1.7065859221758963e-11,7
9.135,4.0,2.0813182594725992e-06,-2.772498818994532e-08,29.429999999987807,3.9999999999820437,0.2718314644909073,4,-3.279105444602831e-06,6.4879277777029785e-06,2.0531816521498157e-08,19.619185755542528,3.9999999999821796,0.4077641192476255,6,-3.092188376442595e-06,9.23003754998326e-06,2.081981206320811e-09,9.808970380422828,3.9999999999857763,0.8155799935881448,5,-1.9857660143382527e-06,4.253000658375627e-16,2.594593531704958e-11,1.7041238915964875e-11,7
9.14,4.0,2.0811796345454686e-06,-2.772498793177198e-08,29.43000000000346,3.9999999999981983,0.2718314644918606,4,-3.279105444602831e-06,6.488030436819629e-06,2.0531819112720766e-08,19.619185755561684,3.999999999995514,0.4077641192485867,6,-3.092188246817118e-06,9.230047959811288e-06,2.0819630393998375e-09,9.80897038044732,3.999999999989832,0.8155799935869353,5,-1.9857660590177906e-06,-2.4971553313453246e-16,2.590929973359379e-11,1.6969829371020986e-11,7
9.145,4.0,2.081041009607423e-06,-2.772498559187604e-08,29.42999999999297,3.999999999971581,0.2718314644901486,4,-3.279105444602831e-06,6.488133095964491e-06,2.0531839483262108e-08,19.61918575555393,3.999999999972605,0.40776411924641254,6,-3.0921881173581744e-06,9.23005836990975e-06,2.0820513414950595e-09,9.808970380444519,3.999999999979408,0.8155799935850429,5,-1.9857661035585505e-06,1.6651971397389376e-15,2.588045525123561e-11,1.6982493018929072e-11,7
9.15,4.0,2.0809023846882626e-06,-2.7724982307760338e-08,29.429999999983043,3.9999999999766924,0.27183146449058765,4,-3.2791054445993617e-06,6.488235755225798e-06,2.0531861097837275e-08,19.619185755548063,3.999999999978112,0.4077641192470958,6,-3.0921879880727032e-06,9.230068780382626e-06,2.0821225463737322e-09,9.808970380448232,3.999999999983989,0.8155799935856681,5,-1.9857661479813493e-06,1.496163593610487e-17,2.584191363689114e-11,1.6968216439010815e-11,7
9.155,4.0,2.080763759786771e-06,-2.772497903704074e-08,29.429999999985153,4.0000000000036495,0.2718314644924001,4,-3.2791054445993617e-06,6.488338414591293e-06,2.0531878738267907e-08,19.61918575555457,4.000000000002668,0.4077641192494638,6,-3.0921878589537655e-06,9.2300791910853e-06,2.082136592593835e-09,9.808970380465137,3.9999999999981943,0.8155799935871589,5,-1.985766192418026e-06,5.404148640291032e-17,2.5809383214091208e-11,1.6901267326090662e-11,7
9.16,4.0,2.0806251348833338e-06,-2.772497957067388e-08,29.430000000000145,3.9999999999791402,0.27183146449059603,4,-3.2791054445993617e-06,6.488441074002181e-06,2.0531888296666724e-08,19.619185755571095,3.999999999980045,0.40776411924681416,6,-3.092187730015239e-06,9.230089602005577e-06,2.082210369149516e-09,9.808970380478264,3.9999999999837654,0.8155799935831255,5,-1.9857662367853135e-06,1.1536063699916656e-15,2.57779452507475e-11,1.6916217145251056e-11,7
9.165000000000001,4.0,2.0804865099949904e-06,-2.7724979785600405e-08,29.42999999999582,3.9999999999734794,0.27183146449025125,4,-3.2791054445958923e-06,6.488543733460352e-06,2.0531894282966494e-08,19.619185755569774,3.99999999997334,0.40776411924615813,6,-3.0921876012640626e-06,9.230100013005007e-06,2.0822326619938846e-09,9.808970380487969,3.999999999976975,0.815579993580934,5,-1.985766281152601e-06,2.103608882701324e-16,2.57392082371507e-11,1.6883370530933706e-11,7
9.17,4.0,2.0803478851090807e-06,-2.7724974735077926e-08,29.429999999987498,3.9999999999778377,0.27183146449062434,4,-3.2791054445958923e-06,6.4886463930126336e-06,2.0531921174663957e-08,19.619185755564693,3.9999999999791815,0.4077641192468592,6,-3.092187472665542e-06,9.230110424423257e-06,2.0823075116825924e-09,9.808970380486448,3.9999999999863336,0.8155799935829687,5,-1.985766325360294e-06,-2.3905739209813094e-16,2.5707633494330357e-11,1.6865441761353638e-11,7
9.175,4.0,2.080209260241089e-06,-2.7724974874751045e-08,29.429999999999396,3.999999999979554,0.27183146449063106,4,-3.2791054445958923e-06,6.48874905266075e-06,2.0531930932155198e-08,19.619185755579217,3.9999999999789884,0.40776411924653766,6,-3.0921873442266157e-06,9.230120835981857e-06,2.0823376775963327e-09,9.808970380510718,3.9999999999807843,0.8155799935798193,5,-1.9857663696859484e-06,1.498219596835314e-15,2.567155213420846e-11,1.683057898202357e-11,7
9.18,4.0,2.0800706353759692e-06,-2.7724971205736656e-08,29.429999999980996,3.999999999979644,0.27183146449080714,4,-3.2791054445958923e-06,6.488851712374004e-06,2.0531952722093962e-08,19.619185755564445,3.999999999980978,0.4077641192470475,6,-3.0921872159750396e-06,9.230131247879708e-06,2.0824002073705947e-09,9.808970380500835,3.9999999999882254,0.8155799935821582,5,-1.9857664138103748e-06,6.882008780687998e-16,2.5636147566042372e-11,1.6806466714285552e-11,7
9.185,4.0,2.079932010523905e-06,-2.7724970335242606e-08,29.429999999997005,3.9999999999807354,0.2718314644907334,4,-3.2791054445958923e-06,6.488954372169945e-06,2.0531963112158967e-08,19.619185755583754,3.9999999999805746,0.40776411924660505,6,-3.092187087903875e-06,9.23014166002852e-06,2.082454228813568e-09,9.808970380528438,3.9999999999819345,0.8155799935785805,5,-1.98576645787929e-06,-4.007058644835537e-16,2.5602361258956975e-11,1.6799114373327276e-11,7
9.19,4.0,2.079793385686613e-06,-2.7724969829800014e-08,29.43000000000267,3.999999999992465,0.2718314644914782,4,-3.2791054445958923e-06,6.489057032019595e-06,2.0531966968660298e-08,19.6191857555918,3.999999999991041,0.4077641192475048,6,-3.0921869599853657e-06,9.230152072191451e-06,2.0824380194577033e-09,9.80897038054244,3.999999999988127,0.8155799935786787,5,-1.9857665020731052e-06,1.3045967013406868e-15,2.5567367029220796e-11,1.67298559965159e-11,7
9.195,4.0,2.079654760840208e-06,-2.772496806282726e-08,29.429999999991708,3.999999999966281,0.2718314644898001,4,-3.279105444592423e-06,6.489159691911777e-06,2.0531988816534174e-08,19.6191857555852,3.9999999999670783,0.4077641192451992,6,-3.092186832247268e-06,9.230162484638965e-06,2.08252865677436e-09,9.808970380543686,3.999999999973549,0.8155799935756028,5,-1.9857665461420204e-06,2.5476980925513863e-16,2.5530782960113345e-11,1.673581389735525e-11,7
9.200000000000001,4.0,2.0795161360154035e-06,-2.7724963649891753e-08,29.429999999988055,3.999999999983722,0.271831464491019,4,-3.279105444592423e-06,6.489262351929447e-06,2.053201051778986e-08,19.61918575558373,3.999999999983916,0.4077641192469462,6,-3.0921867046826423e-06,9.230172897480073e-06,2.0825902262212966e-09,9.808970380547809,3.99999999998699,0.8155799935780006,5,-1.9857665900790966e-06,-5.786899447930548e-17,2.549952085609674e-11,1.6717950852978244e-11,7
9.205,4.0,2.079377511200823e-06,-2.7724962621614474e-08,29.429999999984943,3.999999999983143,0.2718314644910084,4,-3.279105444592423e-06,6.489365012018864e-06,2.0532023682698483e-08,19.61918575558328,3.9999999999831273,0.4077641192468751,6,-3.0921865772845503e-06,9.230183310567676e-06,2.082638352074211e-09,9.808970380554547,3.9999999999864606,0.8155799935773325,5,-1.985766633946784e-06,1.4395998211351058e-15,2.5466628056501566e-11,1.669734688999804e-11,7
9.21,4.0,2.0792388863950834e-06,-2.772496213458665e-08,29.429999999993868,3.9999999999809175,0.2718314644907748,4,-3.2791054445889534e-06,6.489467672180468e-06,2.0532034482412702e-08,19.619185755595858,3.9999999999803553,0.40776411924633116,6,-3.0921864500599305e-06,9.230193723768492e-06,2.0826655754161778e-09,9.808970380575227,3.9999999999809237,0.815579993574484,5,-1.9857666779116157e-06,5.301051193621773e-16,2.543055024909335e-11,1.665152754168255e-11,7
9.215,4.0,2.079100261599519e-06,-2.7724957599199923e-08,29.42999999999501,4.000000000008827,0.2718314644926609,4,-3.2791054445889534e-06,6.489570332405623e-06,2.0532047047479532e-08,19.61918575560125,4.000000000005595,0.40776411924879197,6,-3.092186323008783e-06,9.230204137220318e-06,2.082688254697682e-09,9.808970380585878,3.9999999999970886,0.8155799935768944,5,-1.985766721765425e-06,-6.334086104449867e-16,2.5394527508747152e-11,1.6623134253961576e-11,7
9.22,4.0,2.0789616368048677e-06,-2.772495831695498e-08,29.429999999988514,3.999999999977518,0.2718314644905932,4,-3.2791054445889534e-06,6.489672992671446e-06,2.0532059792588615e-08,19.619185755595552,3.9999999999777316,0.40776411924607003,6,-3.092186196131108e-06,9.230214550846698e-06,2.082752512544037e-09,9.808970380585777,3.9999999999817746,0.8155799935737803,5,-1.9857667655567846e-06,1.04524860278825e-15,2.536334356443148e-11,1.6616556404585278e-11,7
9.225,4.0,2.0788230120248726e-06,-2.7724954529023255e-08,29.429999999983288,3.999999999991924,0.2718314644916205,4,-3.279105444585484e-06,6.4897756530433585e-06,2.0532083034705357e-08,19.619185755595666,3.99999999999079,0.40776411924739886,6,-3.09218606939915e-06,9.230224964760616e-06,2.0827922877235854e-09,9.808970380600382,3.999999999987666,0.8155799935737672,5,-1.985766809341205e-06,4.303494899703355e-18,2.5325354397064066e-11,1.655864539526399e-11,7
9.23,4.0,2.078684387251757e-06,-2.7724953927381917e-08,29.42999999999194,3.999999999977777,0.27183146449057916,4,-3.279105444585484e-06,6.489878313487955e-06,2.0532094872301778e-08,19.6191857556055,3.9999999999781513,0.40776411924590605,6,-3.0921859428753584e-06,9.23023537891398e-06,2.0828578136756858e-09,9.808970380607011,3.999999999982462,0.8155799935721549,5,-1.9857668530492978e-06,-5.801179052629791e-16,2.529251844088775e-11,1.656318576334549e-11,7
9.235,4.0,2.0785457624900135e-06,-2.772495106566952e-08,29.42999999998547,3.999999999986072,0.27183146449120266,4,-3.279105444585484e-06,6.489980974012733e-06,2.0532111751436677e-08,19.619185755601126,3.9999999999864935,0.40776411924684736,6,-3.092185816490345e-06,9.230245793375407e-06,2.082909307846276e-09,9.808970380609814,3.9999999999899054,0.8155799935734395,5,-1.985766896660246e-06,2.0325546091253125e-16,2.5263061115419976e-11,1.6545280086404336e-11,7
9.24,4.0,2.078407137737353e-06,-2.7724950743456977e-08,29.429999999987963,3.9999999999811164,0.27183146449084283,4,-3.2791054445820145e-06,6.490083634602337e-06,2.0532122553505555e-08,19.61918575560925,3.9999999999804228,0.40776411924605965,6,-3.0921856902788036e-06,9.230256208052685e-06,2.0829600469681424e-09,9.808970380627377,3.99999999998124,0.8155799935702124,5,-1.9857669401948663e-06,-3.4776355567102e-17,2.5227077454924243e-11,1.6526463138404568e-11,7
9.245000000000001,4.0,2.0782685129991408e-06,-2.7724947503770193e-08,29.429999999954493,3.999999999990197,0.2718314644917691,4,-3.2791054445820145e-06,6.490186295253128e-06,2.0532136235499503e-08,19.619185755575845,3.999999999992105,0.40776411924794487,6,-3.0921855642546126e-06,9.230266622795775e-06,2.0829422095754603e-09,9.808970380592326,4.0000000000030616,0.815579993577576,5,-1.9857669838127534e-06,5.443159740773796e-16,2.5194587888331617e-11,1.6438192414341086e-11,7
9.25,4.0,2.0781298882556155e-06,-2.7724947292736878e-08,29.42999999999296,3.99999999997043,0.27183146449007045,4,-3.2791054445820145e-06,6.490288955953248e-06,2.053214904977754e-08,19.61918575561781,3.9999999999719544,0.4077641192450185,6,-3.092185438396955e-06,9.230277037772832e-06,2.0830296234766082e-09,9.808970380644064,3.999999999979458,0.8155799935684617,5,-1.985767027389007e-06,2.743097344885416e-16,2.5160703881620056e-11,1.6463263914772384e-11,7
9.255,4.0,2.077991263530032e-06,-2.7724944457880902e-08,29.429999999990233,3.9999999999822995,0.2718314644909023,4,-3.2791054445820145e-06,6.490391616757933e-06,2.053216706868706e-08,19.619185755618872,3.999999999982169,0.40776411924603767,6,-3.092185312698892e-06,9.23028745310692e-06,2.083091027023188e-09,9.808970380653829,3.999999999984426,0.8155799935686626,5,-1.985767070819544e-06,4.732617005013698e-16,2.5125510699917855e-11,1.644919161589065e-11,7
9.26,4.0,2.077852638815923e-06,-2.7724940269392105e-08,29.429999999947384,3.999999999988801,0.2718314644917399,4,-3.2791054445820145e-06,6.490494277652262e-06,2.053219068352822e-08,19.619185755577668,3.9999999999912768,0.4077641192478225,6,-3.092185187174301e-06,9.230297868706115e-06,2.0831211342584627e-09,9.808970380616643,4.000000000002803,0.8155799935755015,5,-1.985767114187631e-06,8.125458568268176e-16,2.509393418074068e-11,1.6384102348581344e-11,7
9.265,4.0,2.077714014108373e-06,-2.772494157624918e-08,29.430000000000934,3.999999999983321,0.27183146449087287,4,-3.2791054445820145e-06,6.4905969386034e-06,2.053219280038616e-08,19.619185755634017,3.9999999999834124,0.40776411924584965,6,-3.092185061816244e-06,9.230308284450285e-06,2.08317357010977e-09,9.808970380678149,3.999999999985282,0.815579993566815,5,-1.985767157611229e-06,5.833958245441853e-16,2.5060522684948405e-11,1.6394300413196344e-11,7
9.27,4.0,2.077575389411483e-06,-2.7724940753883605e-08,29.429999999987388,3.9999999999795124,0.27183146449073914,4,-3.279105444578545e-06,6.4906995995962725e-06,2.0532201103312482e-08,19.619185755623874,3.999999999979443,0.40776411924565586,6,-3.09218493662472e-06,9.230318700328345e-06,2.083194963516552e-09,9.808970380677088,3.999999999982996,0.8155799935664371,5,-1.985767200965438e-06,2.529934524157388e-16,2.5023164124258974e-11,1.6361009709669144e-11,7
9.275,4.0,2.0774367647163842e-06,-2.7724937102622758e-08,29.429999999990294,3.9999999999782285,0.27183146449062506,4,-3.279105444578545e-06,6.490802260666049e-06,2.053222324029195e-08,19.619185755629324,3.9999999999794333,0.40776411924554157,6,-3.0921848116274853e-06,9.23032911653061e-06,2.083265086999244e-09,9.808970380686393,3.9999999999851568,0.815579993566104,5,-1.985767244201686e-06,-8.714404269246196e-16,2.498852516589067e-11,1.6346528848714353e-11,7
9.28,4.0,2.077298140036965e-06,-2.7724936282280894e-08,29.429999999993736,3.9999999999787987,0.271831464490632,4,-3.279105444578545e-06,6.4909049218332106e-06,2.0532236880829083e-08,19.619185755635662,3.9999999999786744,0.4077641192453325,6,-3.0921846867690284e-06,9.230339532926661e-06,2.083307930059621e-09,9.80897038070345,3.999999999981244,0.815579993563888,5,-1.985767287507323e-06,-1.9109575743432365e-16,2.4955648353507046e-11,1.6314708968650175e-11,7
9.285,4.0,2.077159515365564e-06,-2.7724934216142728e-08,29.42999999998542,3.9999999999810747,0.2718314644908635,4,-3.2791054445750756e-06,6.4910075830591765e-06,2.0532250194159677e-08,19.619185755629303,3.999999999980993,0.407764119245701,6,-3.092184562084044e-06,9.230349949609141e-06,2.0833597586077887e-09,9.808970380703123,3.9999999999846363,0.8155799935646069,5,-1.985767330667243e-06,2.082640996997997e-15,2.4924606517738526e-11,1.6306374302359705e-11,7
9.290000000000001,4.0,2.077020890702593e-06,-2.7724931538579338e-08,29.4299999999864,3.9999999999829843,0.2718314644909842,4,-3.2791054445750756e-06,6.491110244368694e-06,2.053226854295316e-08,19.619185755634405,3.999999999983588,0.4077641192458595,6,-3.0921844375655927e-06,9.230360366563668e-06,2.083410498843584e-09,9.808970380714277,3.999999999987154,0.8155799935641929,5,-1.9857673737508352e-06,-1.143223023352858e-15,2.488717690277552e-11,1.627677664470162e-11,7
9.295,4.0,2.076882266052141e-06,-2.772493016999165e-08,29.430000000000387,3.999999999996528,0.2718314644917754,4,-3.2791054445750756e-06,6.4912129057557934e-06,2.0532280889905207e-08,19.619185755651152,3.99999999999441,0.40776411924661465,6,-3.092184313220614e-06,9.230370783703377e-06,2.0834362264192914e-09,9.808970380740387,3.9999999999875655,0.8155799935621058,5,-1.985767416855244e-06,-1.0050155862491098e-16,2.4854177521769983e-11,1.622817552157563e-11,7
9.3,4.0,2.0767436414041556e-06,-2.7724930243319465e-08,29.430000000000156,3.9999999999704836,0.2718314644900076,4,-3.2791054445958923e-06,6.491315567178036e-06,2.053229093745858e-08,19.619185755651692,3.9999999999717115,0.4077641192442895,6,-3.092184189083802e-06,9.23038120088504e-06,2.0834744158889867e-09,9.80897038073943,3.9999999999774882,0.8155799935601307,5,-1.9857674599943476e-06,-5.9980062654337415e-15,2.4803620629763814e-11,1.6195597137141028e-11,7
9.305,4.0,2.076605016765975e-06,-2.7724926253764342e-08,29.429999999990414,3.99999999998077,0.27183146449079665,4,-3.2791054446132395e-06,6.491418228695619e-06,2.0532310687740726e-08,19.619185755644985,3.999999999981362,0.4077641192454127,6,-3.0921840651135235e-06,9.230391618474343e-06,2.083543635913747e-09,9.808970380742128,3.999999999984417,0.815579993561319,5,-1.9857675029738564e-06,-2.3031840394812204e-15,2.478053154356529e-11,1.6197773174269294e-11,7
9.31,4.0,2.0764663921414596e-06,-2.7724924015559228e-08,29.429999999989207,3.9999999999861497,0.2718314644911734,4,-3.279105444616709e-06,6.491520890294361e-06,2.053232402670804e-08,19.619185755646875,3.9999999999867275,0.4077641192459204,6,-3.092183941282023e-06,9.230402036338546e-06,2.0835912135560305e-09,9.808970380750907,3.9999999999888667,0.8155799935614964,5,-1.9857675458631596e-06,-4.841946359353638e-16,2.4752148913985354e-11,1.618416095180897e-11,7
9.315,4.0,2.0763277675278307e-06,-2.7724922779917597e-08,29.42999999998795,3.9999999999909512,0.27183146449151135,4,-3.279105444616709e-06,6.491623551958387e-06,2.0532335996926362e-08,19.619185755648466,3.999999999990881,0.40776411924631073,6,-3.092183817596239e-06,9.230412454341177e-06,2.083607481008756e-09,9.808970380756675,3.99999999999232,0.815579993561721,5,-1.985767588794096e-06,9.404435492636373e-16,2.472436491666029e-11,1.6127894848920967e-11,7
9.32,4.0,2.076189142915139e-06,-2.772492096141838e-08,29.429999999990336,3.999999999981868,0.271831464490872,4,-3.279105444616709e-06,6.491726213675175e-06,2.053235017180317e-08,19.619185755652865,3.9999999999832547,0.40776411924544187,6,-3.0921836940978054e-06,9.23042287257724e-06,2.0836696637649666e-09,9.808970380764563,3.9999999999892286,0.8155799935604346,5,-1.985767631648705e-06,3.9830631687710316e-17,2.4687676042499315e-11,1.6126708242552245e-11,7
9.325000000000001,4.0,2.076050518320599e-06,-2.7724919816466505e-08,29.42999999999615,3.999999999994613,0.27183146449168444,4,-3.279105444616709e-06,6.4918288754563145e-06,2.0532355008012785e-08,19.619185755661768,3.999999999993056,0.407764119246256,6,-3.092183570765905e-06,9.230433290945254e-06,2.0836781155027955e-09,9.808970380781325,3.9999999999905116,0.8155799935593027,5,-1.9857676745033137e-06,-1.6445040484331846e-16,2.4651356650560935e-11,1.608914717718313e-11,7
9.33,4.0,2.0759118937234607e-06,-2.7724918253274083e-08,29.42999999998963,3.9999999999787157,0.2718314644906643,4,-3.2791054446132395e-06,6.491931537277842e-06,2.0532371934976627e-08,19.61918575565687,3.999999999978821,0.4077641192449067,6,-3.0921834475935994e-06,9.230443709550625e-06,2.083745392739718e-09,9.80897038078557,3.999999999982656,0.8155799935573479,5,-1.9857677172399613e-06,1.860596392072967e-15,2.4622018341001395e-11,1.6084235550522185e-11,7
9.335,4.0,2.0757732691415e-06,-2.7724916445623185e-08,29.43000000000269,3.999999999981348,0.27183146449072254,4,-3.27910544460977e-06,6.492034199208613e-06,2.053239042768624e-08,19.619185755673566,3.9999999999810107,0.40776411924478284,6,-3.092183324601705e-06,9.2304541283837e-06,2.0837897424422846e-09,9.80897038080716,3.9999999999813407,0.8155799935552845,5,-1.985767760025181e-06,-1.0384179698282419e-15,2.45869335170664e-11,1.6037355717173574e-11,7
9.34,4.0,2.0756346445681808e-06,-2.7724913691772172e-08,29.42999999999127,3.9999999999827014,0.27183146449092,4,-3.27910544460977e-06,6.492136861205806e-06,2.053240554854323e-08,19.61918575566393,3.9999999999830185,0.4077641192451878,6,-3.092183201762466e-06,9.230464547509682e-06,2.083846332612994e-09,9.808970380804071,3.999999999986212,0.8155799935565347,5,-1.9857678026924397e-06,-3.332043045863424e-16,2.455456474273885e-11,1.6028672884942584e-11,7
9.345,4.0,2.075496020004522e-06,-2.7724911963524383e-08,29.42999999999364,3.999999999986099,0.271831464491129,4,-3.27910544460977e-06,6.492239523273662e-06,2.0532418629070746e-08,19.61918575566848,3.9999999999862266,0.40776411924542033,6,-3.092183079082822e-06,9.230474966887675e-06,2.0838953754283695e-09,9.808970380814143,3.999999999987979,0.8155799935560575,5,-1.9857678452694927e-06,1.2353187846040787e-15,2.4523853309342457e-11,1.6013863397972505e-11,7
9.35,4.0,2.0753573954490327e-06,-2.772491060683077e-08,29.42999999998534,3.999999999980495,0.27183146449082485,4,-3.27910544460977e-06,6.492342185411746e-06,2.0532434171671884e-08,19.6191857556634,3.999999999981147,0.4077641192450081,6,-3.09218295657665e-06,9.230485386500346e-06,2.0839425884046663e-09,9.808970380815062,3.9999999999864952,0.8155799935556787,5,-1.9857678877979734e-06,-2.6747910152853315e-16,2.4485347222134778e-11,1.5983747044117314e-11,7
9.355,4.0,2.0752187709075295e-06,-2.7724910800713116e-08,29.430000000004163,3.999999999982432,0.2718314644907826,4,-3.27910544460977e-06,6.492444847595592e-06,2.0532436361424063e-08,19.61918575568458,3.999999999982101,0.4077641192446651,6,-3.0921828342578284e-06,9.230495806075728e-06,2.083935096486772e-09,9.808970380840819,3.9999999999829647,0.8155799935528172,5,-1.985767930472171e-06,-3.79389582410749e-16,2.445330529746568e-11,1.5930367521093337e-11,7
9.36,4.0,2.0750801463630625e-06,-2.772490727077119e-08,29.42999999999219,3.9999999999755875,0.27183146449042805,4,-3.27910544460977e-06,6.492547509833214e-06,2.0532456228339464e-08,19.619185755674575,3.9999999999768954,0.40776411924434236,6,-3.0921827120777845e-06,9.2305062259791e-06,2.084009081287739e-09,9.808970380837627,3.999999999983088,0.8155799935531077,5,-1.9857679729937128e-06,1.5692738704113257e-15,2.4424689965139783e-11,1.593193071511201e-11,7
9.365,4.0,2.074941521834434e-06,-2.772490409259535e-08,29.429999999980517,3.999999999984204,0.27183146449112144,4,-3.27910544460977e-06,6.49265017217856e-06,2.0532476770341983e-08,19.619185755666198,3.9999999999847007,0.40776411924531214,6,-3.092182590078152e-06,9.230516646228503e-06,2.084070000960061e-09,9.808970380840158,3.999999999987714,0.8155799935538404,5,-1.9857680154042323e-06,1.3753025785472387e-16,2.4384878255655147e-11,1.590652348323807e-11,7
9.370000000000001,4.0,2.0748028973171955e-06,-2.7724903034251925e-08,29.429999999989352,3.9999999999852225,0.27183146449110906,4,-3.27910544460977e-06,6.492752834595856e-06,2.0532488489158617e-08,19.619185755676874,3.999999999985855,0.40776411924520795,6,-3.0921824682450527e-06,9.230527066703956e-06,2.0841116287250146e-09,9.808970380851378,3.999999999989691,0.8155799935533107,5,-1.9857680577592407e-06,1.0555583474551937e-16,2.435291449068698e-11,1.5886418676529736e-11,7
9.375,4.0,2.0746642728085414e-06,-2.7724901632243894e-08,29.429999999992148,3.999999999986069,0.27183146449114076,4,-3.27910544460977e-06,6.492855497074113e-06,2.0532497957438078e-08,19.61918575568219,3.999999999986602,0.40776411924517364,6,-3.0921823465646092e-06,9.230537487291941e-06,2.0841351380477893e-09,9.808970380864624,3.999999999989213,0.8155799935521119,5,-1.985768100197516e-06,1.6225645755933333e-15,2.4324762787496163e-11,1.5850520281162295e-11,7
9.38,4.0,2.074525648309301e-06,-2.772489893894353e-08,29.42999999998881,4.0000000000052305,0.27183146449247375,4,-3.2791054446063006e-06,6.492958159600247e-06,2.0532507072770924e-08,19.619185755681762,4.000000000002209,0.40776411924677347,6,-3.092182225057638e-06,9.230547908068154e-06,2.0841559313357414e-09,9.808970380872998,3.9999999999956652,0.8155799935527311,5,-1.9857681425178297e-06,6.22475675010992e-16,2.428496706522308e-11,1.581496294630802e-11,7
9.385,4.0,2.0743870238101223e-06,-2.7724898258777716e-08,29.429999999980232,3.999999999976827,0.27183146449062273,4,-3.2791054446063006e-06,6.493060822175254e-06,2.0532524217709076e-08,19.61918575567466,3.9999999999782245,0.4077641192444761,6,-3.092182103738017e-06,9.230558329061424e-06,2.084222425894141e-09,9.808970380869868,3.9999999999857696,0.8155799935509738,5,-1.9857681847687547e-06,4.501690615891677e-16,2.425271730680377e-11,1.5800300896955612e-11,7
9.39,4.0,2.0742483993276056e-06,-2.7724895219357573e-08,29.429999999993484,3.9999999999964957,0.271831464491837,4,-3.279105444602831e-06,6.493163484851726e-06,2.053254130438296e-08,19.619185755691994,3.9999999999953277,0.40776411924585937,6,-3.092181982543296e-06,9.230568750322207e-06,2.0842599776626013e-09,9.808970380897934,3.999999999991516,0.8155799935498118,5,-1.9857682270404964e-06,7.894532179146155e-16,2.4222853195619772e-11,1.5763853607324798e-11,7
9.395,4.0,2.0741097748505984e-06,-2.7724895219575793e-08,29.42999999999288,3.99999999998055,0.2718314644907589,4,-3.279105444602831e-06,6.493266147589437e-06,2.0532553304452234e-08,19.61918575569279,3.9999999999803952,0.4077641192443206,6,-3.0921818615359253e-06,9.230579171792493e-06,2.0843176771689426e-09,9.80897038089928,3.9999999999834417,0.8155799935480536,5,-1.9857682692636658e-06,1.961500335549317e-16,2.4185817931875116e-11,1.5756959566431087e-11,7
9.4,4.0,2.073971150383362e-06,-2.7724892124972363e-08,29.42999999998533,3.999999999983758,0.27183146449104667,4,-3.279105444602831e-06,6.493368810406098e-06,2.0532569921356297e-08,19.619185755687084,3.9999999999847344,0.4077641192448815,6,-3.092181740695088e-06,9.230589593560719e-06,2.0843717777290174e-09,9.808970380900483,3.999999999989233,0.8155799935491344,5,-1.9857683113480573e-06,-3.4776355567100886e-17,2.4153321259855128e-11,1.5740245824929167e-11,7
9.405,4.0,2.073832525927101e-06,-2.7724890972384023e-08,29.429999999995214,3.9999999999850595,0.27183146449104384,4,-3.279105444602831e-06,6.493471473287565e-06,2.0532580309454972e-08,19.619185755698815,3.9999999999854703,0.4077641192447127,6,-3.0921816200069063e-06,9.23060001554293e-06,2.084414514957499e-09,9.808970380916508,3.999999999987776,0.8155799935475049,5,-1.9857683533769377e-06,1.546181231499122e-15,2.4125482195468047e-11,1.572378965516896e-11,7
9.41,4.0,2.0736939014833805e-06,-2.7724891327362584e-08,29.430000000002867,3.99999999998383,0.2718314644908896,4,-3.2791054445993617e-06,6.4935741362142165e-06,2.0532582945611696e-08,19.61918575570912,3.999999999983336,0.40776411924428096,6,-3.092181499499136e-06,9.230610437508226e-06,2.0844077498105863e-09,9.808970380932669,3.9999999999838325,0.815579993545357,5,-1.985768395544596e-06,-3.7228415505314847e-16,2.4087011635397157e-11,1.5664423809596205e-11,7
9.415000000000001,4.0,2.07355527703406e-06,-2.7724888374041914e-08,29.430000000002963,3.9999999999739386,0.2718314644902165,4,-3.2791054445993617e-06,6.493676799191447e-06,2.0532603816861778e-08,19.619185755711733,3.9999999999741944,0.40776411924329475,6,-3.092181379164838e-06,9.230620859790867e-06,2.0844899377719194e-09,9.808970380943583,3.999999999976893,0.8155799935430348,5,-1.9857684375734763e-06,-6.120923283721824e-16,2.4054825825824063e-11,1.5668157711672622e-11,7
9.42,4.0,2.073416652604421e-06,-2.7724884629744033e-08,29.42999999999651,3.9999999999855076,0.2718314644910623,4,-3.2791054445993617e-06,6.493779462273583e-06,2.0532622315233517e-08,19.619185755706987,3.9999999999855946,0.4077641192445555,6,-3.0921812589693176e-06,9.230631282409137e-06,2.0845422243739436e-09,9.80897038094212,3.9999999999873856,0.8155799935452958,5,-1.9857684794774566e-06,5.674086129895839e-16,2.402755341926875e-11,1.5652230896250562e-11,7
9.425,4.0,2.0732780281854117e-06,-2.7724882078402756e-08,29.429999999952294,3.999999999987024,0.2718314644915738,4,-3.2791054445958923e-06,6.49388212542245e-06,2.0532640036461344e-08,19.619185755664656,3.999999999989875,0.4077641192458717,6,-3.092181138940331e-06,9.230641705198085e-06,2.084559071889622e-09,9.808970380903519,4.0000000000036255,0.8155799935518165,5,-1.9857685213953147e-06,2.743097344885426e-16,2.399418810875429e-11,1.5585368824815535e-11,7
9.43,4.0,2.0731394037702863e-06,-2.7724882186933326e-08,29.429999999991555,3.999999999984498,0.2718314644910395,4,-3.2791054445958923e-06,6.4939847886311356e-06,2.0532646399082725e-08,19.61918575570691,3.999999999985294,0.40776411924452655,6,-3.0921810190917554e-06,9.230652128162817e-06,2.0846125238167176e-09,9.80897038095513,3.999999999988753,0.8155799935444928,5,-1.985768563306234e-06,-4.2379850339575587e-16,2.3959023348761524e-11,1.558437761769915e-11,7
9.435,4.0,2.0730007793689327e-06,-2.7724875273916987e-08,29.429999999962313,4.000000000006375,0.2718314644927963,4,-3.2791054445958923e-06,6.494087451903973e-06,2.053266123742382e-08,19.619185755678316,4.000000000012197,0.4077641192478633,6,-3.0921808993958355e-06,9.230662551350427e-06,2.0846262498580807e-09,9.808970380935058,4.00000000002205,0.8155799935529507,5,-1.9857686051338863e-06,1.6190118619145322e-15,2.3924666831130683e-11,1.554855027660529e-11,7
9.44,4.0,2.0728621549692223e-06,-2.772487980313845e-08,29.429999999987253,3.999999999978544,0.2718314644906746,4,-3.2791054445958923e-06,6.494190115202273e-06,2.053266602131095e-08,19.619185755706777,3.9999999999790243,0.4077641192438901,6,-3.092180779873388e-06,9.230672974641747e-06,2.0846818829312915e-09,9.808970380969825,3.9999999999834506,0.8155799935421898,5,-1.9857686469129665e-06,4.3418185003456517e-16,2.3892235884313753e-11,1.5538165694522154e-11,7
9.445,4.0,2.0727235305799657e-06,-2.772487437574679e-08,29.429999999958383,3.9999999999885256,0.27183146449161955,4,-3.2791054445958923e-06,6.494292778602883e-06,2.0532693330668326e-08,19.61918575567895,3.9999999999911235,0.4077641192457019,6,-3.092180660510535e-06,9.230683398257658e-06,2.0847254349353514e-09,9.808970380940112,4.000000000003132,0.8155799935486733,5,-1.9857686886573522e-06,1.0061687523214458e-15,2.386553013559021e-11,1.5485832445676585e-11,7
9.450000000000001,4.0,2.0725849062020465e-06,-2.7724875935821328e-08,29.42999999999803,3.9999999999848814,0.2718314644910057,4,-3.2791054445958923e-06,6.494395442074028e-06,2.0532696684144477e-08,19.619185755721507,3.999999999983741,0.4077641192440648,6,-3.092180541300338e-06,9.230693822045625e-06,2.08478041167788e-09,9.808970380995495,3.9999999999832054,0.8155799935400054,5,-1.9857687304294935e-06,1.1180792332036615e-15,2.38271803677844e-11,1.5490591305649335e-11,7
9.455,4.0,2.072446281830762e-06,-2.7724873019911956e-08,29.42999999997963,3.999999999981914,0.271831464490974,4,-3.2791054445889534e-06,6.4944981056084895e-06,2.0532714634520395e-08,19.61918575570648,3.99999999998276,0.40776411924427713,6,-3.092180422263613e-06,9.230704246124272e-06,2.084835122270679e-09,9.808970380987539,3.9999999999883773,0.8155799935417215,5,-1.985768772048979e-06,-1.1698683759438611e-15,2.3793326559139107e-11,1.5475526023294382e-11,7
9.46,4.0,2.0723076574706604e-06,-2.7724872054417335e-08,29.429999999991924,3.9999999999825113,0.27183146449090106,4,-3.2791054445889534e-06,6.49460076921748e-06,2.0532726570844744e-08,19.61918575571935,3.9999999999824074,0.40776411924397366,6,-3.0921803034003603e-06,9.230714670436411e-06,2.084882105881656e-09,9.808970381004144,3.9999999999849427,0.8155799935396405,5,-1.985768813599076e-06,-1.239146292680471e-15,2.376144450658555e-11,1.545215804907207e-11,7
9.465,4.0,2.072169033125505e-06,-2.7724870962145046e-08,29.42999999999809,3.9999999999981024,0.27183146449190365,4,-3.2791054445889534e-06,6.494703432872813e-06,2.0532730017535682e-08,19.619185755728672,3.999999999995411,0.40776411924510547,6,-3.0921801846897634e-06,9.230725094757059e-06,2.0848635892105494e-09,9.808970381023633,3.999999999988873,0.8155799935388215,5,-1.985768855260195e-06,-4.806419222565639e-16,2.3730624715421956e-11,1.5387859260556296e-11,7
9.47,4.0,2.0720304087700842e-06,-2.772486903908002e-08,29.43000000000349,3.999999999969157,0.2718314644898867,4,-3.279105444616709e-06,6.494806096588567e-06,2.0532753510297583e-08,19.619185755734343,3.9999999999707656,0.4077641192424753,6,-3.0921800661803944e-06,9.230735519354237e-06,2.0849576826749725e-09,9.808970381027876,3.999999999977921,0.8155799935362357,5,-1.985768896844986e-06,-5.500626350401672e-15,2.368378573828065e-11,1.5385597958299738e-11,7
9.475,4.0,2.071891784438066e-06,-2.7724865484649053e-08,29.429999999992468,3.999999999988238,0.2718314644912852,4,-3.2791054446305867e-06,6.49490876040765e-06,2.0532767901535892e-08,19.619185755725752,3.9999999999883165,0.407764119244443,6,-3.0921799478167422e-06,9.230745944307662e-06,2.08500883728675e-09,9.808970381032541,3.9999999999885203,0.8155799935380089,5,-1.9857689382840604e-06,-1.1503284507104584e-15,2.3656809983317518e-11,1.5375431868107854e-11,7
9.48,4.0,2.071753160113784e-06,-2.7724864569908683e-08,29.429999999991878,3.999999999984902,0.27183146449106393,4,-3.2791054446305867e-06,6.495011424276878e-06,2.0532777315654634e-08,19.619185755727052,3.9999999999855875,0.4077641192441378,6,-3.0921798295988068e-06,9.230756369439975e-06,2.0850440702042133e-09,9.808970381035405,3.999999999988848,0.8155799935378376,5,-1.9857689796884403e-06,5.581784324231177e-17,2.3634625062750245e-11,1.5360798240464875e-11,7
9.485,4.0,2.0716145357967998e-06,-2.772486242726868e-08,29.42999999997745,3.9999999999859703,0.2718314644912698,4,-3.2791054446305867e-06,6.495114088200963e-06,2.0532791113005265e-08,19.619185755715165,3.999999999986627,0.4077641192444908,6,-3.092179711526588e-06,9.230766794785985e-06,2.0850824401034994e-09,9.808970381031667,3.999999999991113,0.8155799935386102,5,-1.9857690210164924e-06,1.1944625772978726e-15,2.360129883208626e-11,1.5331111764964816e-11,7
9.49,4.0,2.0714759114886444e-06,-2.7724862345754363e-08,29.429999999998856,3.9999999999835163,0.27183146449090534,4,-3.2791054446305867e-06,6.495216752195322e-06,2.0532800475469847e-08,19.61918575573882,3.999999999982824,0.4077641192436115,6,-3.0921795936278418e-06,9.230777220243386e-06,2.085112100844062e-09,9.808970381060767,3.999999999982781,0.8155799935344917,5,-1.985769062448628e-06,-2.408337489375299e-16,2.3564981216504722e-11,1.5292513307201492e-11,7
9.495000000000001,4.0,2.0713372871867837e-06,-2.7724858866206854e-08,29.429999999987647,3.999999999985797,0.27183146449116385,4,-3.2791054446305867e-06,6.495319416245268e-06,2.05328162355965e-08,19.61918575572956,3.999999999986799,0.40776411924420913,6,-3.09217947588869e-06,9.230787645958428e-06,2.0851581334019627e-09,9.808970381056412,3.9999999999911116,0.8155799935365525,5,-1.9857691037489245e-06,2.2457174298533583e-16,2.353521835766057e-11,1.5274376703871217e-11,7
9.5,4.0,2.0711986628958883e-06,-2.772485955263849e-08,29.42999999999741,3.9999999999767697,0.2718314644904602,4,-3.2791054446305867e-06,6.4954220803252074e-06,2.0532819392601513e-08,19.619185755742024,3.9999999999774207,0.4077641192429941,6,-3.092179358309133e-06,9.230798071732352e-06,2.0851842515155613e-09,9.808970381072376,3.9999999999818696,0.8155799935333408,5,-1.98576914505616e-06,5.070124804499757e-16,2.3502552931740843e-11,1.5258639958630967e-11,7
9.505,4.0,2.0710600386090087e-06,-2.7724856144360916e-08,29.42999999999314,3.9999999999794156,0.27183146449067946,4,-3.2791054446305867e-06,6.495524744488716e-06,2.0532839654043807e-08,19.619185755739203,3.9999999999799103,0.4077641192433065,6,-3.092179240903048e-06,9.230808497836803e-06,2.085246275470069e-09,9.808970381077897,3.9999999999833977,0.8155799935331933,5,-1.985769186259312e-06,-2.248465373829275e-16,2.3467077309301178e-11,1.5238680813183467e-11,7
9.51,4.0,2.0709214143372118e-06,-2.772485463738056e-08,29.429999999997065,3.999999999984107,0.271831464490962,4,-3.2791054446305867e-06,6.495627408741347e-06,2.053285310611538e-08,19.619185755744684,3.999999999984129,0.40776411924362266,6,-3.0921791236496188e-06,9.230818924121272e-06,2.085281438102722e-09,9.808970381089338,3.9999999999855085,0.8155799935326723,5,-1.985769227517975e-06,4.803671278589719e-16,2.343839447541538e-11,1.5202530175144835e-11,7
9.515,4.0,2.0707827900721373e-06,-2.7724852860773255e-08,29.429999999988915,3.999999999983673,0.2718314644910078,4,-3.2791054446271173e-06,6.495730073044398e-06,2.0532864009778458e-08,19.619185755738606,3.9999999999833955,0.4077641192436742,6,-3.092179006562723e-06,9.230829350653328e-06,2.0853272985601567e-09,9.808970381091026,3.999999999985384,0.8155799935325067,5,-1.9857692686309214e-06,1.0576831006640535e-15,2.3407208754742872e-11,1.519395925339473e-11,7
9.52,4.0,2.070644165814492e-06,-2.7724849768890604e-08,29.429999999981938,3.9999999999863123,0.2718314644912516,4,-3.2791054446271173e-06,6.495832737416876e-06,2.0532882013608062e-08,19.61918575573289,3.9999999999878533,0.40776411924424744,6,-3.092178889628483e-06,9.230839777447354e-06,2.085371922277803e-09,9.80897038108764,3.999999999993725,0.8155799935344888,5,-1.985769309653662e-06,6.153702476533911e-16,2.337359297791406e-11,1.516167752055231e-11,7
9.525,4.0,2.0705055415748444e-06,-2.7724843298267523e-08,29.42999999996396,4.000000000023647,0.27183146449395484,4,-3.279105444623648e-06,6.495935401862911e-06,2.053289422969232e-08,19.61918575571841,4.000000000027677,0.4077641192486081,6,-3.0921787728538375e-06,9.230850204342014e-06,2.08534860194365e-09,9.808970381086448,4.000000000029748,0.8155799935419328,5,-1.9857693507666085e-06,7.6458422216301215e-16,2.3339797789044468e-11,1.5084215927856582e-11,7
9.53,4.0,2.0703669173274408e-06,-2.7724849346874947e-08,29.429999999989693,3.9999999999719185,0.2718314644902018,4,-3.279105444623648e-06,6.4960380663056586e-06,2.053289517410766e-08,19.619185755744645,3.9999999999726277,0.407764119242451,6,-3.0921786562457254e-06,9.230860631286292e-06,2.0854197417571468e-09,9.808970381114237,3.999999999978547,0.8155799935291826,5,-1.9857693918934327e-06,1.139395515276465e-15,2.3307881985710962e-11,1.5102249502490177e-11,7
9.535,4.0,2.070228293091863e-06,-2.7724845318632264e-08,29.42999999999011,3.9999999999782374,0.2718314644906274,4,-3.279105444623648e-06,6.496140730848944e-06,2.0532917485606668e-08,19.619185755747267,3.9999999999787774,0.4077641192430234,6,-3.0921785398110857e-06,9.230871058624247e-06,2.0854937137743575e-09,9.808970381121513,3.999999999982558,0.8155799935293955,5,-1.985769432819029e-06,-3.5452058665914575e-16,2.3275927102526995e-11,1.5095328816243875e-11,7
9.540000000000001,4.0,2.070089668873021e-06,-2.7724842913947724e-08,29.4299999999931,3.9999999999905214,0.2718314644914345,4,-3.279105444623648e-06,6.496243395480375e-06,2.0532930363275692e-08,19.61918575575188,3.9999999999908287,0.40776411924415606,6,-3.092178423515224e-06,9.230881486217859e-06,2.0855320747328064e-09,9.808970381131743,3.999999999992162,0.815579993530503,5,-1.9857694737168696e-06,5.674086129895843e-16,2.324509487686553e-11,1.507278507159505e-11,7
9.545,4.0,2.0699510446624953e-06,-2.7724842360049107e-08,29.429999999990063,3.9999999999915725,0.271831464491534,4,-3.2791054446201784e-06,6.496346060170607e-06,2.053294068422302e-08,19.619185755751268,3.9999999999906986,0.4077641192441555,6,-3.0921783073858955e-06,9.23089191394598e-06,2.0855544159834024e-09,9.808970381139988,3.9999999999898197,0.8155799935293401,5,-1.985769514635527e-06,7.805714337176146e-16,2.3212498728862533e-11,1.502625695690064e-11,7
9.55,4.0,2.069812420453528e-06,-2.7724840753218755e-08,29.42999999999517,3.999999999981476,0.2718314644908007,4,-3.2791054446201784e-06,6.496448724913382e-06,2.05329544594587e-08,19.619185755757357,3.999999999981794,0.4077641192431212,6,-3.0921781914231006e-06,9.230902341896615e-06,2.085613075134972e-09,9.80897038114844,3.999999999984463,0.8155799935275452,5,-1.9857695554917343e-06,-5.889996894599785e-16,2.31794229645129e-11,1.5018659478698528e-11,7
9.555,4.0,2.069673796263377e-06,-2.7724837043507834e-08,29.42999999998616,4.000000000012716,0.27183146449300694,4,-3.2791054446201784e-06,6.4965513897249725e-06,2.0532962578859253e-08,19.619185755750816,4.0000000000094875,0.40776411924608025,6,-3.092178075626839e-06,9.230912770028069e-06,2.085618462473986e-09,9.808970381153788,4.000000000000984,0.815579993530469,5,-1.9857695962924304e-06,-4.184694328775545e-16,2.314278205198659e-11,1.4978774938583478e-11,7
9.56,4.0,2.06953517206983e-06,-2.7724837902133777e-08,29.429999999996042,3.9999999999792974,0.2718314644906446,4,-3.279105444616709e-06,6.496654054553991e-06,2.0532971737626535e-08,19.61918575576102,3.9999999999804214,0.4077641192429052,6,-3.0921779599762944e-06,9.230923198281253e-06,2.085673322032339e-09,9.808970381162034,3.9999999999855484,0.8155799935266361,5,-1.985769637058432e-06,2.0204685076189896e-15,2.3120320019752376e-11,1.497884421650022e-11,7
9.565,4.0,2.0693965478899855e-06,-2.7724834744059706e-08,29.429999999985917,3.9999999999925997,0.27183146449164214,4,-3.279105444616709e-06,6.496756719482403e-06,2.0532993548317478e-08,19.619185755754927,3.99999999999151,0.40776411924416217,6,-3.0921778444853443e-06,9.230933626797297e-06,2.0857117274621064e-09,9.80897038117169,3.999999999988442,0.8155799935264232,5,-1.9857696777897393e-06,-3.4386244562274364e-16,2.3081000361112254e-11,1.491548334439565e-11,7
9.57,4.0,2.0692579237177424e-06,-2.772483418642049e-08,29.429999999996223,3.9999999999811986,0.2718314644907721,4,-3.279105444616709e-06,6.4968593844729566e-06,2.0533002454010993e-08,19.619185755765677,3.9999999999809583,0.4077641192428631,6,-3.0921777291609276e-06,9.230944055522283e-06,2.085769666213289e-09,9.80897038118189,3.999999999982302,0.8155799935243232,5,-1.9857697185071688e-06,-1.6800311852211867e-16,2.3051450665088827e-11,1.492292272683906e-11,7
9.575000000000001,4.0,2.0691192995560886e-06,-2.7724831257292992e-08,29.429999999990905,3.9999999999868296,0.27183146449120393,4,-3.2791054446132395e-06,6.4969620495295825e-06,2.0533016670390067e-08,19.61918575576126,3.999999999987574,0.40776411924362926,6,-3.0921776139822277e-06,9.230954484503313e-06,2.085811612549247e-09,9.808970381180577,3.999999999990939,0.8155799935261934,5,-1.9857697591205148e-06,2.02046850761899e-15,2.302429372172808e-11,1.490547534996247e-11,7
9.58,4.0,2.0689806754019628e-06,-2.7724830289463273e-08,29.42999999998781,3.99999999998328,0.27183146449099127,4,-3.2791054446132395e-06,6.497064714648334e-06,2.0533030089873186e-08,19.619185755760686,3.9999999999833844,0.40776411924321415,6,-3.092177498977e-06,9.230964913707583e-06,2.0858597347894964e-09,9.80897038118579,3.999999999987554,0.8155799935250698,5,-1.985769799650594e-06,-2.2839925106172716e-16,2.2988109332909494e-11,1.4884203476810652e-11,7
9.585,4.0,2.0688420512579658e-06,-2.77248280939744e-08,29.429999999992233,3.9999999999891145,0.27183146449134693,4,-3.2791054446132395e-06,6.497167379837035e-06,2.053304218142579e-08,19.619185755766868,3.999999999989234,0.407764119243682,6,-3.0921773841244282e-06,9.230975343116449e-06,2.0858949881198237e-09,9.808970381198316,3.9999999999907816,0.8155799935246864,5,-1.9857698401667956e-06,-6.049869010145802e-16,2.2957710538316842e-11,1.4856073089901907e-11,7
9.59,4.0,2.0687034271280714e-06,-2.772482616310609e-08,29.42999999999789,4.000000000008886,0.27183146449263834,4,-3.27910544460977e-06,6.497270045073127e-06,2.0533044549728238e-08,19.619185755775028,4.000000000006057,0.4077641192452274,6,-3.0921772694383898e-06,9.230985772524066e-06,2.0858782335789996e-09,9.808970381213145,3.9999999999987086,0.8155799935250697,5,-1.985769880807897e-06,6.047121066169906e-16,2.2927084370048742e-11,1.4805876798334135e-11,7
9.595,4.0,2.068564802990669e-06,-2.7724825602090083e-08,29.429999999991935,3.9999999999773777,0.27183146449055207,4,-3.27910544460977e-06,6.4973727103295646e-06,2.053305984495591e-08,19.61918575577016,3.999999999978936,0.4077641192425637,6,-3.092177154911946e-06,9.23099620215402e-06,2.0859525198954004e-09,9.808970381212042,3.999999999984543,0.8155799935222732,5,-1.985769921296343e-06,-1.1023668160466502e-15,2.2893139967204645e-11,1.4800849708478633e-11,7
9.6,4.0,2.0684261788696422e-06,-2.7724822459984085e-08,29.429999999983252,3.9999999999842566,0.27183146449109974,4,-3.27910544460977e-06,6.497475375687736e-06,2.0533079418061546e-08,19.619185755762345,3.9999999999850915,0.4077641192433537,6,-3.0921770405381577e-06,9.231006632129013e-06,2.0860137637456927e-09,9.80897038121381,3.999999999989236,0.8155799935230831,5,-1.9857699617015223e-06,-6.689357472329891e-16,2.286238412488727e-11,1.4786720566178044e-11,7
9.605,4.0,2.068287554761044e-06,-2.7724820722296798e-08,29.429999999989615,3.999999999988752,0.2718314644913465,4,-3.27910544460977e-06,6.497578041118357e-06,2.053309021360094e-08,19.619185755770083,3.999999999989384,0.40776411924363043,6,-3.092176926317025e-06,9.231017062325694e-06,2.0860536765665177e-09,9.808970381224803,3.999999999991627,0.8155799935226565,5,-1.9857700020373126e-06,7.787950768782152e-16,2.2833459706471316e-11,1.4770161367721154e-11,7
9.61,4.0,2.06814893065928e-06,-2.772482000851394e-08,29.429999999986535,3.999999999984661,0.2718314644910969,4,-3.2791054446063006e-06,6.497680706607245e-06,2.0533101436171508e-08,19.619185755768953,3.9999999999859464,0.40776411924330347,6,-3.092176812262426e-06,9.231027492616282e-06,2.0860770399762024e-09,9.808970381231964,3.99999999999023,0.8155799935217762,5,-1.9857700424771862e-06,-6.263031830873828e-16,2.279746183512087e-11,1.47245871566495e-11,7
9.615,4.0,2.068010306564191e-06,-2.7724817768839488e-08,29.429999999988652,3.9999999999865707,0.27183146449120715,4,-3.2791054446063006e-06,6.497783372153136e-06,2.053311410282061e-08,19.619185755772424,3.999999999986975,0.4077641192433362,6,-3.0921766983535437e-06,9.231037923172193e-06,2.086128612475094e-09,9.808970381240178,3.9999999999893032,0.8155799935209043,5,-1.985770082771343e-06,-5.126163453657669e-16,2.2765165891423737e-11,1.4714394421105023e-11,7
9.620000000000001,4.0,2.0678716824796473e-06,-2.7724820651445907e-08,29.42999999993259,3.9999999999698495,0.2718314644905886,4,-3.279105444616709e-06,6.497886037739009e-06,2.053312116602918e-08,19.619185755727017,3.999999999966434,0.407764119242186,6,-3.0921765846320115e-06,9.231048353805872e-06,2.0861505185613097e-09,9.808970381224878,3.999999999970087,0.8155799935182584,5,-1.985770123072439e-06,-8.767346578058731e-15,2.271239032972515e-11,1.4660807064330833e-11,7
9.625,4.0,2.0677330583988555e-06,-2.7724814364708652e-08,29.429999999992027,3.9999999999835785,0.2718314644909726,4,-3.279105444640995e-06,6.497988703410408e-06,2.0533141446786432e-08,19.619185755778453,3.999999999983725,0.4077641192428796,6,-3.0921764710908906e-06,9.231058784769033e-06,2.086213857815516e-09,9.808970381254834,3.999999999986647,0.8155799935191441,5,-1.9857701632555735e-06,-3.328141935815165e-15,2.2695733431642097e-11,1.466046067474715e-11,7
9.63,4.0,2.067594434334704e-06,-2.7724810702755907e-08,29.429999999956685,3.999999999995276,0.271831464492094,4,-3.2791054446444645e-06,6.4980913691600604e-06,2.0533158122687667e-08,19.619185755744127,3.9999999999972933,0.4077641192449762,6,-3.0921763576816086e-06,9.231069215933957e-06,2.086228825053719e-09,9.808970381223617,4.000000000007118,0.8155799935259136,5,-1.985770203445647e-06,-5.641306937083748e-16,2.267413648518867e-11,1.460602244304689e-11,7
9.635,4.0,2.0674558102731975e-06,-2.772481234604507e-08,29.429999999995538,3.999999999982416,0.2718314644908612,4,-3.279105444647934e-06,6.498194034940728e-06,2.0533159220771366e-08,19.619185755785086,3.9999999999827907,0.4077641192426465,6,-3.0921762444111045e-06,9.231079647217309e-06,2.08627797759956e-09,9.808970381273259,3.9999999999858846,0.8155799935174567,5,-1.9857702436495983e-06,8.125458568268192e-16,2.2640561564567166e-11,1.4617728634618537e-11,7
9.64,4.0,2.067317186219476e-06,-2.772480953681479e-08,29.429999999984595,3.9999999999823617,0.2718314644909586,4,-3.279105444647934e-06,6.498296700784131e-06,2.053317517420596e-08,19.619185755776172,3.999999999983508,0.40776411924290484,6,-3.092176131293256e-06,9.231090078763796e-06,2.086329973888936e-09,9.808970381272493,3.9999999999876463,0.8155799935178796,5,-1.985770283707833e-06,1.496163593610675e-17,2.2607164279629603e-11,1.4598448057483685e-11,7
9.645,4.0,2.0671785621775396e-06,-2.7724807946377415e-08,29.429999999988915,3.9999999999870743,0.27183146449123896,4,-3.279105444647934e-06,6.498399366699656e-06,2.0533187737841248e-08,19.619185755780954,3.99999999998685,0.4077641192431462,6,-3.092176018341941e-06,9.231100510540958e-06,2.086371927379311e-09,9.80897038128418,3.999999999988098,0.815579993517,5,-1.985770323717495e-06,1.144376189425209e-16,2.2576944897077728e-11,1.457877312913049e-11,7
9.65,4.0,2.0670399381535164e-06,-2.7724804019179283e-08,29.42999999999732,4.000000000032357,0.2718314644942386,4,-3.2791054446444645e-06,6.4985020326739175e-06,2.0533192813504836e-08,19.61918575579407,4.000000000026961,0.4077641192469625,6,-3.0921759055502207e-06,9.231110942363496e-06,2.086335124533056e-09,9.808970381306302,4.000000000008633,0.8155799935193475,5,-1.985770363824302e-06,-1.0405427230370993e-16,2.254578049268729e-11,1.44948029649752e-11,7
9.655,4.0,2.06690131411448e-06,-2.7724806632088678e-08,29.429999999992766,3.999999999969383,0.2718314644900011,4,-3.2791054446444645e-06,6.498604698641402e-06,2.0533202483711834e-08,19.619185755788866,3.9999999999706337,0.40776411924132866,6,-3.092175792904217e-06,9.231121374284001e-06,2.0864196513091136e-09,9.808970381302274,3.999999999977037,0.8155799935132403,5,-1.985770403903353e-06,2.8852058920374544e-16,2.2515507819430232e-11,1.4519588471955353e-11,7
9.66,4.0,2.066762690094845e-06,-2.7724801793540343e-08,29.429999999986897,3.999999999984545,0.2718314644910857,4,-3.2791054446444645e-06,6.498707364722824e-06,2.0533224347704525e-08,19.619185755783892,3.9999999999854534,0.40776411924294276,6,-3.092175680424747e-06,9.23113180659453e-06,2.086479636758207e-09,9.808970381300666,3.999999999990173,0.8155799935160523,5,-1.9857704438158708e-06,-3.8827136660774995e-16,2.2482657652399206e-11,1.4504244301576614e-11,7
9.665000000000001,4.0,2.066624066087376e-06,-2.7724800924141736e-08,29.42999999999092,3.9999999999863434,0.27183146449117074,4,-3.2791054446444645e-06,6.4988100308708715e-06,2.0533234090895537e-08,19.619185755788877,3.999999999986838,0.4077641192429803,6,-3.0921755680909935e-06,9.231142239121969e-06,2.0865211824462856e-09,9.80897038131238,3.9999999999894658,0.8155799935149342,5,-1.9857704836659384e-06,1.3294656970922923e-15,2.2454715559315434e-11,1.4484880235670312e-11,7
9.67,4.0,2.0664854420871355e-06,-2.7724799501825898e-08,29.429999999983483,3.9999999999878555,0.2718314644913422,4,-3.279105444640995e-06,6.498912697073812e-06,2.0533245531243492e-08,19.61918575578393,3.9999999999879923,0.4077641192432008,6,-3.0921754559168346e-06,9.231152671846006e-06,2.0865582269719855e-09,9.808970381313777,3.9999999999907976,0.8155799935150895,5,-1.9857705234743728e-06,-2.801932457895641e-18,2.2421101558843462e-11,1.4459254511905123e-11,7
9.675,4.0,2.0663468180959987e-06,-2.7724797532799394e-08,29.429999999988816,3.9999999999968345,0.27183146449190315,4,-3.279105444640995e-06,6.499015363346084e-06,2.0533259624778386e-08,19.61918575579188,3.999999999995352,0.40776411924378586,6,-3.0921753438953314e-06,9.231163104725928e-06,2.0865812300501957e-09,9.808970381333243,3.999999999991381,0.81557999351359,5,-1.9857705633244405e-06,-1.0739451066162467e-15,2.238837928950487e-11,1.440535806904088e-11,7
9.68,4.0,2.066208194109809e-06,-2.7724796747771406e-08,29.429999999991196,3.9999999999833733,0.27183146449096635,4,-3.279105444640995e-06,6.4991180296606444e-06,2.0533266565848037e-08,19.619185755793172,3.9999999999837033,0.40776411924257144,6,-3.0921752320403617e-06,9.231173537765724e-06,2.0866287299985187e-09,9.808970381334,3.999999999985817,0.8155799935123926,5,-1.9857706031398137e-06,7.823477905570151e-16,2.2360472723557893e-11,1.4410482858522551e-11,7
9.685,4.0,2.0660695701361673e-06,-2.7724796170305576e-08,29.42999999998834,3.9999999999833546,0.2718314644909915,4,-3.2791054446375256e-06,6.499220696012972e-06,2.0533271575123033e-08,19.619185755792362,3.9999999999829683,0.4077641192425134,6,-3.0921751203311088e-06,9.23118397090433e-06,2.0866439315176953e-09,9.808970381338982,3.9999999999854743,0.8155799935119084,5,-1.9857706429274313e-06,-2.283992510617276e-16,2.2326554966066386e-11,1.4381975883963855e-11,7
9.69,4.0,2.0659309461633327e-06,-2.7724793046079557e-08,29.429999999987572,3.999999999979255,0.27183146449071993,4,-3.2791054446375256e-06,6.499323362428078e-06,2.053329140738579e-08,19.61918575579237,3.999999999980271,0.40776411924223827,6,-3.092175008795328e-06,9.231194404316931e-06,2.086704564164534e-09,9.808970381341906,3.999999999986338,0.8155799935118414,5,-1.985770682590149e-06,-4.3090393075335614e-16,2.2297124285951204e-11,1.436194035517226e-11,7
9.695,4.0,2.065792322207462e-06,-2.7724790543005358e-08,29.429999999994386,3.999999999992308,0.27183146449154405,4,-3.2791054446375256e-06,6.499426028933809e-06,2.05333047888676e-08,19.619185755800146,3.999999999992262,0.40776411924329903,6,-3.0921748973983254e-06,9.231204837930867e-06,2.0867296721512166e-09,9.808970381356145,3.999999999993249,0.8155799935120666,5,-1.9857707223083776e-06,-9.907359815496812e-18,2.226787657059048e-11,1.4318515535876283e-11,7
9.700000000000001,4.0,2.0656536982544283e-06,-2.7724789380028178e-08,29.429999999985178,3.9999999999826366,0.2718314644909719,4,-3.2791054446375256e-06,6.4995286954816795e-06,2.0533316155040842e-08,19.61918575579368,3.999999999984111,0.4077641192426025,6,-3.0921747861470394e-06,9.231215271746721e-06,2.086781624309977e-09,9.80897038135466,3.9999999999904103,0.8155799935116113,5,-1.9857707619641563e-06,7.39715226411409e-16,2.223703723950165e-11,1.4314655512464267e-11,7
9.705,4.0,2.0655150743120505e-06,-2.772478672384196e-08,29.429999999987636,3.999999999987793,0.2718314644912996,4,-3.2791054446375256e-06,6.4996313621004094e-06,2.0533330006175024e-08,19.619185755796632,3.9999999999894316,0.4077641192430835,6,-3.092174675062287e-06,9.231225705816055e-06,2.0868266881821675e-09,9.808970381362027,3.9999999999949223,0.8155799935119187,5,-1.9857708015089126e-06,4.679326299831707e-16,2.2205309729993117e-11,1.4299821156498436e-11,7
9.71,4.0,2.0653764503784836e-06,-2.7724786486639165e-08,29.429999999998735,3.9999999999862554,0.2718314644910926,4,-3.2791054446375256e-06,6.499734028772733e-06,2.053333798234756e-08,19.619185755809465,3.999999999985958,0.4077641192424627,6,-3.09217456413019e-06,9.231236140061913e-06,2.086868863833121e-09,9.808970381383919,3.999999999985792,0.8155799935082368,5,-1.985770840998158e-06,9.333381219060363e-16,2.2175681874268757e-11,1.428213041873485e-11,7
9.715,4.0,2.0652378264555127e-06,-2.7724784311396376e-08,29.429999999985114,3.9999999999979234,0.27183146449201134,4,-3.2791054446305867e-06,6.499836695508516e-06,2.0533351685475976e-08,19.619185755798462,3.9999999999961355,0.40776411924372885,6,-3.092174453350749e-06,9.231246574455881e-06,2.086880780117379e-09,9.808970381385883,3.9999999999914513,0.8155799935092274,5,-1.9857708805220975e-06,1.623992536063277e-16,2.2141964845100104e-11,1.4220206619313357e-11,7
9.72,4.0,2.0650992025375006e-06,-2.7724785614382487e-08,29.42999999999981,3.999999999978471,0.2718314644905536,4,-3.2791054446305867e-06,6.499939362262351e-06,2.0533350302738097e-08,19.61918575581252,3.9999999999778595,0.40776411924157363,6,-3.092174342751719e-06,9.231257008852294e-06,2.0869029733480914e-09,9.808970381399126,3.9999999999793845,0.815579993505666,5,-1.9857709201084872e-06,-1.2053955127318652e-15,2.2107638525535536e-11,1.4210454420265049e-11,7
9.725,4.0,2.0649605786225252e-06,-2.7724781329726926e-08,29.42999999998691,3.999999999980134,0.2718314644907858,4,-3.2791054446305867e-06,6.500042029078762e-06,2.053337126448617e-08,19.619185755800736,3.9999999999807185,0.40776411924211,6,-3.092174232284528e-06,9.231267443578765e-06,2.0869688975710593e-09,9.80897038139489,3.999999999984605,0.8155799935070827,5,-1.9857709595214046e-06,-7.740891971270606e-17,2.208088836789101e-11,1.4205191074949908e-11,7
9.73,4.0,2.0648219547223073e-06,-2.7724779536553544e-08,29.429999999983078,3.999999999983533,0.2718314644910522,4,-3.2791054446305867e-06,6.50014469597962e-06,2.0533385823994842e-08,19.619185755799364,3.999999999983769,0.4077641192424495,6,-3.092174121956115e-06,9.23127787857255e-06,2.0870186826509414e-09,9.808970381398286,3.9999999999870544,0.8155799935072997,5,-1.985770998878811e-06,1.322011873365234e-16,2.204913954210041e-11,1.418545930317785e-11,7
9.735,4.0,2.0646833308321004e-06,-2.7724777786400274e-08,29.4299999999953,3.9999999999901488,0.2718314644913889,4,-3.2791054446305867e-06,6.5002473629492416e-06,2.0533397349341858e-08,19.61918575581179,3.999999999989583,0.4077641192427839,6,-3.0921740118011742e-06,9.23128831378277e-06,2.08705615100422e-09,9.80897038141333,3.9999999999897424,0.8155799935065969,5,-1.9857710381876448e-06,-1.011772617237238e-15,2.2017083406576592e-11,1.4161954549478905e-11,7
9.74,4.0,2.064544706950563e-06,-2.7724775097058785e-08,29.429999999998493,3.9999999999995617,0.2718314644919991,4,-3.2791054446305867e-06,6.500350029979284e-06,2.053341001317158e-08,19.619185755816915,3.9999999999991713,0.40776411924365485,6,-3.092173901798889e-06,9.231298749128838e-06,2.0870694002867477e-09,9.808970381426025,3.9999999999959988,0.815579993506817,5,-1.9857710775103565e-06,6.114691376051336e-17,2.199107576609093e-11,1.4110781261649463e-11,7
9.745000000000001,4.0,2.0644060830721416e-06,-2.772477550415447e-08,29.4299999999878,3.9999999999820997,0.27183146449091117,4,-3.2791054446271173e-06,6.500452697041261e-06,2.0533416811461917e-08,19.619185755807518,3.9999999999819207,0.4077641192420916,6,-3.092173791942321e-06,9.231309184619693e-06,2.0871186903294924e-09,9.808970381422789,3.9999999999847162,0.8155799935047856,5,-1.9857711168053127e-06,9.173509103514342e-16,2.1960120971807545e-11,1.4107168151838123e-11,7
9.75,4.0,2.064267459206209e-06,-2.772477426335335e-08,29.42999999999504,3.9999999999845093,0.27183146449100803,4,-3.2791054446271173e-06,6.5005553641511525e-06,2.0533422646571216e-08,19.61918575581509,3.9999999999843756,0.4077641192421845,6,-3.092173682252286e-06,9.231319620224932e-06,2.087135773760267e-09,9.808970381433038,3.999999999985814,0.8155799935041572,5,-1.98577115609333e-06,-9.158493479096243e-16,2.1924465937327103e-11,1.4077870698485894e-11,7
9.755,4.0,2.0641288353423347e-06,-2.7724771761725865e-08,29.429999999991203,3.9999999999817177,0.27183146449085377,4,-3.2791054446271173e-06,6.5006580313144984e-06,2.053343828223635e-08,19.619185755812005,3.999999999981878,0.40776411924199396,6,-3.092173572714907e-06,9.231330056071915e-06,2.0871931196429143e-09,9.808970381438881,3.9999999999834763,0.8155799935031948,5,-1.985771195270325e-06,1.837155356791307e-16,2.189458761528839e-11,1.4065743510343309e-11,7
9.76,4.0,2.0639902114917164e-06,-2.7724768765403182e-08,29.42999999998099,3.999999999987366,0.271831464491332,4,-3.279105444623648e-06,6.500760698554671e-06,2.0533454588919306e-08,19.6191857558029,3.999999999988156,0.40776411924282324,6,-3.0921734633093667e-06,9.231340492189989e-06,2.0872379337933047e-09,9.808970381434232,3.9999999999923297,0.8155799935053865,5,-1.98577123438487e-06,1.2442005688010802e-15,2.186972039589362e-11,1.404918075917274e-11,7
9.765,4.0,2.0638515876514574e-06,-2.7724767752853515e-08,29.42999999999266,3.9999999999947895,0.2718314644917287,4,-3.279105444623648e-06,6.5008633658652135e-06,2.0533466217746084e-08,19.619185755816876,3.999999999993589,0.4077641192430866,6,-3.09217335407036e-06,9.231350928453372e-06,2.0872615651794307e-09,9.808970381459115,3.9999999999888174,0.8155799935026014,5,-1.9857712735271704e-06,4.3034948997053134e-18,2.183328909347436e-11,1.3996748034344161e-11,7
9.77,4.0,2.0637129638155533e-06,-2.7724766341076924e-08,29.429999999991942,3.999999999986971,0.27183146449120393,4,-3.279105444623648e-06,6.500966033223508e-06,2.0533475620088355e-08,19.61918575581595,3.999999999987334,0.4077641192424682,6,-3.092173244990948e-06,9.231361364896724e-06,2.0873060468285323e-09,9.808970381457273,3.9999999999891998,0.8155799935028325,5,-1.9857713126486543e-06,-3.598496571773461e-16,2.1803188726830722e-11,1.3993198873379039e-11,7
9.775,4.0,2.0635743399853744e-06,-2.7724764051930114e-08,29.429999999995832,3.9999999999816187,0.2718314644908043,4,-3.2791054446444645e-06,6.501068700654553e-06,2.053349522160731e-08,19.619185755819657,3.999999999983318,0.4077641192419817,6,-3.092173136085008e-06,9.231371801613916e-06,2.087367966454806e-09,9.80897038146229,3.999999999988167,0.8155799935022048,5,-1.985771351645238e-06,-5.768856233151108e-15,2.1760927421264545e-11,1.3966546415360679e-11,7
9.78,4.0,2.0634357161727007e-06,-2.7724761862971598e-08,29.42999999998205,3.999999999996762,0.2718314644919607,4,-3.2791054446618118e-06,6.501171368160663e-06,2.0533503989443873e-08,19.619185755807003,3.999999999996718,0.4077641192436108,6,-3.092173027331724e-06,9.2313822385449e-06,2.0873916410685784e-09,9.80897038145993,3.9999999999977662,0.8155799935043582,5,-1.9857713905932495e-06,-1.7542897761065423e-15,2.1737470629200262e-11,1.3944217609889418e-11,7
9.785,4.0,2.063297092368945e-06,-2.7724757329003737e-08,29.429999999965645,4.000000000012589,0.2718314644931878,4,-3.2791054446618118e-06,6.501274035701815e-06,2.053351136385911e-08,19.619185755792145,4.000000000016772,0.4077641192459639,6,-3.0921729187102787e-06,9.231392675516793e-06,2.08737236613367e-09,9.80897038145297,4.000000000023212,0.8155799935101252,5,-1.9857714296245277e-06,-7.755171575970044e-16,2.1706586889190445e-11,1.3881148060306514e-11,7
9.790000000000001,4.0,2.06315846855997e-06,-2.7724762427963726e-08,29.430000000002835,3.9999999999745968,0.2718314644902624,4,-3.2791054446618118e-06,6.501376703233459e-06,2.053351046148757e-08,19.61918575583051,3.9999999999740243,0.40776411924080874,6,-3.092172810241489e-06,9.231403112532306e-06,2.087434240549134e-09,9.808970381493383,3.999999999976268,0.8155799934971933,5,-1.9857714686211114e-06,8.534020641330253e-16,2.1685968715355523e-11,1.390461018144131e-11,7
9.795,4.0,2.0630198447615114e-06,-2.7724757938521165e-08,29.429999999989978,3.999999999977263,0.2718314644905624,4,-3.2791054446618118e-06,6.501479370856929e-06,2.0533533706282032e-08,19.619185755819082,3.9999999999783595,0.4077641192414882,6,-3.0921727019114775e-06,9.231413549919044e-06,2.087501178582135e-09,9.808970381484883,3.9999999999846256,0.8155799934996042,5,-1.9857715074789173e-06,-2.9945352463773725e-16,2.165419857328285e-11,1.3890601831405799e-11,7
9.8,4.0,2.0628812209796735e-06,-2.7724756508501784e-08,29.429999999999417,3.999999999987465,0.2718314644911685,4,-3.2791054446618118e-06,6.501582038561706e-06,2.0533543314270168e-08,19.61918575582895,3.999999999987116,0.40776411924217576,6,-3.0921725937479994e-06,9.231423987529663e-06,2.0875378579602164e-09,9.80897038149936,3.9999999999882805,0.8155799934991457,5,-1.985771546274273e-06,4.5159702205911355e-17,2.1625046781191452e-11,1.387125908178157e-11,7
9.805,4.0,2.0627425972056367e-06,-2.7724752244975556e-08,29.429999999955704,3.9999999999942566,0.27183146449203377,4,-3.2791054446583423e-06,6.501684706321023e-06,2.053356125407732e-08,19.619185755785736,3.999999999997233,0.4077641192441052,6,-3.0921724857024824e-06,9.23143442530758e-06,2.0875479399123944e-09,9.808970381458208,4.000000000009497,0.8155799935068934,5,-1.9857715850835067e-06,2.2087623325954167e-15,2.1598738936399935e-11,1.3807944394954828e-11,7
9.81,4.0,2.0626039734340657e-06,-2.7724754382228418e-08,29.429999999994322,3.9999999999813056,0.271831464490797,4,-3.2791054446583423e-06,6.501787374121351e-06,2.0533563777902267e-08,19.61918575582699,3.99999999998127,0.40776411924162054,6,-3.0921723778373766e-06,9.231444863188903e-06,2.0875996534423187e-09,9.808970381509873,3.999999999984305,0.815579993497461,5,-1.985771623906618e-06,-9.815745509674332e-16,2.1559326907204165e-11,1.3807216088650674e-11,7
9.815,4.0,2.062465349672963e-06,-2.7724750476805194e-08,29.429999999986883,3.999999999987694,0.2718314644912998,4,-3.2791054446583423e-06,6.501890041985399e-06,2.0533579079988298e-08,19.619185755819032,3.999999999989097,0.4077641192425838,6,-3.0921722701179877e-06,9.231455301339926e-06,2.0876430642880113e-09,9.808970381506175,3.9999999999943547,0.8155799934998176,5,-1.9857716625978905e-06,2.7963880500674453e-16,2.1532903599218083e-11,1.3791632110098614e-11,7
9.82,4.0,2.0623267259261136e-06,-2.7724745158352932e-08,29.429999999966302,4.000000000009768,0.27183146449299,4,-3.279105444654873e-06,6.50199270990223e-06,2.0533588675480074e-08,19.61918575579889,4.0000000000151354,0.40776411924565686,6,-3.0921721625373766e-06,9.231465739625236e-06,2.0876403867780603e-09,9.808970381493381,4.000000000024973,0.8155799935071242,5,-1.9857717013030407e-06,2.453899576432651e-15,2.150364522571632e-11,1.3757335988600314e-11,7
9.825000000000001,4.0,2.062188102176812e-06,-2.7724749133458188e-08,29.429999999990457,3.9999999999803655,0.2718314644907688,4,-3.279105444654873e-06,6.502095377836941e-06,2.0533593909894657e-08,19.61918575582528,3.9999999999813802,0.4077641192416673,6,-3.0921720551371767e-06,9.23147617799181e-06,2.087694087505257e-09,9.808970381523348,3.9999999999864944,0.815579993496787,5,-1.9857717399734964e-06,-9.691400530916317e-16,2.1469540950756673e-11,1.3739465838795946e-11,7
9.83,4.0,2.0620494784388207e-06,-2.7724747522218275e-08,29.42999999999749,3.999999999980166,0.27183146449069023,4,-3.279105444654873e-06,6.50219804585741e-06,2.0533608096073413e-08,19.61918575583306,3.999999999980142,0.40776411924137945,6,-3.0921719478757548e-06,9.2314866165694e-06,2.087739089008039e-09,9.808970381538042,3.9999999999830465,0.8155799934948622,5,-1.985771778664769e-06,-9.79798194128033e-16,2.1440056979936307e-11,1.3710488129674811e-11,7
9.835,4.0,2.061910854711909e-06,-2.7724744362730967e-08,29.429999999996454,3.9999999999894125,0.2718314644913282,4,-3.279105444654873e-06,6.502300713937941e-06,2.053361979610461e-08,19.619185755832405,3.999999999989955,0.40776411924239336,6,-3.0921718407531107e-06,9.231497055395028e-06,2.0877785233922433e-09,9.808970381542165,3.9999999999921467,0.8155799934963749,5,-1.9857718172727745e-06,6.651082391565989e-16,2.141288582572084e-11,1.370232221728409e-11,7
9.84,4.0,2.0617722309902833e-06,-2.7724743562688658e-08,29.429999999982268,3.999999999983295,0.2718314644910435,4,-3.279105444654873e-06,6.502403382072617e-06,2.053363338721267e-08,19.619185755820112,3.999999999983275,0.4077641192419679,6,-3.0921717337831223e-06,9.231507494456652e-06,2.087830919262235e-09,9.80897038153889,3.999999999986483,0.8155799934954925,5,-1.98577185575588e-06,1.3575390101532418e-16,2.13788135251843e-11,1.3682371953620787e-11,7
9.845,4.0,2.06163360728064e-06,-2.7724741948245227e-08,29.4299999999986,3.9999999999902847,0.27183146449136764,4,-3.279105444654873e-06,6.502506050275336e-06,2.0533642544684916e-08,19.619185755837407,3.9999999999896083,0.40776411924225403,6,-3.0921716269657895e-06,9.231517933707999e-06,2.0878657144522e-09,9.80897038155929,3.9999999999881273,0.8155799934941316,5,-1.985771894225108e-06,-1.4846319328871592e-16,2.1349896212195706e-11,1.3663684679670295e-11,7
9.85,4.0,2.061494983577417e-06,-2.7724739899540415e-08,29.42999999999174,3.9999999999887628,0.2718314644913276,4,-3.2791054446514034e-06,6.502608718523864e-06,2.05336541223839e-08,19.61918575583053,3.9999999999889635,0.4077641192423313,6,-3.0921715202872346e-06,9.231528373148675e-06,2.087900470679641e-09,9.808970381557712,3.9999999999909797,0.8155799934948443,5,-1.9857719326388246e-06,1.892570815182172e-15,2.132347468056647e-11,1.3643899617193055e-11,7
9.855,4.0,2.0613563598889713e-06,-2.7724734334688608e-08,29.429999999968775,4.000000000014034,0.27183146449325707,4,-3.2791054446514034e-06,6.502711386831051e-06,2.0533663888515687e-08,19.619185755808285,4.000000000017967,0.40776411924575023,6,-3.0921714137682743e-06,9.231538812629354e-06,2.0878730515877536e-09,9.808970381544471,4.0000000000226335,0.8155799935023993,5,-1.9857719711566246e-06,6.171466044927919e-16,2.12870114037241e-11,1.3563643815188952e-11,7
9.86,4.0,2.0612177361924914e-06,-2.772473860018182e-08,29.429999999990923,3.999999999974038,0.27183146449033446,4,-3.2791054446514034e-06,6.5028140551398295e-06,2.0533668795423323e-08,19.619185755831246,3.9999999999750977,0.4077641192409029,6,-3.0921713074158474e-06,9.231549252207054e-06,2.087945606733253e-09,9.808970381568976,3.9999999999810587,0.8155799934918849,5,-1.9857720096189135e-06,-2.1063568266772484e-16,2.1260398025556204e-11,1.3578384024242293e-11,7
9.865,4.0,2.0610791125111116e-06,-2.7724735249620328e-08,29.42999999999068,3.9999999999799742,0.27183146449074014,4,-3.2791054446514034e-06,6.502916723533559e-06,2.0533684748453197e-08,19.619185755831253,3.9999999999811062,0.40776411924151523,6,-3.0921712011952596e-06,9.231559692101506e-06,2.0880032420415858e-09,9.80897038157361,3.999999999985886,0.8155799934924839,5,-1.9857720479632412e-06,1.624340932432734e-15,2.1235280339847085e-11,1.3576611220116572e-11,7
9.870000000000001,4.0,2.0609404888419532e-06,-2.7724733217980444e-08,29.429999999982847,3.99999999998719,0.27183146449130285,4,-3.279105444647934e-06,6.503019392002051e-06,2.053369852293594e-08,19.619185755825043,3.9999999999875544,0.40776411924230166,6,-3.0921710951273274e-06,9.231570132230337e-06,2.0880415055566116e-09,9.808970381576808,3.999999999989803,0.8155799934930166,5,-1.985772086245119e-06,3.0273144391894766e-16,2.1201438965699672e-11,1.3545008055586802e-11,7
9.875,4.0,2.060801865179394e-06,-2.7724732114264962e-08,29.429999999990482,3.9999999999863065,0.2718314644911723,4,-3.279105444647934e-06,6.503122060524116e-06,2.0533708310338386e-08,19.61918575583329,3.999999999986677,0.4077641192420408,6,-3.092170989212051e-06,9.231580572555998e-06,2.088082146106507e-09,9.80897038158701,3.9999999999887343,0.8155799934919505,5,-1.9857721244784243e-06,-5.214981295627686e-16,2.1171780911909045e-11,1.3529324601051736e-11,7
9.88,4.0,2.0606632415276575e-06,-2.7724730635720675e-08,29.43000000000111,3.999999999992117,0.27183146449146894,4,-3.279105444647934e-06,6.503224729105761e-06,2.0533716575941233e-08,19.619185755844317,3.999999999991646,0.40776411924231815,6,-3.092170883435552e-06,9.231591012962472e-06,2.0880916039327182e-09,9.808970381603231,3.9999999999909406,0.8155799934910516,5,-1.9857721628088743e-06,3.9154928588896026e-16,2.1144341527810833e-11,1.3485116408389581e-11,7
9.885,4.0,2.060524617876838e-06,-2.772472919913056e-08,29.42999999998908,3.9999999999814646,0.2718314644908562,4,-3.279105444647934e-06,6.503327397719976e-06,2.0533728885853476e-08,19.619185755833936,3.9999999999824567,0.40776411924159717,6,-3.0921707777839536e-06,9.23160145358712e-06,2.0881467552067296e-09,9.808970381599183,3.9999999999866516,0.8155799934905137,5,-1.985772201021363e-06,8.391912094178234e-16,2.111216637637878e-11,1.3479110545915568e-11,7
9.89,4.0,2.060385994239125e-06,-2.772472663519684e-08,29.429999999992017,3.999999999989965,0.2718314644914067,4,-3.279105444647934e-06,6.50343006640607e-06,2.0533741117030113e-08,19.619185755837066,3.999999999990362,0.40776411924233796,6,-3.092170672326644e-06,9.231611894431225e-06,2.0881814369634236e-09,9.808970381604746,3.9999999999927587,0.8155799934912963,5,-1.9857722391644628e-06,5.425396172379816e-16,2.108372335066631e-11,1.3459098109762886e-11,7
9.895,4.0,2.0602473706096955e-06,-2.7724727454245473e-08,29.429999999991946,3.999999999979611,0.2718314644907037,4,-3.2791054446444645e-06,6.5035327351084045e-06,2.053374300767252e-08,19.61918575583742,3.9999999999794125,0.40776411924121436,6,-3.0921705670081123e-06,9.231622335297967e-06,2.0881979175515803e-09,9.80897038161253,3.9999999999826765,0.8155799934885934,5,-1.9857722773145015e-06,9.244563377090356e-16,2.105504584585103e-11,1.3431559249681662e-11,7
9.9,4.0,2.0601087469834617e-06,-2.772472444318733e-08,29.429999999988947,3.999999999981645,0.27183146449086965,4,-3.279105444640995e-06,6.503635403873836e-06,2.0533758876071883e-08,19.61918575583531,3.999999999981921,0.40776411924151396,6,-3.0921704618283585e-06,9.231632776431246e-06,2.08824790567238e-09,9.808970381618373,3.999999999984653,0.8155799934885106,5,-1.9857723153882123e-06,3.2760043967055153e-16,2.1021149404641595e-11,1.3415028472934203e-11,7
9.905,4.0,2.059970123370128e-06,-2.7724722795670202e-08,29.429999999999872,3.999999999985081,0.27183146449100226,4,-3.279105444640995e-06,6.503738072720848e-06,2.0533771852897592e-08,19.61918575584632,3.9999999999847007,0.4077641192415685,6,-3.0921703568012604e-06,9.231643217710746e-06,2.0882766080051246e-09,9.808970381632962,3.9999999999852696,0.8155799934874233,5,-1.98577235354519e-06,-1.8399033007672062e-16,2.0993422250735396e-11,1.3375513415041743e-11,7
9.91,4.0,2.059831499763276e-06,-2.7724720753801836e-08,29.430000000000508,3.999999999989417,0.27183146449129103,4,-3.279105444640995e-06,6.503840741609991e-06,2.0533780937910682e-08,19.61918575584811,3.999999999989307,0.4077641192420009,6,-3.09217025191294e-06,9.23165365923049e-06,2.0883198545183447e-09,9.80897038163641,3.9999999999898437,0.8155799934880692,5,-1.9857723915564507e-06,7.681369358418136e-16,2.0967254738134188e-11,1.33719678067903e-11,7
9.915000000000001,4.0,2.059692876164151e-06,-2.772471880850495e-08,29.429999999987835,3.9999999999855644,0.2718314644911463,4,-3.2791054446375256e-06,6.503943410555824e-06,2.053379448562041e-08,19.619185755836348,3.9999999999864357,0.40776411924195266,6,-3.0921701471703367e-06,9.231664100962839e-06,2.08836295197754e-09,9.808970381634568,3.9999999999897495,0.8155799934882032,5,-1.9857724295122003e-06,-3.971531508047508e-16,2.0933313888003764e-11,1.3350200330080291e-11,7
9.92,4.0,2.0595542525738866e-06,-2.772471788943984e-08,29.42999999999377,3.9999999999846594,0.27183146449103,4,-3.2791054446375256e-06,6.504046079559394e-06,2.0533804194572247e-08,19.619185755842793,3.999999999984873,0.4077641192416594,6,-3.0921700425942666e-06,9.231674542881001e-06,2.088402920376541e-09,9.808970381644015,3.9999999999866382,0.8155799934867833,5,-1.985772467391622e-06,-1.192961014856063e-15,2.0903989789298945e-11,1.3330012034600506e-11,7
9.925,4.0,2.0594156289948695e-06,-2.7724713346086674e-08,29.42999999995528,3.9999999999958056,0.27183146449214296,4,-3.2791054446375256e-06,6.504148748623527e-06,2.053382130758407e-08,19.61918575580314,3.999999999998518,0.4077641192438745,6,-3.0921699381500356e-06,9.231684984938518e-06,2.0884025079070843e-09,9.808970381605757,4.0000000000098535,0.8155799934946978,5,-1.9857725053196162e-06,1.3045967013406892e-15,2.0882193890879506e-11,1.3265285144086441e-11,7
9.93,4.0,2.05927700542075e-06,-2.7724715304287094e-08,29.430000000000827,3.9999999999906164,0.27183146449136963,4,-3.2791054446618118e-06,6.5042514177296215e-06,2.053382089203951e-08,19.61918575584962,3.9999999999894986,0.407764119241989,6,-3.0921698339000936e-06,9.231695427034747e-06,2.088429749759637e-09,9.808970381660544,3.9999999999879305,0.8155799934856726,5,-1.9857725433169993e-06,-4.875348742932782e-15,2.0831214225945558e-11,1.3241231496124122e-11,7
9.935,4.0,2.059138381848458e-06,-2.7724712737217504e-08,29.429999999995825,3.999999999981265,0.27183146449078033,4,-3.2791054446756895e-06,6.504354086873798e-06,2.0533835950836968e-08,19.619185755845347,3.999999999982491,0.40776411924136347,6,-3.0921697297889295e-06,9.231705869392815e-06,2.088492253129167e-09,9.808970381659325,3.999999999988144,0.8155799934858174,5,-1.9857725811547877e-06,-1.510928889108707e-15,2.081503339149546e-11,1.3250287363291384e-11,7
9.94,4.0,2.0589997582911547e-06,-2.7724710287422362e-08,29.429999999987494,3.9999999999873532,0.271831464491271,4,-3.2791054446756895e-06,6.504456756088466e-06,2.0533848657492443e-08,19.619185755837712,3.9999999999881806,0.40776411924210215,6,-3.0921696257887876e-06,9.231716311996733e-06,2.0885354264639965e-09,9.808970381660735,3.9999999999924327,0.8155799934865746,5,-1.9857726189231872e-06,-1.1293605650070997e-16,2.078902752736664e-11,1.3237883063481854e-11,7
9.945,4.0,2.05886113474194e-06,-2.7724709561417343e-08,29.4299999999863,3.9999999999875095,0.27183146449129264,4,-3.2791054446756895e-06,6.5045594253519465e-06,2.0533856541284693e-08,19.61918575583837,3.9999999999880655,0.4077641192420768,6,-3.0921695219274237e-06,9.231726754768721e-06,2.088567944212541e-09,9.808970381667448,3.999999999991337,0.815579993485793,5,-1.9857726566499534e-06,6.366865297261958e-16,2.075973362672809e-11,1.3218893808868666e-11,7
9.950000000000001,4.0,2.058722511199166e-06,-2.772470898562492e-08,29.429999999998287,3.9999999999819513,0.2718314644908042,4,-3.2791054446756895e-06,6.504662094668512e-06,2.0533865283169775e-08,19.61918575585038,3.9999999999826135,0.4077641192412713,6,-3.0921694182187154e-06,9.231737197606925e-06,2.0885916139256305e-09,9.808970381682713,3.9999999999857696,0.8155799934833887,5,-1.985772694487742e-06,-1.1290121686376532e-15,2.0727551369868674e-11,1.317830227873153e-11,7
9.955,4.0,2.05858388766388e-06,-2.7724705759338154e-08,29.429999999992305,3.9999999999889075,0.2718314644913322,4,-3.2791054446756895e-06,6.504764764034803e-06,2.053387788058892e-08,19.619185755844263,3.999999999989703,0.4077641192421212,6,-3.0921693146626628e-06,9.231747640702796e-06,2.0886324950827513e-09,9.808970381681844,3.9999999999924682,0.8155799934848267,5,-1.9857727321798135e-06,4.590508457861707e-16,2.070087759556824e-11,1.3169033248743541e-11,7
9.96,4.0,2.0584452641376568e-06,-2.7724704599450005e-08,29.429999999994244,3.9999999999891975,0.271831464491334,4,-3.2791054446756895e-06,6.5048674334522556e-06,2.053388787748852e-08,19.619185755847703,3.9999999999894476,0.40776411924202366,6,-3.092169211245388e-06,9.231758083983895e-06,2.088670445235734e-09,9.808970381691498,3.999999999991089,0.8155799934837428,5,-1.985772769809435e-06,9.333381219060375e-16,2.0671885675592386e-11,1.3148285400859347e-11,7
9.965,4.0,2.058306640619088e-06,-2.7724702951454454e-08,29.429999999986997,3.9999999999887432,0.2718314644913701,4,-3.2791054446756895e-06,6.5049701029284546e-06,2.0533900105364723e-08,19.61918575584075,3.999999999988683,0.4077641192420902,6,-3.092169107966891e-06,9.231768527464319e-06,2.088707630741331e-09,9.808970381690765,3.9999999999910876,0.8155799934838035,5,-1.9857728073835457e-06,6.292327059991476e-17,2.0641149373200244e-11,1.3126125349287828e-11,7
9.97,4.0,2.058168017111798e-06,-2.7724703044777655e-08,29.42999999999898,3.9999999999873266,0.27183146449116313,4,-3.2791054446756895e-06,6.5050727724315435e-06,2.053389945543487e-08,19.619185755852804,3.9999999999870077,0.40776411924166894,6,-3.0921690048549277e-06,9.23177897096306e-06,2.08871115354875e-09,9.808970381703462,3.9999999999878453,0.8155799934820867,5,-1.9857728449923506e-06,3.471403649039549e-16,2.061261575328896e-11,1.3095694580272062e-11,7
9.975,4.0,2.0580293936036192e-06,-2.772470165790801e-08,29.42999999999583,3.999999999976853,0.27183146449048046,4,-3.27910544467222e-06,6.505175441974201e-06,2.0533912399412793e-08,19.619185755850815,3.999999999977306,0.4077641192407213,6,-3.092168901881742e-06,9.231789414580962e-06,2.0887525781014763e-09,9.808970381708377,3.99999999998142,0.8155799934803679,5,-1.9857728826636056e-06,1.1766990089038718e-15,2.0587169441564554e-11,1.3071525469115181e-11,7
9.98,4.0,2.057890770106647e-06,-2.7724698147081168e-08,29.42999999999205,3.999999999984255,0.27183146449101836,4,-3.27910544467222e-06,6.5052781115957895e-06,2.0533930788988196e-08,19.619185755847347,3.999999999984282,0.40776411924150446,6,-3.0921687990542734e-06,9.231799858519914e-06,2.0888081472855355e-09,9.80897038171262,3.9999999999868896,0.8155799934811304,5,-1.985772920182205e-06,2.5271380603062077e-18,2.0553731300419686e-11,1.3058218780031232e-11,7
9.985,4.0,2.0577521466218982e-06,-2.772469636331635e-08,29.429999999990155,3.999999999986331,0.27183146449117696,4,-3.27910544467222e-06,6.5053807812810575e-06,2.0533941351847912e-08,19.61918575584523,3.999999999986964,0.40776411924182193,6,-3.0921686963655826e-06,9.231810302672757e-06,2.0888463753165752e-09,9.80897038171435,3.9999999999906315,0.8155799934817495,5,-1.9857729576314154e-06,8.747183462058293e-16,2.0527485628117544e-11,1.3042478482077307e-11,7
9.99,4.0,2.0576135231446e-06,-2.7724694768796286e-08,29.429999999989512,3.9999999999913967,0.2718314644915272,4,-3.2791054446687506e-06,6.505483451013803e-06,2.0533949204351173e-08,19.61918575584706,3.99999999999144,0.40776411924224015,6,-3.0921685938226084e-06,9.231820747005246e-06,2.088877993666574e-09,9.80897038172249,3.9999999999918887,0.8155799934813289,5,-1.9857729950251146e-06,7.574787948054128e-16,2.0500818959244467e-11,1.3025038210628075e-11,7
9.995000000000001,4.0,2.057474899672117e-06,-2.7724693669620996e-08,29.42999999998598,3.9999999999856617,0.27183146449117,4,-3.2791054446687506e-06,6.505586120796532e-06,2.0533962038125464e-08,19.6191857558421,3.9999999999861293,0.40776411924180184,6,-3.0921684914184122e-06,9.23183119150634e-06,2.088915026171072e-09,9.808970381722322,3.9999999999898064,0.8155799934809184,5,-1.985773032404936e-06,5.937055692111433e-17,2.0467190747917783e-11,1.2992578842101714e-11,7
10.0,4.0,2.0573362762127404e-06,-2.7724691866773172e-08,29.429999999994287,3.999999999996706,0.27183146449184387,4,-3.2791054446687506e-06,6.505688790640461e-06,2.053396994652191e-08,19.61918575585096,3.999999999996235,0.4077641192426479,6,-3.0921683891668716e-06,9.231841636112224e-06,2.088923208613334e-09,9.808970381735625,3.9999999999949294,0.8155799934808569,5,-1.9857730698402687e-06,6.153702476533929e-16,2.043938188159697e-11,1.2947407864032605e-11,7
10.005,4.0,2.057197652759274e-06,-2.7724689878042038e-08,29.42999999998642,4.000000000008437,0.2718314644927137,4,-3.279105444665281e-06,6.50579146050655e-06,2.0533973406375033e-08,19.619185755845464,4.000000000005366,0.407764119243693,6,-3.092168287054109e-06,9.2318520807976e-06,2.088933231653058e-09,9.808970381743347,3.9999999999976144,0.8155799934807623,5,-1.9857731072547846e-06,4.839198415377743e-16,2.0405393069831883e-11,1.2925523147771194e-11,7
10.01,4.0,2.0570590293044085e-06,-2.7724690035841374e-08,29.429999999994735,3.9999999999774234,0.2718314644905293,4,-3.279105444665281e-06,6.505894130400041e-06,2.0533985934632084e-08,19.61918575585189,3.99999999997808,0.4077641192407778,6,-3.092168185100941e-06,9.231862525655288e-06,2.0889959584570847e-09,9.808970381746152,3.999999999983231,0.8155799934775964,5,-1.985773144579095e-06,-2.8701902676193445e-16,2.03788027843029e-11,1.2923448362982773e-11,7
10.015,4.0,2.0569204058640096e-06,-2.7724686737075945e-08,29.429999999999577,3.999999999984242,0.27183146449094797,4,-3.279105444665281e-06,6.50599680038176e-06,2.053400208930452e-08,19.619185755856844,3.999999999984908,0.40776411924137096,6,-3.0921680832865506e-06,9.231872970804514e-06,2.0890484159408807e-09,9.808970381754403,3.9999999999882405,0.8155799934779318,5,-1.9857731818201385e-06,1.8726824935793248e-16,2.0352972779501175e-11,1.2912038823003304e-11,7
10.02,4.0,2.0567817824351028e-06,-2.7724686064914766e-08,29.429999999999197,3.9999999999907536,0.271831464491394,4,-3.2791054446618118e-06,6.5060994704190995e-06,2.0534009093977164e-08,19.61918575585605,3.999999999989897,0.407764119241896,6,-3.0921679816039993e-06,9.23188341613678e-06,2.089080626755801e-09,9.808970381761315,3.9999999999890385,0.8155799934775197,5,-1.9857732190195487e-06,2.4325832943598492e-15,2.0327737854240655e-11,1.2895746078072325e-11,7
10.025,4.0,2.0566431590125614e-06,-2.7724683203052048e-08,29.42999999998942,3.9999999999998064,0.2718314644920995,4,-3.2791054446618118e-06,6.506202140513944e-06,2.053402403456965e-08,19.61918575584835,3.999999999999638,0.40776411924304906,6,-3.092167880060226e-06,9.23189386161259e-06,2.0890964689432225e-09,9.808970381762476,3.999999999997528,0.8155799934791541,5,-1.9857732562328367e-06,-9.339613126730695e-17,2.029345416724023e-11,1.2834253933362807e-11,7
10.03,4.0,2.05650453559514e-06,-2.7724683151897237e-08,29.429999999997044,3.9999999999854152,0.2718314644910511,4,-3.2791054446618118e-06,6.506304810647722e-06,2.0534029500342064e-08,19.61918575585554,3.999999999985688,0.40776411924147754,6,-3.092167778682986e-06,9.231904307226512e-06,2.0891423553420387e-09,9.808970381770724,3.9999999999873483,0.8155799934763928,5,-1.985773293425308e-06,-9.694884494610746e-17,2.026658499368746e-11,1.2835929037862362e-11,7
10.035,4.0,2.0563659121860753e-06,-2.7724681263728942e-08,29.429999999990685,3.999999999987351,0.2718314644912414,4,-3.2791054446583423e-06,6.506407480830975e-06,2.053404062903337e-08,19.619185755848797,3.999999999986885,0.4077641192417397,6,-3.092167677430646e-06,9.231914753062077e-06,2.0891828907561633e-09,9.80897038177312,3.9999999999879368,0.8155799934763135,5,-1.9857733305275738e-06,2.3277782408352345e-15,2.0238491910272344e-11,1.282500977237057e-11,7
10.040000000000001,4.0,2.0562272887903167e-06,-2.7724675021274017e-08,29.429999999963137,4.00000000000735,0.2718314644928549,4,-3.2791054446583423e-06,6.506510151071914e-06,2.0534054372580062e-08,19.6191857558222,4.000000000012194,0.4077641192448725,6,-3.092167576330962e-06,9.231925199041566e-06,2.089181698609911e-09,9.808970381749369,4.000000000021324,0.8155799934850959,5,-1.985773367595145e-06,3.0273144391894884e-16,2.020622083557096e-11,1.2771946440864006e-11,7
10.045,4.0,2.05608866539421e-06,-2.772467861205943e-08,29.429999999987828,3.9999999999809615,0.27183146449083356,4,-3.2791054446583423e-06,6.506612821327429e-06,2.0534056381393146e-08,19.619185755847056,3.9999999999825167,0.4077641192413306,6,-3.0921674753839334e-06,9.231935645094917e-06,2.0892302359107537e-09,9.808970381777403,3.9999999999882836,0.815579993476028,5,-1.9857734046627162e-06,-1.8043761639791935e-16,2.0178253873491442e-11,1.2769940933992323e-11,7
10.05,4.0,2.0559500420100036e-06,-2.7724676105565724e-08,29.42999999999338,3.9999999999949516,0.271831464491733,4,-3.279105444654873e-06,6.506715491655591e-06,2.053407037001907e-08,19.61918575585415,3.999999999993868,0.4077641192423403,6,-3.092167374561805e-06,9.231946091336945e-06,2.0892562423489494e-09,9.808970381795262,3.99999999999058,0.8155799934750114,5,-1.9857734417441653e-06,1.0203796070366502e-15,2.0153464813797608e-11,1.2730189620640223e-11,7
10.055,4.0,2.055811418630773e-06,-2.7724674647463247e-08,29.42999999998591,3.9999999999856852,0.2718314644911723,4,-3.279105444654873e-06,6.506818162036869e-06,2.0534082201664585e-08,19.619185755845585,3.999999999986292,0.407764119241746,6,-3.0921672738923323e-06,9.231956537780316e-06,2.0893060687799088e-09,9.80897038178987,3.9999999999901132,0.8155799934753646,5,-1.985773478770103e-06,-1.9997754163132192e-16,2.0122197380710483e-11,1.2725469840517936e-11,7
10.06,4.0,2.055672795262167e-06,-2.7724672618561784e-08,29.429999999983096,3.999999999985624,0.2718314644911941,4,-3.279105444654873e-06,6.506920832479047e-06,2.0534093175136698e-08,19.619185755842313,3.999999999986737,0.40776411924185935,6,-3.0921671733616374e-06,9.231966984449851e-06,2.089350376562953e-09,9.808970381790992,3.999999999990896,0.8155799934754309,5,-1.9857735157127743e-06,-3.4030973194394176e-16,2.00925322214925e-11,1.2713031789928457e-11,7
10.065,4.0,2.0555341719003342e-06,-2.772467361097001e-08,29.429999999930224,3.9999999999782583,0.2718314644911819,4,-3.2791054446618118e-06,6.5070235029748625e-06,2.0534106364764304e-08,19.619185755799343,3.9999999999759415,0.40776411924165196,6,-3.092167072983598e-06,9.231977431314972e-06,2.0893915104608722e-09,9.808970381775719,3.999999999980208,0.8155799934745215,5,-1.9857735525791176e-06,-8.307270156654066e-15,2.0044384069360558e-11,1.267117371736483e-11,7
10.07,4.0,2.0553955485481415e-06,-2.7724669987184318e-08,29.429999999996596,3.9999999999901275,0.27183146449137546,4,-3.279105444686098e-06,6.507126173543222e-06,2.0534116555038447e-08,19.619185755856254,3.999999999989681,0.4077641192418698,6,-3.09216697278597e-06,9.231987878386893e-06,2.089429294238151e-09,9.808970381811974,3.9999999999902336,0.8155799934735513,5,-1.9857735894038275e-06,-3.2482058780421525e-15,2.0028165931416835e-11,1.266418375320179e-11,7
10.075000000000001,4.0,2.0552569252063664e-06,-2.7724668715056865e-08,29.4299999999935,3.999999999990896,0.27183146449145634,4,-3.2791054446930368e-06,6.507228844150653e-06,2.0534121067926946e-08,19.619185755854,3.999999999991203,0.40776411924207173,6,-3.0921668726924256e-06,9.231998325496529e-06,2.0894330629133718e-09,9.808970381813705,3.999999999993242,0.8155799934740208,5,-1.9857736263603765e-06,-5.712361210659749e-16,2.0006958007111235e-11,1.2628388386531037e-11,7
10.08,4.0,2.0551183018650894e-06,-2.7724667302608898e-08,29.42999999999683,3.9999999999877516,0.27183146449121187,4,-3.2791054446930368e-06,6.507331514780795e-06,2.053413008377803e-08,19.619185755857494,3.9999999999876596,0.4077641192416379,6,-3.092166772723781e-06,9.232008772820643e-06,2.0894829912229195e-09,9.808970381825107,3.9999999999881304,0.8155799934720305,5,-1.9857736631712086e-06,3.1871865547355056e-16,1.9982712512610262e-11,1.2633593112070482e-11,7
10.085,4.0,2.054979678540796e-06,-2.7724664801890678e-08,29.42999999999094,4.000000000010058,0.2718314644927821,4,-3.2791054446930368e-06,6.507434185461488e-06,2.0534134704558882e-08,19.61918575585337,4.000000000006619,0.40776411924365635,6,-3.0921666729077923e-06,9.232019220232182e-06,2.089477098962779e-09,9.808970381829823,3.9999999999971108,0.8155799934734693,5,-1.985773699954285e-06,-4.664310675413601e-16,1.994744650027765e-11,1.25848481040405e-11,7
10.09,4.0,2.054841055211205e-06,-2.7724664724834294e-08,29.429999999992585,3.9999999999802522,0.2718314644907414,4,-3.2791054446930368e-06,6.507536856161799e-06,2.0534146430051204e-08,19.6191857558538,3.9999999999811946,0.40776411924105566,6,-3.092166573244459e-06,9.23202966780371e-06,2.0895374293803418e-09,9.808970381831262,3.999999999984696,0.8155799934708183,5,-1.9857737366818506e-06,-2.745845288861331e-16,1.992357226435611e-11,1.258413756130474e-11,7
10.095,4.0,2.054702431897043e-06,-2.7724662338852318e-08,29.429999999993118,3.999999999986051,0.2718314644911306,4,-3.2791054446930368e-06,6.507639526938756e-06,2.0534159380525053e-08,19.619185755853643,3.9999999999863474,0.4077641192415842,6,-3.0921664736990873e-06,9.2320401155944e-06,2.0895750083743147e-09,9.808970381833696,3.9999999999888427,0.8155799934714616,5,-1.9857737733885994e-06,1.3667691907196984e-15,1.9898779651948604e-11,1.256284081915717e-11,7
10.1,4.0,2.0545638085912173e-06,-2.7724660929749165e-08,29.429999999987867,3.9999999999838334,0.27183146449102835,4,-3.2791054446895673e-06,6.50774219777632e-06,2.0534170726272458e-08,19.619185755849557,3.9999999999849223,0.40776411924152384,6,-3.092166374306371e-06,9.23205056349687e-06,2.0895999233909826e-09,9.808970381837465,3.999999999989382,0.8155799934712581,5,-1.985773810157798e-06,-4.468911423079573e-16,1.9865099926273576e-11,1.2520808663623282e-11,7
10.105,4.0,2.054425185290883e-06,-2.7724659656594512e-08,29.43000000000398,3.9999999999820517,0.27183146449075846,4,-3.2791054446895673e-06,6.5078448686568405e-06,2.0534179848479797e-08,19.619185755864976,3.9999999999826654,0.4077641192409733,6,-3.0921662750524326e-06,9.232061011627956e-06,2.089649237155527e-09,9.808970381853655,3.9999999999851266,0.8155799934690443,5,-1.985773846802097e-06,-6.724884609117892e-16,1.9839181103629884e-11,1.2525956545743866e-11,7
10.11,4.0,2.0542865620019064e-06,-2.772465650922408e-08,29.42999999998861,3.9999999999936677,0.2718314644916898,4,-3.2791054446895673e-06,6.507947539594112e-06,2.0534191347451203e-08,19.61918575584979,3.999999999994768,0.40776411924252265,6,-3.092166175937272e-06,9.232071459960605e-06,2.08967406545946e-09,9.808970381845217,3.9999999999974385,0.8155799934722562,5,-1.9857738833770067e-06,1.1322900879188653e-15,1.98166799915452e-11,1.2500423192534326e-11,7
10.115,4.0,2.0541479387168952e-06,-2.7724656580154413e-08,29.429999999985792,3.9999999999829163,0.2718314644909852,4,-3.279105444686098e-06,6.508050210570019e-06,2.0534200249991982e-08,19.619185755847177,3.9999999999837486,0.40776411924145367,6,-3.0921660769539505e-06,9.232081908443672e-06,2.089715921303248e-09,9.808970381850806,3.999999999987856,0.8155799934698378,5,-1.985773919924161e-06,-8.09616333915057e-17,1.9782600585581312e-11,1.2482123164374827e-11,7
10.120000000000001,4.0,2.0540093154426947e-06,-2.7724654065320902e-08,29.429999999989604,3.9999999999913336,0.271831464491522,4,-3.279105444686098e-06,6.508152881605158e-06,2.0534210560069502e-08,19.619185755850033,3.9999999999918945,0.40776411924222467,6,-3.0921659781232846e-06,9.232092357094034e-06,2.0897391320111506e-09,9.808970381855405,3.9999999999947065,0.8155799934708522,5,-1.9857739564435595e-06,2.512170955763411e-16,1.9755965891131347e-11,1.2454262783705673e-11,7
10.125,4.0,2.053870692182031e-06,-2.7724651024034305e-08,29.429999999993072,4.000000000026825,0.2718314644939019,4,-3.2791054446826284e-06,6.50825555268414e-06,2.05342150098783e-08,19.619185755856698,4.0000000000228075,0.4077641192452375,6,-3.0921658794383355e-06,9.232102805792409e-06,2.0897150937077076e-09,9.808970381872932,4.000000000009213,0.8155799934723527,5,-1.9857739930045915e-06,1.5351746940932732e-16,1.972745536385897e-11,1.2388590871353045e-11,7
10.13,4.0,2.0537320689117693e-06,-2.7724653635887198e-08,29.42999999999388,3.999999999972928,0.2718314644902317,4,-3.2791054446826284e-06,6.508358223759815e-06,2.053422190490669e-08,19.619185755855405,3.9999999999737343,0.4077641192402618,6,-3.0921657808782865e-06,9.232113254559237e-06,2.089782361741613e-09,9.808970381870138,3.9999999999797073,0.8155799934665688,5,-1.9857740295656234e-06,4.110892111223637e-16,1.96991118141295e-11,1.2396969946564494e-11,7
10.135,4.0,2.0535934456560918e-06,-2.7724649602929575e-08,29.429999999995747,3.999999999983399,0.27183146449092604,4,-3.2791054446826284e-06,6.508460894929236e-06,2.053424021712725e-08,19.619185755857202,3.9999999999837805,0.40776411924124856,6,-3.092165682470893e-06,9.232123703674651e-06,2.0898449330816925e-09,9.808970381880066,3.999999999985631,0.8155799934669512,5,-1.9857740659948164e-06,-5.037345611687651e-16,1.967142018736009e-11,1.2396753231030088e-11,7
10.14,4.0,2.0534548224154067e-06,-2.7724648234562318e-08,29.429999999993342,3.9999999999914326,0.2718314644914942,4,-3.2791054446826284e-06,6.508563566159023e-06,2.0534247618373154e-08,19.61918575585449,3.9999999999906457,0.40776411924200473,6,-3.0921655842022777e-06,9.232134152960871e-06,2.0898706447752313e-09,9.80897038188155,3.9999999999903357,0.815579993467787,5,-1.985774102375437e-06,5.514214014349837e-16,1.9644478183176904e-11,1.2374125997609807e-11,7
10.145,4.0,2.0533161991774724e-06,-2.7724646827437996e-08,29.42999999998724,3.9999999999883653,0.27183146449134216,4,-3.279105444679159e-06,6.508666237427303e-06,2.053425833899494e-08,19.619185755848576,3.9999999999887255,0.4077641192419319,6,-3.0921654860516234e-06,9.232144602422292e-06,2.0899055447441785e-09,9.808970381881743,3.9999999999908136,0.8155799934678685,5,-1.9857741387144245e-06,2.6542795029154335e-16,1.961448795065731e-11,1.2352010354959274e-11,7
10.15,4.0,2.0531775759482726e-06,-2.772464562972673e-08,29.42999999999237,3.9999999999849507,0.2718314644910627,4,-3.279105444679159e-06,6.508768908749124e-06,2.0534267991522378e-08,19.619185755853735,3.999999999985299,0.4077641192414754,6,-3.0921653880675026e-06,9.232155052032995e-06,2.0899380273983024e-09,9.808970381888397,3.9999999999882565,0.8155799934667939,5,-1.9857741750256563e-06,-1.3475040598838842e-15,1.9585295302358607e-11,1.2325901462133767e-11,7
10.155,4.0,2.0530389527270795e-06,-2.7724643177464547e-08,29.42999999999121,3.9999999999926343,0.27183146449159556,4,-3.279105444679159e-06,6.5088715801195505e-06,2.0534277717419816e-08,19.619185755852413,3.9999999999931735,0.4077641192423056,6,-3.092165290215221e-06,9.232165501824838e-06,2.089966046417599e-09,9.808970381894351,3.99999999999494,0.8155799934676615,5,-1.985774211288316e-06,-1.2714691121591206e-16,1.956005327167073e-11,1.230803664139992e-11,7
10.16,4.0,2.0529003295119854e-06,-2.7724643728344233e-08,29.42999999999578,3.9999999999796425,0.27183146449067047,4,-3.279105444679159e-06,6.508974251527764e-06,2.053428373075759e-08,19.61918575585713,3.999999999979987,0.4077641192408633,6,-3.092165192487839e-06,9.232175951663174e-06,2.089991008955367e-09,9.80897038190367,3.999999999983784,0.8155799934646121,5,-1.985774247634242e-06,9.29785408227237e-16,1.9533637069112008e-11,1.2277717782865035e-11,7
10.165000000000001,4.0,2.052761706304566e-06,-2.7724640409600264e-08,29.429999999994955,3.9999999999904605,0.27183146449141327,4,-3.279105444679159e-06,6.509076922990902e-06,2.0534296658227707e-08,19.619185755856588,3.999999999990364,0.40776411924193245,6,-3.092165094913113e-06,9.232186401741565e-06,2.0900299616977984e-09,9.808970381910896,3.999999999990509,0.8155799934653823,5,-1.985774283883024e-06,7.713412531511674e-17,1.9502204434838825e-11,1.2262901190467599e-11,7
10.17,4.0,2.052623083111537e-06,-2.772463708317199e-08,29.429999999994244,4.000000000013455,0.2718314644929825,4,-3.279105444679159e-06,6.5091795945005064e-06,2.0534302330618235e-08,19.619185755856158,4.000000000011519,0.4077641192440979,6,-3.0921649974841037e-06,9.232196851941287e-06,2.0900281651178026e-09,9.808970381911978,4.0000000000054,0.8155799934683287,5,-1.9857743200832334e-06,8.480729936148255e-16,1.9476155938145858e-11,1.2228745401159612e-11,7
10.175,4.0,2.0524844599142364e-06,-2.7724639217869906e-08,29.42999999999098,3.999999999977038,0.2718314644905378,4,-3.2791054446756895e-06,6.5092822660179735e-06,2.053430899785198e-08,19.61918575585276,3.9999999999774185,0.4077641192406923,6,-3.0921649001799945e-06,9.23220730223103e-06,2.0900815897765716e-09,9.808970381914431,3.999999999981991,0.8155799934633516,5,-1.9857743562556873e-06,6.9708266226580425e-16,1.944715158367213e-11,1.222206452308663e-11,7
10.18,4.0,2.0523458367304656e-06,-2.7724636243390313e-08,29.430000000003517,3.9999999999891602,0.27183146449124584,4,-3.2791054446756895e-06,6.509384937623628e-06,2.0534325163779132e-08,19.61918575586469,3.999999999988748,0.4077641192415993,6,-3.092164803021602e-06,9.232217752736841e-06,2.0901126567636213e-09,9.808970381928347,3.9999999999888782,0.8155799934635989,5,-1.985774392448958e-06,1.4641204205172658e-16,1.9421127955974915e-11,1.2180156712531499e-11,7
10.185,4.0,2.052207213553609e-06,-2.7724634971278795e-08,29.42999999998889,3.999999999986107,0.27183146449117346,4,-3.2791054446756895e-06,6.50948760927394e-06,2.0534333032584994e-08,19.619185755849724,3.999999999986031,0.4077641192416334,6,-3.0921647060019875e-06,9.232228203428252e-06,2.090157240870673e-09,9.808970381923727,3.999999999987466,0.8155799934636951,5,-1.9857744285728396e-06,7.059644464628055e-16,1.939454832858697e-11,1.2180931204113477e-11,7
10.19,4.0,2.05206859038485e-06,-2.7724632931913464e-08,29.42999999998723,3.9999999999873785,0.27183146449127515,4,-3.27910544467222e-06,6.509590280974043e-06,2.0534344749869607e-08,19.619185755848093,3.9999999999882543,0.40776411924189393,6,-3.092164609114212e-06,9.232238654326177e-06,2.0901950460866145e-09,9.808970381924107,3.9999999999918816,0.8155799934645638,5,-1.9857744646273323e-06,4.892489120559749e-16,1.9367924292278043e-11,1.2163103686873256e-11,7
10.195,4.0,2.051929967225704e-06,-2.7724631239584027e-08,29.42999999999119,3.999999999991438,0.27183146449151446,4,-3.27910544467222e-06,6.509692952728042e-06,2.0534354318584008e-08,19.619185755851472,3.999999999991764,0.4077641192421815,6,-3.092164512379092e-06,9.232249105384062e-06,2.090221516638404e-09,9.808970381929738,3.9999999999944267,0.8155799934646145,5,-1.985774500619375e-06,-4.4156207178975637e-16,1.9339731732879923e-11,1.2136460110639092e-11,7
10.200000000000001,4.0,2.0517913440719566e-06,-2.7724630037753903e-08,29.429999999993456,3.999999999989555,0.2718314644913656,4,-3.27910544467222e-06,6.509795624522993e-06,2.0534363106541277e-08,19.61918575585358,3.9999999999898055,0.40776411924193806,6,-3.0921644157619332e-06,9.232259556606011e-06,2.090256278608867e-09,9.808970381939748,3.9999999999915135,0.8155799934631883,5,-1.9857745366044788e-06,6.810954507112019e-16,1.9311645754892167e-11,1.2120062560654589e-11,7
10.205,4.0,2.051652720926074e-06,-2.7724628971233854e-08,29.430000000001893,3.9999999999865223,0.27183146449108153,4,-3.2791054446930368e-06,6.5098982963840006e-06,2.053437707032707e-08,19.619185755860848,3.999999999986753,0.40776411924147576,6,-3.092164319318247e-06,9.232270007945365e-06,2.0902819481909293e-09,9.808970381950195,3.9999999999881233,0.8155799934616285,5,-1.985774572631216e-06,-6.106364032637156e-15,1.9264657563776346e-11,1.2060650529804008e-11,7
10.21,4.0,2.0515140977931904e-06,-2.772462179064888e-08,29.429999999970214,4.000000000013865,0.2718314644932323,4,-3.2791054447069146e-06,6.5100009682957785e-06,2.053438600962239e-08,19.619185755829267,4.000000000018838,0.40776411924540296,6,-3.0921642230202773e-06,9.232280459439825e-06,2.0902800618138952e-09,9.808970381926676,4.000000000025664,0.8155799934712383,5,-1.985774608602442e-06,-1.2142772969288655e-15,1.9248370147915885e-11,1.2039451487282605e-11,7
10.215,4.0,2.0513754746580833e-06,-2.7724627237179077e-08,29.429999999996802,3.9999999999786664,0.2718314644905947,4,-3.2791054447069146e-06,6.510103640195349e-06,2.053438396301038e-08,19.619185755855785,3.999999999979532,0.4077641192408449,6,-3.092164126840269e-06,9.232290910974347e-06,2.090330995318524e-09,9.80897038195473,3.9999999999846017,0.8155799934605333,5,-1.9857746445528512e-06,-5.286035569203688e-16,1.9227965136901693e-11,1.2050152260883153e-11,7
10.22,4.0,2.051236851533084e-06,-2.772462409133157e-08,29.429999999989768,3.9999999999873572,0.2718314644912503,4,-3.2791054447069146e-06,6.510206312161432e-06,2.053439782297541e-08,19.619185755849585,3.9999999999873417,0.40776411924176986,6,-3.0921640307712828e-06,9.232301362773272e-06,2.090376296998486e-09,9.808970381957828,3.9999999999885407,0.8155799934610789,5,-1.9857746803922383e-06,5.887248950623887e-16,1.9202929163607184e-11,1.2040222426150905e-11,7
10.225,4.0,2.0510982284177758e-06,-2.772462214491117e-08,29.429999999986922,3.9999999999867066,0.27183146449123236,4,-3.2791054447069146e-06,6.51030898419468e-06,2.0534411533347126e-08,19.61918575584619,3.9999999999870512,0.40776411924181083,6,-3.0921639348480134e-06,9.232311814785137e-06,2.090417267353786e-09,9.808970381959092,3.9999999999896763,0.8155799934612052,5,-1.985774716196931e-06,-8.003861533486072e-16,1.9169954651597397e-11,1.2012775936625333e-11,7
10.23,4.0,2.050959605312181e-06,-2.772462088403056e-08,29.42999999999785,3.999999999991876,0.2718314644914827,4,-3.2791054447069146e-06,6.5104116562763075e-06,2.0534418642130266e-08,19.619185755856396,3.9999999999916005,0.40776411924206246,6,-3.092163839070461e-06,9.232322266950888e-06,2.090443799105124e-09,9.808970381970433,3.999999999992392,0.815579993460816,5,-1.985774751966929e-06,-2.976771677983364e-16,1.914704497743965e-11,1.1997868750029085e-11,7
10.235,4.0,2.050820982213295e-06,-2.7724620015502026e-08,29.42999999999271,3.9999999999906777,0.27183146449144874,4,-3.2791054447069146e-06,6.510514328401553e-06,2.053442654148061e-08,19.619185755852016,3.999999999990375,0.40776411924202854,6,-3.0921637434039306e-06,9.232332719187451e-06,2.090457316955066e-09,9.808970381971587,3.9999999999910947,0.8155799934604555,5,-1.9857747878340715e-06,9.955106112850461e-16,1.9121133260223317e-11,1.195478676760311e-11,7
10.24,4.0,2.050682359118071e-06,-2.7724618060180826e-08,29.42999999999219,3.9999999999872187,0.2718314644912185,4,-3.2791054447069146e-06,6.510617000563131e-06,2.0534436769116948e-08,19.61918575585087,3.9999999999876543,0.407764119241775,6,-3.092163647896995e-06,9.23234317161623e-06,2.0905018570682124e-09,9.808970381976634,3.9999999999898046,0.815579993459773,5,-1.985774823583253e-06,-6.707121040723889e-16,1.908891369987027e-11,1.1948970975310914e-11,7
10.245000000000001,4.0,2.0505437360336284e-06,-2.7724615419710326e-08,29.429999999983323,3.9999999999902593,0.271831464491507,4,-3.2791054447069146e-06,6.510719672782164e-06,2.0534449108041605e-08,19.61918575584086,3.9999999999917124,0.4077641192423968,6,-3.0921635525218982e-06,9.232353624238511e-06,2.0905328435708126e-09,9.808970381969562,3.99999999999686,0.8155799934617994,5,-1.985774859283862e-06,3.9510199956776135e-16,1.9065350326395627e-11,1.1925574579379173e-11,7
10.25,4.0,2.0504051129563944e-06,-2.7724615134902873e-08,29.429999999987118,3.999999999989504,0.27183146449142065,4,-3.279105444703445e-06,6.510822345038518e-06,2.0534454163234012e-08,19.61918575584655,3.999999999989272,0.4077641192420297,6,-3.0921634572786405e-06,9.23236407700957e-06,2.0905669884307786e-09,9.808970381983958,3.9999999999899485,0.8155799934591933,5,-1.985774894915082e-06,3.36482223867553e-16,1.903906379788618e-11,1.1917655580589128e-11,7
10.255,4.0,2.0502664898905056e-06,-2.7724614309530364e-08,29.429999999998902,3.9999999999972244,0.2718314644918365,4,-3.279105444703445e-06,6.510925017333615e-06,2.0534456743109942e-08,19.61918575585667,3.9999999999954143,0.4077641192424456,6,-3.0921633621880384e-06,9.232374529840895e-06,2.0905678650905006e-09,9.80897038199822,3.999999999991701,0.8155799934583647,5,-1.985774930580997e-06,-7.701880870788031e-16,1.900461490969969e-11,1.1877337609405261e-11,7
10.26,4.0,2.0501278668214785e-06,-2.772461280303715e-08,29.429999999995026,3.9999999999788995,0.27183146449062695,4,-3.279105444703445e-06,6.511027689655557e-06,2.0534470601057148e-08,19.61918575585223,3.9999999999796847,0.40776411924093436,6,-3.0921632672223365e-06,9.23238498283228e-06,2.0906221027519395e-09,9.808970381995055,3.999999999984267,0.8155799934571122,5,-1.9857749661983393e-06,-1.097037745528449e-15,1.8981570232422152e-11,1.1869516310241383e-11,7
10.265,4.0,2.049989243769635e-06,-2.772460950099419e-08,29.429999999992468,4.000000000001414,0.2718314644921806,4,-3.279105444703445e-06,6.511130362055868e-06,2.053448361394218e-08,19.619185755849763,4.000000000000578,0.4077641192431155,6,-3.0921631723815346e-06,9.232395436006492e-06,2.0906348303700898e-09,9.808970382001746,3.9999999999973634,0.8155799934592262,5,-1.9857750018087428e-06,1.1553827268310686e-15,1.895951320954732e-11,1.1819382191162992e-11,7
10.27,4.0,2.0498506207189163e-06,-2.7724609549617127e-08,29.42999999998777,3.9999999999833062,0.27183146449099344,4,-3.279105444703445e-06,6.511233034490276e-06,2.0534492151975732e-08,19.619185755844278,3.999999999983531,0.4077641192414917,6,-3.0921630776795106e-06,9.232405889335918e-06,2.0906863613925448e-09,9.8089703820017,3.9999999999863336,0.8155799934569811,5,-1.9857750374052685e-06,-1.644504048433175e-16,1.8926563566533287e-11,1.1816518703937878e-11,7
10.275,4.0,2.049711997679477e-06,-2.7724607278827638e-08,29.429999999989718,3.999999999989933,0.27183146449142576,4,-3.279105444703445e-06,6.511335706984839e-06,2.053450171732844e-08,19.619185755846487,3.9999999999898233,0.4077641192420872,6,-3.0921629831162645e-06,9.232416342882978e-06,2.090723452779043e-09,9.80897038200868,3.9999999999904334,0.8155799934572366,5,-1.9857750729046497e-06,-5.019582043293651e-16,1.8900163351186122e-11,1.1807979756610882e-11,7
10.28,4.0,2.0495733746471535e-06,-2.7724606195357434e-08,29.429999999994386,3.999999999985935,0.27183146449111095,4,-3.279105444703445e-06,6.5114383795192545e-06,2.0534510274632587e-08,19.619185755849667,3.9999999999862177,0.40776411924165357,6,-3.0921628886779184e-06,9.23242679658655e-06,2.090756367297318e-09,9.808970382012633,3.999999999989151,0.8155799934566463,5,-1.9857751083623976e-06,1.6598680692207398e-15,1.8877809676719108e-11,1.1794751227227868e-11,7
10.285,4.0,2.049434751622953e-06,-2.7724604197098437e-08,29.429999999996486,3.999999999992542,0.27183146449154055,4,-3.279105444703445e-06,6.511541052104113e-06,2.0534519787191698e-08,19.61918575585169,3.999999999992231,0.4077641192422246,6,-3.092162794392228e-06,9.232437250453935e-06,2.090785734002794e-09,9.808970382019762,3.9999999999921236,0.8155799934566598,5,-1.985775143771573e-06,5.087888372893775e-16,1.884740555305593e-11,1.1768716941389616e-11,7
10.290000000000001,4.0,2.049296128605157e-06,-2.7724602961398112e-08,29.429999999987892,3.999999999987885,0.27183146449130347,4,-3.279105444703445e-06,6.511643724730999e-06,2.0534529489997628e-08,19.61918575584262,3.999999999988571,0.40776411924204,6,-3.092162700231438e-06,9.232447704462947e-06,2.0908154221097232e-09,9.808970382015623,3.9999999999918057,0.8155799934569391,5,-1.985775179166871e-06,7.006353759446046e-16,1.8822104902592348e-11,1.1744819612829164e-11,7
10.295,4.0,2.0491575055980634e-06,-2.772460123293857e-08,29.429999999999353,3.9999999999963034,0.2718314644917697,4,-3.2791054446999757e-06,6.5117463974069285e-06,2.053453657745236e-08,19.619185755853696,3.999999999996111,0.4077641192425784,6,-3.0921626062094254e-06,9.232458158563865e-06,2.090821879311555e-09,9.80897038203036,3.999999999995162,0.8155799934563982,5,-1.98577521461768e-06,7.663605790024139e-16,1.8795527051561242e-11,1.1703954523738761e-11,7
10.3,4.0,2.04901888259656e-06,-2.7724599391432106e-08,29.429999999992038,4.000000000006393,0.27183146449252293,4,-3.2791054446999757e-06,6.511849070110145e-06,2.0534541210026714e-08,19.619185755846885,4.0000000000040306,0.4077641192435273,6,-3.092162512326191e-06,9.232468612754845e-06,2.09083576583283e-09,9.808970382031266,3.9999999999984492,0.8155799934569931,5,-1.9857752500199166e-06,-5.605779800295732e-16,1.876185265495673e-11,1.1679529617197008e-11,7
10.305,4.0,2.0488802595959246e-06,-2.7724599467866632e-08,29.429999999991132,3.999999999979434,0.2718314644906992,4,-3.2791054446999757e-06,6.511951742836434e-06,2.0534551422260004e-08,19.61918575584442,3.99999999998002,0.4077641192411309,6,-3.0921624185817342e-06,9.232479067098063e-06,2.0908906562407065e-09,9.808970382031367,3.999999999984724,0.8155799934541862,5,-1.9857752853527644e-06,-3.2432252038934e-16,1.874029656471061e-11,1.1678229323990567e-11,7
10.31,4.0,2.04874163660741e-06,-2.7724596379624545e-08,29.429999999992027,3.9999999999854885,0.2718314644911024,4,-3.2791054446999757e-06,6.512054415635912e-06,2.0534565111311186e-08,19.619185755844207,3.999999999986367,0.4077641192417823,6,-3.092162324955239e-06,9.232489521691377e-06,2.0909348293033127e-09,9.808970382036534,3.9999999999903393,0.8155799934549014,5,-1.985775320623162e-06,1.4964432399959168e-15,1.8716862865285242e-11,1.1667789674845409e-11,7
10.315,4.0,2.048603013628125e-06,-2.7724595750364616e-08,29.42999999999877,3.999999999988547,0.271831464491248,4,-3.2791054446965062e-06,6.5121570884871975e-06,2.053457389386905e-08,19.619185755852172,3.9999999999885865,0.407764119241843,6,-3.0921622314675212e-06,9.232499976461598e-06,2.090969264189565e-09,9.808970382045677,3.9999999999905578,0.8155799934541857,5,-1.9857753558519264e-06,-1.0703923929374453e-15,1.8688180031399448e-11,1.1646382798573796e-11,7
10.32,4.0,2.048464390658372e-06,-2.7724593173021257e-08,29.429999999993164,4.000000000003208,0.2718314644922961,4,-3.2791054446965062e-06,6.512259761397642e-06,2.0534585024925488e-08,19.619185755846473,4.000000000001822,0.4077641192433107,6,-3.0921621381116426e-06,9.232510431363662e-06,2.090978860703321e-09,9.80897038205452,3.999999999996464,0.8155799934546548,5,-1.9857753911015075e-06,-7.595299460424014e-16,1.866012958054848e-11,1.159510115297715e-11,7
10.325000000000001,4.0,2.0483257676909882e-06,-2.772459262723437e-08,29.429999999987572,3.9999999999852145,0.27183146449112494,4,-3.2791054446965062e-06,6.512362434329449e-06,2.05345906250945e-08,19.61918575583846,3.99999999998647,0.40776411924191225,6,-3.092162044880664e-06,9.232520886363618e-06,2.0910148041904665e-09,9.80897038204495,3.9999999999917164,0.8155799934544824,5,-1.9857754263510885e-06,1.277951348749686e-15,1.8636791804392438e-11,1.1590459532555799e-11,7
10.33,4.0,2.048187144731335e-06,-2.7724591024549943e-08,29.42999999998437,3.9999999999882374,0.2718314644913599,4,-3.2791054446965062e-06,6.5124651073119475e-06,2.0534601610025588e-08,19.619185755836728,3.9999999999886664,0.40776411924217215,6,-3.0921619518023413e-06,9.232531341585662e-06,2.091058659425345e-09,9.808970382050138,3.999999999991623,0.8155799934540321,5,-1.9857754614827083e-06,-2.159647531859246e-16,1.86052667995636e-11,1.1581142540933145e-11,7
10.335,4.0,2.0480485217817062e-06,-2.7724589501263328e-08,29.42999999999626,3.9999999999872458,0.2718314644911828,4,-3.2791054446965062e-06,6.51256778034721e-06,2.0534610687267267e-08,19.61918575584651,3.9999999999873737,0.4077641192418371,6,-3.0921618588489186e-06,9.232541796959274e-06,2.0910885140918005e-09,9.808970382061126,3.9999999999895453,0.8155799934526948,5,-1.9857754966073893e-06,-2.8879538360133494e-16,1.858177448036253e-11,1.1562892250765144e-11,7
10.34,4.0,2.047909898839832e-06,-2.772458735631466e-08,29.42999999998378,3.999999999995343,0.27183146449184825,4,-3.2791054446965062e-06,6.512670453423044e-06,2.053461800534921e-08,19.619185755833563,3.999999999995926,0.40776411924297795,6,-3.092161766020396e-06,9.232552252486694e-06,2.0911102558776964e-09,9.808970382056579,3.9999999999977307,0.8155799934547419,5,-1.98577553166962e-06,1.4431525348139092e-15,1.8555859210432524e-11,1.1541774920658354e-11,7
10.345,4.0,2.0477712759018273e-06,-2.7724587008049194e-08,29.429999999988976,3.9999999999838876,0.2718314644910218,4,-3.2791054446965062e-06,6.512773126536223e-06,2.0534627668070908e-08,19.619185755839126,3.9999999999845213,0.40776411924169975,6,-3.092161673330651e-06,9.232562708159908e-06,2.0911518462803598e-09,9.808970382063183,3.9999999999890337,0.8155799934524195,5,-1.9857755666971566e-06,3.791147880131593e-16,1.8526785578042063e-11,1.1521000427421569e-11,7
10.35,4.0,2.047632652979484e-06,-2.772458720548406e-08,29.430000000008462,3.9999999999915676,0.27183146449136375,4,-3.2791054446965062e-06,6.512875799689091e-06,2.053462520867606e-08,19.619185755856204,3.9999999999902,0.4077641192419237,6,-3.092161580793562e-06,9.232573163775467e-06,2.0911312656980806e-09,9.808970382084379,3.9999999999873994,0.815579993450324,5,-1.9857756018842876e-06,-4.824182790959622e-16,1.8496772252883558e-11,1.1471063483952347e-11,7
10.355,4.0,2.0474940300496904e-06,-2.7724584501743356e-08,29.429999999996575,3.9999999999793303,0.27183146449064194,4,-3.2791054446965062e-06,6.512978472859282e-06,2.0534640542084585e-08,19.619185755844452,3.9999999999798996,0.40776411924111794,6,-3.0921614883674953e-06,9.232583619630963e-06,2.0911970272945732e-09,9.808970382080135,3.999999999983353,0.8155799934498517,5,-1.9857756369395796e-06,9.830761134092443e-16,1.8475164648289092e-11,1.1481133650874907e-11,7
10.36,4.0,2.0473554071370916e-06,-2.772458228312489e-08,29.429999999991566,3.9999999999858056,0.2718314644911282,4,-3.2791054446930368e-06,6.513081146106951e-06,2.0534653925955338e-08,19.61918575583927,3.9999999999854476,0.40776411924179123,6,-3.0921613960663286e-06,9.232594075728004e-06,2.0912367418896005e-09,9.808970382081503,3.999999999986827,0.8155799934504463,5,-1.985775671897727e-06,6.455683139231966e-16,1.8447528088581705e-11,1.1462860268067998e-11,7
10.365,4.0,2.0472167842319485e-06,-2.7724579971050204e-08,29.429999999982947,3.9999999999909535,0.2718314644915577,4,-3.2791054446930368e-06,6.513183819410666e-06,2.053466504134661e-08,19.619185755829925,3.9999999999914206,0.4077641192425943,6,-3.0921613039039397e-06,9.23260453202337e-06,2.091270390544421e-09,9.808970382077023,3.9999999999937836,0.8155799934522372,5,-1.985775706814241e-06,2.050318177519345e-16,1.8419498954012808e-11,1.1441693199969704e-11,7
10.370000000000001,4.0,2.047078161334967e-06,-2.77245792826593e-08,29.42999999998775,3.999999999991255,0.2718314644915338,4,-3.2791054446930368e-06,6.513286492752781e-06,2.053467114173515e-08,19.619185755833897,3.9999999999911946,0.40776411924248873,6,-3.0921612118803288e-06,9.232614988437842e-06,2.0912923210141777e-09,9.808970382084567,3.9999999999928093,0.8155799934514113,5,-1.985775741689122e-06,6.882008780688026e-16,1.839425869968177e-11,1.1416609265040533e-11,7
10.375,4.0,2.0469395384417543e-06,-2.7724577651904574e-08,29.42999999998623,3.99999999998656,0.2718314644912288,4,-3.2791054446895673e-06,6.513389166132925e-06,2.0534681613988143e-08,19.619185755832458,3.999999999987391,0.40776411924213085,6,-3.092161119981618e-06,9.232625445022126e-06,2.091329446183547e-09,9.808970382087116,3.999999999991968,0.8155799934510278,5,-1.9857757765293083e-06,2.029070645430853e-17,1.8365993309653234e-11,1.1402764339834248e-11,7
10.38,4.0,2.0468009155602764e-06,-2.7724574389834008e-08,29.429999999961474,3.9999999999940408,0.2718314644919658,4,-3.2791054446895673e-06,6.513491839571932e-06,2.0534695614523108e-08,19.619185755805905,3.9999999999963705,0.4077641192435981,6,-3.092161028221685e-06,9.232635901727714e-06,2.0913364788105105e-09,9.808970382059787,4.000000000006086,0.8155799934561787,5,-1.9857758113903112e-06,4.874725552165744e-16,1.8346604374751185e-11,1.1345917368259762e-11,7
10.385,4.0,2.046662292682402e-06,-2.772457492012549e-08,29.429999999995044,3.999999999989721,0.2718314644913622,4,-3.2791054446895673e-06,6.513594513041004e-06,2.0534696550362044e-08,19.61918575583956,3.999999999990536,0.4077641192423039,6,-3.092160936586652e-06,9.232646358529976e-06,2.091373397184787e-09,9.808970382100862,3.9999999999934808,0.8155799934501934,5,-1.985775846265192e-06,1.4641204205172631e-16,1.831673315813983e-11,1.134991772386209e-11,7
10.39,4.0,2.0465236698089067e-06,-2.772457335829899e-08,29.43000000000106,3.999999999984493,0.27183146449095136,4,-3.279105444717323e-06,6.513697186573315e-06,2.0534712782100926e-08,19.619185755843716,3.9999999999853033,0.40776411924168404,6,-3.0921608451320304e-06,9.232656815556314e-06,2.091427233876685e-09,9.808970382109777,3.999999999987838,0.8155799934483016,5,-1.985775881056806e-06,-5.7564217352753056e-15,1.8274565999486144e-11,1.1322023592412989e-11,7
10.395,4.0,2.046385046956604e-06,-2.7724569438210222e-08,29.429999999987412,4.000000000019463,0.27183146449345386,4,-3.2791054447312007e-06,6.513799860155217e-06,2.0534713991442257e-08,19.619185755831303,4.000000000016833,0.4077641192451562,6,-3.092160753788431e-06,9.232667272691253e-06,2.091409031792515e-09,9.808970382105853,4.0000000000084865,0.8155799934528379,5,-1.9857759158276034e-06,-1.832449477040152e-15,1.825480402964782e-11,1.1287880237602876e-11,7
10.4,4.0,2.0462464240945457e-06,-2.7724572264630845e-08,29.429999999998863,3.9999999999811626,0.2718314644907453,4,-3.2791054447312007e-06,6.513902533718127e-06,2.053471660568302e-08,19.619185755841244,3.999999999981161,0.40776411924131317,6,-3.0921606625697318e-06,9.232677729877058e-06,2.091461995997346e-09,9.808970382119707,3.999999999983104,0.8155799934465108,5,-1.9857759505637063e-06,-4.930764201323632e-16,1.8238036997440723e-11,1.1301210019325735e-11,7
10.405,4.0,2.046107801246127e-06,-2.7724568695524455e-08,29.42999999998716,3.999999999987504,0.27183146449128437,4,-3.2791054447312007e-06,6.514005207352357e-06,2.0534732755716604e-08,19.619185755829186,3.9999999999877494,0.40776411924223543,6,-3.092160571448177e-06,9.232688187299718e-06,2.0914970645872804e-09,9.8089703821106,3.9999999999911444,0.8155799934489073,5,-1.985775985244298e-06,5.816194677047884e-16,1.8212299363194654e-11,1.1277255847346424e-11,7
10.41,4.0,2.0459691784053173e-06,-2.7724567786273225e-08,29.429999999987448,3.999999999987229,0.271831464491263,4,-3.2791054447312007e-06,6.51410788104288e-06,2.0534742013330047e-08,19.619185755828916,3.999999999987155,0.4077641192421805,6,-3.092160480479278e-06,9.232698644908523e-06,2.0915384471539965e-09,9.80897038211731,3.999999999988706,0.8155799934478521,5,-1.9857760198832564e-06,-2.9590081095893546e-16,1.818275499624175e-11,1.1260336048451135e-11,7
10.415000000000001,4.0,2.045830555576758e-06,-2.7724566830310206e-08,29.430000000003417,3.999999999995739,0.2718314644916938,4,-3.2791054447312007e-06,6.514210554782437e-06,2.0534746060607375e-08,19.619185755843837,3.9999999999940825,0.4077641192425765,6,-3.092160389621401e-06,9.232709102569283e-06,2.091540372149415e-09,9.808970382135128,3.9999999999901226,0.8155799934466595,5,-1.9857760546193592e-06,2.6720430713094395e-16,1.816057185203132e-11,1.1223336311843268e-11,7
10.42,4.0,2.0456919327463907e-06,-2.7724565368054145e-08,29.429999999987125,3.999999999981783,0.2718314644908959,4,-3.2791054447312007e-06,6.514313228542746e-06,2.0534757770452202e-08,19.619185755827115,3.99999999998209,0.40776411924170153,6,-3.0921602989023023e-06,9.23271956042683e-06,2.0915911391247804e-09,9.808970382126084,3.9999999999858042,0.815579993446531,5,-1.9857760892166842e-06,6.437919570837973e-16,1.813300101752699e-11,1.1218387381688697e-11,7
10.425,4.0,2.045553309928572e-06,-2.7724563366402996e-08,29.429999999999804,3.999999999987391,0.27183146449115986,4,-3.2791054447312007e-06,6.514415902366104e-06,2.053476706630667e-08,19.61918575583914,3.999999999987214,0.4077641192419739,6,-3.0921602083219812e-06,9.232730018467383e-06,2.0916245529649024e-09,9.808970382139,3.999999999987864,0.8155799934458771,5,-1.9857761237793148e-06,-3.420860887833417e-16,1.810418140416456e-11,1.1202286483296373e-11,7
10.43,4.0,2.045414687118568e-06,-2.7724561168332913e-08,29.429999999988034,3.9999999999933573,0.27183146449167406,4,-3.2791054447312007e-06,6.5145185762324924e-06,2.0534776334480592e-08,19.619185755826443,3.9999999999936584,0.4077641192428948,6,-3.0921601178526825e-06,9.232740476680873e-06,2.091652145255079e-09,9.80897038213402,3.999999999994622,0.815579993447669,5,-1.985776158286434e-06,7.628078653236141e-16,1.8079925251522553e-11,1.1183737765179355e-11,7
10.435,4.0,2.045276064314826e-06,-2.7724560816547736e-08,29.42999999999293,3.9999999999872715,0.27183146449121526,4,-3.2791054447277312e-06,6.514621250130512e-06,2.0534782190582812e-08,19.61918575583128,3.9999999999872333,0.40776411924213934,6,-3.0921600275221617e-06,9.232750935000503e-06,2.09167858813866e-09,9.80897038214042,3.999999999988755,0.8155799934459408,5,-1.985776192765798e-06,3.489167217433558e-16,1.8055123757330847e-11,1.1166666975952716e-11,7
10.44,4.0,2.045137441517859e-06,-2.772455816299685e-08,29.429999999986407,3.999999999992038,0.2718314644915994,4,-3.2791054447277312e-06,6.514723924080244e-06,2.0534794713196407e-08,19.619185755823356,3.999999999992988,0.4077641192428906,6,-3.0921599373373576e-06,9.23276139349378e-06,2.091708131757613e-09,9.808970382137693,3.999999999996006,0.8155799934476459,5,-1.985776227217406e-06,-9.318365594642248e-16,1.8026272169545308e-11,1.1136484896894467e-11,7
10.445,4.0,2.044998818736713e-06,-2.7724556399196423e-08,29.430000000004853,4.000000000019212,0.2718314644932757,4,-3.2791054447277312e-06,6.514826598069952e-06,2.0534793484679676e-08,19.619185755841457,4.000000000015716,0.40776411924483136,6,-3.0921598472774536e-06,9.232771851980444e-06,2.0916804950417062e-09,9.808970382159767,4.000000000004442,0.8155799934475305,5,-1.985776261766159e-06,-6.600539630359864e-16,1.799951313011658e-11,1.1084984759406574e-11,7
10.450000000000001,4.0,2.0448601959453792e-06,-2.7724557455131597e-08,29.429999999996156,3.99999999997974,0.27183146449067364,4,-3.2791054447277312e-06,6.514929272048467e-06,2.0534801468944963e-08,19.619185755831694,3.999999999980175,0.40776411924141115,6,-3.092159757335511e-06,9.232782310558423e-06,2.0917404167926215e-09,9.808970382156058,3.99999999998359,0.8155799934435873,5,-1.9857762962524617e-06,9.848524702486456e-16,1.797833540387725e-11,1.1096051462516039e-11,7
10.455,4.0,2.0447215731674714e-06,-2.7724553831089648e-08,29.429999999984307,3.9999999999847793,0.27183146449112555,4,-3.2791054447277312e-06,6.5150319461111425e-06,2.053481992663977e-08,19.61918575581926,3.9999999999859845,0.4077641192422618,6,-3.092159667525407e-06,9.232792769437366e-06,2.091793962116033e-09,9.808970382148873,3.999999999990984,0.8155799934456923,5,-1.985776330634681e-06,-2.053066121495222e-16,1.7948313196934542e-11,1.1078387370105043e-11,7
10.46,4.0,2.044582950403347e-06,-2.772455222286622e-08,29.42999999999189,3.9999999999930256,0.2718314644916159,4,-3.2791054447277312e-06,6.515134620237329e-06,2.053482731086693e-08,19.619185755825313,3.9999999999933626,0.40776411924288813,6,-3.092159577854081e-06,9.232803228501545e-06,2.0918223388842777e-09,9.808970382158474,3.9999999999942557,0.8155799934455611,5,-1.985776364975267e-06,2.1213724510953663e-16,1.792465745290425e-11,1.106409302661839e-11,7
10.465,4.0,2.0444443276433887e-06,-2.7724551454517305e-08,29.4299999999809,3.9999999999908473,0.27183146449156936,4,-3.279105444724262e-06,6.515237294392326e-06,2.0534834297240013e-08,19.619185755814804,3.999999999991261,0.4077641192428923,6,-3.0921594882868386e-06,9.232813687706927e-06,2.0918520315408093e-09,9.808970382154847,3.9999999999937543,0.8155799934457605,5,-1.9857763992534028e-06,8.001113589510194e-16,1.790028050799716e-11,1.1046777100147917e-11,7
10.47,4.0,2.0443057048907902e-06,-2.7724549966810007e-08,29.429999999997264,3.9999999999900497,0.271831464491364,4,-3.279105444724262e-06,6.5153399685935205e-06,2.0534843081625314e-08,19.619185755829324,3.999999999990407,0.40776411924250344,6,-3.0921593988722518e-06,9.232824147046078e-06,2.0918796535804897e-09,9.80897038216884,3.99999999999212,0.8155799934442638,5,-1.9857764335315387e-06,-4.4156207178975573e-16,1.78736280499788e-11,1.1023174646822807e-11,7
10.475,4.0,2.044167082144794e-06,-2.77245490418292e-08,29.429999999995047,3.9999999999858944,0.2718314644911021,4,-3.279105444724262e-06,6.515442642842481e-06,2.05348515752219e-08,19.619185755825555,3.9999999999864935,0.40776411924218287,6,-3.092159309582565e-06,9.23283460646023e-06,2.0918998517565877e-09,9.808970382170672,3.999999999989543,0.815579993443586,5,-1.9857764678860024e-06,-1.8754304375551994e-16,1.7848405559216156e-11,1.0990100658830015e-11,7
10.48,4.0,2.0440284594053593e-06,-2.77245478543332e-08,29.429999999999545,3.9999999999876277,0.27183146449117834,4,-3.279105444724262e-06,6.51554531711891e-06,2.0534857711306756e-08,19.619185755830326,3.9999999999872653,0.4077641192421624,6,-3.0921592204039006e-06,9.232845066042197e-06,2.091931529422412e-09,9.80897038217959,3.999999999988094,0.8155799934425491,5,-1.9857765021294438e-06,1.0310377480730521e-15,1.782608385917225e-11,1.0984599281698391e-11,7
10.485,4.0,2.0438898366731257e-06,-2.7724545136937268e-08,29.42999999998697,3.999999999990508,0.27183146449149026,4,-3.279105444724262e-06,6.515647991445979e-06,2.0534870413944475e-08,19.61918575581625,3.9999999999909486,0.4077641192428304,6,-3.092159131364014e-06,9.232855525821121e-06,2.0919653877479293e-09,9.808970382173337,3.9999999999931672,0.8155799934441034,5,-1.985776536310435e-06,-8.451434707030515e-17,1.779643646352266e-11,1.095700357819831e-11,7
10.49,4.0,2.0437512139491218e-06,-2.7724544474872358e-08,29.42999999999598,3.9999999999879323,0.27183146449123197,4,-3.279105444724262e-06,6.515750665814523e-06,2.053487692993124e-08,19.619185755823942,3.999999999988091,0.4077641192423792,6,-3.0921590424629053e-06,9.232865985733864e-06,2.09199566107159e-09,9.808970382182856,3.9999999999902496,0.815579993442717,5,-1.98577657047061e-06,2.618752366127437e-16,1.777401351113891e-11,1.0948366931245146e-11,7
10.495000000000001,4.0,2.0436125912363614e-06,-2.77245436173404e-08,29.429999999998135,3.9999999999932934,0.2718314644915764,4,-3.279105444724262e-06,6.515853340203027e-06,2.0534875633237306e-08,19.61918575582523,3.9999999999931113,0.4077641192428642,6,-3.0921589536866967e-06,9.232876445650743e-06,2.091988274493512e-09,9.808970382187791,3.999999999993166,0.8155799934429013,5,-1.985776604665479e-06,1.3969672569895038e-15,1.774569305404835e-11,1.091349527013088e-11,7
10.5,4.0,2.0434739685191893e-06,-2.772454198849053e-08,29.42999999999293,3.999999999978838,0.2718314644906421,4,-3.279105444724262e-06,6.515956014622758e-06,2.0534891001486288e-08,19.619185755819807,3.9999999999800164,0.4077641192416421,6,-3.092158865035388e-06,9.232886905769552e-06,2.092046086442507e-09,9.808970382187853,3.9999999999850395,0.8155799934412392,5,-1.9857766387632036e-06,2.1924267246713786e-16,1.772022897875555e-11,1.0906471555187892e-11,7
