time_s,phase,source_time_s,cube_x_m,cube_y_m,cube_z_m,cube_qw,relative_slip_m,orientation_drift_rad,raw_orientation_drift_rad,arm_q_error_rad,torque_norm_Nm,torque_saturated,penetration_m,contacts_total,left_Fn_N,left_Ft_N,left_rho,left_points,right_Fn_N,right_Ft_N,right_rho,right_points
0.001,approach,0.0,0.35,-0.15,0.019999734864864865,0.0,0.0,0.0,0.0,0.0,34.76283739804346,0,3.469446951953614e-18,4,0.0,0.0,nan,0,0.0,0.0,nan,0
0.011000000000000003,approach,0.010000000000000002,0.35,-0.15,0.019998151002224403,0.0,0.0,0.0,0.0,0.0,34.76283739804346,0,1.826971125365841e-06,4,0.0,0.0,nan,0,0.0,0.0,nan,0
0.02100000000000001,approach,0.02000000000000001,0.35,-0.15,0.019998116928583713,-1.672622385606176e-34,0.0,0.0,0.0,0.0,34.76283739804346,0,1.8830624754583128e-06,4,0.0,0.0,nan,0,0.0,0.0,nan,0
0.03100000000000002,approach,0.03000000000000002,0.35,-0.15,0.019998117091545458,-1.2748179401331785e-34,0.0,0.0,0.0,0.0,34.76283739804346,0,1.8829117524547735e-06,4,0.0,0.0,nan,0,0.0,0.0,nan,0
0.04100000000000003,approach,0.04000000000000003,0.35,-0.15,0.019998117097039376,-2.099599468890393e-34,0.0,0.0,0.0,0.0,34.76283739804346,0,1.8829029692861575e-06,4,0.0,0.0,nan,0,0.0,0.0,nan,0
0.05100000000000004,approach,0.05000000000000004,0.35,-0.15,0.019998117097027014,-2.6486793977719856e-34,0.0,0.0,0.0,0.0,34.76283739804346,0,1.8829029725057852e-06,4,0.0,0.0,nan,0,0.0,0.0,nan,0
0.06100000000000005,approach,0.060000000000000046,0.35,-0.15,0.019998117097025873,-5.768983070128462e-33,0.0,0.0,0.0,0.0,34.76283739804346,0,1.882902974178524e-06,4,0.0,0.0,nan,0,0.0,0.0,nan,0
0.07100000000000005,approach,0.07000000000000005,0.35,-0.15,0.019998117097025977,4.208335628015234e-31,0.0,0.0,0.0,0.0,34.76283739804346,0,1.8829029740334216e-06,4,0.0,0.0,nan,0,0.0,0.0,nan,0
0.08100000000000006,approach,0.08000000000000006,0.35,-0.15,0.01999811709702588,-3.959717022787661e-30,0.0,0.0,0.0,0.0,34.76283739804346,0,1.8829029741115782e-06,4,0.0,0.0,nan,0,0.0,0.0,nan,0
0.09100000000000007,approach,0.09000000000000007,0.35,-0.14999999999999994,0.01999811709702592,9.205451705527463e-29,0.0,0.0,0.0,0.0,34.76283739804346,0,1.88290297404729e-06,4,0.0,0.0,nan,0,0.0,0.0,nan,0
0.10100000000000008,approach,0.10000000000000007,0.35,-0.14999999999999936,0.019998117097026064,1.389276879215075e-28,0.0,0.0,0.0,0.0,34.76283739804346,0,1.8829029742612675e-06,4,0.0,0.0,nan,0,0.0,0.0,nan,0
0.11100000000000008,approach,0.11000000000000008,0.35000000000000053,-0.1499999999999978,0.01999811709702614,-1.0789814623160942e-27,0.0,0.0,0.0,0.0,34.76283739804346,0,1.8829029748049841e-06,4,0.0,0.0,nan,0,0.0,0.0,nan,0
0.1210000000000001,approach,0.12000000000000009,0.3500000000000012,-0.14999999999999566,0.01999811709702618,-2.80505333989569e-27,0.0,0.0,0.0,0.0,34.76283739804346,0,1.8829029742319547e-06,4,0.0,0.0,nan,0,0.0,0.0,nan,0
0.1310000000000001,approach,0.1300000000000001,0.3500000000000017,-0.14999999999999425,0.019998117097026185,-4.696499444964621e-27,0.0,0.0,0.0,0.0,34.76283739804346,0,1.8829029743229142e-06,4,0.0,0.0,nan,0,0.0,0.0,nan,0
0.1410000000000001,approach,0.1400000000000001,0.3500000000000023,-0.1499999999999922,0.019998117097026133,-7.436240195309189e-27,0.0,0.0,0.0,0.0,34.76283739804346,0,1.8829029742981535e-06,4,0.0,0.0,nan,0,0.0,0.0,nan,0
0.1510000000000001,approach,0.1500000000000001,0.3500000000000029,-0.14999999999999036,0.01999811709702609,-1.1991661391180092e-26,0.0,0.0,0.0,0.0,34.76283739804346,0,1.88290297525965e-06,4,0.0,0.0,nan,0,0.0,0.0,nan,0
0.16100000000000012,approach,0.16000000000000011,0.35000000000000353,-0.1499999999999886,0.019998117097026164,-1.3591130449961893e-26,0.0,0.0,0.0,0.0,34.76283739804346,0,1.882902974134065e-06,4,0.0,0.0,nan,0,0.0,0.0,nan,0
0.17100000000000012,approach,0.17000000000000012,0.35000000000000436,-0.1499999999999861,0.019998117097026147,-2.0542914860291288e-26,0.0,0.0,0.0,0.0,34.76283739804346,0,1.8829029753908738e-06,4,0.0,0.0,nan,0,0.0,0.0,nan,0
0.18100000000000013,approach,0.18000000000000013,0.350000000000005,-0.14999999999998412,0.01999811709702625,-2.5984292919732685e-26,0.0,0.0,0.0,0.0,34.76283739804346,0,1.8829029747813148e-06,4,0.0,0.0,nan,0,0.0,0.0,nan,0
0.19100000000000014,approach,0.19000000000000014,0.3500000000000054,-0.14999999999998265,0.019998117097026143,-2.9252579687014106e-26,0.0,0.0,0.0,0.0,34.76283739804346,0,1.8829029741468812e-06,4,0.0,0.0,nan,0,0.0,0.0,nan,0
0.20100000000000015,approach,0.20000000000000015,0.35000000000000625,-0.14999999999998004,0.01999811709702614,-4.2492884757564455e-26,0.0,0.0,0.0,0.0,34.76283739804346,0,1.8829029755273084e-06,4,0.0,0.0,nan,0,0.0,0.0,nan,0
0.21100000000000016,approach,0.21000000000000016,0.3500000000000068,-0.14999999999997835,0.019998117097026136,-4.9944913695478983e-26,0.0,0.0,0.0,0.0,34.76283739804346,0,1.8829029740295771e-06,4,0.0,0.0,nan,0,0.0,0.0,nan,0
0.22100000000000017,approach,0.22000000000000017,0.35000000000000725,-0.14999999999997674,0.01999811709702616,-6.485444740734622e-26,0.0,0.0,0.0,0.0,34.76283739804346,0,1.882902974551413e-06,4,0.0,0.0,nan,0,0.0,0.0,nan,0
0.23100000000000018,approach,0.23000000000000018,0.3500000000000078,-0.14999999999997504,0.019998117097026168,-8.581855233870831e-26,0.0,0.0,0.0,0.0,34.76283739804346,0,1.882902974990245e-06,4,0.0,0.0,nan,0,0.0,0.0,nan,0
0.2410000000000002,approach,0.24000000000000019,0.35000000000000836,-0.14999999999997343,0.01999811709702617,-1.0827407479754762e-25,0.0,0.0,0.0,0.0,34.76283739804346,0,1.8829029748691987e-06,4,0.0,0.0,nan,0,0.0,0.0,nan,0
0.25100000000000017,approach,0.25000000000000017,0.3500000000000088,-0.14999999999997193,0.01999811709702617,-1.1893983510119033e-25,0.0,0.0,0.0,0.0,34.76283739804346,0,1.88290297412688e-06,4,0.0,0.0,nan,0,0.0,0.0,nan,0
0.2610000000000002,approach,0.2600000000000002,0.3500000000000094,-0.1499999999999701,0.019998117097026206,-1.4770221568072555e-25,0.0,0.0,0.0,0.0,34.76283739804346,0,1.8829029742367364e-06,4,0.0,0.0,nan,0,0.0,0.0,nan,0
0.2710000000000002,approach,0.2700000000000002,0.35000000000001,-0.14999999999996802,0.01999811709702617,-1.9126731444860782e-25,0.0,0.0,0.0,0.0,34.76283739804346,0,1.8829029754171393e-06,4,0.0,0.0,nan,0,0.0,0.0,nan,0
0.2810000000000002,approach,0.2800000000000002,0.35000000000001075,-0.1499999999999659,0.019998117097026157,-2.052509787194413e-25,0.0,0.0,0.0,0.0,34.76283739804346,0,1.8829029741902489e-06,4,0.0,0.0,nan,0,0.0,0.0,nan,0
0.2910000000000002,approach,0.2900000000000002,0.35000000000001114,-0.14999999999996447,0.019998117097026157,-2.437957638408827e-25,0.0,0.0,0.0,0.0,34.76283739804346,0,1.8829029749663452e-06,4,0.0,0.0,nan,0,0.0,0.0,nan,0
0.3010000000000002,approach,0.3000000000000002,0.3500000000000117,-0.14999999999996286,0.019998117097026157,-2.8672404271097735e-25,0.0,0.0,0.0,0.0,34.76283739804346,0,1.88290297491223e-06,4,0.0,0.0,nan,0,0.0,0.0,nan,0
0.3110000000000002,approach,0.3100000000000002,0.3500000000000122,-0.14999999999996133,0.019998117097026157,-3.070090093186479e-25,0.0,0.0,0.0,0.0,34.76283739804346,0,1.8829029741481035e-06,4,0.0,0.0,nan,0,0.0,0.0,nan,0
0.32100000000000023,approach,0.32000000000000023,0.3500000000000128,-0.14999999999995944,0.019998117097026157,-3.6273804382990187e-25,0.0,0.0,0.0,0.0,34.76283739804346,0,1.8829029743002793e-06,4,0.0,0.0,nan,0,0.0,0.0,nan,0
0.33100000000000024,approach,0.33000000000000024,0.3500000000000133,-0.14999999999995772,0.019998117097026157,-4.213763641115259e-25,0.0,0.0,0.0,0.0,34.76283739804346,0,1.8829029741998348e-06,4,0.0,0.0,nan,0,0.0,0.0,nan,0
0.34100000000000025,approach,0.34000000000000025,0.3500000000000138,-0.1499999999999561,0.019998117097026157,-4.807887633735655e-25,0.0,0.0,0.0,0.0,34.76283739804346,0,1.8829029745156518e-06,4,0.0,0.0,nan,0,0.0,0.0,nan,0
0.35100000000000026,approach,0.35000000000000026,0.3500000000000147,-0.14999999999995348,0.019998117097026157,-5.578309005364174e-25,0.0,0.0,0.0,0.0,34.76283739804346,0,1.8829029743980642e-06,4,0.0,0.0,nan,0,0.0,0.0,nan,0
0.36100000000000027,approach,0.36000000000000026,0.350000000000015,-0.14999999999995225,0.019998117097026157,-6.424016845189611e-25,0.0,0.0,0.0,0.0,34.76283739804346,0,1.8829029748521626e-06,4,0.0,0.0,nan,0,0.0,0.0,nan,0
0.3710000000000003,approach,0.3700000000000003,0.35000000000001547,-0.14999999999995078,0.019998117097026157,-6.8289242107362815e-25,0.0,0.0,0.0,0.0,34.76283739804346,0,1.882902974152343e-06,4,0.0,0.0,nan,0,0.0,0.0,nan,0
0.3810000000000003,approach,0.3800000000000003,0.3500000000000161,-0.1499999999999489,0.019998117097026157,-7.936467475689996e-25,0.0,0.0,0.0,0.0,34.76283739804346,0,1.8829029743108069e-06,4,0.0,0.0,nan,0,0.0,0.0,nan,0
0.3910000000000003,approach,0.3900000000000003,0.3500000000000166,-0.14999999999994715,0.019998117097026157,-9.083896714212292e-25,0.0,0.0,0.0,0.0,34.76283739804346,0,1.882902974206789e-06,4,0.0,0.0,nan,0,0.0,0.0,nan,0
0.4010000000000003,approach,0.4000000000000003,0.3500000000000171,-0.1499999999999455,0.019998117097026157,-1.0251095291866241e-24,0.0,0.0,0.0,8.189362787693331e-17,34.762837398043466,0,1.8829029745260678e-06,4,0.0,0.0,nan,0,0.0,0.0,nan,0
0.4110000000000003,approach,0.4100000000000003,0.35000000000001796,-0.14999999999994287,0.019998117097026157,-1.1792546678297262e-24,0.0,0.0,0.0,0.004121786598910457,34.905261689614484,0,1.8829029744063575e-06,4,0.0,0.0,nan,0,0.0,0.0,nan,0
0.4210000000000003,approach,0.4200000000000003,0.3500000000000183,-0.14999999999994165,0.019998117097026157,-1.3443856532329973e-24,0.0,0.0,0.0,0.00823255973262977,34.88030215040525,0,1.8829029748673204e-06,4,0.0,0.0,nan,0,0.0,0.0,nan,0
0.4310000000000003,approach,0.4300000000000003,0.3500000000000188,-0.14999999999994013,0.019998117097026157,-1.4229664947898038e-24,0.0,0.0,0.0,0.012322811241131142,34.910318334146325,0,1.8829029741574043e-06,4,0.0,0.0,nan,0,0.0,0.0,nan,0
0.44100000000000034,approach,0.44000000000000034,0.3500000000000194,-0.14999999999993818,0.019998117097026157,-1.6352162276383334e-24,0.0,0.0,0.0,0.016383547967705987,34.94152066870473,0,1.882902974318616e-06,4,0.0,0.0,nan,0,0.0,0.0,nan,0
0.45100000000000035,approach,0.45000000000000034,0.35000000000001996,-0.14999999999993638,0.019998117097026157,-1.85486352611828e-24,0.0,0.0,0.0,0.020406288559710224,34.972653854292226,0,1.8829029742123647e-06,4,0.0,0.0,nan,0,0.0,0.0,nan,0
0.46100000000000035,approach,0.46000000000000035,0.35000000000002046,-0.1499999999999347,0.019998117097026157,-2.0806102429528313e-24,0.0,0.0,0.0,0.024383059174886007,35.001504867066984,0,1.8829029745370062e-06,4,0.0,0.0,nan,0,0.0,0.0,nan,0
0.47100000000000036,approach,0.47000000000000036,0.35000000000002096,-0.1499999999999331,0.019998117097026157,-2.3854294662229426e-24,0.0,0.0,0.0,0.028306388157262448,35.02740738051598,0,1.882902974915137e-06,4,0.0,0.0,nan,0,0.0,0.0,nan,0
0.48100000000000037,approach,0.48000000000000037,0.35000000000002185,-0.1499999999999305,0.019998117097026157,-2.692350419700663e-24,0.0,0.0,0.0,0.032169299746020466,35.05060793191634,0,1.8829029743726428e-06,4,0.0,0.0,nan,0,0.0,0.0,nan,0
0.4910000000000004,approach,0.4900000000000004,0.3500000000000221,-0.14999999999992944,0.019998117097026157,-2.8428077890140158e-24,0.0,0.0,0.0,0.035965306879972514,35.07037790009239,0,1.882902974080342e-06,4,0.0,0.0,nan,0,0.0,0.0,nan,0
0.5010000000000003,approach,0.5000000000000003,0.35000000000002274,-0.1499999999999276,0.019998117097026157,-3.2527663531039175e-24,0.0,0.0,0.0,0.039688403159464924,35.08719441626101,0,1.8829029743195978e-06,4,0.0,0.0,nan,0,0.0,0.0,nan,0
0.5110000000000003,approach,0.5100000000000003,0.3500000000000233,-0.14999999999992578,0.019998117097026157,-3.679104550652034e-24,0.0,0.0,0.0,0.04333305402653283,35.100973427765304,0,1.8829029742205682e-06,4,0.0,0.0,nan,0,0.0,0.0,nan,0
0.5210000000000004,approach,0.5200000000000004,0.3500000000000238,-0.14999999999992406,0.019998117097026157,-4.114686033165427e-24,0.0,0.0,0.0,0.04689418722308968,35.11164458253048,0,1.8829029745471384e-06,4,0.0,0.0,nan,0,0.0,0.0,nan,0
0.5310000000000004,approach,0.5300000000000004,0.3500000000000243,-0.14999999999992242,0.019998117097026157,-4.700852869091237e-24,0.0,0.0,0.0,0.05036718258576311,35.11915090894805,0,1.8829029749320225e-06,4,0.0,0.0,nan,0,0.0,0.0,nan,0
0.5410000000000004,approach,0.5400000000000004,0.3500000000000248,-0.1499999999999209,0.019998117097026157,-5.312448769450004e-24,0.0,0.0,0.0,0.05374786123475005,35.1234484408014,0,1.8829029748270675e-06,4,0.0,0.0,nan,0,0.0,0.0,nan,0
0.5510000000000004,approach,0.5500000000000004,0.3500000000000256,-0.1499999999999183,0.019998117097026157,-5.917017641584151e-24,0.0,0.0,0.0,0.05703247421274062,35.1245057925737,0,1.8829029748626111e-06,4,0.0,0.0,nan,0,0.0,0.0,nan,0
0.5610000000000004,approach,0.5600000000000004,0.35000000000002607,-0.14999999999991692,0.019998117097026157,-6.371015238191994e-24,0.0,0.0,0.0,0.060217690628564635,35.122403040626175,0,1.882902974182789e-06,4,0.0,0.0,nan,0,0.0,0.0,nan,0
0.5710000000000004,approach,0.5700000000000004,0.35000000000002657,-0.14999999999991526,0.019998117097026157,-7.189187121072635e-24,0.0,0.0,0.0,0.06330058535874203,35.11709986791921,0,1.8829029742099932e-06,4,0.0,0.0,nan,0,0.0,0.0,nan,0
0.5810000000000004,approach,0.5800000000000004,0.35000000000002707,-0.14999999999991354,0.019998117097026157,-8.025918440481969e-24,0.0,0.0,0.0,0.0662786263586214,35.10852374231611,0,1.8829029745658506e-06,4,0.0,0.0,nan,0,0.0,0.0,nan,0
0.5910000000000004,approach,0.5900000000000004,0.35000000000002757,-0.14999999999991187,0.019998117097026157,-9.151613934505741e-24,0.0,0.0,0.0,0.06914966163319336,35.09668731206574,0,1.8829029749516606e-06,4,0.0,0.0,nan,0,0.0,0.0,nan,0
0.6010000000000004,approach,0.6000000000000004,0.35000000000002807,-0.14999999999991032,0.019998117097026157,-1.0324414898784913e-23,0.0,0.0,0.0,0.07191190591607073,35.0816133050685,0,1.8829029748464807e-06,4,0.0,0.0,nan,0,0.0,0.0,nan,0
0.6110000000000004,approach,0.6100000000000004,0.3500000000000289,-0.1499999999999077,0.019998117097026157,-1.1486325837556734e-23,0.0,0.0,0.0,0.0745639271034457,35.06333391988928,0,1.882902974882844e-06,4,0.0,0.0,nan,0,0.0,0.0,nan,0
0.6210000000000004,approach,0.6200000000000004,0.35000000000002934,-0.14999999999990632,0.019998117097026157,-1.2362234448549473e-23,0.0,0.0,0.0,0.0771046324881713,35.04189020294759,0,1.8829029741895132e-06,4,0.0,0.0,nan,0,0.0,0.0,nan,0
0.6310000000000004,approach,0.6300000000000004,0.35000000000002984,-0.1499999999999046,0.019998117097026157,-1.3939487036456324e-23,0.0,0.0,0.0,0.07953325483737388,35.01733141677647,0,1.8829029742173842e-06,4,0.0,0.0,nan,0,0.0,0.0,nan,0
0.6410000000000005,approach,0.6400000000000005,0.3500000000000304,-0.14999999999990285,0.019998117097026157,-1.5550881616768337e-23,0.0,0.0,0.0,0.08184933835527759,34.98971440395792,0,1.8829029745807938e-06,4,0.0,0.0,nan,0,0.0,0.0,nan,0
0.6510000000000005,approach,0.6500000000000005,0.35000000000003095,-0.1499999999999011,0.019998117097026157,-1.77162375244501e-23,0.0,0.0,0.0,0.0840527245711527,34.95910295103654,0,1.8829029749758419e-06,4,0.0,0.0,nan,0,0.0,0.0,nan,0
0.6610000000000005,approach,0.6600000000000005,0.35000000000003145,-0.14999999999989952,0.019998117097026157,-1.9970880354933453e-23,0.0,0.0,0.0,0.08614353819054783,34.925567156394536,0,1.8829029748648685e-06,4,0.0,0.0,nan,0,0.0,0.0,nan,0
0.6710000000000005,approach,0.6700000000000005,0.3500000000000319,-0.14999999999989808,0.019998117097026157,-2.1045519115867676e-23,0.0,0.0,0.0,0.0881221729461685,34.889182805737,0,1.8829029741359524e-06,4,0.0,0.0,nan,0,0.0,0.0,nan,0
0.6810000000000005,approach,0.6800000000000005,0.35000000000003273,-0.1499999999998955,0.019998117097026157,-2.5286448270883573e-23,0.0,0.0,0.0,0.08998927748300714,34.850030758500516,0,1.8829029755000028e-06,4,0.0,0.0,nan,0,0.0,0.0,nan,0
0.6910000000000005,approach,0.6900000000000005,0.3500000000000333,-0.1499999999998938,0.019998117097026157,-2.690827852606824e-23,0.0,0.0,0.0,0.09174574131054566,34.80819634815985,0,1.8829029740219917e-06,4,0.0,0.0,nan,0,0.0,0.0,nan,0
0.7010000000000005,approach,0.7000000000000005,0.35000000000003373,-0.14999999999989222,0.019998117097026157,-3.0007601005872664e-23,0.0,0.0,0.0,0.09339268085307979,34.76376879907015,0,1.8829029745573146e-06,4,0.0,0.0,nan,0,0.0,0.0,nan,0
0.7110000000000005,approach,0.7100000000000005,0.3500000000000343,-0.14999999999989053,0.019998117097026157,-3.417314083689183e-23,0.0,0.0,0.0,0.09493142562746523,34.716840662152485,0,1.8829029750045836e-06,4,0.0,0.0,nan,0,0.0,0.0,nan,0
0.7210000000000005,approach,0.7200000000000005,0.35000000000003484,-0.14999999999988892,0.019998117097026157,-3.850672163503097e-23,0.0,0.0,0.0,0.09636350457583412,34.667507271407864,0,1.882902974883302e-06,4,0.0,0.0,nan,0,0.0,0.0,nan,0
0.7310000000000005,approach,0.7300000000000005,0.3500000000000353,-0.14999999999988742,0.019998117097026157,-4.057295030518237e-23,0.0,0.0,0.0,0.09769063257910875,34.615866222934976,0,1.8829029741409653e-06,4,0.0,0.0,nan,0,0.0,0.0,nan,0
0.7410000000000005,approach,0.7400000000000005,0.3500000000000359,-0.14999999999988559,0.019998117097026157,-4.6186950828968347e-23,0.0,0.0,0.0,0.09891469717543486,34.562016877827965,0,1.8829029742920531e-06,4,0.0,0.0,nan,0,0.0,0.0,nan,0
0.7510000000000006,approach,0.7500000000000006,0.3500000000000365,-0.1499999999998835,0.019998117097026157,-5.490625407885519e-23,0.0,0.0,0.0,0.10003774550597368,34.50605989004972,0,1.8829029754357712e-06,4,0.0,0.0,nan,0,0.0,0.0,nan,0
0.7610000000000006,approach,0.7600000000000006,0.3500000000000372,-0.1499999999998814,0.019998117097026157,-5.776973662223211e-23,0.0,0.0,0.0,0.10106197150884301,34.44809676010752,0,1.8829029741890808e-06,4,0.0,0.0,nan,0,0.0,0.0,nan,0
0.7710000000000006,approach,0.7700000000000006,0.3500000000000376,-0.14999999999987995,0.019998117097026157,-6.577259065960174e-23,0.0,0.0,0.0,0.10198970338037414,34.388229415109684,0,1.8829029749604072e-06,4,0.0,0.0,nan,0,0.0,0.0,nan,0
0.7810000000000006,approach,0.7800000000000006,0.35000000000003817,-0.14999999999987834,0.019998117097026157,-7.409869219170009e-23,0.0,0.0,0.0,0.10282339132125891,34.32655981555067,0,1.8829029749069557e-06,4,0.0,0.0,nan,0,0.0,0.0,nan,0
0.7910000000000006,approach,0.7900000000000006,0.35000000000003867,-0.14999999999987684,0.019998117097026157,-7.806777075234481e-23,0.0,0.0,0.0,0.10356559558360086,34.263189588958184,0,1.882902974146894e-06,4,0.0,0.0,nan,0,0.0,0.0,nan,0
0.8010000000000006,approach,0.8000000000000006,0.3500000000000393,-0.14999999999987498,0.019998117097026157,-8.88469720953551e-23,0.0,0.0,0.0,0.10421897483338606,34.19821969034148,0,1.882902974299294e-06,4,0.0,0.0,nan,0,0.0,0.0,nan,0
0.8110000000000006,approach,0.8100000000000006,0.3500000000000398,-0.1499999999998733,0.019998117097026157,-1.0003731759467507e-22,0.0,0.0,0.0,0.10478627484137742,34.13175008920513,0,1.8829029741993572e-06,4,0.0,0.0,nan,0,0.0,0.0,nan,0
0.8210000000000006,approach,0.8200000000000006,0.3500000000000403,-0.14999999999987168,0.019998117097026157,-1.1147874570676765e-22,0.0,0.0,0.0,0.10527031751403375,34.06387948273307,0,1.8829029745148842e-06,4,0.0,0.0,nan,0,0.0,0.0,nan,0
0.8310000000000006,approach,0.8300000000000006,0.35000000000004117,-0.14999999999986904,0.019998117097026157,-1.2643039177320686e-22,0.0,0.0,0.0,0.1056739902746179,33.994705034610114,0,1.882902974397739e-06,4,0.0,0.0,nan,0,0.0,0.0,nan,0
0.8410000000000006,approach,0.8400000000000006,0.3500000000000415,-0.14999999999986782,0.019998117097026157,-1.4244186426798297e-22,0.0,0.0,0.0,0.10600023580334349,33.9243221388249,0,1.8829029748542761e-06,4,0.0,0.0,nan,0,0.0,0.0,nan,0
0.8510000000000006,approach,0.8500000000000006,0.350000000000042,-0.14999999999986638,0.019998117097026157,-1.5007554250536966e-22,0.0,0.0,0.0,0.10625204214407193,33.852824207692315,0,1.8829029741531647e-06,4,0.0,0.0,nan,0,0.0,0.0,nan,0
0.8610000000000007,approach,0.8600000000000007,0.3500000000000426,-0.1499999999998645,0.019998117097026157,-1.7080769658058905e-22,0.0,0.0,0.0,0.10643243318381795,33.78030248324615,0,1.8829029743123284e-06,4,0.0,0.0,nan,0,0.0,0.0,nan,0
0.8710000000000007,approach,0.8700000000000007,0.35000000000004317,-0.14999999999986274,0.019998117097026157,-1.92332307724002e-22,0.0,0.0,0.0,0.1065444595101127,33.70684587107682,0,1.8829029742080633e-06,4,0.0,0.0,nan,0,0.0,0.0,nan,0
0.8810000000000007,approach,0.8800000000000007,0.35000000000004367,-0.1499999999998611,0.019998117097026157,-2.1432383752451856e-22,0.0,0.0,0.0,0.1065911896500844,33.632540795630575,0,1.8829029745293225e-06,4,0.0,0.0,nan,0,0.0,0.0,nan,0
0.8910000000000007,approach,0.8900000000000007,0.35000000000004455,-0.14999999999985847,0.019998117097026157,-2.430648024758678e-22,0.0,0.0,0.0,0.10657570169401767,33.55747107593979,0,1.8829029744092063e-06,4,0.0,0.0,nan,0,0.0,0.0,nan,0
0.9010000000000007,approach,0.9000000000000007,0.3500000000000449,-0.14999999999985725,0.019998117097026157,-2.738411792658556e-22,0.0,0.0,0.0,0.10650107530505619,33.48171782072114,0,1.8829029748726171e-06,4,0.0,0.0,nan,0,0.0,0.0,nan,0
0.9110000000000007,approach,0.9100000000000007,0.3500000000000454,-0.14999999999985572,0.019998117097026157,-2.8850973123558297e-22,0.0,0.0,0.0,0.10637038411570623,33.40535934175469,0,1.8829029741585218e-06,4,0.0,0.0,nan,0,0.0,0.0,nan,0
0.9210000000000007,approach,0.9200000000000007,0.350000000000046,-0.1499999999998538,0.019998117097026157,-3.2833496548727283e-22,0.0,0.0,0.0,0.10618668851080572,33.328471084447386,0,1.8829029743196884e-06,4,0.0,0.0,nan,0,0.0,0.0,nan,0
0.9310000000000007,approach,0.9300000000000007,0.35000000000004655,-0.149999999999852,0.019998117097026157,-3.6966962534175815e-22,0.0,0.0,0.0,0.10595302879571168,33.251125574479246,0,1.882902974213434e-06,4,0.0,0.0,nan,0,0.0,0.0,nan,0
0.9410000000000007,approach,0.9400000000000007,0.35000000000004705,-0.14999999999985034,0.019998117097026157,-4.1189747692820674e-22,0.0,0.0,0.0,0.10567241874756163,33.17339237943943,0,1.8829029745399185e-06,4,0.0,0.0,nan,0,0.0,0.0,nan,0
0.9510000000000007,approach,0.9500000000000007,0.35000000000004755,-0.14999999999984873,0.019998117097026157,-4.686581761463663e-22,0.0,0.0,0.0,0.10534783954664666,33.09533808437141,0,1.882902974922105e-06,4,0.0,0.0,nan,0,0.0,0.0,nan,0
0.9610000000000007,approach,0.9600000000000007,0.35000000000004844,-0.14999999999984612,0.019998117097026157,-5.2593998211477265e-22,0.0,0.0,0.0,0.10498223408413976,33.017026280166775,0,1.882902974376148e-06,4,0.0,0.0,nan,0,0.0,0.0,nan,0
0.9710000000000008,approach,0.9700000000000008,0.3500000000000487,-0.14999999999984506,0.019998117097026157,-5.54093411320505e-22,0.0,0.0,0.0,0.10457850164169775,32.93851756377344,0,1.8829029740816199e-06,4,0.0,0.0,nan,0,0.0,0.0,nan,0
0.9810000000000008,approach,0.9800000000000008,0.3500000000000493,-0.14999999999984323,0.019998117097026157,-6.305608355579706e-22,0.0,0.0,0.0,0.10413949293775086,32.859869549214935,0,1.8829029743215369e-06,4,0.0,0.0,nan,0,0.0,0.0,nan,0
0.9910000000000008,approach,0.9900000000000008,0.3500000000000499,-0.14999999999984143,0.019998117097026157,-7.099182029035305e-22,0.0,0.0,0.0,0.10366800553466528,32.78113688845113,0,1.8829029742218142e-06,4,0.0,0.0,nan,0,0.0,0.0,nan,0
1.0010000000000006,approach,1.0000000000000007,0.35000000000005044,-0.14999999999983973,0.019998117097026157,-7.909784899952007e-22,0.0,0.0,0.0,0.10316677960035905,32.70237130115037,0,1.8829029745498254e-06,4,0.0,0.0,nan,0,0.0,0.0,nan,0
1.0109999999999995,approach,1.0099999999999996,0.35000000000005094,-0.1499999999998381,0.019998117097026157,-9.000003111888675e-22,0.0,0.0,0.0,0.10263849401740181,32.62362161248135,0,1.8829029749377792e-06,4,0.0,0.0,nan,0,0.0,0.0,nan,0
1.0209999999999984,approach,1.0199999999999985,0.35000000000005144,-0.14999999999983657,0.019998117097026157,-1.0134596508894862e-21,0.0,0.0,0.0,0.1020857628321158,32.54493379807821,0,1.8829029748317372e-06,4,0.0,0.0,nan,0,0.0,0.0,nan,0
1.0309999999999973,approach,1.0299999999999974,0.35000000000005227,-0.149999999999834,0.019998117097026157,-1.1258823440666671e-21,0.0,0.0,0.0,0.10151113203573858,32.466351035373734,0,1.8829029748676269e-06,4,0.0,0.0,nan,0,0.0,0.0,nan,0
1.0409999999999962,approach,1.0399999999999963,0.3500000000000527,-0.1499999999998326,0.019998117097026157,-1.2105249950400226e-21,0.0,0.0,0.0,0.10091707666927321,32.38791376054189,0,1.8829029741849827e-06,4,0.0,0.0,nan,0,0.0,0.0,nan,0
1.050999999999995,approach,1.0499999999999952,0.3500000000000532,-0.14999999999983094,0.019998117097026157,-1.3630052632039987e-21,0.0,0.0,0.0,0.10030599824328859,32.30965973033506,0,1.8829029742125568e-06,4,0.0,0.0,nan,0,0.0,0.0,nan,0
1.060999999999994,approach,1.059999999999994,0.35000000000005377,-0.14999999999982921,0.019998117097026157,-1.5188292303172928e-21,0.0,0.0,0.0,0.09968022246356105,32.23162408814714,0,1.8829029745719209e-06,4,0.0,0.0,nan,0,0.0,0.0,nan,0
1.0709999999999928,approach,1.069999999999993,0.3500000000000543,-0.14999999999982758,0.019998117097026157,-1.728217555604204e-21,0.0,0.0,0.0,0.09904199725318337,32.15383943367694,0,1.8829029749592366e-06,4,0.0,0.0,nan,0,0.0,0.0,nan,0
1.0809999999999917,approach,1.0799999999999919,0.3500000000000548,-0.14999999999982602,0.019998117097026157,-1.9461303387368105e-21,0.0,0.0,0.0,0.09839349106146035,32.076335895612196,0,1.8829029748503078e-06,4,0.0,0.0,nan,0,0.0,0.0,nan,0
1.0909999999999906,approach,1.0899999999999908,0.35000000000005566,-0.14999999999982344,0.019998117097026157,-2.161998325505576e-21,0.0,0.0,0.0,0.09773679144971971,31.9991412067952,0,1.8829029748867522e-06,4,0.0,0.0,nan,0,0.0,0.0,nan,0
1.1009999999999895,approach,1.0999999999999897,0.3500000000000561,-0.14999999999982205,0.019998117097026157,-2.324464985297661e-21,0.0,0.0,0.0,0.09707390394394637,31.922280781373786,0,1.8829029741905424e-06,4,0.0,0.0,nan,0,0.0,0.0,nan,0
1.1109999999999884,approach,1.1099999999999886,0.3500000000000566,-0.14999999999982033,0.019998117097026157,-2.617220224385295e-21,0.0,0.0,0.0,0.09499950243131004,31.793472144594713,0,1.8829029742186334e-06,4,0.0,0.0,nan,0,0.0,0.0,nan,0
1.1209999999999873,approach,1.1199999999999875,0.35000000000005715,-0.14999999999981858,0.019998117097026157,-2.9162395149958287e-21,0.0,0.0,0.0,0.09295630014664452,31.6684343194036,0,1.882902974582336e-06,4,0.0,0.0,nan,0,0.0,0.0,nan,0
1.1309999999999862,approach,1.1299999999999863,0.3500000000000577,-0.1499999999998169,0.019998117097026157,-3.318084692060552e-21,0.0,0.0,0.0,0.09095088578596719,31.547194884870258,0,1.8829029749748898e-06,4,0.0,0.0,nan,0,0.0,0.0,nan,0
1.1409999999999851,approach,1.1399999999999852,0.35000000000005826,-0.1499999999998153,0.019998117097026157,-3.736405241920646e-21,0.0,0.0,0.0,0.08898940425203088,31.429767586668337,0,1.8829029748660433e-06,4,0.0,0.0,nan,0,0.0,0.0,nan,0
1.150999999999984,approach,1.1499999999999841,0.3500000000000587,-0.14999999999981387,0.019998117097026157,-3.935795921473335e-21,0.0,0.0,0.0,0.08707753743071261,31.316153371014348,0,1.882902974136115e-06,4,0.0,0.0,nan,0,0.0,0.0,nan,0
1.160999999999983,approach,1.159999999999983,0.35000000000005954,-0.14999999999981128,0.019998117097026157,-4.72238047900068e-21,0.0,0.0,0.0,0.0852204850038319,31.206341387583812,0,1.8829029755002529e-06,4,0.0,0.0,nan,0,0.0,0.0,nan,0
1.1709999999999818,approach,1.169999999999982,0.3500000000000601,-0.1499999999998096,0.019998117097026157,-5.02299111916509e-21,0.0,0.0,0.0,0.08342294569335541,31.100309958155822,0,1.8829029740220082e-06,4,0.0,0.0,nan,0,0.0,0.0,nan,0
1.1809999999999807,approach,1.1799999999999808,0.35000000000006054,-0.149999999999808,0.019998117097026157,-5.597537528546214e-21,0.0,0.0,0.0,0.08168909944268558,30.998027508278472,0,1.8829029745569716e-06,4,0.0,0.0,nan,0,0.0,0.0,nan,0
1.1909999999999796,approach,1.1899999999999797,0.3500000000000611,-0.14999999999980632,0.019998117097026157,-6.3698934941456266e-21,0.0,0.0,0.0,0.0800225911468636,30.89945345976963,0,1.882902975002789e-06,4,0.0,0.0,nan,0,0.0,0.0,nan,0
1.2009999999999785,approach,1.1999999999999786,0.35000000000006165,-0.14999999999980473,0.019998117097026157,-7.1736457556048e-21,0.0,0.0,0.0,0.07842651663638746,30.804539082364023,0,1.8829029748839975e-06,4,0.0,0.0,nan,0,0.0,0.0,nan,0
1.2109999999999774,approach,1.2099999999999775,0.35000000000006215,-0.14999999999980324,0.019998117097026157,-7.55679550180345e-21,0.0,0.0,0.0,0.07690341168897835,30.71322830328991,0,1.8829029741410577e-06,4,0.0,0.0,nan,0,0.0,0.0,nan,0
1.2209999999999763,approach,1.2199999999999764,0.35000000000006276,-0.1499999999998014,0.019998117097026157,-8.59780334112022e-21,0.0,0.0,0.0,0.07545524487972137,30.62545847399892,0,1.8829029742932754e-06,4,0.0,0.0,nan,0,0.0,0.0,nan,0
1.2309999999999752,approach,1.2299999999999753,0.35000000000006337,-0.14999999999979932,0.019998117097026157,-1.0215855931029914e-20,0.0,0.0,0.0,0.07408341507293816,30.541161093683357,0,1.8829029754427038e-06,4,0.0,0.0,nan,0,0.0,0.0,nan,0
1.2409999999999741,approach,1.2399999999999742,0.3500000000000641,-0.1499999999997972,0.019998117097026157,-1.0747312620532877e-20,0.0,0.0,0.0,0.07278875430125195,30.460262489594033,0,1.8829029741907889e-06,4,0.0,0.0,nan,0,0.0,0.0,nan,0
1.250999999999973,approach,1.2499999999999731,0.3500000000000645,-0.14999999999979577,0.019998117097026157,-1.2231251600051387e-20,0.0,0.0,0.0,0.07157153666434171,30.38268445451284,0,1.8829029749643955e-06,4,0.0,0.0,nan,0,0.0,0.0,nan,0
1.260999999999972,approach,1.259999999999972,0.35000000000006504,-0.14999999999979421,0.019998117097026157,-1.3775430297076765e-20,0.0,0.0,0.0,0.07043149371219301,30.30834484204473,0,1.8829029749108319e-06,4,0.0,0.0,nan,0,0.0,0.0,nan,0
1.2709999999999708,approach,1.269999999999971,0.35000000000006554,-0.14999999999979272,0.019998117097026157,-1.4511562096739605e-20,0.0,0.0,0.0,0.06936783656092664,30.23715812066567,0,1.8829029741478346e-06,4,0.0,0.0,nan,0,0.0,0.0,nan,0
1.2809999999999697,approach,1.2799999999999698,0.35000000000006615,-0.14999999999979088,0.019998117097026157,-1.6510823212048248e-20,0.0,0.0,0.0,0.06837928473480115,30.16903588770132,0,1.8829029742998998e-06,4,0.0,0.0,nan,0,0.0,0.0,nan,0
1.2909999999999686,approach,1.2899999999999687,0.35000000000006676,-0.1499999999997888,0.019998117097026157,-1.9615495336650088e-20,0.0,0.0,0.0,0.06746410145182613,30.103887344615096,0,1.8829029754620754e-06,4,0.0,0.0,nan,0,0.0,0.0,nan,0
1.3009999999999675,approach,1.2999999999999676,0.3500000000000675,-0.1499999999997867,0.019998117097026157,-2.0635048075110076e-20,0.0,0.0,0.0,0.06662013479226356,30.04161973515215,0,1.882902974195004e-06,4,0.0,0.0,nan,0,0.0,0.0,nan,0
1.3109999999999664,approach,1.3099999999999665,0.35000000000006787,-0.14999999999978525,0.019998117097026157,-2.3483596412019436e-20,0.0,0.0,0.0,0.06584486393004692,29.982138748024333,0,1.8829029749781731e-06,4,0.0,0.0,nan,0,0.0,0.0,nan,0
1.3209999999999653,approach,1.3199999999999654,0.3500000000000684,-0.14999999999978364,0.019998117097026157,-2.6448317506603426e-20,0.0,0.0,0.0,0.06513544938695427,29.925348885925562,0,1.8829029749244613e-06,4,0.0,0.0,nan,0,0.0,0.0,nan,0
1.3309999999999642,approach,1.3299999999999643,0.3500000000000689,-0.1499999999997821,0.019998117097026157,-2.7861325316296574e-20,0.0,0.0,0.0,0.06448878610475944,29.87115380274377,0,1.8829029741514736e-06,4,0.0,0.0,nan,0,0.0,0.0,nan,0
1.340999999999963,approach,1.3399999999999632,0.35000000000006953,-0.14999999999978023,0.019998117097026157,-3.1699306258691736e-20,0.0,0.0,0.0,0.06390155803302736,29.81945661088488,0,1.8829029743055068e-06,4,0.0,0.0,nan,0,0.0,0.0,nan,0
1.350999999999962,approach,1.3499999999999621,0.3500000000000701,-0.1499999999997785,0.019998117097026157,-3.568223581883255e-20,0.0,0.0,0.0,0.0633702929046012,29.770160160647187,0,1.8829029742039535e-06,4,0.0,0.0,nan,0,0.0,0.0,nan,0
1.360999999999961,approach,1.359999999999961,0.3500000000000706,-0.1499999999997769,0.019998117097026157,-3.975247173873319e-20,0.0,0.0,0.0,0.06289141591544144,29.72316729358593,0,1.8829029745229274e-06,4,0.0,0.0,nan,0,0.0,0.0,nan,0
1.3709999999999598,approach,1.36999999999996,0.3500000000000715,-0.14999999999977426,0.019998117097026157,-4.5071932415771003e-20,0.0,0.0,0.0,0.06246130113246594,29.67838107178737,0,1.8829029744040656e-06,4,0.0,0.0,nan,0,0.0,0.0,nan,0
1.3809999999999587,approach,1.3799999999999588,0.3500000000000718,-0.14999999999977304,0.019998117097026157,-5.076947728404208e-20,0.0,0.0,0.0,0.06207631961006645,29.63570498493403,0,1.882902974865044e-06,4,0.0,0.0,nan,0,0.0,0.0,nan,0
1.3909999999999576,approach,1.3899999999999577,0.3500000000000723,-0.14999999999977154,0.019998117097026157,-5.348552490068967e-20,0.0,0.0,0.0,0.06173288338767155,29.59504313698802,0,1.8829029741566848e-06,4,0.0,0.0,nan,0,0.0,0.0,nan,0
1.4009999999999565,approach,1.3999999999999566,0.3500000000000729,-0.14999999999976965,0.019998117097026157,-6.086332669837667e-20,0.0,0.0,0.0,0.06142748475100579,29.556300414251776,0,1.882902974317329e-06,4,0.0,0.0,nan,0,0.0,0.0,nan,0
1.4109999999999554,approach,1.4099999999999555,0.3500000000000735,-0.1499999999997679,0.019998117097026157,-6.852197672074679e-20,0.0,0.0,0.0,0.06115673035313785,29.519382636486927,0,1.882902974211474e-06,4,0.0,0.0,nan,0,0.0,0.0,nan,0
1.4209999999999543,approach,1.4199999999999544,0.35000000000007403,-0.14999999999976626,0.019998117097026157,-7.634836583620931e-20,0.0,0.0,0.0,0.060917369994919895,29.484196692682968,0,1.8829029745363142e-06,4,0.0,0.0,nan,0,0.0,0.0,nan,0
1.4309999999999532,approach,1.4299999999999533,0.35000000000007453,-0.14999999999976465,0.019998117097026157,-8.686718814324101e-20,0.0,0.0,0.0,0.060706320047789794,29.450650662972915,0,1.8829029749157258e-06,4,0.0,0.0,nan,0,0.0,0.0,nan,0
1.440999999999952,approach,1.4399999999999522,0.3500000000000754,-0.14999999999976205,0.019998117097026157,-9.748317305818575e-20,0.0,0.0,0.0,0.060520681658361046,29.418653928091853,0,1.8829029743728882e-06,4,0.0,0.0,nan,0,0.0,0.0,nan,0
1.450999999999951,approach,1.449999999999951,0.3500000000000757,-0.149999999999761,0.019998117097026157,-1.0270342559633819e-19,0.0,0.0,0.0,0.060357754000172556,29.38811726767099,0,1.8829029740813996e-06,4,0.0,0.0,nan,0,0.0,0.0,nan,0
1.46099999999995,approach,1.45999999999995,0.3500000000000763,-0.1499999999997592,0.019998117097026157,-1.1688330879264282e-19,0.0,0.0,0.0,0.06021504293268505,29.35895294855455,0,1.8829029743215663e-06,4,0.0,0.0,nan,0,0.0,0.0,nan,0
1.4709999999999488,approach,1.469999999999949,0.35000000000007686,-0.1499999999997574,0.019998117097026157,-1.316021150038305e-19,0.0,0.0,0.0,0.06009026549255086,29.331074804219675,0,1.8829029742220389e-06,4,0.0,0.0,nan,0,0.0,0.0,nan,0
1.4809999999999477,approach,1.4799999999999478,0.3500000000000774,-0.14999999999975575,0.019998117097026157,-1.4664353605230353e-19,0.0,0.0,0.0,0.059981350680427176,29.304398306276706,0,1.882902974550388e-06,4,0.0,0.0,nan,0,0.0,0.0,nan,0
1.4909999999999466,approach,1.4899999999999467,0.35000000000007797,-0.1499999999997541,0.019998117097026157,-1.668631605410792e-19,0.0,0.0,0.0,0.05988643702208963,29.278840628923625,0,1.8829029749356633e-06,4,0.0,0.0,nan,0,0.0,0.0,nan,0
1.5009999999999455,approach,1.4999999999999456,0.35000000000007886,-0.1499999999997515,0.019998117097026157,-1.8726802719495413e-19,0.0,0.0,0.0,0.05980386737973436,29.25432070712935,0,1.8829029743827579e-06,4,0.0,0.0,nan,0,0.0,0.0,nan,0
1.5109999999999444,approach,1.5099999999999445,0.35000000000007914,-0.14999999999975044,0.019998117097026157,-1.9729882163065823e-19,0.0,0.0,0.0,0.05973218147243465,29.230759289226594,0,1.882902974085487e-06,4,0.0,0.0,nan,0,0.0,0.0,nan,0
1.5209999999999433,approach,1.5199999999999434,0.35000000000007975,-0.14999999999974858,0.019998117097026157,-2.245466845025346e-19,0.0,0.0,0.0,0.05967010653777905,29.208078984503416,0,1.8829029743298105e-06,4,0.0,0.0,nan,0,0.0,0.0,nan,0
1.5309999999999422,approach,1.5299999999999423,0.3500000000000803,-0.14999999999974675,0.019998117097026157,-2.5282060671467526e-19,0.0,0.0,0.0,0.05961654653322675,29.18620430629958,0,1.882902974228377e-06,4,0.0,0.0,nan,0,0.0,0.0,nan,0
1.540999999999941,approach,1.5399999999999412,0.35000000000008086,-0.149999999999745,0.019998117097026157,-2.8169823171712653e-19,0.0,0.0,0.0,0.059570570238582636,29.16506171103417,0,1.882902974561692e-06,4,0.0,0.0,nan,0,0.0,0.0,nan,0
1.55099999999994,approach,1.54999999999994,0.3500000000000814,-0.14999999999974337,0.019998117097026157,-3.205070867951541e-19,0.0,0.0,0.0,0.0595313985825237,29.14457963351798,0,1.882902974952906e-06,4,0.0,0.0,nan,0,0.0,0.0,nan,0
1.5609999999999389,approach,1.559999999999939,0.35000000000008197,-0.14999999999974184,0.019998117097026157,-3.608998729231184e-19,0.0,0.0,0.0,0.05949839147799143,29.124688518839335,0,1.8829029748461827e-06,4,0.0,0.0,nan,0,0.0,0.0,nan,0
1.5709999999999378,approach,1.569999999999938,0.3500000000000828,-0.14999999999973926,0.019998117097026157,-4.0091848015499025e-19,0.0,0.0,0.0,0.05947103441471839,29.105320851051,0,1.8829029748824353e-06,4,0.0,0.0,nan,0,0.0,0.0,nan,0
1.5809999999999367,approach,1.5799999999999368,0.35000000000008324,-0.14999999999973787,0.019998117097026157,-4.310459905404981e-19,0.0,0.0,0.0,0.05944892502297807,29.086411178833718,0,1.882902974189073e-06,4,0.0,0.0,nan,0,0.0,0.0,nan,0
1.5909999999999356,approach,1.5899999999999357,0.35000000000008374,-0.14999999999973618,0.019998117097026157,-4.853172279679138e-19,0.0,0.0,0.0,0.059431759791251905,29.067896138264565,0,1.882902974216811e-06,4,0.0,0.0,nan,0,0.0,0.0,nan,0
1.6009999999999345,approach,1.5999999999999346,0.3500000000000843,-0.14999999999973443,0.019998117097026157,-5.40757965124311e-19,0.0,0.0,0.0,0.05941932109208542,29.049714472777662,0,1.8829029745792598e-06,4,0.0,0.0,nan,0,0.0,0.0,nan,0
1.6109999999999334,approach,1.6099999999999335,0.35000000000008485,-0.14999999999973276,0.019998117097026157,-6.153022632483905e-19,0.0,0.0,0.0,0.05941146464493144,29.031807050371906,0,1.8829029749726367e-06,4,0.0,0.0,nan,0,0.0,0.0,nan,0
1.6209999999999323,approach,1.6199999999999324,0.3500000000000854,-0.14999999999973118,0.019998117097026157,-6.928636436026372e-19,0.0,0.0,0.0,0.059408107522116844,29.01411687808955,0,1.8829029748610397e-06,4,0.0,0.0,nan,0,0.0,0.0,nan,0
1.6309999999999312,approach,1.6299999999999313,0.35000000000008585,-0.14999999999972977,0.019998117097026157,-7.298252413415811e-19,0.0,0.0,0.0,0.059409216783971576,28.996589113768394,0,1.8829029741345416e-06,4,0.0,0.0,nan,0,0.0,0.0,nan,0
1.64099999999993,approach,1.6399999999999302,0.3500000000000867,-0.14999999999972718,0.019998117097026157,-8.756232941903183e-19,0.0,0.0,0.0,0.05941479881137036,28.97917107505166,0,1.8829029754910905e-06,4,0.0,0.0,nan,0,0.0,0.0,nan,0
1.650999999999929,approach,1.649999999999929,0.35000000000008724,-0.1499999999997255,0.019998117097026157,-9.3134444767925e-19,0.0,0.0,0.0,0.0594248893881684,28.961812245626163,0,1.8829029740210771e-06,4,0.0,0.0,nan,0,0.0,0.0,nan,0
1.6609999999999279,approach,1.659999999999928,0.3500000000000877,-0.14999999999972394,0.019998117097026157,-1.0378289858631458e-18,0.0,0.0,0.0,0.05943954457199212,28.944464278651296,0,1.8829029745540597e-06,4,0.0,0.0,nan,0,0.0,0.0,nan,0
1.6709999999999268,approach,1.6699999999999269,0.35000000000008824,-0.14999999999972227,0.019998117097026157,-1.1809846213491422e-18,0.0,0.0,0.0,0.05945883237932054,28.92708099733685,0,1.8829029749990686e-06,4,0.0,0.0,nan,0,0.0,0.0,nan,0
1.6809999999999257,approach,1.6799999999999258,0.3500000000000888,-0.1499999999997207,0.019998117097026157,-1.330006597137512e-18,0.0,0.0,0.0,0.059482825299543955,28.909618392625543,0,1.882902974881403e-06,4,0.0,0.0,nan,0,0.0,0.0,nan,0
1.6909999999999246,approach,1.6899999999999247,0.3500000000000893,-0.14999999999971925,0.019998117097026157,-1.4010588943775352e-18,0.0,0.0,0.0,0.0595115936425623,28.892034617939135,0,1.8829029741405164e-06,4,0.0,0.0,nan,0,0.0,0.0,nan,0
1.7009999999999235,approach,1.6999999999999236,0.3500000000000899,-0.14999999999971747,0.019998117097026157,-1.5940823008634638e-18,0.0,0.0,0.0,0.05954519971529982,28.874289980951893,0,1.882902974291356e-06,4,0.0,0.0,nan,0,0.0,0.0,nan,0
1.7109999999999224,approach,1.7099999999999225,0.3500000000000905,-0.1499999999997154,0.019998117097026157,-1.8941068712935695e-18,0.0,0.0,0.0,0.05607888956639534,28.752072141476877,0,1.8829029754338817e-06,4,0.0,0.0,nan,0,0.0,0.0,nan,0
1.7209999999999213,approach,1.7199999999999214,0.35000000000009124,-0.14999999999971333,0.019998117097026157,-1.9926697083313562e-18,0.0,0.0,0.0,0.053712400264848886,28.63640182509666,0,1.8829029741889326e-06,4,0.0,0.0,nan,0,0.0,0.0,nan,0
1.7309999999999202,approach,1.7299999999999203,0.3500000000000916,-0.1499999999997119,0.019998117097026157,-2.268004993897965e-18,0.0,0.0,0.0,0.05258028640991069,28.527171790553712,0,1.88290297495824e-06,4,0.0,0.0,nan,0,0.0,0.0,nan,0
1.740999999999919,approach,1.7399999999999192,0.3500000000000922,-0.14999999999971034,0.019998117097026157,-2.554473670068124e-18,0.0,0.0,0.0,0.05273637901153886,28.424261463941694,0,1.8829029749053067e-06,4,0.0,0.0,nan,0,0.0,0.0,nan,0
1.750999999999918,approach,1.749999999999918,0.3500000000000927,-0.14999999999970884,0.019998117097026157,-2.6910069373094837e-18,0.0,0.0,0.0,0.05413419913814962,28.327539368466365,0,1.8829029741462385e-06,4,0.0,0.0,nan,0,0.0,0.0,nan,0
1.7609999999999169,approach,1.759999999999917,0.3500000000000933,-0.149999999999707,0.019998117097026157,-3.0619135302781265e-18,0.0,0.0,0.0,0.0566392849488385,28.198269150499254,0,1.882902974298171e-06,4,0.0,0.0,nan,0,0.0,0.0,nan,0
1.7709999999999158,approach,1.7699999999999159,0.35000000000009396,-0.14999999999970492,0.019998117097026157,-3.6382097017511915e-18,0.0,0.0,0.0,0.06006567968262191,27.86047311618153,0,1.8829029754574544e-06,4,0.0,0.0,nan,0,0.0,0.0,nan,0
1.7809999999999147,approach,1.7799999999999148,0.3500000000000947,-0.14999999999970282,0.019998117097026157,-3.8275124810541795e-18,0.0,0.0,0.0,0.06421548860039408,27.781854631018653,0,1.8829029741941302e-06,4,0.0,0.0,nan,0,0.0,0.0,nan,0
1.7909999999999136,approach,1.7899999999999137,0.35000000000009507,-0.14999999999970137,0.019998117097026157,-4.356167381383534e-18,0.0,0.0,0.0,0.06890610699816313,27.708791126205696,0,1.8829029749754959e-06,4,0.0,0.0,nan,0,0.0,0.0,nan,0
1.8009999999999124,approach,1.7999999999999126,0.3500000000000956,-0.14999999999969976,0.019998117097026157,-4.906459501310107e-18,0.0,0.0,0.0,0.07398246308723509,27.641122194548227,0,1.882902974923407e-06,4,0.0,0.0,nan,0,0.0,0.0,nan,0
1.8109999999999113,approach,1.8099999999999115,0.3500000000000961,-0.14999999999969826,0.019998117097026157,-5.168667150692787e-18,0.0,0.0,0.0,0.07931887493372818,27.57868624810065,0,1.882902974151096e-06,4,0.0,0.0,nan,0,0.0,0.0,nan,0
1.8209999999999102,approach,1.8199999999999104,0.35000000000009673,-0.1499999999996964,0.019998117097026157,-5.8809329356335994e-18,0.0,0.0,0.0,0.08481586403112364,27.521321402934124,0,1.8829029743051328e-06,4,0.0,0.0,nan,0,0.0,0.0,nan,0
1.8309999999999091,approach,1.8299999999999093,0.3500000000000973,-0.1499999999996947,0.019998117097026157,-6.620248712373733e-18,0.0,0.0,0.0,0.09039542390924647,27.468866209523444,0,1.8829029742038474e-06,4,0.0,0.0,nan,0,0.0,0.0,nan,0
1.840999999999908,approach,1.8399999999999082,0.35000000000009784,-0.1499999999996931,0.019998117097026157,-7.375686315619321e-18,0.0,0.0,0.0,0.09599643408734118,27.4211602448126,0,1.8829029745223714e-06,4,0.0,0.0,nan,0,0.0,0.0,nan,0
1.850999999999907,approach,1.849999999999907,0.35000000000009873,-0.14999999999969046,0.019998117097026157,-8.363058139175952e-18,0.0,0.0,0.0,0.10157081854800978,27.378044581221808,0,1.8829029744037878e-06,4,0.0,0.0,nan,0,0.0,0.0,nan,0
1.8609999999999058,approach,1.859999999999906,0.35000000000009907,-0.14999999999968924,0.019998117097026157,-9.420188466410885e-18,0.0,0.0,0.0,0.10708053466282245,27.360698811632936,0,1.8829029748637195e-06,4,0.0,0.0,nan,0,0.0,0.0,nan,0
1.8709999999999047,approach,1.8699999999999048,0.35000000000009956,-0.1499999999996878,0.019998117097026157,-9.924009840231996e-18,0.0,0.0,0.0,0.11249528672605823,27.33231512746255,0,1.8829029741558862e-06,4,0.0,0.0,nan,0,0.0,0.0,nan,0
1.8809999999999036,approach,1.8799999999999037,0.3500000000001002,-0.1499999999996859,0.019998117097026157,-1.1292038051793762e-17,0.0,0.0,0.0,0.11779081325643491,27.310227826563516,0,1.8829029743156837e-06,4,0.0,0.0,nan,0,0.0,0.0,nan,0
1.8909999999999025,approach,1.8899999999999026,0.35000000000010073,-0.1499999999996842,0.019998117097026157,-1.2711916637999435e-17,0.0,0.0,0.0,0.12294760835949678,27.29350987002014,0,1.8829029742102202e-06,4,0.0,0.0,nan,0,0.0,0.0,nan,0
1.9009999999999014,approach,1.8999999999999015,0.3500000000001013,-0.14999999999968258,0.019998117097026157,-1.4163387715797174e-17,0.0,0.0,0.0,0.12794996438289552,27.271273155722625,0,1.882902974535122e-06,4,0.0,0.0,nan,0,0.0,0.0,nan,0
1.9109999999999003,approach,1.9099999999999004,0.3500000000001022,-0.14999999999967994,0.019998117097026157,-1.6060002847574422e-17,0.0,0.0,0.0,0.13278525023528526,27.252657852692522,0,1.8829029744134887e-06,4,0.0,0.0,nan,0,0.0,0.0,nan,0
1.9209999999998992,approach,1.9199999999998993,0.35000000000010256,-0.14999999999967872,0.019998117097026157,-1.8090892720074497e-17,0.0,0.0,0.0,0.13744336223836745,27.237523660347936,0,1.8829029748798851e-06,4,0.0,0.0,nan,0,0.0,0.0,nan,0
1.9309999999998981,approach,1.9299999999998982,0.35000000000010306,-0.14999999999967722,0.019998117097026157,-1.9059060644680744e-17,0.0,0.0,0.0,0.14191630160314042,27.225732649559774,0,1.88290297416101e-06,4,0.0,0.0,nan,0,0.0,0.0,nan,0
1.940999999999897,approach,1.9399999999998971,0.3500000000001037,-0.1499999999996753,0.019998117097026157,-2.168830079233951e-17,0.0,0.0,0.0,0.14619784531069505,27.217149157299758,0,1.8829029743235676e-06,4,0.0,0.0,nan,0,0.0,0.0,nan,0
1.950999999999896,approach,1.949999999999896,0.3500000000001042,-0.14999999999967353,0.019998117097026157,-2.4416995055832696e-17,0.0,0.0,0.0,0.15028328635664928,27.21163966428711,0,1.882902974216251e-06,4,0.0,0.0,nan,0,0.0,0.0,nan,0
1.9609999999998948,approach,1.959999999999895,0.3500000000001048,-0.14999999999967187,0.019998117097026157,-2.72053692021645e-17,0.0,0.0,0.0,0.1541692259052758,27.209072661747015,0,1.8829029745450115e-06,4,0.0,0.0,nan,0,0.0,0.0,nan,0
1.9709999999998937,approach,1.9699999999998938,0.35000000000010534,-0.14999999999967026,0.019998117097026157,-3.0953579169700304e-17,0.0,0.0,0.0,0.15785340461770392,27.20931851273548,0,1.8829029749283367e-06,4,0.0,0.0,nan,0,0.0,0.0,nan,0
1.9809999999998926,approach,1.9799999999998927,0.3500000000001062,-0.14999999999966765,0.019998117097026157,-3.473654680054227e-17,0.0,0.0,0.0,0.161334563804557,27.212249312856144,0,1.882902974379083e-06,4,0.0,0.0,nan,0,0.0,0.0,nan,0
1.9909999999998915,approach,1.9899999999998916,0.3500000000001065,-0.1499999999996666,0.019998117097026157,-3.6596677890954645e-17,0.0,0.0,0.0,0.16461232949314536,27.21773875459807,0,1.8829029740838537e-06,4,0.0,0.0,nan,0,0.0,0.0,nan,0
2.0009999999998906,approach,1.9999999999998905,0.3500000000001071,-0.1499999999996648,0.019998117097026157,-4.164876159420547e-17,0.0,0.0,0.0,0.16768711426687655,27.225661998953722,0,1.8829029743265795e-06,4,0.0,0.0,nan,0,0.0,0.0,nan,0
2.0109999999998895,approach,2.0099999999998897,0.35000000000010767,-0.149999999999663,0.019998117097026157,-4.689116126152805e-17,0.0,0.0,0.0,0.17056003302309952,27.23589555743547,0,1.8829029742259539e-06,4,0.0,0.0,nan,0,0.0,0.0,nan,0
2.0209999999998884,approach,2.0199999999998886,0.3500000000001082,-0.1499999999996613,0.019998117097026157,-5.2247221245361504e-17,0.0,0.0,0.0,0.17323282974123141,27.248317187094006,0,1.8829029745575126e-06,4,0.0,0.0,nan,0,0.0,0.0,nan,0
2.0309999999998873,approach,2.0299999999998875,0.3500000000001088,-0.14999999999965966,0.019998117097026157,-5.944691438227153e-17,0.0,0.0,0.0,0.17570781305178163,27.262805800655055,0,1.8829029749467217e-06,4,0.0,0.0,nan,0,0.0,0.0,nan,0
2.0409999999998862,approach,2.0399999999998863,0.35000000000010933,-0.14999999999965816,0.019998117097026157,-6.693969838148198e-17,0.0,0.0,0.0,0.1779877989167357,27.27924139342813,0,1.8829029748406874e-06,4,0.0,0.0,nan,0,0.0,0.0,nan,0
2.050999999999885,approach,2.0499999999998852,0.35000000000011017,-0.1499999999996556,0.019998117097026157,-7.436222398394698e-17,0.0,0.0,0.0,0.18007605912117858,27.297504988207404,0,1.88290297487657e-06,4,0.0,0.0,nan,0,0.0,0.0,nan,0
2.060999999999884,approach,2.059999999999884,0.3500000000001106,-0.14999999999965422,0.019998117097026157,-7.995265928295799e-17,0.0,0.0,0.0,0.1819762745695813,27.31747859897583,0,1.882902974188056e-06,4,0.0,0.0,nan,0,0.0,0.0,nan,0
2.070999999999883,approach,2.069999999999883,0.3500000000001111,-0.14999999999965255,0.019998117097026157,-9.002294801741031e-17,0.0,0.0,0.0,0.18369249260291468,27.339045213843573,0,1.882902974215797e-06,4,0.0,0.0,nan,0,0.0,0.0,nan,0
2.080999999999882,approach,2.079999999999882,0.35000000000011167,-0.14999999999965083,0.019998117097026157,-1.0031369684907223e-16,0.0,0.0,0.0,0.18522908772271102,27.362088797300444,0,1.8829029745779155e-06,4,0.0,0.0,nan,0,0.0,0.0,nan,0
2.0909999999998807,approach,2.089999999999881,0.3500000000001122,-0.1499999999996492,0.019998117097026157,-1.14145619685055e-16,0.0,0.0,0.0,0.1865907252386488,27.386494311536794,0,1.8829029749695518e-06,4,0.0,0.0,nan,0,0.0,0.0,nan,0
2.1009999999998796,approach,2.0999999999998797,0.3500000000001128,-0.14999999999964767,0.019998117097026157,-1.2854410451704497e-16,0.0,0.0,0.0,0.18778232745686874,27.412147756294893,0,1.882902974860409e-06,4,0.0,0.0,nan,0,0.0,0.0,nan,0
2.1109999999998785,approach,2.1099999999998786,0.3500000000001133,-0.14999999999964625,0.019998117097026157,-1.354066353338185e-16,0.0,0.0,0.0,0.18880904210423383,27.43893622644738,0,1.8829029741345416e-06,4,0.0,0.0,nan,0,0.0,0.0,nan,0
2.1209999999998774,approach,2.1199999999998775,0.3500000000001141,-0.1499999999996437,0.019998117097026157,-1.624794499795976e-16,0.0,0.0,0.0,0.18967621274449006,27.46674798626612,0,1.8829029754916693e-06,4,0.0,0.0,nan,0,0.0,0.0,nan,0
2.1309999999998763,approach,2.1299999999998764,0.35000000000011466,-0.14999999999964203,0.019998117097026157,-1.728244305795088e-16,0.0,0.0,0.0,0.1903893509897496,27.495472559139717,0,1.882902974021125e-06,4,0.0,0.0,nan,0,0.0,0.0,nan,0
2.1409999999998752,approach,2.1399999999998753,0.3500000000001151,-0.14999999999964048,0.019998117097026157,-1.925937294505764e-16,0.0,0.0,0.0,0.19095411034796564,27.525000831326114,0,1.8829029745542232e-06,4,0.0,0.0,nan,0,0.0,0.0,nan,0
2.150999999999874,approach,2.1499999999998742,0.35000000000011566,-0.1499999999996388,0.019998117097026157,-2.1914399260523914e-16,0.0,0.0,0.0,0.19137626157635243,27.555225168181618,0,1.8829029749957508e-06,4,0.0,0.0,nan,0,0.0,0.0,nan,0
2.160999999999873,approach,2.159999999999873,0.3500000000001162,-0.14999999999963723,0.019998117097026157,-2.4678127442369264e-16,0.0,0.0,0.0,0.19166166943382248,27.586039541194623,0,1.8829029748772079e-06,4,0.0,0.0,nan,0,0.0,0.0,nan,0
2.170999999999872,approach,2.169999999999872,0.3500000000001167,-0.14999999999963579,0.019998117097026157,-2.599561135112648e-16,0.0,0.0,0.0,0.19181627074375868,27.61733966406621,0,1.8829029741391398e-06,4,0.0,0.0,nan,0,0.0,0.0,nan,0
2.180999999999871,approach,2.179999999999871,0.35000000000011755,-0.1499999999996332,0.019998117097026157,-3.119354629012648e-16,0.0,0.0,0.0,0.19184605369290642,27.649023136022922,0,1.8829029755180205e-06,4,0.0,0.0,nan,0,0.0,0.0,nan,0
2.1909999999998697,approach,2.18999999999987,0.35000000000011816,-0.1499999999996315,0.019998117097026157,-3.31800986380331e-16,0.0,0.0,0.0,0.19175703830360055,27.680989590515264,0,1.882902974023922e-06,4,0.0,0.0,nan,0,0.0,0.0,nan,0
2.2009999999998686,approach,2.1999999999998687,0.3500000000001186,-0.14999999999962993,0.019998117097026157,-3.6976959206906867e-16,0.0,0.0,0.0,0.1915552580256309,27.713140847449424,0,1.8829029745661572e-06,4,0.0,0.0,nan,0,0.0,0.0,nan,0
2.2109999999998675,approach,2.2099999999998676,0.35000000000011916,-0.14999999999962824,0.019998117097026157,-4.2081153651492345e-16,0.0,0.0,0.0,0.1860706896524941,27.763569139067773,0,1.882902975018457e-06,4,0.0,0.0,nan,0,0.0,0.0,nan,0
2.2209999999998664,approach,2.2199999999998665,0.3500000000001197,-0.14999999999962663,0.019998117097026157,-4.739506325853167e-16,0.0,0.0,0.0,0.18056580321199,27.81280345842115,0,1.8829029748981126e-06,4,0.0,0.0,nan,0,0.0,0.0,nan,0
2.2309999999998653,approach,2.2299999999998654,0.3500000000001202,-0.14999999999962513,0.019998117097026157,-4.992769958988899e-16,0.0,0.0,0.0,0.17506349091172516,27.860823216439755,0,1.8829029741448407e-06,4,0.0,0.0,nan,0,0.0,0.0,nan,0
2.240999999999864,approach,2.2399999999998643,0.3500000000001208,-0.14999999999962332,0.019998117097026157,-5.680810196447118e-16,0.0,0.0,0.0,0.1695860622846238,27.90761406151142,0,1.8829029742983904e-06,4,0.0,0.0,nan,0,0.0,0.0,nan,0
2.250999999999863,approach,2.249999999999863,0.3500000000001215,-0.14999999999962124,0.019998117097026157,-6.749634594236597e-16,0.0,0.0,0.0,0.1641552332618293,27.95316809525552,0,1.882902975459658e-06,4,0.0,0.0,nan,0,0.0,0.0,nan,0
2.260999999999862,approach,2.259999999999862,0.35000000000012227,-0.14999999999961913,0.019998117097026157,-7.100788824986231e-16,0.0,0.0,0.0,0.1587921102842484,27.997483982986907,0,1.882902974194576e-06,4,0.0,0.0,nan,0,0.0,0.0,nan,0
2.270999999999861,approach,2.269999999999861,0.35000000000012266,-0.1499999999996177,0.019998117097026157,-8.081671303103262e-16,0.0,0.0,0.0,0.1535171672314894,28.040566964251603,0,1.8829029749784313e-06,4,0.0,0.0,nan,0,0.0,0.0,nan,0
2.28099999999986,approach,2.27999999999986,0.3500000000001232,-0.1499999999996161,0.019998117097026157,-9.102705137441593e-16,0.0,0.0,0.0,0.14835021260687342,28.082428770005308,0,1.8829029749252073e-06,4,0.0,0.0,nan,0,0.0,0.0,nan,0
2.2909999999998587,approach,2.289999999999859,0.3500000000001237,-0.1499999999996146,0.019998117097026157,-9.5893373840243e-16,0.0,0.0,0.0,0.1433103441124033,28.123087453973405,0,1.8829029741517682e-06,4,0.0,0.0,nan,0,0.0,0.0,nan,0
2.3009999999998576,approach,2.2999999999998577,0.3500000000001243,-0.14999999999961275,0.019998117097026157,-1.091122876695788e-15,0.0,0.0,0.0,0.13841588753241427,28.162567146488005,0,1.8829029743063064e-06,4,0.0,0.0,nan,0,0.0,0.0,nan,0
2.3109999999998565,approach,2.3099999999998566,0.3500000000001249,-0.14999999999961106,0.019998117097026157,-1.2283259620806426e-15,0.0,0.0,0.0,0.13368431679518983,28.200897739640087,0,1.882902974204712e-06,4,0.0,0.0,nan,0,0.0,0.0,nan,0
2.3209999999998554,approach,2.3199999999998555,0.35000000000012543,-0.14999999999960945,0.019998117097026157,-1.3685508033244105e-15,0.0,0.0,0.0,0.1291321522965371,28.238114512933997,0,1.8829029745252998e-06,4,0.0,0.0,nan,0,0.0,0.0,nan,0
2.3309999999998543,approach,2.3299999999998544,0.3500000000001263,-0.1499999999996068,0.019998117097026157,-1.5517746703007754e-15,0.0,0.0,0.0,0.12477483516534131,28.44539194892933,0,1.8829029744057694e-06,4,0.0,0.0,nan,0,0.0,0.0,nan,0
2.340999999999853,approach,2.3399999999998533,0.3500000000001267,-0.1499999999996056,0.019998117097026157,-1.7479503024270987e-15,0.0,0.0,0.0,0.12062657625253065,28.554867573360315,0,1.8829029748680872e-06,4,0.0,0.0,nan,0,0.0,0.0,nan,0
2.350999999999852,approach,2.349999999999852,0.3500000000001272,-0.14999999999960414,0.019998117097026157,-1.8414555040928054e-15,0.0,0.0,0.0,0.11670018034048256,28.58811644867728,0,1.8829029741574583e-06,4,0.0,0.0,nan,0,0.0,0.0,nan,0
2.360999999999851,approach,2.359999999999851,0.3500000000001278,-0.14999999999960226,0.019998117097026157,-2.095448803942998e-15,0.0,0.0,0.0,0.11300684845825855,28.620433795584997,0,1.882902974318863e-06,4,0.0,0.0,nan,0,0.0,0.0,nan,0
2.37099999999985,approach,2.36999999999985,0.3500000000001284,-0.14999999999960054,0.019998117097026157,-2.359126597873984e-15,0.0,0.0,0.0,0.1095559642121099,28.65187498658756,0,1.882902974212998e-06,4,0.0,0.0,nan,0,0.0,0.0,nan,0
2.380999999999849,approach,2.379999999999849,0.35000000000012893,-0.14999999999959893,0.019998117097026157,-2.6285835404465445e-15,0.0,0.0,0.0,0.10635487351909792,28.682497791847652,0,1.8829029745388053e-06,4,0.0,0.0,nan,0,0.0,0.0,nan,0
2.3909999999998477,approach,2.389999999999848,0.3500000000001295,-0.14999999999959732,0.019998117097026157,-2.9907682389934496e-15,0.0,0.0,0.0,0.10340867070226632,28.712361841885144,0,1.8829029749195692e-06,4,0.0,0.0,nan,0,0.0,0.0,nan,0
2.4009999999998466,approach,2.3999999999998467,0.3500000000001304,-0.14999999999959474,0.019998117097026157,-3.356236580929383e-15,0.0,0.0,0.0,0.10072000702290798,28.741528097929177,0,1.882902974374746e-06,4,0.0,0.0,nan,0,0.0,0.0,nan,0
2.4109999999998455,approach,2.4099999999998456,0.3500000000001307,-0.1499999999995937,0.019998117097026157,-3.5358686086530384e-15,0.0,0.0,0.0,0.0982889397133107,28.77005833596723,0,1.882902974081583e-06,4,0.0,0.0,nan,0,0.0,0.0,nan,0
2.4209999999998444,approach,2.4199999999998445,0.3500000000001313,-0.1499999999995919,0.019998117097026157,-4.023865807008126e-15,0.0,0.0,0.0,0.09611283974747531,28.798014649829998,0,1.8829029743220398e-06,4,0.0,0.0,nan,0,0.0,0.0,nan,0
2.4309999999998433,approach,2.4299999999998434,0.3500000000001319,-0.14999999999959013,0.019998117097026157,-4.530603439663008e-15,0.0,0.0,0.0,0.09418637443279157,28.82545897793195,0,1.8829029742225731e-06,4,0.0,0.0,nan,0,0.0,0.0,nan,0
2.440999999999842,approach,2.4399999999998423,0.3500000000001324,-0.14999999999958846,0.019998117097026157,-5.048618377096342e-15,0.0,0.0,0.0,0.09250157626899044,28.852452657573092,0,1.882902974552128e-06,4,0.0,0.0,nan,0,0.0,0.0,nan,0
2.450999999999841,approach,2.449999999999841,0.350000000000133,-0.14999999999958685,0.019998117097026157,-5.744821923501877e-15,0.0,0.0,0.0,0.09104800274673568,28.87905601000441,0,1.8829029749389392e-06,4,0.0,0.0,nan,0,0.0,0.0,nan,0
2.46099999999984,approach,2.45999999999984,0.3500000000001339,-0.14999999999958424,0.019998117097026157,-6.447409517850904e-15,0.0,0.0,0.0,0.08981298370390978,28.90532795877994,0,1.8829029743842542e-06,4,0.0,0.0,nan,0,0.0,0.0,nan,0
2.470999999999839,approach,2.469999999999839,0.35000000000013426,-0.1499999999995832,0.019998117097026157,-6.792978542729439e-15,0.0,0.0,0.0,0.08878194474663459,28.931325683270455,0,1.8829029740865649e-06,4,0.0,0.0,nan,0,0.0,0.0,nan,0
2.480999999999838,approach,2.479999999999838,0.35000000000013487,-0.14999999999958136,0.019998117097026157,-7.73179653876107e-15,0.0,0.0,0.0,0.08793878838701044,28.957104308603544,0,1.8829029743323418e-06,4,0.0,0.0,nan,0,0.0,0.0,nan,0
2.4909999999998367,approach,2.489999999999837,0.3500000000001354,-0.14999999999957953,0.019998117097026157,-8.706326447186226e-15,0.0,0.0,0.0,0.08726631002787517,28.982716632728017,0,1.882902974230742e-06,4,0.0,0.0,nan,0,0.0,0.0,nan,0
2.5009999999998356,approach,2.4999999999998357,0.350000000000136,-0.1499999999995778,0.019998117097026157,-9.702285160993871e-15,0.0,0.0,0.0,0.08674662432027806,29.00821289078097,0,1.8829029745666576e-06,4,0.0,0.0,nan,0,0.0,0.0,nan,0
2.5109999999998345,approach,2.5099999999998346,0.35000000000013654,-0.14999999999957617,0.019998117097026157,-1.1041536850787217e-14,0.0,0.0,0.0,0.08636157871553735,29.03364055646546,0,1.8829029749611088e-06,4,0.0,0.0,nan,0,0.0,0.0,nan,0
2.5209999999998334,approach,2.5199999999998335,0.3500000000001371,-0.14999999999957464,0.019998117097026157,-1.2435494637790268e-14,0.0,0.0,0.0,0.08609313468430672,29.059044179727607,0,1.8829029748538503e-06,4,0.0,0.0,nan,0,0.0,0.0,nan,0
2.5309999999998323,approach,2.5299999999998324,0.3500000000001379,-0.14999999999957206,0.019998117097026157,-1.3816710810624322e-14,0.0,0.0,0.0,0.08592370220421913,29.08446525965573,0,1.8829029748905537e-06,4,0.0,0.0,nan,0,0.0,0.0,nan,0
2.540999999999831,approach,2.5399999999998313,0.3500000000001384,-0.14999999999957067,0.019998117097026157,-1.485681800290708e-14,0.0,0.0,0.0,0.08583641876759696,29.10994215120551,0,1.8829029741922979e-06,4,0.0,0.0,nan,0,0.0,0.0,nan,0
2.55099999999983,approach,2.54999999999983,0.3500000000001389,-0.14999999999956898,0.019998117097026157,-1.673079385648047e-14,0.0,0.0,0.0,0.08581536950315932,29.135510004090488,0,1.8829029742204753e-06,4,0.0,0.0,nan,0,0.0,0.0,nan,0
2.560999999999829,approach,2.559999999999829,0.3500000000001395,-0.14999999999956723,0.019998117097026157,-1.8645624498606452e-14,0.0,0.0,0.0,0.08584574946771938,29.161200731957663,0,1.8829029745874635e-06,4,0.0,0.0,nan,0,0.0,0.0,nan,0
2.570999999999828,approach,2.569999999999828,0.35000000000014003,-0.14999999999956554,0.019998117097026157,-2.121984203536682e-14,0.0,0.0,0.0,0.08591397246022756,29.187043009794376,0,1.8829029749845775e-06,4,0.0,0.0,nan,0,0.0,0.0,nan,0
2.5809999999998268,approach,2.579999999999827,0.3500000000001406,-0.14999999999956395,0.019998117097026157,-2.3899873632360455e-14,0.0,0.0,0.0,0.08600773280403806,29.213062297382848,0,1.8829029748742826e-06,4,0.0,0.0,nan,0,0.0,0.0,nan,0
2.5909999999998257,approach,2.5899999999998258,0.3500000000001411,-0.1499999999995625,0.019998117097026157,-2.517760101079967e-14,0.0,0.0,0.0,0.08611602756919703,29.239280886528228,0,1.8829029741388084e-06,4,0.0,0.0,nan,0,0.0,0.0,nan,0
2.6009999999998246,approach,2.5999999999998247,0.3500000000001419,-0.14999999999955993,0.019998117097026157,-3.021898352001347e-14,0.0,0.0,0.0,0.086229146890994,29.265717969730463,0,1.8829029755167472e-06,4,0.0,0.0,nan,0,0.0,0.0,nan,0
2.6109999999998235,approach,2.6099999999998236,0.35000000000014253,-0.14999999999955824,0.019998117097026157,-3.214488018869374e-14,0.0,0.0,0.0,0.08633863963400372,29.292389727951313,0,1.882902974023652e-06,4,0.0,0.0,nan,0,0.0,0.0,nan,0
2.6209999999998224,approach,2.6199999999998225,0.350000000000143,-0.14999999999955668,0.019998117097026157,-3.582504506918358e-14,0.0,0.0,0.0,0.08643726088186648,29.31504517800749,0,1.8829029745637974e-06,4,0.0,0.0,nan,0,0.0,0.0,nan,0
2.6309999999998213,approach,2.6299999999998214,0.35000000000014353,-0.14999999999955502,0.019998117097026157,-4.077121109526272e-14,0.0,0.0,0.0,0.08651890678778129,29.338140983723914,0,1.8829029750128454e-06,4,0.0,0.0,nan,0,0.0,0.0,nan,0
2.64099999999982,approach,2.6399999999998203,0.3500000000001441,-0.14999999999955343,0.019998117097026157,-4.5919199725932304e-14,0.0,0.0,0.0,0.08657854133467324,29.36346334034459,0,1.8829029748922941e-06,4,0.0,0.0,nan,0,0.0,0.0,nan,0
2.650999999999819,approach,2.649999999999819,0.3500000000001446,-0.149999999999552,0.019998117097026157,-4.83730075633347e-14,0.0,0.0,0.0,0.0866121186160831,29.390739340460318,0,1.8829029741436149e-06,4,0.0,0.0,nan,0,0.0,0.0,nan,0
2.660999999999818,approach,2.659999999999818,0.3500000000001452,-0.1499999999995502,0.019998117097026157,-5.503873882349636e-14,0.0,0.0,0.0,0.08661650340998236,29.418302285421458,0,1.8829029742965147e-06,4,0.0,0.0,nan,0,0.0,0.0,nan,0
2.670999999999817,approach,2.669999999999817,0.35000000000014586,-0.1499999999995481,0.019998117097026157,-6.539463204984455e-14,0.0,0.0,0.0,0.0865893921008483,29.446152811753773,0,1.882902975452517e-06,4,0.0,0.0,nan,0,0.0,0.0,nan,0
2.6809999999998158,approach,2.679999999999816,0.35000000000014664,-0.149999999999546,0.019998117097026157,-6.879619174955232e-14,0.0,0.0,0.0,0.08652923541447055,29.474289474683452,0,1.8829029741927381e-06,4,0.0,0.0,nan,0,0.0,0.0,nan,0
2.6909999999998147,approach,2.6899999999998148,0.350000000000147,-0.14999999999954455,0.019998117097026157,-7.82994150062438e-14,0.0,0.0,0.0,0.08643516395770355,29.502708911486852,0,1.8829029749719131e-06,4,0.0,0.0,nan,0,0.0,0.0,nan,0
2.7009999999998136,approach,2.6999999999998137,0.3500000000001476,-0.149999999999543,0.019998117097026157,-8.819131205463246e-14,0.0,0.0,0.0,0.08630691718822106,29.531406005669556,0,1.8829029749194532e-06,4,0.0,0.0,nan,0,0.0,0.0,nan,0
2.7109999999998124,approach,2.7099999999998126,0.3500000000001481,-0.1499999999995415,0.019998117097026157,-9.290549327517077e-14,0.0,0.0,0.0,0.08576474207748391,29.576754728530272,0,1.8829029741499886e-06,4,0.0,0.0,nan,0,0.0,0.0,nan,0
2.7209999999998113,approach,2.7199999999998115,0.3500000000001487,-0.14999999999953967,0.019998117097026157,-1.057108040331518e-13,0.0,0.0,0.0,0.08519163793763958,29.62159040114042,0,1.8829029743038572e-06,4,0.0,0.0,nan,0,0.0,0.0,nan,0
2.7309999999998102,approach,2.7299999999998104,0.3500000000001494,-0.1499999999995376,0.019998117097026157,-1.256056437542174e-13,0.0,0.0,0.0,0.08458963859741622,29.667573121601635,0,1.8829029754789574e-06,4,0.0,0.0,nan,0,0.0,0.0,nan,0
2.740999999999809,approach,2.7399999999998093,0.3500000000001502,-0.14999999999953548,0.019998117097026157,-1.3214059222255205e-13,0.0,0.0,0.0,0.08396107685398316,29.714201455330304,0,1.8829029741985443e-06,4,0.0,0.0,nan,0,0.0,0.0,nan,0
2.750999999999808,approach,2.749999999999808,0.3500000000001506,-0.14999999999953403,0.019998117097026157,-1.5039916393423898e-13,0.0,0.0,0.0,0.08330854071595724,29.75735510612572,0,1.8829029749900225e-06,4,0.0,0.0,nan,0,0.0,0.0,nan,0
2.760999999999807,approach,2.759999999999807,0.35000000000015113,-0.14999999999953242,0.019998117097026157,-1.6940271855554497e-13,0.0,0.0,0.0,0.08263483215802397,29.80028006910757,0,1.882902974935295e-06,4,0.0,0.0,nan,0,0.0,0.0,nan,0
2.770999999999806,approach,2.769999999999806,0.35000000000015163,-0.1499999999995309,0.019998117097026157,-1.7846207681932682e-13,0.0,0.0,0.0,0.08194292818485237,29.8428963459401,0,1.8829029741547917e-06,4,0.0,0.0,nan,0,0.0,0.0,nan,0
2.7809999999998047,approach,2.779999999999805,0.35000000000015224,-0.149999999999529,0.019998117097026157,-2.0306837882872104e-13,0.0,0.0,0.0,0.0812359440046737,29.88504341558084,0,1.88290297431091e-06,4,0.0,0.0,nan,0,0.0,0.0,nan,0
2.7909999999998036,approach,2.7899999999998037,0.3500000000001528,-0.1499999999995273,0.019998117097026157,-2.2861719644398724e-13,0.0,0.0,0.0,0.08051709812355483,29.92670593847376,0,1.8829029742083466e-06,4,0.0,0.0,nan,0,0.0,0.0,nan,0
2.8009999999998025,approach,2.7999999999998026,0.35000000000015336,-0.14999999999952568,0.019998117097026157,-2.547225310146037e-13,0.0,0.0,0.0,0.07978967918847348,29.96787029463677,0,1.882902974530839e-06,4,0.0,0.0,nan,0,0.0,0.0,nan,0
2.8109999999998014,approach,2.8099999999998015,0.35000000000015424,-0.14999999999952304,0.019998117097026157,-2.8883699810961815e-13,0.0,0.0,0.0,0.07905701442964366,30.00852466087905,0,1.8829029744106566e-06,4,0.0,0.0,nan,0,0.0,0.0,nan,0
2.8209999999998003,approach,2.8199999999998004,0.35000000000015463,-0.14999999999952182,0.019998117097026157,-3.253710142456852e-13,0.0,0.0,0.0,0.07832243957923504,30.04865906694123,0,1.8829029748764561e-06,4,0.0,0.0,nan,0,0.0,0.0,nan,0
2.8309999999997992,approach,2.8299999999997993,0.35000000000015513,-0.14999999999952035,0.019998117097026157,-3.4278230974976017e-13,0.0,0.0,0.0,0.07758927017385797,30.088265431511473,0,1.882902974159433e-06,4,0.0,0.0,nan,0,0.0,0.0,nan,0
2.840999999999798,approach,2.8399999999997982,0.35000000000015574,-0.14999999999951846,0.019998117097026157,-3.900716018691904e-13,0.0,0.0,0.0,0.07686077418121746,30.12658803174566,0,1.8829029743209486e-06,4,0.0,0.0,nan,0,0.0,0.0,nan,0
2.850999999999797,approach,2.849999999999797,0.3500000000001563,-0.14999999999951671,0.019998117097026157,-4.3915829614632294e-13,0.0,0.0,0.0,0.07614014592632652,30.16430776493356,0,1.8829029742144114e-06,4,0.0,0.0,nan,0,0.0,0.0,nan,0
2.860999999999796,approach,2.859999999999796,0.35000000000015685,-0.14999999999951508,0.019998117097026157,-4.893234737126039e-13,0.0,0.0,0.0,0.07543048132870953,30.20150367455394,0,1.8829029745417595e-06,4,0.0,0.0,nan,0,0.0,0.0,nan,0
2.870999999999795,approach,2.869999999999795,0.3500000000001574,-0.14999999999951347,0.019998117097026157,-5.567507293610163e-13,0.0,0.0,0.0,0.07473475449799388,30.23818248021371,0,1.8829029749245202e-06,4,0.0,0.0,nan,0,0.0,0.0,nan,0
2.8809999999997937,approach,2.879999999999794,0.3500000000001583,-0.14999999999951086,0.019998117097026157,-6.247835401091883e-13,0.0,0.0,0.0,0.07405579576992746,30.274351820304243,0,1.8829029743770883e-06,4,0.0,0.0,nan,0,0.0,0.0,nan,0
2.8909999999997926,approach,2.8899999999997927,0.35000000000015863,-0.1499999999995098,0.019998117097026157,-6.582278605564719e-13,0.0,0.0,0.0,0.07339627129668702,30.31002021983813,0,1.8829029740820834e-06,4,0.0,0.0,nan,0,0.0,0.0,nan,0
2.9009999999997915,approach,2.8999999999997916,0.35000000000015924,-0.149999999999508,0.019998117097026157,-7.490682282105491e-13,0.0,0.0,0.0,0.07275866433280946,30.34519705232343,0,1.8829029743231863e-06,4,0.0,0.0,nan,0,0.0,0.0,nan,0
2.9109999999997904,approach,2.9099999999997905,0.3500000000001598,-0.14999999999950622,0.019998117097026157,-8.433550929588233e-13,0.0,0.0,0.0,0.07214525837950628,30.37989249630156,0,1.8829029742235153e-06,4,0.0,0.0,nan,0,0.0,0.0,nan,0
2.9209999999997893,approach,2.9199999999997894,0.35000000000016035,-0.14999999999950456,0.019998117097026157,-9.3970135484625e-13,0.0,0.0,0.0,0.07155812236388479,30.414117487188822,0,1.8829029745542249e-06,4,0.0,0.0,nan,0,0.0,0.0,nan,0
2.930999999999788,approach,2.9299999999997883,0.3500000000001609,-0.14999999999950295,0.019998117097026157,-1.069214755158163e-12,0.0,0.0,0.0,0.07099909803434774,30.447883665067707,0,1.8829029749429859e-06,4,0.0,0.0,nan,0,0.0,0.0,nan,0
2.940999999999787,approach,2.9399999999997872,0.35000000000016146,-0.14999999999950145,0.019998117097026157,-1.2040049916783732e-12,0.0,0.0,0.0,0.07046978974793296,30.481203319069984,0,1.8829029748362007e-06,4,0.0,0.0,nan,0,0.0,0.0,nan,0
2.950999999999786,approach,2.949999999999786,0.3500000000001623,-0.14999999999949895,0.019998117097026157,-1.3375497921684268e-12,0.0,0.0,0.0,0.06997155680899099,30.51408932898467,0,1.8829029748719715e-06,4,0.0,0.0,nan,0,0.0,0.0,nan,0
2.960999999999785,approach,2.959999999999785,0.3500000000001628,-0.1499999999994976,0.019998117097026157,-1.4380904974850016e-12,0.0,0.0,0.0,0.06950550849126888,30.546555104709338,0,1.8829029741852762e-06,4,0.0,0.0,nan,0,0.0,0.0,nan,0
2.970999999999784,approach,2.969999999999784,0.3500000000001633,-0.14999999999949593,0.019998117097026157,-1.6192219934506648e-12,0.0,0.0,0.0,0.06907250183771356,30.578614524139404,0,1.8829029742126235e-06,4,0.0,0.0,nan,0,0.0,0.0,nan,0
2.9809999999997827,approach,2.979999999999783,0.35000000000016385,-0.1499999999994942,0.019998117097026157,-1.8043199106276818e-12,0.0,0.0,0.0,0.06867314228539237,30.61028187006719,0,1.8829029745716862e-06,4,0.0,0.0,nan,0,0.0,0.0,nan,0
2.9909999999997816,approach,2.9899999999997817,0.3500000000001644,-0.14999999999949257,0.019998117097026157,-2.0531287111510464e-12,0.0,0.0,0.0,0.06830778710882632,30.641571766631085,0,1.8829029749590043e-06,4,0.0,0.0,nan,0,0.0,0.0,nan,0
3.0009999999997805,approach,2.9999999999997806,0.35000000000016496,-0.14999999999949104,0.019998117097026157,-2.312087397152408e-12,0.0,0.0,0.0,0.06797655161618622,30.672499115819928,0,1.8829029748508137e-06,4,0.0,0.0,nan,0,0.0,0.0,nan,0
3.0109999999997794,approach,3.0099999999997795,0.35000000000016546,-0.14999999999948962,0.019998117097026157,-2.4355280049613577e-12,0.0,0.0,0.0,0.06767931797222382,30.703079034512534,0,1.8829029741321778e-06,4,0.0,0.0,nan,0,0.0,0.0,nan,0
3.0209999999997783,approach,3.0199999999997784,0.35000000000016607,-0.14999999999948788,0.019998117097026157,-2.7708191548845266e-12,0.0,0.0,0.0,0.06741574646256467,30.733326792476422,0,1.8829029742791204e-06,4,0.0,0.0,nan,0,0.0,0.0,nan,0
3.030999999999777,approach,3.0299999999997773,0.3500000000001667,-0.14999999999948588,0.019998117097026157,-3.2917119753929797e-12,0.0,0.0,0.0,0.06718528895926834,30.763257751730556,0,1.8829029753898532e-06,4,0.0,0.0,nan,0,0.0,0.0,nan,0
3.040999999999776,approach,3.039999999999776,0.3500000000001674,-0.14999999999948385,0.019998117097026157,-3.462815043116487e-12,0.0,0.0,0.0,0.06698720430014736,30.792887307625357,0,1.8829029741793436e-06,4,0.0,0.0,nan,0,0.0,0.0,nan,0
3.050999999999775,approach,3.049999999999775,0.3500000000001678,-0.14999999999948255,0.019998117097026157,-3.94085861370323e-12,0.0,0.0,0.0,0.06682057525664784,30.822230831957608,0,1.8829029749276137e-06,4,0.0,0.0,nan,0,0.0,0.0,nan,0
3.060999999999774,approach,3.059999999999774,0.35000000000016834,-0.14999999999948105,0.019998117097026157,-4.438405835082824e-12,0.0,0.0,0.0,0.06668432673878331,30.85130361839856,0,1.8829029748770753e-06,4,0.0,0.0,nan,0,0.0,0.0,nan,0
3.070999999999773,approach,3.069999999999773,0.35000000000016884,-0.1499999999994796,0.019998117097026157,-4.6755741892931725e-12,0.0,0.0,0.0,0.06657724487167979,30.880120830473853,0,1.882902974138141e-06,4,0.0,0.0,nan,0,0.0,0.0,nan,0
3.0809999999997717,approach,3.079999999999772,0.35000000000016945,-0.14999999999947783,0.019998117097026157,-5.3197704959925466e-12,0.0,0.0,0.0,0.06649799657683997,30.908697452296195,0,1.8829029742858622e-06,4,0.0,0.0,nan,0,0.0,0.0,nan,0
3.0909999999997706,approach,3.0899999999997707,0.35000000000017,-0.1499999999994762,0.019998117097026157,-5.988427155442268e-12,0.0,0.0,0.0,0.06644514930167582,30.937048242216118,0,1.8829029741888869e-06,4,0.0,0.0,nan,0,0.0,0.0,nan,0
3.1009999999997695,approach,3.0999999999997696,0.35000000000017023,-0.1499999999994754,0.019998117097026157,-6.317165418468592e-12,0.0,0.0,0.0,0.06641719056196581,30.965187689519574,0,1.8829029740862824e-06,4,0.0,0.0,nan,0,0.0,0.0,nan,0
3.1109999999997684,approach,3.1099999999997685,0.35000000000017084,-0.14999999999947364,0.019998117097026157,-7.210081706924601e-12,0.0,0.0,0.0,0.066412546991885,30.99312997426952,0,1.8829029743225432e-06,4,0.0,0.0,nan,0,0.0,0.0,nan,0
3.1209999999997673,approach,3.1199999999997674,0.35000000000017106,-0.14999999999947286,0.019998117097026157,-7.705637577620127e-12,0.0,0.0,0.0,0.06642960263306619,31.020888930355973,0,1.882902973991459e-06,4,0.0,0.0,nan,0,0.0,0.0,nan,0
3.130999999999766,approach,3.1299999999997663,0.3500000000001715,-0.14999999999947186,0.019998117097026157,-8.161299940695945e-12,0.0,0.0,0.0,0.06646671623559061,31.04847801179091,0,1.8829029743379039e-06,4,0.0,0.0,nan,0,0.0,0.0,nan,0
3.140999999999765,approach,3.139999999999765,0.3500000000001721,-0.1499999999994701,0.019998117097026157,-8.874375779552023e-12,0.0,0.0,0.0,0.06652223738764457,31.075910262256336,0,1.8829029751086965e-06,4,0.0,0.0,nan,0,0.0,0.0,nan,0
3.150999999999764,approach,3.149999999999764,0.35000000000017256,-0.14999999999946872,0.019998117097026157,-9.319882398312343e-12,0.0,0.0,0.0,0.06659452133482299,31.103198287890105,0,1.8829029740086353e-06,4,0.0,0.0,nan,0,0.0,0.0,nan,0
3.160999999999763,approach,3.159999999999763,0.3500000000001732,-0.14999999999946695,0.019998117097026157,-9.951470756089892e-12,0.0,0.0,0.0,0.066681942392923,31.130354233270438,0,1.882902974771101e-06,4,0.0,0.0,nan,0,0.0,0.0,nan,0
3.170999999999762,approach,3.169999999999762,0.35000000000017367,-0.1499999999994656,0.019998117097026157,-1.0646245182377798e-11,0.0,0.0,0.0,0.06678290589816334,31.157389760540866,0,1.8829029747339572e-06,4,0.0,0.0,nan,0,0.0,0.0,nan,0
3.1809999999997607,approach,3.179999999999761,0.3500000000001744,-0.14999999999946367,0.019998117097026157,-1.1241182042005516e-11,0.0,0.0,0.0,0.06689585867497386,31.184316031598264,0,1.8829029744170142e-06,4,0.0,0.0,nan,0,0.0,0.0,nan,0
3.1909999999997596,approach,3.1899999999997597,0.35000000000017467,-0.1499999999994627,0.019998117097026157,-1.1735375439074759e-11,0.0,0.0,0.0,0.0670192980331918,31.211143693251962,0,1.8829029740772102e-06,4,0.0,0.0,nan,0,0.0,0.0,nan,0
3.2009999999997585,approach,3.1999999999997586,0.35000000000017517,-0.14999999999946137,0.019998117097026157,-1.267093881969065e-11,0.0,0.0,0.0,0.06715177933322164,31.23788286524736,0,1.8829029742336502e-06,4,0.0,0.0,nan,0,0.0,0.0,nan,0
3.2109999999997574,approach,3.2099999999997575,0.3500000000001753,-0.14999999999946076,0.019998117097026157,-1.3031829710576534e-11,0.0,0.0,0.0,0.06374369524266542,31.37623511988052,0,1.8829029740071223e-06,4,0.0,0.0,nan,0,0.0,0.0,nan,0
3.2209999999997563,approach,3.2199999999997564,0.35000000000017556,-0.14999999999945993,0.019998117097026157,-1.371682884879205e-11,0.0,0.0,0.0,0.06035278268989254,31.50422783817516,0,1.8829029743312388e-06,4,0.0,0.0,nan,0,0.0,0.0,nan,0
3.230999999999755,approach,3.2299999999997553,0.35000000000017606,-0.14999999999945862,0.019998117097026157,-1.4449505294877579e-11,0.0,0.0,0.0,0.05698690774980197,31.61734711735201,0,1.882902974744468e-06,4,0.0,0.0,nan,0,0.0,0.0,nan,0
3.240999999999754,approach,3.239999999999754,0.3500000000001768,-0.14999999999945665,0.019998117097026157,-1.494973550745034e-11,0.0,0.0,0.0,0.053653577581592816,31.723403109589924,0,1.8829029746226073e-06,4,0.0,0.0,nan,0,0.0,0.0,nan,0
3.250999999999753,approach,3.249999999999753,0.3500000000001773,-0.14999999999945518,0.019998117097026157,-1.5622136283867305e-11,0.0,0.0,0.0,0.050359958682731736,31.826405867650703,0,1.8829029746483607e-06,4,0.0,0.0,nan,0,0.0,0.0,nan,0
3.260999999999752,approach,3.259999999999752,0.350000000000178,-0.14999999999945318,0.019998117097026157,-1.6300662821079906e-11,0.0,0.0,0.0,0.047112901019524187,31.926649844657263,0,1.8829029742434472e-06,4,0.0,0.0,nan,0,0.0,0.0,nan,0
3.2709999999997508,approach,3.269999999999751,0.3500000000001785,-0.14999999999945177,0.019998117097026157,-1.699403029746546e-11,0.0,0.0,0.0,0.043918969884909856,32.02321634436034,0,1.8829029744060079e-06,4,0.0,0.0,nan,0,0.0,0.0,nan,0
3.2809999999997497,approach,3.27999999999975,0.35000000000017895,-0.1499999999994505,0.019998117097026157,-1.7926043999551016e-11,0.0,0.0,0.0,0.04078448821208136,32.115306072271146,0,1.882902974724481e-06,4,0.0,0.0,nan,0,0.0,0.0,nan,0
3.2909999999997486,approach,3.2899999999997487,0.35000000000017933,-0.14999999999944955,0.019998117097026157,-1.8428915590458438e-11,0.0,0.0,0.0,0.03771559342002313,32.20251273578214,0,1.8829029739668605e-06,4,0.0,0.0,nan,0,0.0,0.0,nan,0
3.3009999999997475,approach,3.2999999999997476,0.3500000000001794,-0.14999999999944894,0.019998117097026157,-1.889130491683049e-11,0.0,0.0,0.0,0.034718314972649496,32.28470179060897,0,1.882902974115699e-06,4,0.0,0.0,nan,0,0.0,0.0,nan,0
3.3109999999997464,approach,3.3099999999997465,0.3500000000001798,-0.14999999999944796,0.019998117097026157,-1.96149084370673e-11,0.0,0.0,0.0,0.031798682185579456,32.361861948251814,0,1.8829029745522964e-06,4,0.0,0.0,nan,0,0.0,0.0,nan,0
3.3209999999997453,approach,3.3199999999997454,0.3500000000001804,-0.14999999999944638,0.019998117097026157,-2.0311936869516335e-11,0.0,0.0,0.0,0.02896287725414044,32.43402427505181,0,1.8829029742416428e-06,4,0.0,0.0,nan,0,0.0,0.0,nan,0
3.330999999999744,approach,3.3299999999997443,0.35000000000018094,-0.14999999999944472,0.019998117097026157,-2.0673738495046336e-11,0.0,0.0,0.0,0.026217457468521915,32.50123413540136,0,1.8829029741565567e-06,4,0.0,0.0,nan,0,0.0,0.0,nan,0
3.340999999999743,approach,3.339999999999743,0.35000000000018155,-0.14999999999944297,0.019998117097026157,-2.16767211309243e-11,0.0,0.0,0.0,0.023569685700671618,32.56336699507325,0,1.8829029751519305e-06,4,0.0,0.0,nan,0,0.0,0.0,nan,0
3.350999999999742,approach,3.349999999999742,0.35000000000018205,-0.14999999999944147,0.019998117097026157,-2.2303352210977985e-11,0.0,0.0,0.0,0.021028033985836758,32.62057059217798,0,1.8829029740288197e-06,4,0.0,0.0,nan,0,0.0,0.0,nan,0
3.360999999999741,approach,3.359999999999741,0.3500000000001825,-0.1499999999994402,0.019998117097026157,-2.2804841827475248e-11,0.0,0.0,0.0,0.01860296895003577,32.673083217955835,0,1.8829029741344214e-06,4,0.0,0.0,nan,0,0.0,0.0,nan,0
3.3709999999997398,approach,3.36999999999974,0.350000000000183,-0.14999999999943883,0.019998117097026157,-2.3754217643140826e-11,0.0,0.0,0.0,0.016308201318262265,32.72076957537583,0,1.8829029742064679e-06,4,0.0,0.0,nan,0,0.0,0.0,nan,0
3.3809999999997387,approach,3.3799999999997388,0.35000000000018305,-0.14999999999943828,0.019998117097026157,-2.412043663668335e-11,0.0,0.0,0.0,0.014162695542198112,32.763925842276066,0,1.882902973991453e-06,4,0.0,0.0,nan,0,0.0,0.0,nan,0
3.3909999999997376,approach,3.3899999999997377,0.35000000000018333,-0.14999999999943756,0.019998117097026157,-2.481554927243021e-11,0.0,0.0,0.0,0.012193869861952844,32.802664937587814,0,1.8829029742875162e-06,4,0.0,0.0,nan,0,0.0,0.0,nan,0
3.4009999999997365,approach,3.3999999999997366,0.3500000000001838,-0.1499999999994364,0.019998117097026157,-2.5559042040056014e-11,0.0,0.0,0.0,0.010442390655731005,32.83709094383965,0,1.8829029746648484e-06,4,0.0,0.0,nan,0,0.0,0.0,nan,0
3.4109999999997354,approach,3.4099999999997355,0.3500000000001844,-0.14999999999943453,0.019998117097026157,-2.6066656403913248e-11,0.0,0.0,0.0,0.008968003612835554,32.867315051029856,0,1.8829029745538327e-06,4,0.0,0.0,nan,0,0.0,0.0,nan,0
3.4209999999997343,approach,3.4199999999997344,0.35000000000018483,-0.14999999999943325,0.019998117097026157,-2.6748982261037116e-11,0.0,0.0,0.0,0.007851804290788699,32.89345492099403,0,1.8829029745774653e-06,4,0.0,0.0,nan,0,0.0,0.0,nan,0
3.430999999999733,approach,3.4299999999997333,0.35000000000018544,-0.14999999999943148,0.019998117097026157,-2.743752458394824e-11,0.0,0.0,0.0,0.007181599431160769,32.915634065981436,0,1.8829029742082418e-06,4,0.0,0.0,nan,0,0.0,0.0,nan,0
3.440999999999732,approach,3.439999999999732,0.35000000000018594,-0.14999999999943017,0.019998117097026157,-2.8141126445353357e-11,0.0,0.0,0.0,0.007007033292309242,32.933961035358905,0,1.8829029743562557e-06,4,0.0,0.0,nan,0,0.0,0.0,nan,0
3.450999999999731,approach,3.449999999999731,0.35000000000018633,-0.14999999999942895,0.019998117097026157,-2.9086895566925963e-11,0.0,0.0,0.0,0.007291811401733451,32.95028405431312,0,1.882902974645659e-06,4,0.0,0.0,nan,0,0.0,0.0,nan,0
3.46099999999973,approach,3.45999999999973,0.35000000000018666,-0.1499999999994281,0.019998117097026157,-2.959718892701024e-11,0.0,0.0,0.0,0.007924416030431721,32.96335437937757,0,1.882902973956028e-06,4,0.0,0.0,nan,0,0.0,0.0,nan,0
3.4709999999997287,approach,3.469999999999729,0.3500000000001867,-0.14999999999942756,0.019998117097026157,-3.006640269030621e-11,0.0,0.0,0.0,0.008777201894104606,32.97296102795618,0,1.8829029740912775e-06,4,0.0,0.0,nan,0,0.0,0.0,nan,0
3.4809999999997276,approach,3.4799999999997278,0.35000000000018705,-0.1499999999994267,0.019998117097026157,-3.0800685891369364e-11,0.0,0.0,0.0,0.009747983646292502,32.979243995204705,0,1.8829029744890402e-06,4,0.0,0.0,nan,0,0.0,0.0,nan,0
3.4909999999997265,approach,3.4899999999997267,0.3500000000001876,-0.14999999999942523,0.019998117097026157,-3.1508002115012866e-11,0.0,0.0,0.0,0.01076729474666676,32.98234568402529,0,1.882902974205939e-06,4,0.0,0.0,nan,0,0.0,0.0,nan,0
3.5009999999997254,approach,3.4999999999997256,0.3500000000001881,-0.14999999999942373,0.019998117097026157,-3.1875144475052106e-11,0.0,0.0,0.0,0.011790835183707106,32.98241036940782,0,1.882902974128356e-06,4,0.0,0.0,nan,0,0.0,0.0,nan,0
3.5109999999997243,approach,3.5099999999997245,0.35000000000018866,-0.14999999999942212,0.019998117097026157,-3.2892934164114226e-11,0.0,0.0,0.0,0.012790811555228765,32.979583681603316,0,1.88290297503299e-06,4,0.0,0.0,nan,0,0.0,0.0,nan,0
3.5209999999997232,approach,3.5199999999997234,0.3500000000001891,-0.1499999999994208,0.019998117097026157,-3.35288176021999e-11,0.0,0.0,0.0,0.013749758060954674,32.974012109632646,0,1.8829029740122799e-06,4,0.0,0.0,nan,0,0.0,0.0,nan,0
3.530999999999722,approach,3.5299999999997222,0.3500000000001897,-0.14999999999941893,0.019998117097026157,-3.443030154487582e-11,0.0,0.0,0.0,0.014656664128286813,32.96584252629785,0,1.8829029748192983e-06,4,0.0,0.0,nan,0,0.0,0.0,nan,0
3.540999999999721,approach,3.539999999999721,0.3498573759953368,-0.15057345974290576,0.020022313169405382,-0.002671690979350326,0.0,0.0,0.0,0.015502909746418199,32.95942718179125,0,3.827954218692906e-05,2,0.0,0.0,nan,0,0.0,0.0,nan,0
3.55099999999972,approach,3.54999999999972,0.34981065134459677,-0.15078170031562627,0.019994112770633874,-0.0096035162570777,0.0,0.0,0.0,0.016275992616186112,64.72215967108727,0,0.0003839266483572283,5,39.02853660908989,15.470247473666769,0.49547871947572875,1,43.867175574625655,8.700420277336661,0.2479194341602795,1
3.560999999999719,approach,3.559999999999719,0.3497012047774328,-0.15092634446545425,0.019994326939171657,-0.021895755939493992,0.0,0.0,0.0,0.017005270417254126,141.75548863676872,0,0.0007406966752827813,4,87.04372473197516,38.07409706165746,0.5467668286670742,1,101.18286119326035,20.179517055507713,0.24929514763578162,1
3.5709999999997177,approach,3.569999999999718,0.3496084740449363,-0.15093373476096128,0.019999197786191535,-0.035977944840474056,0.0,0.0,0.0,0.017705446515258395,135.6025401277851,1,0.0008270319186216074,4,84.50517961861341,33.833273547696145,0.5004615353223257,1,102.00515399390949,18.171856214403185,0.22268306432202664,1
3.5809999999997166,approach,3.5799999999997167,0.349532794898224,-0.15093271583452406,0.020006687538117608,-0.04836884222832047,0.0,0.0,0.0,0.01837118393753935,136.38581834599012,1,0.0008183799322988893,4,86.56529099872894,32.065645020235856,0.463026876163142,1,102.71709828120504,16.625699214802587,0.20232390094985678,1
3.5909999999997155,approach,3.5899999999997156,0.3494606411356453,-0.15099357745576492,0.02001084109838725,-0.05999943638260672,0.0,0.0,0.0,0.01911391736643767,135.2890114694047,1,0.0008199226098533557,3,85.02330768465441,28.455527141958658,0.4183489197970609,1,101.85711013703661,17.235332020317973,0.21151360956944837,1
3.6009999999997144,approach,3.5999999999997145,0.349419738359227,-0.1511540330315537,0.020018283189992433,-0.06947648496761906,0.0,0.0,0.0,0.02006041744333757,135.15226813107012,1,0.0008265609221249591,6,85.59961496102976,11.616676341138835,0.1696368077477256,3,103.8723518024158,6.56515840307534,0.0790051237065888,1
3.6109999999997133,approach,3.6099999999997134,0.3494472681867412,-0.15154224563293647,0.020059715180034708,-0.07079986700888415,0.0,0.0,0.0,0.021259654544198463,127.6087391251716,1,0.0007968898884692137,4,53.92061633444116,5.862601503962846,0.13590816237151804,1,85.26388821817793,25.513384012381543,0.3740356050133512,1
3.6209999999997122,approach,3.6199999999997123,0.3493489448907706,-0.15217798135044397,0.020157683358661298,-0.07102359358886096,0.0,0.0,0.0,0.02174732527602263,125.93612787502248,1,0.0006153487518922389,4,42.738359661041144,3.53898692592273,0.10350733375094738,1,67.70463543280512,15.922393498977625,0.2939679350828965,1
3.630999999999711,approach,3.6299999999997112,0.34918568879618256,-0.1528231154744124,0.020316777144238546,-0.07124363694213567,0.0,0.0,0.0,0.021146757075413608,139.9729944619662,1,0.0006432032612037359,6,56.136531205898265,6.043909193349941,0.134580572212015,3,75.61300715143933,8.781934872150163,0.14517897123443188,1
3.64099999999971,approach,3.63999999999971,0.34902847124347647,-0.15307023823075802,0.020510955087378352,-0.07242650470773385,0.0,0.0,0.0,0.01992355070633012,136.56068356320114,1,0.0007698693356511557,5,76.30479726147914,6.67389197236862,0.10932949519377388,1,96.7059235054966,5.717698972993993,0.07390574907064779,2
3.650999999999709,approach,3.649999999999709,0.34888739240315053,-0.1529944622875616,0.020732667618189062,-0.07328293227624084,0.0,0.0,0.0,0.01880930038512299,121.31251455682167,1,0.0007300635342499972,5,79.55171186892515,21.007529745052206,0.33009235834650624,1,72.27367103252905,10.831545342093422,0.18733560208285155,2
3.660999999999708,approach,3.659999999999708,0.34871016031212304,-0.15267249597053323,0.020933502386061644,-0.07457530574767436,0.0,0.0,0.0,0.018033256623273725,166.9930429076449,1,0.0007079198054902724,7,112.25454252869338,48.043055851924066,0.5349789724505334,3,68.56761636020856,20.093560529655804,0.3663092286907282,2
3.6709999999997067,approach,3.669999999999707,0.3484423320407518,-0.15198086008488584,0.02117603212335556,-0.07587793244084137,0.0,0.0,0.0,0.01952204090451634,120.32708177545607,1,0.0005989179638886561,5,78.34951774970453,32.53154500198221,0.519013165880413,1,58.544444162924215,8.27637550249996,0.17671137758750236,2
3.6809999999997056,approach,3.6799999999997057,0.3481765560523146,-0.15066643183762032,0.021442493357194725,-0.07771716044730971,0.0,0.0,0.0,0.02672096061871985,155.4763222010004,1,0.0005639150074510355,7,107.39606367685965,83.0257040207565,0.9663494775582477,3,14.333748953790609,6.685515567408978,0.5830222425551281,2
3.6909999999997045,approach,3.6899999999997046,0.3480252949133972,-0.14823326017068572,0.02227978302374911,-0.0785236952240495,0.0,0.0,0.0,0.03962092751141696,97.18820769462951,0,0.0002236266433717866,5,58.64710052946496,46.91768042357197,1.0000000000000002,1,10.987828665159533,8.548954856181398,0.9725482527872665,2
3.7009999999997034,approach,3.6999999999997035,0.34771649141861943,-0.14424923413476948,0.022464501688043922,-0.08258024206268655,0.0,0.0,0.0,0.05536655162978837,159.18699218772844,1,0.0003182933627863295,8,56.153728240434766,6.753760608275857,0.1503408771755572,4,41.93802123618611,2.572384328281772,0.07667220139556194,4
3.7109999999997023,approach,3.7099999999997024,0.3473176492810018,-0.14033885173926616,0.022344990409476576,-0.08512675700408995,0.0,0.0,0.0,0.07173877000352195,159.95030495612272,1,0.00029571517490896025,8,57.66415255465223,6.562808427629399,0.14226361042524166,4,44.00775586994169,2.207725221024067,0.06270841290875713,4
3.720999999999701,approach,3.7199999999997013,0.3469548001320843,-0.1359799137946706,0.022186961950504288,-0.08676747132405084,0.0,0.0,0.0,0.08850549479003383,129.8234477159467,1,0.0002795181343244747,8,72.41053035865325,4.601984672558044,0.07944260057487783,4,65.11088467598118,1.2553138105376407,0.024099538364142258,4
3.7309999999997,approach,3.7299999999997,0.3467767322843295,-0.13138991797695884,0.022136833940511916,-0.08852875456422417,0.0,0.0,0.0,0.10607226830114175,147.11555610600354,1,0.00036103263097279003,8,63.96192075090535,4.922130999699882,0.09619260455898307,4,51.033195326568645,1.620502932868894,0.03969237381911582,4
3.740999999999699,approach,3.739999999999699,0.34671670314050107,-0.1257781223627355,0.021950508595968723,-0.0905932146730073,0.0,0.0,0.0,0.12524687259678272,177.4534975354752,1,0.0002429312852513211,8,55.607586716070415,5.208355541518317,0.11707834868180673,4,41.96058275217366,4.147147130978581,0.12354294372746018,4
3.750999999999698,approach,3.749999999999698,0.3465277867192572,-0.12050418421064786,0.02194439633385137,-0.09202448386571956,0.0,0.0,0.0,0.14336534238641035,196.80610952173396,1,0.00032870962402133466,8,91.66210440598167,4.070440305262982,0.05550876684047297,4,95.50928721033694,2.6993994408868573,0.03532901772869034,4
3.760999999999697,approach,3.759999999999697,0.3465122365851844,-0.11327964378608514,0.021814167269283164,-0.0937044580449807,0.0,0.0,0.0,0.1627194669519343,193.41173465990823,1,0.00035337915132715596,8,57.42678214300909,6.231440637100146,0.13563881704145633,4,42.609690084728804,3.4462377120406007,0.10109900192854615,4
3.7709999999996957,approach,3.769999999999696,0.34659556628532956,-0.1053460839631525,0.021674490114007485,-0.09501086795849611,0.0,0.0,0.0,0.1823283085915133,168.38607927159586,1,0.0002841576546441333,8,49.996363959399154,6.580454579580925,0.16452332875958622,4,34.75333292416031,4.268106435628919,0.15351428469259693,4
3.7809999999996946,approach,3.7799999999996947,0.346714779480878,-0.09718691439548266,0.02151155776861528,-0.09609667188493706,0.0,0.0,0.0,0.20089725198026345,178.97621453285257,1,0.0002600190756452812,8,56.68747323184685,5.546490808963295,0.1223041549735033,4,43.55088641103916,3.9450488624242936,0.1132310151276368,4
3.7909999999996935,approach,3.7899999999996936,0.3468906611624338,-0.08900078867567952,0.021544270859221063,-0.09802639880392168,0.0,0.0,0.0,0.21896311387026873,184.8388745238472,1,0.0003067910535498818,8,67.19474156972338,3.005706272951268,0.05591409020139716,4,74.0868992807424,3.4839958660261257,0.05878225266291664,4
3.8009999999996924,approach,3.7999999999996925,0.3469683944781526,-0.08024012620312476,0.02143410866509039,-0.09911661645710534,0.0,0.0,0.0,0.23726951800867402,161.5409397598872,1,0.00024371837791778132,8,57.331715072598776,3.7444631573879867,0.08164030922165849,4,67.00273549622838,3.0418528477170605,0.05674866901307872,4
3.8109999999996913,grasp,3.8099999999996914,0.34714456628955426,-0.07106703056523647,0.021338886379497195,-0.09993934565516722,0.0,0.0,0.0,0.25541614694420306,160.79722587866522,1,0.00024068550082536732,8,55.546337287614854,3.759697915657901,0.08460724188235988,4,65.64513446817078,3.0898173363848995,0.05883561214051311,4
3.82099999999969,grasp,3.8199999999996903,0.34733443399423475,-0.06184177027159446,0.021279165544489356,-0.1003673872760836,0.0,0.0,0.0,0.27339991157346366,160.89654007688117,1,0.0002399533432072811,8,54.13936549491497,3.7595433549868256,0.08680244311645885,4,64.57075109154374,3.1338284016564684,0.06066656242726589,4
3.830999999999689,grasp,3.829999999999689,0.3474675365232887,-0.05285052795759226,0.021262850741273886,-0.100359970152274,0.0,0.0,0.0,0.29123142797681273,161.54058673665062,1,0.00023907522278245212,8,53.28889402855826,3.7494197921116905,0.08795030982680753,4,63.935334072796294,3.1662619086074297,0.061903600617038056,4
3.840999999999688,grasp,3.839999999999688,0.347498872897017,-0.04426406692985202,0.02128865120163142,-0.09989388963857061,0.0,0.0,0.0,0.30892152434894493,162.56939070831046,1,0.00023825910692993883,8,52.93048228613448,3.740330941413356,0.08833121246642132,4,63.69343018262629,3.1937123476925757,0.06267742878926717,4
3.850999999999687,grasp,3.849999999999687,0.3474010766493667,-0.036171645211071225,0.021353999864719597,-0.09896905881836626,0.0,0.0,0.0,0.3264611305549365,163.5179357243261,1,0.0002383004384377307,8,53.07135173153958,3.7051700982356826,0.08726860107544968,4,63.853839333989484,3.1918980000773756,0.06248445734370909,4
3.860999999999686,grasp,3.859999999999686,0.34715264154897474,-0.028578951089800058,0.02145886114406294,-0.09758835769738917,0.0,0.0,0.0,0.34381644971873276,164.32198112187172,1,0.00023833734666811322,8,53.38108543481195,3.6612390511382484,0.08573352858310856,4,64.11254472673144,3.163773351678178,0.06168397630220441,4
3.8709999999996847,grasp,3.869999999999685,0.34675124196144,-0.02140236101370833,0.021598313921166443,-0.09577571606567854,0.0,0.0,0.0,0.3609979370315221,165.2439998882323,1,0.0002381653216553353,8,53.807635532719274,3.652814217085804,0.08485817535284107,4,64.46112277284999,3.1548226031967523,0.06117684713454746,4
3.8809999999996836,grasp,3.8799999999996837,0.3461981958348001,-0.01452962950445689,0.021772256718647662,-0.09355359414707187,0.0,0.0,0.0,0.3780204101409,166.066610878485,1,0.00023752907451407665,8,54.21574165566396,3.6370282943006798,0.08385544915626723,4,64.78665348055225,3.1451634405755864,0.060683089641289045,4
3.8909999999996825,grasp,3.8899999999996826,0.34551472071812733,-0.007844731632971051,0.02197768874785704,-0.09092663054409325,0.0,0.0,0.0,0.3949044958282882,166.86206471098035,1,0.00023677114897811043,8,54.59298053702307,3.6373075354149256,0.08328239957855546,4,65.10042003754867,3.1480998924430557,0.06044699655215918,4
3.9009999999996814,grasp,3.8999999999996815,0.3447230073602267,-0.001255061984393195,0.022213466932461963,-0.08790831591755068,0.0,0.0,0.0,0.4116571322811763,167.61789739496936,1,0.000236068912856056,8,54.89361595817271,3.647887933855413,0.08306721715679546,4,65.35573964517108,3.158773247849205,0.0604149931015775,4
3.9109999999996803,grasp,3.9099999999996804,0.3438463674725668,0.005307654217929131,0.022478863977005478,-0.08451130947643046,0.0,0.0,0.0,0.4282870518952411,168.535631498824,1,0.00023551108041015303,8,55.11930861632331,3.6786605379859973,0.08342495194362298,4,65.55918617864512,3.1881122624350016,0.06078690966639621,4
3.920999999999679,grasp,3.9199999999996793,0.3429057641343723,0.011887606995500689,0.022773515611857316,-0.0807468608796938,0.0,0.0,0.0,0.4448062613835282,169.21126074561087,1,0.0002350275801576513,8,55.26207480757041,3.6997675890836166,0.08368685943222995,4,65.69324581679771,3.207194625044263,0.061025958322799626,4
3.930999999999678,grasp,3.929999999999678,0.34191452403716294,0.018511199443386434,0.023098089584870397,-0.0766320182440846,0.0,0.0,0.0,0.4612243945310154,169.81275840793856,1,0.00023473177931333512,8,55.33013534805156,3.7239386444925886,0.08412998226615864,4,65.7676280408522,3.225972777721056,0.06131384226973359,4
3.940999999999677,grasp,3.939999999999677,0.34088772236094517,0.025188579190957794,0.02345216528624645,-0.07218657891682945,0.0,0.0,0.0,0.47755223681406045,170.24971507852584,1,0.00023457357706261828,8,55.3400391152312,3.743743311848922,0.08456226657279625,4,65.7928601652026,3.2388761972385147,0.06153548023877244,4
3.950999999999676,grasp,3.949999999999676,0.33983935844022634,0.0319186724342571,0.02383377885870697,-0.06743511458854863,0.0,0.0,0.0,0.49383593537325243,170.83586793676312,1,0.00023485100294371944,8,55.30561822665896,3.7702368790379452,0.08521369527925687,4,65.78638849603962,3.2594407452494707,0.0619322784652803,4
3.960999999999675,grasp,3.959999999999675,0.33878188362593087,0.03869313218868341,0.024240877761411518,-0.06240271697531903,0.0,0.0,0.0,0.5101414060669786,171.341822649058,1,0.00023511208019035844,8,55.2463006794492,3.792891667141604,0.08581777468569274,4,65.75887152146589,3.2731197457725694,0.06221821615171942,4
3.9709999999996737,grasp,3.969999999999674,0.33772685147559106,0.04549726073793424,0.0246699723314818,-0.05711566323294494,0.0,0.0,0.0,0.5265381442265532,171.78067368419332,1,0.0002353222766839319,8,55.175912797482454,3.812049327253886,0.08636126558625372,4,65.72111517529183,3.2831172499907257,0.06244411026110048,4
3.9809999999996726,grasp,3.9799999999996727,0.33668753537554297,0.05231288196332332,0.025116170328256658,-0.05160136949291922,0.0,0.0,0.0,0.5430942427327272,172.1764357927739,1,0.00023548958537343204,8,55.10538135680915,3.8287979227168707,0.08685172456037639,4,65.68210030591342,3.289176487271184,0.06259651548808375,4
3.9909999999996715,grasp,3.9899999999996716,0.3356792090781099,0.059121179439802544,0.025573779817159113,-0.04588698647397592,0.0,0.0,0.0,0.5598727869621998,172.53107984886034,1,0.00023562275860602853,8,55.04234261643148,3.8434554101532736,0.08728406231128298,4,65.64782358899006,3.2911044763950663,0.06266590985940591,4
4.000999999999671,grasp,3.9999999999996705,0.33471838725573666,0.065905294121466,0.02603699662700707,-0.04000044736014482,0.0,0.0,0.0,0.5769476608914743,172.72065051373679,1,0.0002357376557651599,8,54.99269238850084,3.8495182437925823,0.08750067683078037,4,65.62088883953692,3.2822139931872063,0.06252227856158007,4
4.010999999999674,grasp,4.009999999999674,0.3338123421083671,0.07265253582746059,0.02650375109853765,-0.03397338082974761,0.0,0.0,0.0,0.5943831053686455,172.46745737688389,1,0.0002358439201871496,8,54.96050445836967,3.8337401263803197,0.08719307082789379,4,65.60036938501003,3.2485018396744527,0.061899457848494016,4
4.0209999999996775,grasp,4.019999999999677,0.33296000896207156,0.07935292763558326,0.026977451282005595,-0.027843763739852874,0.0,0.0,0.0,0.6122111110350007,172.05121307677499,1,0.00023594273573859353,8,54.94306447766688,3.806295578587891,0.08659636149652392,4,65.58822767766156,3.2081534820771136,0.06114194565989481,4
4.030999999999681,grasp,4.0299999999996805,0.332158990335114,0.08599927991436825,0.027456829578115575,-0.021649940125506795,0.0,0.0,0.0,0.6304294887310319,171.62424421439394,1,0.00023605779379809526,8,54.938821866155976,3.8032482332015176,0.08653371386601477,4,65.58351545749741,3.1696352657126647,0.06041219435253521,4
4.040999999999684,grasp,4.039999999999684,0.3313986494720155,0.09258959495372925,0.027945424129945728,-0.01542528709296671,0.0,0.0,0.0,0.649053351680683,171.4193036634311,1,0.00023619599072858337,8,54.937594155643986,3.7828772289381565,0.08607214438215266,4,65.59292596413479,3.1351647267018943,0.0597466243619044,4
4.0509999999996875,grasp,4.049999999999687,0.33069442735147814,0.09911754245150671,0.02844075792020825,-0.009203366802446948,0.0,0.0,0.0,0.6680968180743339,170.90530756896032,1,0.0002363143001983206,8,54.945613889055224,3.7655166506718754,0.08566463235525745,4,65.60121539554027,3.0900425432989747,0.05887929294959837,4
4.060999999999691,grasp,4.0599999999996905,0.3300537500848265,0.10557854350892047,0.028942908528679766,-0.003020679838827262,0.0,0.0,0.0,0.6875599846786595,170.48457867624674,1,0.00023644111407857812,8,54.955458289295365,3.7582769687837616,0.0854846153088088,4,65.6136167060618,3.0484286370921168,0.0580753811123645,4
4.070999999999694,grasp,4.069999999999694,0.32947754477276536,0.11196929848113489,0.02945626712894695,0.0030906471119241277,0.0,0.0,0.0,0.7074344372525264,170.08926880809403,1,0.00023656239534781064,8,54.96556392178604,3.7544427983317137,0.08538170379899464,4,65.62765470566555,3.0098417191626767,0.05732799939030202,4
4.0809999999996975,grasp,4.079999999999697,0.32896658991743183,0.11828639451964276,0.029984251247263585,0.009100878172166729,0.0,0.0,0.0,0.7277002228371388,169.7155194599144,1,0.000236678111009476,8,54.974496566704524,3.752524513758986,0.08532421277395823,4,65.64193697455175,2.9750299937474525,0.056652616659164476,4
4.090999999999701,grasp,4.0899999999997005,0.32852153147752167,0.12452621991140238,0.03052870001830082,0.01498220358753626,0.0,0.0,0.0,0.7483249026021898,169.37415951331158,1,0.0002367871613446202,8,54.98090165491143,3.754579911876826,0.08536100261329178,4,65.6558964962821,2.9429428214042366,0.05602967475988403,4
4.100999999999704,grasp,4.099999999999704,0.3281426764262746,0.13068444859508524,0.03109100172659905,0.020708989961629315,0.0,0.0,0.0,0.7692639381517101,169.07151083599348,1,0.0002368865924019275,8,54.9840988917872,3.7605020910553293,0.08549067291382453,4,65.66913830379556,2.913773097383249,0.05546313634997929,4
4.1109999999997076,grasp,4.109999999999707,0.32783000248026894,0.1367559425925756,0.03167197533663467,0.026257892691175396,0.0,0.0,0.0,0.7904606589778583,168.8117280402298,1,0.00023697384865946342,8,54.983849837152384,3.77004080456733,0.08570791277195924,4,65.6815496401024,2.887581859619279,0.054954204708962937,4
4.120999999999711,grasp,4.119999999999711,0.327583184141473,0.14273476041684807,0.03227174216623743,0.03160792214543613,0.0,0.0,0.0,0.8118464843720052,168.5974594772689,1,0.00023704688412755573,8,54.980244505692376,3.782855107697063,0.08600487187960316,4,65.69322436049276,2.864343626440583,0.05450226515603887,4
4.130999999999714,grasp,4.129999999999714,0.3274016216671156,0.14861423768446386,0.03288962601687131,0.036740491966440435,0.0,0.0,0.0,0.8333414524175409,168.4300354743462,1,0.00023710420376928004,8,54.97359225611389,3.79854262158889,0.08637198484074039,4,65.70438187893339,2.843967917799691,0.05410537007714291,4
4.140999999999718,grasp,4.139999999999717,0.3272844685885358,0.1543871154950406,0.033524083639376825,0.04163945035018763,0.0,0.0,0.0,0.8548550614903542,168.3096483171433,1,0.00023714485891078473,8,54.96432479756763,3.8166641433425808,0.08679866798599066,4,65.71529528628912,2.8263165036443745,0.05376062930501012,4
4.150999999999721,grasp,4.149999999999721,0.32723073490036303,0.1600459471273562,0.03417218517232554,0.04629103448987176,0.0,0.0,0.0,0.8762875079397471,168.23423814936345,1,0.00023717060388092715,8,54.95355308974844,3.8337866843859523,0.08720515937624476,4,65.72570411002368,2.813396305720123,0.0535063934235407,4
4.160999999999724,grasp,4.159999999999724,0.3272394057936736,0.16558376783882367,0.03482886687110523,0.05068362933412878,0.0,0.0,0.0,0.8975315647234968,168.2031657633328,1,0.00023718508953040157,8,54.94115084377929,3.853588533969755,0.0876753688898673,4,65.7365792652663,2.8019515962711665,0.05327991712506961,4
4.170999999999728,grasp,4.169999999999727,0.3273091609643699,0.17099320273285576,0.035489036635956046,0.05480804247647835,0.0,0.0,0.0,0.918473677881491,168.21676622464403,1,0.00023718450490291807,8,54.927167277951526,3.87647722838972,0.08821857699245005,4,65.74825785166016,2.7912743542658753,0.05306745846717889,4
4.180999999999731,grasp,4.179999999999731,0.32743704405562357,0.17626496753093965,0.036147358495800655,0.05865700469866455,0.0,0.0,0.0,0.9389967915025349,168.19668363172767,1,0.00023715329912851892,8,54.91246987378972,3.8981814250863693,0.08873625230402837,4,65.758945017617,2.78159964113848,0.05287492903804346,4
4.190999999999734,grasp,4.189999999999734,0.32761944351367706,0.18138890952905506,0.03679741230868688,0.06222406809604975,0.0,0.0,0.0,0.958979947003999,168.2801828458022,1,0.00023710563953374233,8,54.89624664801954,3.9216406972723816,0.08929664905910875,4,65.77086110921664,2.774520764691263,0.05273081266345284,4
4.200999999999738,grasp,4.199999999999737,0.3278547633129757,0.1863571457457519,0.03743283145874312,0.06550701947494564,0.0,0.0,0.0,0.9783021585655011,168.40779477453472,1,0.00023704521313714486,8,54.87961747553698,3.9452503073211314,0.08986146607799693,4,65.78341913377812,2.76902907713254,0.052616394708471334,4
4.210999999999741,lift,4.209999999999741,0.32814150071191117,0.19116205749705245,0.03804734699764417,0.0685064846355921,0.0,0.0,0.0,0.9972595357348403,168.56659578752786,1,0.0002369722730540888,8,54.86292510891316,3.9697215648343187,0.09044636147620819,4,65.7964441531589,2.7635592479214384,0.05250206305770323,4
4.220999999999744,lift,4.219999999999744,0.3284764312143816,0.1957929314732326,0.03863640834447602,0.0712570302742174,0.0,0.0,0.0,1.0153965427755638,168.7371439969576,1,0.00023688608608462213,8,54.84892571087467,3.9962387725431388,0.09107377037812293,4,65.8046776740905,2.751805739340904,0.05227222890160097,4
4.230999999999748,lift,4.229999999999747,0.3288531608933288,0.20023179939178604,0.039196250781895536,0.07388355552915328,0.0,0.0,0.0,1.032477193682154,168.92564449786772,1,0.00023683908653289852,8,54.83342158343439,4.020051934126593,0.0916423738032126,4,65.81079726035826,2.7411661425351737,0.052065281394682715,4
4.240999999999751,lift,4.239999999999751,0.3292675411161079,0.20446051387996164,0.03972093604212747,0.07652835589742074,0.0,0.0,0.0,1.048214899480211,169.0750370128273,1,0.00023685380659396434,8,54.822100844373054,4.038105942680682,0.09207294778213414,4,65.80978481103173,2.7286765829499586,0.05182885399916528,4
4.250999999999754,lift,4.249999999999754,0.3297170650502151,0.20846964745466456,0.040205832302768224,0.0792768588388224,0.0,0.0,0.0,1.062418585997767,169.1557387546309,1,0.00023694589374499526,8,54.82909774875013,4.043940872514622,0.09219422347249018,4,65.79326621498524,2.709467542522967,0.05147691584556589,4
4.260999999999758,lift,4.259999999999757,0.33020093746811313,0.21226247071387616,0.04065012407752137,0.08211770201504791,0.0,0.0,0.0,1.0750757870921694,169.20308892079174,1,0.00023705601414927786,8,54.84026877846001,4.049239453112803,0.09229621643245964,4,65.7787175779898,2.692104863627251,0.051158356432598945,4
4.270999999999761,lift,4.269999999999761,0.3307189591563384,0.21584385242678622,0.041053654309003915,0.0850302912330666,0.0,0.0,0.0,1.0861969797864734,169.21909298829965,1,0.0002371680586728356,8,54.854948086062066,4.053599414494147,0.09237086981046916,4,65.76579094997955,2.676251504333303,0.05086708959314461,4
4.280999999999764,lift,4.279999999999764,0.3312713220816536,0.21921900367059072,0.04141658618745209,0.08799329974213904,0.0,0.0,0.0,1.0957968084877951,169.20882782791682,1,0.00023727620506550412,8,54.872012148424204,4.056964454709379,0.09241880094846051,4,65.75419988296584,2.6619778878575238,0.05060471218179804,4
4.290999999999768,lift,4.289999999999767,0.3318585642181869,0.2223936298395523,0.04174004707988002,0.09098268920608729,0.0,0.0,0.0,1.1039055458254752,169.15303221623518,1,0.00023738176271127337,8,54.901844006113336,4.054347305656949,0.09230899660686934,4,65.73213511888265,2.639426370005259,0.050192846414307324,4
4.300999999999771,lift,4.299999999999771,0.3324808981327356,0.225375290087122,0.04202747550291169,0.09402138269804114,0.0,0.0,0.0,1.1105695651366982,169.09054067679241,1,0.0002375115497296576,8,54.92296733290688,4.054984551225466,0.09228799781170823,4,65.72138341518682,2.6272490223213882,0.049969448408519926,4
4.310999999999774,lift,4.309999999999774,0.33313953001488206,0.22816896211987853,0.042280437142548914,0.09712142895988903,0.0,0.0,0.0,1.1157930615984812,169.01275164413255,1,0.00023762978055995952,8,54.93735231178996,4.058100902019941,0.09233473973656177,4,65.71589472292777,2.6193718067945504,0.04982378726330936,4
4.320999999999778,lift,4.319999999999777,0.33383706083436926,0.23077797959733015,0.042500004477059324,0.10030668281215097,0.0,0.0,0.0,1.1195513297511492,168.96062928148655,1,0.00023776714086263932,8,54.95627409512886,4.056349850754231,0.09226312003368173,4,65.7047670315296,2.610467361195038,0.04966282278921937,4
4.330999999999781,lift,4.329999999999781,0.3345795899099715,0.23321094660598107,0.04268900235807608,0.10355829244935744,0.0,0.0,0.0,1.1218877318539393,168.83074360573625,1,0.000237890274399036,8,54.97655536701129,4.0524968194136335,0.0921414772251568,4,65.69102971116553,2.601183510693349,0.04949655078726877,4
4.340999999999784,lift,4.339999999999784,0.3353694609353721,0.23547434858251357,0.04285044660637747,0.10685426941922554,0.0,0.0,0.0,1.1228641042355358,168.6876647855694,1,0.000238009241446675,8,54.99687402594058,4.047410972037656,0.09199184143921976,4,65.67687892251998,2.59273387953126,0.04934639712763201,4
4.350999999999788,lift,4.349999999999787,0.33620629651722256,0.23757935986838247,0.04298963759919248,0.11017329424554553,0.0,0.0,0.0,1.1225942222664858,168.5234429422143,1,0.00023812214972456348,8,55.01762732940912,4.04123452449315,0.09181681218950322,4,65.66287213387201,2.585831928567605,0.04922553348138023,4
4.360999999999791,lift,4.359999999999791,0.3370920935592939,0.23953246622741528,0.043110791238598886,0.11349522755499329,0.0,0.0,0.0,1.121156964939867,168.34736696060523,1,0.00023821181166906627,8,55.0371367584175,4.033498127351238,0.0916085566245946,4,65.64783344562763,2.5797346758963493,0.049120712377221806,4
4.370999999999794,lift,4.369999999999794,0.3380296333454783,0.24133782051774877,0.04321891944223335,0.11680214294645569,0.0,0.0,0.0,1.118625848476152,168.15752450214697,1,0.0002382868830419097,8,55.05533719123453,4.023666423713204,0.0913550490513075,4,65.631444657983,2.5746224700542193,0.04903561249243845,4
4.380999999999798,lift,4.379999999999797,0.33902420275002815,0.24299766810884385,0.04332127569693754,0.12008211656205821,0.0,0.0,0.0,1.1150880557625482,168.0707550666192,1,0.00023835194566882017,8,55.067858508863964,4.019163163228676,0.09123205605003083,4,65.61769067328787,2.5682606338933596,0.04892469941301336,4
4.390999999999801,lift,4.389999999999801,0.34009058996762626,0.24451334211526,0.04342529631697575,0.12332672956836381,0.0,0.0,0.0,1.1106660653713738,167.92720448096335,1,0.00023842115922385743,8,55.08032665559811,4.007549598314199,0.09094784475799061,4,65.6003273728454,2.5654475452441936,0.0488840461622859,4
4.400999999999804,lift,4.399999999999804,0.3412393490643415,0.24588828147228708,0.043537527019097584,0.12652384380321557,0.0,0.0,0.0,1.1054838303635692,167.72759717265617,1,0.0002385083192390494,8,55.09416763367744,3.994068374607445,0.09061912871531405,4,65.58071587801473,2.5623436594204194,0.04883950306723129,4
4.410999999999808,lift,4.409999999999807,0.34247394782839813,0.24712746777566055,0.04366503561617784,0.1296574072706422,0.0,0.0,0.0,1.0996559526165999,167.5260258769968,1,0.00023860528006956885,8,55.10824281147872,3.9797942698000988,0.09027220944547906,4,65.56145539845473,2.5604756682186673,0.04881823574265515,4
4.420999999999811,lift,4.419999999999811,0.34379695794788256,0.24823640517625445,0.04381556057403411,0.13271175677845623,0.0,0.0,0.0,1.0933047084345986,167.32855280317494,1,0.00023871099262555168,8,55.12257414057089,3.9648479522406697,0.08990980587485148,4,65.54296862636119,2.5599808152981676,0.04882256764054609,4
4.430999999999814,lift,4.429999999999814,0.34521076626960034,0.24922108378046715,0.04399739935083488,0.1356720464493339,0.0,0.0,0.0,1.0865625850926153,167.1380541290588,1,0.00023882644860786524,8,55.137142113621294,3.9493259580472353,0.08953415535005527,4,65.52547076017686,2.560932459055337,0.04885375925852457,4
4.440999999999818,lift,4.439999999999817,0.34671751386534416,0.2500880243245124,0.044219338446681085,0.1385242477169048,0.0,0.0,0.0,1.079572462746605,166.957298756149,1,0.0002389523453475761,8,55.15182443248577,3.9333394970137707,0.08914799141932234,4,65.50910033643753,2.5634101980490507,0.048913246115502455,4
4.450999999999821,lift,4.449999999999821,0.34831904328701435,0.25084431497350507,0.044490522746890436,0.1412551347310103,0.0,0.0,0.0,1.0724876232961502,166.79016124405774,1,0.00023908917106331372,8,55.16641242105145,3.9171273053217233,0.0887570700498133,4,65.49398723536602,2.5674134920317164,0.04900093887254855,4
4.460999999999824,lift,4.459999999999824,0.3500172315732101,0.2514989952861328,0.04481817333010813,0.1438516569240881,0.0,0.0,0.0,1.0654747943394172,166.64266263560404,1,0.00023923502931980255,8,55.18074250711361,3.9010922521243514,0.08837078106599967,4,65.48051741270956,2.5730050747731292,0.04911776006892313,4
4.470999999999828,lift,4.4699999999998274,0.35181310689070844,0.2520611245230776,0.045210767670399665,0.14629251467251383,0.0,0.0,0.0,1.0587220944653946,166.51453723328189,1,0.00023938438625283143,8,55.19444220911832,3.884769158118135,0.08797917423007214,4,65.4685402751464,2.580613746362241,0.04927201934541052,4
4.480999999999831,lift,4.479999999999831,0.3537058428383744,0.252539368216518,0.045677961418679525,0.1485539332970304,0.0,0.0,0.0,1.0524258786553655,166.42799121626047,1,0.0002395386466511524,8,55.20880627728826,3.8702899577886685,0.08762845591946859,4,65.45664816596172,2.5846387760905167,0.04935783546266583,4
4.4909999999998345,lift,4.489999999999834,0.35568928415659523,0.25294253582037696,0.046228787773940384,0.15062743228688316,0.0,0.0,0.0,1.0467547631529355,166.42539528723466,1,0.00023969809675477948,8,55.22199088359381,3.8581874958813835,0.08733358382565197,4,65.44708442894577,2.5882330299381184,0.049433696178400745,4
4.500999999999838,lift,4.4999999999998375,0.3577553269228479,0.25327957114570504,0.046871597371278786,0.15251663330227364,0.0,0.0,0.0,1.041862964969325,166.4752992343276,1,0.00023985921634905345,8,55.23387591151297,3.847344353710251,0.08706940012398054,4,65.43957456371633,2.594027752645719,0.04955005762835455,4
4.510999999999841,lift,4.509999999999841,0.35989520921981655,0.2535594988385553,0.047613886893366535,0.15423015204473803,0.0,0.0,0.0,1.0378976937489661,166.5761699735738,1,0.0002400205010655065,8,55.24430564567972,3.8377110351889074,0.08683499118902015,4,65.43397010869376,2.6024870476908593,0.04971590145317128,4
4.5209999999998445,lift,4.519999999999844,0.3620980927527501,0.2537914594029694,0.04846193832929658,0.1557786373427767,0.0,0.0,0.0,1.0349926409517798,166.69097601796764,1,0.00024018115935635565,8,55.25378388013894,3.828015498002306,0.08660075449100355,4,65.42984523196465,2.6144320464475608,0.049947238091018815,4
4.530999999999848,lift,4.5299999999998475,0.36435120719551034,0.253984683076544,0.04942059163031398,0.1571723388978097,0.0,0.0,0.0,1.0332662051402703,166.869354956409,1,0.0002403355850288119,8,55.261461871787745,3.8198911627204706,0.08640495187186256,4,65.4278168620495,2.6291748473052,0.050230448099174936,4
4.540999999999851,lift,4.539999999999851,0.366642113448444,0.2541483065990903,0.050493424890542746,0.15842336919209873,0.0,0.0,0.0,1.032827036791157,167.12166910246836,1,0.00024048160206941978,8,55.267071496293674,3.813625319729323,0.08625446437814858,4,65.4278369473038,2.646895015706416,0.05056897681483514,4
4.5509999999998545,lift,4.549999999999854,0.3689584507466782,0.2542912778937841,0.05168264781193692,0.1595458162249074,0.0,0.0,0.0,1.0337708517429987,167.45012428868444,1,0.00024061695897761176,8,55.27050959948247,3.809279512300196,0.08615081396716179,4,65.4297793467104,2.6677992370940453,0.05096683925368024,4
4.560999999999858,lift,4.5599999999998575,0.37128784845801066,0.25442225125278345,0.05298902146679205,0.1605556573097022,0.0,0.0,0.0,1.0361770040725253,167.8549163495569,1,0.00024073909549515065,8,55.27104292494606,3.80697071927615,0.08609776742510837,4,65.43421361974237,2.692480169564241,0.05143486909636911,4
4.570999999999861,lift,4.569999999999861,0.3736181654036078,0.2545487107636965,0.05441148054208696,0.1614938314222903,0.0,0.0,0.0,1.0400733854657562,168.319675835447,1,0.00024084899805618245,8,55.26873616748637,3.8059273285000907,0.08607776277366397,4,65.44043251224187,2.7206169307632053,0.051967431034595134,4
4.5809999999998645,lift,4.579999999999864,0.37593692820799246,0.25467784576627855,0.055947392189876766,0.16239474578254984,0.0,0.0,0.0,1.045478389787738,168.86361429233807,1,0.00024094710360028472,8,55.26589438294092,3.806752360257489,0.08610084941990304,4,65.44671016332813,2.7507110415497587,0.05253722904262706,4
4.590999999999868,lift,4.5899999999998675,0.3782312687957459,0.2548174203451259,0.05759308200924331,0.16326036594344495,0.0,0.0,0.0,1.0524349671357522,169.46699787613696,1,0.00024102085015598103,8,55.261300044804784,3.809090636247088,0.0861608990640546,4,65.45449416998925,2.7835529545858946,0.05315817099122408,4
4.600999999999871,lift,4.599999999999871,0.3804886346445236,0.25497449811172973,0.05934347060762144,0.16409418050693736,0.0,0.0,0.0,1.0609613251337358,170.12398186101717,1,0.00024106896919344568,8,55.25490314716534,3.812815093684531,0.08625513023544532,4,65.46373167728646,2.8188442486509566,0.053824541017362164,4
4.6109999999998745,lift,4.609999999999874,0.3826956179999413,0.255153745558526,0.06119202923563921,0.16490267614185794,0.0,0.0,0.0,1.071044547016617,170.65381469578816,1,0.00024108458596354922,8,55.246371779758675,3.811616023726937,0.08624132003912535,4,65.47359300818377,2.8546818914420022,0.05450063453607139,4
4.620999999999878,lift,4.6199999999998775,0.38483923677298376,0.25535720279291463,0.0631306181758437,0.16572552936561802,0.0,0.0,0.0,1.0826049435724636,171.29936501295487,1,0.00024108673544392072,8,55.23500398815341,3.814070475288701,0.08631461482529104,4,65.48521731604043,2.8930675228609193,0.05522367569039642,4
4.630999999999881,lift,4.629999999999881,0.3869080394548421,0.2555887609180916,0.0651496936950833,0.16659780662255882,0.0,0.0,0.0,1.0955453446345211,171.98194128715892,1,0.00024107162563426538,8,55.222587231950165,3.8173720038130625,0.08640875489451089,4,65.49750238791435,2.9323637214624454,0.055963273685141444,4
4.6409999999998846,lift,4.639999999999884,0.38888950232429814,0.25585132679067246,0.06723857745536738,0.16753023070655942,0.0,0.0,0.0,1.1097817001701116,172.5397920472056,1,0.00024102860388645084,8,55.2103881731592,3.8155701899022816,0.08638705314693927,4,65.50880880969531,2.969366406347202,0.05665967791776835,4
4.650999999999888,lift,4.649999999999888,0.3907675398623906,0.25614288464039575,0.06938563473241713,0.16853135765474503,0.0,0.0,0.0,1.1252377063041235,173.13107433642634,1,0.00024095273485067449,8,55.19496317202452,3.8160809695256948,0.08642276283508485,4,65.52146394410931,3.004210466621005,0.05731347954129269,4
4.660999999999891,lift,4.659999999999891,0.3925235283850166,0.2564581716775726,0.07157807249313715,0.1696087575432795,0.0,0.0,0.0,1.1418361049729793,173.53292444209376,1,0.0002408570730704356,8,55.181544676247206,3.80870322818242,0.08627665396393545,4,65.53080512516247,3.036660617607518,0.05792429628721101,4
4.670999999999895,lift,4.669999999999894,0.3941465278409511,0.2567970980478544,0.07379818821940504,0.1707662427629474,0.0,0.0,0.0,1.1594839630175813,173.88775198046696,1,0.0002407340126178259,8,55.16776177637742,3.8012515226270303,0.08612936704853569,4,65.54031683342713,3.0670621539709866,0.058495714968963795,4
4.680999999999898,lift,4.679999999999898,0.3956293674554993,0.2571605738674134,0.07602551468536979,0.1720065633691642,0.0,0.0,0.0,1.1780805712942615,174.21638677635684,1,0.00024058256047286818,8,55.15357482312671,3.7936474595541814,0.08597918339201308,4,65.5502477337146,3.0961333048991744,0.05904122051293815,4
4.690999999999901,lift,4.689999999999901,0.39696629689348295,0.25754912535111246,0.07824108772376426,0.17333183059709803,0.0,0.0,0.0,1.1975191101101081,174.51787188088792,1,0.0002404080214340545,8,55.139118853312915,3.785973684814456,0.08582776084267675,4,65.56058045384705,3.1237369095513463,0.059558214858820076,4
4.700999999999905,lift,4.699999999999904,0.39815293579955,0.25796299360803365,0.08042764444439998,0.17474372555811038,0.0,0.0,0.0,1.2176890681499457,174.79146447330683,1,0.00024021554680825783,8,55.12449395119638,3.778315921392795,0.08567688450659222,4,65.57127484067551,3.1497936546820915,0.06004522678443097,4
4.710999999999908,lift,4.709999999999908,0.39918613809146486,0.25840226251557097,0.08256966241481208,0.17624359749539484,0.0,0.0,0.0,1.238477806320351,175.02423078783093,1,0.00024001044441207433,8,55.10989617407472,3.7702720059143404,0.08551712731424053,4,65.58221534836123,3.1740457543405713,0.0604974560839512,4
4.720999999999911,lift,4.719999999999911,0.4000633544589021,0.2588671809012921,0.08465322314647629,0.17783216827533385,0.0,0.0,0.0,1.2597682325561002,175.21342468357747,1,0.00023979839070253003,8,55.095528389131275,3.761820387684752,0.08534767924167073,4,65.59344282649765,3.196499167674977,0.060914990697509434,4
4.730999999999915,lift,4.729999999999914,0.40078283425406847,0.2593583100965387,0.08666611946892923,0.17950957690775807,0.0,0.0,0.0,1.2814414417426885,175.36912311744243,1,0.0002395827547862066,8,55.081406186454544,3.753407151525167,0.0851786340298669,4,65.604999670872,3.2173913290647826,0.061302327284616875,4
4.740999999999918,lift,4.739999999999918,0.4013437061835639,0.2598764557850689,0.0885978237163603,0.18127562627773758,0.0,0.0,0.0,1.3033797838585495,175.4927704835456,1,0.00023936679809055057,8,55.06757634187666,3.7451107494740175,0.08501170285358128,4,65.61683686047557,3.2367980962571443,0.061660967122274445,4
4.750999999999921,lift,4.749999999999921,0.40174588174928016,0.2604227105393082,0.09043942214022908,0.1831298024027941,0.0,0.0,0.0,1.3254679452214266,175.5862670861743,1,0.00023915326458883896,8,55.054071253717474,3.7370028594652696,0.08484846747852758,4,65.62889657891405,3.2548071776456657,0.06199264629057097,4
4.760999999999925,lift,4.759999999999924,0.4019899563959595,0.26099849272146286,0.09218353462810774,0.18507206995981593,0.0,0.0,0.0,1.3475939510632926,175.6513688672881,1,0.00023894450382508305,8,55.040949113057636,3.7290889138322534,0.08468896734893838,4,65.64108719675991,3.2714718159843326,0.0622984771370799,4
4.770999999999928,lift,4.769999999999928,0.4020771123277524,0.26160558001854434,0.09382422259343669,0.1871039157077705,0.0,0.0,0.0,1.3696499694342394,175.69044654035937,1,0.00023874228098435445,8,55.02819578186013,3.721491059164988,0.08453600482190816,4,65.65338389021294,3.2869288574615982,0.06258110135949113,4
4.780999999999931,lift,4.779999999999931,0.4020090841756271,0.2622461021500894,0.09535690838679507,0.18922647773727672,0.0,0.0,0.0,1.391532442269694,175.70574478980512,1,0.000238547810379153,8,55.015827955585955,3.7142455818098767,0.08439038636318377,4,65.66571985861698,3.30126231180985,0.06284219374503365,4
4.790999999999935,lift,4.789999999999934,0.40178786831274915,0.2629225634191691,0.09677857375221358,0.19144009098869577,0.0,0.0,0.0,1.4131420024756716,175.70186779240439,1,0.00023836367727911445,8,55.005577260124696,3.7105276890029044,0.08432162413857586,4,65.67644493548622,3.3091522967947604,0.06298209921466766,4
4.800999999999938,lift,4.799999999999938,0.4014138897181856,0.26363807828683855,0.09808973886094938,0.1937437714984274,0.0,0.0,0.0,1.4343812700647316,175.6786228360053,1,0.00023819289780983887,8,54.99449535022808,3.7039354016019463,0.08418877603144022,4,65.6888994270588,3.32172433439638,0.06320939236630146,4
4.810999999999941,lift,4.809999999999941,0.40088837950150497,0.26439500688857387,0.09928989585158568,0.19613429950704026,1.8741850728794135e-05,0.007069337608503999,0.0070693376083862764,1.4556163378192508,175.4807199316536,1,0.00023802649975281253,8,54.984651949490946,3.692058532889525,0.08393384339963314,4,65.70002988417517,3.331562106482105,0.06338585599495597,4
4.820999999999945,lift,4.819999999999944,0.40021071673482267,0.2651941069986762,0.1003798303754493,0.1985981374212652,3.743743250061078e-05,0.013916909204409895,0.013916909204446966,1.4763348894223172,175.2088683229708,1,0.00023786717062522625,8,54.975273886246555,3.6782425146346878,0.08363401977418097,4,65.71046668083042,3.3402552130084513,0.06354115603136663,4
4.830999999999948,lift,4.829999999999948,0.3993798633478286,0.2660362340374761,0.10136173637605919,0.20112071270226728,5.6073621737743e-05,0.020539218629004204,0.020539218629007483,1.4964722912352904,174.91463814338167,1,0.00023771656257439135,8,54.96613601885444,3.6643378634222565,0.08333171405220566,4,65.72058702998939,3.348686921676367,0.0636917416788347,4
4.840999999999951,lift,4.839999999999951,0.398394910483861,0.26692246554586385,0.10223853590786959,0.20368913932488664,7.46185813685574e-05,0.026935914771070192,0.02693591477107142,1.515966595318102,174.6140393549503,1,0.00023757516768168615,8,54.95719979435499,3.650924553406111,0.08304017869968698,4,65.73052359332108,3.3571382039340887,0.06384283169385876,4
4.850999999999955,lift,4.849999999999954,0.39725523359491793,0.26785406023561786,0.1030136829895312,0.20629121566747116,9.303518803478556e-05,0.03310862380695382,0.033108623806905046,1.5347604250112856,174.317386594995,1,0.00023744281504966207,8,54.94844858756299,3.6383422312898466,0.08276717370582296,4,65.74034943879485,3.3657523366422986,0.06399708028202411,4
4.860999999999958,lift,4.859999999999958,0.39596061805756255,0.2688324138958222,0.1036910527176649,0.20891500921887637,0.0001112809774475057,0.03906047900035008,0.03906047900028473,1.5528018661303085,174.03319827408296,1,0.00023731893717167846,8,54.93985916532086,3.626840745598604,0.0825184301684545,4,65.75010148757656,3.374593737889935,0.06415567545792235,4
4.870999999999961,lift,4.869999999999961,0.394511381401629,0.26985900936348906,0.10427485944210428,0.21154879231241727,0.00012930682862751934,0.04479610841052557,0.04479610841046198,1.5700448905795574,173.76894356054953,1,0.00023720272918396714,8,54.931396125053894,3.6166103856404046,0.08229834486199435,4,65.75978537896441,3.3836628179345176,0.06431861810441868,4
4.880999999999965,lift,4.879999999999964,0.39290849165985864,0.27093536223419196,0.10476959134864139,0.21418120608435698,0.00014705642137220038,0.05032194099508955,0.05032194099503679,1.586449555238318,173.5311687869847,1,0.0002370932553757365,8,54.92302945243438,3.6077643000744626,0.08210955258756567,4,65.76936313426398,3.392881977703502,0.0644844692120773,4
4.890999999999968,lift,4.889999999999968,0.39115080171907624,0.2720627696346366,0.10517735161355354,0.21680418674100654,0.00016570175831200163,0.05564129492251997,0.055641294922487684,1.6019684373699603,173.5838981244255,1,0.00023699629640010932,8,54.91863538006575,3.613146613462378,0.08223862875637543,4,65.7756767418837,3.400425294236256,0.06462163262075153,4
4.900999999999971,lift,4.899999999999971,0.3892362111648461,0.27324238515985605,0.1054945523253944,0.21941962754217842,0.00018397283889136265,0.06075649589414677,0.06075649589409331,1.616544524613523,173.54677887767284,1,0.000236893473009815,8,54.90994067828327,3.611477160951626,0.08221364648049863,4,65.78605005406945,3.4095658786148677,0.06478512305824241,4
4.910999999999975,lift,4.909999999999974,0.38716756617140385,0.27447480193256,0.10572351270817512,0.22202508034536303,0.00020195635650033488,0.06569462240033026,0.06569462240028939,1.630154788531215,173.09850880748468,1,0.00023680031180778167,8,54.90397592113529,3.5965156756940178,0.08188194969841743,4,65.79348966383274,3.4170179855555114,0.06491937885903541,4
4.920999999999978,lift,4.919999999999978,0.38494069216860716,0.2757573056831498,0.10586693850663835,0.22460917859636692,0.00021977951118645381,0.07044616526737299,0.07044616526731985,1.6427787740398092,172.82806078946354,1,0.0002367013771862466,8,54.89654973210985,3.587307825436228,0.08168336268267228,4,65.80112661628526,3.425428775669131,0.06507162095499297,4
4.930999999999981,lift,4.929999999999981,0.3825599686856063,0.27708936152189123,0.10593239784682004,0.2271631680116658,0.00023692885035629375,0.07504195169012957,0.07504195169009051,1.6544222565714855,172.7424541205214,1,0.00023661001494359446,8,54.888134486780736,3.5837273424430127,0.08161434561294204,4,65.80919621131223,3.4338776929469272,0.06522412312104534,4
4.940999999999985,lift,4.939999999999984,0.3800323812129321,0.2784714941725576,0.10592632535227423,0.22968479458645022,0.0002532180480599994,0.07953171415973982,0.0795317141597113,1.66508888821897,172.71419492833053,1,0.0002365202204698525,8,54.87940074094389,3.5817701900567758,0.08158275558994313,4,65.81674214193576,3.4418614638504734,0.06536827393454078,4
4.950999999999988,lift,4.949999999999988,0.37736607452570503,0.2799039230122179,0.1058549528649926,0.23217448162920473,0.0002685512861265413,0.08396868472702829,0.08396868472701184,1.6747870575363915,172.72769146175554,1,0.00023643211404716317,8,54.870501108423575,3.580902031649958,0.08157621033417688,4,65.8236417328451,3.4492381008376833,0.06550150542484647,4
4.960999999999991,lift,4.959999999999991,0.3745701345627385,0.2813866322753729,0.10572447911177253,0.23463447235387586,0.0002828511379034187,0.08840653961579881,0.08840653961578837,1.683529330747608,172.7798455561299,1,0.00023634571794123508,8,54.861547638913265,3.5810019019367516,0.08159179917567502,4,65.82986828215661,3.4559039763944406,0.06562188385335062,4
4.970999999999995,lift,4.969999999999994,0.3716544849475048,0.2829194039100634,0.10554104144843594,0.23706851191054473,0.00029605195453963784,0.0928973138243557,0.09289731382434767,1.69133219993506,172.868560999867,1,0.000236261186255313,8,54.85266239977871,3.581995832531014,0.0816276657280692,4,65.83541094337603,3.4617795684675574,0.06572791752308225,4
4.980999999999998,lift,4.979999999999998,0.36862977656707707,0.2845018541580792,0.10531066087200797,0.2394816109955156,0.00030810112242930776,0.09748953696148908,0.09748953696145589,1.6982158106738097,172.99139436973843,1,0.00023617886199433146,8,54.843976997173606,3.5838169993951823,0.08168210065208881,4,65.84026296511065,3.4668104352205305,0.06581858651327122,4
4.991000000000001,lift,4.990000000000001,0.36550725891938735,0.28613347650220805,0.10503918362373309,0.24187982731047428,0.0003189608864830031,0.10222660791338613,0.10222660791336215,1.7042036480167426,173.14544625789105,1,0.00023609928980247057,8,54.835627722395834,3.58640346784912,0.08175349715164221,4,65.84441910655951,3.470966556626667,0.0658933324138189,4
5.001000000000005,lift,5.000000000000004,0.36229863560224984,0.2878136893910432,0.10473222472899554,0.24427005371826838,0.0003286097848975807,0.10714551259990915,0.10714551259987976,1.709322193303392,173.32739185355226,1,0.00023602321024672492,8,54.82775131752958,3.58969884727733,0.08184037191512603,4,65.84787467506409,3.4742396745964883,0.06595200854508648,4
5.011000000000008,lift,5.010000000000008,0.35901590811621914,0.28954188670064235,0.104395116740688,0.24665981088221328,0.00033704356056112386,0.11227597093673448,0.11227597093670895,1.7136005651454926,173.53352015962514,1,0.00023595154080871213,8,54.82048172254773,3.593652025827901,0.08194136372277233,4,65.85062514908314,3.4766391709568127,0.06599480193023685,4
5.0210000000000115,lift,5.020000000000011,0.3556712123954746,0.2913174889256461,0.10403286660959019,0.2490570447724557,0.00034427553338217047,0.11764005447588184,0.11764005447586573,1.7170701557113304,173.7597712069982,1,0.00023588534611100156,8,54.81394757891942,3.598215924570963,0.08205520865356311,4,65.85266614096396,3.4781870355693645,0.0660221377393432,4
5.031000000000015,lift,5.0300000000000145,0.35227664420299204,0.29313999724362627,0.10365012966194291,0.25146995140944256,0.00035034153652316265,0.12325229575970714,0.1232522957596753,1.7197647319868563,174.00177453751292,1,0.00023582579952745463,8,54.80866804215806,3.6034899086487937,0.08218339446501964,4,65.85359581366664,3.4782799259075676,0.06602296888520319,4
5.041000000000018,lift,5.040000000000018,0.3488433623481707,0.2950093541689615,0.1032517154380485,0.2539088795045204,0.0003553468978638198,0.12912348469659285,0.12912348469656798,1.7217587867803343,174.25412991354827,1,0.00023577747040538362,8,54.80361389450381,3.610483761833145,0.08235049445788546,4,65.85507352178452,3.477720057182566,0.06601086050021936,4
5.0510000000000215,lift,5.050000000000021,0.34538377495571243,0.29692316618859005,0.1028422398804428,0.2563842542140086,0.00035886035102082446,0.13525693330250912,0.13525693330249558,1.723154887772153,174.50231038205044,1,0.00023572101146261324,8,54.79421372119702,3.619116127440886,0.08256154896791681,4,65.85923852737592,3.479591416685692,0.06604220407208547,4
5.061000000000025,lift,5.0600000000000245,0.34191062354247415,0.29887853826051364,0.10242531339196868,0.258903363806039,0.00036137310484047664,0.14164522400004223,0.14164522400003196,1.724022185190254,174.76402156297294,1,0.00023568342963260923,8,54.79050616580829,3.624963814574472,0.08270054586657137,4,65.85763893352933,3.4781507563155234,0.06601646393340282,4
5.071000000000028,lift,5.070000000000028,0.3384342650096318,0.30087553128353095,0.10200373703555504,0.2614736158871893,0.00036300091598134724,0.14827981212750294,0.14827981212749422,1.7243973049973003,175.0253192883388,1,0.00023565882023339826,8,54.7880984358304,3.631328131674798,0.08284938324533948,4,65.8556506359663,3.476248382167938,0.06598234829885322,4
5.0810000000000315,lift,5.080000000000031,0.3349642937055536,0.30291450395805025,0.1015799564358471,0.26410105642646176,0.0003638400518592841,0.15514768803001536,0.15514768803000936,1.7243158425105496,175.27836378440304,1,0.00023564712176572545,8,54.78710606657761,3.6380160290495915,0.08300347221818609,4,65.85326897179871,3.4738315534226794,0.06593885936988048,4
5.091000000000035,lift,5.0900000000000345,0.33150885910376154,0.3049954349644304,0.10115611855689496,0.26679015733305755,0.0003639947046777046,0.16223186680114857,0.1622318668011542,1.7238148183696895,175.39632122027697,1,0.00023564526104214665,8,54.7881266488439,3.64109097995764,0.08307208155004674,4,65.84957946558049,3.4701793147138154,0.06587322468262069,4
5.101000000000038,lift,5.100000000000038,0.3280720172410476,0.30711558076712175,0.10073469683233006,0.26954177583526256,0.0003636714120220239,0.1695079390809486,0.16950793908094666,1.7229392694659842,175.40416251179295,1,0.00023565095935389307,8,54.79091092146885,3.641185213411649,0.08307000997461321,4,65.84473098734705,3.4652720748703048,0.0657849159474925,4
5.1110000000000415,lift,5.110000000000041,0.3246564316868282,0.3092724936820851,0.10031891389632398,0.272354390299215,0.0003629741312684676,0.17694863320765467,0.1769486332076569,1.721733481146273,175.3976293065639,1,0.00023566491763278544,8,54.794932956156785,3.6413710799936014,0.08306815255406876,4,65.83947152733401,3.4596864953764648,0.06568412563009668,4
5.121000000000045,lift,5.1200000000000445,0.32126369152189505,0.3114646390958723,0.09991236170914881,0.2752274961781885,0.00036203674970139123,0.18452926149308088,0.18452926149308188,1.7202748344577268,175.37972137470783,1,0.0002356897709771616,8,54.800343815147606,3.6417245166032366,0.08306801251301207,4,65.834131430352,3.453607345677809,0.06557402806573609,4
5.131000000000048,lift,5.130000000000048,0.31789594562857865,0.3136927922634294,0.09951910219078605,0.2781605245626211,0.00036075459312498106,0.1922284325410043,0.1922284325409973,1.7186364706721362,175.1881174392004,1,0.0002357278195611844,8,54.8093739995335,3.636068532205872,0.08292533436517674,4,65.82669333172876,3.44735518524188,0.06546271373280874,4
5.1410000000000515,lift,5.140000000000051,0.3145563393086613,0.3159598942166244,0.09914334528946957,0.28115047803217347,0.00035933840190015834,0.20002614544357847,0.20002614544356737,1.7168416125605617,175.14844574631786,1,0.00023577285644084818,8,54.81733544205078,3.6375434436742444,0.08294692304771936,4,65.82130008483227,3.4401152859675905,0.06533058602484827,4
5.151000000000055,lift,5.1500000000000545,0.3112452808566859,0.3182651183034634,0.09878823353211456,0.2841956993584877,0.00035780298478997987,0.2079040203802722,0.20790402038025915,1.7149258127994649,175.097878489643,1,0.00023582144180042046,8,54.82579721228929,3.639353514878666,0.08297538977834733,4,65.81544745061417,3.432282066382087,0.0651876231062161,4
5.161000000000058,lift,5.160000000000058,0.30796268684786443,0.3206075494595852,0.09845689629841418,0.2872943959853293,0.0003561795443672003,0.2158456201539595,0.21584562015394632,1.712924303931591,175.03542341879228,1,0.00023587387295405862,8,54.8346112817246,3.6415060917034654,0.0830111221404134,4,65.8091364627111,3.42388292143473,0.06503433841923259,4
5.1710000000000615,lift,5.170000000000061,0.3047081169546471,0.32298640082392227,0.09815259016113734,0.2904444672621604,0.0003544949703195617,0.22383639701803099,0.22383639701801983,1.7108708144153264,174.9614745096294,1,0.0002359295092025479,8,54.84367202269282,3.6440397963540234,0.08305515618206186,4,65.80241086291065,3.4149495312728986,0.06487128447290914,4
5.181000000000065,lift,5.1800000000000646,0.3014808047737644,0.32540097915161964,0.09787873191919573,0.2936435652636344,0.0003527722957451989,0.23186378297497653,0.2318637829749676,1.7087975173742984,174.87652718106906,1,0.00023598761431721854,8,54.85290730426985,3.646984790397836,0.08310828380909602,4,65.79534226059094,3.4055124875506246,0.06469896596294486,4
5.191000000000068,lift,5.190000000000068,0.2982796856139195,0.32785065347237413,0.09763892744612901,0.2968891430429491,0.000351031365358292,0.2399172115670912,0.23991721156708043,1.7067349982186388,174.78116479165058,1,0.00023604737315242733,8,54.862266007405125,3.650363856276607,0.08317109650064156,4,65.78801917489182,3.3956029643460175,0.06451788271887123,4
5.201000000000072,lift,5.200000000000071,0.29510342313340177,0.33033482558798877,0.09743699628001928,0.3001784930745244,0.000349289414923696,0.247988088507367,0.24798808850735513,1.7047122323620059,174.67605123515665,1,0.00023610790364551312,8,54.87170719713791,3.654193137009228,0.08324401872263575,4,65.78053744681972,3.3852539273560223,0.06432856242039735,4
5.211000000000075,lift,5.210000000000075,0.2919504358959496,0.33285290087219416,0.09727699141365445,0.30350877872287796,0.00034756157559084623,0.2560697253702952,0.2560697253702884,1.7027565685863932,174.56192367857818,1,0.0002361682653273573,8,54.88119171221823,3.6584825102246556,0.08332732936560316,4,65.77299261498776,3.374500918755946,0.06413158320370758,4
5.221000000000078,lift,5.220000000000078,0.2888189246164246,0.33540425828717346,0.09716321382774717,0.30687706084209165,0.00034586132861377713,0.26415724701481724,0.2641572470148078,1.700893714635873,174.43958498435637,1,0.0002362274667075119,8,54.890676476871036,3.663235709839266,0.08342117334313646,4,65.7654744760217,3.3633824827052536,0.06392758718580281,4
5.231000000000082,lift,5.230000000000081,0.28570690014083716,0.3379882181492118,0.09710022051724154,0.31028031328347816,0.0003442010207857906,0.27224745678688345,0.272247456786877,1.6991477222537266,174.30994098860995,1,0.00023628477833354246,8,54.900113481911454,3.668472237525828,0.08352606226247873,4,65.7580611050868,3.3519458749164177,0.06371739484456004,4
5.241000000000085,lift,5.240000000000085,0.28261221168968087,0.3406040092175488,0.09709282900330285,0.3137154706107291,0.00034259202755870544,0.2803387866470663,0.28033878664706113,1.697540971820819,174.17378408569175,1,0.0002363389513597355,8,54.90944134924776,3.6741654035860467,0.08364147661366576,4,65.75082674931375,3.3402438556742924,0.0635019364168899,4
5.251000000000088,lift,5.250000000000088,0.27953258118233737,0.3432507378736451,0.09714611526168296,0.31717941997623916,0.0003410454919264596,0.2884310990055525,0.2884310990055552,1.6960941464639872,174.03214104064486,1,0.00023638877160859904,8,54.918596553037034,3.680297031825625,0.08376709490999598,4,65.74382930233608,3.3283124219764204,0.06328184061713445,4
5.261000000000092,lift,5.260000000000091,0.2764656323543842,0.3459273510236872,0.09726540343196803,0.32066902698973315,0.0003395727020427974,0.2965255615915178,0.29652556159151977,1.6948262083701136,173.88599361709436,1,0.00023643314629643474,8,54.92750897114391,3.6868461094400864,0.08390254215280739,4,65.73711806289998,3.316201569886247,0.06305801173686167,4
5.271000000000095,lift,5.270000000000095,0.2734089214438991,0.348632601096152,0.09745625113233729,0.3241811584186604,0.00033818556818160145,0.3046245198258432,0.3046245198258389,1.6937543675348263,173.7363468202621,1,0.00023647098484727103,8,54.93610589738656,3.693785361125647,0.08404730597453415,4,65.7307337272238,3.3039637354578937,0.06283140983122569,4
5.281000000000098,lift,5.280000000000098,0.2703599673022798,0.3513650118614933,0.09772442902491589,0.3277127016569557,0.00033689711343896906,0.312731360037055,0.3127313600370535,1.6928940447674583,173.5842208109109,1,0.00023650121829299101,8,54.944314722465435,3.7010816746939175,0.0842007424559941,4,65.72470999631281,3.2916535659347783,0.0626030446942908,4
5.291000000000102,lift,5.290000000000101,0.26731627993942164,0.35412284562708773,0.09807589491037252,0.3312605848108552,0.0003357219476093837,0.3208503743227205,0.3208503743227252,1.6922588300883001,173.43064271094525,1,0.00023652281866888404,8,54.95206543559007,3.7086966096309046,0.08436208403253535,4,65.71907515261938,3.279327719726338,0.06237397042089295,4
5.301000000000105,lift,5.300000000000105,0.26427538680209123,0.3569040724446461,0.09851676266882506,0.3348217975043037,0.0003346766993802244,0.328986628000032,0.3289866280000357,1.6918604376850122,173.27663884645798,1,0.00023653481814012593,8,54.95929273252462,3.7165870036003135,0.08453045014807971,4,65.71385344481047,3.267044695500096,0.06214528071778485,4
5.311000000000108,lift,5.310000000000108,0.2612348561607926,0.35970634185964656,0.09905326642706785,0.3383934124156771,0.000333780379197106,0.337145830316414,0.337145830316414,1.6917086591094774,173.1232274526728,1,0.00023653632739777596,8,54.96593761913667,3.72470566361908,0.0847048605226172,4,65.70906619283923,3.254864682339387,0.06191810489261853,4
5.321000000000112,lift,5.320000000000111,0.2581923170863373,0.362526957611925,0.09969172039289,0.34197260746923586,0.000333054644754582,0.3453342089031147,0.3453342089031169,1.6918113168662499,172.97141187237966,1,0.00023652655276698066,8,54.9719484823812,3.733002121595102,0.08488425061901228,4,65.70473258937126,3.242849417918225,0.06169360429074337,4
5.331000000000115,lift,5.330000000000115,0.2551455261022803,0.3653628774815964,0.10043838753950114,0.34555670460553,0.00033251487368422627,0.3535583519676285,0.35355835196763086,1.6921743259122055,172.82214908971685,1,0.00023650477530258617,8,54.97609206962605,3.7380389441145896,0.08499237585359021,4,65.7020555371352,3.236263946765252,0.06157082758499268,4
5.341000000000118,lift,5.340000000000118,0.2520981039680484,0.36821189708917534,0.10129856680627863,0.3491441628797523,0.00033152029184616813,0.36181759392149015,0.36181759392149154,1.6928329294481144,172.92208223149223,1,0.0002364558037629582,8,54.977581785810905,3.754584182276562,0.08536625430580456,4,65.69904835508542,3.2269580140354877,0.06139658973054412,4
5.351000000000122,lift,5.350000000000121,0.2490558632929071,0.37106921739070287,0.10227854837932242,0.35273534020028835,0.00033043998496093847,0.3701084104452455,0.3701084104452471,1.6938505047508388,172.77288640761793,1,0.00023640827049586845,8,54.979785806852604,3.7626937217391823,0.08554720763549713,4,65.69412040119815,3.2149358382970568,0.061172442424513036,4
5.361000000000125,lift,5.360000000000125,0.24602089551023157,0.3739330383384936,0.10338723167017258,0.35632555138405453,0.0003293280192595846,0.3784334568452538,0.3784334568452524,1.6952476794272586,172.5311541889077,1,0.00023635492654195067,8,54.97779488657933,3.7626874850468113,0.08555016377087642,4,65.6938000307553,3.204297089532869,0.06097031013643489,4
5.371000000000128,lift,5.370000000000128,0.24299806817017902,0.37680535592661374,0.10463689667063593,0.35990455484126704,0.0003287867957193327,0.38678535579978296,0.3867853557997806,1.6970425260120499,172.38731644402137,1,0.00023630146223784697,8,54.97958574868583,3.771247233451183,0.08574198909686506,4,65.6907405926057,3.193153204593693,0.06076109767883179,4
5.381000000000132,lift,5.380000000000131,0.23998315888465555,0.3796785989228556,0.10603259819993628,0.36346956329492436,0.00032848336923096115,0.39517718136174684,0.39517718136174435,1.699233864952428,172.40441921794852,1,0.00023622270342666977,8,54.977795090277716,3.787258686414913,0.08610882539477861,4,65.69094454558383,3.182079459140856,0.060550192289684,4
5.391000000000135,lift,5.390000000000135,0.23697441626833465,0.382545092623276,0.10757338675859103,0.36702094987126194,0.00032851515407480536,0.4036231444680541,0.403623144468053,1.7018302523495221,172.2378719105844,1,0.00023613746674794257,8,54.978307934526576,3.7965040240051087,0.08631822637499022,4,65.68856194032415,3.1702537300188216,0.0603273544962609,4
5.401000000000138,lift,5.400000000000138,0.23397305831335286,0.3854027568957699,0.1092546370558647,0.37055832382827597,0.00032889595856926064,0.4121356878977081,0.41213568789770627,1.7048280927775574,172.07330268643676,1,0.00023605677384731308,8,54.97842815698551,3.8059762965834016,0.08653340101220723,4,65.68690126468056,3.1586488062534572,0.060108041813502384,4
5.411000000000142,lift,5.410000000000141,0.23098000637578509,0.3882498286548986,0.11107119263486877,0.3740809539741817,0.00032959545333802014,0.42072599373072456,0.4207259937307254,1.708221154787701,171.91155411911862,1,0.0002359819651206994,8,54.978225018167336,3.815697012979859,0.08675473361769538,4,65.68598615440325,3.1473402737508804,0.05989367858375181,4
5.421000000000145,lift,5.420000000000145,0.2279957750687261,0.39108468680421077,0.11301746659776077,0.37758794761730735,0.0003305802623382203,0.4294039796521399,0.42940397965214355,1.7120009129371854,171.75263578041228,1,0.0002359143621907773,8,54.977751814474914,3.8256577184065423,0.08698195161099916,4,65.68581573064472,3.1363819775460433,0.05968529778193064,4
5.431000000000148,lift,5.430000000000148,0.2250204709872027,0.3939058750653621,0.11508748366365139,0.3810783298823812,0.00033181497721006264,0.4381782198671344,0.43817821986713773,1.7161565219600883,171.59642682640543,1,0.00023585435054633664,8,54.9770391876629,3.8357971109055478,0.0872136160746157,4,65.68637573728941,3.1258007648986608,0.059483430350157435,4
5.441000000000152,lift,5.440000000000151,0.22205380020934548,0.3967121119520843,0.1172749189730264,0.3845510169651187,0.0003332619124368891,0.44705560579783615,0.44705560579783893,1.720674851027324,171.44330805921163,1,0.0002358037136394672,8,54.97610709007906,3.8461714396361595,0.08745097741583807,4,65.68763014431141,3.1156518502991055,0.05928916607765843,4
5.451000000000155,lift,5.450000000000155,0.2190950748660826,0.39950228978293717,0.11957314544960328,0.38800493709931344,0.0003348828268932968,0.4560414951568073,0.4560414951568104,1.7255405949079157,171.29323319330166,1,0.0002357630735929779,8,54.97495589867854,3.856755116870012,0.08769345636170667,4,65.68954377295438,3.1059839283826083,0.05910346894625184,4
5.461000000000158,lift,5.460000000000158,0.21614323812577113,0.4022754802310849,0.12197527998895823,0.39143902247920626,0.00033663940705222685,0.4651395399540566,0.4651395399540603,1.7307364227645265,171.1463519321075,1,0.00023573274386575835,8,54.973581398857675,3.8675252688862365,0.08794054276784397,4,65.69207288810578,3.0968219825570253,0.058926858416994334,4
5.471000000000162,lift,5.470000000000161,0.21319689000292394,0.4050309295151145,0.12447423056228961,0.3948522300878172,0.00033849415268962326,0.47435164481500053,0.4743516448150045,1.7362431748873681,171.00285657546766,1,0.00023571283738447522,8,54.971975049384184,3.878459119832639,0.08819173579693146,4,65.6951714121824,3.0881865224249623,0.058759769859057974,4
5.481000000000165,lift,5.480000000000165,0.21025431720673005,0.40776804896768404,0.12706274315488433,0.39824356079687484,0.0003404111640552185,0.48367796677176983,0.4836779667717731,1.7420400953957766,170.86298203073576,1,0.00023570327546097058,8,54.97012655826123,3.889534284206004,0.08844654650930266,4,65.69879308130587,3.080093744446822,0.05860255569373696,4
5.491000000000168,lift,5.490000000000168,0.20731352606445647,0.41048640161258804,0.12973344779739399,0.4016120763627861,0.0003423568231528013,0.49311695248690035,0.49311695248690174,1.7481050929993793,170.72700410593632,1,0.00023570380163190485,8,54.9680256110794,3.900729085987547,0.08870450235894303,4,65.70289289562113,3.0725556824070317,0.05845548702262329,4
5.501000000000172,transfer,5.500000000000171,0.20437227756457163,0.41318568521885457,0.1324789030241866,0.40495691498547387,0.00034430033826955404,0.5026654112366501,0.5026654112366501,1.75441502248797,170.59523570648383,1,0.00023571399888806465,8,54.965662872062616,3.9120228471596272,0.08896515212290812,4,65.70742794628919,3.0655803441988354,0.05831875558088945,4
5.511000000000175,transfer,5.510000000000175,0.20142793637789425,0.4158655319790942,0.1352908074022665,0.4082774720616547,0.0003461196271003358,0.5123186012089149,0.5123186012089153,1.75425224939191,170.50671105363207,1,0.00023573314465988768,8,54.963164711894564,3.9233934987485823,0.08922779281620227,4,65.71317052584276,3.060463767936516,0.058216331358052105,4
5.521000000000178,transfer,5.520000000000178,0.19847723887837013,0.41852511151174604,0.1381585747070948,0.41157403980147794,0.0003477141435682071,0.5220703961983897,0.5220703961983921,1.7542677389159587,170.4208337043776,1,0.0002357612642092655,8,54.96010184208768,3.9348184083668674,0.08949261092329432,4,65.71894739014195,3.0558086779524953,0.05812267236668485,4
5.531000000000182,transfer,5.530000000000181,0.19551677552792557,0.4211635966698516,0.14107139222772483,0.4148474759207497,0.0003490622004778106,0.5319137171512051,0.5319137171512084,1.7544402745445207,170.33665378852052,1,0.00023579791162781368,8,54.956552832965016,3.946245462764494,0.08975830131573925,4,65.72477330300327,3.0516033956967865,0.05803754129413909,4
5.541000000000185,transfer,5.540000000000185,0.19254349229520054,0.4237800928575183,0.1440186515389556,0.41809862558673844,0.0003500606501124654,0.541839749553058,0.5418397495530598,1.7547432449433085,170.25399275171773,1,0.00023583747282367726,8,54.95231126496952,3.9576981319559525,0.09002574325019493,4,65.73048514322727,3.047831307870311,0.05796076396722657,4
5.5510000000001885,transfer,5.550000000000188,0.1895556511207671,0.4263731127114915,0.14698989726333173,0.42132792283670156,0.00035060599706585933,0.5518365283691431,0.551836528369144,1.755134490825422,170.17377350338217,1,0.0002358759647402933,8,54.947190501007384,3.969051992433306,0.09029242342155189,4,65.73599606936398,3.0443929977321935,0.057890523833391445,4
5.561000000000192,transfer,5.5600000000001915,0.1865514359518115,0.4289413839451407,0.14997498049994798,0.42453547976743167,0.00035078013222949366,0.5618901971602814,0.5618901971602801,1.7555794545067491,170.09601224596702,1,0.00023591821564733885,8,54.941621546749516,3.9802884721935934,0.0905572214683996,4,65.7415383821637,3.0412433566534727,0.05782575658205526,4
5.571000000000195,transfer,5.570000000000195,0.18352823051210246,0.43148426351147523,0.15296415219253914,0.4277214373662977,0.0003506685482258649,0.571986762255017,0.5719867622550143,1.7560580539702968,170.02084616502665,1,0.00023596612126031865,8,54.935973925048046,3.991489448160517,0.09082139541219178,4,65.7472920338896,3.0383998905744303,0.05776663563969068,4
5.5810000000001985,transfer,5.580000000000198,0.18048329873485053,0.43400133386997697,0.15594802472961922,0.43088606025811294,0.0003502951833966848,0.5821120834329937,0.5821120834329927,1.756553077310239,169.94923529885915,1,0.00023601819705367587,8,54.93032633979205,4.002676303452919,0.09108530228577355,4,65.75330131681906,3.0358561604440264,0.05771299880853822,4
5.591000000000202,transfer,5.5900000000002015,0.17741395257916706,0.43649226743410835,0.15891757498757866,0.4340296716059593,0.0003496892221356912,0.592251800383069,0.5922518003830669,1.757048039394454,169.88189776792865,1,0.0002360736411398892,8,54.924711761198964,4.013857288516948,0.09134907493844371,4,65.75957591699436,3.0335982967220327,0.057664573075851724,4
5.601000000000205,transfer,5.600000000000205,0.1743177997076143,0.4389594751503339,0.16186472141173142,0.43715220495810353,0.00034928060614677583,0.6023901304104291,0.6023901304104249,1.7575205859530787,169.6666970237187,1,0.00023614401929152333,8,54.922931798802544,4.018077562117993,0.09144808531064243,4,65.76339534317461,3.032459386759723,0.05763957614519771,4
5.6110000000002085,transfer,5.610000000000208,0.17119232259022926,0.4414081275226444,0.16478206822670793,0.4402529814554322,0.0003488177676857201,0.6125110616696744,0.6125110616696714,1.757940238836294,169.61462316048386,1,0.00023621869526263296,8,54.9182886187321,4.029749322571904,0.09172147894457046,4,65.77091902983098,3.0308799182666375,0.05760296425407928,4
5.621000000000212,transfer,5.6200000000002115,0.16803471669675893,0.44383799159682574,0.16766187263421622,0.44333324602239105,0.00034822784863797234,0.6226022872581792,0.6226022872581781,1.7582937062026305,169.57031600751114,1,0.00023629224093579075,8,54.91342604212319,4.041412693869585,0.09199509539728688,4,65.77842752150852,3.029500156749153,0.05757016910594574,4
5.631000000000215,transfer,5.630000000000215,0.16484181924819158,0.44624777732891296,0.17049619077768938,0.44639476976121106,0.00034744584819726795,0.6326522791063247,0.6326522791063242,1.7585674382199215,169.53176852845715,1,0.00023636458871783978,8,54.91248469281728,4.055589413433029,0.09231938411001077,4,65.78159847427959,3.0250398351358467,0.05748263772274073,4
5.6410000000002185,transfer,5.640000000000218,0.16160435032774778,0.4486281455455743,0.17327137181133184,0.4494471280301091,0.00034626779134634916,0.6426512109917507,0.6426512109917499,1.7587110339588625,169.57898419986734,1,0.00023642344743404767,8,54.90637320659884,4.069016806488582,0.0926353483405719,4,65.78956884617753,3.0249128581041727,0.057473261171096815,4
5.651000000000222,transfer,5.6500000000002215,0.15831818439179837,0.45097358650028035,0.17597818440110324,0.4524975508441039,0.0003451153365878823,0.6525903593565698,0.652590359356569,1.7587098387593483,169.47582179914087,1,0.00023647596863261703,8,54.90099689757032,4.077784890759189,0.09284405386953123,4,65.79619564465587,3.0239681483539536,0.057449524982520164,4
5.661000000000225,transfer,5.660000000000225,0.1549757217780824,0.4532829130278522,0.1786052550184952,0.4555494170639198,0.0003444939784929642,0.6624462426458188,0.6624462426458183,1.758498195267299,169.31419903485184,1,0.00023654630956107916,8,54.89722510395609,4.085376197299359,0.09302328554774603,4,65.80364916606172,3.02340125221632,0.0574322490190947,4
5.6710000000002285,transfer,5.670000000000228,0.1515733808954793,0.455556895597955,0.18114513358438908,0.4586043350944641,0.0003439561763601137,0.6721999171841938,0.6721999171841939,1.7580457448168518,169.26053719240383,1,0.0002365984085177869,8,54.89211492647957,4.0955251226456415,0.093263056272541,4,65.81125670882012,3.023466281978556,0.05742684521577724,4
5.681000000000232,transfer,5.6800000000002315,0.14811101999380952,0.4577934075988026,0.18359277997227638,0.46166341506801856,0.0003434971287603105,0.6818433921770113,0.6818433921770124,1.757363913557003,169.22321909349662,1,0.0002366428349996585,8,54.886123157523656,4.105714397509879,0.09350529244264626,4,65.81826340560721,3.023482200043379,0.05742103414008112,4
5.691000000000235,transfer,5.690000000000235,0.1445884280571826,0.45999046685885925,0.1859436993006384,0.46472770289896737,0.00034324999131864155,0.6913710991096973,0.6913710991096986,1.7564693385590353,169.20543374713426,1,0.0002366847500201397,8,54.87956392109795,4.116113857984606,0.09375333830782782,4,65.82497422544593,3.0234614943565816,0.057414786901424326,4
5.7010000000002385,transfer,5.700000000000238,0.1410043853230498,0.462146601219715,0.18819404976961357,0.4677983258326131,0.0003433633563011507,0.7007812173818213,0.700781217381822,1.755389091324694,169.20606961081728,1,0.00023672639632794896,8,54.87284100241213,4.126834314236325,0.09400903613808957,4,65.83164496620267,3.023451419876123,0.057408777750964854,4
5.711000000000242,transfer,5.7100000000002415,0.1373576402246428,0.46426051018964426,0.19034055825595791,0.4708767521313414,0.00034388049279002387,0.7100749016624175,0.7100749016624185,1.7541513497481762,169.22687657188436,1,0.00023676640740363735,8,54.86601203672103,4.137949381012868,0.09427396915241894,4,65.83838012574054,3.0234318328264154,0.057402533048583414,4
5.721000000000245,transfer,5.720000000000245,0.13364754117686356,0.46633086771357396,0.19238043884629458,0.47396480183806705,0.0003447482111123209,0.719255358756287,0.719255358756287,1.7527808286371647,169.26821336712305,1,0.00023680107091474925,8,54.85887914661178,4.149468882627465,0.09454870722791067,4,65.84507332825359,3.0233563528689853,0.057395265128584935,4
5.731000000000249,transfer,5.730000000000248,0.129874540811703,0.4683561844694648,0.19431129743132153,0.4770645210439394,0.0003459350084497193,0.7283267893306629,0.7283267893306642,1.7512963952289469,169.33054491666013,1,0.0002368305138579299,8,54.851341076584916,4.161365833629349,0.09483281885075374,4,65.85172505882043,3.023158626163276,0.057385714335177126,4
5.741000000000252,transfer,5.740000000000252,0.12603934303188497,0.4703350489751981,0.19613116561771157,0.48017797644962174,0.0003474629740105571,0.7372947800027854,0.7372947800027863,1.7497176477245533,169.41173082709602,1,0.00023685604614104565,8,54.8434941870555,4.173626887971515,0.09512584286060587,4,65.85839916011717,3.022827593289869,0.05737361581513445,4
5.751000000000255,transfer,5.750000000000255,0.12214275029963523,0.47226616409163713,0.19783848770688678,0.483307260558484,0.00034934961935797695,0.7461663268776706,0.7461663268776733,1.7480656021369843,169.51036307944713,1,0.00023687832886255645,8,54.83542433823999,4.186260269694775,0.09542782608630804,4,65.86516667507784,3.022357182346358,0.057358793253649384,4
5.761000000000259,transfer,5.760000000000258,0.11818563641534624,0.4741482712984538,0.19943207852967798,0.4864544930318428,0.0003515926636590212,0.7549497254525176,0.7549497254525188,1.7463627256467857,169.61130021195717,1,0.0002368971814779838,8,54.82729671697816,4.198858888202026,0.09572920651816902,4,65.87190441273474,3.021845014374698,0.057343207269382086,4
5.771000000000262,transfer,5.770000000000262,0.11416913348946453,0.4759788265076607,0.20091075720242854,0.4896215248599562,0.00035409611860952393,0.7636540050878353,0.7636540050878353,1.7446360228056248,169.67755353904664,1,0.0002369082037972641,8,54.81920056502864,4.210420499327453,0.09600697510931618,4,65.87812473060345,3.0214465820182594,0.057330232804400416,4
5.781000000000265,transfer,5.780000000000265,0.11009463528926126,0.4777545528516754,0.20227344367405756,0.49280930074746626,0.00035685622176193836,0.7722869937661072,0.772286993766106,1.7429155126163354,169.74667321618566,1,0.00023691334187369754,8,54.81083803975779,4.222037325909913,0.09628655291785997,4,65.88426873072437,3.020957400862956,0.05731560543704887,4
5.791000000000269,transfer,5.790000000000268,0.10596366571639089,0.4794722330737509,0.20351933003229417,0.49601836008621786,0.0003598699551389796,0.7808564279836083,0.780856427983608,1.7412324517902888,169.8194311165022,1,0.0002369129976955592,8,54.80222981187731,4.233782475483713,0.09656957595560561,4,65.89041238629488,3.0203884094010016,0.05729946702437922,4
5.801000000000272,transfer,5.800000000000272,0.10177787945752484,0.4811284654746795,0.2046479847161995,0.4992490448908319,0.00036310298468222814,0.789370171058694,0.7893701710586933,1.7396191074299308,169.89656173256319,1,0.00023690634994039323,8,54.79346850805575,4.245332640122624,0.09684851031785095,4,65.89641137546153,3.0199626930712364,0.057286175188361786,4
5.811000000000275,transfer,5.810000000000275,0.09753935313438823,0.4827177513117835,0.20566105572728297,0.5025018798223897,0.0003664507946219455,0.7978360661684263,0.7978360661684248,1.7381048482952468,169.9782769926675,1,0.00023688837658405562,8,54.78407294050938,4.257341012369777,0.09713911324630949,4,65.90255607251686,3.019321427441463,0.057268670734848044,4
5.821000000000279,transfer,5.820000000000278,0.09325012844812781,0.484236204526493,0.20655875159309883,0.5057769713556026,0.0003700303655478619,0.8062621315491525,0.8062621315491514,1.7367236545584446,170.06034512898017,1,0.00023686730093990812,8,54.774514792728084,4.269557967370149,0.09743486509023763,4,65.90893490466217,3.0186731620923295,0.05725083341239821,4
5.831000000000282,transfer,5.830000000000282,0.08891215640976162,0.48568077478653193,0.2073408373307062,0.5090742122973724,0.00037384937369750067,0.8146563205121429,0.8146563205121422,1.7355115612975454,170.1450259470901,1,0.00023684307635104282,8,54.76479326897946,4.282101313775735,0.0977384615683662,4,65.91565362216008,3.018034404723458,0.05723288473371122,4
5.841000000000285,transfer,5.840000000000285,0.08452735183949066,0.4870484947020137,0.208007254049012,0.5123933575198647,0.00037791484369175624,0.8230264601412939,0.8230264601412931,1.7345052989485545,170.23233658125852,1,0.00023681622688728667,8,54.75489909552324,4.295028760111434,0.09805124361151901,4,65.92278722605906,3.0174365950883244,0.05721535606385021,4
5.851000000000289,transfer,5.850000000000288,0.08009756366506557,0.48833648878010105,0.20855811149731193,0.5157340480388461,0.00038223433526304347,0.8313802134445004,0.8313802134444999,1.733742195417249,170.3223762639973,1,0.0002367872891000238,8,54.744801299570085,4.308399309532047,0.09837462204757973,4,65.93040077092769,3.0169176691076243,0.05719891040079093,4
5.861000000000292,transfer,5.860000000000292,0.07562454931519241,0.4895419808563656,0.20899368288171086,0.519095830484483,0.000386815428995519,0.8397250469434733,0.8397250469434714,1.733260088317915,170.4153437504681,1,0.00023675678409678744,8,54.73445225174723,4.322271966286476,0.09871003975719198,4,65.9385527765191,3.0165218852124216,0.05718433598770561,4
5.871000000000295,transfer,5.870000000000295,0.07110995277062392,0.49066229730842126,0.20931440077363495,0.522478174022751,0.0003916653059884227,0.8480682045045496,0.8480682045045483,1.733097253607399,170.51154014270378,1,0.00023672520691876597,8,54.72379230165003,4.336704423428817,0.09905893398989767,4,65.94729842467098,3.0162999811329447,0.05717254635870995,4
5.881000000000299,transfer,5.880000000000298,0.06655528569383605,0.4916948666900316,0.20952085396764233,0.5258804849128638,0.0003967904297064767,0.8564166865006398,0.8564166865006394,1.7332923481482765,170.61137051448787,1,0.00023669301935407778,8,54.71275394724589,4.351751877214789,0.09942270227821912,4,65.95669236147553,3.0163094757007567,0.05716458345064284,4
5.891000000000302,transfer,5.890000000000302,0.061961911135454614,0.4926372163762952,0.20961378514517254,0.5293021187488582,0.0004021963222233521,0.8647772330700852,0.864777233070085,1.7338843636787993,170.7153442872197,1,0.0002366606452148386,8,54.70126522573405,4.367465944870133,0.09980267199595484,4,65.96679085035359,3.01661509868573,0.057161623670782986,4
5.901000000000305,transfer,5.900000000000305,0.05733102945148675,0.49348696672001174,0.20959408919423864,0.5327423903698291,0.000407887420482686,0.8731563100934103,0.8731563100934094,1.734912589711836,170.82407420827388,1,0.00023662846725221057,8,54.689252218811276,4.383893655383811,0.10020007308391889,4,65.97765318080592,3.0172893228528994,0.05716498650278385,4
5.911000000000309,transfer,5.910000000000308,0.05266325547328845,0.49424274362915,0.2094619089880367,0.5362002529661117,0.00041406114465802034,0.8815602881200252,0.8815602881200244,1.7364191145320789,170.92060816099308,1,0.00023660292593296098,8,54.678939052477816,4.395884052144325,0.10049308125577837,4,65.98745965254163,3.020939572263949,0.05722563779865845,4
5.921000000000312,transfer,5.920000000000312,0.04795857693193836,0.4949040159773288,0.20921679453127304,0.5396745343932002,0.00042055931015140606,0.8899958512978303,0.8899958512978298,1.7384494978266167,171.03818007869882,1,0.00023658103929286947,8,54.66615802910456,4.41404680963396,0.10093188749618862,4,66.0002128720477,3.022446515391376,0.057243120587559454,4
5.931000000000315,transfer,5.930000000000315,0.043217045659883484,0.4954692417035494,0.20885965903853884,0.5431641114480638,0.00042750120380340064,0.8984686706672655,0.8984686706672655,1.7410453369198433,171.1632309712542,1,0.0002365673466799743,8,54.652717071886144,4.433540465736457,0.10140256292987468,4,66.01436957653696,3.0245090130569876,0.057269898820104165,4
5.941000000000319,transfer,5.940000000000318,0.03843761161498123,0.4959383970819731,0.20839051139922682,0.5466673455384977,0.0004348490165104111,0.9069842266174575,0.906984226617459,1.7442511261862115,171.29539512041458,1,0.00023655929798156996,8,54.63883708835192,4.453667010014507,0.10188876738932172,4,66.02938447406707,3.027368120094919,0.057311001461855075,4
5.951000000000322,transfer,5.950000000000322,0.03362003467653982,0.4963092913993665,0.20781156613899462,0.5501831080074586,0.00044247963469839537,0.9155471947494507,0.9155471947494528,1.7481064411363354,171.43706218651403,1,0.0002365521743317137,8,54.62396459190754,4.474664568285709,0.10239701113137036,4,66.0453817875977,3.0310682118781016,0.05736714910714788,4
5.961000000000325,transfer,5.960000000000325,0.028766087434364377,0.4965808218940258,0.2071276662366763,0.5537086795079483,0.0004497785610842968,0.9241664537104989,0.9241664537105003,1.7526747212062421,171.73323782741627,1,0.00023653366969818084,8,54.605976069635076,4.499062017231656,0.1029892316981553,4,66.06266939943217,3.0331040443548627,0.05739065783914821,4
5.971000000000329,transfer,5.970000000000328,0.023882791362605547,0.4967518709023828,0.2063478197105563,0.5572386029321957,0.00045621208890546806,0.9328640716999087,0.9328640716999096,1.7580742487916963,171.87927334865415,1,0.00023651788850169946,8,54.5839605785495,4.521019507917308,0.10353360813318266,4,66.08232112741254,3.044313737306902,0.05758563117503841,4
5.981000000000332,transfer,5.980000000000332,0.018972042160125296,0.49682929530253755,0.20548298834265957,0.5607606197473614,0.0004625665219806822,0.9416440049117654,0.9416440049117681,1.7643911808048456,172.021003793298,1,0.00023653770650771945,8,54.565408209503914,4.543933797281541,0.10409373691100927,4,66.10027752984183,3.0511545762064918,0.05769935260160231,4
5.991000000000335,transfer,5.990000000000335,0.01403137463029447,0.49681336441458995,0.20453747895722443,0.5642694641866863,0.00046939088103934194,0.950506043536453,0.9505060435364542,1.7716599500571608,172.20268468271433,1,0.00023656078009892876,8,54.546520688781,4.5681751559794135,0.10468530114971623,4,66.11966262815147,3.058005092017232,0.05781194599432285,4
6.001000000000339,transfer,6.000000000000338,0.009059762054826736,0.49669595098186514,0.20351125839325912,0.5677666070032921,0.00047654108324583067,0.9594525445857474,0.9594525445857494,1.7799121276273029,172.54790068533904,1,0.00023656417182772298,8,54.52130578922648,4.598931806840106,0.10543886789457782,4,66.14439790460914,3.0655986101904094,0.057933829381353955,4
6.011000000000342,transfer,6.010000000000342,0.0040570985903566,0.4964680899795777,0.2024043889630934,0.5712541319134302,0.0004841144203230132,0.9684851721857746,0.9684851721857767,1.7891838140339695,172.75509760195644,1,0.00023656795295463098,8,54.49931978882247,4.624140037315347,0.10605958145976103,4,66.1661386059013,3.0756996569392583,0.05810562097439935,4
6.021000000000345,transfer,6.020000000000345,-0.0009807467205410919,0.49612255339566946,0.20121524908007934,0.5747354984201594,0.0004929110493340623,0.9775998600729756,0.9775998600729787,1.799472917231739,172.8734290099126,1,0.00023657689072846866,8,54.47925966756499,4.647802046954203,0.10664154751999452,4,66.18799591949829,3.087918652471832,0.05831719576891894,4
6.031000000000349,transfer,6.030000000000348,-0.006063320509800078,0.49564770423122245,0.19993470156185308,0.5782226560979831,0.0005032485275522382,0.9867800454405204,0.9867800454405214,1.8107062469860267,173.1056322028662,1,0.00023657511604902048,8,54.456899395563596,4.674035405116041,0.10728749380231924,4,66.21470821404671,3.1029020387426347,0.05857652556423236,4
6.041000000000352,transfer,6.040000000000352,-0.011194210591878908,0.49503712710179676,0.19856172405317857,0.5817220468659907,0.0005141031252128283,0.9960238566472087,0.9960238566472102,1.8228838164135457,173.37220248914392,1,0.00023655779415342307,8,54.43278141860526,4.700407209327716,0.10794063537696388,4,66.24313398539812,3.120048550013232,0.05887494224497629,4
6.051000000000355,transfer,6.050000000000355,-0.01637506123890597,0.49428519809726357,0.1970972164611343,0.585238188539014,0.0005254567341422062,1.005335785002857,1.0053357850028584,1.8360246550001411,173.65736702070643,1,0.00023653205463026672,8,54.4069850653481,4.726478449483397,0.1085908005150082,4,66.27280983406916,3.1395287822356,0.05921600408403176,4
6.061000000000359,transfer,6.060000000000358,-0.02160719705772664,0.4933861363154563,0.19554209262889918,0.5887756504929627,0.0005372927002282583,1.014720072896384,1.0147200728963859,1.850146742678793,173.9616075213379,1,0.00023649725287204224,8,54.3793882529272,4.7520757796994655,0.10923430578137446,4,66.3036460888943,3.161533052848777,0.05960330312397266,4
6.071000000000362,transfer,6.070000000000362,-0.026891532474064565,0.4923340090671341,0.19389729391733643,0.5923388056473238,0.0005495905042645303,1.0116918438298792,1.0241802069433197,1.8652674140672572,174.28528869421382,1,0.00023645268135723352,8,54.34996610223547,4.776977202091334,0.10986614952770993,4,66.33557028816352,3.1862306523994794,0.060040010181536214,4
6.0810000000003654,transfer,6.080000000000365,-0.0322285159744648,0.49112275424077206,0.1921638060245382,0.5959318581597972,0.0005623262498173768,1.0075974877582432,1.033719098577683,1.8814033981474934,174.6287439964214,1,0.00023639761958276165,8,54.31876074935948,4.800936053369319,0.11048061450449076,4,66.3685282810473,3.2137729774198194,0.06052893330349711,4
6.091000000000369,transfer,6.0900000000003685,-0.03761807888015352,0.48974620570543215,0.1903426834879032,0.5995587334208439,0.0005754722709350641,1.003506128284988,1.0433389712246772,1.898570882493069,174.99248330802266,1,0.00023633130007073537,8,54.28586107739692,4.823688366141203,0.11107147124515375,4,66.40247087356023,3.244286017435236,0.06107238885004782,4
6.101000000000372,transfer,6.100000000000372,-0.043059582431286415,0.4881981188175354,0.18843508231913872,0.6032228196497169,0.0005889967806581832,0.9994108918765886,1.0530409212871275,1.916785626130027,175.3766596017243,1,0.00023625295747892858,8,54.25140374354039,4.844940503991076,0.11163168530381005,4,66.43732472456487,3.277871047851507,0.06167224262567894,4
6.1110000000003755,transfer,6.110000000000375,-0.048551780128972225,0.48647220580524575,0.18644230537956843,0.6069273281391225,0.0006028638476916346,0.9953048502307654,1.0628260063045045,1.936063227838302,175.7815361441594,1,0.00023616185919218653,8,54.215554141048656,4.864389782313491,0.11215392564415562,4,66.47299261452963,3.3145957372571546,0.062329744887487055,4
6.121000000000379,transfer,6.1200000000003785,-0.05409277392166711,0.4845621717988636,0.18436585686980306,0.6106753610101957,0.0006170321569937818,0.9911810537812854,1.0726956812302224,1.9564193863563513,176.2073695421109,1,0.00023605723889927105,8,54.178502525786406,4.881723186724832,0.1126305397699337,4,66.50933761729814,3.354483736270965,0.06304535303698677,4
6.131000000000382,transfer,6.130000000000382,-0.05967996589191983,0.48246175301513833,0.18220750680905698,0.6144698308555401,0.0006314537121521475,0.987032836751842,1.0826519066256968,1.9778701758359816,176.654412372422,1,0.0002359382904368062,8,54.140451054328906,4.896637837934852,0.11305405068155902,4,66.54618570365233,3.397526840610775,0.06381896281292619,4
6.1410000000003855,transfer,6.140000000000385,-0.06530999156044212,0.4801647667955674,0.17996937981957073,0.6183126800145026,0.0006460704921987326,0.9828552311866012,1.0926955639668634,2.000432268048889,177.12297778546338,1,0.0002358040820558053,8,54.101630222750174,4.908812968740826,0.11341647535688837,4,66.58329956778401,3.443635079155256,0.06464900172995934,4
6.151000000000389,transfer,6.1500000000003885,-0.07097866985676037,0.47766515635793233,0.1776540399341304,0.6222050688624547,0.0006608197953603702,0.9786449063712256,1.1028272442548515,2.024123359861282,177.61327167759805,1,0.00023565380511227194,8,54.062309979316794,4.917921071790977,0.1137095573994267,4,66.62037933029058,3.4926374380866263,0.06553245180372708,4
6.161000000000392,transfer,6.160000000000392,-0.07668096636581766,0.4749570339209717,0.17526457263109704,0.6261479835784958,0.000675631407868685,0.9743995179375998,1.1130490703920966,2.0489626248472415,178.12552359604786,1,0.00023576376326015598,8,54.0227764211921,4.923672487133475,0.11392584788556916,4,66.65708566272629,3.544306671624594,0.06646530215778922,4
6.1710000000003955,transfer,6.170000000000395,-0.08241094487044519,0.4720347374016698,0.17280468821564918,0.6301422468712885,0.0006904267634002878,0.9701180417586744,1.1233650915308562,2.0749710733183897,178.65985121851713,1,0.00023593074253226433,8,53.983344642757956,4.925808145861459,0.1140585160677487,4,66.69303135846533,3.5983337434139546,0.06744208634170178,4
6.181000000000399,transfer,6.1800000000003985,-0.0881617260824865,0.4688928952945033,0.17027883082631637,0.6341885164838892,0.0007051191686603007,0.9658011624434587,1.1337816310405648,2.1021718528977704,179.2162101594182,1,0.00023610699713168693,8,53.94435872047962,4.9241132777984635,0.11410167333978001,4,66.72778922145301,3.6543248757424593,0.06845582849325825,4
6.191000000000402,transfer,6.190000000000402,-0.09392545712306899,0.46552650013779834,0.16769228948939574,0.638287292519482,0.0007196143167784147,0.9614516744904604,1.1443076224063102,2.1305904651334715,179.79432440754283,1,0.0002362932024029686,8,53.90618925100392,4.918432017233671,0.1140507260291561,4,66.76090252033407,3.7118012861190195,0.06949803601345257,4
6.2010000000004055,transfer,6.200000000000405,-0.09969329458964982,0.46193099073766675,0.1650513075125917,0.6424389354939952,0.00073381112789985,0.957074884405829,1.154954925369372,2.1602548752956725,180.39359579132534,1,0.0002364901344510432,8,53.86922794886945,4.908682151439047,0.11390274044994143,4,66.79189779399644,3.770202234266449,0.0705587496161348,4
6.211000000000409,transfer,6.2100000000004085,-0.10545540394807416,0.4581023427609262,0.16236318574878852,0.6466436968177806,0.0007476029593557947,0.9526790014972527,1.1657386161143841,2.1911954948479067,181.01299341526607,1,0.00023669867181447344,8,53.83387924015795,4.89486899559669,0.11365679625650381,4,66.82029966398743,3.8288918375680576,0.07162665868048376,4
6.221000000000412,transfer,6.220000000000412,-0.11120097782814171,0.45403716663163807,0.1596363745856797,0.6509017629425997,0.0007608792308959193,0.9482755056025747,1.176677247371204,2.2234450201970666,181.65092646104577,1,0.00023691979028887472,8,53.800549211479904,4.877097190554657,0.11331429841412258,4,66.8456471332385,3.8871698975063946,0.07268928614301513,4
6.2310000000004155,transfer,6.230000000000415,-0.11691838522439268,0.44973300409805333,0.15688067853032606,0.6552132824260412,0.0007734867819739693,0.9438794995539663,1.1877928796215487,2.257037863239039,182.37034905224448,1,0.00023715265751389096,8,53.76842318635103,4.857487869517429,0.11292612795902318,4,66.86908025858199,3.9435985713820028,0.07371864836730502,4
6.241000000000419,transfer,6.2400000000004185,-0.12259632593956236,0.445191034519682,0.15410948666247112,0.6595777284566964,0.0007850760479249518,0.9395145630356183,1.1991124327232998,2.2920106417163417,183.04920643509396,1,0.0002373969404708997,8,53.740491217083914,4.8329810339342885,0.11241479479624435,4,66.8875824373123,3.99869889836646,0.07472797551985975,4
6.251000000000422,transfer,6.250000000000422,-0.12822161368062274,0.4404111290179993,0.15133580497771765,0.663994966098734,0.0007958150786134045,0.9352074418477669,1.210667760276813,2.3284023625219916,183.72866144327548,1,0.00023765751640073408,8,53.71576369281267,4.805175626966235,0.11181949433051579,4,66.90163388196756,4.051171947633116,0.07569269449346466,4
6.261000000000426,transfer,6.260000000000425,-0.13378024670404112,0.43539338339367073,0.14857298719149153,0.6684655626844979,0.0008056094211285582,0.9309854350883761,1.2224927571440267,2.366249719640546,184.4115839806696,1,0.00023793517642886557,8,53.69437079276892,4.774893081349804,0.11115907056109976,4,66.9111671587855,4.100105625764503,0.07659606385348629,4
6.271000000000429,transfer,6.270000000000429,-0.13925769262252263,0.43013902765124407,0.1458355966738881,0.6729904361792384,0.000814371617410235,0.9268803199136436,1.2346256644519251,2.4055886051122854,185.09162790788648,1,0.00023823083988540463,8,53.67653874959489,4.742763464529643,0.11044777604455348,4,66.91602862095216,4.144759118677015,0.0774246321115963,4
6.281000000000432,transfer,6.280000000000432,-0.14463916712768743,0.42464982204354146,0.1431383991287285,0.6775714279164758,0.0008224967161058362,0.9229268506799633,1.2471091867617612,2.446449552000543,185.7736042180476,1,0.00023854561005244468,8,53.664642285320326,4.706685960701195,0.10963191405611687,4,66.91399367577434,4.181185864122631,0.07810746367161603,4
6.291000000000436,transfer,6.290000000000435,-0.14990974464790702,0.41892070472355486,0.14048721622407137,0.682220291001124,0.0008313253699408281,0.9191337620389289,1.2599951624167505,2.4888286405893876,186.51009654094673,1,0.00023891317531931996,8,53.65798236767242,4.6695701867773325,0.10878088358738379,4,66.90585121634189,4.20877853338723,0.07863248237770024,4
6.301000000000439,transfer,6.300000000000439,-0.15505327390817136,0.412940950027656,0.1378816679796241,0.6869591079571348,0.0008410003349502942,0.9154839406452084,1.2733481262740096,2.532704579400577,187.24443923498305,1,0.00023933197886176548,8,53.65515609797281,4.634176374787155,0.10796204670258713,4,66.89309392161121,4.231432533740466,0.07907080323379641,4
6.311000000000442,transfer,6.310000000000442,-0.16005323425495183,0.4066995362162685,0.13532119385540467,0.6918118392040232,0.0008516379907341955,0.9119616371462991,1.2872394586798888,2.578052596418059,187.9666571966441,1,0.00023979684869555716,8,53.656048843680864,4.601597126065074,0.10720126680104515,4,66.87612435597292,4.24921132883394,0.07942317549339321,4
6.321000000000446,transfer,6.320000000000445,-0.16489305496506737,0.4001856516906547,0.1328054183223784,0.6968034094593032,0.0008633409484292953,0.9085551685904094,1.3017460426810095,2.624843636242934,188.6669669247515,1,0.0002403122117214328,8,53.660470146784746,4.572997359850545,0.1065262135083192,4,66.8554372905554,4.262316454586993,0.07969277869021443,4
6.331000000000449,transfer,6.330000000000449,-0.16955613322783566,0.3933890359132814,0.1303342950542543,0.7019594813746911,0.0008761388637977053,0.9052578940899756,1.316949955339049,2.673041343123649,189.32561768360932,1,0.00024088358087614672,8,53.66828443151803,4.549243671657855,0.1059574504720473,4,66.83104451228891,4.270686363966718,0.07987841569611825,4
6.341000000000452,transfer,6.340000000000452,-0.17401804886847266,0.3863040131429449,0.12790852811094952,0.707306796672753,0.0008890148173551438,0.9020596825609049,1.3329339342254571,2.7224543209756167,189.92693354867933,1,0.00024151855079863936,8,53.6761572062427,4.530915175571085,0.10551507902665501,4,66.79964161132719,4.273554936298103,0.07996964566748209,4
6.351000000000456,transfer,6.350000000000455,-0.17824256927431598,0.37893224829776606,0.12552831389789285,0.712872623609269,0.0009013933435358383,0.8989405991227192,1.3497769089480753,2.7726687762386204,190.43919953141724,1,0.00024217713158243236,8,53.681781750254714,4.517394414399658,0.10518918772610932,4,66.7611172700318,4.273141117779582,0.0800080438381485,4
6.361000000000459,transfer,6.360000000000459,-0.18218493653536927,0.3712865541724635,0.12318782550903502,0.7186847805051972,0.0009124187613754429,0.8958581253972043,1.3675533417368126,2.8232245895612396,190.84750028241024,1,0.00024288166392935571,8,53.68321866518553,4.508484614126677,0.10497890975589233,4,66.71460581389053,4.265878895187655,0.07992775425908805,4
6.371000000000462,transfer,6.370000000000462,-0.18579877109519952,0.36338654167753337,0.12087491964506948,0.7247647738489799,0.0009225245682082079,0.8927681232884672,1.3863175787274424,2.873641431737892,191.17531071465763,1,0.00024369342960314845,8,53.681549621368504,4.50479737218276,0.10489631456143682,4,66.66354936763582,4.2553900331714605,0.07979229416858409,4
6.381000000000466,transfer,6.380000000000465,-0.1890443256388817,0.35525187981192946,0.11857507495185914,0.7311329392739554,0.0009322760760802739,0.8896439649542696,1.4061267827637063,2.9234419511945617,191.39135360742563,1,0.0002444599134413917,8,53.679559272996165,4.5061638567792786,0.10493202435452306,4,66.61075405635461,4.242348412557863,0.07961080145123253,4
6.391000000000469,transfer,6.390000000000469,-0.19188938711877176,0.34690214116103285,0.11627336628994099,0.7378093834643076,0.0009421092803080415,0.8864780974776707,1.4270453851152838,2.972160650293299,191.48112512875764,1,0.0002451799864027001,8,53.67924839832595,4.515384171902131,0.10514734060720725,4,66.55889574651785,4.227254168480149,0.07938935361433835,4
6.401000000000472,transfer,6.400000000000472,-0.19430938157287517,0.3383568831025885,0.1139560786024072,0.7448077832999361,0.0009522968772685468,0.8832870930734547,1.449127047243759,3.019349606051608,191.43221914104993,1,0.0002459102181534768,8,53.68267073605365,4.527012083231661,0.10541139303337808,4,66.51006642141229,4.2109340651389155,0.07914091602424043,4
6.411000000000476,transfer,6.410000000000475,-0.1962856040806026,0.3296374440503882,0.11161130530698626,0.7521340469450961,0.0009626176015914875,0.880109984472771,1.4724090096581628,3.064633402680932,191.2091586292064,1,0.0002465712898715324,8,53.69005109100093,4.54214719065413,0.10574927519987602,4,66.46390744436772,4.19342301893041,0.07886654539609395,4
6.421000000000479,transfer,6.420000000000479,-0.19780092186800055,0.3207710964803823,0.10922843221354743,0.7597840642181527,0.000972676336627552,0.8770023925611244,1.496900293106136,3.1078348061738086,190.83281121359806,1,0.00024712672485056967,8,53.70028556908534,4.559372295688934,0.10613007564511245,4,66.42053985085644,4.175032885893143,0.07857194655576313,4
6.431000000000482,transfer,6.430000000000482,-0.19899755626249985,0.31202351716378635,0.10684349004567349,0.7677025443148393,0.0008680621960825038,0.8737803130438254,1.5222097190737094,3.1483866313244273,189.54365215675583,1,0.0002508600954724524,8,56.45001340897015,2.9118994591990313,0.06447960069785204,4,66.85248456145509,5.669180414638928,0.10600167764571738,4
6.441000000000486,transfer,6.440000000000485,-0.20110498537625174,0.3052942684158846,0.10458906086419856,0.775036018781152,0.0007067100722494738,0.8703409856096065,1.5449328843396148,3.181938029073896,189.2220915646158,1,0.0002459880589647889,8,55.88045492983507,2.9847361379381843,0.06676610233591278,4,66.60689882978961,5.155165709523091,0.0967460916228971,4
6.451000000000489,transfer,6.450000000000489,-0.20435295916318116,0.2998198987396038,0.102296184448599,0.7816562058934887,0.0006792119621352836,0.8672399467416098,1.5650971537720766,3.209725128715932,188.00244839162949,1,0.00023603189669765316,8,55.67617936647282,3.2106433057802595,0.07208296578342555,4,66.68080441596162,4.850288890264601,0.0909236348591419,4
6.461000000000492,transfer,6.460000000000492,-0.20829623210281425,0.2948535823884646,0.09985729364874647,0.7878025701167056,0.0006903839333154153,0.864118844734189,1.5833633332577484,3.2333075956582054,187.64553527195656,1,0.0002351647972295867,8,55.45229702093408,3.3645611238441955,0.07584359225403284,4,66.66510930441028,4.5937046392168925,0.08613397411232086,4
6.471000000000496,transfer,6.470000000000495,-0.21264996076641698,0.29007640372868004,0.09721075209905045,0.7936399869660363,0.0007116124773195484,0.8606148985171357,1.6000990287689945,3.253261763392978,187.65992662212517,1,0.00023591501760428642,8,55.15865274700775,3.5234514686752547,0.07984811297050748,4,66.56999578494647,4.383307116555676,0.08230635785819886,4
6.481000000000499,transfer,6.480000000000499,-0.2173647521201762,0.2854961089738667,0.09436444066118616,0.7992800664995061,0.0007320904946720066,0.8565043205907114,1.615592556442674,3.269678259591723,189.97387461411006,1,0.00023698842576040546,8,54.832731499994445,3.866478424661741,0.08814257285044547,4,66.53331440769588,4.193434855396412,0.07878449489417289,4
6.491000000000502,transfer,6.490000000000502,-0.22230498437266982,0.2810592947003607,0.09133364474193392,0.8048701861753459,0.0007442600842884585,0.8519269761892299,1.630537399674822,3.2828045528314376,190.39501799313342,1,0.00023700333997144898,8,54.50884567486201,4.260080889897693,0.09769242122894388,4,66.4553714006604,4.148616432912174,0.0780338809616326,4
6.501000000000506,transfer,6.500000000000505,-0.22715206513000938,0.27659388488473513,0.08815309704662189,0.8105286195433623,0.0007458809658242176,0.8470436954963696,1.6455655239827602,3.2933709443877732,190.50403629279876,1,0.00023620627363312317,8,54.222569437148465,4.531839990115207,0.10447310126478429,4,66.34193050389044,4.138067562520923,0.07796855493748138,4
6.511000000000509,transfer,6.510000000000509,-0.23165899237224177,0.2720286661484936,0.08485246212116887,0.8163058112053734,0.0007385732364628617,0.842000099830156,1.6610397501010996,3.3019576835788875,190.55247844894282,1,0.00023496387580782376,8,53.97617836952973,4.732867619856113,0.10960547233110245,4,66.22651930544488,4.140296194115701,0.07814649323143767,4
6.521000000000512,transfer,6.520000000000512,-0.23565498491698847,0.26735972637214167,0.08146568797009711,0.8222201340414986,0.0007238210877838138,0.8369293643800619,1.6771700993342105,3.308927825918393,190.25670115834137,1,0.00023593215878467855,8,53.901969719233875,4.709979059560887,0.10922557849217664,4,66.14371580870014,4.100424734050594,0.0774908221423064,4
6.531000000000516,transfer,6.530000000000515,-0.23907870701335052,0.2626617010787982,0.07802824578697147,0.8282448930095144,0.0007040200638705034,0.831965735917991,1.6939671370501717,3.3143888744095924,189.94943732770201,1,0.00023775763619046094,8,53.93926504132967,4.685561273226632,0.10858419348216075,4,66.15046003320711,4.0514745088796476,0.07655794281033407,4
6.541000000000519,transfer,6.540000000000519,-0.24188924838950818,0.25800655499399505,0.07457529196301682,0.8343379713456159,0.0006807423914628039,0.8272427743932105,1.7113772313930289,3.318462714908755,189.6326251764743,1,0.00023960210337479782,8,54.08578901169208,4.659722589019303,0.10769285874733149,4,66.24267139388607,3.995416031713466,0.07539354821524881,4
6.551000000000522,transfer,6.550000000000522,-0.24407269245974986,0.253446832421293,0.07113844733440716,0.8404724479940159,0.0006577783815368358,0.8228886936628785,1.7293896793900596,3.321290780871079,189.31846995538245,1,0.0002408691395545418,8,54.267307763615634,4.635173414934993,0.10676716806934353,4,66.35462437338447,3.9349129246791037,0.07412657674273261,4
6.561000000000526,transfer,6.560000000000525,-0.24564734894293908,0.24901011865275302,0.06774409684499988,0.8466335962980865,0.000637143660873623,0.8190428773351455,1.7480323128245627,3.323009749044925,189.00503704090562,1,0.00024172236556498815,8,54.47031210489348,4.618036848392605,0.10597600486251234,4,66.48024799359067,3.8760296454026046,0.07287934691850673,4
6.571000000000529,transfer,6.570000000000529,-0.24664350955774375,0.24471013996734983,0.06441570411184333,0.8527974631124754,0.0006194656807400274,0.8158294943736581,1.7672842770134995,3.3237613668458033,188.69248635422198,1,0.00024232890931647437,8,54.68262026364957,4.609537957907418,0.1053702697420761,4,66.61126746385571,3.820732672155361,0.07169831804785408,4
6.581000000000532,transfer,6.580000000000532,-0.24709618815370765,0.2405537616647722,0.06117497061006428,0.8589412840380599,0.0006043802819582182,0.8133633120784448,1.7871182125784122,3.3237153528360017,187.73503039723565,1,0.0002428803823534627,8,54.93162221225139,4.576088231739071,0.10413146488868998,4,66.74275125081458,3.76075358643835,0.070433745911704,4
6.591000000000536,transfer,6.590000000000535,-0.24707228523926233,0.23654857530405246,0.058038682547218425,0.8650380389641277,0.0005907643083340451,0.8117152453106736,1.8074581549601183,3.3229889317019197,185.92382712343255,1,0.0002424017708449171,8,55.05186838621761,4.510475737478576,0.10241422929180244,4,66.74599917594468,3.6975487004304126,0.0692466354927797,4
6.601000000000539,transfer,6.600000000000539,-0.24667221840479592,0.23269381319217403,0.055015662881684566,0.8710563562683474,0.0005778606568856203,0.8109078790614233,1.828178246044162,3.321561256491441,184.25525240109255,1,0.00024159340868907324,8,55.11552154845014,4.464374425366425,0.10125038963484062,4,66.7131063885268,3.646175742474279,0.06831820499482358,4
6.611000000000542,transfer,6.610000000000542,-0.24597901285369295,0.2289933309990851,0.0521143184542095,0.8769676331842257,0.0005639894477197889,0.8109552657041302,1.8491577121448737,3.31946397358329,182.54229386776245,1,0.00024104969256585584,8,55.1663019659924,4.423780505805708,0.10023738106763015,4,66.67435808876937,3.604867839562499,0.06758347479631947,4
6.621000000000546,transfer,6.6200000000005454,-0.24506360017567694,0.22546123906429358,0.04934239822842142,0.8827454460883107,0.0005479620754587492,0.811844558882421,1.870270535138021,3.3167108604439344,180.779450672139,1,0.00024040377533301378,8,55.17235328526102,4.383774623764932,0.0993200027443825,4,66.59782054247555,3.5669029016119347,0.0669485666452289,4
6.631000000000549,transfer,6.630000000000549,-0.24399572035099693,0.22211534703366248,0.04670431921035997,0.8883655090254885,0.0005292358165483172,0.8135356905188439,1.891384541525665,3.3132957677951507,179.01739593271097,1,0.00023975012614388654,8,55.15139191606891,4.3458695597429875,0.09849863731355742,4,66.50154241204865,3.531981228347703,0.06638908475353994,4
6.6410000000005525,transfer,6.640000000000552,-0.2428415457896561,0.21897869815947898,0.044198865170587104,0.8938074456306154,0.0005076047106128544,0.8159615704126408,1.9123705984286004,3.3092007035794517,177.18015755329458,1,0.00023908657741799851,8,55.0995559974776,4.306122605271114,0.09768959402931132,4,66.38054669107888,3.49611417357609,0.06583469005321452,4
6.651000000000556,transfer,6.6500000000005555,-0.24166745684244112,0.2160805308565327,0.04181153849439895,0.899056406521729,0.0004834340074717485,0.8190202274046035,1.9331078084851323,3.3044013068556675,175.32475715705857,1,0.00023831473165082743,8,55.00286779276634,4.266661281907309,0.09696451869525145,4,66.22356308983302,3.461109212493046,0.06533001719867465,4
6.661000000000559,transfer,6.660000000000559,-0.24054152803259923,0.21345386634956373,0.03952295290744929,0.9041018803264151,0.0004565487096159234,0.8225848641660868,1.953480543393598,3.2988372350182003,173.34500900925914,1,0.00023756170105335278,8,54.86668793304403,4.220761502883979,0.09615947448920964,4,66.03349838900711,3.4286181007564815,0.06490300726909652,4
6.6710000000005625,transfer,6.670000000000562,-0.2395292807567678,0.21113878495449434,0.037313123839675603,0.9089369144913451,0.000427581378580223,0.8265191790278297,1.973383079804133,3.2924009524496176,171.63347229754996,1,0.0002372069480617219,8,54.73877058460231,4.188509592263951,0.09564769055669459,4,65.86344813430904,3.3992728500673093,0.06451364425863904,4
6.681000000000566,transfer,6.6800000000005655,-0.23866246046113399,0.20917716670120134,0.035170420472344095,0.9135539436737914,0.0003971799343051128,0.8307120949875897,1.9927240057230384,3.285082920032713,168.11640813579763,1,0.00023725724457581465,8,54.622425219114035,4.0729041299466475,0.09320586081651624,4,65.699179597747,3.3524298700470894,0.06378370876495033,4
6.691000000000569,transfer,6.690000000000569,-0.237918803024605,0.20759476838035315,0.03309872657890615,0.9179253057856361,0.0003676439854630922,0.8350355452820801,2.011329114745854,3.2770127689897492,164.27511694561667,1,0.00023781596753109403,8,54.55133075859022,3.953694899610341,0.09059574818410253,4,65.58484458813791,3.35470938963922,0.06393834983345326,4
6.7010000000005725,final_hold,6.7,-0.23726482384777178,0.2064180051042847,0.031106135858729,0.9220107122389808,0.00034261154020907424,0.8392977058955354,2.0289359664526354,3.2683573945910904,161.79108776477395,1,0.0002385638076430663,8,54.512702707695375,3.8949845605295135,0.08931369128345547,4,65.4878469169679,3.419425064153426,0.06526831360956405,4
6.711000000000576,final_hold,6.7,-0.23665203305091773,0.20564088899112046,0.029176016739474397,0.925798457154129,0.0003293067555422543,0.8431963085448227,2.045320032426312,3.261465045015191,160.91723907674364,1,0.000239495744107698,8,54.512419550098144,3.8557783703215542,0.08841513553571968,4,65.40905433958834,3.435130272546274,0.06564707109798382,4
6.721000000000579,final_hold,6.7,-0.23605624897876049,0.20529522143558718,0.027383825540906924,0.9289372959153681,0.000261660533258336,0.8486521874241426,2.059771806851638,3.253746617721551,184.95565143605876,1,0.00024533562001008376,9,77.97793548186415,27.735442345607375,0.4446040116062381,4,85.92448379867265,68.73958703893813,1.0,4
6.7310000000005825,final_hold,6.7,-0.2355086875610887,0.2059798113245486,0.02658896120840786,0.9311395490839207,0.00020637637317423278,0.8880259832566103,2.085021468117934,3.242608627444601,154.01697445077397,1,0.0007808053751939407,8,116.5440550751818,33.122285364566665,0.3552549864426771,4,111.91458302494416,89.53166641995534,1.0,3
6.741000000000586,final_hold,6.7,-0.23465670096199842,0.20700082617217316,0.02589129748826387,0.9318025428978411,0.00021749528928219683,0.9214782868440611,2.1021282639059464,3.224899849945205,167.95751212679303,1,0.0007457878269040602,5,74.5435446800638,39.348734102371765,0.6598279950204617,1,132.26933585880772,105.81546868704615,0.9999999999999998,2
6.751000000000589,final_hold,6.7,-0.23351974339140255,0.2084603143995363,0.02637808055053605,0.9336963345349266,0.00029272486259479107,0.9209692526703267,2.1086667033105497,3.1987313527496872,147.87798213791163,1,0.0002525838040102746,3,40.62721368006057,32.50177094404847,1.0000000000000002,1,54.50811457612634,15.833422912167281,0.3630978395440149,1
6.7610000000005925,final_hold,6.7,-0.23038865362108885,0.21183099305612432,0.02565912963851873,0.9346645337640155,0.00042117178043156564,0.901286507059834,2.101663847286637,3.16635552974873,167.2432291176091,1,0.0008176997666998793,5,36.851191683327094,28.710190351302973,0.97385556069726,1,158.69032856796923,126.95226285437539,1.0,2
6.771000000000596,final_hold,6.7,-0.22553330573013966,0.218157115261131,0.02596842990581197,0.9393441637601333,0.0011233749487051033,0.870892456731553,2.107847021204587,3.1300513812867785,111.84820247925087,1,0.00017874391545232962,2,49.42619787506532,24.003803302615346,0.6070617489961951,1,41.79132248872508,28.344632948858745,0.8478025837931388,1
6.781000000000599,final_hold,6.7,-0.2176581249364503,0.22687231696797117,0.025160280641224195,0.9371599585464278,0.0013364421344011332,0.8236716198554355,2.07675377317781,3.087709453427184,148.78301292865166,1,0.0006728237757075596,3,43.92428222039789,23.45241697263788,0.6674103646976293,1,53.41000909776622,25.3645041509987,0.5936271257829538,2
6.7910000000006026,final_hold,6.7,-0.20750338855948752,0.2380036790057372,0.024945439000731536,0.9354016463972471,0.0017562248961812237,0.8052920044858421,2.0618566273383725,3.03913747222962,115.36496026897687,0,0.0003929386141275471,3,56.533742692547435,30.851993980667384,0.6821588424733475,1,56.5844132204306,31.864386635186438,0.7039126329510419,2
6.801000000000606,final_hold,6.7,-0.19439886637140352,0.2516830686809804,0.02522903481706777,0.9334131012699972,0.0020898682138549927,0.7673487122625279,2.0403258009711513,2.984301442836393,150.54892183411593,1,0.0006373524271161818,3,85.16889573560327,43.473159175426034,0.6380433666532336,1,88.31771779325258,47.29253448361073,0.6693523064409371,2
6.811000000000609,final_hold,6.7,-0.17876733413871465,0.26695972075530006,0.025987429539623196,0.9296562876700072,0.0022427135152074296,0.7108708587459087,2.0084316071719526,2.9235523009768323,200.62532409379088,1,0.0006264764983658322,10,100.23068504789926,35.69162657127583,0.44511851029227173,5,95.1544071100347,40.3508643664518,0.5300708815277317,5
6.821000000000613,final_hold,6.7,-0.16074743622121118,0.28332429925984937,0.027462080130960655,0.9242868314092233,0.0025413180870657026,0.6688131728824699,1.975138057621778,2.861367037114184,187.5083444060539,1,0.0004888311475538714,10,100.6696875333712,21.175229491006096,0.26292956213838786,5,102.4294785300019,23.061275591900007,0.28142869517227515,5
6.831000000000616,final_hold,6.7,-0.14047958159261864,0.3000561455078188,0.029675714468783657,0.9177728071088872,0.002729746194037996,0.6253459837839532,1.9383804132021456,2.79400117323617,202.75071626275374,1,0.0004427738495698327,10,98.33719868345989,12.686741552104477,0.1612657992340995,5,101.49546287808073,14.044255749405151,0.17296654637502756,5
6.841000000000619,final_hold,6.7,-0.11808434736027744,0.31675953793306644,0.032693901502780794,0.9101556524664962,0.0028945301621855486,0.5793162187818429,1.8986296301629402,2.721927733366946,205.5295315068585,1,0.0004034014646835019,10,98.29834977060572,7.891297545294007,0.10034880498642093,5,101.66086101919572,9.074825775737322,0.11158209861639626,5
6.851000000000623,final_hold,6.7,-0.09367063913842398,0.3331076823140535,0.03669968225723879,0.9015211019884978,0.0030419411422232903,0.5308517222312826,1.8568052296668291,2.6460882692448444,207.57724072627647,1,0.0003782930780271716,10,98.25162387497318,5.462354642418369,0.06949445753397045,5,101.70402754262561,6.4727759543845895,0.07955407606242236,5
6.861000000000626,final_hold,6.7,-0.06737728134014481,0.34877913572949015,0.04189545159641931,0.8919059754754233,0.00317319146940354,0.48014737682914727,1.813583459503897,2.5673095646611253,209.82346476130732,1,0.00036223278643140024,10,98.22403368510265,4.5555146650189755,0.057973523562771086,5,101.7302878595757,5.222572986970046,0.0641718053793757,5
6.871000000000629,final_hold,6.7,-0.039384025515191816,0.363455274112592,0.04848234365662866,0.8813132533645381,0.0032882788479144144,0.42749339117421636,1.7694622677479996,2.4863268333189494,212.2315431822001,1,0.00035146752125579564,10,98.21345979578832,4.430296914581971,0.056386071264999296,5,101.73870012344702,4.706416074387111,0.05782480104272601,5
6.881000000000633,final_hold,6.7,-0.00993616303302149,0.3768221362342232,0.05663508039911045,0.8697303444999652,0.0033827159013294114,0.3733833993738763,1.724829644395297,2.4038963419542436,212.5663334259822,1,0.00034342826759184805,10,98.2877855378865,4.483661322025782,0.05702210729299479,5,101.66148567666608,4.526409331771539,0.05565540998200347,5
6.891000000000636,final_hold,6.7,0.02062288223926298,0.3885789106250369,0.06647802775466043,0.857141671592587,0.0034521514074654057,0.31865788939402456,1.6799843413637576,2.3207096755311083,211.889009164346,1,0.00033647856810048064,10,98.3770432285605,4.575818084446733,0.05814133478549059,5,101.56936661891248,4.487381919287274,0.05522558213988743,5
6.901000000000639,final_hold,6.7,0.05185860988647957,0.3984670499813317,0.07804639226803681,0.8435207948806874,0.003490145476859474,0.2647771177814587,1.6350588751821626,2.237547639212799,213.90335328156294,1,0.00030769807325620516,12,97.57984275526256,5.012684149854783,0.06421259770866515,6,100.87681803193644,4.142144785048158,0.05132676746079563,6
6.911000000000643,final_hold,6.7,0.08323729084578863,0.4063616035523827,0.09108743052050809,0.8290972192647763,0.003483394036301375,0.2143885290242015,1.59101835427185,2.1577546124305758,212.9305946199804,1,0.00028275506260788804,12,98.44029616436211,4.98825617281854,0.06334113629252285,6,101.51587093494614,4.322345542864675,0.053222534356654194,6
6.921000000000646,final_hold,6.7,0.11428395066356983,0.41222687499362937,0.1053364422851827,0.8139388764361379,0.003442991072607619,0.17218355224334644,1.5478855185265483,2.083239237847209,212.1434483454553,1,0.00027795030924256114,12,98.53897660568285,5.00754879951762,0.0635224376689542,6,101.4065220179045,4.473636761174264,0.05514483526493975,6
6.931000000000649,final_hold,6.7,0.14468968442540955,0.4160873090137682,0.12057173004908459,0.7980540671888037,0.003397161091883336,0.14595764019641527,1.505387656566909,2.014232749988017,209.21366758539435,1,0.0003029931682189296,10,99.6685120412007,4.810577857183185,0.06033221725025103,5,101.99819096077115,4.08577297855798,0.05007163534068685,5
6.941000000000653,final_hold,6.7,0.17430589280619455,0.4179235794811448,0.13663367704086077,0.7813810899659505,0.0033325859437100184,0.14426536571624907,1.4631362790565858,1.9496162093742937,208.59217917040073,1,0.0003093176169211175,10,98.9015953379413,4.841502156395118,0.06119090066055016,5,100.99172893378916,4.16818964399941,0.05159073034995893,5
6.951000000000656,final_hold,6.7,0.20285630741436134,0.41776667698802455,0.15309636032282495,0.7639984625814211,0.0032403313686893355,0.16788592207981834,1.42090583494065,1.8903825415640585,208.07602428644913,1,0.00030374863676670285,10,99.0339231005017,4.898224918018032,0.061825089381837506,5,100.91395919432978,4.209463903677422,0.05214174452777226,5
6.961000000000659,final_hold,6.7,0.23013317582561285,0.4156801704917719,0.1695375005901949,0.7459765149445114,0.0031271202221515456,0.20792162052833818,1.3784467776046105,1.836885467112548,207.5770690536862,1,0.0002987952023859441,10,99.14371379510126,4.942884637665316,0.062319692904089424,5,100.80270399914015,4.22115616030396,0.05234428235600662,5
6.971000000000663,final_hold,6.7,0.2559902349966083,0.41173638881957453,0.18558008037185839,0.7273334258069424,0.0029957608291172728,0.25644978223247006,1.3352771572980675,1.7886269291749584,207.18719693687254,1,0.0003017782692323833,10,99.26364982102649,4.966867159179574,0.06254640001822033,5,100.68185234412735,4.211481289605244,0.05228699601208338,5
6.981000000000666,final_hold,6.7,0.28028039383219167,0.4060536158616829,0.20081860272717525,0.708088636017627,0.002838604535697951,0.30928930482947825,1.2908152925302117,1.7450131114274399,201.49103104255508,1,0.000306839472384524,10,99.54124575163445,4.796387774109436,0.060231160182545235,5,100.40257905418181,4.132477440610837,0.051448845731103726,5
6.991000000000669,final_hold,6.7,0.3027523136452568,0.398887490859989,0.2147699861017409,0.6882985788067533,0.002636293626886262,0.36444761837063094,1.2445237647610938,1.705814117641367,193.12741401424464,1,0.0003113147631761698,10,99.61413760028142,4.579998160025446,0.05747173883093109,5,99.86564581946948,3.980077106896794,0.04981789626249094,5
7.001000000000673,final_hold,6.7,0.3230141063786519,0.3904421138805089,0.22690652158883895,0.6679824015247058,0.0024033150459836163,0.4210240711282623,1.1959094072236387,1.6700214682478498,206.67289288088026,1,0.00030725443478466115,10,97.74024921330863,5.344769573603418,0.06835425549635872,5,99.14618519313225,4.044578691119859,0.05099261614606254,5
7.011000000000676,final_hold,6.7,0.3408755033634158,0.3807317769676876,0.2368291759014234,0.6471245508056094,0.0021740933273741107,0.47859007705797507,1.14505757117728,1.6364528729576295,205.45560899683014,1,0.00030893164651474823,10,97.88430381078778,5.367711817987438,0.06854663629680768,5,99.31744034345135,3.878689094002321,0.04881681757742345,5
7.021000000000679,final_hold,6.7,0.35648362241723025,0.3701595053246063,0.24457153789667196,0.6256766297955492,0.0019540635321701277,0.5372861384529352,1.0918982607552163,1.6045662012136477,183.479778872759,1,0.0003201502468956553,10,99.91065317674851,4.309248951851837,0.05391378214979352,5,99.5224481235334,3.4703114874441194,0.04358704434119922,5
7.031000000000683,final_hold,6.7,0.36990207333671715,0.3595852936215384,0.2502367347073395,0.6035530126704691,0.0016998450981583339,0.59772365825789,1.0357121340006656,1.5750170634018326,173.44930180017693,1,0.0003286196802914936,10,100.94797354450165,3.5135173395040464,0.04350653628964573,5,99.00289927426401,3.1949078447370307,0.04033856417535684,5
7.041000000000686,final_hold,6.7,0.38091820707153584,0.34972345995092335,0.2537233652203268,0.5807031011997016,0.0014162533886562753,0.660441543773489,0.9759920483939076,1.5483089245043222,170.78444553153332,1,0.00033146703128890224,10,101.38959014852732,3.147123012047132,0.03879987836321335,5,98.5230691064611,3.0427524143877687,0.038604567970520955,5
7.051000000000689,final_hold,6.7,0.38925400134479926,0.3410971757923195,0.254899739539271,0.5571050668832729,0.001110179953538327,0.7260028098976119,0.9126945751214082,1.524373887965929,173.0690993206861,1,0.00033608759619367364,10,101.97559904562193,2.7936060564427763,0.034243560255931546,5,97.92665460977128,2.9180426648202413,0.037247809041986234,5
7.061000000000693,final_hold,6.7,0.39438665223666874,0.3343257999016173,0.25365301259054873,0.5328954030459994,0.0007728337020278171,0.7946691423567394,0.846686022697646,1.5025415591404105,195.29621601056317,1,0.00033195483986471903,10,76.00664899091053,4.22618998042384,0.0695036229812151,5,62.60522673570026,4.631657959907274,0.0924774615756263,5
7.071000000000696,final_hold,6.7,0.3956074866734997,0.3294673077065386,0.2501268439086576,0.5085917966676271,0.000718173402477794,0.7824426270785733,0.7824426270785706,1.4813826029699413,198.18064685438017,1,0.00024016887543196782,10,58.08340604766095,5.263476283211388,0.11327409671215707,5,42.135479988341885,5.365765126262268,0.15918191532844994,5
7.081000000000699,final_hold,6.7,0.39432183074718297,0.3259087111377892,0.24531420042698773,0.4840384676979158,0.0007671775878944043,0.7220910221683275,0.7220910221683253,1.4639758294680572,195.94748916338574,1,0.00023972085450410635,10,62.5481420705034,4.778555139600157,0.09549754360037256,5,47.92608647282623,4.98415181978027,0.12999579630308045,5
7.091000000000703,final_hold,6.7,0.3916293298717124,0.32326101611811925,0.24004227389456784,0.45912462274853794,0.0007863958819497944,0.6664935418327838,0.6664935418327822,1.4504502377114894,187.08652632787823,1,0.0002344033382691387,10,65.2581382992733,4.337117724671384,0.08307618478137925,5,51.89340455793001,4.645684873839621,0.11190451159967539,5
7.101000000000706,final_hold,6.7,0.3883040140940059,0.32125119827538273,0.2349300535265981,0.4338167994612307,0.0007515359650313502,0.6167988550516604,0.616798855051659,1.4410141666210816,180.42414506460221,1,0.00022903837669077066,10,67.30682779016892,4.07089326426925,0.07560327454742748,5,54.90457477207639,4.504410657242122,0.10255089571181314,5
7.111000000000709,final_hold,6.7,0.38489960043164917,0.3195947754714895,0.23036818578064927,0.4081538309133456,0.0006824302678940388,0.5743726208626777,0.5743726208626752,1.4358602836096044,173.61926781143035,1,0.0002247300724377174,10,68.58934596599089,3.8707581897244374,0.07054226380223289,5,56.89054656464322,4.463646572241493,0.09807531395329383,5
7.121000000000713,final_hold,6.7,0.3817192222246772,0.31797621153036754,0.22649088801376438,0.3822295346661491,0.000605368498037292,0.5407663029887602,0.5407663029887586,1.4349790268833018,168.70034753028315,1,0.0002218071384210982,10,69.20141518307211,3.7389598165585474,0.0675376328408014,5,57.935183456617736,4.522296084375056,0.09757231734152923,5
7.131000000000716,final_hold,6.7,0.37889718813448436,0.3161694783186858,0.2233033758990206,0.3561591010251862,0.0005303569915224341,0.5174164950814315,0.5174164950814282,1.4382434784471074,165.6214074041851,1,0.0002200892586849312,10,69.27374921183792,3.758912145831978,0.067827138501218,5,58.21859496708625,4.5010508251691785,0.09664117683778346,5
7.141000000000719,final_hold,6.7,0.3765239684145571,0.3141083488135224,0.2207465697099399,0.33008694241391423,0.0004620725549578378,0.5048798469156219,0.5048798469156172,1.4455835776684602,165.1729427080171,1,0.0002186010805947736,10,68.97612011851295,3.992689891490369,0.0723563800890481,5,57.942569815071764,4.494211746849467,0.09695401328403914,5
7.151000000000723,final_hold,6.7,0.3745633521752285,0.3117652422164817,0.2187379667504887,0.30423110404792925,0.00040757701723425477,0.5032769568885092,0.5032769568885039,1.4567449528806125,171.43103034429512,1,0.0002177861998915792,10,68.49679607124148,4.7763459204667456,0.0871636739676665,5,57.27332258701263,4.6995696773489595,0.10256890697691597,5
7.161000000000726,final_hold,6.7,0.3729027747450565,0.30916202172697943,0.2172096398861218,0.2789106126661188,0.00037014678174024417,0.5121846007601465,0.5121846007601415,1.471379408127144,183.4036084728837,1,0.00021768928674431804,10,67.970903830133,5.582550075407235,0.10266433431131541,5,56.387131197521164,5.216476062901544,0.11563977347571783,5
7.1710000000007295,final_hold,6.7,0.37135106632467146,0.30632192702030914,0.21610144907722417,0.25434932861442183,0.00035864372795940387,0.5306708101870452,0.5306708101870372,1.4890549490351606,183.2966694162029,1,0.00021857031892076422,10,67.34430118039153,5.4434259455267,0.1010372416469526,5,55.58047223002268,5.225983184487118,0.1175319085734625,5
7.181000000000733,final_hold,6.7,0.3697786713112219,0.30328431828194474,0.21531017289701834,0.23053017451739066,0.00035751297758560095,0.556983019563647,0.5569830195636404,1.5093384575409057,183.01561628564164,1,0.00021952747273944805,10,66.78664216554172,5.312461338936508,0.09942971316346268,5,54.8781475827177,5.207713323438775,0.11861992324880319,5
7.191000000000736,final_hold,6.7,0.3681257948227405,0.3000994945722041,0.21473712220742744,0.2073690343098637,0.00036153675084500426,0.5891454647469776,0.5891454647469767,1.531817460870776,182.82954504430074,1,0.00022019485100262815,10,66.34437400990419,5.19680405768417,0.09791342776307542,5,54.335109240389954,5.173729685082413,0.11902363309404478,5
7.2010000000007395,final_hold,6.7,0.366373541165655,0.296803007954776,0.21429334461726077,0.18475502546294,0.0003685603251253696,0.6254139132315405,0.6254139132315397,1.5561049101146152,182.72258414804972,1,0.00022042456943619765,10,66.0353906441405,5.0978308553794065,0.09649808242316635,5,53.97074239246225,5.127768235871265,0.11876268531252007,5
7.211000000000743,final_hold,6.7,0.3645334485938022,0.2934084223814242,0.2138900262376207,0.1625544218941524,0.0003784514146881611,0.6643743552172231,0.6643743552172225,1.5818534898970986,182.6753782745469,1,0.00022013269247973382,10,65.85650578860192,5.0170557734599335,0.09522703401476731,5,53.77710179225264,5.074158240698701,0.11794421025841023,5
7.221000000000746,final_hold,6.7,0.362636653808825,0.2898979329640134,0.21343203066937882,0.14059362182507248,0.00039335931499094156,0.7049400109961422,0.7049400109961391,1.60876495802741,182.6701410059765,1,0.00021925504333676957,10,65.79111697232398,4.955579803354704,0.09415366449545427,5,53.73193217955094,5.017478462227723,0.11672478214307666,5
7.2310000000007495,final_hold,6.7,0.36072124175970516,0.2862250052474689,0.2128125617444843,0.11867679210702577,0.00041571003693013686,0.746318909271745,0.7463189092717419,1.6365973321224392,182.69000450210228,1,0.0002177977954953076,10,65.81508955824059,4.915812570291407,0.09336408647483004,5,53.79995792234357,4.962984128140688,0.115311059706227,5
7.241000000000753,final_hold,6.7,0.35883002384561236,0.28233255699190407,0.211931668207545,0.09663109601823215,0.0004450908579032068,0.7879707540898883,0.7879707540898836,1.6651772510079446,182.71754201458108,1,0.00021585664739170296,10,65.90285976053164,4.903724685088078,0.09301046841720013,5,53.93146091575315,4.923332206944492,0.11411085763640068,5
7.251000000000756,final_hold,6.7,0.3570119956491232,0.27817471484138745,0.21073324024116272,0.07433426794956124,0.00048124442058112085,0.8295633427121392,0.8295633427121344,1.6944101490236874,182.6715225686254,1,0.00021355053880073508,10,66.00878186320176,4.801518737176833,0.09092575642297905,5,54.09996152646116,4.905048364673364,0.11333299105661625,5
7.2610000000007595,final_hold,6.7,0.3552743823823017,0.27369196309267857,0.20917337636587052,0.05167625709864531,0.0005263647991444563,0.8709912321959957,0.8709912321959958,1.7242610471998083,182.58817614360132,1,0.00021110098871459753,10,66.12418824549766,4.662451622644693,0.0881381637029426,5,54.26702616124372,4.924062046506804,0.1134220537503734,5
7.271000000000763,final_hold,6.7,0.35359605466391414,0.2688298069713873,0.20721335061914695,0.02855378627591246,0.0005794304025511092,0.9123208106745707,0.9123208106745709,1.7547459580092755,182.53171661756738,1,0.00020864038865321438,10,66.22733055153981,4.5382211351768795,0.08565612371400655,5,54.41809885342942,4.966075094935359,0.11407222963427723,5
7.281000000000766,final_hold,6.7,0.3519427051950917,0.263541615635933,0.20482158561174937,0.00486358546542694,0.0006391114877451037,0.9536921374298216,0.9536921374298233,1.7859200811237352,182.5098368672477,1,0.00020622079045565643,10,66.31254668018205,4.434727345665701,0.08359517858388646,5,54.53863701959113,5.033212332672871,0.11535886776160317,5
7.2910000000007695,final_hold,6.7,0.3502686812288705,0.257793244448991,0.20197522116950903,-0.019487538870679125,0.0007036105550340788,0.9916023467456684,0.9952998756937289,1.8178671996111946,182.52982228069723,1,0.00020390428347870717,10,66.36773324788778,4.344269127096787,0.08182193579805302,5,54.63069151121644,5.122975157652067,0.11721833954363017,5
7.301000000000773,final_hold,6.7,0.3485197475298734,0.2515605596366111,0.1986619040277458,-0.044574225592898656,0.0007714711546473243,1.0142798186891113,1.0373646839632855,1.8506920933217212,182.60040441811952,1,0.00020181765990275925,10,66.39710026995405,4.274319485065373,0.08046886587831124,5,54.69305899854457,5.229895049246437,0.1195283081849931,5
7.311000000000776,final_hold,6.7,0.34663391162075563,0.24483401473710267,0.19488018824691758,-0.07044747701617678,0.0008403168083192801,1.0404341844678147,1.0801042451796756,1.8843429264888316,182.7146035450421,1,0.00020036465409846514,10,66.39928560378611,4.231606991926544,0.0796621332866655,5,54.727685271951465,5.3514371355103485,0.12222874740906085,5
7.3210000000007796,final_hold,6.7,0.3445364325935159,0.23764474360871424,0.19063701875761324,-0.09709802189564916,0.0009063238831569795,1.0698859365954567,1.1236262083234843,1.9179988417080238,182.8387701256257,1,0.0001991009338445112,10,66.36924864040175,4.2117901030867415,0.079324954503908,5,54.737625416370186,5.460544263652366,0.12469814460610719,5
7.331000000000783,final_hold,6.7,0.3421405413383322,0.2300772208982317,0.18593198544293124,-0.12444819646421326,0.0009671407583591751,1.0396969706022712,1.1679141020551513,1.951629599838185,182.94418285170906,1,0.0001977352371703168,10,66.30751079010403,4.217149834369904,0.07949985197980178,5,54.72919728783951,5.532044030990649,0.1263503830025074,5
7.341000000000786,final_hold,6.7,0.3393575556808765,0.22223719890540422,0.18075978602763898,-0.15238755527966166,0.0010231822819250776,1.0110116585017441,1.2129094951196908,1.9855919112110276,183.07874753217388,1,0.00019608341419061608,10,66.22729568578973,4.222827526242551,0.07970330591251659,5,54.71114692966685,5.623345298201585,0.12847805277758564,5
7.35100000000079,final_hold,6.7,0.33611838856333953,0.2142224027639299,0.17510962949434947,-0.18081122271319844,0.0010766098087730228,0.9865228610732102,1.2584982495401889,2.0200986913615235,180.4605520990769,1,0.00019456624530302872,10,66.1108134435515,4.172940158685991,0.07890048430293936,5,54.72392851104194,5.68759724200786,0.12991568306495582,5
7.361000000000793,final_hold,6.7,0.33237074808411615,0.2060867146462994,0.16899448202763948,-0.2096552646491199,0.0011288414832457837,0.9580194122107274,1.3045581912288053,2.0538386547111194,176.0571546440964,1,0.00019675752374594474,10,65.98368150338224,4.054070710132028,0.07680063118947489,5,54.7672056569628,5.791239501217093,0.13217854169634877,5
7.371000000000796,final_hold,6.7,0.32803289019204257,0.19786271430723693,0.16247575265833555,-0.23887427918222515,0.00117894112217154,0.9183264514971212,1.3510748492419753,2.0847202061524905,172.1683364302062,1,0.00019838452436530472,10,65.87521258050738,3.934150658393801,0.07465157424702422,5,54.82214055882774,5.919352326176851,0.13496719267612778,5
7.3810000000008,final_hold,6.7,0.3230220541085848,0.18957721677059744,0.15563086181151126,-0.2684032042102177,0.0012285508992348768,0.8794131219646936,1.398024060702136,2.111043659979977,164.58852501942604,1,0.00019947687809629904,10,65.74288744197,3.7499286888806544,0.07129913278053548,5,54.93451944596577,5.8866071055750195,0.13394599527181525,5
7.391000000000803,final_hold,6.7,0.3172688055617286,0.18123238097841235,0.14853810036210058,-0.29815351996322237,0.0012793981189208848,0.8416614142264236,1.4454055113566733,2.1325961819627035,155.3016250593911,1,0.00020028526363805417,10,65.60821429736832,3.528605664966736,0.06722873238428231,5,55.08874327943642,5.714675318693917,0.1296697605195483,5
7.401000000000806,final_hold,6.7,0.3107064673192633,0.1728321085757619,0.14127854806195808,-0.32799375466967273,0.0013304545995117764,0.8055693326713556,1.4931743957985728,2.14976590715919,147.51850142713616,1,0.0002008427687206355,10,65.50146151788289,3.333855126669493,0.06362176983179413,5,55.246093051494114,5.532632200601152,0.12518152630821022,5
7.41100000000081,final_hold,6.7,0.3032714112416571,0.1643942699645116,0.13393707434688315,-0.3577582694898512,0.0013815629930492655,0.7717002660550883,1.5412159207779936,2.1629116760553835,141.7992925100944,1,0.00020115136472245604,10,65.42209943752165,3.2045523451328592,0.061228399361312504,5,55.39662994687652,5.370008164391583,0.12117181517948919,5
7.421000000000813,final_hold,6.7,0.29490690745021425,0.15594944711261918,0.12659886746422194,-0.38726174804636776,0.001432299940611331,0.7406636746391994,1.5893778097003786,2.1725567815816733,138.90645506144847,1,0.00020121577876696013,10,65.37108377202296,3.203622383666521,0.06125839971612923,5,55.52789540964691,5.25553440004058,0.11830842771162212,5
7.431000000000816,final_hold,6.7,0.28556528925836544,0.14754627977974835,0.11934807656151192,-0.4162966930545415,0.0014821367241371944,0.7130706726719671,1.6374477507982848,2.1792420253816975,139.3948284580835,1,0.00020103891733098993,10,65.35226054977554,3.386876411824125,0.06478116409692729,5,55.626251815804146,5.2329828723641505,0.1175924743611206,5
7.44100000000082,final_hold,6.7,0.27521272993641016,0.13924977684288586,0.11226302214166058,-0.444644926018384,0.001530723419076753,0.6894752515641467,1.6851647119728133,2.1835494656139756,142.99290338045773,1,0.0002006539111453695,10,65.37325878891414,3.7201722930941354,0.07113329597630894,5,55.677318448163525,5.33382887716726,0.11974869268652773,5
7.451000000000823,final_hold,6.7,0.26385638978932,0.13110046982908874,0.10537613957369292,-0.47214734158787747,0.001580491520242251,0.6701234188999549,1.7321895823471267,2.18607581233115,147.3319697506842,1,0.00020065029440303556,10,65.44213007587535,3.8944910844129614,0.07438807156600771,5,55.675484658048674,5.518491005092634,0.1238985847852619,5
7.461000000000826,final_hold,6.7,0.2515184010881624,0.12311691624435897,0.09869202998915062,-0.4987286418557317,0.0016320320020427649,0.6550528665729844,1.7782595655706392,2.1874504248028126,152.61091444595596,1,0.00020126558771041986,10,65.55590060873996,4.107210891314087,0.07831504969757273,5,55.65257848466001,5.737965493954543,0.12887914743106077,5
7.47100000000083,final_hold,6.7,0.2382225963603763,0.11532849833929544,0.09221458247923651,-0.5243026799630256,0.0016838500154067316,0.6442841316660334,1.8231533781963412,2.188344884749021,158.42436961497413,1,0.00020275918817850316,10,65.77465193735407,4.338658074936902,0.08245307932357403,5,55.67349969140635,5.98084685589752,0.13428397013500282,5
7.481000000000833,final_hold,6.7,0.22465942264746197,0.10797612255534976,0.08619392659981676,-0.5482676655328987,0.0014258933554426468,0.6375682827756033,1.8656304501531786,2.1892726482324343,172.41478311731973,1,0.00019763585609395827,9,96.42433759328635,8.33685830362358,0.10807513061157968,5,83.59796943475442,10.701466535038886,0.16001385271969798,4
7.491000000000836,final_hold,6.7,0.21699177455578364,0.1029802442960084,0.08277904328400795,-0.5636094869805746,0.0007122127782650067,0.6294630937086146,1.8901031424562085,2.1870503526683036,168.81949308796982,1,0.0003819170918225776,9,104.3656311349799,4.042466393506791,0.04841711717670878,5,97.7867060125495,5.4014487500733255,0.0690463071404119,4
7.50100000000084,final_hold,6.7,0.21460280637421025,0.09999695102417615,0.08138666220956596,-0.5712059454202221,0.00032691638108202413,0.6171887557345263,1.8977477324341254,2.178537237429341,174.0126925335386,1,0.0003950430141607732,9,102.57775693096478,2.7479730511593567,0.03348646350554284,5,97.36436422104205,3.67284897949248,0.047153404236715546,4
7.511000000000843,final_hold,6.7,0.2158864540425057,0.09824465619347496,0.08146407535444561,-0.5767935053368073,0.00034887071750076034,0.6013860112148777,1.90103094338903,2.1680587860132374,176.1158965762484,1,0.0004024574827592201,9,100.44940914232691,2.356898551034356,0.029329422780561894,5,96.28354184096825,2.852105374789955,0.037027425978740786,4
7.521000000000846,final_hold,6.7,0.22064915139598942,0.09752830579197702,0.08287969261905888,-0.5821403374100201,0.0007180099676173925,0.5828111248862843,1.9039546730933723,2.1572951029665006,159.51105351385502,1,0.00035158157069203877,8,75.15670605591978,2.334344213166389,0.038824616186437476,4,64.94269282950553,2.862461435545363,0.05509591054108661,4
7.53100000000085,final_hold,6.7,0.22893045160046316,0.0979070917623223,0.0855047394659704,-0.5863247745104965,0.0010306974146087014,0.5641216253087693,1.9049901002145395,2.144288535881772,165.3876553892527,1,0.00034856881813684115,8,82.56344381978452,2.4762746068367365,0.03749048144481819,4,73.75191076215691,2.905667529651444,0.04924732626626367,4
7.541000000000853,final_hold,6.7,0.239455165059628,0.09906015599724198,0.08907577240434164,-0.5896556487158033,0.0012107998967786388,0.54604512793579,1.9049276230755248,2.130007733446767,172.99991495954805,1,0.0003562969849042558,8,89.77044525035541,2.5839429262769267,0.035979866746103394,4,82.43496347889547,2.9323554222325745,0.04446468007144959,4
7.551000000000856,final_hold,6.7,0.2509087608484018,0.10070961224310483,0.09326596484996928,-0.5924593594168285,0.0012610934293634623,0.5291561491147999,1.9045016880833856,2.115365330049898,182.34138364485875,1,0.00036430303336781704,8,97.44538563612669,2.658452719936323,0.03410182922698001,4,91.66343978008666,2.9345540824250085,0.040018055310075254,4
7.56100000000086,final_hold,6.7,0.26217903612947263,0.10265916194547525,0.09773290669004213,-0.594961553926108,0.0012108453195722652,0.5138295206303013,1.9041892420666002,2.1010879857528058,189.4395325646835,1,0.00037038361129887513,8,102.51094252126019,2.736138287655873,0.03336397827832396,4,97.7211550548321,3.0112730608551064,0.03851869458518805,4
7.571000000000863,final_hold,6.7,0.2725399920212894,0.10482370143672858,0.10217552628364449,-0.5972875348816643,0.0011031281690307574,0.5002240996257038,1.9041878585917476,2.0877722812884554,190.85458576078668,1,0.0003608021139605921,8,100.97331608203203,2.911820242708785,0.03604690273249004,4,96.0629837204178,3.3070313852016016,0.04303207199490079,4
7.581000000000866,final_hold,6.7,0.28150924538785455,0.10719191446294339,0.10633804971611793,-0.5994320121567529,0.0009763879777076744,0.4882178190224921,1.9043716804339736,2.075855264024761,177.46552428537206,1,0.0003265548968289401,8,79.87985824027992,3.710154390357585,0.05805835275767172,4,71.16297107929621,4.8067541250615955,0.0844321501084018,4
7.59100000000087,final_hold,6.7,0.2889372764463662,0.10991655216916801,0.11013482519905576,-0.6012729766369757,0.0008464465726373738,0.4779530266782673,1.9046436384309477,2.0656034065037683,173.81912241953802,1,0.0002480977651143378,8,67.79259216689086,3.865460869665175,0.07127365885621466,4,57.2327590399358,5.649043986085275,0.12337872751651488,4
7.601000000000873,final_hold,6.7,0.29484557215506396,0.1131656009215011,0.11355179760674902,-0.6027196743759965,0.0007214892544305601,0.47004033960327185,1.9052500323433286,2.0571001442298744,174.74504477805948,1,0.00025280186411619855,8,68.12840845858395,4.035995993408271,0.07405126739203441,4,57.47908752645247,5.803779845409936,0.1262150308740326,4
7.611000000000876,final_hold,6.7,0.29927342457717193,0.11694349602750143,0.1165263582734344,-0.6037940097138184,0.0006192663155666399,0.4644243991084522,1.906193598513524,2.050401839441645,175.52445058789357,1,0.0002549397467547915,8,67.88017467267322,4.175239311675154,0.07688620668348094,4,57.090634992898565,5.929828904390042,0.12983366065922294,4
7.62100000000088,final_hold,6.7,0.3023080699339172,0.12123936404392559,0.11903762617920388,-0.6045215543063864,0.0005505489796993518,0.46101316528446507,1.907476406142164,2.045531537985759,176.37739761860584,1,0.00025630918681363154,8,67.54123691006174,4.295608230650286,0.07949973281453114,4,56.57496008738431,6.03308365023467,0.1332984513138877,4
7.631000000000883,final_hold,6.7,0.3040632291041282,0.12603384008515592,0.12109181165243918,-0.6049276447253624,0.0005207354650383211,0.4597424761617212,1.9091249965678943,2.0424790311147007,177.32202357180324,1,0.00025703766963170935,8,67.17149963601183,4.394593860110448,0.08177936111155444,4,56.01397177468534,6.113517033189674,0.13642839544080912,4
7.641000000000886,final_hold,6.7,0.3046596627998744,0.13129977318792327,0.12271272016675248,-0.6050363852412757,0.0005264870981287996,0.4605758847553395,1.91118517553083,2.0412122936713577,178.37089792172523,1,0.00025723076423146175,8,66.82857290755912,4.472404016005175,0.08365441272761512,4,55.480695265780426,6.173415172715234,0.13908926211048436,4
7.65100000000089,final_hold,6.7,0.30421132371933624,0.13700387631143188,0.12393362832145109,-0.6048702794056876,0.0005577814905351967,0.46350452345673493,1.9137190836200455,2.0416846398283006,179.52951690252584,1,0.0002569861272284057,8,66.54868750955079,4.531147228170035,0.08510962796072694,4,55.02072236988894,6.216554615494689,0.1412321200933743,4
7.661000000000893,final_hold,6.7,0.3028171077837527,0.14310857575247665,0.12479124605319847,-0.6044500906852632,0.0006038826781343169,0.46854567112095974,1.9168031836691102,2.0438388226287536,180.80062593420786,1,0.0002563846377915748,8,66.34979119070921,4.574130232997075,0.08617454084839642,4,54.65599285015982,6.247608569142049,0.1428848019070378,4
7.671000000000896,final_hold,6.7,0.3005573048016687,0.14957360933384642,0.12532198817172005,-0.6037949653336784,0.0006570093558351405,0.475740136993276,1.9205271758524054,2.0476093604967702,182.17390676022188,1,0.00025548852769301396,8,66.2350924263202,4.603476389592604,0.08687759428118681,4,54.38984655570972,6.271563230004365,0.14413451285389753,4
7.6810000000009,final_hold,6.7,0.29749477703070776,0.15634919169843042,0.12555625195858688,-0.6029284151130316,0.0007114643393408638,0.48511874697822843,1.9249836263941595,2.052932993801886,183.2821454305205,1,0.00025436537028404973,8,66.19198392708938,4.5798735895993925,0.08648844840948063,4,54.218478976190504,6.292096165262177,0.1450634609287289,4
7.691000000000903,final_hold,6.7,0.29367896646366204,0.1633634706035452,0.12551102610655976,-0.6018923095949396,0.0007625528695676193,0.49663493468650444,1.930249068981534,2.059766473130253,184.4755060607347,1,0.000253099391501237,8,66.21198982414582,4.574079517267367,0.08635293111972216,4,54.12093170243445,6.309709070945216,0.14573171766602724,4
7.7010000000009065,final_hold,6.7,0.289146327185329,0.1705491984325953,0.12520330321691966,-0.6007342202799042,0.0008125136121339215,0.510240218451014,1.9364129925465707,2.0680606408724977,185.64483334702496,1,0.0002516662280745185,8,66.28683722025404,4.506877301103465,0.08498816450783954,4,54.06483567485033,6.34589387630626,0.14671953121412654,4
7.71100000000091,final_hold,6.7,0.28392906752975955,0.17785178710018973,0.12465778080241607,-0.599497065379901,0.0008589331000741519,0.5259778029470596,1.943622176623985,2.0777472182952446,186.98479568550775,1,0.00025006746547789123,8,66.38451013029116,4.464665875429785,0.08406829143325567,4,54.04463111179027,6.379359649149268,0.1475484131798792,4
7.721000000000913,final_hold,6.7,0.2780520456235321,0.18520904330134766,0.12389424303381164,-0.598226786515566,0.0009018981621255157,0.5438345100851132,1.9520001370883124,2.0887655840204182,188.45850192195383,1,0.00024831997406268093,8,66.50056940139822,4.424007863509836,0.08315733051860187,4,54.034639170279036,6.422415446867573,0.1485717205085023,4
7.7310000000009165,final_hold,6.7,0.27153940458054443,0.1925606144316954,0.12293527255528998,-0.5969697649957167,0.0009411714570108997,0.5637946724186542,1.9616771455865054,2.1010518170129067,190.06574985695653,1,0.0002464029032841097,8,66.62379553954443,4.384224083563534,0.08225709838463957,4,54.020000660446705,6.476074750924171,0.14985363457395176,4
7.74100000000092,final_hold,6.7,0.26460935381658157,0.1999099762172446,0.12187214491930337,-0.5958006809624244,0.0009431432466953981,0.5855516834301793,1.972671938928459,2.114519318160804,177.58670854154255,1,0.00024142953018497617,8,66.77670244510594,4.650362369664859,0.08705061419975979,4,53.63234463696619,6.490466481492684,0.15127220629235547,4
7.751000000000923,final_hold,6.7,0.2585405046839947,0.2076150443736539,0.12110540970793743,-0.59465920487177,0.0009111881794527472,0.6069860908249879,1.9837866330327933,2.1290558593394153,190.24237138428072,1,0.00023829896464472403,8,66.37178519365807,4.340984921726427,0.08175508819486324,4,53.44470912580161,6.253139373236982,0.14625253545954237,4
7.7610000000009265,final_hold,6.7,0.25320680018489466,0.2155986277523394,0.12058266971138322,-0.5934897157003459,0.000895896170664635,0.6282628753343095,1.995045094931785,2.1445893689156685,192.72180477758494,1,0.00023952739519762445,8,66.31665206896719,4.195256711943097,0.07907623087599787,4,53.19400317536229,6.263420795640473,0.14718343285313884,4
7.77100000000093,final_hold,6.7,0.24836288183241156,0.22374810292773056,0.12022026431088631,-0.5923824605705258,0.0008866639210172505,0.6498514558384254,2.0068611453553853,2.1610213862202827,195.45742856335738,1,0.00024009550750709813,8,66.3579130078836,4.10426322564656,0.0773129955345144,4,53.06074364326182,6.320300048627057,0.1488930331225595,4
7.781000000000933,final_hold,6.7,0.2438179929814537,0.23196711955213362,0.11995587258606628,-0.5914033441461287,0.0008787939899957623,0.6721265872046022,2.019578136530881,2.1782676050460794,198.45722474495767,1,0.00023970923642379933,8,66.47629264923336,4.056672938821243,0.07628044482388915,4,53.016755342391114,6.403885438685527,0.15098730102700925,4
7.7910000000009365,final_hold,6.7,0.23941721878618005,0.24017624712643917,0.11974664647887001,-0.5905963305890587,0.0008721920295779393,0.6953499829625566,2.03344870820384,2.1962606272951266,199.9970989058296,1,0.00023872195187406636,8,66.60458325952021,3.9586136979249686,0.07429319245382297,4,53.07494890485163,6.47690498288152,0.1525414794673844,4
7.80100000000094,final_hold,6.7,0.2349064140095558,0.24827660874254692,0.11953860811986536,-0.5899834951752938,0.0008689482956381779,0.7199248656559452,2.0487824566633477,2.2149979207304145,201.81483166258204,1,0.00023725299950835816,8,66.80103683406087,3.8453169932197997,0.07195466521672177,4,53.22304859922163,6.609361737552266,0.15522790199697725,4
7.811000000000943,final_hold,6.7,0.23008433587845029,0.25617986371825074,0.11930076988135857,-0.5896097641212646,0.0008657015838258377,0.7461181898163584,2.0658443349045132,2.2345459117698363,202.23875418238597,1,0.00023703855025821943,8,66.97216420824971,3.8004773452793437,0.07093389825102882,4,53.37887233956664,6.684888300754217,0.15654340396675773,4
7.8210000000009465,final_hold,6.7,0.22493631536538178,0.263857149960942,0.1190410210438739,-0.5894597357915504,0.0008613376881768174,0.7737209744871509,2.0845075935300423,2.2550273687361893,202.33697597080103,1,0.00023867750050766528,8,67.10608148542637,3.736505595464874,0.06960072605856785,4,53.50515928680558,6.753578150050051,0.15777866658261425,4
7.83100000000095,final_hold,6.7,0.21947329685098096,0.2712686203832935,0.11878064058618494,-0.589526348595144,0.000854042923014607,0.8025898641826411,2.104707035420485,2.2765220187537336,202.42869194719597,1,0.00024057526416177598,8,67.1995680491126,3.669055728078404,0.0682492431609993,4,53.586584386079714,6.817128987430954,0.15902135454078906,4
7.841000000000953,final_hold,6.7,0.21371867199351838,0.27837534478994597,0.11855050122909337,-0.5897970080493635,0.0008433807257659092,0.8325939028454522,2.1263725718485795,2.2990963779826226,202.49441600196218,1,0.00024266421354127545,8,67.25277182749159,3.6123171115656474,0.06714067341401764,4,53.625515179489824,6.866206377009311,0.16004989308791367,4
7.8510000000009565,final_hold,6.7,0.20770630420560193,0.2851295424388965,0.11837853614648117,-0.5902421100643505,0.0008274839222390342,0.8635148844386612,2.1493353818873073,2.322821649055849,202.49769362833632,1,0.00024482601554363405,8,67.26795918244866,3.5817149230499723,0.06655685274573674,4,53.63162445202041,6.876726596044941,0.16027685778464892,4
7.86100000000096,final_hold,6.7,0.2018120494171885,0.29165011116868683,0.11832625526285251,-0.5908461703229775,0.000789346320707454,0.8943390994164817,2.1728559756370824,2.3475286664038655,202.35297279316322,1,0.0002486587122826323,8,67.13765286644255,3.584604649307867,0.06673983406224278,4,53.41949833491849,6.767923011145973,0.15836733828708602,4
7.871000000000963,final_hold,6.7,0.19657723845817285,0.298179695969119,0.11845844746095598,-0.5914443201550699,0.0007512576050528331,0.924054084773612,2.1959692726475937,2.372861355865496,202.3965979137631,1,0.00024972420843550014,8,66.96328025723916,3.4522863910897037,0.06444364691043658,4,53.24034005930767,6.745719090457223,0.15837894449356338,4
7.881000000000967,final_hold,6.7,0.19189936853266984,0.30464925588820907,0.1187552204435298,-0.5920030833558984,0.0007146811129746991,0.9349771101388766,2.218786128782351,2.3988576962410937,202.3627051058667,1,0.0002502711209790295,8,66.83020948850537,3.40534807092989,0.06369402581918439,4,53.13368172950436,6.686419694521389,0.15730181583691472,4
7.89100000000097,final_hold,6.7,0.18768521836599728,0.31097497677398256,0.11919359485391462,-0.5925279749125554,0.0006776623654254575,0.9249307927070196,2.2413159629591126,2.425554402022185,202.3456761350973,1,0.00025043985801138046,8,66.74164105878673,3.3785087250169417,0.06327587753725436,4,53.10210064756184,6.642311979548457,0.15635709083416072,4
7.901000000000973,final_hold,6.7,0.18369036318121368,0.3169767514654015,0.11975385076139362,-0.5930191160495211,0.000635600027371329,0.9158983949482866,2.2637989654154036,2.4531342103847056,202.35951314557786,1,0.00024983509504048325,8,66.73966628510352,3.371984432166954,0.06315555313391621,4,53.20610252938631,6.629847490317205,0.155758624836678,4
7.911000000000977,final_hold,6.7,0.1796798199634733,0.32248684432562336,0.1204401872759891,-0.5935253908904332,0.0005935455427431091,0.9079340106802263,2.2864130687283413,2.48176771637636,202.38183845532137,1,0.0002499953705072336,8,66.76916616091907,3.3908381745846343,0.0634806148097694,4,53.334080163189114,6.633084355316049,0.15546073765171464,4
7.92100000000098,final_hold,6.7,0.17563051346364147,0.3275011781864237,0.12128459396847455,-0.5940054740345618,0.000554573672108447,0.9009794391558533,2.3089948587834632,2.511396683825749,202.405428897874,1,0.000249992065755207,8,66.7981353778829,3.410313972806853,0.06381753685028796,4,53.470088879146076,6.631957190085476,0.15503895096086168,4
7.931000000000983,final_hold,6.7,0.17187320199133327,0.33232114193304274,0.12232252760308047,-0.5943560770122583,0.0005286015103720742,0.8950080318598322,2.330610668079035,2.541468472044042,202.39150985298798,1,0.00025059469701334844,8,66.71938883319368,3.443357584808486,0.06451193657920948,4,53.44482108968394,6.593936241482927,0.15422299361845243,4
7.941000000000987,final_hold,6.7,0.16863210698799938,0.33719097530558567,0.12357442712363792,-0.5943670233104572,0.0005114615873192435,0.8894374243019423,2.350755121906178,2.571521329721156,202.3825243025579,1,0.0002489889948919151,8,66.63190185156773,3.4454800273761017,0.06463645663025291,4,53.46935141504195,6.543016309149433,0.15296184019423034,4
7.95100000000099,final_hold,6.7,0.16573637276406755,0.342022547765903,0.12506076341609923,-0.5940355005113718,0.0004932398280086747,0.8840399028748245,2.3697419289075303,2.6016221669795843,202.3899881596618,1,0.0002467737253060246,8,66.58485551263988,3.452215667170168,0.0648085747237754,4,53.57051360595597,6.514029838078536,0.1519966255595668,4
7.961000000000993,final_hold,6.7,0.16280879077689916,0.3465215185995999,0.1268230357218286,-0.5934599265383408,0.00046711110807383626,0.8788390876067999,2.3883665629198365,2.632196503883688,202.4177773269494,1,0.00024487873773873026,8,66.6124708780144,3.5197241051101296,0.0660485202454752,4,53.73467537394585,6.54328736660463,0.15221287095039496,4
7.971000000000997,final_hold,6.7,0.1597761559644274,0.350680913349449,0.12890068128238644,-0.5926986048365435,0.0004584344034049567,0.8739784088425276,2.406594334240503,2.6631979758242044,202.43275544741613,1,0.00024412230256385726,8,66.6130429887492,3.631151709354158,0.0681389024287528,4,53.82986291743597,6.580267641134904,0.15280244283799527,4
7.981000000001,final_hold,6.7,0.1570059133776479,0.35496602525687054,0.13129824805587084,-0.5915678969507334,0.0004739316330969927,0.869047395458643,2.423449817188682,2.6938091367209402,200.42286502858366,1,0.000242253343054673,8,66.54192259685459,3.7053761724059937,0.0696060473570752,4,53.86003230750264,6.506023646142387,0.15099377421920207,4
7.991000000001003,final_hold,6.7,0.15446339979818025,0.3594163644880889,0.13402833356808755,-0.5899806708676122,0.0004874546460265739,0.8636970963687086,2.439221229179511,2.723979511146619,200.1483283870236,1,0.00023953419847798707,8,66.49017711790286,3.7278370448355935,0.07008247696169567,4,53.94772423624923,6.487315159011114,0.15031484763383393,4
8.001000000001005,final_hold,6.7,0.15177552033368896,0.363656548595511,0.13714164283347366,-0.5880710982592652,0.00048713163830367974,0.8581787813450238,2.454964325644948,2.7543404767790114,198.33122736372755,1,0.00023741253168786634,8,66.51800377247562,3.83117783168563,0.07199512940868888,4,54.08188307907972,6.4800277532804476,0.14977353284382702,4
8.011000000001,final_hold,6.7,0.1490073207109239,0.3678162701388927,0.14061537991599424,-0.5859060898414865,0.0005100280341802078,0.8526941770827862,2.4703103811758638,2.7846619312960232,194.349784437578,1,0.00023661512611875975,8,66.50427053687874,3.9989989503001278,0.07516432625335231,4,54.09237597687447,6.250458626952718,0.14443945459210622,4
8.021000000000994,final_hold,6.7,0.14635927000725082,0.3721845153578891,0.1443934248635258,-0.5833125704512543,0.000532452383157165,0.8467939477374429,2.4847787215350072,2.8144546762885683,194.1505867751676,1,0.00023759327333694216,8,66.45911270013364,4.012204545272823,0.07546377731854587,4,54.16790459263153,6.2938477340217265,0.14523932071386325,4
8.031000000000988,final_hold,6.7,0.14351005589232046,0.3763714034811546,0.14853791371059816,-0.5804053728271836,0.0005441196923588775,0.8408002861817526,2.4994211193779474,2.8444053379815086,192.3294073262102,1,0.00023722213798391787,8,66.47891625783609,4.122767744025676,0.07752021197283943,4,54.25062841942617,6.192684358820229,0.14268692684402942,4
8.041000000000983,final_hold,6.7,0.14059975038585124,0.3805939105483075,0.15297741039950552,-0.5772320548532169,0.0005720316226430354,0.8348090554803592,2.5135450026292943,2.8740838488309524,188.88417284263215,1,0.0002375495081868667,8,66.46583108869467,4.331034450723454,0.0814522736679533,4,54.21075547506334,5.833514649751868,0.13451008472929452,4
8.051000000000977,final_hold,6.7,0.13767522727070006,0.38492710193418916,0.15766795411817192,-0.5736822126108055,0.0005886179952450658,0.8285422451578022,2.5270873935417235,2.903331894245425,188.79311319484725,1,0.00023881590053973815,8,66.4405167513598,4.345228798978268,0.08175035752730914,4,54.27896566086118,5.869088894564933,0.13516029697478518,4
8.061000000000972,final_hold,6.7,0.13461164264910705,0.3891971205324209,0.16261624158940505,-0.5698795713566036,0.0006048345762195637,0.8223306683939713,2.5403779854287922,2.932418763874851,187.3267372464178,1,0.0002396953875638853,8,66.44137572547143,4.465752990813718,0.08401679190964012,4,54.301290006046884,5.7214579356402275,0.1317063078750776,4
8.071000000000966,final_hold,6.7,0.1314458692366781,0.39346849932357436,0.167782518542743,-0.5658310091290055,0.0006220888895135505,0.8161611691553965,2.553232942442264,2.961202021931652,186.11146468423604,1,0.00024052346526212483,8,66.43611819616626,4.588361120608079,0.0863303208628927,4,54.30859162897555,5.575490124026592,0.12832891529661467,4
8.08100000000096,final_hold,6.7,0.12821373891659904,0.3978059668318426,0.17313068108567894,-0.5615422138253588,0.0006401639174534712,0.8099993131002684,2.565496065646614,2.9895433452850155,185.13498486964295,1,0.0002413269374042546,8,66.4258397936004,4.708576945064008,0.0886058979399919,4,54.30362954555482,5.43422705546414,0.1250889466537733,4
8.091000000000955,final_hold,6.7,0.12494917434581061,0.4022715602448259,0.1786295119672696,-0.5570243260389138,0.0006591405625566861,0.8038086469156297,2.5770379527437104,3.0173144558054164,184.14149651974415,1,0.00024211779823704854,8,66.40840617629992,4.815362262663521,0.0906391701729706,4,54.293435440077516,5.300514707760391,0.12203396839776454,4
8.10100000000095,final_hold,6.7,0.12167324104119417,0.4069035252449433,0.18425560223915965,-0.5522926729900606,0.0006771292933609066,0.7975654216336427,2.5878002736610664,3.044432295548446,180.5327435250952,1,0.0002429079448337794,8,66.35700669175235,4.82113561743439,0.09081813394307346,4,54.31614048192843,5.169014423481844,0.1189566852877192,4
8.111000000000944,final_hold,6.7,0.11838323395912223,0.411693293003051,0.189996030295276,-0.5473737597523083,0.0006936740864134511,0.7912871569603602,2.5978087685432762,3.070894796204476,177.32288253903462,1,0.00024360044073091038,8,66.31485429541243,4.841263953188964,0.0912552701168318,4,54.338696999112706,5.051724763946574,0.11620918983457275,4
8.121000000000938,final_hold,6.7,0.11507423247338791,0.41662560184885333,0.19583997648138524,-0.5422977386598038,0.0007088791562739657,0.7849983492552711,2.6070915926512965,3.0967127649878785,174.65003801919133,1,0.00024417492092963024,8,66.28102996971141,4.8711941983479345,0.09186629644586722,4,54.3619259681487,4.955430020874855,0.11394532875312174,4
8.131000000000933,final_hold,6.7,0.11174107822173672,0.42168302710699784,0.2017771678214575,-0.5370957726330025,0.0007225274936168625,0.778726663187738,2.6156834859139075,3.121902281819112,172.56519769578594,1,0.0002446371367767036,8,66.25401964847944,4.9029462601496085,0.09250280749309474,4,54.38664365955716,4.8824607900247905,0.11221644832018453,4
8.141000000000927,final_hold,6.7,0.10837878614288261,0.4268476224709936,0.2077904044257988,-0.5318135671531907,0.0007347766187470878,0.7725257218307745,2.623617695479849,3.146472423544047,171.25853531520752,1,0.0002449876658156167,8,66.22634136346755,4.887589788161625,0.09225161936202335,4,54.41714714333254,4.866398831299797,0.1117845910426428,4
8.151000000000922,final_hold,6.7,0.10498420742927761,0.4321056704940415,0.2138507609810239,-0.5265172197860112,0.0007438474777738402,0.7664823364538753,2.6309248596737596,3.17041492277324,170.0918426820591,1,0.0002452462401658851,8,66.20291535892251,4.888680322532434,0.09230485349527663,4,54.44602382354525,4.8358280408384156,0.1110234435234175,4
8.161000000000916,final_hold,6.7,0.1015555572631364,0.4374465405500474,0.21992177297296317,-0.5212867671605216,0.0007501918009414232,0.760685754788361,2.6376033660970535,3.1937106488785716,169.0745330648693,1,0.0002454304951044201,8,66.1806576868856,4.887987319843992,0.09232280795262857,4,54.47423105071809,4.807809515688835,0.11032302390860131,4
8.17100000000091,final_hold,6.7,0.09809182261733329,0.4428613500315538,0.22597268452670202,-0.5161958566020077,0.0007543020459897865,0.7552064676502613,2.6436588318520653,3.216352427001072,168.18486718044227,1,0.0002455508161338298,8,66.15885379669504,4.885310576279182,0.09230266048916999,4,54.501174778549064,4.782049597868028,0.10967767248363468,4
8.181000000000905,final_hold,6.7,0.09459306519408095,0.4483434355972379,0.23197075371547504,-0.5113183447415814,0.0007555136237670102,0.7501029737974632,2.6490890638981046,3.2383338477957144,167.39531462693836,1,0.00024561645706312556,8,66.13909835132829,4.901321700820833,0.0926328341139685,4,54.52386564713026,4.742957412716953,0.10873581129162352,4
8.1910000000009,final_hold,6.7,0.09054515168450088,0.4539139197036995,0.23786127601589385,-0.5059027747870173,0.0007973308577208125,0.7433557087514835,2.65210850968827,3.2562762300268204,168.2290446849686,1,0.0002487896430224287,8,66.04946244028099,4.798425282111849,0.09081120997862727,4,54.99143362231831,4.564340565165365,0.10375117233061469,4
