time_s,force_command_N,ground_bottom_slip_m,ground_bottom_vt_m_s,ground_bottom_Fn_N,ground_bottom_Ft_N,ground_bottom_rho,ground_bottom_contacts,ground_bottom_gap_m,bottom_middle_slip_m,bottom_middle_vt_m_s,bottom_middle_Fn_N,bottom_middle_Ft_N,bottom_middle_rho,bottom_middle_contacts,bottom_middle_gap_m,middle_top_slip_m,middle_top_vt_m_s,middle_top_Fn_N,middle_top_Ft_N,middle_top_rho,middle_top_contacts,middle_top_gap_m,box_0_vz_m_s,box_1_vz_m_s,box_2_vz_m_s,solver_iterations
0.005,0.0,0.0,1.885259855045315e-15,29.726051122353645,1.5945065337650216e-11,1.0728007747830126e-12,4,-4.208814877317002e-06,0.0,4.909431391090568e-15,19.91899149068325,4.8612488745282005e-11,4.881019078503008e-12,4,-3.2968421498288936e-06,0.0,-8.87000009687737e-15,9.92937183139912,6.120050168400943e-11,1.2327164844502723e-11,4,-4.56944623158928e-06,0.00024243859335584884,-0.0001575132206115605,0.0005064269709419446,2
0.01,0.0,0.0,-1.6092349984940688e-05,0.0,0.0,nan,0,2.953162333875492e-06,0.0,6.879469886908174e-05,0.0,0.0,nan,0,7.864965531838297e-06,0.0,-7.530130117735227e-05,21.174441840929425,6.9019427865868375,0.651912606569457,6,7.686410090926299e-06,3.080308902131417e-05,-0.002208682099864048,0.017145442227204155,4
0.015,0.0,0.0,-3.915452869635929e-05,0.0,0.0,nan,0,2.100718378761704e-05,0.0,5.8054525605942894e-05,16.55007955017139,8.276209216610114,1.0001413215593162,3,-7.3290695080038826e-06,0.0,1.1641834610128834e-05,0.0,0.0,nan,0,9.658867364954055e-05,0.016775378154935593,-0.013478485434888627,0.031094194038777265,3
0.02,0.0,0.0,-8.41692284269861e-05,12.109527551062362,6.054420823959933,0.9999433583895322,2,1.539135753111931e-06,0.0,9.970926364641849e-05,0.0,0.0,nan,0,3.9386060581368676e-05,0.0,3.4207889431212864e-05,0.0,0.0,nan,0,0.00010583711808174329,0.0035895230790428307,0.0007947533537087313,-0.011263828646833923,4
0.025,0.0,0.0,-0.00018905731455819564,72.31321193887675,14.417445049731148,0.3987499562851003,2,-7.734650825010764e-06,0.0,9.845390693438649e-05,78.36692044230597,39.08036700078871,0.997368960786454,3,1.3666329299014124e-05,0.0,0.0001918178993162429,49.88585381071884,24.85354753725349,0.9964166447488275,2,2.618724640232606e-05,-0.011810106463775153,-0.0038652977394175517,-0.014837832952045205,6
0.03,0.0,0.0,-0.00014884878218519575,0.0,0.0,nan,0,3.739873362965454e-05,0.0,-3.1814964965137734e-05,26.438046370834073,13.230848734516384,1.000894585699221,1,9.493394703053576e-05,0.0,0.00033057027605301007,9.426946922949211,4.696104464972948,0.9963150325033922,1,1.1633630839481823e-05,-0.03254309668652138,0.08805452926982484,0.050793336472576056,4
0.035,0.0,0.0,-0.00015188127146364893,0.0,0.0,nan,0,0.0001900784538644909,0.0,-0.0001216469980926899,5.509063756571796,2.7409857533948196,0.9950822406529898,1,9.682327742494695e-05,0.0,0.0005137492058381466,0.0,0.0,nan,0,0.00012833873145899621,0.026867502043073727,0.005460910901469739,0.03804470117290474,3
0.04,0.0,0.0,-0.00014830089771714116,0.0,0.0,nan,0,0.00017171263222784047,0.0,-0.00012880774558570547,0.0,0.0,nan,0,2.5421985420950866e-05,0.0,0.0005173295795846545,0.0,0.0,nan,0,0.00027344185096422197,-0.025811533928310877,-0.039960053127145664,-0.01100529882709526,0
0.045,0.0,0.0,-0.00011258824341230291,219.11509192753078,73.56939789993343,0.6715137442405426,4,1.483630299115024e-06,0.0,6.335223742613818e-06,84.93466381887576,42.47785898137098,1.0002478863507496,2,-7.132877108788349e-06,0.0,0.0002610991090638718,0.0,0.0,nan,0,0.0003785407675586244,0.029448932368213023,0.0003795606119400161,0.009416701276568192,6
0.05,0.0,0.0,0.0005970925155009319,0.0,0.0,nan,0,0.00015971096790725128,0.0,-0.001099474636013206,0.0,0.0,nan,0,0.00017620925139583826,0.0,0.0003389021025092557,53.463981466048935,26.455082209602217,0.9896413055732449,1,0.00035415257668728467,-0.033600209925988736,0.04601727312943311,0.12056752485424058,3
0.055,0.0,0.0,0.0006009232001241198,0.0,0.0,nan,0,8.499802155464628e-05,0.0,-0.0010754720315513352,0.0,0.0,nan,0,0.00028750042464154024,0.0,0.00028323552433913836,0.0,0.0,nan,0,0.0008441451128195013,-0.00227339331591704,-0.014756854621382733,0.08324165260505635,0
0.06,0.0,0.0,0.0009066787591277883,0.0,0.0,nan,0,0.00013695089588419695,0.0,-0.0017387385627820147,14.4682257990537,6.764466704547179,0.9350789514205138,1,0.0002573066175887359,0.0,0.0006862135998877048,0.0,0.0,nan,0,0.0011627939566310683,-0.010186808017574702,-0.029078122301897047,0.07819644251092912,4
0.065,0.0,0.0,0.000883746025788728,129.03791866816906,64.51597474457559,0.9999537408919836,2,6.788255953908001e-06,0.0,-0.0016888832365746513,98.3522494488508,50.330139408767344,1.0234669708279953,2,0.00020202489094903187,0.0,0.0006592910070194017,0.0,0.0,nan,0,0.0016043330357556757,0.0019153803379110064,0.00455007858669739,0.029146442510929106,3
0.07,0.0,0.0,0.0010060114668031623,0.0,0.0,nan,0,0.00021913474903150626,0.0,-0.0019378964638338938,0.0,0.0,nan,0,0.000379151611944413,0.0,0.0007860387932642097,0.0,0.0,nan,0,0.001225704534237329,0.06213879922686429,0.07754102780568431,-0.019903557489070894,0
0.075,0.0,0.0,0.0011625091784733573,0.0,0.0,nan,0,0.00034669935490321685,0.0,-0.0022508918871742838,0.0,0.0,nan,0,0.0005526465353637364,0.0,0.0009425365049344047,0.0,0.0,nan,0,0.0006902397175009567,-0.035153091035744134,0.07673291806829272,-0.06895355748907091,0
0.08,0.0,0.0,0.0011626139149158907,0.0,0.0,nan,0,0.0002397782252990463,0.0,-0.0016977820050375516,0.0,0.0,nan,0,0.0008202192471047989,0.0,-0.00016389273222412628,0.0,0.0,nan,0,0.00013805835612330092,0.03420167876572077,-0.020114821957859155,-0.0702058174629191,0
0.085,0.0,0.0,0.002490518207362778,0.0,0.0,nan,0,0.0004906406892751722,0.0,-0.003052195943112019,0.0,0.0,nan,0,0.00024847031228329014,0.0,-0.001444661859850824,54.97159652624339,26.782187291191086,0.974400926427716,1,0.00012953963589480005,0.012142888595941495,-0.07101539909323683,-0.046318705142932244,3
0.09,0.0,0.0,0.005986203825323674,39.218920098692905,10.959466951235635,0.5588867273069507,2,0.000163436686303451,0.0,-0.0074601134150708145,0.0,0.0,nan,0,0.0002249209636231153,0.0,-0.003060375588017433,0.0,0.0,nan,0,0.0005544989437080011,-0.12417948315886401,-0.02580484967626579,0.03306224684300219,6
0.095,0.0,0.0,0.006378820062421163,0.0,0.0,nan,0,3.962310785840181e-05,0.0,-0.00785293756812103,54.848336047375966,27.406706559310607,0.9993632818920051,2,9.85370012293249e-05,0.0,-0.0030601676720647063,0.0,0.0,nan,0,0.000835120218761809,0.033730012366085534,-0.047426434591322154,-0.015987753156997807,3
0.1,0.0,0.0,0.0062509651870952185,0.0,0.0,nan,0,6.50620836372337e-05,0.0,-0.007605883336710751,0.0,0.0,nan,0,0.00016523859199798346,0.0,-0.0031753804352038437,16.861822395113652,8.375956907794311,0.9934818089676428,1,0.0005323746672812046,-0.003376413094638919,0.05359884719212306,-0.056595191453195894,3
0.105,0.0,0.0,0.006282866203799008,53.839199302407636,26.918872720402234,0.9999729962253896,1,0.00011970854022456262,0.0,-0.007611400847122491,0.0,0.0,nan,0,0.00013128372977771335,0.0,-0.0033058374008882174,0.0,0.0,nan,0,0.00030649057728020235,0.02039946434997839,-0.028528851863654992,-0.04364145927823035,3
0.11,0.0,0.0,0.006272486882432508,0.0,0.0,nan,0,3.3665785835752804e-05,0.0,-0.007626139371812274,0.0,0.0,nan,0,0.00015547496281683587,0.0,-0.003246953860431874,0.0,0.0,nan,0,5.6089732276123905e-05,-0.04276931255432172,-0.013325990871112208,-0.05184902924083103,0
0.115,0.0,0.0,0.006222412954337544,227.20901423479634,113.60398780603697,0.9999954287785372,2,-3.260872862585751e-06,0.0,-0.008024311854599966,0.0,0.0,nan,0,5.750487944076316e-05,0.0,-0.0023732216435436836,0.0,0.0,nan,0,0.00048494298936899854,0.0293844550266336,0.013117501472234425,0.08957935769843114,3
0.12,0.0,0.0,0.005930371913612806,0.0,0.0,nan,0,0.0004953916615029856,0.0,-0.007938353101031895,64.62596042423309,31.968112985352874,0.9893272850569707,2,6.01341762909019e-05,0.0,-0.001673609803213807,0.0,0.0,nan,0,0.00043043693515041476,0.031841267632790486,0.07521426236666842,0.13892396980097865,3
0.125,0.0,0.0,0.0058967576700746024,0.0,0.0,nan,0,0.000453673525246414,0.0,-0.007871124613955487,0.0,0.0,nan,0,0.0004090730988013519,0.0,-0.0017072240467520114,0.0,0.0,nan,0,0.0006829484979014241,-0.030416127251313218,0.03937165725077211,0.08987396980097861,0
0.13,0.0,0.0,0.005895055596591545,0.0,0.0,nan,0,0.00046786009178235305,0.0,-0.00786942254047243,0.0,0.0,nan,0,0.00045685731851926453,0.0,-0.0017072240467520114,0.0,0.0,nan,0,0.000935460060652489,-0.01923518669281227,-0.009678342749227891,0.040823969800978584,0
0.135,0.0,0.0,0.005941663027659506,0.0,0.0,nan,0,0.0004979485532849819,0.0,-0.00795840972410245,0.0,0.0,nan,0,0.00033692976549568737,0.0,-0.0016648442941899523,0.0,0.0,nan,0,0.0010945315011783724,0.07285287993053567,-0.031201037466052944,-0.008226030199021416,0
0.14,0.0,0.0,0.005656326304766304,0.0,0.0,nan,0,0.0004932874058038023,0.0,-0.007387736278316045,0.0,0.0,nan,0,0.0002847362727804656,0.0,-0.0019501810170831546,0.0,0.0,nan,0,0.0009753684903796508,-0.07990592785878047,0.023457770323263155,-0.057276030199021416,0
0.145,0.0,0.0,0.005778030283234338,0.0,0.0,nan,0,0.00013136263305594045,0.0,-0.0077104526901729835,108.95521142999635,54.5034118525556,1.00047370175724,2,0.0003930519700397414,0.0,-0.001675284127697732,0.0,0.0,nan,0,0.0010709548493095036,-0.06761824858801103,-0.02377220190107533,-0.05367704331174607,3
0.15,0.0,0.0,0.006053473428641371,0.0,0.0,nan,0,0.00040988034625455763,0.0,-0.009092329175003314,0.0,0.0,nan,0,0.00011736455238366833,0.0,0.00028100616522384013,9.742462459056702,4.825270165134727,0.990564795176419,1,0.00069298752039023,0.11808201651524758,-0.04014212257148625,-0.07846422499535717,4
0.155,0.0,0.0,0.006864023515255647,136.88061616771185,68.43933848862501,0.9999858329797445,2,0.0001880405880604341,0.0,-0.013219261354989888,0.0,0.0,nan,0,0.00034070988192789337,0.0,0.006105041879512257,0.0,0.0,nan,1,0.0005387521346680857,-0.030527022340152307,-0.007789811956845717,-0.040917188670741914,3
0.16,0.0,0.0,0.007953424489467429,0.0,0.0,nan,0,0.00011209250144330121,0.0,-0.01499791579154136,0.0,0.0,nan,0,0.0003715101782099453,0.0,0.0063878881038218595,0.0,0.0,nan,0,0.0005915078526311582,-0.08223262599668632,0.05964748129933601,-0.011721743052592708,0
0.165,0.0,0.0,0.009312465573561074,0.0,0.0,nan,0,0.0008688941732100663,0.0,-0.015065210207652321,7.909311031148232,3.981531063558778,1.006795926441335,1,9.190642946686062e-05,0.0,0.002445281894628623,0.0,0.0,nan,0,0.00029807803031699914,0.10654758506617992,0.09524679694534526,0.08899188599730858,3
0.17,0.0,0.0,0.01107560904827985,0.0,0.0,nan,0,0.0009165110084247419,0.0,-0.017320717010047306,0.0,0.0,nan,0,0.00039102671510634485,0.0,0.0016668650752622626,0.0,0.0,nan,0,0.000606255793438211,-0.037020887520222645,0.029381975180800143,0.15127518034825627,0
0.17500000000000002,0.0,0.0,0.011076576903336837,0.0,0.0,nan,0,0.0007128156986924358,0.0,-0.01732168486510429,0.0,0.0,nan,0,0.0006067444007426329,0.0,0.0016668650752622626,0.0,0.0,nan,0,0.001215721819275456,-0.008539802274355447,-0.019668024819199856,0.10222518034825627,0
0.18,0.0,0.0,0.01082339811610283,26.727454123819424,13.346904679132951,0.9987411907846645,1,0.0005495120089320828,0.0,-0.016812410750628046,0.0,0.0,nan,0,0.0006000663658676311,0.0,0.0014107697480200236,0.0,0.0,nan,0,0.0017619419456520666,-0.018858737875054214,-0.023238504615469054,0.05317518034825622,3
0.185,0.0,0.0,0.010506936042767347,0.0,0.0,nan,0,0.00017324876451612486,0.0,-0.016182366185263496,0.0,0.0,nan,0,0.0009052134350534882,0.0,0.0010971872559909562,0.0,0.0,nan,0,0.0019640465226234485,-0.10204103522679413,-0.031015371907946062,0.004125180348256221,0
0.19,0.0,0.0,0.007169365296745248,0.0,0.0,nan,0,0.0004976051484947494,0.0,-0.009499874239781533,0.0,0.0,nan,0,0.000624073454800804,0.0,-0.0022477339434689076,0.0,0.0,nan,0,0.0018065685206388113,0.16021819910363883,0.03038587985871853,-0.04492481965174378,0
0.195,0.0,0.0,0.006330308106554518,0.0,0.0,nan,0,0.0007996309182496039,0.0,-0.007821759859400073,0.0,0.0,nan,0,0.0007032673101029022,0.0,-0.0030867911336596374,0.0,0.0,nan,0,0.001065837297323187,0.015895517164193164,0.07660856179816417,-0.09397481965174383,0
0.2,0.0,0.0,0.00632781674879319,183.0348468936258,91.51606713922378,0.9999851797883066,1,0.0007899797157939724,0.0,-0.007088862305321272,0.0,0.0,nan,0,0.0008485375881241569,0.0,-0.004547603526294583,0.0,0.0,nan,0,0.0004379928569240646,0.05836294061100606,-0.03234114748017799,-0.08312511037340174,3
0.20500000000000002,0.0,0.0,0.007798253869833425,0.0,0.0,nan,0,0.0008274864700873914,0.0,-0.010210240488527544,58.18711447395955,28.334418583392715,0.9739069840307412,3,0.0004666812236094123,0.0,-0.0027161585230027433,0.0,0.0,nan,0,0.0003990062368604483,-0.10699547131555553,-0.037052576398615644,-0.060205269528402515,3
0.21,0.0,0.0,0.008164550416541325,0.0,0.0,nan,0,-3.42977891492624e-05,0.0,-0.010975088571787691,0.0,0.0,nan,0,0.0008875895542563086,0.0,-0.0022853519966061528,0.0,0.0,nan,0,0.0007166132670637995,-0.19442935184733048,-0.11024768571795404,-0.04672627967728916,0
0.215,0.0,0.0,0.008503828532685215,0.0,0.0,nan,0,0.00034128090463971666,0.0,-0.012599197932909798,33.5780535436267,6.780387508389093,0.40385828199240853,4,9.021276556627628e-05,0.0,-2.4032637564519628e-05,0.0,0.0,nan,0,0.0010620794529179814,0.005965253875274382,-0.027895485263325664,-0.022248369803967796,6
0.22,0.0,0.0,0.010337446225120811,185.96299599458402,6.4623365582782055,0.0695013169014164,1,0.00029263124942554425,0.0,-0.01580585375198134,163.48649623852003,80.9013560265303,0.9897007751453498,3,3.224837333865721e-05,0.0,0.0013490054890714295,0.0,0.0,nan,0,0.0009225641513399482,-0.008738854818372865,0.04753544412140759,-0.07129836980396781,5
0.225,0.0,0.0,0.010779456137623029,0.0,0.0,nan,0,0.00014366800611387634,0.0,-0.016318841159789852,25.699152011923527,12.824449541499337,0.9980445685950441,1,0.00024730776317975767,0.0,0.0010502044506107986,0.0,0.0,nan,0,0.0005284146646721971,-0.09510197453395422,-0.003846317123683573,-0.0494532957264716,3
0.23,0.0,0.0,0.010772780969349452,0.0,0.0,nan,0,9.688743287892751e-05,0.0,-0.01622497665409242,0.0,0.0,nan,0,0.00011071569196240832,0.0,0.0008758257757630885,22.45204709347292,1.7356031601764155,0.15460533758464956,1,0.0003588868893259767,-0.011726332410332677,-0.0740120275222142,-0.07738758532794103,5
0.23500000000000001,0.0,0.0,0.009306947736960993,20.495933268717422,9.542999010587003,0.9312090242948159,1,0.00022714483221878204,0.0,-0.01453821322008608,0.0,0.0,nan,0,0.00039750633218206544,0.0,0.0005997798156172282,72.77983353736899,36.82872160525459,1.01205841825249,1,0.00019604778347402652,0.045135324841800606,0.12086099099363812,0.23835451517931092,5
0.24,0.0,0.0,0.01036489001406516,0.0,0.0,nan,0,0.0005294687270626375,0.0,-0.015252860808706747,0.0,0.0,nan,0,0.00044111789079524094,0.0,-0.0011586572057570958,39.55165713253544,19.189968402333736,0.9703749371627693,1,0.0010760947942932142,0.004441381909730515,0.05215093872652961,0.25457995431490354,3
0.245,0.0,0.0,0.012400542247039972,0.0,0.0,nan,0,0.0006564917048746538,0.0,-0.019327764879243405,0.0,0.0,nan,0,0.0005775131315929813,0.0,0.0008805946318047484,0.0,0.0,nan,0,0.0019506888472580197,-0.036149801814674594,0.09480162204460243,0.20552995431490362,0
0.25,0.0,0.0,0.011796961554711402,38.80357562893102,19.39704116774168,0.9997553500342741,1,0.00023863368168249716,0.0,-0.01811328065493821,0.0,0.0,nan,0,0.0015180897949944108,0.0,0.00026969109982812565,0.0,0.0,nan,0,0.002320732478623258,-0.0600192369365922,0.11164846694124521,0.1564799543149037,3
0.255,0.0,0.0,0.011747792464279002,23.91945774066125,11.220249905694027,0.9381692534459475,2,4.305824922375481e-05,0.0,-0.01806411156450581,0.0,0.0,nan,0,0.0021370200621593782,0.0,0.00026969109982812565,0.0,0.0,nan,0,0.0025448899154915106,-0.004916965973149674,0.06259846694124514,0.10742995431490371,5
0.26,0.0,0.0,0.01173917583774023,16.240696217606153,8.117640127234841,0.999666519029486,1,2.50073530385711e-05,0.0,-0.01805549493796704,0.0,0.0,nan,0,0.0023331757930508054,0.0,0.00026969109982812565,0.0,0.0,nan,0,0.002769047352359763,0.012895057615641553,0.013548466941245146,0.05837995431490365,3
0.265,0.0,0.0,0.011735104347441072,34.62939498426962,17.314507141341466,0.9999890064037544,1,5.095862981475616e-05,0.0,-0.01805142344766788,0.0,0.0,nan,0,0.0022400793509808267,0.0,0.00026969109982812565,0.0,0.0,nan,0,0.002993204789228085,0.009067895062064677,-0.03550153305875486,0.009329954314903653,3
0.27,0.0,0.0,0.011734406019490076,55.86488018226578,27.932303020118045,0.9999950927661745,1,4.860802512486259e-05,0.0,-0.018050725119716886,0.0,0.0,nan,0,0.0019300347903769485,0.0,0.00026969109982812565,0.0,0.0,nan,0,0.003217362226096407,0.01236073513793625,-0.08455153305875489,-0.03972004568509635,3
0.275,0.0,0.0,0.011734085899048006,42.270060280802056,21.13496750095705,0.9999970362264183,1,0.00011067808933905299,0.0,-0.018050404999274815,0.0,0.0,nan,0,0.0013103195608690013,0.0,0.00026969109982812565,0.0,0.0,nan,0,0.0034415196629647427,0.01559235864191552,-0.13360153305875494,-0.08877004568509639,3
0.28,0.0,0.0,0.011671413319600366,0.0,0.0,nan,0,0.00022426257923880907,0.0,-0.017912146328070866,0.0,0.0,nan,0,0.0007954591537661787,0.0,0.0001941050080718175,0.0,0.0,nan,0,0.0032640578517422678,0.039315919809966765,-0.06154232229621332,-0.13782004568509643,0
0.28500000000000003,0.0,0.0,0.011772850341219915,0.0,0.0,nan,0,0.00018979855926349806,0.0,-0.018115020371309964,45.42082062774764,22.19563044136409,0.977332867817221,1,0.00048348018128556436,0.0,0.000295542029691365,0.0,0.0,nan,0,0.0027865131157726805,-0.08556033711225501,-0.0347660653739916,-0.18687004568509635,3
0.29,0.0,0.0,0.011713340161023189,0.0,0.0,nan,0,0.00027035586839625064,0.0,-0.01851050117237323,52.648254980804126,26.29920986442286,0.999053430128376,1,3.866868362665393e-05,0.0,0.0012626348445835406,0.0,0.0,nan,0,0.0023500838211012592,-0.02020237693136168,-0.08549091150170661,-0.1478930439980763,3
0.295,0.0,0.0,0.011659219726118985,0.0,0.0,nan,0,0.00013875374955977723,0.0,-0.01839550769286429,124.36016313569623,62.18820499617143,1.0001306435777904,4,6.475104880312998e-05,0.0,0.001201997001256669,0.7244419164157095,0.3500060511465752,0.9662777462637315,1,0.0015814331627453868,0.033097506385836986,0.016821582674619272,-0.19657842804906495,4
0.3,0.0,0.0,0.011392357249642458,21.044427395655223,10.298361280627498,0.9787257298104173,1,3.747905180804048e-05,0.0,-0.018008561708054635,0.0,0.0,nan,0,8.642301283639381e-05,0.0,0.001157323581853718,0.0,0.0,nan,0,0.0008803346399322912,-0.00853706151433443,-0.05693411246668382,-0.15109818802689295,4
0.305,0.0,0.0,0.011832460680611275,0.0,0.0,nan,0,0.00038213088301351436,0.0,-0.020663747373084945,57.8513268253992,11.38005819993507,0.3934242764831018,2,2.86707227913352e-05,0.0,0.004830712422690046,79.52984067720024,2.332834038798894,0.05866562837130579,3,-4.870964603594791e-05,0.07701010043777329,0.004408600440449226,-0.052508536462145566,7
0.31,0.0,0.0,-0.0009545414154837466,0.0,0.0,nan,0,9.450240098657706e-05,0.0,-0.003880448375834691,0.0,0.0,nan,0,0.0012386685754626134,0.0,0.009683824932209558,0.0,0.0,nan,0,0.00022125392652357773,-0.16224425168616832,0.29843025749402274,0.2924714955330736,0
0.315,0.0,0.0,-0.0009111590436368006,0.0,0.0,nan,0,0.0008140523953642162,0.0,-0.0016955358644940364,0.0,0.0,nan,0,0.0016871743740950948,0.0,0.005227235165834354,0.0,0.0,nan,0,0.0005698761056388349,0.20583979758301935,0.19532083050545246,0.297480922521644,0
0.32,0.0,0.0,0.006860313477399534,0.0,0.0,nan,0,0.0013760009585038445,0.0,-0.009797856614286515,0.0,0.0,nan,0,0.001995413543816285,0.0,-0.0018825408976896945,10.642328542719609,5.204519587686378,0.9780791049242278,1,0.0013560973298281445,0.07961814283121772,0.15280479628718988,0.31906861149170823,4
0.325,0.0,0.0,0.011531425918467198,0.0,0.0,nan,0,0.0020699377955833674,0.0,-0.012347210607535433,0.0,0.0,nan,0,0.0020592441639274706,0.0,-0.010830917555510758,0.0,0.0,nan,0,0.0020942317013567455,0.1574219518653216,0.1269635191324027,0.304132997013706,0
0.33,0.0,0.0,0.020287005921593878,0.0,0.0,nan,0,0.0024837632936997624,0.0,-0.029939162151448245,0.0,0.0,nan,0,0.0024708895524386057,0.0,-0.001994546014724626,0.0,0.0,nan,0,0.002654538299797761,0.08607243539133183,0.15432278532764973,0.25508299701370607,0
0.335,0.0,0.0,0.020287005921593878,0.0,0.0,nan,0,0.00277923797065642,0.0,-0.022373698167475545,0.0,0.0,nan,0,0.0027508971364714127,0.0,-0.017125473982670027,0.0,0.0,nan,0,0.003280827689525652,0.03702243539133181,0.07465070250325871,0.23665507983809714,0
0.34,0.0,0.0,0.020288799770723884,33.8374475266968,16.914919771137548,0.9997751608062133,1,0.0028379220094947553,0.0,-0.02237549201660555,0.0,0.0,nan,0,0.002930579110149392,0.0,-0.017125473982670027,0.0,0.0,nan,0,0.004090849576199769,0.004891159154680205,0.0256007025032587,0.1876050798380972,3
0.34500000000000003,0.0,0.0,0.020284747589765895,0.0,0.0,nan,0,0.002866263658330724,0.0,-0.02237143983564756,0.0,0.0,nan,0,0.0028953534738297634,0.0,-0.017125473982670027,0.0,0.0,nan,0,0.004900871462873886,0.03504924688745223,-0.0234492974967413,0.13855507983809728,0
0.35000000000000003,0.0,0.0,0.031171770868494816,32.12615011711004,16.03270247070584,0.9981091672834458,1,0.0027581057586519055,0.0,-0.04410814996307849,0.0,0.0,nan,0,0.0029368131667345185,0.0,-0.006275787133968022,0.0,0.0,nan,0,0.005525457568838425,-0.03669303180355239,-0.012258943365291144,0.08950507983809725,4
0.355,0.0,0.0,0.03499220080686308,0.0,0.0,nan,0,0.002582744013998599,0.0,-0.051753001315823166,0.0,0.0,nan,0,0.002967138018809941,0.0,-0.0024513657195916055,0.0,0.0,nan,0,0.005983132360606817,-0.07471581160840031,-0.033508915837840034,0.040455079838097215,0
0.36,0.0,0.0,0.04966909374874832,0.0,0.0,nan,0,0.0022871071236515335,0.0,-0.08110192436586167,0.0,0.0,nan,0,0.0032360748225747984,0.0,0.012220664388561647,0.0,0.0,nan,0,0.006077220346379551,-0.0866232131275358,0.036188453607391126,-0.008594920161902785,0
0.365,0.0,0.0,0.04967476990787838,0.0,0.0,nan,0,0.0018020559850726696,0.0,-0.08110760052499172,0.0,0.0,nan,0,0.0037671807291906473,0.0,0.012220664388561647,0.0,0.0,nan,0,0.005853303477533052,-0.05272078606872648,-0.012861546392608874,-0.057644920161902785,0
0.37,0.0,0.0,0.04967476990787838,0.0,0.0,nan,0,0.001403564554729033,0.0,-0.060659127829013317,0.0,0.0,nan,0,0.0036861616681198722,0.0,-0.028676281003395157,0.0,0.0,nan,0,0.006190017127589327,-0.10177078606872654,-0.15020035956387442,-0.018406106990637227,0
0.375,0.0,0.0,0.04928331412675194,0.0,0.0,nan,0,0.0011461227656286745,0.0,-0.0598750427468569,0.0,0.0,nan,0,0.0031268043685562866,0.0,-0.029068910304425134,0.0,0.0,nan,0,0.006779898181300099,0.08087634780117968,-0.17073855944013258,-0.06745610699063724,0
0.38,0.0,0.0,0.049262608144521845,287.5539764828497,143.7752428540072,0.9999878604536163,1,0.0016030793007822466,0.0,-0.05985433676462681,0.0,0.0,nan,0,0.0016812675362020482,0.0,-0.029068910304425134,0.0,0.0,nan,0,0.0072963104435476225,0.2911771380695671,-0.2197885594401325,-0.1165061069906373,3
0.385,0.0,0.0,0.06695043612681993,0.0,0.0,nan,0,0.0024657975050085164,0.0,-0.09522999272922297,0.0,0.0,nan,1,4.2999020896695994e-05,0.0,-0.011381082322127051,0.0,0.0,nan,0,0.007354442719673539,0.05365101520999578,-0.08036243658056118,-0.16555610699063725,1
0.39,0.0,0.0,0.07375913110669907,0.0,0.0,nan,0,0.002048618915082061,0.0,-0.10590948580865685,0.0,0.0,nan,0,-1.3051198329214198e-06,0.0,-0.01044818110289674,0.0,0.0,nan,1,0.0073285866291061055,-0.18021343002081713,-0.1035815378484772,-0.05562256049190832,1
0.395,0.0,0.0,0.07358307550103671,250.492225512171,125.24541755204694,0.9999944492964832,1,0.000993567737709207,0.0,-0.10555528797242869,0.0,0.0,nan,0,0.0004826704519443545,0.0,-0.010626323333462528,0.0,0.0,nan,0,0.007486661932242157,-0.13034091178272533,-0.1263079433304835,-0.10467256049190837,3
0.4,0.0,0.0,0.07479054732361855,479.0362733764569,239.51224802653041,0.9999754145478106,2,0.0006249616727259343,0.0,-0.10766811155930492,0.0,0.0,nan,0,0.0005388522968959655,0.0,-0.010049456266591907,0.0,0.0,nan,0,0.007181374169994426,0.09050829625277777,0.015177461374710773,-0.12669701370516231,3
0.405,0.0,0.0,0.10232346702285462,0.0,0.0,nan,0,0.000392096243818061,0.0,-0.1512631300153527,0.0,0.0,nan,0,0.0014069246587083278,0.0,-0.005456877208897627,0.0,0.0,nan,0,0.006315989334385971,-0.21474712159498371,0.22524705832973388,0.016162344810725204,0
0.41000000000000003,0.0,0.0,0.1022528705262816,0.0,0.0,nan,0,0.0004576847356727795,0.0,-0.14636587702693837,0.0,0.0,nan,0,0.0021068670445031426,0.0,-0.015110190192580204,0.0,0.0,nan,0,0.005722199594789208,0.1518229958633898,0.12266998584685683,0.020639417293602323,0
0.41500000000000004,0.0,0.0,0.10669568661405923,0.0,0.0,nan,0,0.00091812228564183,0.0,-0.15525150920249364,0.0,0.0,nan,0,0.002288681853116266,0.0,-0.01066737410480257,0.0,0.0,nan,0,0.005048256822675075,0.020878031189438956,0.1555149505208077,-0.028410582706397677,0
0.42,0.0,0.0,0.10669568661405923,0.0,0.0,nan,0,0.0008876249415890221,0.0,-0.14865069206892365,0.0,0.0,nan,0,0.002844990945856614,0.0,-0.023869008371942585,0.0,0.0,nan,0,0.00436238016437205,-0.028171968810561044,0.05971474895421438,-0.030710381139804354,0
0.425,0.0,0.0,0.10668736394224969,0.0,0.0,nan,0,0.000836273026082919,0.0,-0.14864236939711412,0.0,0.0,nan,0,0.0030600291061338367,0.0,-0.023869008371942585,0.0,0.0,nan,0,0.00391025451390193,0.04919319337138417,0.010664748954214383,-0.07976038113980438,0
0.43,0.0,0.0,0.10668736394224969,0.0,0.0,nan,0,0.0009473514929398408,0.0,-0.14864236939711412,0.0,0.0,nan,0,0.00286738688404798,0.0,-0.023869008371942585,0.0,0.0,nan,0,0.0034581288634318794,0.00014319337138417163,-0.03838525104578562,-0.12881038113980445,0
0.435,0.0,0.0,0.10669496350538142,0.0,0.0,nan,0,0.001220591462450113,0.0,-0.14864996896024585,0.0,0.0,nan,0,0.002267333159308736,0.0,-0.023869008371942585,0.0,0.0,nan,0,0.003006003212961829,0.061749798939934646,-0.08743525104578566,-0.17786038113980437,0
0.44,0.0,0.0,0.11794871911271552,0.0,0.0,nan,0,0.001256152516215421,0.0,-0.17115748017491406,19.742497205455745,9.088373537642621,0.9206913839786278,1,0.0017980087912488549,0.0,-0.012615252764608474,0.0,0.0,nan,0,0.0024155771215573427,-0.04359594433215447,-0.08018950777369659,-0.2269103811398043,4
0.445,0.0,0.0,0.11926162953962616,0.0,0.0,nan,0,0.0008715347722479047,0.0,-0.1613815009721961,0.0,0.0,nan,0,0.0011319487304301198,0.0,-0.03610594245077628,0.0,0.0,nan,0,0.0027434088088691064,-0.09899604879350384,-0.2666849208605358,-0.13216486359161578,0
0.45,0.0,0.0,0.12428441543263287,128.3339611395379,64.15266668138364,0.9997769275060441,1,0.00025120031033125725,0.0,-0.17161715603365738,0.0,0.0,nan,0,0.0003511210135938858,0.0,-0.030893073282321715,0.0,0.0,nan,0,0.0033488591696639175,-0.07285431368284226,-0.28215995808563393,-0.1812148635916157,3
0.455,0.0,0.0,0.18533289192456281,0.0,0.0,nan,0,0.0009319693490624954,0.0,-0.2942000938838473,0.0,0.0,nan,0,0.0002567607524154164,0.0,0.030641388075938275,0.0,0.0,nan,0,0.001721488574153024,0.34506986132595485,0.1490805891834151,-0.23026486359161563,0
0.46,0.0,0.0,0.1949775920281269,0.0,0.0,nan,0,0.0017032560681161275,0.0,-0.3078952391257855,0.0,0.0,nan,1,-0.0005628839230770732,0.0,0.02909757824912239,0.0,0.0,nan,0,0.001961683202565845,-0.06351401326335754,0.013596838348519463,0.16665276183259242,1
0.465,0.0,0.0,0.20869491227245796,0.0,0.0,nan,0,0.0018336391108495637,0.0,-0.3327807248075809,0.0,0.0,nan,0,-0.0007097818881053111,0.0,0.03769518978780585,0.0,0.0,nan,0,0.002850003577542691,-0.07648549549969401,0.08058167135523524,0.16715394569518194,0
0.47000000000000003,0.0,0.0,0.20868714437869135,0.0,0.0,nan,0,0.001595462727289415,0.0,-0.3147324693971494,0.0,0.0,nan,0,-0.0009421721204524239,0.0,0.0016142147544759428,0.0,0.0,nan,0,0.004760039894609311,0.014033801469467724,-0.1669005233527278,0.31653614040314504,0
0.47500000000000003,0.0,0.0,0.2560821156762246,0.0,0.0,nan,0,0.0015647625607061906,0.0,-0.40952918478661765,0.0,0.0,nan,0,-0.0010675388533400373,0.0,0.049015958846410995,0.0,0.0,nan,0,0.006363899996095858,-0.15143588908004815,0.0699374758692364,0.2674861404031451,0
0.48,0.0,0.0,0.2560607578780168,0.0,0.0,nan,0,0.0007826676107467179,0.0,-0.4095078269884099,0.0,0.0,nan,0,-7.064402403437336e-05,0.0,0.049015958846410995,0.0,0.0,nan,0,0.007351643318765401,-0.12717122545286952,0.0208874758692364,0.21843614040314518,0
0.485,0.0,0.0,0.25606033897348085,0.0,0.0,nan,0,0.0011887237720058542,0.0,-0.4095074080838739,0.0,0.0,nan,0,-0.0005071503059473417,0.0,0.049015958846410995,0.0,0.0,nan,0,0.008339386641435,0.24714705126833258,-0.028162524130763603,0.16938614040314526,0
0.49,0.0,0.0,0.25606033897348085,0.0,0.0,nan,0,0.002289571528347519,0.0,-0.4095074080838739,0.0,0.0,nan,0,-0.0018836981829428168,0.0,0.049015958846410995,0.0,0.0,nan,0,0.00932712996410457,0.19809705126833266,-0.07721252413076361,0.12033614040314532,0
0.495,0.0,0.0,0.25606033897348085,0.0,0.0,nan,0,0.0031451692846891886,0.0,-0.4095074080838739,0.0,0.0,nan,0,-0.0032602460599383057,0.0,0.049015958846410995,0.0,0.0,nan,0,0.010314873286774065,0.14904705126833273,-0.12626252413076366,0.07128614040314525,0
0.5,0.0,0.0,0.25606033897348085,0.0,0.0,nan,0,0.0037555170410308487,0.0,-0.4095074080838739,0.0,0.0,nan,0,-0.004636793936933795,0.0,0.049015958846410995,0.0,0.0,nan,0,0.011302616609443594,0.09999705126833272,-0.1753125241307636,0.022236140403145248,0
0.505,0.0,0.0,0.25606033897348085,0.0,0.0,nan,0,0.00412061479737251,0.0,-0.4095074080838739,0.0,0.0,nan,0,-0.006013341813929256,0.0,0.049015958846410995,0.0,0.0,nan,0,0.012290359932113123,0.050947051268332676,-0.22436252413076352,-0.026813859596854756,0
0.51,0.0,0.0,0.25606033897348085,0.0,0.0,nan,0,0.004240462553714176,0.0,-0.4095074080838739,0.0,0.0,nan,0,-0.007389889690924752,0.0,0.049015958846410995,0.0,0.0,nan,0,0.013278103254782701,0.0018970512683326778,-0.27341252413076345,-0.07586385959685477,0
0.515,0.0,0.0,0.25606033897348085,0.0,0.0,nan,0,0.004115060310055842,0.0,-0.4095074080838739,0.0,0.0,nan,0,-0.00876643756792024,0.0,0.049015958846410995,0.0,0.0,nan,0,0.0142658465774523,-0.047152948731667324,-0.3224625241307634,-0.12491385959685482,0
0.52,0.0,0.0,0.25606033897348085,0.0,0.0,nan,0,0.0037444080663975032,0.0,-0.4095074080838739,0.0,0.0,nan,0,-0.010142985444915698,0.0,0.049015958846410995,0.0,0.0,nan,0,0.015253589900121788,-0.09620294873166736,-0.3715125241307633,-0.17396385959685476,0
0.525,0.0,0.0,0.25606033897348085,0.0,0.0,nan,0,0.003128505822739165,0.0,-0.4095074080838739,0.0,0.0,nan,0,-0.011519533321911194,0.0,0.049015958846410995,0.0,0.0,nan,0,0.01624133322279131,-0.14525294873166736,-0.4205625241307632,-0.22301385959685469,0
0.53,0.0,0.0,0.2560460285646911,247.03337366872333,123.48352616320848,0.9997315288160404,1,0.0023291119224980138,0.0,-0.4094930976750842,0.0,0.0,nan,0,-0.012957839542323858,0.0,0.049015958846410995,0.0,0.0,nan,0,0.01722907654546084,-0.07078626189730562,-0.46961252413076315,-0.27206385959685464,3
0.535,0.0,0.0,0.2560460285646911,0.0,0.0,nan,0,0.0018402931130114854,0.0,-0.4094930976750842,0.0,0.0,nan,0,-0.014951970853491134,0.0,0.049015958846410995,0.0,0.0,nan,0,0.018216819868130382,-0.11983626189730565,-0.5186625241307633,-0.32111385959685457,0
0.54,0.0,0.0,0.25623629657074803,0.0,0.0,nan,0,0.001629455658297696,0.0,-0.4096833656811411,0.0,0.0,nan,0,-0.01746933351943118,0.0,0.049015958846410995,0.0,0.0,nan,0,0.01920456319079998,0.10941562108857586,-0.5677125241307638,-0.3701638595968545,0
0.545,0.0,0.0,0.25623629657074803,0.0,0.0,nan,0,0.002041646263740572,0.0,-0.4096833656811411,0.0,0.0,nan,0,-0.020854974245527864,0.0,0.049015958846410995,0.0,0.0,nan,0,0.020192306513469552,0.060365621088575815,-0.6167625241307643,-0.4192138595968544,0
0.55,0.0,0.0,0.25622994307818214,409.0731171921487,204.5326117984157,0.9999807037055589,1,0.0023108551484814915,0.0,-0.4096770121885752,0.0,0.0,nan,0,-0.024342883250922615,0.0,0.049015958846410995,0.0,0.0,nan,0,0.02118004983613906,0.21585217968465018,-0.6658125241307647,-0.46826385959685435,3
0.555,0.0,0.0,0.25622994307818214,0.0,0.0,nan,0,0.0032552285469047426,0.0,-0.4096770121885752,0.0,0.0,nan,0,-0.028751206769999694,0.0,0.049015958846410995,0.0,0.0,nan,0,0.02216779315880859,0.16680217968465025,-0.7148625241307652,-0.5173138595968545,0
0.56,0.0,0.0,0.25622994307818214,0.0,0.0,nan,0,0.003954351945327998,0.0,-0.6040790548145956,0.0,0.0,nan,0,-0.032775096078360134,0.0,0.24341800147243128,0.0,0.0,nan,0,0.022771102270761505,0.1177521796846503,-0.29290200287755114,-0.566363859596855,4
0.5650000000000001,0.0,0.0,0.25622994307818214,0.0,0.0,nan,0,0.004408225343751251,0.0,-0.6797337543206012,0.0,0.0,nan,0,-0.03395937207622168,0.0,0.3190727009784371,0.0,0.0,nan,0,0.020534798072215553,0.06870217968465024,-0.15356873821998315,-0.6154138595968555,1
0.5700000000000001,0.0,0.0,0.2561609494792125,0.0,0.0,nan,0,0.00498260798324256,0.0,-0.6796647607216316,0.0,0.0,nan,0,-0.035436485906812906,0.0,0.3190727009784371,0.0,0.0,nan,0,0.018225572465331234,0.09730036019452716,-0.20261873821998308,-0.6644638595968559,0
0.5750000000000001,0.0,0.0,0.2561609494792125,0.0,0.0,nan,0,0.005334222284215196,0.0,-0.6796647607216316,0.0,0.0,nan,0,-0.03693608139888546,0.0,0.3190727009784371,0.0,0.0,nan,0,0.01591634685844682,0.04825036019452713,-0.25166873821998303,-0.7135138595968564,0
0.58,0.0,0.0,0.256084291384856,0.0,0.0,nan,0,0.006037537132577587,0.0,-0.6795881026272752,0.0,0.0,nan,0,-0.03903262743834776,0.0,0.3190727009784371,0.0,0.0,nan,0,0.01360712125156243,0.16068502693455705,-0.30071873821998296,-0.7625638595968569,0
0.585,0.0,0.0,0.256084291384856,0.0,0.0,nan,0,0.00670607476725037,0.0,-0.5503517864747676,0.0,0.0,nan,0,-0.04029941475430637,0.0,0.18983638482592954,0.0,0.0,nan,0,0.01025766413486396,0.1116350269345571,0.057993968423905806,-0.8116138595968574,4
0.59,0.0,0.0,0.256084291384856,0.0,0.0,nan,0,0.007129362401923155,0.0,-0.5503517864747676,0.0,0.0,nan,0,-0.040567620046859626,0.0,0.18983638482592954,0.0,0.0,nan,0,0.005909624994760172,0.06258502693455703,0.008943968423905808,-0.8606638595968579,0
0.595,0.0,0.0,0.256084291384856,0.0,0.0,nan,0,0.007307400036595944,0.0,-0.5503517864747676,0.0,0.0,nan,0,-0.04083582533941289,0.0,0.18983638482592954,0.0,0.0,nan,0,0.0015615858546564124,0.013535026934557035,-0.040106031576094194,-0.9097138595968584,0
0.6,0.0,0.0,0.256084291384856,0.0,0.0,nan,0,0.007240187671268727,0.0,-0.26594485049051914,0.0,0.0,nan,0,-0.04155275027115121,0.0,-0.06038522551786498,0.0,0.0,nan,0,0.0013517026214537806,-0.03551497306544297,0.08708541214111636,-0.22087660605364412,1
0.605,0.0,0.0,0.256084291384856,0.0,0.0,nan,0,0.006927725305941511,0.0,-0.25795590046000505,0.0,0.0,nan,0,-0.04073423063479266,0.0,-0.06837417554837905,0.0,0.0,nan,0,-0.00039362517984579265,-0.084564973065443,0.1628674287683842,-0.26992660605364405,3
0.61,0.0,0.0,0.2560570213301726,0.0,0.0,nan,0,0.007565659686753455,0.0,-0.3710376598379634,0.0,0.0,nan,0,-0.041342182883768994,0.0,0.15784388331690438,0.0,0.0,nan,0,-0.0012586603299433313,0.11804150316621699,-0.1140367691396147,-0.09112240814564514,0
0.615,0.0,0.0,0.2560570213301726,0.0,0.0,nan,0,0.008020979702584544,0.0,-0.35350997426596287,0.0,0.0,nan,0,-0.04195061835846399,0.0,0.14031619774490384,0.0,0.0,nan,0,-0.001696044411807686,0.06899150316621692,-0.026953091043052196,-0.14017240814564513,0
0.62,0.0,0.0,0.2560570213301726,0.0,0.0,nan,0,0.00823104971841563,0.0,-0.3544537594464571,0.0,0.0,nan,0,-0.042355060092952715,0.0,0.14125998292539807,0.0,0.0,nan,0,-0.0023374222338782905,0.01994150316621692,-0.03191848563722004,-0.18922240814564506,0
0.625,0.0,0.0,0.2560570213301726,0.0,0.0,nan,0,0.00819586973424671,0.0,-0.3544537594464571,0.0,0.0,nan,0,-0.0426143600369699,0.0,0.14125998292539807,0.0,0.0,nan,0,-0.0031239418464203902,-0.02910849683378308,-0.08096848563722006,-0.238272408145645,0
0.63,0.0,0.0,0.2560570213301726,0.0,0.0,nan,0,0.007915439750077795,0.0,-0.3593747067227041,0.0,0.0,nan,0,-0.042864808918643346,0.0,0.14618093020164508,0.0,0.0,nan,0,-0.003919312521306263,-0.0781584968337831,-0.11231636094973585,-0.2873224081456449,6
0.635,0.0,0.0,0.2560570213301726,0.0,0.0,nan,0,0.007389759765908881,0.0,-0.3668651852379257,0.0,0.0,nan,0,-0.042981141327971484,0.0,0.15367140871686671,0.0,0.0,nan,0,-0.0048487996685374485,-0.12720849683378316,-0.13991111347506413,-0.33637240814564484,6
0.64,0.0,0.0,0.2560570213301726,0.0,0.0,nan,0,0.006618829781739964,0.0,-0.3709437828614415,0.0,0.0,nan,0,-0.04301584411857489,0.0,0.15775000634038247,0.0,0.0,nan,0,-0.00585991643449333,-0.17625849683378308,-0.1793576826074024,-0.38542240814564477,0
0.645,0.0,0.0,0.2560570213301726,0.0,0.0,nan,0,0.005602649797571045,0.0,-0.38067354421657584,0.0,0.0,nan,0,-0.042983444641501264,0.0,0.1674797676955168,0.0,0.0,nan,0,-0.006938135468126279,-0.225308496833783,-0.2074898174983113,-0.4344724081456447,6
0.65,0.0,0.0,0.2560570213301726,0.0,0.0,nan,0,0.004341219813402131,0.0,-0.38672111258813724,0.0,0.0,nan,0,-0.04287141882311726,0.0,0.17352733606707826,0.0,0.0,nan,0,-0.008095980843069589,-0.27435849683378294,-0.2381741995740098,-0.4835224081456446,4
0.655,0.0,0.0,0.2559801711785223,0.0,0.0,nan,0,0.003374669265931683,0.0,-0.38623263653937645,0.0,0.0,nan,0,-0.043173973358363114,0.0,0.17311571016996777,0.0,0.0,nan,0,-0.009379375301081499,-0.1755664379563915,-0.272574169490461,-0.5325724081456449,2
0.66,0.0,0.0,0.2559801711785223,0.0,0.0,nan,0,0.0023619495761497203,0.0,-0.29107691630464805,0.0,0.0,nan,0,-0.04228730401482364,0.0,0.07795998993523937,0.0,0.0,nan,0,-0.012051074495567256,-0.22461643795639144,0.06739463973931949,-0.5816224081456454,1
0.665,0.0,0.0,0.2559801711785223,0.0,0.0,nan,0,0.001103979886367762,0.0,-0.29107691630464805,0.0,0.0,nan,0,-0.04082724862634508,0.0,0.07795998993523937,0.0,0.0,nan,0,-0.015296159734992067,-0.2736664379563914,0.01834463973931949,-0.6306724081456458,0
0.67,0.0,0.0,0.25593508134077647,0.0,0.0,nan,0,0.0008469410209347716,0.0,-0.29103182646690223,0.0,0.0,nan,0,-0.0406133740622155,0.0,0.07795998993523937,0.0,0.0,nan,0,-0.018541244974416903,0.04304383674616305,-0.03070536026068051,-0.6797224081456463,0
0.675,0.0,0.0,0.25586400518211727,0.0,0.0,nan,0,0.0015756693917732718,0.0,-0.29515832420596555,0.0,0.0,nan,0,-0.04159470987627423,0.0,0.08215756383296187,0.0,0.0,nan,0,-0.02182213707192491,0.1965893265169669,-0.036051091003244905,-0.7287724081456468,5
0.68,0.0,0.0,0.25586400518211727,0.0,0.0,nan,0,0.002423728524358102,0.0,-0.2615762613362716,0.0,0.0,nan,0,-0.04242454984577282,0.0,0.048575500963267945,0.0,0.0,nan,0,-0.025619105775739368,0.14753932651696697,-0.0010909588711009953,-0.7778224081456473,5
0.685,0.0,0.0,0.25586400518211727,0.0,0.0,nan,0,0.003026537656942937,0.0,-0.2559753407501839,0.0,0.0,nan,0,-0.043029412479223775,0.0,0.04297458037718026,0.0,0.0,nan,0,-0.0296410518156015,0.09848932651696697,0.0002331921046053292,-0.8268724081456478,3
0.6900000000000001,0.0,0.0,0.25586400518211727,0.0,0.0,nan,0,0.0033840967895277727,0.0,-0.25586577630421303,0.0,0.0,nan,0,-0.04338564626614484,0.0,0.08444107030470355,0.0,0.0,nan,0,-0.0311244719290233,0.049439326516966926,0.0001476632400494675,-0.1867185885438366,2
0.6950000000000001,0.0,0.0,0.25586400518211727,0.0,0.0,nan,0,0.0034964059221126095,0.0,-0.25586430434503793,0.0,0.0,nan,0,-0.04349759993825722,0.0,0.02007096409391049,0.0,0.0,nan,0,-0.03169958054119379,0.00038932651696692836,3.293234299450939e-05,0.18424694285870227,2
0.7000000000000001,0.0,0.0,0.25586400518211727,0.0,0.0,nan,0,0.0033634650546974405,0.0,-0.2558640691744907,0.0,0.0,nan,0,-0.04336458037768746,0.0,0.00930349242108055,0.0,0.0,nan,0,-0.03059086862426435,-0.04866067348303307,7.271757259841273e-06,0.20392326623724574,2
0.705,0.0,0.0,0.25586400518211727,0.0,0.0,nan,0,0.002985274187282276,0.0,-0.25586401895258076,0.0,0.0,nan,0,-0.04298637213605698,0.0,0.00930344219917057,0.0,0.0,nan,0,-0.02970615716729344,-0.09771067348303313,1.605428800230925e-06,0.15487326623724582,2
0.71,0.0,0.0,0.2558389165177591,0.0,0.0,nan,0,0.0026773381034333396,0.0,-0.25583891948141485,0.0,0.0,nan,0,-0.042678432216403966,0.0,0.009303431392362881,0.0,0.0,nan,0,-0.029066682171911287,0.02960490338729603,3.5443960242661627e-07,0.10582326623724583,2
0.715,0.0,0.0,0.2558389165177591,0.0,0.0,nan,0,0.002690475120369816,0.0,-0.25583891715559176,0.0,0.0,nan,0,-0.04269156838648816,0.0,0.009303429066539783,0.0,0.0,nan,0,-0.02867245418757733,-0.01944509661270397,7.825165345784052e-08,0.05677326623724578,2
0.72,0.0,0.0,0.2557990887627046,197.0199647945761,98.18743796437006,0.9967257690533617,1,0.002507617128504943,0.0,-0.25579908889997777,0.0,0.0,nan,0,-0.04250871020765888,0.0,-0.013661638424230927,0.0,0.0,nan,0,-0.028187428863164856,0.030014885784584087,1.7276064274675142e-08,0.11213688087160811,4
0.725,0.0,0.0,0.2557612638612734,0.0,0.0,nan,0,0.0029120442092682233,0.0,-0.2557612638908161,0.0,0.0,nan,0,-0.042913137247144954,0.0,-0.01768015877950783,0.0,0.0,nan,0,-0.02768829291063356,0.2035019398977667,3.814135821812605e-09,0.08787264688027598,2
0.73,0.0,0.0,0.2557612638612734,0.0,0.0,nan,0,0.0037946664087570615,0.0,-0.2557612638676315,0.0,0.0,nan,0,-0.04379575943752079,0.0,-0.02339103470255086,0.0,0.0,nan,0,-0.027285034962559122,0.15445193989776676,8.420704981872326e-10,0.07413724445288784,2
0.735,0.0,0.0,0.2557612638612734,0.0,0.0,nan,0,0.004432038608245894,0.0,-0.2557612638626413,0.0,0.0,nan,0,-0.04443313163499768,0.0,-0.02841285781004005,0.0,0.0,nan,0,-0.02696083185983701,0.10540193989776679,1.8590983282955797e-10,0.05568179160169428,2
0.74,0.0,0.0,0.2557612638612734,0.0,0.0,nan,0,0.004824160807734724,0.0,-0.2557612638615683,0.0,0.0,nan,0,-0.04482525383404232,0.0,-0.03474222749567783,0.0,0.0,nan,0,-0.026708056936858078,0.056351939897766753,4.1045085076454006e-11,0.04449142683847385,2
0.745,0.0,0.0,0.2557612638612734,0.0,0.0,nan,0,0.004971033007223558,0.0,-0.25576126386133746,0.0,0.0,nan,0,-0.04497212603343308,0.0,-0.04106024365429928,0.0,0.0,nan,0,-0.026520768114563043,0.007301939897766755,9.061002138756839e-12,0.03238126950553975,2
0.75,0.0,0.0,0.2557612638612734,0.0,0.0,nan,0,0.004872655206712397,0.0,-0.25576126386128784,0.0,0.0,nan,0,-0.044873748232900273,0.0,-0.04753923089161801,0.0,0.0,nan,0,-0.02639589855735573,-0.041748060102233246,2.0008328007100765e-12,0.02024223854670092,2
0.755,0.0,0.0,0.2557612638612734,0.0,0.0,nan,0,0.004529027406201227,0.0,-0.25576126386127734,0.0,0.0,nan,0,-0.04453012043238433,0.0,-0.05428018884632642,0.0,0.0,nan,0,-0.02633083014602992,-0.09079806010223325,4.427440315942922e-13,0.008481263965045407,2
0.76,0.0,0.0,0.2557273953337583,0.0,0.0,nan,0,0.004796099512260236,0.0,-0.2557273953337593,0.0,0.0,nan,0,-0.044797192538442276,0.0,-0.06127202999468622,0.0,0.0,nan,0,-0.02632431894655375,0.04747143412020363,9.808728400807833e-14,-0.0031483162149723736,2
0.765,0.0,0.0,0.2557273953337583,0.0,0.0,nan,0,0.004898569182861252,0.0,-0.25572739533375916,0.0,0.0,nan,0,-0.044899662209043054,0.0,-0.06851326561263667,0.0,0.0,nan,0,-0.02637596695483982,-0.0015785658797963663,2.1962399834000295e-14,-0.014825832468364527,2
0.77,0.0,0.0,0.2557273953337583,0.0,0.0,nan,0,0.0047557888534622735,0.0,-0.25572739533375693,0.0,0.0,nan,0,-0.04475688187964402,0.0,-0.07598062023968753,0.0,0.0,nan,0,-0.026486748908975635,-0.05062856587979637,5.015067407702203e-15,-0.026823900319997384,2
0.775,0.0,0.0,0.2557273953337583,0.0,0.0,nan,0,0.004367758524063296,0.0,-0.2557273953337559,0.0,0.0,nan,0,-0.04436885155024504,0.0,-0.08364602433784465,0.0,0.0,nan,0,-0.026658681967859373,-0.09967856587979641,2.0041425649187787e-15,-0.03940075879642274,2
0.78,0.0,0.0,0.2557273953337583,0.0,0.0,nan,0,0.0037344781946643084,0.0,-0.25572739533375666,0.0,0.0,nan,0,-0.04373557122084605,0.0,-0.09068871568591216,0.0,0.0,nan,0,-0.02689726805370308,-0.1487285658797964,1.7776570678952476e-15,-0.05631946363040774,2
0.785,0.0,0.0,0.2557273953337583,0.0,0.0,nan,0,0.0028559478652653257,0.0,-0.25572739533375777,0.0,0.0,nan,0,-0.04285704089144707,0.0,-0.09925707195551896,0.0,0.0,nan,0,-0.02720481986767371,-0.19777856587979634,3.1081483406060354e-15,-0.06802534123734624,1
0.79,0.0,0.0,0.25567531753105766,0.0,0.0,nan,0,0.002178662320720781,0.0,-0.255675317531055,0.0,0.0,nan,0,-0.04217975534690252,0.0,-0.1074590494416254,0.0,0.0,nan,0,-0.027587035089949752,-0.04665078075676563,1.7652225700194459e-15,-0.08302365325419438,2
0.795,0.0,0.0,0.2556977593561122,0.0,0.0,nan,0,0.0020541403940050676,0.0,-0.2556977593561095,0.0,0.0,nan,0,-0.04205523342018681,0.0,-0.1152593139651395,0.0,0.0,nan,0,-0.028055158992786378,0.020225453326359735,1.7820979599937486e-15,-0.10117610540227635,2
0.8,0.0,0.0,0.2556977593561122,0.0,0.0,nan,0,0.0020203801606368636,0.0,-0.2556977593561095,0.0,0.0,nan,0,-0.042021473186818606,0.0,-0.12248028742596657,0.0,0.0,nan,0,-0.02861446700042221,-0.02882454667364026,1.7945324578695497e-15,-0.12279793703913465,2
0.805,0.0,0.0,0.2556832155831891,0.0,0.0,nan,0,0.0022299641052068997,0.0,-0.2556832155831864,0.0,0.0,nan,0,-0.04223105713138864,0.0,-0.13003811652600372,0.0,0.0,nan,0,-0.029277763145577562,0.1349732013512154,1.8211778104605533e-15,-0.1442688407909562,2
0.81,0.0,0.0,0.2556832155831891,0.0,0.0,nan,0,0.0027699426119629743,0.0,-0.2556832155831864,0.0,0.0,nan,0,-0.04277103563814472,0.0,-0.13751358886853765,0.0,0.0,nan,0,-0.030056275706767086,0.08592320135121538,1.8602576609273596e-15,-0.16694716430321196,2
0.8150000000000001,0.0,0.0,0.2556832155831891,0.0,0.0,nan,0,0.0030646711187190534,0.0,-0.2556832155831864,0.0,0.0,nan,0,-0.04306576414490079,0.0,-0.14345707806200328,0.0,0.0,nan,0,-0.03096423968444431,0.03687320135121536,1.8940084408759642e-15,-0.195412502773527,2
0.8200000000000001,0.0,0.0,0.2556832155831891,0.0,0.0,nan,0,0.0031141496254751336,0.0,-0.2556832155831864,0.0,0.0,nan,0,-0.04311524265165688,0.0,-0.1495233191282725,0.0,0.0,nan,0,-0.032014725605933894,-0.012176798648784643,1.9313119345033693e-15,-0.22320169351380723,2
0.8250000000000001,0.0,0.0,0.2554489898232268,0.0,0.0,nan,0,0.0034540686538056878,0.0,-0.25544898982322406,0.0,0.0,nan,0,-0.043455161679987434,0.0,0.01089664601284015,0.0,0.0,nan,0,-0.03187863565074258,0.07159213098313913,1.962398179192874e-15,0.07503841329229076,2
0.8300000000000001,0.0,0.0,0.2554489898232268,0.0,0.0,nan,0,0.0036771418087213834,0.0,-0.25544898982322406,0.0,0.0,nan,0,-0.04367823483490313,0.0,0.010896646012840143,0.0,0.0,nan,0,-0.03163833108428112,0.022542130983139126,2.003254386499079e-15,0.02598841329229075,2
0.835,0.0,0.0,0.2554489898232268,0.0,0.0,nan,0,0.0036549649636370765,0.0,-0.25544898982322406,0.0,0.0,nan,0,-0.04365605798981882,0.0,0.010896646012840147,0.0,0.0,nan,0,-0.031643276517819674,-0.02650786901686087,2.069867767976589e-15,-0.02306158670770925,2
0.84,0.0,0.0,0.2554489898232268,0.0,0.0,nan,0,0.003387538118552774,0.0,-0.25544898982322406,0.0,0.0,nan,0,-0.04338863114473451,0.0,0.010896646012840152,0.0,0.0,nan,0,-0.03189347195135822,-0.07555786901686089,2.2164172072271097e-15,-0.07211158670770926,2
0.845,0.0,0.0,0.2554489898232268,0.0,0.0,nan,0,0.002874861273468473,0.0,-0.25544898982322406,0.0,0.0,nan,0,-0.042875954299650215,0.0,0.04383100929871916,0.0,0.0,nan,0,-0.03208097635721481,-0.12460786901686095,2.3345449370472267e-15,-0.05383213972527091,2
0.85,0.0,0.0,0.2552270954824204,0.0,0.0,nan,0,0.002761786113083222,0.0,-0.25522709548241784,0.0,0.0,nan,0,-0.042762879139264964,0.0,0.0559635089582594,0.0,0.0,nan,0,-0.03247278478633644,0.10290532634593007,2.124934829997997e-15,-0.07840260071582265,2
0.855,0.0,0.0,0.2552270954824204,0.0,0.0,nan,0,0.0031414252448128746,0.0,-0.2552270954824178,0.0,0.0,nan,0,-0.04314251827099462,0.0,0.06656176953967512,0.0,0.0,nan,0,-0.032896637475757134,0.053855326345930016,2.2252989914241107e-15,-0.10608759551974224,2
0.86,0.0,0.0,0.2552270954824204,0.0,0.0,nan,0,0.003275814376542528,0.0,-0.25522709548241773,0.0,0.0,nan,0,-0.043276907402724274,0.0,0.0849185252848025,0.0,0.0,nan,0,-0.033531703042303886,0.0048053263459300185,2.3825065717110333e-15,-0.11834562228672232,2
0.865,0.0,0.0,0.2552195663538671,0.0,0.0,nan,0,0.003364561977594254,0.0,-0.2552195663538645,0.0,0.0,nan,0,-0.043365655003775996,0.0,0.08491852528480258,0.0,0.0,nan,0,-0.0342583186537375,0.08882763922731907,1.9242065071457683e-15,-0.16739562228672228,1
0.87,0.0,0.0,0.2552195663538671,0.0,0.0,nan,0,0.003673812673730851,0.0,-0.25521956635386445,0.0,0.0,nan,0,-0.04367490569991259,0.0,0.10071346809934378,0.0,0.0,nan,0,-0.03514088266465174,0.039777639227319035,1.977497212327775e-15,-0.18484475965114153,2
0.875,0.0,0.0,0.2552195663538671,0.0,0.0,nan,0,0.0037378133698674418,0.0,-0.25521956635386445,0.0,0.0,nan,0,-0.04373890639604919,0.0,0.10071346809934374,0.0,0.0,nan,0,-0.03619999396290745,-0.009272360772680966,2.01480070595518e-15,-0.23389475965114145,2
0.88,0.0,0.0,0.2552195663538671,0.0,0.0,nan,0,0.003556564066004037,0.0,-0.25521956635386445,0.0,0.0,nan,0,-0.04355765709218578,0.0,0.11529379573342044,0.0,0.0,nan,0,-0.03742187060662116,-0.058322360772680965,2.0609859837795863e-15,-0.25378369089471575,2
0.885,0.0,0.0,0.2552195663538671,0.0,0.0,nan,0,0.0031300647621406337,0.0,-0.2552195663538644,0.0,0.0,nan,0,-0.043131157788322376,0.0,0.11529379573342043,0.0,0.0,nan,0,-0.03882567656109473,-0.10737236077268103,2.163126502045101e-15,-0.3028336908947157,2
0.89,0.0,0.0,0.2552195663538671,0.0,0.0,nan,0,0.0024583154582772278,0.0,-0.2552195663538644,0.0,0.0,nan,0,-0.04245940848445897,0.0,0.05123055438790643,0.0,0.0,nan,0,-0.04013579967088085,-0.156422360772681,2.248391630336313e-15,-0.008555747396286879,2
0.895,0.0,0.0,0.2552195663538671,0.0,0.0,nan,0,0.0015413161544138194,0.0,-0.2552195663538644,0.0,0.0,nan,0,-0.04154240918059556,0.0,0.02568639750282093,0.0,0.0,nan,0,-0.039834104687653374,-0.20547236077268094,2.3487557917624276e-15,0.045881192549336036,2
0.9,0.0,0.0,0.25520017250275806,254.56856807252052,127.27400042233279,0.9999192075124959,1,0.0006856647317437826,0.0,-0.25520017250275534,0.0,0.0,nan,0,-0.040686757757925525,0.0,0.02568639750282093,0.0,0.0,nan,0,-0.0397395862249067,-0.005760207148802947,2.4047110322035356e-15,-0.0031688074506639624,3
0.905,0.0,0.0,0.2551883499694209,0.0,0.0,nan,0,0.0008016125100373007,0.0,-0.2551883499694182,0.0,0.0,nan,0,-0.04080270553621904,0.0,0.025386344100465228,0.0,0.0,nan,0,-0.03986792913388167,0.1608585922327771,1.7536762505633437e-15,-0.024961320731962673,2
0.91,0.0,0.0,0.25515923655292266,0.0,0.0,nan,0,0.0016695517584444687,0.0,-0.25515923655292017,0.0,0.0,nan,0,-0.04167064478462621,0.0,0.01103526328398909,0.0,0.0,nan,0,-0.04002604463153819,0.1614420390435969,1.465906442580503e-15,0.0019169196115092478,2
0.915,0.0,0.0,0.25515923655292266,0.0,0.0,nan,0,0.0023418744536624486,0.0,-0.25515923655292005,0.0,0.0,nan,0,-0.04234296747984419,0.0,7.420367865613654e-05,0.0,0.0,nan,0,-0.03999916695241128,0.11239203904359694,1.4055103100408947e-15,-0.0025162505239375707,2
0.92,0.0,0.0,0.2551393009895376,0.0,0.0,nan,0,0.0029464081883757605,0.0,-0.2551393009895351,0.0,0.0,nan,0,-0.0429475012145575,0.0,0.0002526160444776707,0.0,0.0,nan,0,-0.04000116480657007,0.15207255879125803,1.3255742522678838e-15,0.00034001887731388634,2
0.925,0.0,0.0,0.2551393009895376,0.0,0.0,nan,0,0.0035718834823320507,0.0,-0.25513930098953497,0.0,0.0,nan,0,-0.04357297650851379,0.0,4.930496762855754e-05,0.0,0.0,nan,0,-0.04000026438598744,0.10302255879125803,1.1994529166704657e-15,8.608816362981585e-05,2
0.93,0.0,0.0,0.25512952413657436,0.0,0.0,nan,0,0.004058249071901342,0.0,-0.25512952413657164,0.0,0.0,nan,0,-0.044059342098083085,0.0,1.0565444009007998e-05,0.0,0.0,nan,0,-0.040000058394692034,0.09642867703645892,1.0600089047775456e-15,1.9044095928470773e-05,2
0.935,0.0,0.0,0.25512952413657436,0.0,0.0,nan,0,0.0044055049570836426,0.0,-0.25512952413657164,0.0,0.0,nan,0,-0.044406597983265385,0.0,2.2687375965458136e-06,0.0,0.0,nan,0,-0.0400000128922006,0.047378677036458886,8.956958971330224e-16,4.2045942928023905e-06,1
0.9400000000000001,0.0,0.0,0.25512952413657436,0.0,0.0,nan,0,0.004507510842265933,0.0,-0.2551295241365717,0.0,0.0,nan,0,-0.044508603868447676,0.0,4.871936281981935e-07,0.0,0.0,nan,0,-0.04000000284628449,-0.0016713229635411124,7.189483916126975e-16,9.282722658980801e-07,1
0.9450000000000001,0.0,0.0,0.2551132331203656,0.0,0.0,nan,0,0.004560970153636681,0.0,-0.25511323312036305,0.0,0.0,nan,0,-0.04456206317981842,0.0,1.0462113492079866e-07,0.0,0.0,nan,0,-0.040000000628390486,0.08041429449542918,7.340474247475994e-16,2.0493996006209135e-07,1
0.9500000000000001,0.0,0.0,0.2551132331203656,0.0,0.0,nan,0,0.004828154126113829,0.0,-0.255113233120363,0.0,0.0,nan,0,-0.04482924715229557,0.0,2.246659395685487e-08,0.0,0.0,nan,0,-0.04000000013873335,0.031364294495429164,6.070379107304814e-16,4.524576690489086e-08,1
0.9550000000000001,0.0,0.0,0.2551132331203656,0.0,0.0,nan,0,0.004850088098590978,0.0,-0.25511323312036294,0.0,0.0,nan,0,-0.044851181124772724,0.0,4.8245287266233445e-09,0.0,0.0,nan,0,-0.04000000003062895,-0.017685705504570836,3.023927127733384e-16,9.98916706972581e-09,1
0.96,0.0,0.0,0.2551132331203656,0.0,0.0,nan,0,0.004626772071068121,0.0,-0.2551132331203629,0.0,0.0,nan,0,-0.044627865097249864,0.0,1.0360288701588674e-09,0.0,0.0,nan,0,-0.040000000006762126,-0.06673570550457084,1.6710756575312313e-15,2.2053665864516037e-09,2
0.965,0.0,0.0,0.2551132331203656,0.0,0.0,nan,0,0.004158206043545266,0.0,-0.2551132331203629,0.0,0.0,nan,0,-0.04415929906972701,0.0,2.2247729346064222e-10,0.0,0.0,nan,0,-0.0400000000014929,-0.1157857055045709,1.6648584085933303e-15,4.868918053088725e-10,2
0.97,0.0,0.0,0.2550991116589705,0.0,0.0,nan,0,0.0037329519030968213,0.0,-0.25509911165896776,0.0,0.0,nan,0,-0.043734044929278564,0.0,4.777329910985812e-11,0.0,0.0,nan,0,-0.04000000000032958,-0.08238945205474045,1.6630820517539299e-15,1.0749478395384008e-10,2
0.975,0.0,0.0,0.2550991116589705,0.0,0.0,nan,0,0.00318611714282312,0.0,-0.25509911165896776,0.0,0.0,nan,0,-0.04318721016900486,0.0,1.0256661190922464e-11,0.0,0.0,nan,0,-0.04000000000007275,-0.1314394520547405,1.6497593754584281e-15,2.3732098277392784e-11,2
0.98,0.0,0.0,0.2550991116589705,0.0,0.0,nan,0,0.002394032382549413,0.0,-0.25509911165896776,0.0,0.0,nan,0,-0.04239512540873115,0.0,2.200406936713719e-12,0.0,0.0,nan,0,-0.04000000000001605,-0.18048945205474043,1.6284430933856253e-15,5.2397031066822325e-12,2
0.985,0.0,0.0,0.25518605536528477,0.0,0.0,nan,0,0.0016841264749867697,0.0,-0.25518605536528205,0.0,0.0,nan,0,-0.04168521950116851,0.0,4.704581348290586e-13,0.0,0.0,nan,0,-0.040000000000003526,0.02077184431303782,1.605350454473422e-15,1.15685438090954e-12,2
0.99,0.0,0.0,0.25518605536528477,0.0,0.0,nan,0,0.0016530981965519574,0.0,-0.25518605536528205,0.0,0.0,nan,0,-0.0416541912227337,0.0,9.884207558458725e-14,0.0,0.0,nan,0,-0.040000000000000764,-0.02827815568696218,1.6240022012871247e-15,2.5587819835995574e-13,2
0.995,0.0,0.0,0.2551653121410603,0.0,0.0,nan,0,0.0028952834577944363,0.0,-0.2551653121410576,0.0,0.0,nan,0,-0.04289637648397618,0.0,1.9151796189236953e-14,0.0,0.0,nan,0,-0.040000000000000153,0.33339991801586344,1.6097913465719225e-15,5.664467978808277e-14,2
1.0,0.0,0.0,0.2551653121410603,0.0,0.0,nan,0,0.004427395547873757,0.0,-0.2551653121410576,0.0,0.0,nan,0,-0.0444284885740555,0.0,1.9268971165916175e-15,0.0,0.0,nan,0,-0.04000000000000002,0.2843499180158635,1.5787051018824178e-15,1.2746461394404082e-14,2
1.0050000000000001,0.0,0.0,0.2551653121410603,0.0,0.0,nan,0,0.005714257637953076,0.0,-0.2551653121410576,0.0,0.0,nan,0,-0.04571535066413482,0.0,-2.7870613456343902e-15,0.0,0.0,nan,0,-0.039999999999999994,0.23529991801586359,1.5458425003535133e-15,2.559054920443644e-15,2
1.01,0.0,0.0,0.25516379137890394,0.0,0.0,nan,0,0.0075363995191773045,0.0,-0.25516379137890133,0.0,0.0,nan,0,-0.04753749254535905,0.0,-3.2742828313791366e-15,0.0,0.0,nan,0,-0.03999999999999999,0.4984618344738256,1.6373248775826263e-15,3.5333866468546812e-15,2
1.0150000000000001,0.0,0.0,0.25516379137890394,0.0,0.0,nan,0,0.009893821191546429,0.0,-0.2551637913789013,0.0,0.0,nan,0,-0.04989491421772817,0.0,-2.5589066013015466e-15,0.0,0.0,nan,0,-0.03999999999999999,0.44941183447382566,1.6106795249916228e-15,1.7605825211332313e-15,2
1.02,0.0,0.0,0.25516379137890394,0.0,0.0,nan,0,0.01200599286391556,0.0,-0.2551637913789013,0.0,0.0,nan,0,-0.0520070858900973,0.0,-2.5327568256933262e-15,0.0,0.0,nan,0,-0.03999999999999999,0.40036183447382573,1.583145993980919e-15,1.9320009561353555e-15,2
1.025,0.0,0.0,0.25516379137890394,0.0,0.0,nan,0,0.0138729145362847,0.0,-0.2551637913789012,0.0,0.0,nan,0,-0.05387400756246644,0.0,-2.786705768554422e-15,0.0,0.0,nan,0,-0.03999999999999999,0.3513118344738258,1.553836106130815e-15,1.6024867624266094e-15,2
1.03,0.0,0.0,0.25516379137890394,0.0,0.0,nan,0,0.015494586208653825,0.0,-0.2551637913789012,0.0,0.0,nan,0,-0.05549567923483557,0.0,-4.310394368124855e-15,0.0,0.0,nan,0,-0.03999999999999999,0.3022618344738259,1.4881109030730056e-15,1.173496585711449e-15,2
1.035,0.0,0.0,0.25516379137890394,0.0,0.0,nan,0,0.016871007881022946,0.0,-0.2551637913789012,0.0,0.0,nan,0,-0.05687210090720469,0.0,-3.376485012685753e-15,0.0,0.0,nan,0,-0.03999999999999999,0.25321183447382595,1.4241620568545965e-15,1.0029663291290253e-15,2
1.04,0.0,0.0,0.25516379137890394,0.0,0.0,nan,0,0.018002179553392093,0.0,-0.2551637913789012,0.0,0.0,nan,0,-0.058003272579573835,0.0,-2.3098151897758734e-15,0.0,0.0,nan,0,-0.03999999999999999,0.20416183447382602,1.3104752191329804e-15,1.1530684820583463e-15,2
1.045,0.0,0.0,0.25516379137890394,0.0,0.0,nan,0,0.01888810122576121,0.0,-0.2551637913789012,0.0,0.0,nan,0,-0.05888919425194295,0.0,-1.9415925255565883e-15,0.0,0.0,nan,0,-0.03999999999999999,0.1551118344738261,1.2554081571115727e-15,1.3537968049105745e-15,2
1.05,0.0,0.0,0.25516379137890394,0.0,0.0,nan,0,0.019528772898130337,0.0,-0.2551637913789012,0.0,0.0,nan,0,-0.05952986592431208,0.0,-1.8797281406932508e-15,0.0,0.0,nan,0,-0.03999999999999999,0.10606183447382612,1.1452740330687571e-15,1.0793496732232357e-15,2
1.055,0.0,0.0,0.25516379137890394,0.0,0.0,nan,0,0.01992419457049949,0.0,-0.2551637913789012,0.0,0.0,nan,0,-0.05992528759668123,0.0,-4.367247815830813e-15,0.0,0.0,nan,0,-0.03999999999999999,0.05701183447382607,1.0084945564349377e-15,1.5154452772959975e-15,1
1.06,0.0,0.0,0.25516379137890394,0.0,0.0,nan,0,0.0200743662428686,0.0,-0.2551637913789012,0.0,0.0,nan,0,-0.06007545926905034,0.0,-7.296591043443978e-15,0.0,0.0,nan,0,-0.03999999999999999,0.007961834473826077,8.637214740238173e-16,1.505675314679296e-15,1
1.065,0.0,0.0,0.25516379137890394,0.0,0.0,nan,0,0.019979287915237735,0.0,-0.2551637913789012,0.0,0.0,nan,0,-0.05998038094141948,0.0,-4.718280147059295e-15,0.0,0.0,nan,0,-0.03999999999999999,-0.04108816552617393,6.718749353685902e-16,1.2951770292103662e-15,1
1.07,0.0,0.0,0.25516379137890394,0.0,0.0,nan,0,0.019638959587606874,0.0,-0.2551637913789012,0.0,0.0,nan,0,-0.059640052613788616,0.0,-4.253629529103199e-15,0.0,0.0,nan,0,-0.03999999999999999,-0.09013816552617396,4.3117858362985633e-16,1.4763654268291917e-15,1
1.075,0.0,0.0,0.25516379137890394,0.0,0.0,nan,0,0.01905338125997599,0.0,-0.2551637913789012,0.0,0.0,nan,0,-0.05905447428615773,0.0,-2.620499818319759e-15,0.0,0.0,nan,0,-0.03999999999999999,-0.139188165526174,1.6808456201479326e-15,1.2916243155315655e-15,2
1.08,0.0,0.0,0.25516379137890394,0.0,0.0,nan,0,0.01822255293234513,0.0,-0.2551637913789012,0.0,0.0,nan,0,-0.05822364595852687,0.0,-1.0629152246771236e-15,0.0,0.0,nan,0,-0.03999999999999999,-0.18823816552617392,1.6719638359509313e-15,1.4479437173987875e-15,2
1.085,0.0,0.0,0.25516379137890394,0.0,0.0,nan,0,0.017146474604714256,0.0,-0.2551637913789012,0.0,0.0,nan,0,-0.057147567630896,0.0,-3.5790992734636005e-15,0.0,0.0,nan,0,-0.03999999999999999,-0.23728816552617385,1.6657465870130304e-15,1.4390619332017862e-15,2
1.09,0.0,0.0,0.25516379137890394,0.0,0.0,nan,0,0.01582514627708338,0.0,-0.2551637913789012,0.0,0.0,nan,0,-0.05582623930326512,0.0,-4.692219715809321e-15,0.0,0.0,nan,0,-0.03999999999999999,-0.2863381655261738,1.6444303049402275e-15,9.967490801911239e-16,2
1.095,0.0,0.0,0.25516379137890394,0.0,0.0,nan,0,0.014258567949452527,0.0,-0.2551637913789012,0.0,0.0,nan,0,-0.05425966097563427,0.0,-2.1363634719729135e-15,0.0,0.0,nan,0,-0.03999999999999999,-0.33538816552617373,1.6240022012871247e-15,1.6424547913131152e-15,2
1.1,0.0,0.0,0.25516379137890394,0.0,0.0,nan,0,0.012446739621821645,0.0,-0.2551637913789012,0.0,0.0,nan,0,-0.05244783264800339,0.0,-2.9370162580629414e-15,0.0,0.0,nan,0,-0.03999999999999999,-0.38443816552617366,1.6097913465719227e-15,1.3324805228377717e-15,2
1.105,0.0,0.0,0.255097457456929,0.0,0.0,nan,0,0.01865697056690421,0.0,-0.2550974574569263,0.0,0.0,nan,0,-0.05865806359308595,0.0,-4.412793877759807e-15,0.0,0.0,nan,0,-0.03999999999999999,1.8502178480161182,1.5920277781779202e-15,2.550173136246644e-15,2
1.11,0.0,0.0,0.255097457456929,0.0,0.0,nan,0,0.027773172306984808,0.0,-0.2550974574569263,0.0,0.0,nan,0,-0.06777426533316655,0.0,-2.1005890994669456e-15,0.0,0.0,nan,0,-0.03999999999999999,1.8011678480161188,1.5618297119081161e-15,1.5189979909747988e-15,2
1.115,0.0,0.0,0.255097457456929,0.0,0.0,nan,0,0.03664412404706542,0.0,-0.2550974574569263,0.0,0.0,nan,0,-0.07664521707324716,0.0,-2.075633216572525e-15,0.0,0.0,nan,0,-0.03999999999999999,1.7521178480161195,1.5236380398610106e-15,1.1397458057628453e-15,2
1.12,0.0,0.0,0.255097457456929,0.0,0.0,nan,0,0.045269825787146015,0.0,-0.2550974574569263,0.0,0.0,nan,0,-0.08527091881332777,0.0,-2.6523512207523512e-15,0.0,0.0,nan,0,-0.03999999999999999,1.70306784801612,1.454360123124401e-15,1.7517007369362316e-15,2
1.125,0.0,0.0,0.255097457456929,0.0,0.0,nan,0,0.053650277527226606,0.0,-0.2550974574569263,0.0,0.0,nan,0,-0.09365137055340836,0.0,-3.0808146512525186e-15,0.0,0.0,nan,0,-0.03999999999999999,1.6540178480161207,1.3708713516725891e-15,1.764135234812033e-15,2
1.1300000000000001,0.0,0.0,0.255097457456929,0.0,0.0,nan,0,0.06178547926730717,0.0,-0.2550974574569263,0.0,0.0,nan,0,-0.10178657229348892,0.0,-3.1434407123784672e-15,0.0,0.0,nan,0,-0.03999999999999999,1.6049678480161214,1.2944880075783785e-15,1.4257392569062852e-15,2
1.135,0.0,0.0,0.255097457456929,0.0,0.0,nan,0,0.06967543100738775,0.0,-0.2550974574569263,0.0,0.0,nan,0,-0.1096765240335695,0.0,-3.143925272721348e-15,0.0,0.0,nan,0,-0.03999999999999999,1.555917848016122,1.178136634597662e-15,1.5811704803538072e-15,2
1.1400000000000001,0.0,0.0,0.255097457456929,0.0,0.0,nan,0,0.07732013274746836,0.0,-0.2550974574569263,0.0,0.0,nan,0,-0.11732122577365012,0.0,-2.8376027283897287e-15,0.0,0.0,nan,0,-0.03999999999999999,1.5068678480161226,1.036028087445642e-15,1.551860592503703e-15,2
1.145,0.0,0.0,0.255097457456929,0.0,0.0,nan,0,0.084719584487549,0.0,-0.2550974574569263,0.0,0.0,nan,0,-0.12472067751373075,0.0,-2.5390670836597803e-15,0.0,0.0,nan,0,-0.03999999999999999,1.4578178480161232,7.997726278054087e-16,1.6513365755101176e-15,1
1.1500000000000001,0.0,0.0,0.255097457456929,0.0,0.0,nan,0,0.09187378622762966,0.0,-0.2550974574569263,0.0,0.0,nan,0,-0.13187487925381142,0.0,-2.4557173995904712e-15,0.0,0.0,nan,0,-0.03999999999999999,1.4087678480161239,6.39012333839686e-16,1.787227873724237e-15,1
1.155,0.0,0.0,0.255097457456929,0.0,0.0,nan,0,0.0987827379677103,0.0,-0.2550974574569263,0.0,0.0,nan,0,-0.13878383099389205,0.0,-2.6260350320631518e-15,0.0,0.0,nan,0,-0.03999999999999999,1.3597178480161245,3.5035434743714526e-16,1.3777776222424788e-15,1
1.16,0.0,0.0,0.255097457456929,0.0,0.0,nan,0,0.10544643970779087,0.0,-0.2550974574569263,0.0,0.0,nan,0,-0.14544753273397262,0.0,-2.734763987774293e-15,0.0,0.0,nan,0,-0.03999999999999999,1.3106678480161251,1.6790692633085328e-15,1.724167205925528e-15,2
1.165,0.0,0.0,0.255097457456929,0.0,0.0,nan,0,0.11186489144787161,0.0,-0.2550974574569263,0.0,0.0,nan,0,-0.15186598447405336,0.0,-2.826849422633555e-15,0.0,0.0,nan,0,-0.03999999999999999,1.2616178480161258,1.6675229438524312e-15,1.4301801490047868e-15,2
1.17,0.0,0.0,0.255097457456929,0.0,0.0,nan,0,0.11803809318795232,0.0,-0.2550974574569263,0.0,0.0,nan,0,-0.15803918621413407,0.0,-2.426202567173299e-15,0.0,0.0,nan,0,-0.03999999999999999,1.2125678480161264,1.6533120891372288e-15,1.889368391989752e-15,2
1.175,0.0,0.0,0.255097457456929,0.0,0.0,nan,0,0.12396604492803283,0.0,-0.2550974574569263,0.0,0.0,nan,0,-0.16396713795421458,0.0,-2.5100089289150367e-15,0.0,0.0,nan,0,-0.03999999999999999,1.163517848016127,1.6355485207432263e-15,1.557189663021905e-15,2
1.18,0.0,0.0,0.255097457456929,0.0,0.0,nan,0,0.12964874666811338,0.0,-0.2550974574569263,0.0,0.0,nan,0,-0.16964983969429512,0.0,-3.279561317688015e-15,0.0,0.0,nan,0,-0.03999999999999999,1.1144678480161276,1.612455881831023e-15,2.4666843647948335e-15,2
1.185,0.0,0.0,0.255097457456929,0.0,0.0,nan,0,0.13508619840819394,0.0,-0.2550974574569263,0.0,0.0,nan,0,-0.17508729143437568,0.0,-2.8567363892881554e-15,0.0,0.0,nan,0,-0.03999999999999999,1.0654178480161283,1.5795932803021182e-15,1.6033749408463118e-15,2
1.19,0.0,0.0,0.255097457456929,0.0,0.0,nan,0,0.14027840014827453,0.0,-0.2550974574569263,0.0,0.0,nan,0,-0.18027949317445627,0.0,-2.6677324218052175e-15,0.0,0.0,nan,0,-0.03999999999999999,1.016367848016129,1.5378488945762124e-15,1.3662313027863787e-15,2
1.195,0.0,0.0,0.255097457456929,0.0,0.0,nan,0,0.14522535188835514,0.0,-0.2550974574569263,0.0,0.0,nan,0,-0.18522644491453688,0.0,-2.7319317204348902e-15,0.0,0.0,nan,0,-0.03999999999999999,0.9673178480161287,1.4978808656897066e-15,1.6868637122981239e-15,2
1.2,0.0,0.0,0.255097457456929,0.0,0.0,nan,0,0.14992705362843578,0.0,-0.2550974574569263,0.0,0.0,nan,0,-0.18992814665461752,0.0,-2.8252146333863645e-15,0.0,0.0,nan,0,-0.03999999999999999,0.9182678480161283,1.4419256252485986e-15,1.4284037921653871e-15,2
1.205,0.0,0.0,0.255097457456929,0.0,0.0,nan,0,0.15438350536851644,0.0,-0.2550974574569263,0.0,0.0,nan,0,-0.19438459839469818,0.0,-2.4326995270833646e-15,0.0,0.0,nan,0,-0.03999999999999999,0.8692178480161278,1.3753122437710893e-15,1.8494003631032466e-15,2
1.21,0.0,0.0,0.255097457456929,0.0,0.0,nan,0,0.15859470710859713,0.0,-0.2550974574569263,0.0,0.0,nan,0,-0.19859580013477887,0.0,-2.515610918887732e-15,0.0,0.0,nan,0,-0.03999999999999999,0.8201678480161273,1.3184688249102812e-15,1.5536369493431048e-15,2
1.215,0.0,0.0,0.255097457456929,0.0,0.0,nan,0,0.16256065884867785,0.0,-0.2550974574569263,0.0,0.0,nan,0,-0.20256175187485959,0.0,-3.306563279792335e-15,0.0,0.0,nan,0,-0.03999999999999999,0.7711178480161268,1.2785007960237758e-15,2.418722730131027e-15,2
1.22,0.0,0.0,0.255097457456929,0.0,0.0,nan,0,0.1662813605887586,0.0,-0.2550974574569263,0.0,0.0,nan,0,-0.20628245361494033,0.0,-2.845941861055148e-15,0.0,0.0,nan,0,-0.03999999999999999,0.7220678480161263,1.1612612446233592e-15,1.6015985840069118e-15,2
1.225,0.0,0.0,0.255097457456929,0.0,0.0,nan,0,0.16975681232883927,0.0,-0.2550974574569263,0.0,0.0,nan,0,-0.209757905355021,0.0,-2.642754663954559e-15,0.0,0.0,nan,0,-0.03999999999999999,0.6730178480161259,1.0129354485334384e-15,1.7916687658227385e-15,2
1.23,0.0,0.0,0.255097457456929,0.0,0.0,nan,0,0.17298701406891978,0.0,-0.2550974574569263,0.0,0.0,nan,0,-0.21298810709510152,0.0,-2.3486687470218747e-15,0.0,0.0,nan,0,-0.03999999999999999,0.6239678480161254,8.637214740238173e-16,1.3200460249619723e-15,1
1.235,0.0,0.0,0.255097457456929,0.0,0.0,nan,0,0.17597196580900032,0.0,-0.2550974574569263,0.0,0.0,nan,0,-0.21597305883518206,0.0,-2.3046191308444e-15,0.0,0.0,nan,0,-0.03999999999999999,0.5749178480161249,6.399005122593857e-16,1.3458031991332759e-15,1
1.24,0.0,0.0,0.255097457456929,0.0,0.0,nan,0,0.17871166754908088,0.0,-0.2550974574569263,0.0,0.0,nan,0,-0.21871276057526262,0.0,-3.2618624586398844e-15,0.0,0.0,nan,0,-0.03999999999999999,0.5258678480161244,2.393320449746291e-16,1.0225062543624302e-15,1
1.245,0.0,0.0,0.255097457456929,0.0,0.0,nan,0,0.18120611928916147,0.0,-0.2550974574569263,0.0,0.0,nan,0,-0.2212072123153432,0.0,-4.024393956060863e-15,0.0,0.0,nan,0,-0.03999999999999999,0.4768178480161242,1.6755165496297319e-15,4.158803937072444e-16,2
1.25,0.0,0.0,0.255097457456929,0.0,0.0,nan,0,0.18345532102924209,0.0,-0.2550974574569263,0.0,0.0,nan,0,-0.22345641405542382,0.0,-3.075367955788617e-15,0.0,0.0,nan,0,-0.03999999999999999,0.4277678480161243,1.6648584085933301e-15,1.5358733809491026e-15,2
1.2550000000000001,0.0,0.0,0.255097457456929,0.0,0.0,nan,0,0.18545927276932272,0.0,-0.2550974574569263,0.0,0.0,nan,0,-0.22546036579550446,0.0,-7.053973047013089e-16,0.0,0.0,nan,0,-0.03999999999999999,0.37871784801612435,1.6506475538781283e-15,1.3218223818013728e-15,2
1.26,0.0,0.0,0.255097457456929,0.0,0.0,nan,0,0.1872179745094034,0.0,-0.2550974574569263,0.0,0.0,nan,0,-0.22721906753558513,0.0,-4.586731129505874e-15,0.0,0.0,nan,0,-0.03999999999999999,0.3296678480161244,1.6382130560023266e-15,1.0065190428078283e-15,2
1.2650000000000001,0.0,0.0,0.255097457456929,0.0,0.0,nan,0,0.18873142624948408,0.0,-0.2550974574569263,0.0,0.0,nan,0,-0.22873251927566582,0.0,-7.007646675715646e-16,0.0,0.0,nan,0,-0.03999999999999999,0.2806178480161245,1.6160085955098235e-15,7.720399400069954e-16,2
1.27,0.0,0.0,0.255097457456929,0.0,0.0,nan,0,0.1899996279895648,0.0,-0.2550974574569263,0.0,0.0,nan,0,-0.23000072101574653,0.0,5.927375653054669e-16,0.0,0.0,nan,0,-0.03999999999999999,0.23156784801612457,1.5875868860794195e-15,2.3227994608034145e-15,2
1.2750000000000001,0.0,0.0,0.255097457456929,0.0,0.0,nan,0,0.19102257972964554,0.0,-0.2550974574569263,0.0,0.0,nan,0,-0.23102367275582728,0.0,-3.1259444140651376e-15,0.0,0.0,nan,0,-0.03999999999999999,0.18251784801612464,1.5458425003535135e-15,1.347579555972677e-15,2
1.28,0.0,0.0,0.255097457456929,0.0,0.0,nan,0,0.1918002814697261,0.0,-0.2550974574569263,0.0,0.0,nan,0,-0.23180137449590785,0.0,-3.2389853895068068e-15,0.0,0.0,nan,0,-0.03999999999999999,0.1334678480161247,1.485446367813905e-15,2.1194066026920857e-15,2
1.285,0.0,0.0,0.255097457456929,0.0,0.0,nan,0,0.19233273320980662,0.0,-0.2550974574569263,0.0,0.0,nan,0,-0.23233382623598836,0.0,-2.812573163584182e-15,0.0,0.0,nan,0,-0.03999999999999999,0.08441784801612467,1.401069417942393e-15,2.29171321611391e-15,2
1.29,0.0,0.0,0.255097457456929,0.0,0.0,nan,0,0.19261993494988716,0.0,-0.2550974574569263,0.0,0.0,nan,0,-0.2326210279760689,0.0,-2.639064232408946e-15,0.0,0.0,nan,0,-0.03999999999999999,0.035367848016124664,1.3175806464905816e-15,2.516422356298042e-15,2
1.295,0.0,0.0,0.255097457456929,0.0,0.0,nan,0,0.19266188668996773,0.0,-0.2550974574569263,0.0,0.0,nan,0,-0.23266297971614947,0.0,-2.7058467173590615e-15,0.0,0.0,nan,0,-0.03999999999999999,-0.013682151983875337,1.2785007960237762e-15,1.3511322696514784e-15,2
1.3,0.0,0.0,0.255097457456929,0.0,0.0,nan,0,0.19245858843004832,0.0,-0.2550974574569263,0.0,0.0,nan,0,-0.23245968145623006,0.0,-2.7126737225086783e-15,0.0,0.0,nan,0,-0.03999999999999999,-0.06273215198387534,1.1834657051158628e-15,1.356461340169679e-15,2
1.305,0.0,0.0,0.255097457456929,0.0,0.0,nan,0,0.19201004017012893,0.0,-0.2550974574569263,0.0,0.0,nan,0,-0.23201113319631067,0.0,-2.7145906113284643e-15,0.0,0.0,nan,0,-0.03999999999999999,-0.11178215198387535,1.044021693222943e-15,1.3706721948848808e-15,2
1.31,0.0,0.0,0.255097457456929,0.0,0.0,nan,0,0.19131624191020957,0.0,-0.2550974574569263,0.0,0.0,nan,0,-0.2313173349363913,0.0,-2.7210741330878614e-15,0.0,0.0,nan,0,-0.03999999999999999,-0.1608321519838753,7.837854162508063e-16,1.3857712280197832e-15,1
1.315,0.0,0.0,0.255097457456929,0.0,0.0,nan,0,0.19037719365029024,0.0,-0.2550974574569263,0.0,0.0,nan,0,-0.23037828667647198,0.0,-2.7269198642993706e-15,0.0,0.0,nan,0,-0.03999999999999999,-0.20988215198387522,4.631530067390608e-16,1.4053111532531858e-15,1
1.32,0.0,0.0,0.255097457456929,0.0,0.0,nan,0,0.18919289539037093,0.0,-0.2550974574569263,0.0,0.0,nan,0,-0.22919398841655267,0.0,-2.7216404782981313e-15,0.0,0.0,nan,0,-0.03999999999999999,-0.25893215198387515,1.6817337985676326e-15,1.4390619332017912e-15,2
1.325,0.0,0.0,0.255097457456929,0.0,0.0,nan,0,0.18776334713045165,0.0,-0.2550974574569263,0.0,0.0,nan,0,-0.22776444015663339,0.0,-2.7265965496392685e-15,0.0,0.0,nan,0,-0.03999999999999999,-0.3079821519838751,1.6737401927903316e-15,1.474589069989796e-15,2
1.33,0.0,0.0,0.255097457456929,0.0,0.0,nan,0,0.1860885488705324,0.0,-0.2550974574569263,0.0,0.0,nan,0,-0.22608964189671413,0.0,-2.7260978622379975e-15,0.0,0.0,nan,0,-0.03999999999999999,-0.357032151983875,1.655976624396329e-15,1.5394260946279047e-15,2
1.335,0.0,0.0,0.255097457456929,0.0,0.0,nan,0,0.184168500610613,0.0,-0.2550974574569263,0.0,0.0,nan,0,-0.22416959363679473,0.0,-2.7285244123813616e-15,0.0,0.0,nan,0,-0.03999999999999999,-0.40608215198387493,1.641765769681127e-15,1.6033749408463136e-15,2
1.34,0.0,0.0,0.255097457456929,0.0,0.0,nan,0,0.1820032023506935,0.0,-0.2550974574569263,0.0,0.0,nan,0,-0.22200429537687524,0.0,-2.733639771086027e-15,0.0,0.0,nan,0,-0.03999999999999999,-0.45513215198387486,1.6168967739295237e-15,1.7170617785679295e-15,2
1.345,0.0,0.0,0.255097457456929,0.0,0.0,nan,0,0.17959265409077405,0.0,-0.2550974574569263,0.0,0.0,nan,0,-0.21959374711695578,0.0,-2.730505362109835e-15,0.0,0.0,nan,0,-0.03999999999999999,-0.5041821519838748,1.5955804918567207e-15,1.8032150852788417e-15,2
1.35,0.0,0.0,0.255097457456929,0.0,0.0,nan,0,0.1769368558308546,0.0,-0.2550974574569263,0.0,0.0,nan,0,-0.21693794885703635,0.0,-2.7073420568765052e-15,0.0,0.0,nan,0,-0.03999999999999999,-0.5532321519838753,1.5636060687475162e-15,1.3893239416985835e-15,2
1.355,0.0,0.0,0.255097457456929,0.0,0.0,nan,0,0.1740358075709352,0.0,-0.2550974574569263,0.0,0.0,nan,0,-0.21403690059711694,0.0,-2.7167604147093595e-15,0.0,0.0,nan,0,-0.03999999999999999,-0.6022821519838758,1.5431779650944132e-15,1.4284037921653887e-15,2
1.36,0.0,0.0,0.255097457456929,0.0,0.0,nan,0,0.17088950931101582,0.0,-0.2550974574569263,0.0,0.0,nan,0,-0.21089060233719756,0.0,-2.711754224937726e-15,0.0,0.0,nan,0,-0.03999999999999999,-0.6513321519838763,1.5191971477625099e-15,1.3715603733045806e-15,2
1.365,0.0,0.0,0.255097457456929,0.0,0.0,nan,0,0.16749796105109646,0.0,-0.2550974574569263,0.0,0.0,nan,0,-0.2074990540772782,0.0,-2.7227830077149917e-15,0.0,0.0,nan,0,-0.03999999999999999,-0.7003821519838768,1.4765645836169036e-15,1.7046272806921272e-15,2
1.37,0.0,0.0,0.255097457456929,0.0,0.0,nan,0,0.16386116279117713,0.0,-0.2550974574569263,0.0,0.0,nan,0,-0.20386225581735887,0.0,-2.750181584730789e-15,0.0,0.0,nan,0,-0.03999999999999999,-0.7494321519838772,1.4010694179423928e-15,1.4301801490047885e-15,2
1.375,0.0,0.0,0.255097457456929,0.0,0.0,nan,0,0.15997911453125782,0.0,-0.2550974574569263,0.0,0.0,nan,0,-0.19998020755743956,0.0,-2.663541331163127e-15,0.0,0.0,nan,0,-0.03999999999999999,-0.7984821519838777,1.317580646490581e-15,1.858282147300249e-15,2
1.3800000000000001,0.0,0.0,0.255097457456929,0.0,0.0,nan,0,0.15585181627133854,0.0,-0.2550974574569263,0.0,0.0,nan,0,-0.19585290929752028,0.0,-2.6780762374880395e-15,0.0,0.0,nan,0,-0.03999999999999999,-0.8475321519838782,1.2394209455569699e-15,1.5554133061825064e-15,2
1.385,0.0,0.0,0.255097457456929,0.0,0.0,nan,0,0.15147926801141917,0.0,-0.2550974574569263,0.0,0.0,nan,0,-0.1914803610376009,0.0,-2.8774942362205053e-15,0.0,0.0,nan,0,-0.03999999999999999,-0.8965821519838787,1.0990887552443502e-15,2.5146459994586413e-15,2
1.3900000000000001,0.0,0.0,0.255097457456929,0.0,0.0,nan,0,0.14686146975149966,0.0,-0.2550974574569263,0.0,0.0,nan,0,-0.1868625627776814,0.0,-2.7685351747053237e-15,0.0,0.0,nan,0,-0.03999999999999999,-0.9456321519838792,8.956958971330212e-16,1.605151297685713e-15,1
1.395,0.0,0.0,0.255097457456929,0.0,0.0,nan,0,0.14199842149158018,0.0,-0.2550974574569263,0.0,0.0,nan,0,-0.18199951451776192,0.0,-2.7122956992928528e-15,0.0,0.0,nan,0,-0.03999999999999999,-0.9946821519838797,6.7187493536859e-16,1.3662313027863795e-15,1
1.4000000000000001,0.0,0.0,0.255097457456929,0.0,0.0,nan,0,0.13689012323166072,0.0,-0.2550974574569263,0.0,0.0,nan,0,-0.17689121625784246,0.0,-2.727709380317359e-15,0.0,0.0,nan,0,-0.03999999999999999,-1.0437321519838791,3.3525531430224243e-16,1.6859755338784242e-15,1
1.405,0.0,0.0,0.255097457456929,0.0,0.0,nan,0,0.1315365749717413,0.0,-0.2550974574569263,0.0,0.0,nan,0,-0.17153766799792303,0.0,-2.7483391413008432e-15,0.0,0.0,nan,0,-0.03999999999999999,-1.0927821519838785,1.6755165496297317e-15,1.4275156137456875e-15,2
1.41,0.0,0.0,0.255097457456929,0.0,0.0,nan,0,0.12593777671182188,0.0,-0.2550974574569263,0.0,0.0,nan,0,-0.16593886973800362,0.0,-2.6530094859156677e-15,0.0,0.0,nan,0,-0.03999999999999999,-1.1418321519838779,1.6692993006918309e-15,1.881374786212451e-15,2
1.415,0.0,0.0,0.255097457456929,0.0,0.0,nan,0,0.12009372845190248,0.0,-0.2550974574569263,0.0,0.0,nan,0,-0.16009482147808424,0.0,-2.724862726478687e-15,0.0,0.0,nan,0,-0.03999999999999999,-1.1908821519838773,1.6604175164948294e-15,1.3466913775529759e-15,2
1.42,0.0,0.0,0.255097457456929,0.0,0.0,nan,0,0.11400443019198313,0.0,-0.2550974574569263,0.0,0.0,nan,0,-0.15400552321816488,0.0,-4.683843524040225e-15,0.0,0.0,nan,0,-0.03999999999999999,-1.2399321519838766,1.6373248775826263e-15,1.0855669221611392e-15,2
1.425,0.0,0.0,0.255097457456929,0.0,0.0,nan,0,0.1076698819320638,0.0,-0.2550974574569263,0.0,0.0,nan,0,-0.14767097495824555,0.0,-1.310667462073695e-15,0.0,0.0,nan,0,-0.03999999999999999,-1.288982151983876,1.6133440602507228e-15,2.240338550520178e-16,2
1.43,0.0,0.0,0.255097457456929,0.0,0.0,nan,0,0.1010900836721444,0.0,-0.2550974574569263,0.0,0.0,nan,0,-0.14109117669832616,0.0,-2.7383721252740838e-15,0.0,0.0,nan,0,-0.03999999999999999,-1.3380321519838754,1.5920277781779196e-15,1.3671194812060789e-15,2
1.435,0.0,0.0,0.255097457456929,0.0,0.0,nan,0,0.09426503541222499,0.0,-0.2550974574569263,0.0,0.0,nan,0,-0.13426612843840674,0.0,-2.875318255306287e-15,0.0,0.0,nan,0,-0.03999999999999999,-1.3870821519838747,1.5627178903278154e-15,1.3369214149362746e-15,2
1.44,0.0,0.0,0.255097457456929,0.0,0.0,nan,0,0.0871947371523056,0.0,-0.2550974574569263,0.0,0.0,nan,0,-0.12719583017848735,0.0,-2.791114058188327e-15,0.0,0.0,nan,0,-0.03999999999999999,-1.4361321519838741,1.5307434672186106e-15,1.1734965857114514e-15,2
1.445,0.0,0.0,0.255097457456929,0.0,0.0,nan,0,0.07987918889238622,0.0,-0.2550974574569263,0.0,0.0,nan,0,-0.11988028191856798,0.0,-2.50152355425396e-15,0.0,0.0,nan,0,-0.03999999999999999,-1.4851821519838735,1.4996572225291063e-15,1.348467734392376e-15,2
1.45,0.0,0.0,0.255097457456929,0.0,0.0,nan,0,0.07231839063246688,0.0,-0.2550974574569263,0.0,0.0,nan,0,-0.11231948365864863,0.0,-4.142004302530869e-16,0.0,0.0,nan,0,-0.03999999999999999,-1.5342321519838729,1.4277147705333964e-15,2.2037835525635962e-15,2
1.455,0.0,0.0,0.255097457456929,0.0,0.0,nan,0,0.06451234237254756,0.0,-0.2550974574569263,0.0,0.0,nan,0,-0.10451343539872932,0.0,-4.52606762962514e-15,0.0,0.0,nan,0,-0.03999999999999999,-1.5832821519838722,1.333567858045183e-15,8.990494540241118e-16,2
1.46,0.0,0.0,0.255097457456929,0.0,0.0,nan,0,0.056461044112628214,0.0,-0.2550974574569263,0.0,0.0,nan,0,-0.09646213713880997,0.0,-3.5427611172398954e-15,0.0,0.0,nan,0,-0.03999999999999999,-1.6323321519838716,1.2323155181993687e-15,1.1681675151932497e-15,2
1.465,0.0,0.0,0.255097457456929,0.0,0.0,nan,0,0.04816449585270881,0.0,-0.2550974574569263,0.0,0.0,nan,0,-0.08816558887889056,0.0,-2.2625381932119645e-15,0.0,0.0,nan,0,-0.03999999999999999,-1.681382151983871,1.1514912820066573e-15,2.0616750054115757e-15,2
1.47,0.0,0.0,0.255097457456929,0.0,0.0,nan,0,0.03962269759278943,0.0,-0.2550974574569263,0.0,0.0,nan,0,-0.07962379061897118,0.0,-2.475942143744409e-15,0.0,0.0,nan,0,-0.03999999999999999,-1.7304321519838703,9.960600585591353e-16,2.0670040759297766e-15,2
1.475,0.0,0.0,0.255097457456929,0.0,0.0,nan,0,0.030835649332870075,0.0,-0.2550974574569263,0.0,0.0,nan,0,-0.07083674235905182,0.0,-2.7306698281533065e-15,0.0,0.0,nan,0,-0.03999999999999999,-1.7794821519838697,8.94807718713321e-16,1.729496276443729e-15,1
1.48,0.0,0.0,0.255097457456929,0.0,0.0,nan,0,0.021803351072950745,0.0,-0.2550974574569263,0.0,0.0,nan,0,-0.06180444409913249,0.0,-2.2256652511760455e-15,0.0,0.0,nan,0,-0.03999999999999999,-1.828532151983869,6.070379107304804e-16,1.731272633283129e-15,1
1.485,0.0,0.0,0.2543723068674934,1985.544794006109,982.122905002397,0.9892729773382039,1,0.01302218901153292,0.0,-0.2543723068674907,0.0,0.0,nan,0,-0.05302328203771466,0.0,-3.0772674081990373e-15,0.0,0.0,nan,0,-0.03999999999999999,-0.8848097549808139,3.1926810274763986e-16,1.8396304004865444e-15,4
1.49,0.0,0.0,0.25426688801397074,0.0,0.0,nan,0,0.023912797773863185,0.0,-0.254266888013968,0.0,0.0,nan,0,-0.06391389080004492,0.0,-2.516882399964995e-15,0.0,0.0,nan,0,-0.03999999999999999,2.156049252466057,1.6790692633085316e-15,1.4115284021910844e-15,2
1.495,0.0,0.0,0.2542668880139708,0.0,0.0,nan,0,0.03455815653619347,0.0,-0.2542668880139681,0.0,0.0,nan,0,-0.07455924956237522,0.0,-2.5770786137802557e-15,0.0,0.0,nan,0,-0.03999999999999999,2.1069992524660575,1.66752294385243e-15,1.4568255015957907e-15,2
1.5,0.0,0.0,0.25426688801397074,0.0,0.0,nan,0,0.04495826529852377,0.0,-0.254266888013968,0.0,0.0,nan,0,-0.08495935832470553,0.0,-2.7726263739976466e-15,0.0,0.0,nan,0,-0.03999999999999999,2.057949252466058,1.6595293380751286e-15,1.344915020713575e-15,2
1.5050000000000001,0.017999999999999794,0.0012713344400699933,0.25426688801397074,0.0,0.0,nan,0,0.055113124060854043,-0.0012713344400699933,-0.254266888013968,0.0,0.0,nan,0,-0.0951142170870358,1.2529791405813118e-09,4.787550446027686e-07,0.0,0.0,nan,0,-0.039999999999999994,2.0088992524660587,1.6373248775826255e-15,-1.0286669563679264e-14,2
1.51,0.038000000000000256,0.0025426688801399866,0.25426688801397074,0.0,0.0,nan,0,0.06502273282318434,-0.0025426688801399866,-0.254266888013968,0.0,0.0,nan,0,-0.10502382584936609,4.255378677903154e-09,6.604447213208389e-07,0.0,0.0,nan,0,-0.040000000000000153,1.9598492524660593,1.6151204170901223e-15,-4.775802891240785e-14,2
1.5150000000000001,0.05799999999999983,0.00381400332020998,0.25426688801397074,0.0,0.0,nan,0,0.07468709158551466,-0.00381400332020998,-0.254266888013968,0.0,0.0,nan,0,-0.11468818461169641,7.69065499825472e-09,7.000945061205403e-07,0.0,0.0,nan,0,-0.04000000000000051,1.91079925246606,1.585810529240018e-15,-8.538659584142334e-14,2
1.52,0.07800000000000029,0.005085337760279973,0.25426688801397074,0.0,0.0,nan,0,0.08410620034784501,-0.005085337760279973,-0.254266888013968,0.0,0.0,nan,0,-0.12410729337402676,1.1220366746833577e-08,7.088504385887164e-07,0.0,0.0,nan,0,-0.040000000000000965,1.8617492524660606,1.5529479277111135e-15,-9.806623096106231e-14,2
1.5250000000000001,0.09799999999999986,0.0063566722003499665,0.25426688801397074,0.0,0.0,nan,0,0.09328005911017533,-0.0063566722003499665,-0.254266888013968,0.0,0.0,nan,0,-0.13328115213635708,1.4771556092890714e-08,7.109700579305705e-07,0.0,0.0,nan,0,-0.04000000000000151,1.8126992524660612,1.5040981146276066e-15,-1.1625790135336028e-13,2
1.53,0.11800000000000033,0.00762800664041996,0.25426688801397074,0.0,0.0,nan,0,0.10220866787250558,-0.00762800664041996,-0.254266888013968,0.0,0.0,nan,0,-0.14220976089868734,1.832855419520163e-08,7.116645399580333e-07,0.0,0.0,nan,0,-0.040000000000002145,1.7636492524660619,1.4516955878652993e-15,-1.3954061044737936e-13,2
1.5350000000000001,0.1379999999999999,0.008899341080489953,0.25426688801397074,0.0,0.0,nan,0,0.11089202663483595,-0.008899341080489953,-0.254266888013968,0.0,0.0,nan,0,-0.1508931196610177,2.1887996214109418e-08,7.120529779805034e-07,0.0,0.0,nan,0,-0.04000000000000287,1.7145992524660625,1.370871351672588e-15,-1.4990121171318131e-13,2
1.54,0.15800000000000036,0.010170675520559946,0.25426688801397074,0.0,0.0,nan,0,0.11933013539716632,-0.010170675520559946,-0.254266888013968,0.0,0.0,nan,0,-0.15933122842334807,2.5449159557489054e-08,7.123756937752435e-07,0.0,0.0,nan,0,-0.04000000000000366,1.6655492524660631,1.2625135844691728e-15,-1.6517077510466587e-13,2
1.545,0.17799999999999994,0.01144200996062994,0.25426688801397074,0.0,0.0,nan,0,0.12752299415949653,-0.01144200996062994,-0.254266888013968,0.0,0.0,nan,0,-0.16752408718567827,2.9011889054325612e-08,7.126842962277575e-07,0.0,0.0,nan,0,-0.04000000000000453,1.6164992524660637,1.1070823610216508e-15,-1.8612645673907062e-13,2
1.55,0.1980000000000004,0.012713344400699933,0.25426688801397074,0.0,0.0,nan,0,0.13547060292182675,-0.012713344400699933,-0.254266888013968,0.0,0.0,nan,0,-0.1754716959480085,3.2576151373642226e-08,7.129898675928397e-07,0.0,0.0,nan,0,-0.0400000000000055,1.5674492524660644,9.605329217711303e-16,-2.01399572844234e-13,1
1.555,0.21799999999999997,0.013984678840769926,0.25426688801397074,0.0,0.0,nan,0,0.143172961684157,-0.013984678840769926,-0.254266888013968,0.0,0.0,nan,0,-0.18317405471033874,3.614193936837817e-08,7.132947880667928e-07,0.0,0.0,nan,0,-0.040000000000006544,1.518399252466065,6.87862146923192e-16,-2.1458014059258384e-13,1
1.56,0.23800000000000043,0.01525601328083992,0.25426688801397074,0.0,0.0,nan,0,0.15063007044648727,-0.01525601328083992,-0.254266888013968,0.0,0.0,nan,0,-0.190631163472669,3.9709251487690667e-08,7.135995687106352e-07,0.0,0.0,nan,0,-0.04000000000000768,1.4693492524660656,3.9920416052065125e-16,-2.358431319602048e-13,1
1.565,0.258,0.016527347720909913,0.25426688801397074,0.0,0.0,nan,0,0.15784192920881757,-0.016527347720909913,-0.254266888013968,0.0,0.0,nan,0,-0.1978430222349993,4.327808740892114e-08,7.139043192905218e-07,0.0,0.0,nan,0,-0.040000000000008896,1.4202992524660663,1.681733798567632e-15,-2.4767722122428924e-13,2
1.57,0.27800000000000047,0.017798682160979906,0.25426688801397074,0.0,0.0,nan,0,0.1648085379711479,-0.017798682160979906,-0.254266888013968,0.0,0.0,nan,0,-0.20480963099732963,4.68484470661501e-08,7.142090634674861e-07,0.0,0.0,nan,0,-0.04000000000001018,1.3712492524660669,1.6719638359509308e-15,-2.645348476301976e-13,2
1.575,0.29800000000000004,0.0190700166010499,0.25426688801397074,0.0,0.0,nan,0,0.17152989673347824,-0.0190700166010499,-0.254266888013968,0.0,0.0,nan,0,-0.21153098975965998,5.0420330442030314e-08,7.145138059795234e-07,0.0,0.0,nan,0,-0.04000000000001157,1.3221992524660675,1.6595293380751288e-15,-2.857711936452275e-13,2
1.58,0.3180000000000005,0.020341351041119893,0.25426688801397074,0.0,0.0,nan,0,0.1780060054958086,-0.020341351041119893,-0.254266888013968,0.0,0.0,nan,0,-0.21800709852199035,5.399373752962289e-08,7.148185482393537e-07,0.0,0.0,nan,0,-0.04000000000001303,1.2731492524660681,1.6417657696811263e-15,-2.978060112321642e-13,2
1.585,0.3380000000000001,0.021612685481189886,0.25426688801397074,0.0,0.0,nan,0,0.184236864258139,-0.021612685481189886,-0.254266888013968,0.0,0.0,nan,0,-0.22423795728432075,5.756866832892782e-08,7.151232904163354e-07,0.0,0.0,nan,0,-0.040000000000014566,1.2240992524660688,1.624002201287124e-15,-3.134299578131091e-13,2
1.59,0.35800000000000054,0.02288401992125988,0.25426688801397074,0.0,0.0,nan,0,0.19022247302046943,-0.02288401992125988,-0.254266888013968,0.0,0.0,nan,0,-0.23022356604665117,6.114512283300622e-08,7.15428032450407e-07,0.0,0.0,nan,0,-0.0400000000000162,1.1750492524660694,1.6000213839552206e-15,-3.366584880235265e-13,2
1.595,0.3780000000000001,0.024155354361329873,0.25426688801397074,0.0,0.0,nan,0,0.19596283178279988,-0.024155354361329873,-0.254266888013968,0.0,0.0,nan,0,-0.23596392480898162,6.472310104879697e-08,7.15732774422946e-07,0.0,0.0,nan,0,-0.04000000000001791,1.12599925246607,1.5715996745248166e-15,-3.476408141831185e-13,2
1.6,0.3980000000000006,0.025426688801399866,0.25426688801397074,0.0,0.0,nan,0,0.20145794054513036,-0.025426688801399866,-0.254266888013968,0.0,0.0,nan,0,-0.2414590335713121,6.830260297630009e-08,7.160375163556508e-07,0.0,0.0,nan,0,-0.040000000000019686,1.0769492524660707,1.5387370729959119e-15,-3.6374881800280005e-13,2
1.605,0.41800000000000015,0.02669802324146986,0.25426688801397074,0.0,0.0,nan,0,0.20670779930746064,-0.02669802324146986,-0.254266888013968,0.0,0.0,nan,0,-0.24670889233364238,7.188362861204611e-08,7.163422583633238e-07,0.0,0.0,nan,0,-0.040000000000021574,1.0278992524660713,1.4854463678139045e-15,-3.8808313034574406e-13,2
1.61,0.4379999999999997,0.027969357681539853,0.25426688801397074,0.0,0.0,nan,0,0.21171240806979089,-0.027969357681539853,-0.254266888013968,0.0,0.0,nan,0,-0.2517135010959726,7.546617795603505e-08,7.166470000609641e-07,0.0,0.0,nan,0,-0.04000000000002353,0.9788492524660714,1.4090630237196937e-15,-3.976639109590493e-13,2
1.615,0.4580000000000002,0.029240692121609846,0.25426688801397074,0.0,0.0,nan,0,0.21647176683212116,-0.029240692121609846,-0.254266888013968,0.0,0.0,nan,0,-0.25647285985830287,7.905025101173635e-08,7.169517419033597e-07,0.0,0.0,nan,0,-0.04000000000002556,0.9297992524660709,1.325574252267882e-15,-4.169924497285633e-13,2
1.62,0.47799999999999976,0.03051202656167984,0.25426688801397074,0.0,0.0,nan,0,0.22098587559445146,-0.03051202656167984,-0.254266888013968,0.0,0.0,nan,0,-0.2609869686206332,8.263584777221111e-08,7.172564836400144e-07,0.0,0.0,nan,0,-0.040000000000027694,0.8807492524660706,1.2243219124220678e-15,-4.324858340818123e-13,2
1.625,0.4980000000000002,0.03178336100174983,0.25426688801397074,0.0,0.0,nan,0,0.22525473435678178,-0.03178336100174983,-0.254266888013968,0.0,0.0,nan,0,-0.2652558273829635,8.622296824439823e-08,7.175612253761366e-07,0.0,0.0,nan,0,-0.0400000000000299,0.8316992524660702,1.1372804272914553e-15,-4.460643057621879e-13,2
1.6300000000000001,0.5179999999999998,0.033054695441819826,0.25426688801397074,0.0,0.0,nan,0,0.22927834311911213,-0.033054695441819826,-0.254266888013968,0.0,0.0,nan,0,-0.26927943614529387,8.981161242482827e-08,7.178659670244314e-07,0.0,0.0,nan,0,-0.040000000000032176,0.7826492524660699,9.960600585591353e-16,-4.625702135138951e-13,2
1.635,0.5380000000000003,0.03432602988188982,0.25426688801397074,0.0,0.0,nan,0,0.23305670188144237,-0.03432602988188982,-0.254266888013968,0.0,0.0,nan,0,-0.2730577949076241,9.340178031350121e-08,7.181707085390592e-07,0.0,0.0,nan,0,-0.04000000000003456,0.7335992524660694,7.198365700323965e-16,-4.829006175408308e-13,1
1.6400000000000001,0.5579999999999998,0.03559736432195981,0.25426688801397074,0.0,0.0,nan,0,0.23658981064377263,-0.03559736432195981,-0.254266888013968,0.0,0.0,nan,0,-0.27659090366995437,9.699347191041707e-08,7.184754502361082e-07,0.0,0.0,nan,0,-0.04000000000003701,0.6845492524660689,4.151913720752534e-16,-4.963574087777074e-13,1
1.645,0.5780000000000003,0.036868698762029806,0.25426688801397074,0.0,0.0,nan,0,0.23987766940610292,-0.036868698762029806,-0.254266888013968,0.0,0.0,nan,0,-0.27987876243228466,1.0058668721557584e-07,7.187801916822933e-07,0.0,0.0,nan,0,-0.04000000000003953,0.6354992524660684,1.680845620147932e-15,-5.113756176764167e-13,2
1.6500000000000001,0.5979999999999999,0.0381400332020998,0.25426688801397074,0.0,0.0,nan,0,0.24292027816843323,-0.0381400332020998,-0.254266888013968,0.0,0.0,nan,0,-0.28292137119461497,1.0418142622550808e-07,7.190849332211368e-07,0.0,0.0,nan,0,-0.04000000000004217,0.5864492524660679,1.6684111222721306e-15,-5.33310071929331e-13,2
1.655,0.6180000000000003,0.03941136764216979,0.25426688801397074,0.0,0.0,nan,0,0.24571763693076357,-0.03941136764216979,-0.254266888013968,0.0,0.0,nan,0,-0.2857187299569453,1.0777768894715267e-07,7.193896745110782e-07,0.0,0.0,nan,0,-0.04000000000004486,0.5373992524660675,1.6604175164948294e-15,-5.461708954465887e-13,2
1.6600000000000001,0.6379999999999999,0.040682702082239786,0.25426688801397074,0.0,0.0,nan,0,0.24826974569309393,-0.040682702082239786,-0.254266888013968,0.0,0.0,nan,0,-0.28827083871927567,1.1137547537357073e-07,7.196944160343852e-07,0.0,0.0,nan,0,-0.04000000000004765,0.48834925246606714,1.6453184833599272e-15,-5.69405642905944e-13,2
1.665,0.6580000000000004,0.04195403652230978,0.25426688801397074,0.0,0.0,nan,0,0.2505766044554243,-0.04195403652230978,-0.254266888013968,0.0,0.0,nan,0,-0.29057769748160606,1.1497478550476226e-07,7.19999157525544e-07,0.0,0.0,nan,0,-0.04000000000005053,0.4392992524660672,1.6240022012871245e-15,-5.798417393374204e-13,2
1.67,0.6779999999999999,0.04322537096237977,0.25426688801397074,0.0,0.0,nan,0,0.2526382132177547,-0.04322537096237977,-0.254266888013968,0.0,0.0,nan,0,-0.29263930624393647,1.1857561934419669e-07,7.20303898718482e-07,0.0,0.0,nan,0,-0.040000000000053465,0.3902492524660673,1.6000213839552208e-15,-5.955553919387551e-13,2
1.675,0.6980000000000004,0.044496705402449765,0.25426688801397074,0.0,0.0,nan,0,0.25445457198008514,-0.044496705402449765,-0.254266888013968,0.0,0.0,nan,0,-0.2944556650062669,1.2217797689187404e-07,7.206086401112579e-07,0.0,0.0,nan,0,-0.04000000000005649,0.34119925246606736,1.5618297119081155e-15,-6.165021917889629e-13,2
1.68,0.718,0.04576803984251976,0.25426688801397074,0.0,0.0,nan,0,0.2560256807424156,-0.04576803984251976,-0.254266888013968,0.0,0.0,nan,0,-0.2960267737685974,1.2578185814432485e-07,7.209133813471536e-07,0.0,0.0,nan,0,-0.040000000000059634,0.29214925246606743,1.5183089693428096e-15,-6.300549062951672e-13,2
1.685,0.7380000000000004,0.04703937428258975,0.25426688801397074,0.0,0.0,nan,0,0.2573515395047458,-0.04703937428258975,-0.254266888013968,0.0,0.0,nan,0,-0.29735263253092753,1.2938726310501858e-07,7.212181226023032e-07,0.0,0.0,nan,0,-0.04000000000006282,0.2430992524660675,1.443701982087999e-15,-6.438047964105447e-13,2
1.69,0.758,0.048310708722659745,0.25426688801397074,0.0,0.0,nan,0,0.25843214826707606,-0.048310708722659745,-0.254266888013968,0.0,0.0,nan,0,-0.2984332412932578,1.3299419177395522e-07,7.215228639251002e-07,0.0,0.0,nan,0,-0.040000000000066094,0.19404925246606755,1.385970384807491e-15,-6.688834022691975e-13,2
1.695,0.7780000000000005,0.04958204316272974,0.25426688801397074,0.0,0.0,nan,0,0.2592675070294063,-0.04958204316272974,-0.254266888013968,0.0,0.0,nan,0,-0.29926860005558803,1.3660264414419587e-07,7.21827605180082e-07,0.0,0.0,nan,0,-0.040000000000069466,0.1449992524660675,1.3255742522678826e-15,-6.801028720668496e-13,2
1.7,0.798,0.05085337760279973,0.25426688801397074,0.0,0.0,nan,0,0.2598576157917366,-0.05085337760279973,-0.254266888013968,0.0,0.0,nan,0,-0.2998587088179184,1.4021262022267944e-07,7.221323463667472e-07,0.0,0.0,nan,0,-0.04000000000007291,0.09594925246606753,1.1763602777582616e-15,-6.939975352646385e-13,2
1.705,0.8180000000000005,0.052124712042869725,0.25426688801397074,0.0,0.0,nan,0,0.2602024745540669,-0.052124712042869725,-0.254266888013968,0.0,0.0,nan,0,-0.30020356758024863,1.4382412000593647e-07,7.224370875735335e-07,0.0,0.0,nan,0,-0.04000000000007643,0.046899252466067506,1.0751079379124475e-15,-7.195992782124945e-13,2
1.71,0.8380000000000001,0.05339604648293972,0.25426688801397074,0.0,0.0,nan,0,0.26030208331639726,-0.05339604648293972,-0.254266888013968,0.0,0.0,nan,0,-0.300303176342579,1.4743714349743642e-07,7.227418287774762e-07,0.0,0.0,nan,0,-0.040000000000080055,-0.00215074753393249,9.59644743351431e-16,-7.285530048614915e-13,1
1.715,0.8580000000000005,0.05466738092300971,0.25426688801397074,0.0,0.0,nan,0,0.2601564420787276,-0.05466738092300971,-0.2542668880139681,0.0,0.0,nan,0,-0.30015753510490933,1.5105169069370983e-07,7.230465699428658e-07,0.0,0.0,nan,0,-0.040000000000083746,-0.05120074753393251,8.637214740238177e-16,-7.42333093043139e-13,1
1.72,0.8780000000000001,0.055938715363079705,0.25426688801397074,0.0,0.0,nan,0,0.259765550841058,-0.055938715363079705,-0.254266888013968,0.0,0.0,nan,0,-0.2997666438672398,1.5466776159822615e-07,7.233513109735846e-07,0.0,0.0,nan,0,-0.04000000000008753,-0.10025074753393254,6.070379107304814e-16,-7.662375270309482e-13,1
1.725,0.8980000000000006,0.0572100498031497,0.25426688801397074,0.0,0.0,nan,0,0.2591294096033884,-0.0572100498031497,-0.254266888013968,0.0,0.0,nan,0,-0.29913050262957014,1.582853562040465e-07,7.23656052231172e-07,0.0,0.0,nan,0,-0.04000000000009139,-0.14930074753393258,3.6722973741144755e-16,-7.776817059687843e-13,1
1.73,0.9180000000000001,0.05848138424321969,0.25426688801397074,0.0,0.0,nan,0,0.25824801836571887,-0.05848138424321969,-0.254266888013968,0.0,0.0,nan,0,-0.29824911139190063,1.6190447451810974e-07,7.239607933601255e-07,0.0,0.0,nan,0,-0.04000000000009532,-0.19835074753393253,1.6755165496297319e-15,-7.936760229507441e-13,2
1.735,0.9379999999999997,0.059752718683289685,0.25426688801397074,0.0,0.0,nan,0,0.25712137712804933,-0.059752718683289685,-0.254266888013968,0.0,0.0,nan,0,-0.29712247015423104,1.6552511653694646e-07,7.242655343687195e-07,0.0,0.0,nan,0,-0.04000000000009936,-0.2474007475339325,1.6630820517539299e-15,-8.179597091237652e-13,2
1.74,0.9580000000000002,0.06102405312335968,0.25426688801397074,0.0,0.0,nan,0,0.25574948589037955,-0.06102405312335968,-0.254266888013968,0.0,0.0,nan,0,-0.29575057891656126,1.6914728226055664e-07,7.245702754025473e-07,0.0,0.0,nan,0,-0.040000000000103474,-0.29645074753393247,1.6470948401993278e-15,-8.282759014685823e-13,2
1.745,0.9779999999999998,0.06229538756342967,0.25426688801397074,0.0,0.0,nan,0,0.2541323446527098,-0.06229538756342967,-0.254266888013968,0.0,0.0,nan,0,-0.2941334376788915,1.727709716889403e-07,7.248750165810248e-07,0.0,0.0,nan,0,-0.04000000000010766,-0.3455007475339324,1.6284430933856253e-15,-8.416687438592404e-13,2
1.75,0.9980000000000002,0.06356672200349966,0.25426688801397074,0.0,0.0,nan,0,0.25226995341504005,-0.06356672200349966,-0.254266888013968,0.0,0.0,nan,0,-0.29227104644122176,1.7639618482556685e-07,7.251797577140185e-07,0.0,0.0,nan,0,-0.04000000000011193,-0.3945507475339323,1.6151204170901237e-15,-8.648262197960818e-13,2
1.7550000000000001,1.0179999999999998,0.06483805644356966,0.25426688801397074,0.0,0.0,nan,0,0.25016231217737034,-0.06483805644356966,-0.254266888013968,0.0,0.0,nan,0,-0.29016340520355205,1.8002292166349743e-07,7.254844987778856e-07,0.0,0.0,nan,0,-0.04000000000011629,-0.44360074753393225,1.5911395997582202e-15,-8.746485849395454e-13,2
1.76,1.0380000000000003,0.06610939088363965,0.25426688801397074,0.0,0.0,nan,0,0.24780942093970068,-0.06610939088363965,-0.254266888013968,0.0,0.0,nan,0,-0.2878105139658824,1.8365118220620147e-07,7.257892397696669e-07,0.0,0.0,nan,0,-0.04000000000012073,-0.4926507475339322,1.5680469608460167e-15,-8.999456826894443e-13,2
1.7650000000000001,1.0579999999999998,0.06738072532370964,0.25426688801397074,0.0,0.0,nan,0,0.24521127970203102,-0.06738072532370964,-0.254266888013968,0.0,0.0,nan,0,-0.28521237272821276,1.8728096645714842e-07,7.260939808876109e-07,0.0,0.0,nan,0,-0.040000000000125255,-0.5417007475339325,1.534296180897412e-15,-9.103569101251691e-13,2
1.77,1.0780000000000003,0.06865205976377964,0.25426688801397074,0.0,0.0,nan,0,0.2423678884643614,-0.06865205976377964,-0.254266888013968,0.0,0.0,nan,0,-0.2823689814905431,1.9091227441286884e-07,7.263987219090249e-07,0.0,0.0,nan,0,-0.04000000000012985,-0.590750747533933,1.5040981146276078e-15,-9.251015600706108e-13,2
1.7750000000000001,1.0979999999999999,0.06992339420384963,0.25426688801397074,0.0,0.0,nan,0,0.23927924722669178,-0.06992339420384963,-0.254266888013968,0.0,0.0,nan,0,-0.2792803402528735,1.9454510607683217e-07,7.26703463198314e-07,0.0,0.0,nan,0,-0.04000000000013455,-0.6398007475339335,1.4579128368032013e-15,-9.47166576551221e-13,2
1.78,1.1180000000000003,0.07119472864391962,0.25426688801397074,0.0,0.0,nan,0,0.2359453559890222,-0.07119472864391962,-0.254266888013968,0.0,0.0,nan,0,-0.27594644901520393,1.9817946144209952e-07,7.270082040284195e-07,0.0,0.0,nan,0,-0.04000000000013932,-0.6888507475339339,1.393963990584792e-15,-9.58767963069344e-13,2
1.7850000000000001,1.138,0.07246606308398962,0.25426688801397074,0.0,0.0,nan,0,0.23236621475135263,-0.07246606308398962,-0.254266888013968,0.0,0.0,nan,0,-0.2723673077775344,2.018153405156098e-07,7.27312945397592e-07,0.0,0.0,nan,0,-0.04000000000014416,-0.7379007475339344,1.3175806464905814e-15,-9.759124711048156e-13,2
1.79,1.1580000000000004,0.07373739752405961,0.25426688801397074,0.0,0.0,nan,0,0.228541823513683,-0.07373739752405961,-0.254266888013968,0.0,0.0,nan,0,-0.26854291653986473,2.0545274329389351e-07,7.27617686365957e-07,0.0,0.0,nan,0,-0.04000000000014911,-0.7869507475339349,1.2394209455569703e-15,-9.994767327578794e-13,2
1.795,1.178,0.0750087319641296,0.25426688801397074,0.0,0.0,nan,0,0.22447218227601334,-0.0750087319641296,-0.254266888013968,0.0,0.0,nan,0,-0.26447327530219505,2.090916697769507e-07,7.279224275498758e-07,0.0,0.0,nan,0,-0.040000000000154134,-0.8360007475339354,1.0893187926276489e-15,-1.0100345096328551e-12,2
1.8,1.1980000000000004,0.0762800664041996,0.25426688801397074,0.0,0.0,nan,0,0.22015729103834372,-0.0762800664041996,-0.254266888013968,0.0,0.0,nan,0,-0.26015838406452546,2.127321199682508e-07,7.282271685339478e-07,0.0,0.0,nan,0,-0.04000000000015923,-0.8850507475339359,9.596447433514305e-16,-1.0247347506573117e-12,1
1.805,1.218,0.07755140084426959,0.25426688801397074,0.0,0.0,nan,0,0.21559714980067413,-0.07755140084426959,-0.254266888013968,0.0,0.0,nan,0,-0.25559824282685584,2.1637409386432438e-07,7.285319099651394e-07,0.0,0.0,nan,0,-0.040000000000164404,-0.9341007475339363,6.558877238139879e-16,-1.0500425065482471e-12,1
1.81,1.2380000000000004,0.07882273528433958,0.25426688801397074,0.0,0.0,nan,0,0.21079175856300456,-0.07882273528433958,-0.254266888013968,0.0,0.0,nan,0,-0.2507928515891863,2.2001759146170197e-07,7.28836650848658e-07,0.0,0.0,nan,0,-0.04000000000016969,-0.9831507475339368,4.143031936555537e-16,-1.0593586099924818e-12,1
1.815,1.258,0.08009406972440958,0.25426688801397074,0.0,0.0,nan,0,0.20574111732533487,-0.08009406972440958,-0.254266888013968,0.0,0.0,nan,0,-0.2457422103515166,2.2366261276732247e-07,7.291413920764764e-07,0.0,0.0,nan,0,-0.04000000000017503,-1.0322007475339365,1.6781810848888317e-15,-1.0737897329557697e-12,2
1.82,1.2780000000000005,0.08136540416447957,0.25426688801397074,0.0,0.0,nan,0,0.20044522608766507,-0.08136540416447957,-0.254266888013968,0.0,0.0,nan,0,-0.2404463191138468,2.2730915778118588e-07,7.294461332512454e-07,0.0,0.0,nan,0,-0.04000000000018046,-1.081250747533936,1.6675229438524304e-15,-1.0972003397422253e-12,2
1.825,1.298,0.08263673860454956,0.25426688801397074,0.0,0.0,nan,0,0.1949040848499953,-0.08263673860454956,-0.254266888013968,0.0,0.0,nan,0,-0.23490517787617704,2.3095722649982275e-07,7.297508745407397e-07,0.0,0.0,nan,0,-0.040000000000185984,-1.1303007475339353,1.6586411596554288e-15,-1.1085903397964598e-12,2
1.83,1.3180000000000005,0.08390807304461956,0.25426688801397074,0.0,0.0,nan,0,0.18911769361232555,-0.08390807304461956,-0.254266888013968,0.0,0.0,nan,0,-0.2291187866385073,2.3460681892670254e-07,7.300556158360946e-07,0.0,0.0,nan,0,-0.04000000000019158,-1.1793507475339347,1.638213056002326e-15,-1.1294323345931426e-12,2
1.835,1.338,0.08517940748468955,0.25426688801397074,0.0,0.0,nan,0,0.18308605237465583,-0.08517940748468955,-0.254266888013968,0.0,0.0,nan,0,-0.22308714540083757,2.382579350583558e-07,7.303603570236348e-07,0.0,0.0,nan,0,-0.040000000000197274,-1.228400747533934,1.6248903797068242e-15,-1.1437053617977238e-12,2
1.84,1.3580000000000005,0.08645074192475954,0.25426688801397074,0.0,0.0,nan,0,0.17680916113698614,-0.08645074192475954,-0.254266888013968,0.0,0.0,nan,0,-0.21681025416316788,2.419105748947825e-07,7.306650982766669e-07,0.0,0.0,nan,0,-0.040000000000203026,-1.2774507475339334,1.5920277781779194e-15,-1.1570671179436926e-12,2
1.845,1.3780000000000001,0.08772207636482954,0.25426688801397074,0.0,0.0,nan,0,0.17028701989931647,-0.08772207636482954,-0.254266888013968,0.0,0.0,nan,0,-0.2102881129254982,2.4556473843945215e-07,7.309698397291824e-07,0.0,0.0,nan,0,-0.04000000000020887,-1.3265007475339328,1.5547242845505141e-15,-1.1787741985211635e-12,2
1.85,1.3980000000000006,0.08899341080489953,0.25426688801397074,0.0,0.0,nan,0,0.16351962866164682,-0.08899341080489953,-0.254266888013968,0.0,0.0,nan,0,-0.20352072168782856,2.4922042568889524e-07,7.31274581030572e-07,0.0,0.0,nan,0,-0.04000000000021481,-1.3755507475339321,1.533408002477711e-15,-1.1930960755388278e-12,2
1.855,1.4180000000000001,0.09026474524496952,0.25426688801397074,0.0,0.0,nan,0,0.1565069874239772,-0.09026474524496952,-0.254266888013968,0.0,0.0,nan,0,-0.19650808045015894,2.5287763664658125e-07,7.315793222246684e-07,0.0,0.0,nan,0,-0.04000000000022082,-1.4246007475339315,1.4898872599124048e-15,-1.2069241253551392e-12,2
1.86,1.4379999999999997,0.09153607968503952,0.25426688801397074,0.0,0.0,nan,0,0.1492490961863076,-0.09153607968503952,-0.254266888013968,0.0,0.0,nan,0,-0.18925018921248934,2.5653637131251017e-07,7.318840637273077e-07,0.0,0.0,nan,0,-0.0400000000002269,-1.4736507475339309,1.4197211647560948e-15,-1.228889665852743e-12,2
1.865,1.4580000000000002,0.09280741412510951,0.25426688801397074,0.0,0.0,nan,0,0.14174595494863804,-0.09280741412510951,-0.254266888013968,0.0,0.0,nan,0,-0.18174704797481978,2.6019662968321255e-07,7.321888051223785e-07,0.0,0.0,nan,0,-0.0400000000002331,-1.5227007475339303,1.3415614638224835e-15,-1.2433136833886728e-12,2
1.87,1.4779999999999998,0.0940787485651795,0.25426688801397074,0.0,0.0,nan,0,0.1339975637109685,-0.0940787485651795,-0.254266888013968,0.0,0.0,nan,0,-0.17399865673715023,2.6385841176215785e-07,7.324935466379042e-07,0.0,0.0,nan,0,-0.04000000000023936,-1.5717507475339296,1.294488007578377e-15,-1.2564374077181617e-12,2
1.875,1.4980000000000002,0.0953500830052495,0.25426688801397074,0.0,0.0,nan,0,0.12600392247329897,-0.0953500830052495,-0.254266888013968,0.0,0.0,nan,0,-0.1660050154994807,2.6752171754934606e-07,7.327982882238531e-07,0.0,0.0,nan,0,-0.040000000000245686,-1.620800747533929,1.1923474893128625e-15,-1.2722576417298603e-12,2
1.8800000000000001,1.5179999999999998,0.09662141744531949,0.25426688801397074,0.0,0.0,nan,0,0.11776503123562919,-0.09662141744531949,-0.254266888013968,0.0,0.0,nan,0,-0.15776612426181094,2.7118654704130774e-07,7.331030297054953e-07,0.0,0.0,nan,0,-0.040000000000252126,-1.6698507475339284,1.0520152990002426e-15,-1.29361300365313e-12,2
1.885,1.5380000000000003,0.09789275188538948,0.25426688801397074,0.0,0.0,nan,0,0.10928088999795944,-0.09789275188538948,-0.254266888013968,0.0,0.0,nan,0,-0.1492819830241412,2.7485290024498177e-07,7.334077712398467e-07,0.0,0.0,nan,0,-0.04000000000025863,-1.7189007475339277,8.956958971330202e-16,-1.306456063601994e-12,1
1.8900000000000001,1.5579999999999998,0.09916408632545948,0.25426688801397074,0.0,0.0,nan,0,0.1005514987602898,-0.09916408632545948,-0.254266888013968,0.0,0.0,nan,0,-0.14055259178647156,2.7852077715342927e-07,7.337125129200345e-07,0.0,0.0,nan,0,-0.04000000000026521,-1.7679507475339271,6.558877238139865e-16,-1.331036401367195e-12,1
1.895,1.5780000000000003,0.10043542076552947,0.25426688801397074,0.0,0.0,nan,0,0.09157685752262013,-0.10043542076552947,-0.254266888013968,0.0,0.0,nan,0,-0.13157795054880186,2.821901777701197e-07,7.340172547033025e-07,0.0,0.0,nan,0,-0.0400000000002719,-1.8170007475339265,3.9920416052065007e-16,-1.3403285239940978e-12,1
1.9000000000000001,1.5979999999999999,0.10170675520559946,0.25426688801397074,0.0,0.0,nan,0,0.08235696628495046,-0.10170675520559946,-0.254266888013968,0.0,0.0,nan,0,-0.1223580593111322,2.85861102095053e-07,7.343219963530665e-07,0.0,0.0,nan,0,-0.040000000000278646,-1.8660507475339259,1.6808456201479308e-15,-1.3553751546022377e-12,2
1.905,1.6180000000000003,0.10297808964566946,0.25426688801397074,0.0,0.0,nan,0,0.07289182504728081,-0.10297808964566946,-0.254266888013968,0.0,0.0,nan,0,-0.11289291807346255,2.895335501316987e-07,7.346267379360054e-07,0.0,0.0,nan,0,-0.040000000000285474,-1.9151007475339252,1.6666347654327286e-15,-1.3804262269298797e-12,2
1.9100000000000001,1.638,0.10424942408573945,0.25426688801397074,0.0,0.0,nan,0,0.06318143380961119,-0.10424942408573945,-0.254266888013968,0.0,0.0,nan,0,-0.10318252683579293,2.9320752187311783e-07,7.349314798701032e-07,0.0,0.0,nan,0,-0.04000000000029241,-1.9641507475339246,1.6524239107175264e-15,-1.3926235811676214e-12,2
1.915,1.6580000000000004,0.10552075852580944,0.25426688801397074,0.0,0.0,nan,0,0.0532257925719416,-0.10552075852580944,-0.254266888013968,0.0,0.0,nan,0,-0.09322688559812334,2.9688301732624933e-07,7.352362217419474e-07,0.0,0.0,nan,0,-0.040000000000299414,-2.013200747533924,1.6373248775826242e-15,-1.406527126149607e-12,2
1.92,1.678,0.10679209296587944,0.25426688801397074,0.0,0.0,nan,0,0.04302490133427203,-0.10679209296587944,-0.254266888013968,0.0,0.0,nan,0,-0.08302599436045377,3.005600364910932e-07,7.355409637589913e-07,0.0,0.0,nan,0,-0.0400000000003065,-2.0622507475339233,1.6186731307689216e-15,-1.4299856945707265e-12,2
1.925,1.6980000000000004,0.10806342740594943,0.25426688801397074,0.0,0.0,nan,0,0.03257876009660242,-0.10806342740594943,-0.254266888013968,0.0,0.0,nan,0,-0.07257985312278417,3.0423857936417997e-07,7.358457055463305e-07,0.0,0.0,nan,0,-0.04000000000031368,-2.1113007475339227,1.5920277781779178e-15,-1.4409031837056802e-12,2
1.93,1.718,0.10933476184601942,0.25426688801397074,0.0,0.0,nan,0,0.02188736885893283,-0.10933476184601942,-0.254266888013968,0.0,0.0,nan,0,-0.06188846188511457,3.0791864594550966e-07,7.361504477495461e-07,0.0,0.0,nan,0,-0.040000000000320925,-2.160350747533922,1.5609415334884137e-15,-1.4549772589442484e-12,2
1.935,1.7380000000000004,0.11060629089317109,0.2544614950956568,0.0,0.0,nan,0,0.01567093321432719,-0.11060629089317109,-0.2544614950956541,0.0,0.0,nan,0,-0.05567202624050893,3.116002362385517e-07,7.364551896761859e-07,0.0,0.0,nan,0,-0.04000000000032826,2.5108048455300613,1.520973504601908e-15,-1.4801473471801304e-12,2
1.94,1.758,0.11187859836864944,0.2544614950956568,0.0,0.0,nan,0,0.028090069941977474,-0.11187859836864944,-0.2544614950956541,0.0,0.0,nan,0,-0.06809116296815922,3.152833502433061e-07,7.367599319003178e-07,0.0,0.0,nan,0,-0.0400000000003357,2.461754845530062,1.4623537289016992e-15,-1.491417443147705e-12,2
1.945,1.7780000000000005,0.11315090584412779,0.2544614950956568,0.0,0.0,nan,0,0.04026395666962779,-0.11315090584412779,-0.2544614950956541,0.0,0.0,nan,0,-0.08026504969580953,3.189679879597729e-07,7.370646740273075e-07,0.0,0.0,nan,0,-0.040000000000343185,2.4127048455300626,1.4081748452999918e-15,-1.5053813842622303e-12,2
1.95,1.798,0.11442321331960614,0.2544614950956568,0.0,0.0,nan,0,0.05219259339727805,-0.11442321331960614,-0.2544614950956541,0.0,0.0,nan,0,-0.09219368642345979,3.22654149387952e-07,7.373694163882171e-07,0.0,0.0,nan,0,-0.04000000000035077,2.363654845530063,1.3104752191329782e-15,-1.52943236768929e-12,2
1.955,1.8180000000000005,0.1156955207950845,0.2544614950956568,0.0,0.0,nan,0,0.06387598012492834,-0.1156955207950845,-0.2544614950956541,0.0,0.0,nan,0,-0.10387707315111008,3.263418345209046e-07,7.376741585626199e-07,0.0,0.0,nan,0,-0.04000000000035844,2.314604845530064,1.206558344028064e-15,-1.5397325728225523e-12,2
1.96,1.838,0.11696782827056285,0.25446149509565674,0.0,0.0,nan,0,0.07531411685257866,-0.11696782827056285,-0.254461495095654,0.0,0.0,nan,0,-0.1153152098787604,3.3003104337250844e-07,7.379789010660648e-07,0.0,0.0,nan,0,-0.04000000000036619,2.2655548455300645,1.1230695725762519e-15,-1.5540908651554248e-12,2
1.965,1.8580000000000005,0.1182401357460412,0.2544614950956568,0.0,0.0,nan,0,0.086507003580229,-0.1182401357460412,-0.2544614950956541,0.0,0.0,nan,0,-0.12650809660641074,3.3372177593582464e-07,7.382836433734022e-07,0.0,0.0,nan,0,-0.04000000000037403,2.216504845530065,9.916191664606336e-16,-1.5746317674678294e-12,1
1.97,1.8780000000000001,0.11951244322151955,0.2544614950956568,0.0,0.0,nan,0,0.09745464030787937,-0.11951244322151955,-0.2544614950956541,0.0,0.0,nan,0,-0.1374557333340611,3.374140322108532e-07,7.385883859451456e-07,0.0,0.0,nan,0,-0.04000000000038194,2.1674548455300657,7.997726278054067e-16,-1.5883070505959522e-12,1
1.975,1.8980000000000006,0.1207847506969979,0.2544614950956568,0.0,0.0,nan,0,0.10815702703552972,-0.1207847506969979,-0.2544614950956541,0.0,0.0,nan,0,-0.14815812006171147,3.411078121975941e-07,7.388931284469959e-07,0.0,0.0,nan,0,-0.04000000000038993,2.1184048455300664,5.120028198225661e-16,-1.6116075232583654e-12,1
1.98,1.9180000000000001,0.12205705817247625,0.2544614950956568,0.0,0.0,nan,0,0.11861416376318,-0.12205705817247625,-0.2544614950956541,0.0,0.0,nan,0,-0.15861525678936175,3.448031158960474e-07,7.391978713137957e-07,0.0,0.0,nan,0,-0.04000000000039802,2.069354845530067,1.6835101554070315e-15,-1.6225152424307026e-12,2
1.985,1.9379999999999997,0.1233293656479546,0.2544614950956568,0.0,0.0,nan,0,0.12882605049083032,-0.1233293656479546,-0.2544614950956541,0.0,0.0,nan,0,-0.16882714351701206,3.4849994330621303e-07,7.395026141401126e-07,0.0,0.0,nan,0,-0.040000000000406176,2.0203048455300676,1.6737401927903304e-15,-1.6380601411322943e-12,2
1.99,1.9580000000000002,0.12460167312343295,0.2544614950956568,0.0,0.0,nan,0,0.13879268721848065,-0.12460167312343295,-0.2544614950956541,0.0,0.0,nan,0,-0.1787937802446624,3.521982944350299e-07,7.398073568207296e-07,0.0,0.0,nan,0,-0.04000000000041444,1.9712548455300682,1.6621938733342289e-15,-1.6593400078898897e-12,2
1.995,1.9779999999999998,0.1258739805989113,0.2544614950956568,0.0,0.0,nan,0,0.148514073946131,-0.1258739805989113,-0.2544614950956541,0.0,0.0,nan,0,-0.18851516697231274,3.5589816927555917e-07,7.401120997235967e-07,0.0,0.0,nan,0,-0.04000000000042277,1.9222048455300689,1.6462066617796264e-15,-1.6724601795056997e-12,2
2.0,1.9980000000000002,0.12714628807438966,0.2544614950956568,0.0,0.0,nan,0,0.15799021067378138,-0.12714628807438966,-0.2544614950956541,0.0,0.0,nan,0,-0.19799130369996312,3.595995678278008e-07,7.404168426069555e-07,0.0,0.0,nan,0,-0.04000000000043116,1.8731548455300695,1.634660342323525e-15,-1.6880930078708417e-12,2
2.005,2.0180000000000007,0.128418595549868,0.2544614950956568,0.0,0.0,nan,0,0.1672210974014318,-0.128418595549868,-0.2544614950956541,0.0,0.0,nan,0,-0.20722219042761353,3.6330249009869364e-07,7.407215857226091e-07,0.0,0.0,nan,0,-0.04000000000043967,1.8241048455300701,1.6035740976340208e-15,-1.711979678290257e-12,2
2.0100000000000002,2.0380000000000003,0.12969090302534636,0.2544614950956568,0.0,0.0,nan,0,0.17620673412908222,-0.12969090302534636,-0.2544614950956541,0.0,0.0,nan,0,-0.21620782715526396,3.6700693608129886e-07,7.410263287300695e-07,0.0,0.0,nan,0,-0.040000000000448246,1.7750548455300708,1.5751523882036165e-15,-1.7217558581558964e-12,2
2.015,2.058,0.1309632105008247,0.2544614950956568,0.0,0.0,nan,0,0.18494712085673268,-0.1309632105008247,-0.2544614950956541,0.0,0.0,nan,0,-0.22494821388291442,3.7071290578255534e-07,7.413310720355616e-07,0.0,0.0,nan,0,-0.04000000000045689,1.7260048455300714,1.5493952140323128e-15,-1.7375192487487343e-12,2
2.02,2.0779999999999994,0.13223551797630306,0.2544614950956568,0.0,0.0,nan,0,0.19344225758438316,-0.13223551797630306,-0.2544614950956541,0.0,0.0,nan,0,-0.2334433506105649,3.7442039920246306e-07,7.416358153892024e-07,0.0,0.0,nan,0,-0.04000000000046565,1.676954845530072,1.4996572225291057e-15,-1.757788368464711e-12,2
2.025,2.0980000000000008,0.13350782545178141,0.2544614950956568,0.0,0.0,nan,0,0.20169214431203344,-0.13350782545178141,-0.2544614950956541,0.0,0.0,nan,0,-0.24169323733821518,3.781294163375526e-07,7.41940558683282e-07,0.0,0.0,nan,0,-0.040000000000474475,1.6279048455300726,1.4428138036682978e-15,-1.770592348563108e-12,2
2.0300000000000002,2.1180000000000003,0.13478013292725977,0.2544614950956568,0.0,0.0,nan,0,0.2096967810396837,-0.13478013292725977,-0.2544614950956541,0.0,0.0,nan,0,-0.24969787406586544,3.8183995718782393e-07,7.422453021513572e-07,0.0,0.0,nan,0,-0.04000000000048338,1.5788548455300733,1.393963990584791e-15,-1.7945109934056327e-12,2
2.035,2.138,0.13605244040273812,0.2544614950956568,0.0,0.0,nan,0,0.21745616776733398,-0.13605244040273812,-0.2544614950956541,0.0,0.0,nan,0,-0.2574572607935157,3.855520217567465e-07,7.425500457904025e-07,0.0,0.0,nan,0,-0.04000000000049238,1.529804845530074,1.3175806464905804e-15,-1.8053494346612331e-12,2
2.04,2.1579999999999995,0.13732474787821647,0.2544614950956568,0.0,0.0,nan,0,0.22497030449498429,-0.13732474787821647,-0.2544614950956541,0.0,0.0,nan,0,-0.264971397521166,3.8926561004432036e-07,7.428547893560454e-07,0.0,0.0,nan,0,-0.04000000000050145,1.4807548455300745,1.2394209455569695e-15,-1.8202255350127903e-12,2
2.045,2.178000000000001,0.13859705535369482,0.2544614950956568,0.0,0.0,nan,0,0.23223919122263467,-0.13859705535369482,-0.2544614950956541,0.0,0.0,nan,0,-0.2722402842488164,3.9298072205054546e-07,7.431595332508759e-07,0.0,0.0,nan,0,-0.040000000000510606,1.4317048455300752,1.0759961163321465e-15,-1.8437214069275376e-12,2
2.05,2.1980000000000004,0.13986936282917317,0.2544614950956568,0.0,0.0,nan,0,0.23926282795028517,-0.13986936282917317,-0.2544614950956541,0.0,0.0,nan,0,-0.2792639209764669,3.9669735777889126e-07,7.434642770626955e-07,0.0,0.0,nan,0,-0.040000000000519856,1.3826548455300758,9.125712871073235e-16,-1.8550607808118485e-12,1
2.055,2.218,0.14114167030465152,0.2544614950956568,0.0,0.0,nan,0,0.24604121467793552,-0.14114167030465152,-0.2544614950956541,0.0,0.0,nan,0,-0.28604230770411726,4.0041551722241886e-07,7.437690209232566e-07,0.0,0.0,nan,0,-0.04000000000052917,1.3336048455300764,6.87862146923192e-16,-1.8696286832517696e-12,1
2.06,2.2379999999999995,0.14241397778012987,0.2544614950956568,0.0,0.0,nan,0,0.25257435140558576,-0.14241397778012987,-0.2544614950956541,0.0,0.0,nan,0,-0.2925754444317675,4.041352003845977e-07,7.440737648600285e-07,0.0,0.0,nan,0,-0.04000000000053856,1.284554845530077,4.951274298482648e-16,-1.8916963642676394e-12,1
2.065,2.258000000000001,0.14368628525560823,0.2544614950956568,0.0,0.0,nan,0,0.25886223813323606,-0.14368628525560823,-0.2544614950956541,0.0,0.0,nan,0,-0.2988633311594178,4.0785640726889727e-07,7.443785089982518e-07,0.0,0.0,nan,0,-0.04000000000054807,1.2355048455300777,1.682621976987332e-15,-1.905964062401702e-12,2
2.07,2.2780000000000005,0.14495859273108658,0.2544614950956568,0.0,0.0,nan,0,0.2649048748608864,-0.14495859273108658,-0.2544614950956541,0.0,0.0,nan,0,-0.3049059678870681,4.1157913787878697e-07,7.446832533441685e-07,0.0,0.0,nan,0,-0.04000000000055763,1.1864548455300783,1.6772929064691313e-15,-1.919871160097367e-12,2
2.075,2.298,0.14623090020656493,0.2544614950956568,0.0,0.0,nan,0,0.2707022615885367,-0.14623090020656493,-0.2544614950956541,0.0,0.0,nan,0,-0.3107033546147185,4.153033922038585e-07,7.449879975567206e-07,0.0,0.0,nan,0,-0.0400000000005673,1.137404845530079,1.6684111222721303e-15,-1.9410000365236126e-12,2
2.08,2.3179999999999996,0.14750320768204328,0.2544614950956568,0.0,0.0,nan,0,0.2762543983161871,-0.14750320768204328,-0.2544614950956541,0.0,0.0,nan,0,-0.3162554913423688,4.190291702510507e-07,7.452927420803458e-07,0.0,0.0,nan,0,-0.04000000000057703,1.0883548455300796,1.6506475538781275e-15,-1.9519841390400434e-12,2
2.085,2.338000000000001,0.14877551515752163,0.2544614950956568,0.0,0.0,nan,0,0.2815612850438375,-0.14877551515752163,-0.2544614950956541,0.0,0.0,nan,0,-0.32156237807001925,4.2275647202383304e-07,7.45597486604064e-07,0.0,0.0,nan,0,-0.04000000000058683,1.0393048455300802,1.6391012344220256e-15,-1.9686996568988e-12,2
2.09,2.3580000000000005,0.15004782263299998,0.2544614950956568,0.0,0.0,nan,0,0.2866229217714879,-0.15004782263299998,-0.2544614950956541,0.0,0.0,nan,0,-0.3266240147976696,4.264852975187361e-07,7.459022312840465e-07,0.0,0.0,nan,0,-0.04000000000059675,0.9902548455300806,1.6195613091886232e-15,-1.9890913452366953e-12,2
2.095,2.378,0.15132013010847833,0.2544614950956568,0.0,0.0,nan,0,0.29143930849913835,-0.15132013010847833,-0.2544614950956541,0.0,0.0,nan,0,-0.3314404015253201,4.3021564673575985e-07,7.462069759857386e-07,0.0,0.0,nan,0,-0.04000000000060673,0.9412048455300803,1.5893632429188187e-15,-2.0027177785517347e-12,2
2.1,2.3979999999999997,0.15259243758395669,0.2544614950956568,0.0,0.0,nan,0,0.2960104452267888,-0.15259243758395669,-0.2544614950956541,0.0,0.0,nan,0,-0.33601153825297053,4.3394751967837375e-07,7.465117209289384e-07,0.0,0.0,nan,0,-0.04000000000061679,0.8921548455300802,1.5529479277111135e-15,-2.0243564693908887e-12,2
2.105,2.418000000000001,0.15386474505943504,0.2544614950956568,0.0,0.0,nan,0,0.3003363319544393,-0.15386474505943504,-0.2544614950956541,0.0,0.0,nan,0,-0.3403374249806211,4.3768091634310835e-07,7.468164660070163e-07,0.0,0.0,nan,0,-0.04000000000062695,0.8431048455300797,1.5023217577882066e-15,-2.0379962253822235e-12,2
2.11,2.4380000000000006,0.1551370525349134,0.2544614950956568,0.0,0.0,nan,0,0.30441696868208984,-0.1551370525349134,-0.2544614950956541,0.0,0.0,nan,0,-0.34441806170827155,4.4141583673690254e-07,7.471212108966622e-07,0.0,0.0,nan,0,-0.04000000000063718,0.7940548455300793,1.434820197890997e-15,-2.0525126134738032e-12,2
2.115,2.458,0.15640936001039174,0.2544614950956568,0.0,0.0,nan,0,0.3082523554097401,-0.15640936001039174,-0.2544614950956541,0.0,0.0,nan,0,-0.3482534484359218,4.451522808562869e-07,7.474259562514833e-07,0.0,0.0,nan,0,-0.040000000000647504,0.7450048455300788,1.3673186379937872e-15,-2.074281866540653e-12,2
2.12,2.4779999999999998,0.1576816674858701,0.2544614950956568,0.0,0.0,nan,0,0.3118424921373904,-0.1576816674858701,-0.2544614950956541,0.0,0.0,nan,0,-0.3518435851635721,4.4889024869779193e-07,7.477307015385877e-07,0.0,0.0,nan,0,-0.040000000000657905,0.6959548455300784,1.2634017628888728e-15,-2.087018345079153e-12,2
2.125,2.4979999999999993,0.15895397496134844,0.2544614950956568,0.0,0.0,nan,0,0.3151873788650407,-0.15895397496134844,-0.2544614950956541,0.0,0.0,nan,0,-0.35518847189122243,4.52629740271826e-07,7.480354469277426e-07,0.0,0.0,nan,0,-0.040000000000668376,0.6469048455300781,1.144385854649056e-15,-2.1016688481121065e-12,2
2.13,2.5180000000000007,0.1602262824368268,0.2544614950956568,0.0,0.0,nan,0,0.31828701559269107,-0.1602262824368268,-0.2544614950956541,0.0,0.0,nan,0,-0.3582881086188728,4.563707555679808e-07,7.48340192447051e-07,0.0,0.0,nan,0,-0.04000000000067895,0.5978548455300777,1.0191526974713386e-15,-2.124810336837394e-12,2
2.1350000000000002,2.5380000000000003,0.16149858991230515,0.2544614950956568,0.0,0.0,nan,0,0.32114140232034144,-0.16149858991230515,-0.2544614950956541,0.0,0.0,nan,0,-0.36114249534652315,4.601132945966646e-07,7.486449381326577e-07,0.0,0.0,nan,0,-0.0400000000006896,0.5488048455300772,7.677982046962032e-16,-2.136565378222125e-12,1
2.14,2.558,0.1627708973877835,0.2544614950956568,0.0,0.0,nan,0,0.32375053904799184,-0.1627708973877835,-0.2544614950956541,0.0,0.0,nan,0,-0.36375163207417355,4.638573573509386e-07,7.489496841833446e-07,0.0,0.0,nan,0,-0.04000000000070032,0.49975484553007693,5.439772429317712e-16,-2.149397780029952e-12,1
2.145,2.5779999999999994,0.16404320486326185,0.2544614950956568,0.0,0.0,nan,0,0.32611442577564226,-0.16404320486326185,-0.2544614950956541,0.0,0.0,nan,0,-0.36611551880182397,4.676029438377416e-07,7.492544300693015e-07,0.0,0.0,nan,0,-0.04000000000071114,0.450704845530077,1.6826219769873317e-15,-2.1725001889047724e-12,2
2.15,2.5980000000000008,0.1653155123387402,0.2544614950956568,0.0,0.0,nan,0,0.3282330625032927,-0.1653155123387402,-0.2544614950956541,0.0,0.0,nan,0,-0.3682341555294744,4.7135005405013475e-07,7.495591761030775e-07,0.0,0.0,nan,0,-0.040000000000722034,0.4016548455300771,1.6692993006918299e-15,-2.1849160350337603e-12,2
2.1550000000000002,2.6180000000000003,0.16658781981421855,0.2544614950956568,0.0,0.0,nan,0,0.3301064492309432,-0.16658781981421855,-0.2544614950956541,0.0,0.0,nan,0,-0.3701075422571249,4.750986879985264e-07,7.498639223997263e-07,0.0,0.0,nan,0,-0.040000000000733,0.35260484553007715,1.6595293380751284e-15,-2.1999848701023925e-12,2
2.16,2.638,0.1678601272896969,0.2544614950956568,0.0,0.0,nan,0,0.3317345859585937,-0.1678601272896969,-0.2544614950956541,0.0,0.0,nan,0,-0.3717356789847754,4.788488456725082e-07,7.501686688277774e-07,0.0,0.0,nan,0,-0.040000000000744065,0.30355484553007717,1.6417657696811259e-15,-2.221827841978078e-12,2
2.165,2.6579999999999995,0.16913243476517525,0.2544614950956568,0.0,0.0,nan,0,0.3331174726862441,-0.16913243476517525,-0.2544614950956541,0.0,0.0,nan,0,-0.3731185657124258,4.826005270824885e-07,7.504734150916219e-07,0.0,0.0,nan,0,-0.04000000000075521,0.25450484553007724,1.6177849523492226e-15,-2.235331706671199e-12,2
2.17,2.678000000000001,0.1704047422406536,0.2544614950956568,0.0,0.0,nan,0,0.33425510941389436,-0.1704047422406536,-0.2544614950956541,0.0,0.0,nan,0,-0.3742562024400761,4.863537322249978e-07,7.507781617499395e-07,0.0,0.0,nan,0,-0.04000000000076642,0.20545484553007726,1.5964686702764196e-15,-2.250074580259801e-12,2
2.1750000000000003,2.6980000000000004,0.17167704971613196,0.2544614950956568,0.0,0.0,nan,0,0.33514749614154465,-0.17167704971613196,-0.2544614950956541,0.0,0.0,nan,0,-0.37514858916772637,4.901084611000361e-07,7.510829086064896e-07,0.0,0.0,nan,0,-0.04000000000077775,0.1564048455300772,1.5662706040066153e-15,-2.27095831944221e-12,2
2.18,2.718,0.1729493571916103,0.2544614950956568,0.0,0.0,nan,0,0.335794632869195,-0.1729493571916103,-0.2544614950956541,0.0,0.0,nan,0,-0.37579572589537674,4.93864713711073e-07,7.51387655378333e-07,0.0,0.0,nan,0,-0.04000000000078913,0.10735484553007715,1.5458425003535123e-15,-2.284932918697772e-12,2
2.185,2.7379999999999995,0.17422166466708866,0.2544614950956568,0.0,0.0,nan,0,0.3361965195968453,-0.17422166466708866,-0.2544614950956541,0.0,0.0,nan,0,-0.37619761262302703,4.976224900546389e-07,7.516924023946859e-07,0.0,0.0,nan,0,-0.0400000000008006,0.058304845530077094,1.5005454009488057e-15,-2.3012025709898387e-12,2
2.19,2.758000000000001,0.175493972142567,0.2544614950956568,0.0,0.0,nan,0,0.3363531563244957,-0.175493972142567,-0.2544614950956541,0.0,0.0,nan,0,-0.37635424935067746,5.013817901342033e-07,7.519971496219998e-07,0.0,0.0,nan,0,-0.04000000000081217,0.009254845530077108,1.4392610899894968e-15,-2.319578094315014e-12,2
2.195,2.7780000000000005,0.17676627961804536,0.2544614950956568,0.0,0.0,nan,0,0.3362645430521461,-0.17676627961804536,-0.2544614950956541,0.0,0.0,nan,0,-0.3762656360783278,5.051426139532356e-07,7.52301896811572e-07,0.0,0.0,nan,0,-0.04000000000082381,-0.03979515446992287,1.3682068164134867e-15,-2.3325366174584394e-12,2
2.2,2.798,0.17803858709352371,0.2544614950956568,0.0,0.0,nan,0,0.3359306797797965,-0.17803858709352371,-0.2544614950956541,0.0,0.0,nan,0,-0.3759317728059783,5.089049615082664e-07,7.526066442785966e-07,0.0,0.0,nan,0,-0.040000000000835534,-0.08884515446992297,1.2873825802207751e-15,-2.3544506436077004e-12,2
2.205,2.8179999999999996,0.17931089456900207,0.2544614950956568,0.0,0.0,nan,0,0.33535156650744696,-0.17931089456900207,-0.2544614950956541,0.0,0.0,nan,0,-0.3753526595336287,5.126688327958262e-07,7.529113918790431e-07,0.0,0.0,nan,0,-0.040000000000847344,-0.13789515446992304,1.1461622114884554e-15,-2.3677990770773736e-12,2
2.21,2.838000000000001,0.18058320204448042,0.2544614950956568,0.0,0.0,nan,0,0.33452720323509744,-0.18058320204448042,-0.2544614950956541,0.0,0.0,nan,0,-0.3745282962612792,5.16434227822854e-07,7.532161396642154e-07,0.0,0.0,nan,0,-0.04000000000085922,-0.18694515446992302,9.960600585591342e-16,-2.382366979517295e-12,2
2.215,2.8580000000000005,0.18185550951995877,0.2544614950956568,0.0,0.0,nan,0,0.33345758996274794,-0.18185550951995877,-0.2544614950956541,0.0,0.0,nan,0,-0.37345868298892965,5.202041500167176e-07,7.579953679660909e-07,0.0,0.0,nan,0,-0.0400000000008712,-0.23599515446992297,8.148716609403089e-16,-2.407710262545018e-12,1
2.22,2.878,0.18312781699543712,0.2544614950956568,0.0,0.0,nan,0,0.33214272669039835,-0.18312781699543718,-0.2544614950956541,0.0,0.0,nan,0,-0.3721438197165801,5.241491394074316e-07,8.21370613566228e-07,0.0,0.0,nan,0,-0.04000000000088372,-0.2850451544699229,6.549995453942864e-16,-2.6267812461208927e-12,1
2.225,2.8979999999999997,0.18440012447091547,0.2544614950956568,0.0,0.0,nan,0,0.3305826134180486,-0.18440012447091553,-0.2544614950956541,0.0,0.0,nan,0,-0.3705837064442304,5.284992511296605e-07,9.115939711818126e-07,0.0,0.0,nan,0,-0.04000000000089757,-0.33409515446992283,3.1926810274763907e-16,-2.865837132318441e-12,1
2.23,2.918000000000001,0.18567243194639382,0.2544614950956568,0.0,0.0,nan,0,0.3287772501456989,-0.18567243194639388,-0.2544614950956541,0.0,0.0,nan,0,-0.3687783431718807,5.333213463423747e-07,1.008000238942262e-06,0.0,0.0,nan,0,-0.04000000000091224,-0.38314515446992276,1.678181084888831e-15,-2.9735518583459937e-12,2
2.235,2.9380000000000006,0.18694473942187217,0.2544614950956568,0.0,0.0,nan,0,0.32672663687334924,-0.18694473942187223,-0.2544614950956541,0.0,0.0,nan,0,-0.366727729899531,5.388114643137265e-07,1.2187498855233896e-06,0.0,0.0,nan,0,-0.03999999991673386,-0.4321951544699227,1.6666347654327294e-15,5.309883537062605e-08,2
2.24,2.958,0.18821704689735053,0.2544614950956568,0.0,0.0,nan,0,0.3244307736009996,-0.18821704689735058,-0.2544614950956541,0.0,0.0,nan,0,-0.36443186662718136,5.454056018587561e-07,1.3698207160716725e-06,0.0,0.0,nan,0,-0.0399999994881098,-0.4812451544699226,1.6550884459766277e-15,1.0213956489501159e-07,2
2.245,2.9779999999999998,0.18948935437282888,0.2544614950956568,0.0,0.0,nan,0,0.32188966032864996,-0.18948935437282893,-0.2544614950956541,0.0,0.0,nan,0,-0.36189075335483173,5.523771137543043e-07,1.4069569112533295e-06,0.0,0.0,nan,0,-0.03999999893843713,-0.5302951544699227,1.6382130560023256e-15,1.1378653183879067e-07,2
2.25,2.9979999999999993,0.19076166184830723,0.2544614950956568,0.0,0.0,nan,0,0.31910329705630036,-0.19076166184830728,-0.2544614950956541,0.0,0.0,nan,0,-0.35910439008248213,5.59444871362641e-07,1.4174498613281542e-06,0.0,0.0,nan,0,-0.03999999836205324,-0.5793451544699232,1.6160085955098225e-15,1.1600085766460183e-07,2
2.255,3.0180000000000007,0.19203396932378558,0.2544614950956568,0.0,0.0,nan,0,0.3160716837839508,-0.19203396932378564,-0.2544614950956541,0.0,0.0,nan,0,-0.35607277681013255,5.665474901578316e-07,1.4227290317514486e-06,0.0,0.0,nan,0,-0.0399999977804216,-0.6283951544699236,1.59735684869612e-15,1.1648902149662602e-07,2
2.2600000000000002,3.0380000000000003,0.19330627679926393,0.2544614950956568,0.0,0.0,nan,0,0.31279482051160123,-0.193306276799264,-0.2544614950956541,0.0,0.0,nan,0,-0.352795913537783,5.736728381292022e-07,1.426919134448022e-06,0.0,0.0,nan,0,-0.03999999719758157,-0.6774451544699238,1.5707114961051162e-15,1.1661026983510649e-07,2
2.265,3.058,0.19457858427474228,0.2544614950956568,0.0,0.0,nan,0,0.3092727072392517,-0.19457858427474234,-0.2544614950956541,0.0,0.0,nan,0,-0.3492738002654335,5.808183593455918e-07,1.4308779509894217e-06,0.0,0.0,nan,0,-0.03999999661440144,-0.7264951544699242,1.5165326125034088e-15,1.1665226107936602e-07,2
2.27,3.0779999999999994,0.19585089175022063,0.2544614950956568,0.0,0.0,nan,0,0.3055053439669022,-0.1958508917502207,-0.2544614950956541,0.0,0.0,nan,0,-0.345506436993084,5.879835050584536e-07,1.4347859065712762e-06,0.0,0.0,nan,0,-0.039999996031069046,-0.7755451544699244,1.4810054757154036e-15,1.166770513434298e-07,2
2.275,3.0980000000000008,0.197123199225699,0.2544614950956568,0.0,0.0,nan,0,0.30149273069455246,-0.19712319922569904,-0.2544614950956541,0.0,0.0,nan,0,-0.34149382372073417,5.951681488758354e-07,1.4386809862686877e-06,0.0,0.0,nan,0,-0.03999999544762538,-0.8245951544699247,1.4392610899894975e-15,1.1669805121016422e-07,2
2.2800000000000002,3.1180000000000003,0.19839550670117734,0.2544614950956568,0.0,0.0,nan,0,0.29723486742220273,-0.1983955067011774,-0.2544614950956541,0.0,0.0,nan,0,-0.3372359604483845,6.023722534005682e-07,1.4425712086272335e-06,0.0,0.0,nan,0,-0.03999999486407965,-0.873645154469925,1.3744240653513886e-15,1.167181608254705e-07,2
2.285,3.138,0.1996678141766557,0.2544614950956568,0.0,0.0,nan,0,0.29273175414985303,-0.19966781417665574,-0.2544614950956541,0.0,0.0,nan,0,-0.33273284717603474,6.095958000988666e-07,1.4464582866191005e-06,0.0,0.0,nan,0,-0.03999999428043418,-0.9226951544699254,1.2935998291586775e-15,1.1673801657984453e-07,2
2.29,3.1579999999999995,0.20094012165213404,0.2544614950956568,0.0,0.0,nan,0,0.28798339087750335,-0.2009401216521341,-0.2544614950956541,0.0,0.0,nan,0,-0.3279844839036851,6.168387745378312e-07,1.4503426067419544e-06,0.0,0.0,nan,0,-0.03999999369668982,-0.9717451544699257,1.2003410950901645e-15,1.1675774245500006e-07,2
2.295,3.178000000000001,0.2022124291276124,0.2544614950956568,0.0,0.0,nan,0,0.2829897776051537,-0.20221242912761245,-0.2544614950956541,0.0,0.0,nan,0,-0.3229908706313354,6.241011632594773e-07,1.4542242755029955e-06,0.0,0.0,nan,0,-0.03999999311284705,-1.0207951544699256,1.0511271205805436e-15,1.1677738726611123e-07,2
2.3000000000000003,3.1980000000000004,0.20348473660309074,0.2544614950956568,0.0,0.0,nan,0,0.2777509143328041,-0.2034847366030908,-0.2544614950956541,0.0,0.0,nan,0,-0.31775200735898584,6.313829531423565e-07,1.4581033398504562e-06,0.0,0.0,nan,0,-0.03999999252890628,-1.069845154469925,8.805968639981196e-16,1.1679695457921438e-07,1
2.305,3.218,0.2047570440785691,0.2544614950956568,0.0,0.0,nan,0,0.2722668010604545,-0.20475704407856915,-0.2544614950956541,0.0,0.0,nan,0,-0.3122678940866362,6.386841312627789e-07,1.4619798338432287e-06,0.0,0.0,nan,0,-0.03999999194486785,-1.1188951544699244,5.759516660409765e-16,1.1681645285154445e-07,1
2.31,3.2379999999999995,0.20602935155404745,0.2544614950956568,0.0,0.0,nan,0,0.2665374377881049,-0.2060293515540475,-0.2544614950956541,0.0,0.0,nan,0,-0.30653853081428667,6.460046848601186e-07,1.4658537879144136e-06,0.0,0.0,nan,0,-0.03999999136073214,-1.1679451544699238,3.5035434743714467e-16,1.1683588147736371e-07,1
2.315,3.258000000000001,0.2073016590295258,0.2544614950956568,0.0,0.0,nan,0,0.26056282451575535,-0.20730165902952585,-0.2544614950956541,0.0,0.0,nan,0,-0.30056391754193706,6.533446013125277e-07,1.4697252316683488e-06,0.0,0.0,nan,0,-0.039999990776499454,-1.2169951544699231,1.6755165496297317e-15,1.1685524570669485e-07,2
2.32,3.2780000000000005,0.20857396650500415,0.2544614950956568,0.0,0.0,nan,0,0.25434296124340583,-0.2085739665050042,-0.2544614950956541,0.0,0.0,nan,0,-0.2943440542695876,6.607038681473443e-07,1.4735941931304608e-06,0.0,0.0,nan,0,-0.03999999019217011,-1.2660451544699225,1.670187479111531e-15,1.1687454764185615e-07,2
2.325,3.298,0.2098462739804825,0.2544614950956568,0.0,0.0,nan,0,0.24787784797105636,-0.20984627398048256,-0.2544614950956541,0.0,0.0,nan,0,-0.2878789409972381,6.68082473027215e-07,1.4774607005856462e-06,0.0,0.0,nan,0,-0.039999989607744445,-1.3150951544699219,1.6506475538781281e-15,1.1689378825717937e-07,2
2.33,3.3179999999999996,0.21111858145596085,0.2544614950956568,0.0,0.0,nan,0,0.24116748469870683,-0.2111185814559609,-0.2544614950956541,0.0,0.0,nan,0,-0.28116857772488857,6.754804037605033e-07,1.4813247809485247e-06,0.0,0.0,nan,0,-0.03999998902322272,-1.3641451544699212,1.6355485207432263e-15,1.1691297000847781e-07,2
2.335,3.338000000000001,0.2123908889314392,0.2544614950956568,0.0,0.0,nan,0,0.2342118714263571,-0.21239088893143926,-0.2544614950956541,0.0,0.0,nan,0,-0.27421296445253884,6.828976482839422e-07,1.4851864606376064e-06,0.0,0.0,nan,0,-0.03999998843860526,-1.4131951544699206,1.6168967739295237e-15,1.1693209203421843e-07,2
2.34,3.3580000000000005,0.21366319640691755,0.2544614950956568,0.0,0.0,nan,0,0.22701100815400746,-0.2136631964069176,-0.2544614950956541,0.0,0.0,nan,0,-0.2670121011801892,6.90334194662634e-07,1.4890457657481947e-06,0.0,0.0,nan,0,-0.039999987853892346,-1.46224515446992,1.5991332055355214e-15,1.169511601706216e-07,2
2.345,3.378,0.2149355038823959,0.2544614950956568,0.0,0.0,nan,0,0.21956489488165792,-0.21493550388239596,-0.2544614950956541,0.0,0.0,nan,0,-0.25956598790783963,6.977900310969898e-07,1.492902721290282e-06,0.0,0.0,nan,0,-0.03999998726908424,-1.5112951544699194,1.5733760313642179e-15,1.1697017296729197e-07,2
2.35,3.3979999999999997,0.21620781135787426,0.2544614950956568,0.0,0.0,nan,0,0.2118735316093084,-0.2162078113578743,-0.2544614950956541,0.0,0.0,nan,0,-0.25187462463549015,7.052651459053816e-07,1.4967573523084846e-06,0.0,0.0,nan,0,-0.03999998668418122,-1.5603451544699187,1.5351843593171125e-15,1.1698912962575716e-07,2
2.355,3.418000000000001,0.2174801188333526,0.2544614950956568,0.0,0.0,nan,0,0.20393691833695893,-0.21748011883335266,-0.2544614950956541,0.0,0.0,nan,0,-0.24393801136314067,7.127595275380205e-07,1.5006096826852095e-06,0.0,0.0,nan,0,-0.03999998609918357,-1.609395154469918,1.4925517951715069e-15,1.1700803205737712e-07,2
2.36,3.4380000000000006,0.21875242630883096,0.2544614950956568,0.0,0.0,nan,0,0.19575505506460944,-0.21875242630883102,-0.2544614950956541,0.0,0.0,nan,0,-0.23575614809079118,7.202731645457316e-07,1.5044597360788857e-06,0.0,0.0,nan,0,-0.03999998551409156,-1.6584451544699175,1.4010694179423938e-15,1.1702687966174324e-07,2
2.365,3.458,0.2200247337843093,0.2544614950956568,0.0,0.0,nan,0,0.18732794179225973,-0.22002473378430937,-0.2544614950956541,0.0,0.0,nan,0,-0.22732903481844147,7.278060456146485e-07,1.5083075357561926e-06,0.0,0.0,nan,0,-0.039999984928905455,-1.7074951544699168,1.309587040713281e-15,1.1704567312719376e-07,2
2.37,3.4779999999999998,0.22129704125978766,0.2544614950956568,0.0,0.0,nan,0,0.17865557851991004,-0.22129704125978772,-0.2544614950956541,0.0,0.0,nan,0,-0.21865667154609178,7.353581595349878e-07,1.5121531040814511e-06,0.0,0.0,nan,0,-0.03999998434362556,-1.7565451544699162,1.1852420619552633e-15,1.1706440980873336e-07,2
2.375,3.4979999999999993,0.22256934873526601,0.2544614950956568,0.0,0.0,nan,0,0.16973796524756038,-0.22256934873526607,-0.2544614950956541,0.0,0.0,nan,0,-0.20973905827374212,7.429294952114585e-07,1.515996463245078e-06,0.0,0.0,nan,0,-0.03999998375825209,-1.8055951544699156,1.0120472701137388e-15,1.170830991290469e-07,2
2.38,3.5180000000000007,0.22384165621074437,0.2544614950956568,0.0,0.0,nan,0,0.16057510197521074,-0.22384165621074442,-0.2544614950956541,0.0,0.0,nan,0,-0.20057619500139248,7.505200416632607e-07,1.519837635262024e-06,0.0,0.0,nan,0,-0.03999998317278532,-1.854645154469915,8.317470509146131e-16,1.1710173432110306e-07,1
2.3850000000000002,3.5380000000000003,0.22511396368622272,0.2544614950956568,0.0,0.0,nan,0,0.15116698870286113,-0.22511396368622277,-0.2544614950956541,0.0,0.0,nan,0,-0.19116808172904287,7.581297880067395e-07,1.5236766408166927e-06,0.0,0.0,nan,0,-0.03999998258722556,-1.9036951544699143,6.079260891501816e-16,1.17120309925269e-07,1
2.39,3.558,0.22638627116170107,0.2544614950956568,0.0,0.0,nan,0,0.14151362543051155,-0.22638627116170112,-0.2544614950956541,0.0,0.0,nan,0,-0.18151471845669329,7.657587234727314e-07,1.5275135010800263e-06,0.0,0.0,nan,0,-0.03999998200157305,-1.9527451544699137,3.6722973741144775e-16,1.171388355143318e-07,1
2.395,3.5779999999999994,0.22765857863717942,0.2544614950956568,0.0,0.0,nan,0,0.131615012158162,-0.22765857863717948,-0.2544614950956541,0.0,0.0,nan,0,-0.17161610518434373,7.734068373857483e-07,1.5313482361283339e-06,0.0,0.0,nan,0,-0.039999981415828084,-2.0017951544699133,1.6755165496297319e-15,1.1715729993454682e-07,2
2.4,3.5980000000000008,0.22893088611265777,0.2544614950956568,0.0,0.0,nan,0,0.12147114888581244,-0.22893088611265783,-0.2544614950956541,0.0,0.0,nan,0,-0.1614722419119942,7.810741191778547e-07,1.5351808664340696e-06,0.0,0.0,nan,0,-0.03999998082999092,-2.0508451544699127,1.6648584085933303e-15,1.1717571475976707e-07,2
2.4050000000000002,3.6180000000000003,0.23020319358813612,0.2544614950956568,0.0,0.0,nan,0,0.11108203561346293,-0.23020319358813618,-0.2544614950956541,0.0,0.0,nan,0,-0.15108312863964468,7.887605583747903e-07,1.5390114112801763e-06,0.0,0.0,nan,0,-0.03999998024406186,-2.099895154469912,1.6550884459766289e-15,1.1719406460763048e-07,2
2.41,3.638,0.23147550106361447,0.2544614950956568,0.0,0.0,nan,0,0.10044767234111338,-0.23147550106361453,-0.2544614950956541,0.0,0.0,nan,0,-0.14044876536729511,7.964661446063781e-07,1.5428398897568373e-06,0.0,0.0,nan,0,-0.03999997965804118,-2.1489451544699114,1.6373248775826265e-15,1.1721236819205637e-07,2
2.415,3.6579999999999995,0.23274780853909283,0.2544614950956568,0.0,0.0,nan,0,0.08956805906876378,-0.23274780853909288,-0.2544614950956541,0.0,0.0,nan,0,-0.12956915209494552,8.041908675926468e-07,1.5466663208855992e-06,0.0,0.0,nan,0,-0.039999979071929176,-2.197995154469911,1.6240022012871245e-15,1.1723060155709641e-07,2
2.42,3.678000000000001,0.23402011601457118,0.2544614950956568,0.0,0.0,nan,0,0.0784431957964142,-0.23402011601457123,-0.2544614950956541,0.0,0.0,nan,0,-0.11844428882259594,8.11934717154239e-07,1.5504907236023755e-06,0.0,0.0,nan,0,-0.039999978485726145,-2.24704515446991,1.6009095623749215e-15,1.1724878327633768e-07,2
2.4250000000000003,3.6980000000000004,0.23529242349004953,0.2544614950956568,0.0,0.0,nan,0,0.06707308252406466,-0.23529242349004958,-0.2544614950956541,0.0,0.0,nan,0,-0.1070741755502464,8.196976831846559e-07,1.5543131157711419e-06,0.0,0.0,nan,0,-0.03999997789943237,-2.2960951544699095,1.5636060687475162e-15,1.1726691129808806e-07,2
2.43,3.718,0.23656473096552788,0.2544614950956568,0.0,0.0,nan,0,0.05545771925171514,-0.23656473096552794,-0.2544614950956541,0.0,0.0,nan,0,-0.09545881227789688,8.274797556953595e-07,1.558133515308471e-06,0.0,0.0,nan,0,-0.039999977313048135,-2.345145154469909,1.5076508283064083e-15,1.1728496480433355e-07,2
2.435,3.7379999999999995,0.23783703844100623,0.2544614950956568,0.0,0.0,nan,0,0.04359710597936564,-0.2378370384410063,-0.2544614950956541,0.0,0.0,nan,0,-0.08359819900554738,8.352809247637316e-07,1.5619519398464532e-06,0.0,0.0,nan,0,-0.03999997672657378,-2.3941951544699083,1.4588010152229013e-15,1.1730296951050396e-07,2
2.44,3.758000000000001,0.23910934591648458,0.2544614950956568,0.0,0.0,nan,0,0.0314912427070161,-0.23910934591648464,-0.2544614950956541,0.0,0.0,nan,0,-0.07149233573319785,8.43101180567768e-07,1.5657684068402832e-06,0.0,0.0,nan,0,-0.0399999761400096,-2.4432451544699076,1.3984048826832925e-15,1.1732089965587238e-07,2
2.445,3.7780000000000005,0.24038165339196294,0.2544614950956568,0.0,0.0,nan,0,0.01914012943466659,-0.240381653391963,-0.2544614950956541,0.0,0.0,nan,0,-0.05914122246084833,8.509405133548531e-07,1.5695829333162722e-06,0.0,0.0,nan,0,-0.03999997555335594,-2.492295154469907,1.3637659243149877e-15,1.1733876848761999e-07,2
2.45,3.798,0.2416537975155616,0.2543525938425722,0.0,0.0,nan,0,0.014504815552962836,-0.24165379751556165,-0.2543525938425697,0.0,0.0,nan,0,-0.05450590857914458,8.581256399319004e-07,1.1879754245248096e-06,0.0,0.0,nan,0,-0.03999997496905724,2.76602110596062,9.445457102165288e-16,1.1586813157670367e-07,1
2.455,3.8179999999999996,0.24292556048477432,0.25435259384257214,0.0,0.0,nan,0,0.028200033582765963,-0.24292556048477437,-0.25435259384256953,0.0,0.0,nan,0,-0.0682011266089477,8.615623540118855e-07,2.3585016417554408e-07,0.0,0.0,nan,0,-0.03999997439679888,2.7169711059606207,7.997726278054085e-16,1.1376387137595104e-07,1
2.46,3.838000000000001,0.24419732345398704,0.254352593842572,0.0,0.0,nan,0,0.04165000161256904,-0.2441973234539871,-0.2543525938425693,0.0,0.0,nan,0,-0.08165109463875078,8.598915996263501e-07,-6.771939950464118e-07,0.0,0.0,nan,0,-0.03999997377606351,2.6679211059606214,5.910506991758791e-16,1.7104529384791747e-07,1
2.465,3.8580000000000005,0.24546908642319976,0.25435259384257175,0.0,0.0,nan,0,0.05485471964237215,-0.2454690864231998,-0.2543525938425691,0.0,0.0,nan,0,-0.09485581266855389,8.561216320555898e-07,-7.969284477722357e-07,0.0,0.0,nan,0,-0.03999997243873031,2.618871105960622,2.8640550121873623e-16,3.1972856087513394e-07,1
2.47,3.878,0.24674084939241248,0.25435259384257175,0.0,0.0,nan,0,0.06781418767217529,-0.24674084939241253,-0.25435259384256903,0.0,0.0,nan,0,-0.10781528069835702,8.519478108294509e-07,-8.635986076377434e-07,0.0,0.0,nan,0,-0.03999997071415602,2.5698211059606226,1.6772929064691325e-15,3.5769921703486986e-07,2
2.475,3.8979999999999997,0.2480126123616252,0.25435259384257164,0.0,0.0,nan,0,0.08052840570197844,-0.24801261236162525,-0.2543525938425689,0.0,0.0,nan,0,-0.12052949872816018,8.47463334546078e-07,-9.23930600728013e-07,0.0,0.0,nan,0,-0.03999996889436222,2.5207711059606233,1.6621938733342305e-15,3.6726535318120265e-07,2
2.48,3.918000000000001,0.24928437533083792,0.2543525938425715,0.0,0.0,nan,0,0.09299737373178157,-0.24928437533083797,-0.25435259384256875,0.0,0.0,nan,0,-0.1329984667579633,7.85472109340879e-07,-1.2692578116037016e-05,0.0,0.0,nan,0,-0.04000001292817391,2.471721105960624,1.6391012344220274e-15,-7.803161236476407e-06,2
2.485,3.9380000000000006,0.25055613830005063,0.2543525938425715,0.0,0.0,nan,0,0.10522109176158466,-0.2505561383000507,-0.25435259384256875,0.0,0.0,nan,0,-0.1452221847877664,8.205120696942736e-07,5.395319508572861e-06,0.0,0.0,nan,0,-0.03999997971737145,2.4226711059606245,1.6302194502250263e-15,5.095410391787282e-06,2
2.49,3.958,0.25182790126926335,0.2543525938425711,0.0,0.0,nan,0,0.11719955979138776,-0.2518279012692634,-0.25435259384256836,0.0,0.0,nan,0,-0.1572006528175695,7.766647412976724e-07,6.909840575445544e-06,0.0,0.0,nan,0,-0.04000000870648522,2.373621105960625,1.6177849523492245e-15,7.259671814279434e-06,2
2.495,3.9779999999999998,0.2530996642384761,0.2543525938425708,0.0,0.0,nan,0,0.1289327778211909,-0.25309966423847613,-0.2543525938425681,0.0,0.0,nan,0,-0.16893387084737263,8.158590316907632e-07,3.918953914238274e-06,0.0,0.0,nan,0,-0.03999997281837793,2.3245711059606258,1.592915956597621e-15,4.124725867601811e-06,2
2.5,3.9979999999999993,0.2543714272076888,0.25435259384257086,0.0,0.0,nan,0,0.14042074585099404,-0.25437142720768885,-0.25435259384256814,0.0,0.0,nan,0,-0.18042183887717578,7.934434808724855e-07,9.152619909618716e-06,0.0,0.0,nan,0,-0.03999998458896807,2.2755211059606264,1.558276998229316e-15,8.109035236722341e-06,2
2.505,4.0,0.2556431901769015,0.2543525938425708,0.0,0.0,nan,0,0.1516634638807972,-0.25564319017690157,-0.2543525938425681,0.0,0.0,nan,0,-0.19166455690697895,7.676205217473087e-07,1.0975461342342835e-05,0.0,0.0,nan,0,-0.03999999771264601,2.226471105960627,1.5271907535398117e-15,1.0349254336585504e-05,2
2.5100000000000002,4.0,0.25691495314611423,0.2543525938425708,0.0,0.0,nan,0,0.1626609319106004,-0.2569149531461143,-0.2543525938425681,0.0,0.0,nan,0,-0.20266202493678215,7.422026514387892e-07,8.008922200779615e-06,0.0,0.0,nan,0,-0.04000000907120124,2.1774211059606277,1.4863345462336059e-15,8.814651034315656e-06,2
2.515,4.0,0.25818671611532695,0.25435259384257086,0.0,0.0,nan,0,0.17341314994040363,-0.258186716115327,-0.25435259384256814,0.0,0.0,nan,0,-0.21341424296658537,7.226334920416855e-07,-8.913751135397041e-06,0.0,0.0,nan,0,-0.04000001605388687,2.1283711059606283,1.409063023719695e-15,-4.003904788748578e-06,2
2.52,4.0,0.2594584790845397,0.2543525938425708,0.0,0.0,nan,0,0.18392011797020688,-0.25945847908453973,-0.2543525938425681,0.0,0.0,nan,0,-0.22392121099638862,7.27345384254896e-07,-6.445667031181622e-05,0.0,0.0,nan,0,-0.04000000370905196,2.079321105960629,1.3415614638224857e-15,-5.1619692803631665e-05,2
2.525,4.0,0.2607302420537524,0.2543525938425707,0.0,0.0,nan,0,0.19418183600001016,-0.26073024205375245,-0.254352593842568,0.0,0.0,nan,0,-0.2341829290261919,7.422367881947112e-07,7.200980827815677e-06,0.0,0.0,nan,0,-0.03999998112624533,2.0302711059606295,1.1852420619552635e-15,7.358430109930973e-06,2
2.5300000000000002,4.0,0.2620020050229651,0.2543525938425705,0.0,0.0,nan,0,0.20419830402981318,-0.26200200502296517,-0.25435259384256775,0.0,0.0,nan,0,-0.24419939705599492,7.200574651047842e-07,9.67165470292091e-06,0.0,0.0,nan,0,-0.03999998897646134,1.9812211059606302,1.0759961163321479e-15,9.309826431007412e-06,2
2.535,4.0,0.26327376799217783,0.2543525938425705,0.0,0.0,nan,0,0.21396952205961622,-0.2632737679921779,-0.25435259384256775,0.0,0.0,nan,0,-0.25397061508579793,6.955512039802381e-07,1.1094596948433534e-05,0.0,0.0,nan,0,-0.03999999871245343,1.9321711059606308,8.797086855784204e-16,1.0677104922058197e-05,1
2.54,4.0,0.26454553096139055,0.2543525938425704,0.0,0.0,nan,0,0.2234954900894193,-0.2645455309613906,-0.2543525938425677,0.0,0.0,nan,0,-0.26349658311560104,6.704063874041211e-07,8.032418141040678e-06,0.0,0.0,nan,0,-0.040000009289310114,1.8831211059606314,6.709867569488911e-16,8.886259589897745e-06,1
2.545,4.0,0.26581729393060327,0.2543525938425704,0.0,0.0,nan,0,0.23277620811922248,-0.2658172939306033,-0.2543525938425677,0.0,0.0,nan,0,-0.2727773011454042,6.508904308935581e-07,-8.909176149678227e-06,0.0,0.0,nan,0,-0.040000016101739276,1.8340711059606318,3.8232877054635014e-16,-3.988265841673443e-06,1
2.5500000000000003,4.0,0.267089056899816,0.2543525938425703,0.0,0.0,nan,0,0.24181167614902574,-0.26708905689981605,-0.2543525938425676,0.0,0.0,nan,0,-0.2818127691752075,6.556123572747097e-07,-6.445568444713472e-05,0.0,0.0,nan,0,-0.040000003719880814,1.7850211059606325,1.6781810848888333e-15,-5.161604619582217e-05,2
2.555,4.0,0.2683608198690287,0.25435259384257014,0.0,0.0,nan,0,0.250601894178829,-0.26836081986902877,-0.2543525938425674,0.0,0.0,nan,0,-0.2906029872050107,6.705053762871838e-07,7.2010636927187705e-06,0.0,0.0,nan,0,-0.039999981129088265,1.735971105960633,1.6621938733342308e-15,7.359143076018036e-06,2
2.56,4.0,0.26963258283824143,0.2543525938425702,0.0,0.0,nan,0,0.2591468622086321,-0.2696325828382415,-0.2543525938425675,0.0,0.0,nan,0,-0.2991479552348138,6.483261177185617e-07,9.671593822881026e-06,0.0,0.0,nan,0,-0.039999988977508415,1.6869211059606337,1.6462066617796288e-15,9.309951472268315e-06,2
2.565,4.0,0.27090434580745415,0.25435259384256986,0.0,0.0,nan,0,0.26744658023843515,-0.2709043458074542,-0.25435259384256714,0.0,0.0,nan,0,-0.3074476732646169,6.238196095659232e-07,1.1094505841989942e-05,0.0,0.0,nan,0,-0.03999999871307645,1.6378711059606343,1.6346603423235272e-15,1.0677096151265216e-05,2
2.57,4.0,0.27217610877666687,0.25435259384256986,0.0,0.0,nan,0,0.27550104826823824,-0.2721761087766669,-0.25435259384256714,0.0,0.0,nan,0,-0.31550214129441995,5.986744879213357e-07,8.032326153779872e-06,0.0,0.0,nan,0,-0.04000000928980445,1.588821105960635,1.6142322386704244e-15,8.886226796754436e-06,2
2.575,4.0,0.2734478717458796,0.25435259384257,0.0,0.0,nan,0,0.28331026629804135,-0.27344787174587964,-0.25435259384256725,0.0,0.0,nan,0,-0.3233113593242231,5.791582056158262e-07,-8.909235672640732e-06,0.0,0.0,nan,0,-0.0400000161021822,1.5397711059606356,1.5866987076597206e-15,-3.988254394357461e-06,2
2.58,4.0,0.2747196347150923,0.25435259384257014,0.0,0.0,nan,0,0.2908742343278445,-0.27471963471509236,-0.2543525938425674,0.0,0.0,nan,0,-0.3308753273540262,5.838797534941931e-07,-6.445561548802612e-05,0.0,0.0,nan,0,-0.04000000372036606,1.4907211059606362,1.5565006413899165e-15,-5.1615820407188155e-05,2
2.585,4.0,0.27599139768430503,0.25435259384257014,0.0,0.0,nan,0,0.29819295235764764,-0.2759913976843051,-0.2543525938425674,0.0,0.0,nan,0,-0.3381940453838294,5.987723652282895e-07,7.200974726158257e-06,0.0,0.0,nan,0,-0.039999981129673026,1.4416711059606369,1.50853900672611e-15,7.359114810693732e-06,2
2.59,4.0,0.27726316065351775,0.2543525938425701,0.0,0.0,nan,0,0.30526642038745083,-0.2772631606535178,-0.25435259384256736,0.0,0.0,nan,0,-0.34526751341363254,5.765927805455318e-07,9.671500079217568e-06,0.0,0.0,nan,0,-0.0399999889780626,1.3926211059606375,1.4508074094456014e-15,9.309914780202932e-06,2
2.595,4.0,0.27853492362273047,0.2543525938425701,0.0,0.0,nan,0,0.31209463841725404,-0.2785349236227305,-0.25435259384256736,0.0,0.0,nan,0,-0.3520957314434358,5.520859509521026e-07,1.1094408499097949e-05,0.0,0.0,nan,0,-0.03999999871359178,1.3435711059606381,1.397516704263594e-15,1.0677052041789147e-05,2
2.6,4.0,0.2798066865919432,0.25435259384257014,0.0,0.0,nan,0,0.3186776064470573,-0.27980668659194324,-0.2543525938425674,0.0,0.0,nan,0,-0.358678699473239,5.269405102224789e-07,8.032232995408686e-06,0.0,0.0,nan,0,-0.04000000929027528,1.2945211059606385,1.3557723185376885e-15,8.886186275360196e-06,2
2.605,4.0,0.2810784495611559,0.25435259384257025,0.0,0.0,nan,0,0.32501532447686055,-0.28107844956115596,-0.25435259384256753,0.0,0.0,nan,0,-0.3650164175030423,5.074238995511626e-07,-8.909295407091313e-06,0.0,0.0,nan,0,-0.04000001610262001,1.2454711059606391,1.2856062233813786e-15,-3.988244635074303e-06,2
2.61,4.0,0.2823502125303686,0.25435259384257025,0.0,0.0,nan,0,0.33110779250666383,-0.2823502125303687,-0.25435259384256753,0.0,0.0,nan,0,-0.37110888553284554,5.121450684791862e-07,-6.445554655188187e-05,0.0,0.0,nan,0,-0.04000000372085019,1.1964211059606398,1.178136634597663e-15,-5.1615594975144456e-05,2
2.615,4.0,0.28362197549958135,0.25435259384257003,0.0,0.0,nan,0,0.33695501053646715,-0.2836219754995814,-0.2543525938425673,0.0,0.0,nan,0,-0.3769561035626489,5.270372729071493e-07,7.200885761732066e-06,0.0,0.0,nan,0,-0.03999998113025756,1.1473711059606404,1.0244817679895417e-15,7.3590864655177505e-06,1
2.62,4.0,0.28489373846879407,0.2543525938425701,0.0,0.0,nan,0,0.34255697856627043,-0.2848937384687941,-0.25435259384256736,0.0,0.0,nan,0,-0.3825580715924522,5.048573621553587e-07,9.671406342583389e-06,0.0,0.0,nan,0,-0.03999998897861676,1.098321105960641,9.445457102165306e-16,9.30987805596062e-06,1
2.625,4.0,0.2861655014380068,0.2543525938425702,0.0,0.0,nan,0,0.3479136965960735,-0.28616550143800684,-0.2543525938425675,0.0,0.0,nan,0,-0.3879147896222553,4.803502111801194e-07,1.109431116372701e-05,0.0,0.0,nan,0,-0.03999999871410717,1.0492711059606417,7.35823781587001e-16,1.067700792813509e-05,1
2.63,4.0,0.2874372644072195,0.25435259384257003,0.0,0.0,nan,0,0.35302516462587663,-0.28743726440721956,-0.2543525938425673,0.0,0.0,nan,0,-0.3930262576520584,4.552044514244402e-07,8.0321398449117e-06,0.0,0.0,nan,0,-0.04000000929074614,1.0002211059606423,5.430890645120738e-16,8.886145750188536e-06,1
2.6350000000000002,4.0,0.2887090273764322,0.2543525938425699,0.0,0.0,nan,0,0.35789138265567977,-0.2887090273764323,-0.2543525938425672,0.0,0.0,nan,0,-0.39789247568186153,4.3568751242201165e-07,-8.909355131608176e-06,0.0,0.0,nan,0,-0.04000001610305785,0.9511711059606425,2.553192565292332e-16,-3.9882348778748025e-06,1
2.64,4.0,0.28998079034564495,0.25435259384256986,0.0,0.0,nan,0,0.36251235068548293,-0.289980790345645,-0.25435259384256714,0.0,0.0,nan,0,-0.4025134437116647,4.404083024447947e-07,-6.445547759593262e-05,0.0,0.0,nan,0,-0.04000000372133437,0.9021211059606432,1.6684111222721324e-15,-5.16153695353363e-05,2
2.645,4.0,0.29125255331485767,0.25435259384256986,0.0,0.0,nan,0,0.3668880687152861,-0.2912525533148577,-0.25435259384256714,0.0,0.0,nan,0,-0.4068891617414679,4.5530009961172735e-07,7.2007968061064706e-06,0.0,0.0,nan,0,-0.03999998113084218,0.8530711059606434,1.6586411596554311e-15,7.359058110265386e-06,2
2.65,4.0,0.2925243162840704,0.2543525938425698,0.0,0.0,nan,0,0.37101853674508933,-0.29252431628407044,-0.2543525938425671,0.0,0.0,nan,0,-0.4110196297712711,4.331198628394761e-07,9.671312614534199e-06,0.0,0.0,nan,0,-0.03999998897917101,0.8040211059606439,1.6444303049402291e-15,9.309841332737046e-06,2
2.6550000000000002,4.0,0.2937960792532831,0.25435259384256986,0.0,0.0,nan,0,0.3749037547748926,-0.29379607925328316,-0.25435259384256714,0.0,0.0,nan,0,-0.41490484780107434,4.086123905344685e-07,1.1094213835872311e-05,0.0,0.0,nan,0,-0.039999998714622634,0.754971105960644,1.636436699162928e-15,1.0676963811785399e-05,2
2.66,4.0,0.2950678422224958,0.25435259384257,0.0,0.0,nan,0,0.37854372280469584,-0.2950678422224959,-0.25435259384256725,0.0,0.0,nan,0,-0.4185448158308776,3.8346631180130597e-07,8.032046702147299e-06,0.0,0.0,nan,0,-0.040000009291217095,0.7059211059606448,1.6106795249916243e-15,8.886105223614436e-06,2
2.665,4.0,0.29633960519170854,0.25435259384257003,0.0,0.0,nan,0,0.3819384408344991,-0.2963396051917086,-0.2543525938425673,0.0,0.0,nan,0,-0.4219395338606809,3.6394904453021515e-07,-8.909414846149138e-06,0.0,0.0,nan,0,-0.040000016103495795,0.6568711059606455,1.586698707659721e-15,-3.9882251238931894e-06,2
2.67,4.0,0.29761136816092126,0.25435259384257,0.0,0.0,nan,0,0.38508790886430244,-0.2976113681609213,-0.25435259384256725,0.0,0.0,nan,0,-0.4250890018904842,3.6866945569979936e-07,-6.445540862041975e-05,0.0,0.0,nan,0,-0.04000000372181867,0.6078211059606461,1.5511715708717162e-15,-5.161514408491708e-05,2
2.6750000000000003,4.0,0.298883131130134,0.2543525938425699,0.0,0.0,nan,0,0.3879921268941058,-0.29888313113013404,-0.2543525938425672,0.0,0.0,nan,0,-0.42799321992028755,3.835608456438655e-07,7.200707859631308e-06,0.0,0.0,nan,0,-0.03999998113142687,0.5587711059606459,1.5085390067261101e-15,7.359029763065234e-06,2
2.68,4.0,0.3001548940993467,0.2543525938425699,0.0,0.0,nan,0,0.39065109492390904,-0.30015489409934676,-0.2543525938425672,0.0,0.0,nan,0,-0.4306521879500908,3.6138028289625646e-07,9.671218894456015e-06,0.0,0.0,nan,0,-0.039999988979725315,0.5097211059606462,1.459689193642603e-15,9.309804608683915e-06,2
2.685,4.0,0.3014266570685594,0.2543525938425699,0.0,0.0,nan,0,0.39306481295371215,-0.3014266570685595,-0.2543525938425672,0.0,0.0,nan,0,-0.43306590597989386,3.3687248931005276e-07,1.1094116515978185e-05,0.0,0.0,nan,0,-0.03999999871513815,0.46067110596064625,1.4099512021393958e-15,1.0676919697025555e-05,2
2.69,4.0,0.30269842003777214,0.25435259384257,0.0,0.0,nan,0,0.3952332809835153,-0.3026984200377722,-0.25435259384256725,0.0,0.0,nan,0,-0.43523437400969706,3.117260916514486e-07,8.031953567073493e-06,0.0,0.0,nan,0,-0.04000000929168808,0.4116211059606465,1.356660496957388e-15,8.886064695354575e-06,2
2.695,4.0,0.30397018300698486,0.25435259384257,0.0,0.0,nan,0,0.39715649901331845,-0.3039701830069849,-0.25435259384256725,0.0,0.0,nan,0,-0.43715759203950016,2.922084961602678e-07,-8.909474550621562e-06,0.0,0.0,nan,0,-0.040000016103933764,0.36257110596064623,1.2856062233813784e-15,-3.9882153673331835e-06,2
2.7,4.0,0.3052419459761976,0.25435259384257,0.0,0.0,nan,0,0.39883446704312164,-0.30524194597619764,-0.25435259384256725,0.0,0.0,nan,0,-0.4388355600693034,2.96928528521756e-07,-6.445533962538125e-05,0.0,0.0,nan,0,-0.04000000372230299,0.31352110596064603,1.176360277758263e-15,-5.1614918622367116e-05,2
2.705,4.0,0.3065137089454103,0.25435259384257003,0.0,0.0,nan,0,0.40026718507292486,-0.30651370894541036,-0.2543525938425673,0.0,0.0,nan,0,-0.44026827809910657,3.118195112880584e-07,7.200618922151562e-06,0.0,0.0,nan,0,-0.0399999811320116,0.26447110596064616,1.0298108385077423e-15,7.359001411442854e-06,2
2.71,4.0,0.307785471914623,0.25435259384257003,0.0,0.0,nan,0,0.4014546531027281,-0.3077854719146231,-0.2543525938425673,0.0,0.0,nan,0,-0.44145574612890986,2.896386226206027e-07,9.67112518301348e-06,0.0,0.0,nan,0,-0.03999998898027968,0.21542110596064634,8.477342624692167e-16,9.309767877741183e-06,1
2.715,4.0,0.30905723488383574,0.2543525938425699,0.0,0.0,nan,0,0.40239687113253136,-0.3090572348838358,-0.2543525938425672,0.0,0.0,nan,0,-0.4423979641587131,2.651305077983057e-07,1.1094019203750514e-05,0.0,0.0,nan,0,-0.039999998715653746,0.16637110596064653,6.23025122285085e-16,1.0676875575994287e-05,1
2.72,4.0,0.31032899785304846,0.25435259384257,0.0,0.0,nan,0,0.40309383916233466,-0.3103289978530485,-0.25435259384256725,0.0,0.0,nan,0,-0.4430949321885164,2.399837912628322e-07,8.031860439821801e-06,0.0,0.0,nan,0,-0.04000000929215915,0.11732110596064652,2.864055012187374e-16,8.886024164582068e-06,1
2.725,4.0,0.3116007608222612,0.25435259384256975,0.0,0.0,nan,0,0.40354555719213797,-0.31160076082226124,-0.25435259384256703,0.0,0.0,nan,0,-0.4435466502183197,2.204658676036031e-07,-8.909534244874741e-06,0.0,0.0,nan,0,-0.040000016104371816,0.06827110596064727,1.673740192790333e-15,-3.988205609366297e-06,2
2.73,4.0,0.3128725237914739,0.2543525938425698,0.0,0.0,nan,0,0.4037520252219413,-0.31287252379147396,-0.2543525938425671,0.0,0.0,nan,0,-0.4437531182481231,2.2518552120556756e-07,-6.445527061087428e-05,0.0,0.0,nan,0,-0.04000000372278739,0.019221105960647713,1.6630820517539315e-15,-5.161469314910216e-05,2
2.735,4.0,0.3141442867606866,0.25435259384256975,0.0,0.0,nan,0,0.4037132432517447,-0.3141442867606867,-0.25435259384256703,0.0,0.0,nan,0,-0.4437143362779264,2.4007609683227016e-07,7.2005299936413545e-06,0.0,0.0,nan,0,-0.03999998113259644,-0.029828894039352186,1.6435421265205285e-15,7.358973057218115e-06,2
2.74,4.0,0.31541604972989934,0.2543525938425697,0.0,0.0,nan,0,0.4034292112815478,-0.3154160497298994,-0.254352593842567,0.0,0.0,nan,0,-0.4434303043077295,2.1789488228660114e-07,9.671031479932477e-06,0.0,0.0,nan,0,-0.03999998898083412,-0.0788788940393517,1.6204494876083254e-15,9.309731158342994e-06,2
2.745,4.0,0.31668781269911206,0.2543525938425697,0.0,0.0,nan,0,0.40289992931135094,-0.3166878126991121,-0.254352593842567,0.0,0.0,nan,0,-0.44290102233753265,1.933864462802526e-07,1.1093921899176202e-05,0.0,0.0,nan,0,-0.03999999871616938,-0.12792889403935173,1.6000213839552226e-15,1.0676831456804203e-05,2
2.75,4.0,0.3179595756683248,0.25435259384256975,0.0,0.0,nan,0,0.4021253973411541,-0.31795957566832483,-0.25435259384256703,0.0,0.0,nan,0,-0.4421264903673358,1.6823941092342087e-07,8.03176732014681e-06,0.0,0.0,nan,0,-0.040000009292630256,-0.17697889403935133,1.5724878529445188e-15,8.885983633740269e-06,2
2.755,4.0,0.3192313386375375,0.25435259384256975,0.0,0.0,nan,0,0.4011056153709573,-0.31923133863753755,-0.25435259384256703,0.0,0.0,nan,0,-0.441106708397139,1.4872115915165462e-07,-8.909593929136247e-06,0.0,0.0,nan,0,-0.04000001610480989,-0.22602889403935097,1.5414016082550145e-15,-3.988195853419137e-06,2
2.7600000000000002,4.0,0.3205031016067502,0.2543525938425698,0.0,0.0,nan,0,0.3998405834007605,-0.3205031016067503,-0.2543525938425671,0.0,0.0,nan,0,-0.4398416764269422,1.534404340357287e-07,-6.4455201576389e-05,0.0,0.0,nan,0,-0.04000000372327182,-0.27507889403935054,1.5005454009488087e-15,-5.161446766452271e-05,2
2.765,4.0,0.32177486457596294,0.2543525938425698,0.0,0.0,nan,0,0.39833030143056375,-0.321774864575963,-0.2543525938425671,0.0,0.0,nan,0,-0.43833139445674546,1.6833060257834265e-07,7.2004410742951125e-06,0.0,0.0,nan,0,-0.03999998113318129,-0.3241288940393509,1.4552483015441022e-15,7.358944700216031e-06,2
2.77,4.0,0.32304662754517566,0.25435259384256975,0.0,0.0,nan,0,0.396574769460367,-0.3230466275451757,-0.25435259384256703,0.0,0.0,nan,0,-0.4365758624865487,1.4614906220997148e-07,9.67093778497664e-06,0.0,0.0,nan,0,-0.039999988981388596,-0.37317889403935056,1.3868585632271926e-15,9.309694427289237e-06,2
2.775,4.0,0.3243183905143884,0.2543525938425697,0.0,0.0,nan,0,0.3945739874901703,-0.32431839051438843,-0.254352593842567,0.0,0.0,nan,0,-0.434575080516352,1.216403050681436e-07,1.109382460244928e-05,0.0,0.0,nan,0,-0.039999998716685074,-0.42222889403935066,1.3335678580451852e-15,1.0676787334335858e-05,2
2.7800000000000002,4.0,0.3255901534836011,0.2543525938425697,0.0,0.0,nan,0,0.3923279555199736,-0.32559015348360115,-0.254352593842567,0.0,0.0,nan,0,-0.43232904854615534,9.649295094199539e-08,8.031674208319646e-06,0.0,0.0,nan,0,-0.04000000929310142,-0.47127889403935047,1.2154401282250685e-15,8.885943097938002e-06,2
2.785,4.0,0.3268619164528138,0.2543525938425698,0.0,0.0,nan,0,0.38983667354977697,-0.32686191645281387,-0.2543525938425671,0.0,0.0,nan,0,-0.4298377665759587,7.697437109585592e-08,-8.909653603314523e-06,0.0,0.0,nan,0,-0.04000001610524803,-0.5203288940393503,1.027146303248642e-15,-3.988186096032241e-06,2
2.79,4.0,0.32813367942202654,0.25435259384256975,0.0,0.0,nan,0,0.38710014157958034,-0.3281336794220266,-0.25435259384256703,0.0,0.0,nan,0,-0.42710123460576205,8.169326731408133e-08,-6.445513252242433e-05,0.0,0.0,nan,0,-0.04000000372375632,-0.5693788940393499,8.637214740238188e-16,-5.1614242167761895e-05,1
2.795,4.0,0.32940544239123926,0.25435259384256975,0.0,0.0,nan,0,0.3841183596093835,-0.3294054423912393,-0.25435259384256703,0.0,0.0,nan,0,-0.4241194526355652,9.658302880730107e-08,7.200352163804638e-06,0.0,0.0,nan,0,-0.039999981133766224,-0.6184288940393501,6.390123338396872e-16,7.358916345911345e-06,1
2.8000000000000003,4.0,0.330677205360452,0.25435259384256986,0.0,0.0,nan,0,0.38089132763918665,-0.33067720536045203,-0.25435259384256714,0.0,0.0,nan,0,-0.4208924206653684,7.440116267173891e-08,9.67084409856717e-06,0.0,0.0,nan,0,-0.03999998898194313,-0.6674788940393498,3.8321694896605125e-16,9.309657698796094e-06,1
2.805,4.0,0.3319489683296647,0.2543525938425698,0.0,0.0,nan,0,0.3774190456689898,-0.33194896832966475,-0.2543525938425671,0.0,0.0,nan,0,-0.4174201386951715,4.9892084460351205e-08,1.1093727313476855e-05,0.0,0.0,nan,0,-0.03999999871720083,-0.7165288940393492,1.6772929064691339e-15,1.0676743203458227e-05,2
2.81,4.0,0.3332207312988774,0.25435259384256986,0.0,0.0,nan,0,0.373701513698793,-0.33322073129887747,-0.25435259384256714,0.0,0.0,nan,0,-0.4137026067249748,2.4744411616928197e-08,8.031581104113244e-06,0.0,0.0,nan,0,-0.04000000929357265,-0.7655788940393485,1.6666347654327326e-15,8.885902562957278e-06,2
2.815,4.0,0.33449249426809013,0.2543525938425697,0.0,0.0,nan,0,0.3697387317285962,-0.3344924942680902,-0.254352593842567,0.0,0.0,nan,0,-0.40973982475477794,5.225503748457205e-09,-8.90971326743979e-06,0.0,0.0,nan,0,-0.04000001610568624,-0.814628894039348,1.6524239107175305e-15,-3.988176337987215e-06,2
2.82,4.0,0.33576425723730285,0.2543525938425696,0.0,0.0,nan,0,0.36553069975839947,-0.3357642572373029,-0.25435259384256687,0.0,0.0,nan,0,-0.40553179278458124,9.944021349406196e-09,-6.445506344868988e-05,0.0,0.0,nan,0,-0.04000000372424087,-0.8636788940393474,1.636436699162928e-15,-5.1614016661998506e-05,2
2.825,4.0,0.3370360202065156,0.2543525938425696,0.0,0.0,nan,0,0.36107741778820274,-0.33703602020651563,-0.25435259384256687,0.0,0.0,nan,0,-0.40107851081438445,2.4833375845273453e-08,7.200263262526866e-06,0.0,0.0,nan,0,-0.039999981134351215,-0.912728894039347,1.6186731307689258e-15,7.358887987944697e-06,2
2.83,4.0,0.3383077831757283,0.2543525938425696,0.0,0.0,nan,0,0.35637888581800603,-0.33830778317572835,-0.25435259384256687,0.0,0.0,nan,0,-0.3963799788441878,2.651183980684202e-09,9.670750420565659e-06,0.0,0.0,nan,0,-0.03999998898249776,-0.9617788940393465,1.5875868860794212e-15,9.309620957471445e-06,2
2.835,4.0,0.339579546144941,0.2543525938425696,0.0,0.0,nan,0,0.35143510384780935,-0.33957954614494107,-0.25435259384256687,0.0,0.0,nan,0,-0.39143619687399106,-2.1858215262099412e-08,1.1093630031988943e-05,0.0,0.0,nan,0,-0.03999999871771666,-1.010828894039346,1.5662706040066182e-15,1.0676699078313803e-05,2
2.84,4.0,0.34085130911415373,0.25435259384256953,0.0,0.0,nan,0,0.3462460718776127,-0.3408513091141538,-0.2543525938425668,0.0,0.0,nan,0,-0.38624716490379446,-4.7006206777694404e-08,8.031488007635843e-06,0.0,0.0,nan,0,-0.04000000929404393,-1.0598788940393453,1.528078931959513e-15,8.885862024354583e-06,2
2.845,4.0,0.34212307208336645,0.2543525938425696,0.0,0.0,nan,0,0.34081178990741606,-0.3421230720833665,-0.25435259384256687,0.0,0.0,nan,0,-0.3808128829335978,-6.652544260604687e-08,-8.90977292126178e-06,0.0,0.0,nan,0,-0.0400000161061245,-1.1089288940393447,1.4703473346790046e-15,-3.9881665780530275e-06,2
2.85,4.0,0.3433948350525792,0.2543525938425696,0.0,0.0,nan,0,0.33513225793721946,-0.34339483505257923,-0.25435259384256687,0.0,0.0,nan,0,-0.3751333509634012,-6.180730358074094e-08,-6.445499435547539e-05,0.0,0.0,nan,0,-0.04000000372472549,-1.157978894039344,1.4126157373984965e-15,-5.161379114101085e-05,2
2.855,4.0,0.3446665980217919,0.2543525938425696,0.0,0.0,nan,0,0.32920747596702277,-0.34466659802179195,-0.25435259384256687,0.0,0.0,nan,0,-0.3692085689932045,-4.691835603365391e-08,7.200174370085476e-06,0.0,0.0,nan,0,-0.039999981134936274,-1.2070288940393434,1.3024816133556809e-15,7.358859628765685e-06,2
2.86,4.0,0.3459383609910046,0.2543525938425695,0.0,0.0,nan,0,0.32303744399682593,-0.34593836099100467,-0.25435259384256675,0.0,0.0,nan,0,-0.36303853702300765,-6.910087356828964e-08,9.67065675091894e-06,0.0,0.0,nan,0,-0.03999998898305243,-1.2560788940393428,1.1923474893128655e-15,9.30958422488291e-06,2
2.865,4.0,0.34721012396021733,0.25435259384256936,0.0,0.0,nan,0,0.31662216202662913,-0.3472101239602174,-0.25435259384256664,0.0,0.0,nan,0,-0.35662325505281084,-9.361059378348857e-08,1.1093532758492762e-05,0.0,0.0,nan,0,-0.03999999871823253,-1.3051288940393422,1.0831015436897503e-15,1.0676654949582015e-05,2
2.87,4.0,0.34848188692943005,0.2543525938425692,0.0,0.0,nan,0,0.30996163005643235,-0.3484818869294301,-0.2543525938425665,0.0,0.0,nan,0,-0.34996272308261406,-1.187589039157444e-07,8.031394918902962e-06,0.0,0.0,nan,0,-0.04000000929451527,-1.3541788940393416,9.11683108687626e-16,8.885821484984499e-06,1
2.875,4.0,0.34975364989864277,0.25435259384256936,0.0,0.0,nan,0,0.3030558480862356,-0.3497536498986428,-0.25435259384256664,0.0,0.0,nan,0,-0.3430569411124173,-1.3827846766581442e-07,-8.909832565237725e-06,0.0,0.0,nan,0,-0.0400000161065628,-1.403228894039341,7.677982046962057e-16,-3.9881568194448765e-06,1
2.88,4.0,0.3510254128678555,0.25435259384256936,0.0,0.0,nan,0,0.29590481611603886,-0.35102541286785555,-0.25435259384256664,0.0,0.0,nan,0,-0.33590590914222057,-1.3356070715717094e-07,-6.445492524252722e-05,0.0,0.0,nan,0,-0.04000000372521015,-1.4522788940393403,5.590762760666762e-16,-5.161356561388232e-05,1
2.8850000000000002,4.0,0.3522971758370682,0.25435259384256936,0.0,0.0,nan,0,0.28850853414584215,-0.35229717583706827,-0.25435259384256664,0.0,0.0,nan,0,-0.32850962717202387,-1.1867216652763912e-07,7.200085486850049e-06,0.0,0.0,nan,0,-0.039999981135521404,-1.5013288940393397,1.6826219769873346e-15,7.358831268992494e-06,2
2.89,4.0,0.35356893880628093,0.2543525938425693,0.0,0.0,nan,0,0.2808670021756455,-0.353568938806281,-0.2543525938425666,0.0,0.0,nan,0,-0.3208680952018272,-1.408550096837491e-07,9.670563089427513e-06,0.0,0.0,nan,0,-0.03999998898360717,-1.550378894039339,1.6737401927903336e-15,9.309547488954839e-06,2
2.895,4.0,0.35484070177549365,0.25435259384256914,0.0,0.0,nan,0,0.2729802202054488,-0.3548407017754937,-0.2543525938425664,0.0,0.0,nan,0,-0.31298131323163053,-1.6536505082626052e-07,1.1093435492668039e-05,0.0,0.0,nan,0,-0.039999998718748465,-1.5994288940393384,1.6542002675569306e-15,1.0676610817357927e-05,2
2.9,4.0,0.35611246474470637,0.25435259384256914,0.0,0.0,nan,0,0.2648481882352522,-0.3561124647447064,-0.2543525938425664,0.0,0.0,nan,0,-0.3048492812614339,-1.9051367952660492e-07,8.031301838046519e-06,0.0,0.0,nan,0,-0.04000000929498666,-1.6484788940393378,1.6391012344220282e-15,8.885780941940911e-06,2
2.9050000000000002,4.0,0.3573842277139191,0.2543525938425692,0.0,0.0,nan,0,0.2564709062650556,-0.35738422771391914,-0.2543525938425665,0.0,0.0,nan,0,-0.2964719992912373,-2.1003357114288135e-07,-8.909892198970556e-06,0.0,0.0,nan,0,-0.04000001610700117,-1.6975288940393372,1.6089031681522235e-15,-3.9881470616405385e-06,2
2.91,4.0,0.3586559906831318,0.2543525938425692,0.0,0.0,nan,0,0.24784837429485904,-0.35865599068313186,-0.2543525938425665,0.0,0.0,nan,0,-0.2878494673210408,-2.0531618910232807e-07,-6.445485610998317e-05,0.0,0.0,nan,0,-0.040000003725694885,-1.7465788940393365,1.5751523882036187e-15,-5.161334007490283e-05,2
2.915,4.0,0.35992775365234453,0.2543525938425693,0.0,0.0,nan,0,0.23898059232466248,-0.3599277536523446,-0.2543525938425666,0.0,0.0,nan,0,-0.2789816853508442,-1.904280553348403e-07,7.199996612525743e-06,0.0,0.0,nan,0,-0.03999998113610658,-1.795628894039336,1.5236380398610118e-15,7.358802905448088e-06,2
2.92,4.0,0.36119951662155725,0.25435259384256936,0.0,0.0,nan,0,0.2298675603544657,-0.3611995166215573,-0.25435259384256664,0.0,0.0,nan,0,-0.2698686533806474,-2.1261122406385224e-07,9.670469436483788e-06,0.0,0.0,nan,0,-0.03999998898416195,-1.8446788940393353,1.4845581893942062e-15,9.309510757939276e-06,2
2.9250000000000003,4.0,0.36247127959076997,0.2543525938425692,0.0,0.0,nan,0,0.22050927838426906,-0.36247127959077,-0.2543525938425665,0.0,0.0,nan,0,-0.2605103714104508,-2.3712158608163447e-07,1.109333823461016e-05,0.0,0.0,nan,0,-0.039999998719264435,-1.8937288940393346,1.4428138036683002e-15,1.0676566685423368e-05,2
2.93,4.0,0.3637430425599827,0.25435259384256936,0.0,0.0,nan,0,0.21090574641407245,-0.36374304255998274,-0.25435259384256664,0.0,0.0,nan,0,-0.25090683944025416,-2.6227053329802574e-07,8.03120876487086e-06,0.0,0.0,nan,0,-0.04000000929545809,-1.942778894039334,1.3877467416468924e-15,8.885740396271869e-06,2
2.935,4.0,0.3650148055291954,0.25435259384256936,0.0,0.0,nan,0,0.20105696444387586,-0.36501480552919546,-0.25435259384256664,0.0,0.0,nan,0,-0.2410580574700576,-2.81790752721528e-07,-8.909951822822859e-06,0.0,0.0,nan,0,-0.0400000161074396,-1.9918288940393334,1.3095870407132815e-15,-3.988137307042519e-06,2
2.94,4.0,0.3662865684984081,0.25435259384256936,0.0,0.0,nan,0,0.1909629324736793,-0.3662865684984082,-0.25435259384256664,0.0,0.0,nan,0,-0.23096402549986103,-2.7707374912130933e-07,-6.445478695779518e-05,0.0,0.0,nan,0,-0.04000000372617969,-2.0408788940393325,1.1914593108931647e-15,-5.161311452381835e-05,2
2.945,4.0,0.36755833146762085,0.25435259384256925,0.0,0.0,nan,0,0.18062365050348275,-0.3675583314676209,-0.25435259384256653,0.0,0.0,nan,0,-0.2206247435296645,-2.621860221777017e-07,7.199907747429544e-06,0.0,0.0,nan,0,-0.039999981136691856,-2.089928894039332,1.1132996099595536e-15,7.35877454166033e-06,2
2.95,4.0,0.36883009443683357,0.2543525938425692,0.0,0.0,nan,0,0.17003911853328604,-0.3688300944368336,-0.2543525938425665,0.0,0.0,nan,0,-0.21004021155946778,-2.8436951643104336e-07,9.670375791847932e-06,0.0,0.0,nan,0,-0.039999988984716836,-2.1389788940393313,1.0244817679895412e-15,9.309474019285382e-06,1
2.955,4.0,0.3701018574060463,0.2543525938425692,0.0,0.0,nan,0,0.15920933656308928,-0.37010185740604634,-0.2543525938425665,0.0,0.0,nan,0,-0.19921042958927102,-3.08880199282463e-07,1.1093240984380566e-05,0.0,0.0,nan,0,-0.039999998719780515,-2.1880288940393307,8.797086855784208e-16,1.0676522550666192e-05,1
2.96,4.0,0.371373620375259,0.2543525938425691,0.0,0.0,nan,0,0.14813430459289254,-0.37137362037525906,-0.25435259384256637,0.0,0.0,nan,0,-0.18813539761907427,-3.3402946495939e-07,8.031115699333211e-06,0.0,0.0,nan,0,-0.040000009295929624,-2.23707889403933,6.709867569488913e-16,8.885699850307947e-06,1
2.965,4.0,0.3726453833444717,0.25435259384256914,0.0,0.0,nan,0,0.13681402262269582,-0.3726453833444718,-0.2543525938425664,0.0,0.0,nan,0,-0.17681511564887756,-3.5355001215195414e-07,-8.910011436366578e-06,0.0,0.0,nan,0,-0.04000001610787807,-2.2861288940393294,4.631530067390618e-16,-3.988127544116944e-06,1
2.97,4.0,0.37391714631368445,0.25435259384256903,0.0,0.0,nan,0,0.12524849065249913,-0.3739171463136845,-0.2543525938425663,0.0,0.0,nan,0,-0.16524958367868087,-3.4883338692962007e-07,-6.445471778598347e-05,0.0,0.0,nan,0,-0.04000000372666452,-2.3351788940393288,1.6808456201479336e-15,-5.161288896151885e-05,2
2.975,4.0,0.37518890928289717,0.2543525938425692,0.0,0.0,nan,0,0.11343770868230245,-0.3751889092828972,-0.2543525938425665,0.0,0.0,nan,0,-0.1534388017084842,-3.339460667613203e-07,7.199818891213427e-06,0.0,0.0,nan,0,-0.03999998113727715,-2.384228894039328,1.6692993006918323e-15,7.358746175684976e-06,2
2.98,4.0,0.3764606722521099,0.25435259384256914,0.0,0.0,nan,0,0.10138167671210581,-0.37646067225210994,-0.2543525938425664,0.0,0.0,nan,0,-0.14138276973828756,-3.5612988649041943e-07,9.6702821555804e-06,0.0,0.0,nan,0,-0.03999998898527174,-2.4332788940393275,1.6568648028160305e-15,9.309437277049455e-06,2
2.985,4.0,0.3777324352213226,0.25435259384256914,0.0,0.0,nan,0,0.0890803947419092,-0.37773243522132266,-0.2543525938425664,0.0,0.0,nan,0,-0.12908148776809095,-3.8064089010955704e-07,1.1093143741838e-05,0.0,0.0,nan,0,-0.03999999872029662,-2.482328894039327,1.6417657696811282e-15,1.0676478411413042e-05,2
2.99,4.0,0.3790041981905353,0.2543525938425691,0.0,0.0,nan,0,0.0765338627717126,-0.3790041981905354,-0.25435259384256637,0.0,0.0,nan,0,-0.11653495579789436,-4.057904741984475e-07,8.03102264163575e-06,0.0,0.0,nan,0,-0.0400000092964012,-2.5313788940393263,1.6204494876083254e-15,8.885659303647686e-06,2
2.995,4.0,0.38027596115974804,0.25435259384256914,0.0,0.0,nan,0,0.063742080801516,-0.3802759611597481,-0.2543525938425664,0.0,0.0,nan,0,-0.10374317382769774,-4.253113490906846e-07,-8.910071039803208e-06,0.0,0.0,nan,0,-0.04000001610831659,-2.5804288940393256,1.6026859192143229e-15,-3.9881177851011286e-06,2
3.0,4.0,0.38154772412896076,0.2543525938425688,0.0,0.0,nan,0,0.05070504883131932,-0.3815477241289608,-0.2543525938425661,0.0,0.0,nan,0,-0.09070614185750106,-4.205951022011323e-07,-6.44546485943074e-05,0.0,0.0,nan,0,-0.040000003727149416,-2.629478894039325,1.5724878529445186e-15,-5.161266338959416e-05,2
3.005,4.0,0.3828194870981735,0.25435259384256875,0.0,0.0,nan,0,0.03742276686112267,-0.38281948709817354,-0.25435259384256603,0.0,0.0,nan,0,-0.07742385988730441,-4.057081887699765e-07,7.199730044032908e-06,0.0,0.0,nan,0,-0.039999981137862524,-2.6785288940393244,1.5351843593171135e-15,7.358717808913819e-06,2
3.0100000000000002,4.0,0.3840912500673862,0.25435259384256886,0.0,0.0,nan,0,0.023895234890926046,-0.38409125006738626,-0.25435259384256614,0.0,0.0,nan,0,-0.06389632791710778,-4.2789233391585246e-07,9.67018852787278e-06,0.0,0.0,nan,0,-0.039999988985826726,-2.7275788940393237,1.4978808656897084e-15,9.309400534028382e-06,2
3.015,4.0,0.3853630130365989,0.2543525938425689,0.0,0.0,nan,0,0.010122452920729441,-0.385363013036599,-0.2543525938425662,0.0,0.0,nan,0,-0.05012354594691118,-4.5240365825413575e-07,1.1093046506825972e-05,0.0,0.0,nan,0,-0.03999999872081281,-2.776628894039323,1.4552483015441022e-15,1.067643427015084e-05,2
3.02,4.0,0.3866336089377824,0.2540932453915292,0.0,0.0,nan,0,0.028078257098599613,-0.3866336089377825,-0.25409324539152656,0.0,0.0,nan,0,-0.06807935012478136,-4.775536441327388e-07,8.030951350678654e-06,0.0,0.0,nan,0,-0.040000009296941266,4.279618027753298,1.79630881470895e-15,8.885637516623948e-06,2
3.025,4.0,0.38790407516474046,0.25409324539152933,0.0,0.0,nan,0,0.04934145973736609,-0.3879040751647405,-0.2540932453915266,0.0,0.0,nan,0,-0.08934255276354783,-4.970747827966193e-07,-8.910124428109757e-06,0.0,0.0,nan,0,-0.0400000161087706,4.230568027753298,1.814072383102952e-15,-3.98810288329956e-06,2
3.0300000000000002,4.0,0.3891745413916985,0.2540932453915295,0.0,0.0,nan,0,0.07035941237613255,-0.38917454139169855,-0.2540932453915268,0.0,0.0,nan,0,-0.11036050540231429,-4.92358899872869e-07,-6.445457811622132e-05,0.0,0.0,nan,0,-0.040000003727637685,4.181518027753299,1.841605914113656e-15,-5.161243669759654e-05,2
3.035,4.0,0.3904450076186565,0.2540932453915297,0.0,0.0,nan,0,0.09113211501489904,-0.3904450076186566,-0.254093245391527,0.0,0.0,nan,0,-0.13113320804108078,-4.774723902471745e-07,7.199641457286458e-06,0.0,0.0,nan,0,-0.03999998113844866,4.1324680277532995,1.8673630882849595e-15,7.3586896823682815e-06,2
3.04,4.0,0.39171547384561456,0.25409324539153005,0.0,0.0,nan,0,0.11165956765366554,-0.3917154738456146,-0.25409324539152733,0.0,0.0,nan,0,-0.1516606606798473,-4.996568601887963e-07,9.6700949584745e-06,0.0,0.0,nan,0,-0.03999998898638189,4.0834180277533,1.909107474010866e-15,9.309363844314884e-06,2
3.045,4.0,0.3929859400725726,0.2540932453915299,0.0,0.0,nan,0,0.1319417702924321,-0.39298594007257265,-0.25409324539152717,0.0,0.0,nan,0,-0.17194286331861383,-5.241685050831613e-07,1.1092949289835036e-05,0.0,0.0,nan,0,-0.03999999872132903,4.034368027753301,1.9615100007731734e-15,1.0676390141345338e-05,2
3.0500000000000003,4.0,0.3942564062995306,0.25409324539153005,0.0,0.0,nan,0,0.15197872293119866,-0.3942564062995307,-0.25409324539152733,0.0,0.0,nan,0,-0.1919798159573804,-5.493187258155674e-07,8.030836551504774e-06,0.0,0.0,nan,0,-0.04000000929734447,3.9853180277533014,2.034340631188584e-15,8.885578197588929e-06,2
3.055,4.0,0.39552687252648866,0.25409324539152994,0.0,0.0,nan,0,0.17177042556996525,-0.3955268725264887,-0.2540932453915272,0.0,0.0,nan,0,-0.21177151859614698,-5.68840255971842e-07,-8.910190215984642e-06,0.0,0.0,nan,0,-0.040000016109193806,3.936268027753302,2.1000658342463935e-15,-3.988098266167994e-06,2
3.06,4.0,0.3967973387534467,0.2540932453915297,0.0,0.0,nan,0,0.19131687820873186,-0.39679733875344675,-0.254093245391527,0.0,0.0,nan,0,-0.2313179712349136,-5.641247656125448e-07,-6.445451015228109e-05,0.0,0.0,nan,0,-0.04000000372811937,3.8872180277533026,2.177337356760304e-15,-5.161221220552894e-05,2
3.065,4.0,0.3980678049804047,0.25409324539152983,0.0,0.0,nan,0,0.2106180808474985,-0.3980678049804048,-0.2540932453915271,0.0,0.0,nan,0,-0.2506191738736802,-5.492386655099601e-07,7.1995523768371156e-06,0.0,0.0,nan,0,-0.03999998113903343,3.8381680277533032,2.2945769081607208e-15,7.358661077270432e-06,2
3.0700000000000003,4.0,0.39933827120736276,0.25409324539152983,0.0,0.0,nan,0,0.22967403348626492,-0.3993382712073628,-0.2540932453915271,0.0,0.0,nan,0,-0.26967512651244663,-5.714234613575508e-07,9.670001297146771e-06,0.0,0.0,nan,0,-0.039999988986936824,3.789118027753304,2.418921886918739e-15,9.309327047871659e-06,2
3.075,4.0,0.4006087374343208,0.2540932453915298,0.0,0.0,nan,0,0.24848473612503144,-0.40060873743432085,-0.25409324539152706,0.0,0.0,nan,0,-0.2884858291512132,-5.959354269953476e-07,1.1092852060647485e-05,0.0,0.0,nan,0,-0.0399999987218453,3.7400680277533045,2.627643815548268e-15,1.0676345981926989e-05,1
3.08,4.0,0.4018792036612788,0.25409324539152994,0.0,0.0,nan,0,0.267050188763798,-0.4018792036612789,-0.2540932453915272,0.0,0.0,nan,0,-0.3070512817899797,-6.210859660113477e-07,8.030743514940064e-06,0.0,0.0,nan,0,-0.04000000929781621,3.691018027753305,2.8674519888673024e-15,8.885537644628822e-06,1
3.085,4.0,0.40314966988823686,0.25409324539152994,0.0,0.0,nan,0,0.2853703914025646,-0.4031496698882369,-0.2540932453915272,0.0,0.0,nan,0,-0.32537148442874636,-6.406078237319868e-07,-8.910249789533985e-06,0.0,0.0,nan,0,-0.0400000161096325,3.6419680277533057,3.2040716099336502e-15,-3.988088501960779e-06,1
3.09,4.0,0.4044201361151949,0.25409324539153016,0.0,0.0,nan,0,0.3034453440413312,-0.40442013611519495,-0.25409324539152744,0.0,0.0,nan,0,-0.34344643706751293,-6.358927115666935e-07,-6.445444090199725e-05,0.0,0.0,nan,0,-0.04000000372860444,3.5929180277533064,1.7678871052785473e-15,-5.1611986603019826e-05,2
3.095,4.0,0.40569060234215293,0.25409324539153016,0.0,0.0,nan,0,0.3212750466800979,-0.405690602342153,-0.25409324539152744,0.0,0.0,nan,0,-0.36127613970627964,-6.210070180659444e-07,7.199463556978826e-06,0.0,0.0,nan,0,-0.03999998113961899,3.543868027753307,1.7838743168331494e-15,7.358632707503451e-06,2
3.1,4.0,0.40696106856911096,0.2540932453915301,0.0,0.0,nan,0,0.3388594993188644,-0.406961068569111,-0.2540932453915274,0.0,0.0,nan,0,-0.37886059234504615,-6.431921391741868e-07,9.669907694536432e-06,0.0,0.0,nan,0,-0.03999998898749199,3.4948180277533076,1.78920338735135e-15,9.30929030074454e-06,2
3.105,4.0,0.408231534796069,0.2540932453915302,0.0,0.0,nan,0,0.3561987019576308,-0.40823153479606905,-0.2540932453915275,0.0,0.0,nan,0,-0.3961997949838126,-6.677044253784736e-07,1.1092754849115448e-05,0.0,0.0,nan,0,-0.03999999872236162,3.4457680277533083,1.810519669424153e-15,1.06763018393041e-05,2
3.11,4.0,0.40950200102302703,0.25409324539153,0.0,0.0,nan,0,0.37329265459639727,-0.4095020010230271,-0.2540932453915273,0.0,0.0,nan,0,-0.41329374762257903,-6.928552825948009e-07,8.030650488360733e-06,0.0,0.0,nan,0,-0.040000009298287995,3.396718027753309,1.829171416237855e-15,8.88549708040751e-06,2
3.115,4.0,0.41077246724998506,0.2540932453915299,0.0,0.0,nan,0,0.39014135723516374,-0.4107724672499851,-0.25409324539152717,0.0,0.0,nan,0,-0.4301424502613455,-7.123774678242933e-07,-8.910309352443909e-06,0.0,0.0,nan,0,-0.04000001611007125,3.3476680277533095,1.8620340177667593e-15,-3.988078742168687e-06,2
3.12,4.0,0.4120429334769431,0.25409324539153,0.0,0.0,nan,0,0.40674480987393025,-0.41204293347694315,-0.2540932453915273,0.0,0.0,nan,0,-0.446745902900112,-7.076627338009622e-07,-6.445437163173236e-05,0.0,0.0,nan,0,-0.04000000372908956,3.29861802775331,1.9028902250729653e-15,-5.1611760977379876e-05,2
3.125,4.0,0.41331339970390113,0.2540932453915297,0.0,0.0,nan,0,0.4231030125126968,-0.4133133997039012,-0.254093245391527,0.0,0.0,nan,0,-0.46310410553887854,-6.92777446850007e-07,7.1993747460414865e-06,0.0,0.0,nan,0,-0.0399999811402046,3.2495680277533108,1.961510000773174e-15,7.358604330224258e-06,2
3.13,4.0,0.41458386593085916,0.2540932453915295,0.0,0.0,nan,0,0.43921596515146333,-0.4145838659308592,-0.2540932453915268,0.0,0.0,nan,0,-0.4792170581776451,-7.149628931807372e-07,9.669814100146698e-06,0.0,0.0,nan,0,-0.03999998898804723,3.2005180277533114,2.029899739090084e-15,9.309253549253799e-06,2
3.1350000000000002,4.0,0.4158543321578172,0.2540932453915295,0.0,0.0,nan,0,0.4550836677902299,-0.41585433215781725,-0.2540932453915268,0.0,0.0,nan,0,-0.4950847608164117,-7.394754999098807e-07,1.1092657645281179e-05,0.0,0.0,nan,0,-0.03999999872287804,3.151468027753312,2.1391456847131994e-15,1.0676257692308709e-05,2
3.14,4.0,0.41712479838477523,0.25409324539152955,0.0,0.0,nan,0,0.4707061204289965,-0.4171247983847753,-0.25409324539152683,0.0,0.0,nan,0,-0.5107072134551783,-7.646266752814324e-07,8.030557469458897e-06,0.0,0.0,nan,0,-0.04000000929875983,3.1024180277533127,2.2945769081607216e-15,8.885456528917345e-06,2
3.145,4.0,0.41839526461173326,0.25409324539152955,0.0,0.0,nan,0,0.48608332306776314,-0.4183952646117333,-0.2540932453915269,0.0,0.0,nan,0,-0.526084416093945,-7.84149187964267e-07,-8.910368905508422e-06,0.0,0.0,nan,0,-0.040000016110510045,3.0533680277533133,2.465995343162846e-15,-3.988068985059786e-06,1
3.15,4.0,0.4196657308386913,0.2540932453915297,0.0,0.0,nan,0,0.5012152757065298,-0.41966573083869135,-0.254093245391527,0.0,0.0,nan,0,-0.5412163687327116,-7.794348320343258e-07,-6.445430234197581e-05,0.0,0.0,nan,0,-0.04000000372957474,3.004318027753314,2.5796821808844623e-15,-5.161153535106935e-05,1
3.1550000000000002,4.0,0.42093619706564933,0.25409324539152933,0.0,0.0,nan,0,0.5161019783452965,-0.4209361970656494,-0.2540932453915266,0.0,0.0,nan,0,-0.5561030713714783,-7.645499515880616e-07,7.199285944203284e-06,0.0,0.0,nan,0,-0.03999998114079027,2.9552680277533145,2.834589387338398e-15,7.358575964893735e-06,1
3.16,4.0,0.42220666329260736,0.2540932453915293,0.0,0.0,nan,0,0.5307434309840632,-0.4222066632926074,-0.25409324539152656,0.0,0.0,nan,0,-0.570744524010245,-7.86735723089238e-07,9.669720514253106e-06,0.0,0.0,nan,0,-0.03999998898860249,2.906218027753315,1.7563407858224462e-15,9.309216795080769e-06,2
3.165,4.0,0.4234771295195654,0.2540932453915293,0.0,0.0,nan,0,0.5451396336228297,-0.42347712951956545,-0.25409324539152656,0.0,0.0,nan,0,-0.5851407266490115,-8.112486502807881e-07,1.1092560449308173e-05,0.0,0.0,nan,0,-0.0399999987233945,2.857168027753316,1.762558034760347e-15,1.0676213539986912e-05,2
3.17,4.0,0.42474759574652343,0.2540932453915294,0.0,0.0,nan,0,0.5592905862615961,-0.4247475957465235,-0.25409324539152667,0.0,0.0,nan,0,-0.5992916792877779,-8.36400143752053e-07,8.030464458311939e-06,0.0,0.0,nan,0,-0.040000009299231754,2.8081180277533164,1.7696634621179478e-15,8.885415961971987e-06,2
3.1750000000000003,4.0,0.42601806197348147,0.2540932453915294,0.0,0.0,nan,0,0.5731962889003627,-0.4260180619734815,-0.25409324539152667,0.0,0.0,nan,0,-0.6131973819265445,-8.559229838396576e-07,-8.910428448239463e-06,0.0,0.0,nan,0,-0.04000001611094891,2.759068027753317,1.7865388520922503e-15,-3.988059220413813e-06,2
3.18,4.0,0.4272885282004395,0.25409324539152917,0.0,0.0,nan,0,0.5868567415391291,-0.42728852820043955,-0.25409324539152645,0.0,0.0,nan,0,-0.626857834565311,-8.512090059684119e-07,-6.445423303244454e-05,0.0,0.0,nan,0,-0.04000000373005998,2.7100180277533177,1.8078551341650537e-15,-5.161130970817032e-05,2
3.185,4.0,0.42855899442739753,0.25409324539152917,0.0,0.0,nan,0,0.6002719441778958,-0.4285589944273976,-0.25409324539152645,0.0,0.0,nan,0,-0.6402730372040776,-8.363245319921442e-07,7.1991971515260015e-06,0.0,0.0,nan,0,-0.03999998114137601,2.6609680277533183,1.838053200434858e-15,7.358547590349236e-06,2
3.19,4.0,0.42982946065435557,0.25409324539152905,0.0,0.0,nan,0,0.6134418968166623,-0.4298294606543556,-0.25409324539152633,0.0,0.0,nan,0,-0.6534429898428441,-8.58510628611725e-07,9.669626936590089e-06,0.0,0.0,nan,0,-0.03999998898915784,2.611918027753319,1.8744685156425632e-15,9.309180041332275e-06,2
3.1950000000000003,4.0,0.4310999268813136,0.2540932453915291,0.0,0.0,nan,0,0.6263665994554289,-0.43109992688131366,-0.2540932453915264,0.0,0.0,nan,0,-0.6663676924816108,-8.830238762205789e-07,1.1092463261036645e-05,0.0,0.0,nan,0,-0.03999999872391103,2.5628680277533196,1.9171010797881693e-15,1.0676169385542362e-05,2
3.2,4.0,0.43237039310827163,0.2540932453915291,0.0,0.0,nan,0,0.6390460520941955,-0.4323703931082717,-0.2540932453915264,0.0,0.0,nan,0,-0.6790471451203773,-9.081756877429847e-07,8.030371455019993e-06,0.0,0.0,nan,0,-0.04000000929970371,2.51381802775332,1.9810499260065788e-15,8.885375404397793e-06,2
3.205,4.0,0.43364085933522967,0.254093245391529,0.0,0.0,nan,0,0.6514802547329622,-0.4336408593352297,-0.2540932453915263,0.0,0.0,nan,0,-0.691481347759144,-9.276988551833176e-07,-8.91048798094697e-06,0.0,0.0,nan,0,-0.040000016111387815,2.464768027753321,2.038781523287087e-15,-3.988049456030737e-06,2
3.21,4.0,0.4349113255621877,0.25409324539152905,0.0,0.0,nan,0,0.6636692073717289,-0.43491132556218776,-0.25409324539152633,0.0,0.0,nan,0,-0.7036703003979107,-9.229852553117868e-07,-6.445416370318278e-05,0.0,0.0,nan,0,-0.04000000373054528,2.4157180277533215,2.1311520789358996e-15,-5.161108406024598e-05,2
3.215,4.0,0.43618179178914573,0.254093245391529,0.0,0.0,nan,0,0.6756129100104956,-0.4361817917891458,-0.2540932453915263,0.0,0.0,nan,0,-0.7156140030366774,-9.081011877569434e-07,7.1991083679656106e-06,0.0,0.0,nan,0,-0.03999998114196183,2.366668027753322,2.2412862029787148e-15,7.358519215015151e-06,2
3.22,4.0,0.43745225801610377,0.25409324539152883,0.0,0.0,nan,0,0.6873113626492623,-0.4374522580161038,-0.2540932453915261,0.0,0.0,nan,0,-0.7273124556754441,-9.302876094428869e-07,9.669533367682105e-06,0.0,0.0,nan,0,-0.03999998898971322,2.3176180277533227,2.333656758627528e-15,9.309143292427017e-06,2
3.225,4.0,0.4387227242430618,0.2540932453915289,0.0,0.0,nan,0,0.6987645652880289,-0.43872272424306186,-0.25409324539152617,0.0,0.0,nan,0,-0.7387656583142107,-9.548011774204723e-07,1.1092366080822264e-05,0.0,0.0,nan,0,-0.039999998724427596,2.2685680277533233,2.5308323678009557e-15,1.067612522402436e-05,1
3.23,4.0,0.43999319047001983,0.2540932453915286,0.0,0.0,nan,0,0.7099725179267954,-0.4399931904700199,-0.2540932453915259,0.0,0.0,nan,0,-0.7499736109529772,-9.79953306945447e-07,8.030278459503134e-06,0.0,0.0,nan,0,-0.040000009300175735,2.219518027753324,2.754653329565387e-15,8.88533483865858e-06,1
3.235,4.0,0.44126365669697787,0.2540932453915285,0.0,0.0,nan,0,0.7209352205655619,-0.4412636566969779,-0.2540932453915258,0.0,0.0,nan,0,-0.7609363135917437,-9.994768016899358e-07,-8.910547503325765e-06,0.0,0.0,nan,0,-0.04000001611182678,2.1704680277533246,2.9793624697495192e-15,-3.988039694813123e-06,1
3.24,4.0,0.4425341229239359,0.2540932453915285,0.0,0.0,nan,0,0.7316526732043285,-0.44253412292393596,-0.2540932453915258,0.0,0.0,nan,0,-0.7716537662305103,-9.94763579773017e-07,-6.44540943544555e-05,0.0,0.0,nan,0,-0.04000000373103064,2.121418027753325,1.758117142661847e-15,-5.16108583954418e-05,2
3.245,4.0,0.44380458915089394,0.25409324539152833,0.0,0.0,nan,0,0.742124875843095,-0.443804589150894,-0.2540932453915256,0.0,0.0,nan,0,-0.7821259688692769,-9.79879918594495e-07,7.199019593238499e-06,0.0,0.0,nan,0,-0.039999981142547686,2.072368027753326,1.7741043542164489e-15,7.358490840365856e-06,2
3.25,4.0,0.44507505537785197,0.2540932453915284,0.0,0.0,nan,0,0.7523518284818617,-0.445075055377852,-0.25409324539152567,0.0,0.0,nan,0,-0.7923529215080435,-1.0020666653016985e-06,9.669439806989056e-06,0.0,0.0,nan,0,-0.03999998899026869,2.0233180277533265,1.789203387351351e-15,9.30910653085812e-06,2
3.255,4.0,0.44634552160481,0.2540932453915283,0.0,0.0,nan,0,0.7623335311206283,-0.44634552160481006,-0.25409324539152556,0.0,0.0,nan,0,-0.8023346241468101,-1.0265805535959738e-06,1.1092268907873148e-05,0.0,0.0,nan,0,-0.03999999872494424,1.974268027753327,1.808743312584754e-15,1.0676081075944505e-05,2
3.2600000000000002,4.0,0.44761598783176804,0.2540932453915282,0.0,0.0,nan,0,0.772069983759395,-0.4476159878317681,-0.2540932453915255,0.0,0.0,nan,0,-0.8120710767855768,-1.051733001068006e-06,8.030185471686274e-06,0.0,0.0,nan,0,-0.0400000093006478,1.9252180277533277,1.8318359514969576e-15,8.885294265218863e-06,2
3.265,4.0,0.44888645405872607,0.25409324539152833,0.0,0.0,nan,0,0.7815611863981616,-0.4488864540587261,-0.2540932453915256,0.0,0.0,nan,0,-0.8215622794243435,-1.0712568230542008e-06,-8.910607015795684e-06,0.0,0.0,nan,0,-0.04000001611226581,1.8761680277533284,1.8638103746061625e-15,-3.988029935893229e-06,2
3.27,4.0,0.4501569202856841,0.2540932453915283,0.0,0.0,nan,0,0.7908071390369283,-0.45015692028568416,-0.25409324539152556,0.0,0.0,nan,0,-0.8308082320631102,-1.0665439790467912e-06,-6.445402498556677e-05,0.0,0.0,nan,0,-0.040000003731516034,1.827118027753329,1.905554760332068e-15,-5.1610632718365665e-05,2
3.275,4.0,0.45142738651264214,0.2540932453915281,0.0,0.0,nan,0,0.7998078416756951,-0.4514273865126422,-0.2540932453915254,0.0,0.0,nan,0,-0.8398089347018769,-1.0516607241890796e-06,7.1989308276198874e-06,0.0,0.0,nan,0,-0.03999998114313362,1.7780680277533296,1.9242065071457703e-15,7.358462458007167e-06,2
3.2800000000000002,4.0,0.45269785273960017,0.25409324539152806,0.0,0.0,nan,0,0.8085632943144618,-0.4526978527396002,-0.25409324539152534,0.0,0.0,nan,0,-0.8485643873406437,-1.0738477958689707e-06,9.669346254573387e-06,0.0,0.0,nan,0,-0.0399999889908242,1.7290180277533302,1.9757208554883774e-15,9.309069777973821e-06,2
3.285,4.0,0.4539683189665582,0.25409324539152794,0.0,0.0,nan,0,0.8170734969532285,-0.45396831896655826,-0.2540932453915252,0.0,0.0,nan,0,-0.8570745899794103,-1.0983620044278941e-06,1.1092171743214207e-05,0.0,0.0,nan,0,-0.03999999872546092,1.6799680277533307,2.0476633074840875e-15,1.0676036915161914e-05,2
3.29,4.0,0.45523878519351624,0.25409324539152817,0.0,0.0,nan,0,0.8253384495919951,-0.4552387851935163,-0.25409324539152545,0.0,0.0,nan,0,-0.8653395426181769,-1.1235147697914727e-06,8.030092491675998e-06,0.0,0.0,nan,0,-0.04000000930111994,1.6309180277533313,2.1773373567603065e-15,8.885253699234505e-06,2
3.295,4.0,0.45650925142047427,0.2540932453915283,0.0,0.0,nan,0,0.8333581522307616,-0.4565092514204743,-0.25409324539152556,0.0,0.0,nan,0,-0.8733592452569434,-1.1430389189777401e-06,-8.910666517966803e-06,0.0,0.0,nan,0,-0.040000016112704886,1.581868027753332,2.2794778750258215e-15,-3.988020171413349e-06,2
3.3000000000000003,4.0,0.4577797176474323,0.2540932453915282,0.0,0.0,nan,0,0.8411326048695282,-0.45777971764743236,-0.2540932453915255,0.0,0.0,nan,0,-0.88113369789571,-1.138326452827798e-06,-6.445395559742346e-05,0.0,0.0,nan,0,-0.04000000373200151,1.5328180277533325,2.41270463798084e-15,-5.161040704077439e-05,2
3.305,4.0,0.45905018387439034,0.2540932453915283,0.0,0.0,nan,0,0.8486618075082948,-0.4590501838743904,-0.25409324539152556,0.0,0.0,nan,0,-0.8886629005344766,-1.1234436042631413e-06,7.1988420712059606e-06,0.0,0.0,nan,0,-0.03999998114371961,1.4837680277533332,2.6596182386574754e-15,7.358434082357774e-06,1
3.31,4.0,0.46032065010134837,0.25409324539152833,0.0,0.0,nan,0,0.8559457601470615,-0.4603206501013484,-0.25409324539152567,0.0,0.0,nan,0,-0.8959468531732433,-1.14563100085327e-06,9.669252710687832e-06,0.0,0.0,nan,0,-0.039999988991379784,1.4347180277533338,2.883439200421907e-15,9.309033019227545e-06,1
3.315,4.0,0.4615911163283064,0.2540932453915282,0.0,0.0,nan,0,0.8629844627858281,-0.46159111632830646,-0.2540932453915255,0.0,0.0,nan,0,-0.9029855558120099,-1.1701455296213303e-06,1.1092074586150805e-05,0.0,0.0,nan,0,-0.0399999987259777,1.3856680277533342,3.1880843983790505e-15,1.067599275226368e-05,1
3.3200000000000003,4.0,0.46286158255526444,0.2540932453915283,0.0,0.0,nan,0,0.8697779154245948,-0.4628615825552645,-0.25409324539152556,0.0,0.0,nan,0,-0.9097790084507766,-1.1952986128313525e-06,8.029999519460926e-06,0.0,0.0,nan,0,-0.040000009301592115,1.3366180277533348,1.7669989268588495e-15,8.885213133456212e-06,2
3.325,4.0,0.4641320487822225,0.25409324539152833,0.0,0.0,nan,0,0.8763261180633615,-0.46413204878222253,-0.2540932453915256,0.0,0.0,nan,0,-0.9163272110895433,-1.2148230891691203e-06,-8.910726010122945e-06,0.0,0.0,nan,0,-0.04000001611314402,1.2875680277533355,1.7741043542164503e-15,-3.98801041133793e-06,2
3.33,4.0,0.4654025150091805,0.2540932453915284,0.0,0.0,nan,0,0.8826290707021283,-0.46540251500918056,-0.25409324539152567,0.0,0.0,nan,0,-0.9226301637283101,-1.210111000831543e-06,-6.445388618957715e-05,0.0,0.0,nan,0,-0.040000003732487036,1.238518027753336,1.7865388520922522e-15,-5.1610181336726046e-05,2
3.335,4.0,0.46667298123613854,0.2540932453915284,0.0,0.0,nan,0,0.888686773340895,-0.4666729812361386,-0.25409324539152567,0.0,0.0,nan,0,-0.9286878663670768,-1.1952285585044298e-06,7.198753323823265e-06,0.0,0.0,nan,0,-0.039999981144305655,1.1894680277533367,1.8043024204862548e-15,7.358405697239522e-06,2
3.34,4.0,0.4679434474630966,0.2540932453915285,0.0,0.0,nan,0,0.8944992259796618,-0.46794344746309663,-0.2540932453915258,0.0,0.0,nan,0,-0.9345003190058436,-1.2174162799666322e-06,9.669159175307194e-06,0.0,0.0,nan,0,-0.03999998899193544,1.1404180277533371,1.8300595946575587e-15,9.30899625688061e-06,2
3.345,4.0,0.4692139136900546,0.2540932453915285,0.0,0.0,nan,0,0.9000664286184286,-0.46921391369005466,-0.2540932453915258,0.0,0.0,nan,0,-0.9400675216446104,-1.2419311288917878e-06,1.1091977436840978e-05,0.0,0.0,nan,0,-0.03999999872649451,1.0913680277533377,1.8700276235440643e-15,1.0675948584379225e-05,2
3.35,4.0,0.47048437991701264,0.2540932453915285,0.0,0.0,nan,0,0.9053883812571952,-0.4704843799170127,-0.2540932453915258,0.0,0.0,nan,0,-0.945389474283377,-1.267084529889273e-06,8.029906554971771e-06,0.0,0.0,nan,0,-0.04000000930206438,1.0423180277533384,1.902002046653269e-15,8.885172557168992e-06,2
3.355,4.0,0.4717548461439707,0.2540932453915284,0.0,0.0,nan,0,0.9104650838959618,-0.47175484614397073,-0.25409324539152567,0.0,0.0,nan,0,-0.9504661769221436,-1.28660933332303e-06,-8.910785492111468e-06,0.0,0.0,nan,0,-0.04000001611358321,0.9932680277533389,1.9615100007731774e-15,-3.988000644426211e-06,2
3.36,4.0,0.4730253123709287,0.2540932453915284,0.0,0.0,nan,0,0.9152965365347284,-0.47302531237092876,-0.25409324539152567,0.0,0.0,nan,0,-0.9552976295609102,-1.2818976227457757e-06,-6.445381676185216e-05,0.0,0.0,nan,0,-0.04000000373297263,0.9442180277533393,2.0041425649187826e-15,-5.1609955633414015e-05,2
3.365,4.0,0.47429577859788674,0.2540932453915284,0.0,0.0,nan,0,0.9198827391734951,-0.4742957785978868,-0.25409324539152567,0.0,0.0,nan,0,-0.9598838321996769,-1.2670155866145727e-06,7.198664585788235e-06,0.0,0.0,nan,0,-0.039999981144891776,0.8951680277533397,2.064538697458391e-15,7.358377320402633e-06,2
3.37,4.0,0.4755662448248448,0.25409324539152844,0.0,0.0,nan,0,0.9242236918122617,-0.47556624482484483,-0.2540932453915257,0.0,0.0,nan,0,-0.9642247848384435,-1.2892036328863987e-06,9.669065648191082e-06,0.0,0.0,nan,0,-0.03999998899249113,0.8461180277533401,2.1391456847132014e-15,9.308959492271464e-06,2
3.375,4.0,0.4768367110518028,0.25409324539152855,0.0,0.0,nan,0,0.9283193944510284,-0.47683671105180286,-0.25409324539152583,0.0,0.0,nan,0,-0.9683204874772102,-1.3137188019200774e-06,1.10918802952988e-05,0.0,0.0,nan,0,-0.03999999872701137,0.7970680277533405,2.2093117798695114e-15,1.0675904425644769e-05,2
3.38,4.0,0.47810717727876084,0.25409324539152844,0.0,0.0,nan,0,0.9321698470897951,-0.4781071772787609,-0.2540932453915257,0.0,0.0,nan,0,-0.9721709401159769,-1.3388725206633922e-06,8.029813598368517e-06,0.0,0.0,nan,0,-0.040000009302536665,0.7480180277533408,2.3505321486018316e-15,8.88513197835135e-06,2
3.3850000000000002,4.0,0.4793776435057189,0.2540932453915285,0.0,0.0,nan,0,0.9357750497285618,-0.47937764350571893,-0.2540932453915258,0.0,0.0,nan,0,-0.9757761427547437,-1.3583976511480356e-06,-8.910844963962366e-06,0.0,0.0,nan,0,-0.04000001611402246,0.6989680277533409,2.5148451562463556e-15,-3.987990883317842e-06,1
3.39,4.0,0.4806481097326769,0.2540932453915285,0.0,0.0,nan,0,0.9391350023673286,-0.48064810973267696,-0.2540932453915258,0.0,0.0,nan,0,-0.9791360953935104,-1.3536863182929404e-06,-6.445374731456363e-05,0.0,0.0,nan,0,-0.04000000373345825,0.6499180277533413,2.7066916949015828e-15,-5.1609729909783114e-05,1
3.395,4.0,0.48191857595963494,0.2540932453915285,0.0,0.0,nan,0,0.9422497050060954,-0.481918575959635,-0.2540932453915258,0.0,0.0,nan,0,-0.9822507980322772,-1.338804688305606e-06,7.198575856546172e-06,0.0,0.0,nan,0,-0.03999998114547795,0.6008680277533416,2.9154136235311125e-15,7.3583489329227174e-06,1
3.4,4.0,0.483189042186593,0.25409324539152855,0.0,0.0,nan,0,0.9451191576448622,-0.48318904218659303,-0.25409324539152583,0.0,0.0,nan,0,-0.985120250671044,-1.3609930593488917e-06,9.668972129520779e-06,0.0,0.0,nan,0,-0.03999998899304691,0.5518180277533418,1.7545644289830487e-15,9.308922727044159e-06,2
3.4050000000000002,4.0,0.484459508413551,0.2540932453915285,0.0,0.0,nan,0,0.947743360283629,-0.48445950841355107,-0.2540932453915258,0.0,0.0,nan,0,-0.9877444533098109,-1.3855085484425211e-06,1.1091783161646116e-05,0.0,0.0,nan,0,-0.039999998727528324,0.5027680277533425,1.7687752836982503e-15,1.0675860256759333e-05,2
3.41,4.0,0.48572997464050904,0.25409324539152844,0.0,0.0,nan,0,0.9501223129223957,-0.4857299746405091,-0.2540932453915257,0.0,0.0,nan,0,-0.9901234059485775,-1.410662584872685e-06,8.02972064945972e-06,0.0,0.0,nan,0,-0.040000009303009024,0.4537180277533423,1.7838743168331526e-15,8.885091408024694e-06,2
3.415,4.0,0.4870004408674671,0.25409324539152844,0.0,0.0,nan,0,0.9522560155611624,-0.48700044086746713,-0.2540932453915257,0.0,0.0,nan,0,-0.9922571085873442,-1.4301880423492341e-06,-8.910904425538987e-06,0.0,0.0,nan,0,-0.04000001611446174,0.40466802775334204,1.797196993128655e-15,-3.987981118423175e-06,2
3.42,4.0,0.4882709070944251,0.2540932453915284,0.0,0.0,nan,0,0.9541444681999289,-0.48827090709442517,-0.25409324539152567,0.0,0.0,nan,0,-0.9941455612261108,-1.4254770871642564e-06,-6.445367784745529e-05,0.0,0.0,nan,0,-0.04000000373394396,0.3556180277533418,1.814960561522658e-15,-5.160950418574277e-05,2
3.4250000000000003,4.0,0.48954137332138314,0.25409324539152833,0.0,0.0,nan,0,0.9557876708386956,-0.4895413733213832,-0.2540932453915256,0.0,0.0,nan,0,-0.9957887638648775,-1.4105958632895654e-06,7.19848713648178e-06,0.0,0.0,nan,0,-0.03999998114606419,0.3065680277533417,1.8451586277924623e-15,7.3583205534497176e-06,2
3.43,4.0,0.4908118395483412,0.25409324539152833,0.0,0.0,nan,0,0.9571856234774623,-0.49081183954834123,-0.2540932453915256,0.0,0.0,nan,0,-0.9971867165036441,-1.4327845590522692e-06,9.668878619395965e-06,0.0,0.0,nan,0,-0.03999998899360273,0.25751802775334176,1.8806857645804674e-15,9.308885963108263e-06,2
3.435,4.0,0.4920823057752992,0.25409324539152833,0.0,0.0,nan,0,0.958338326116229,-0.49208230577529927,-0.2540932453915256,0.0,0.0,nan,0,-0.9983394191424109,-1.4573003681538077e-06,1.1091686035713172e-05,0.0,0.0,nan,0,-0.0399999987280453,0.20846802775334175,1.9197656150472725e-15,1.0675816087295687e-05,2
3.44,4.0,0.49335277200225724,0.25409324539152833,0.0,0.0,nan,0,0.9592457787549957,-0.4933527720022573,-0.2540932453915256,0.0,0.0,nan,0,-0.9992468717811775,-1.482454722218779e-06,8.02962770838354e-06,0.0,0.0,nan,0,-0.040000009303481424,0.15941802775334227,1.976609033908081e-15,8.885050826541627e-06,2
3.4450000000000003,4.0,0.4946232382292153,0.2540932453915283,0.0,0.0,nan,0,0.9599079813937625,-0.49462323822921533,-0.25409324539152556,0.0,0.0,nan,0,-0.9999090744199444,-1.5019805066386616e-06,-8.910963877057082e-06,0.0,0.0,nan,0,-0.04000001611490108,0.11036802775334288,2.0387815232870892e-15,-3.987971356939113e-06,2
3.45,4.0,0.4958937044561733,0.2540932453915282,0.0,0.0,nan,0,0.9603249340325293,-0.49589370445617337,-0.2540932453915255,0.0,0.0,nan,0,-1.000326027058711,-1.4972699290786984e-06,-6.445360836060835e-05,0.0,0.0,nan,0,-0.04000000373442972,0.06131802775334313,2.131152078935902e-15,-5.160927844454992e-05,2
3.455,4.0,0.49716417068313135,0.2540932453915282,0.0,0.0,nan,0,0.9604966366712961,-0.4971641706831314,-0.2540932453915255,0.0,0.0,nan,0,-1.000497729697478,-1.4823891112646093e-06,7.1983984255717795e-06,0.0,0.0,nan,0,-0.0399999811466505,0.012268027753343574,2.1933245683149105e-15,7.358292167657333e-06,2
3.46,4.0,0.4984346369100894,0.2540932453915282,0.0,0.0,nan,0,0.9604230893100629,-0.49843463691008943,-0.2540932453915255,0.0,0.0,nan,0,-1.0004241823362447,-1.5045781316946893e-06,9.668785117546649e-06,0.0,0.0,nan,0,-0.03999998899415862,-0.03678197224665627,2.2963532650001256e-15,9.308849192827219e-06,2
3.465,4.0,0.4997051031370474,0.2540932453915283,0.0,0.0,nan,0,0.9601042919488296,-0.49970510313704747,-0.25409324539152556,0.0,0.0,nan,0,-1.0001053849750114,-1.529094260759034e-06,1.1091588917868078e-05,0.0,0.0,nan,0,-0.039999998728562365,-0.08583197224665608,2.4189218869187424e-15,1.0675771913384044e-05,1
3.47,4.0,0.5009755693640054,0.2540932453915283,0.0,0.0,nan,0,0.9595402445875962,-0.5009755693640054,-0.25409324539152556,0.0,0.0,nan,0,-0.9995413376137781,-1.5542489324171793e-06,8.029534775045641e-06,0.0,0.0,nan,0,-0.040000009303953914,-0.134881972246656,2.659618238657476e-15,8.885010243843533e-06,1
3.475,4.0,0.5022460355909635,0.2540932453915283,0.0,0.0,nan,0,0.9587309472263629,-0.5022460355909635,-0.25409324539152556,0.0,0.0,nan,0,-0.9987320402525447,-1.5737750437283538e-06,-8.911023318492943e-06,0.0,0.0,nan,0,-0.04000001611534051,-0.1839319722466557,3.0122250712784254e-15,-3.987961591743354e-06,1
3.48,4.0,0.5035165018179215,0.2540932453915283,0.0,0.0,nan,0,0.9576763998651295,-0.5035165018179215,-0.25409324539152556,0.0,0.0,nan,0,-0.9976774928913114,-1.5690648437344246e-06,-6.445353885403847e-05,0.0,0.0,nan,0,-0.04000000373491551,-0.2329819722466554,1.7572289642421482e-15,-5.160905268564769e-05,2
3.485,4.0,0.5047869680448795,0.25409324539152817,0.0,0.0,nan,0,0.9563766025038962,-0.5047869680448795,-0.25409324539152545,0.0,0.0,nan,0,-0.996377695530078,-1.554184431932365e-06,7.198309723501239e-06,0.0,0.0,nan,0,-0.039999981147236824,-0.2820319722466554,1.7687752836982497e-15,7.358263782743353e-06,2
3.49,4.0,0.5060574342718376,0.25409324539152806,0.0,0.0,nan,0,0.9548315551426629,-0.5060574342718376,-0.25409324539152534,0.0,0.0,nan,0,-0.9948326481688448,-1.5763737769743102e-06,9.668691624086059e-06,0.0,0.0,nan,0,-0.03999998899471455,-0.33108197224665514,1.7758807110558507e-15,9.308812419195072e-06,2
3.495,4.0,0.5073279004987956,0.2540932453915281,0.0,0.0,nan,0,0.9530412577814297,-0.5073279004987956,-0.2540932453915254,0.0,0.0,nan,0,-0.9930423508076115,-1.6008902259390112e-06,1.1091491807435887e-05,0.0,0.0,nan,0,-0.03999999872907947,-0.3801319722466552,1.788315208931653e-15,1.0675727739500824e-05,2
3.5,4.0,0.5085983667257536,0.25409324539152806,0.0,0.0,nan,0,0.9510057104201964,-0.5085983667257536,-0.25409324539152534,0.0,0.0,nan,0,-0.9910068034463783,-1.626045215124411e-06,8.02944184959952e-06,0.0,0.0,nan,0,-0.04000000930442643,-0.42918197224665516,1.8096314910044557e-15,8.884969661491836e-06,2
3.505,4.0,0.5098688329527117,0.2540932453915282,0.0,0.0,nan,0,0.9487249130589632,-0.5098688329527117,-0.2540932453915255,0.0,0.0,nan,0,-0.988726006085145,-1.6455716532748355e-06,-8.911082749556829e-06,0.0,0.0,nan,0,-0.04000001611577997,-0.4782319722466552,1.8309477730772587e-15,-3.987951834161939e-06,2
3.5100000000000002,4.0,0.5111392991796697,0.2540932453915282,0.0,0.0,nan,0,0.94619886569773,-0.5111392991796697,-0.2540932453915255,0.0,0.0,nan,0,-0.9861999587239119,-1.6408618308087763e-06,-6.44534693279465e-05,0.0,0.0,nan,0,-0.040000003735401385,-0.5272819722466552,1.856704947248562e-15,-5.160882692316342e-05,2
3.515,4.0,0.5124097654066277,0.25409324539152833,0.0,0.0,nan,0,0.9434275683364969,-0.5124097654066277,-0.2540932453915256,0.0,0.0,nan,0,-0.9834286613626787,-1.6259818249805824e-06,7.198221030903643e-06,0.0,0.0,nan,0,-0.039999981147823264,-0.5763319722466547,1.8966729761350675e-15,7.358235395635581e-06,2
3.52,4.0,0.5136802316335858,0.2540932453915283,0.0,0.0,nan,0,0.9404110209752636,-0.5136802316335858,-0.25409324539152556,0.0,0.0,nan,0,-0.9804121140014455,-1.6481714945858206e-06,9.668598139381876e-06,0.0,0.0,nan,0,-0.03999998899527055,-0.625381972246654,1.9508518597367755e-15,9.308775648482386e-06,2
3.525,4.0,0.5149506978605438,0.2540932453915282,0.0,0.0,nan,0,0.9371492236140302,-0.5149506978605438,-0.2540932453915255,0.0,0.0,nan,0,-0.977150316640212,-1.6726882634092444e-06,1.1091394704929439e-05,0.0,0.0,nan,0,-0.03999999872959664,-0.6744319722466536,2.014800705955184e-15,1.0675683562170594e-05,2
3.5300000000000002,4.0,0.5162211640875018,0.25409324539152833,0.0,0.0,nan,0,0.9336421762527969,-0.5162211640875018,-0.2540932453915256,0.0,0.0,nan,0,-0.9736432692789787,-1.6978435700837347e-06,8.029348931983048e-06,0.0,0.0,nan,0,-0.040000009304899026,-0.723481972246653,2.083190444272094e-15,8.884929076472936e-06,2
3.535,4.0,0.5174916303144599,0.25409324539152833,0.0,0.0,nan,0,0.9298898788915635,-0.5174916303144599,-0.2540932453915256,0.0,0.0,nan,0,-0.9698909719177453,-1.7173703350178982e-06,-8.9111421707551e-06,0.0,0.0,nan,0,-0.04000001611621948,-0.7725319722466527,2.130263900516201e-15,-3.987942062261319e-06,2
3.54,4.0,0.5187620965414179,0.25409324539152844,0.0,0.0,nan,0,0.9258923315303302,-0.5187620965414179,-0.2540932453915257,0.0,0.0,nan,0,-0.9658934245565121,-1.7126608900346063e-06,-6.445339978190211e-05,0.0,0.0,nan,0,-0.040000003735887295,-0.8215819722466522,2.3105641197153264e-15,-5.160860114740444e-05,2
3.545,4.0,0.520032562768376,0.25409324539152844,0.0,0.0,nan,0,0.9216495341690969,-0.520032562768376,-0.2540932453915257,0.0,0.0,nan,0,-0.9616506271952787,-1.6977812901282363e-06,7.198132347190102e-06,0.0,0.0,nan,0,-0.039999981148409754,-0.8706319722466518,2.4286918495354427e-15,7.35820699974461e-06,2
3.5500000000000003,4.0,0.521303028995334,0.2540932453915285,0.0,0.0,nan,0,0.9171614868078637,-0.521303028995334,-0.2540932453915258,0.0,0.0,nan,0,-0.9571625798340455,-1.7199712842447257e-06,9.668504662797716e-06,0.0,0.0,nan,0,-0.03999998899582664,-0.9196819722466513,2.627643815548271e-15,9.308738878704934e-06,1
3.555,4.0,0.522573495222292,0.2540932453915285,0.0,0.0,nan,0,0.9124281894466304,-0.522573495222292,-0.2540932453915258,0.0,0.0,nan,0,-0.9524292824728122,-1.7444883728644223e-06,1.1091297610361711e-05,0.0,0.0,nan,0,-0.03999999873011387,-0.9687319722466506,2.8994264119765097e-15,1.0675639387139839e-05,1
3.56,4.0,0.52384396144925,0.2540932453915285,0.0,0.0,nan,0,0.9074496420853972,-0.52384396144925,-0.2540932453915258,0.0,0.0,nan,0,-0.9474507351115791,-1.7696439969690225e-06,8.029256022260313e-06,0.0,0.0,nan,0,-0.040000009305371655,-1.0177819722466501,3.1561099752698464e-15,8.884888487938616e-06,1
3.565,4.0,0.5251144276762081,0.2540932453915285,0.0,0.0,nan,0,0.902225844724164,-0.5251144276762081,-0.2540932453915258,0.0,0.0,nan,0,-0.9422269377503458,-1.7891710886452916e-06,-8.91120158152059e-06,0.0,0.0,nan,0,-0.04000001611665906,-1.0668319722466495,1.7661107484391508e-15,-3.987932304822916e-06,2
3.5700000000000003,4.0,0.5263848939031661,0.25409324539152867,0.0,0.0,nan,0,0.8967567973629309,-0.5263848939031661,-0.25409324539152595,0.0,0.0,nan,0,-0.9367578903891127,-1.7844620210892559e-06,-6.44533302161011e-05,0.0,0.0,nan,0,-0.040000003736373295,-1.1158819722466489,1.7803216031543536e-15,-5.1608375362996393e-05,2
3.575,4.0,0.5276553601301242,0.25409324539152855,0.0,0.0,nan,0,0.8910425000016977,-0.5276553601301242,-0.25409324539152583,0.0,0.0,nan,0,-0.9310435930278795,-1.769582827066546e-06,7.198043672547469e-06,0.0,0.0,nan,0,-0.03999998114899629,-1.1649319722466482,1.7998615283877562e-15,7.358178615527848e-06,2
3.58,4.0,0.5289258263570822,0.25409324539152844,0.0,0.0,nan,0,0.8850829526404645,-0.5289258263570822,-0.2540932453915257,0.0,0.0,nan,0,-0.9250840456666464,-1.7917731456457142e-06,9.668411194753482e-06,0.0,0.0,nan,0,-0.03999998899638274,-1.2139819722466476,1.8140723831029582e-15,9.308702104333827e-06,2
3.585,4.0,0.5301962925840402,0.25409324539152855,0.0,0.0,nan,0,0.8788781552792312,-0.5301962925840402,-0.25409324539152583,0.0,0.0,nan,0,-0.918879248305413,-1.8162905540235197e-06,1.1091200523488579e-05,0.0,0.0,nan,0,-0.03999999873063114,-1.263031972246647,1.8371650220151613e-15,1.0675595196210704e-05,2
3.59,4.0,0.5314667588109983,0.25409324539152844,0.0,0.0,nan,0,0.8724281079179979,-0.5314667588109983,-0.2540932453915257,0.0,0.0,nan,0,-0.9124292009441797,-1.8414464954957799e-06,8.029163120023237e-06,0.0,0.0,nan,0,-0.04000000930584437,-1.3120819722466464,1.8646985530258653e-15,8.884847894687194e-06,2
3.595,4.0,0.5327372250379563,0.25409324539152844,0.0,0.0,nan,0,0.8657328105567645,-0.5327372250379563,-0.2540932453915257,0.0,0.0,nan,0,-0.9057339035829464,-1.860973913855174e-06,-8.911260982232217e-06,0.0,0.0,nan,0,-0.0400000161170987,-1.3611319722466457,1.8895675487774684e-15,-3.987922532687812e-06,2
3.6,4.0,0.5340076912649143,0.25409324539152844,0.0,0.0,nan,0,0.8587922631955313,-0.5340076912649143,-0.2540932453915257,0.0,0.0,nan,0,-0.8987933562217131,-1.8562652236882304e-06,-6.445326063085799e-05,0.0,0.0,nan,0,-0.04000000373685933,-1.410181972246645,1.9508518597367766e-15,-5.1608149566731156e-05,2
3.605,4.0,0.5352781574918724,0.25409324539152855,0.0,0.0,nan,0,0.851606465834298,-0.5352781574918724,-0.25409324539152583,0.0,0.0,nan,0,-0.8916075588604798,-1.8413864354971388e-06,7.197955007219653e-06,0.0,0.0,nan,0,-0.03999998114958291,-1.4592319722466447,2.019241598053686e-15,7.358150222551873e-06,2
3.61,4.0,0.5365486237188304,0.25409324539152883,0.0,0.0,nan,0,0.8441754184730648,-0.5365486237188304,-0.2540932453915261,0.0,0.0,nan,0,-0.8841765114992466,-1.8635770784973527e-06,9.668317735258041e-06,0.0,0.0,nan,0,-0.039999988996938934,-1.508281972246644,2.098289477406997e-15,9.308665327770689e-06,2
3.615,4.0,0.5378190899457884,0.25409324539152905,0.0,0.0,nan,0,0.8364991211118316,-0.5378190899457884,-0.25409324539152633,0.0,0.0,nan,0,-0.8765002141380134,-1.8880948065777559e-06,1.1091103444391952e-05,0.0,0.0,nan,0,-0.0399999987311485,-1.5573319722466434,2.201318174092211e-15,1.0675551016073805e-05,2
3.62,4.0,0.5390895561727465,0.25409324539152905,0.0,0.0,nan,0,0.8285775737505984,-0.5390895561727465,-0.25409324539152633,0.0,0.0,nan,0,-0.8685786667767802,-1.913251065379512e-06,8.029070225919845e-06,0.0,0.0,nan,0,-0.04000000930631713,-1.606381972246643,2.3576375759594338e-15,8.884807304642963e-06,2
3.625,4.0,0.5403600223997045,0.2540932453915287,0.0,0.0,nan,0,0.8204107763893652,-0.5403600223997045,-0.25409324539152606,0.0,0.0,nan,0,-0.860411869415547,-1.9327788103803978e-06,-8.911320372725502e-06,0.0,0.0,nan,0,-0.04000001611753838,-1.6554319722466424,2.4677717000022498e-15,-3.9879127676421634e-06,1
3.63,4.0,0.5416304886266625,0.25409324539152867,0.0,0.0,nan,0,0.8119987290281321,-0.5416304886266625,-0.25409324539152595,0.0,0.0,nan,0,-0.8519998220543139,-1.9280704975400964e-06,-6.445319102567018e-05,0.0,0.0,nan,0,-0.04000000373734543,-1.7044819722466418,2.563694969329863e-15,-5.1607923756065e-05,1
3.6350000000000002,4.0,0.5429009548536206,0.2540932453915285,0.0,0.0,nan,0,0.803341431666899,-0.5429009548536206,-0.2540932453915258,0.0,0.0,nan,0,-0.8433425246930808,-1.913192115142459e-06,7.197866350845661e-06,0.0,0.0,nan,0,-0.03999998115016958,-1.7535319722466411,2.7386661180107873e-15,7.358121829643398e-06,1
3.64,4.0,0.5441714210805786,0.25409324539152833,0.0,0.0,nan,0,0.7944388843056659,-0.5441714210805786,-0.2540932453915256,0.0,0.0,nan,0,-0.8344399773318477,-1.9353830825012686e-06,9.668224284100813e-06,0.0,0.0,nan,0,-0.039999988997495184,-1.8025819722466405,3.011336892858726e-15,9.308628546771994e-06,1
3.645,4.0,0.5454418873075366,0.25409324539152833,0.0,0.0,nan,0,0.7852910869444326,-0.5454418873075366,-0.2540932453915256,0.0,0.0,nan,0,-0.8252921799706144,-1.959901130225289e-06,1.1091006373298827e-05,0.0,0.0,nan,0,-0.03999999873166589,-1.85163197224664,1.7590053210815496e-15,1.0675506836323276e-05,2
3.65,4.0,0.5467123535344947,0.2540932453915283,0.0,0.0,nan,0,0.7758980395831993,-0.5467123535344947,-0.25409324539152556,0.0,0.0,nan,0,-0.8158991326093811,-1.9850577062975605e-06,8.028977339599882e-06,0.0,0.0,nan,0,-0.040000009306789916,-1.9006819722466393,1.7652225700194502e-15,8.884766709215495e-06,2
3.6550000000000002,4.0,0.5479828197614527,0.2540932453915283,0.0,0.0,nan,0,0.766259742221966,-0.5479828197614527,-0.25409324539152556,0.0,0.0,nan,0,-0.8062608352481478,-2.0045857778809573e-06,-8.911379753139121e-06,0.0,0.0,nan,0,-0.0400000161179781,-1.9497319722466386,1.7776570678952516e-15,-3.987903003432284e-06,2
3.66,4.0,0.5492532859884107,0.25409324539152817,0.0,0.0,nan,0,0.7563761948607327,-0.5492532859884107,-0.25409324539152545,0.0,0.0,nan,0,-0.7963772878869145,-1.999877842336073e-06,-6.445312140083798e-05,0.0,0.0,nan,0,-0.040000003737831566,-1.9987819722466382,1.790091565771053e-15,-5.1607697938828987e-05,2
3.665,4.0,0.5505237522153688,0.25409324539152817,0.0,0.0,nan,0,0.7462473974994995,-0.5505237522153688,-0.25409324539152545,0.0,0.0,nan,0,-0.7862484905256814,-1.984999865683318e-06,7.197777703668129e-06,0.0,0.0,nan,0,-0.03999998115075631,-2.047831972246638,1.810519669424156e-15,7.358093435187713e-06,2
3.67,4.0,0.5517942184423268,0.2540932453915283,0.0,0.0,nan,0,0.7358733501382663,-0.5517942184423268,-0.25409324539152556,0.0,0.0,nan,0,-0.7758744431644481,-2.0071911573521506e-06,9.668130841422814e-06,0.0,0.0,nan,0,-0.03999998899805149,-2.096881972246637,1.8345004867560596e-15,9.3085917670727e-06,2
3.6750000000000003,4.0,0.5530646846692848,0.2540932453915283,0.0,0.0,nan,0,0.7252540527770331,-0.5530646846692848,-0.25409324539152556,0.0,0.0,nan,0,-0.765255145803215,-2.0317095246781547e-06,1.1090909309746715e-05,0.0,0.0,nan,0,-0.03999999873218335,-2.1459319722466366,1.8718039803834655e-15,1.0675462649760421e-05,2
3.68,4.0,0.5543351508962429,0.2540932453915284,0.0,0.0,nan,0,0.7143895054157999,-0.5543351508962429,-0.25409324539152567,0.0,0.0,nan,0,-0.7543905984419818,-2.056866417982778e-06,8.028884460969922e-06,0.0,0.0,nan,0,-0.04000000930726278,-2.194981972246636,1.9268710424048735e-15,8.884726114098893e-06,2
3.685,4.0,0.5556056171232009,0.2540932453915286,0.0,0.0,nan,0,0.7032797080545669,-0.5556056171232009,-0.2540932453915259,0.0,0.0,nan,0,-0.7432808010807487,-2.076394816096644e-06,-8.911439123240987e-06,0.0,0.0,nan,0,-0.04000001611841789,-2.2440319722466353,1.982826282845981e-15,-3.9878932378652606e-06,2
3.69,4.0,0.5568760833501589,0.2540932453915286,0.0,0.0,nan,0,0.6919246606933337,-0.5568760833501589,-0.2540932453915259,0.0,0.0,nan,0,-0.7319257537195155,-2.0716872577812573e-06,-6.445305175602395e-05,0.0,0.0,nan,0,-0.040000003738317774,-2.2930819722466347,2.0423342369658897e-15,-5.160747210998891e-05,2
3.6950000000000003,4.0,0.558146549577117,0.25409324539152867,0.0,0.0,nan,0,0.6803243633321007,-0.558146549577117,-0.25409324539152595,0.0,0.0,nan,0,-0.7203254563582825,-2.0568096868282815e-06,7.19768906569136e-06,0.0,0.0,nan,0,-0.03999998115134311,-2.342131972246634,2.1471392904905044e-15,7.35806503748131e-06,2
3.7,4.0,0.559417015804075,0.2540932453915285,0.0,0.0,nan,0,0.6684788159708676,-0.559417015804075,-0.2540932453915258,0.0,0.0,nan,0,-0.7084799089970494,-2.0790013027550958e-06,9.668037407129409e-06,0.0,0.0,nan,0,-0.03999998899860788,-2.3911819722466334,2.2252989914241155e-15,9.308554985473606e-06,2
3.705,4.0,0.560687482031033,0.25409324539152855,0.0,0.0,nan,0,0.6563880186096345,-0.560687482031033,-0.25409324539152583,0.0,0.0,nan,0,-0.6963891116358163,-2.1035199896275725e-06,1.1090812254386298e-05,0.0,0.0,nan,0,-0.03999999873270088,-2.440231972246633,2.349643970182133e-15,1.0675418462118437e-05,2
3.71,4.0,0.5619579482579911,0.2540932453915287,0.0,0.0,nan,0,0.6440519712484012,-0.5619579482579911,-0.254093245391526,0.0,0.0,nan,0,-0.684053064274583,-2.128677200102097e-06,8.02879159015952e-06,0.0,0.0,nan,0,-0.040000009307735715,-2.489281972246632,2.4828707331371522e-15,8.884685518182047e-06,1
3.715,4.0,0.5632284144849491,0.2540932453915287,0.0,0.0,nan,0,0.6314706738871679,-0.5632284144849491,-0.254093245391526,0.0,0.0,nan,0,-0.6714717669133498,-2.1482059246943908e-06,-8.911498483306263e-06,0.0,0.0,nan,0,-0.04000001611885774,-2.5383319722466315,2.6907044833469815e-15,-3.987883471454467e-06,1
3.72,4.0,0.5644988807119071,0.25409324539152867,0.0,0.0,nan,0,0.6186441265259347,-0.5644988807119071,-0.25409324539152595,0.0,0.0,nan,0,-0.6586452195521165,-2.1434987435807462e-06,-6.445298209203672e-05,0.0,0.0,nan,0,-0.04000000373880405,-2.587381972246631,2.9633752581949203e-15,-5.160724626842123e-05,1
3.725,4.0,0.5657693469388652,0.25409324539152867,0.0,0.0,nan,0,0.6055723291647015,-0.5657693469388652,-0.25409324539152595,0.0,0.0,nan,0,-0.6455734221908833,-2.1286215782789775e-06,7.1976004367295256e-06,0.0,0.0,nan,0,-0.03999998115192998,-2.6364319722466303,1.7572289642421503e-15,7.3580366401559324e-06,2
3.73,4.0,0.5670398131658232,0.2540932453915288,0.0,0.0,nan,0,0.5922552818034683,-0.5670398131658232,-0.25409324539152606,0.0,0.0,nan,0,-0.6322563748296501,-2.150813518415201e-06,9.667943981287687e-06,0.0,0.0,nan,0,-0.03999998899916432,-2.6854819722466297,1.7616698563406507e-15,9.30851820028183e-06,2
3.735,4.0,0.5683102793927812,0.2540932453915286,0.0,0.0,nan,0,0.5786929844422352,-0.5683102793927812,-0.2540932453915259,0.0,0.0,nan,0,-0.618694077468417,-2.1753325247821087e-06,1.1090715206640879e-05,0.0,0.0,nan,0,-0.03999999873321849,-2.734531972246629,1.7741043542164526e-15,1.0675374268164172e-05,2
3.74,4.0,0.5695807456197393,0.2540932453915285,0.0,0.0,nan,0,0.564885437081002,-0.5695807456197393,-0.2540932453915258,0.0,0.0,nan,0,-0.6048865301071839,-2.200490052381432e-06,8.02869872717447e-06,0.0,0.0,nan,0,-0.040000009308208725,-2.7835819722466284,1.790979744190755e-15,8.884644916429874e-06,2
3.745,4.0,0.5708512118466973,0.2540932453915288,0.0,0.0,nan,0,0.5508326397197689,-0.5708512118466973,-0.25409324539152606,0.0,0.0,nan,0,-0.5908337327459507,-2.2200191034070504e-06,-8.911557833124099e-06,0.0,0.0,nan,0,-0.04000001611929768,-2.8326319722466278,1.8060787773256568e-15,-3.987873702814338e-06,2
3.75,4.0,0.5721216780736553,0.25409324539152883,0.0,0.0,nan,0,0.5365345923585358,-0.5721216780736553,-0.2540932453915261,0.0,0.0,nan,0,-0.5765356853847177,-2.2153122994361674e-06,-6.44529124077668e-05,0.0,0.0,nan,0,-0.040000003739290406,-2.881681972246627,1.8211778104605592e-15,-5.160702041191351e-05,2
3.755,4.0,0.5733921443006134,0.25409324539152894,0.0,0.0,nan,0,0.5219912949973028,-0.5733921443006134,-0.2540932453915262,0.0,0.0,nan,0,-0.5619923880234846,-2.2004355397474418e-06,7.197511816877815e-06,0.0,0.0,nan,0,-0.03999998115251692,-2.9307319722466265,1.8336123083363604e-15,7.358008243723177e-06,2
3.7600000000000002,4.0,0.5746626105275714,0.25409324539152894,0.0,0.0,nan,0,0.5072027476360698,-0.5746626105275714,-0.2540932453915262,0.0,0.0,nan,0,-0.5472038406622516,-2.2226278040445024e-06,9.667850563878956e-06,0.0,0.0,nan,0,-0.03999998899972082,-2.979781972246626,1.8682512667046654e-15,9.308481415488845e-06,2
3.765,4.0,0.5759330767545294,0.25409324539152883,0.0,0.0,nan,0,0.49216895027483676,-0.5759330767545294,-0.2540932453915261,0.0,0.0,nan,0,-0.5321700433010186,-2.2471471298537993e-06,1.1090618166814394e-05,0.0,0.0,nan,0,-0.039999998733736136,-3.0288319722466253,1.906442938751771e-15,1.0675330077388689e-05,2
3.77,4.0,0.5772035429814875,0.25409324539152855,0.0,0.0,nan,0,0.4768899029136035,-0.5772035429814875,-0.25409324539152583,0.0,0.0,nan,0,-0.5168909959397853,-2.2723049745120016e-06,8.028605872389473e-06,0.0,0.0,nan,0,-0.04000000930868175,-3.0778819722466246,1.955292751835278e-15,8.884604316712508e-06,2
3.775,4.0,0.5784740092084455,0.25409324539152833,0.0,0.0,nan,0,0.4613656055523703,-0.5784740092084455,-0.2540932453915256,0.0,0.0,nan,0,-0.5013666985785521,-2.291834351915434e-06,-8.911617172634445e-06,0.0,0.0,nan,0,-0.04000001611973762,-3.126931972246624,1.9766090339080814e-15,-3.987863935756067e-06,2
3.7800000000000002,4.0,0.5797444754354035,0.25409324539152833,0.0,0.0,nan,0,0.44559605819113707,-0.5797444754354035,-0.2540932453915256,0.0,0.0,nan,0,-0.4855971512173188,-2.2871279250422094e-06,-6.445284270382466e-05,0.0,0.0,nan,0,-0.04000000373977677,-3.1759819722466234,2.0574332701007933e-15,-5.160679454938039e-05,2
3.785,4.0,0.5810149416623616,0.25409324539152844,0.0,0.0,nan,0,0.4295812608299039,-0.5810149416623616,-0.2540932453915257,0.0,0.0,nan,0,-0.46958235385608565,-2.2722515709248936e-06,7.197423206342138e-06,0.0,0.0,nan,0,-0.03999998115310388,-3.2250319722466227,2.138257506293505e-15,7.357979842499584e-06,2
3.79,4.0,0.5822854078893196,0.25409324539152844,0.0,0.0,nan,0,0.41332121346867073,-0.5822854078893196,-0.2540932453915257,0.0,0.0,nan,0,-0.45332230649485245,-2.294444159334219e-06,9.667757155042611e-06,0.0,0.0,nan,0,-0.039999989000277354,-3.274081972246622,2.264378841890923e-15,9.30844462971708e-06,2
3.795,4.0,0.5835558741162776,0.25409324539152867,0.0,0.0,nan,0,0.3968159161074376,-0.5835558741162776,-0.25409324539152595,0.0,0.0,nan,0,-0.43681700913361937,-2.3189638045338634e-06,1.1090521134708634e-05,0.0,0.0,nan,0,-0.039999998734253805,-3.3231319722466215,2.4127046379808434e-15,1.0675285881094949e-05,2
3.8000000000000003,4.0,0.5848263403432357,0.2540932453915285,0.0,0.0,nan,0,0.3800653687462045,-0.5848263403432357,-0.2540932453915258,0.0,0.0,nan,0,-0.4200664617723862,-2.3441219662093116e-06,8.028513024816744e-06,0.0,0.0,nan,0,-0.04000000930915483,-3.372181972246621,2.59566939243907e-15,8.88456370974494e-06,1
3.805,4.0,0.5860968065701937,0.2540932453915287,0.0,0.0,nan,0,0.3630695713849714,-0.5860968065701937,-0.25409324539152595,0.0,0.0,nan,0,-0.4030706644111532,-2.363651669941985e-06,-8.911676502081326e-06,0.0,0.0,nan,0,-0.04000001612017762,-3.4212319722466202,2.803503142648899e-15,-3.987854168323872e-06,1
3.81,4.0,0.5873672727971517,0.25409324539152844,0.0,0.0,nan,0,0.34582852402373837,-0.5873672727971517,-0.2540932453915257,0.0,0.0,nan,0,-0.3858296170499201,-2.3589456201213166e-06,-6.445277298022057e-05,0.0,0.0,nan,0,-0.04000000374026318,-3.4702819722466196,3.0601867059422355e-15,-5.160656867345709e-05,1
3.815,4.0,0.5886377390241098,0.25409324539152833,0.0,0.0,nan,0,0.32834222666250534,-0.5886377390241098,-0.2540932453915256,0.0,0.0,nan,0,-0.3683433196886871,-2.3440696715198994e-06,7.197334604762697e-06,0.0,0.0,nan,0,-0.039999981153690904,-3.519331972246619,1.7607816779209518e-15,7.3579514426357875e-06,2
3.8200000000000003,4.0,0.5899082052510678,0.254093245391529,0.0,0.0,nan,0,0.31061067930127234,-0.5899082052510678,-0.2540932453915263,0.0,0.0,nan,0,-0.35061177232745405,-2.366262583989448e-06,9.667663754658617e-06,0.0,0.0,nan,0,-0.039999989000833944,-3.5683819722466183,1.7723279973770538e-15,9.308407840245164e-06,2
3.825,4.0,0.5911786714780258,0.2540932453915291,0.0,0.0,nan,0,0.29263388194003936,-0.5911786714780258,-0.2540932453915264,0.0,0.0,nan,0,-0.33263497496622113,-2.3907825485308676e-06,1.1090424110529272e-05,0.0,0.0,nan,0,-0.03999999873477156,-3.6174319722466177,1.7820979599937557e-15,1.0675241676644179e-05,2
3.83,4.0,0.5924491377049839,0.2540932453915293,0.0,0.0,nan,0,0.2744118345788063,-0.5924491377049839,-0.25409324539152656,0.0,0.0,nan,0,-0.314412927604988,-2.4159410271784587e-06,8.028420185382766e-06,0.0,0.0,nan,0,-0.040000009309628,-3.666481972246617,1.7989733499680578e-15,8.884523104202007e-06,2
3.835,4.0,0.5937196039319419,0.25409324539152944,0.0,0.0,nan,0,0.2559445372175731,-0.5937196039319419,-0.2540932453915267,0.0,0.0,nan,0,-0.2959456302437548,-2.435471057181393e-06,-8.911735821438197e-06,0.0,0.0,nan,0,-0.040000016120617696,-3.7155319722466165,1.81496056152266e-15,-3.987844400712263e-06,2
3.84,4.0,0.5949900701588999,0.25409324539152955,0.0,0.0,nan,0,0.23723198985633995,-0.5949900701588999,-0.25409324539152683,0.0,0.0,nan,0,-0.2772330828825217,-2.430765384364708e-06,-6.445270323702409e-05,0.0,0.0,nan,0,-0.040000003740749704,-3.764581972246616,1.8416059141136638e-15,-5.1606342786579e-05,2
3.845,4.0,0.596260536385858,0.25409324539152955,0.0,0.0,nan,0,0.21827419249510688,-0.596260536385858,-0.25409324539152683,0.0,0.0,nan,0,-0.2582752855212886,-2.4158898412410257e-06,7.197246012536083e-06,0.0,0.0,nan,0,-0.03999998115427803,-3.813631972246615,1.8753566940622684e-15,7.3579230390798326e-06,2
3.85,4.0,0.597531002612816,0.2540932453915295,0.0,0.0,nan,0,0.1990711451338739,-0.597531002612816,-0.2540932453915268,0.0,0.0,nan,0,-0.23907223816005563,-2.4380830777187557e-06,9.667570362681714e-06,0.0,0.0,nan,0,-0.03999998900139065,-3.8626819722466146,1.9206537934669745e-15,9.308371048814818e-06,2
3.855,4.0,0.598801468839774,0.2540932453915294,0.0,0.0,nan,0,0.17962284777264093,-0.598801468839774,-0.25409324539152667,0.0,0.0,nan,0,-0.21962394079882266,-2.4626033615499088e-06,1.1090327094161883e-05,0.0,0.0,nan,0,-0.039999998735289394,-3.911731972246614,1.9517400381564786e-15,1.0675197484645678e-05,2
3.86,4.0,0.6000719350667321,0.2540932453915297,0.0,0.0,nan,0,0.15992930041140796,-0.6000719350667321,-0.254093245391527,0.0,0.0,nan,0,-0.1999303934375897,-2.4877621571037234e-06,8.028327353940247e-06,0.0,0.0,nan,0,-0.040000009310101205,-3.9607819722466133,2.008583457017287e-15,8.884482498122622e-06,2
3.865,4.0,0.6013424012936901,0.25409324539152983,0.0,0.0,nan,0,0.13999050305017477,-0.6013424012936901,-0.2540932453915271,0.0,0.0,nan,0,-0.1799915960763565,-2.507292513331816e-06,-8.911795130391449e-06,0.0,0.0,nan,0,-0.040000016121057816,-4.009831972246613,2.092960406888799e-15,-3.987834633659318e-06,2
3.87,4.0,0.6026128675206481,0.25409324539152967,0.0,0.0,nan,0,0.11980645568894159,-0.6026128675206481,-0.25409324539152695,0.0,0.0,nan,0,-0.15980754871512334,-2.5025872174636032e-06,-6.445263347346007e-05,0.0,0.0,nan,0,-0.040000003741236245,-4.0588819722466125,2.1844427841179126e-15,-5.1606116887640334e-05,2
3.875,4.0,0.6038833337476062,0.2540932453915298,0.0,0.0,nan,0,0.09937715832770848,-0.6038833337476062,-0.25409324539152706,0.0,0.0,nan,0,-0.13937825135389023,-2.4877120797690833e-06,7.19715742910774e-06,0.0,0.0,nan,0,-0.03999998115486519,-4.107931972246612,2.2554970576939227e-15,7.357894638087166e-06,2
3.88,4.0,0.6051537999745642,0.25409324539152967,0.0,0.0,nan,0,0.07870261096647536,-0.6051537999745642,-0.25409324539152695,0.0,0.0,nan,0,-0.11870370399265712,-2.5099056401994835e-06,9.667476979231542e-06,0.0,0.0,nan,0,-0.039999989001947366,-4.156981972246611,2.3585257543791373e-15,9.308334250541062e-06,2
3.8850000000000002,4.0,0.6064242662015222,0.25409324539152983,0.0,0.0,nan,0,0.057782813605242275,-0.6064242662015222,-0.2540932453915271,0.0,0.0,nan,0,-0.09778390663142403,-2.5344262432683284e-06,1.1090230085660936e-05,0.0,0.0,nan,0,-0.03999999873580727,-4.206031972246611,2.514845156246359e-15,1.0675153279056272e-05,1
3.89,4.0,0.6076947324284803,0.25409324539152983,0.0,0.0,nan,0,0.03661776624400921,-0.6076947324284803,-0.2540932453915271,0.0,0.0,nan,0,-0.07661885927019096,-2.5595853556832637e-06,8.028234530267767e-06,0.0,0.0,nan,0,-0.040000009310574486,-4.25508197224661,2.7066916949015856e-15,8.884441885377463e-06,1
3.895,4.0,0.6089651986554383,0.2540932453915298,0.0,0.0,nan,0,0.015207468882776177,-0.6089651986554383,-0.25409324539152706,0.0,0.0,nan,0,-0.05520856190895792,-2.5791160380775335e-06,-8.911854429287413e-06,0.0,0.0,nan,0,-0.04000001612149802,-4.304131972246609,3.0113368928587293e-15,-3.987824864615073e-06,1
3.9,4.0,0.6102355487602554,0.2540674404714702,0.0,0.0,nan,0,0.09291845581047779,-0.6102355487602555,-0.25406744047146745,0.0,0.0,nan,0,-0.13291954883665955,-2.574411188793063e-06,-6.445254528992168e-05,0.0,0.0,nan,0,-0.040000003741782836,17.72827009196109,1.7581171426618523e-15,-5.1605874423100325e-05,2
3.9050000000000002,4.0,0.6115058859626125,0.2540674404714684,0.0,0.0,nan,0,0.1814249187702833,-0.6115058859626126,-0.2540674404714657,0.0,0.0,nan,0,-0.22142601179646504,-2.5595364027929113e-06,7.197074055421151e-06,0.0,0.0,nan,0,-0.03999998115546596,17.67922009196108,1.7661107484391534e-15,7.357870725454411e-06,2
3.91,4.0,0.6127762231649695,0.2540674404714675,0.0,0.0,nan,0,0.2696861317300887,-0.6127762231649696,-0.2540674404714648,0.0,0.0,nan,0,-0.3096872247562705,-2.5817302750710813e-06,9.66738465855432e-06,0.0,0.0,nan,0,-0.03999998900250706,17.630170091961073,1.7785452463149548e-15,9.308298424907047e-06,2
3.915,4.0,0.6140465603673265,0.25406744047146884,0.0,0.0,nan,0,0.3577020946898941,-0.6140465603673266,-0.2540674404714661,0.0,0.0,nan,0,-0.3977031877160759,-2.606251194907372e-06,1.109013329603992e-05,0.0,0.0,nan,0,-0.039999998736325815,17.581120091961065,1.789203387351356e-15,1.067510928468901e-05,2
3.92,4.0,0.6153168975696836,0.2540674404714693,0.0,0.0,nan,0,0.44547280764969943,-0.6153168975696837,-0.25406744047146657,0.0,0.0,nan,0,-0.4854739006758812,-2.631410623642194e-06,8.028141756377478e-06,0.0,0.0,nan,0,-0.04000000931104791,17.532070091961057,1.804302420486258e-15,8.884401318811352e-06,2
3.9250000000000003,4.0,0.6165872347720406,0.2540674404714675,0.0,0.0,nan,0,0.5329982706095047,-0.6165872347720407,-0.2540674404714648,0.0,0.0,nan,0,-0.5729993636356865,-2.650941632060394e-06,-8.911913709361913e-06,0.0,0.0,nan,0,-0.04000001612193825,17.48302009196105,1.8220659888802604e-15,-3.9878150873134364e-06,2
3.93,4.0,0.6178575719743976,0.2540674404714675,0.0,0.0,nan,0,0.6202784835693098,-0.6178575719743977,-0.2540674404714648,0.0,0.0,nan,0,-0.6602795765954916,-2.64623708993994e-06,-6.445249388638194e-05,0.0,0.0,nan,0,-0.04000000374220952,17.43397009196104,1.8300595946575623e-15,-5.16056650577264e-05,2
3.935,4.0,0.6191279091767546,0.25406744047146707,0.0,0.0,nan,0,0.7073134465291151,-0.6191279091767548,-0.25406744047146435,0.0,0.0,nan,0,-0.7473145395552969,-2.631362762964967e-06,7.196980290567939e-06,0.0,0.0,nan,0,-0.03999998115603971,17.384920091961032,1.863810374606167e-15,7.357837827493615e-06,2
3.94,4.0,0.6203982463791117,0.25406744047146707,0.0,0.0,nan,0,0.7941031594889203,-0.6203982463791118,-0.25406744047146435,0.0,0.0,nan,0,-0.8341042525151021,-2.6535569711584606e-06,9.66729023788446e-06,0.0,0.0,nan,0,-0.03999998900306101,17.335870091961024,1.894008440875971e-15,9.30826066013441e-06,2
3.9450000000000003,4.0,0.6216685835814687,0.2540674404714675,0.0,0.0,nan,0,0.8806476224487253,-0.6216685835814688,-0.2540674404714648,0.0,0.0,nan,0,-0.9206487154749071,-2.6780782125500335e-06,1.109003609225302e-05,0.0,0.0,nan,0,-0.03999999873684319,17.286820091961015,1.9393055402806775e-15,1.0675064871781002e-05,2
3.95,4.0,0.6229389207838257,0.25406744047146795,0.0,0.0,nan,0,0.9669468354085303,-0.6229389207838258,-0.25406744047146523,0.0,0.0,nan,0,-1.006947928434712,-2.7032379585276156e-06,8.028048906274596e-06,0.0,0.0,nan,0,-0.04000000931152117,17.237770091961007,1.996148959141485e-15,8.884360660203322e-06,2
3.955,4.0,0.6242092579861828,0.2540674404714675,0.0,0.0,nan,0,1.0530007983683354,-0.6242092579861829,-0.2540674404714648,0.0,0.0,nan,0,-1.0930018913945172,-2.722769293111993e-06,-8.911972996293545e-06,0.0,0.0,nan,0,-0.040000016122378516,17.188720091961,2.0618741621992943e-15,-3.987805326514155e-06,2
3.96,4.0,0.6254795951885398,0.25406744047146884,0.0,0.0,nan,0,1.1388095113281405,-0.6254795951885399,-0.2540674404714661,0.0,0.0,nan,0,-1.1788106043543223,-2.7180651278185808e-06,-6.445242406539006e-05,0.0,0.0,nan,0,-0.04000000374269623,17.13967009196099,2.17112010782241e-15,-5.160543912544197e-05,2
3.9650000000000003,4.0,0.6267499323908968,0.25406744047146573,0.0,0.0,nan,0,1.2243729742879452,-0.6267499323908969,-0.254067440471463,0.0,0.0,nan,0,-1.264374067314127,-2.7031912061444008e-06,7.1968917343563005e-06,0.0,0.0,nan,0,-0.039999981156627076,17.090620091960982,2.287471480803127e-15,7.357809412408212e-06,2
3.97,4.0,0.6280202695932539,0.2540674404714666,0.0,0.0,nan,0,1.3096911872477501,-0.628020269593254,-0.2540674404714639,0.0,0.0,nan,0,-1.349692280273932,-2.7253857381344393e-06,9.667196879635225e-06,0.0,0.0,nan,0,-0.03999998900361795,17.041570091960974,2.4269154926960466e-15,9.3082238715409e-06,2
3.975,4.0,0.6292906067956109,0.25406744047146707,0.0,0.0,nan,0,1.3947641502075552,-0.629290606795611,-0.25406744047146435,0.0,0.0,nan,0,-1.434765243233737,-2.749907298607579e-06,1.1089939107336896e-05,0.0,0.0,nan,0,-0.039999998737361236,16.992520091960966,2.514845156246359e-15,1.0675020667723689e-05,1
3.98,4.0,0.6305609439979679,0.2540674404714684,0.0,0.0,nan,0,1.47959186316736,-0.630560943997968,-0.25406744047146573,0.0,0.0,nan,0,-1.5195929561935417,-2.775067361286687e-06,8.027956106071056e-06,0.0,0.0,nan,0,-0.040000009311994586,16.943470091960958,2.5317205462206616e-15,8.884320044687034e-06,1
3.985,4.0,0.631831281200325,0.2540674404714693,0.0,0.0,nan,0,1.5641743261271646,-0.6318312812003251,-0.25406744047146657,0.0,0.0,nan,0,-1.6041754191533464,-2.7945990218880556e-06,-8.912032264415998e-06,0.0,0.0,nan,0,-0.04000001612281884,16.89442009196095,2.7555415079850926e-15,-3.987795559144137e-06,1
3.99,4.0,0.633101618402682,0.2540674404714706,0.0,0.0,nan,0,1.6485115390869693,-0.6331016184026821,-0.2540674404714679,0.0,0.0,nan,0,-1.6885126321131512,-2.7898952333522964e-06,-6.445235422342331e-05,0.0,0.0,nan,0,-0.04000000374318303,16.84537009196094,3.0282122828330318e-15,-5.160521319189454e-05,1
3.995,4.0,0.634371955605039,0.2540674404714706,0.0,0.0,nan,0,1.732603502046774,-0.6343719556050391,-0.2540674404714679,0.0,0.0,nan,0,-1.7726045950729559,-2.775021716930337e-06,7.196803187714066e-06,0.0,0.0,nan,0,-0.03999998115721451,16.796320091960933,1.7590053210815528e-15,7.357781008441918e-06,2
4.0,4.0,0.635642292807396,0.2540674404714715,0.0,0.0,nan,0,1.8164502150065787,-0.6356422928073961,-0.2540674404714688,0.0,0.0,nan,0,-1.8564513080327605,-2.797216572671818e-06,9.667103529989776e-06,0.0,0.0,nan,0,-0.03999998900417493,16.747270091960925,1.773216175796755e-15,9.308187071711042e-06,2
4.005,4.0,0.6369126300097531,0.2540674404714724,0.0,0.0,nan,0,1.9000516779663832,-0.6369126300097532,-0.2540674404714697,0.0,0.0,nan,0,-1.940052770992565,-2.821738452177952e-06,1.1089842130142521e-05,0.0,0.0,nan,0,-0.03999999873787935,16.698220091960916,1.781209781574057e-15,1.0674976455862839e-05,2
4.01,4.0,0.6381829672121101,0.25406744047146923,0.0,0.0,nan,0,1.9834078909261876,-0.6381829672121102,-0.2540674404714665,0.0,0.0,nan,0,-2.0234089839523692,-2.8468988315134836e-06,8.027863313704971e-06,0.0,0.0,nan,0,-0.04000000931246808,16.649170091960908,1.7927561010301587e-15,8.884279426482224e-06,2
4.015,4.0,0.6394533044144671,0.2540674404714697,0.0,0.0,nan,0,2.066518853885992,-0.6394533044144672,-0.25406744047146695,0.0,0.0,nan,0,-2.1065199469121736,-2.866430818076332e-06,-8.912091522565382e-06,0.0,0.0,nan,0,-0.04000001612325924,16.6001200919609,1.8140723831029618e-15,-3.9877857879620596e-06,2
4.0200000000000005,4.0,0.6407236416168242,0.25406744047147195,0.0,0.0,nan,0,2.1493845668457974,-0.6407236416168243,-0.25406744047146923,0.0,0.0,nan,0,-2.189385659871979,-2.861727406253123e-06,-6.445228436126302e-05,0.0,0.0,nan,0,-0.04000000374366987,16.55107009196089,1.8362768435954644e-15,-5.160498723689584e-05,2
4.025,4.0,0.6419939788191812,0.25406744047147106,0.0,0.0,nan,0,2.232005029805601,-0.6419939788191813,-0.25406744047146834,0.0,0.0,nan,0,-2.2720061228317827,-2.846854295027873e-06,7.196714650329392e-06,0.0,0.0,nan,0,-0.039999981157801984,16.502020091960883,1.854928590409167e-15,7.357752598298339e-06,2
4.03,4.0,0.6432643160215382,0.2540674404714688,0.0,0.0,nan,0,2.3143802427654054,-0.6432643160215383,-0.25406744047146607,0.0,0.0,nan,0,-2.354381335791587,-2.869049474472224e-06,9.667010189116658e-06,0.0,0.0,nan,0,-0.039999989004731965,16.452970091960875,1.8869030135183715e-15,9.308150270753206e-06,2
4.035,4.0,0.6445346532238952,0.254067440471471,0.0,0.0,nan,0,2.3965102057252103,-0.6445346532238954,-0.2540674404714683,0.0,0.0,nan,0,-2.436511298751392,-2.8935716729627803e-06,1.1089745160960688e-05,0.0,0.0,nan,0,-0.03999999873839752,16.403920091960867,1.9277592208245775e-15,1.0674932245031401e-05,2
4.04,4.0,0.6458049904262523,0.25406744047147056,0.0,0.0,nan,0,2.478394918685014,-0.6458049904262524,-0.25406744047146784,0.0,0.0,nan,0,-2.5183960117111956,-2.918732368892285e-06,8.027770529205358e-06,0.0,0.0,nan,0,-0.040000009312941634,16.35487009196086,1.9881553533641857e-15,8.884238800147035e-06,2
4.045,4.0,0.6470753276286093,0.2540674404714728,0.0,0.0,nan,0,2.560034381644819,-0.6470753276286094,-0.25406744047147006,0.0,0.0,nan,0,-2.6000354746710004,-2.938264681364572e-06,-8.912150770279855e-06,0.0,0.0,nan,0,-0.040000016123699716,16.30582009196085,2.044998772224994e-15,-3.987776020643555e-06,2
4.05,4.0,0.6483456648309663,0.2540674404714719,0.0,0.0,nan,0,2.641428594604623,-0.6483456648309665,-0.2540674404714692,0.0,0.0,nan,0,-2.681429687630805,-2.9335616462192182e-06,-6.445221447954388e-05,0.0,0.0,nan,0,-0.04000000374415676,16.256770091960842,2.138257506293507e-15,-5.160476126803356e-05,2
4.055,4.0,0.6496160020333234,0.25406744047147006,0.0,0.0,nan,0,2.722577557564427,-0.6496160020333235,-0.25406744047146734,0.0,0.0,nan,0,-2.7625786505906085,-2.918688940159453e-06,7.196626122017414e-06,0.0,0.0,nan,0,-0.039999981158389514,16.207720091960834,2.2252989914241194e-15,7.357724187306551e-06,2
4.0600000000000005,4.0,0.6508863392356804,0.25406744047147095,0.0,0.0,nan,0,2.8034812705242316,-0.6508863392356805,-0.25406744047146823,0.0,0.0,nan,0,-2.843482363550413,-2.9408844432581016e-06,9.666916856406059e-06,0.0,0.0,nan,0,-0.039999989005289054,16.158670091960825,2.3825065717110416e-15,9.308113463450213e-06,2
4.065,4.0,0.6521566764380374,0.25406744047147095,0.0,0.0,nan,0,2.8841397334840355,-0.6521566764380375,-0.25406744047146823,0.0,0.0,nan,0,-2.924140826510217,-2.9654069606740996e-06,1.1089648199633637e-05,0.0,0.0,nan,0,-0.03999999873891576,16.109620091960817,2.5956693924390715e-15,1.0674888027765099e-05,1
4.07,4.0,0.6534270136403945,0.2540674404714754,0.0,0.0,nan,0,2.964552946443839,-0.6534270136403946,-0.25406744047147267,0.0,0.0,nan,0,-3.0045540394700208,-2.9905679731559442e-06,8.027677752443131e-06,0.0,0.0,nan,0,-0.040000009313415255,16.06057009196081,2.900314590396215e-15,8.884198182340132e-06,1
4.075,4.0,0.6546973508427515,0.2540674404714754,0.0,0.0,nan,0,3.044720909403644,-0.6546973508427516,-0.25406744047147267,0.0,0.0,nan,0,-3.0847220024298254,-3.010100611496036e-06,-8.912210007805437e-06,0.0,0.0,nan,0,-0.040000016124140225,16.0115200919608,3.1561099752698507e-15,-3.987766249594704e-06,1
4.08,4.0,0.6559676880451085,0.25406744047147317,0.0,0.0,nan,0,3.1246436223634473,-0.6559676880451086,-0.25406744047147045,0.0,0.0,nan,0,-3.164644715389629,-3.005397952959149e-06,-6.445214457794356e-05,0.0,0.0,nan,0,-0.040000003744643714,15.962470091960792,1.763446213180054e-15,-5.1604535292568554e-05,2
4.085,4.0,0.6572380252474656,0.2540674404714727,0.0,0.0,nan,0,3.2043210853232513,-0.6572380252474657,-0.25406744047147,0.0,0.0,nan,0,-3.244322178349433,-2.9905256520058876e-06,7.196537602998441e-06,0.0,0.0,nan,0,-0.03999998115897713,15.913420091960793,1.7678871052785544e-15,7.35769577427551e-06,2
4.09,4.0,0.6585083624498226,0.25406744047147595,0.0,0.0,nan,0,3.283753298283056,-0.6585083624498227,-0.2540674404714732,0.0,0.0,nan,0,-3.3237543913092376,-3.012721478703323e-06,9.666823532410226e-06,0.0,0.0,nan,0,-0.039999989005846226,15.864370091960792,1.779433424734656e-15,9.308076662981762e-06,2
4.095,4.0,0.6597786996521796,0.2540674404714769,0.0,0.0,nan,0,3.3629402612428594,-0.6597786996521797,-0.25406744047147417,0.0,0.0,nan,0,-3.402941354269041,-3.0372443149996597e-06,1.1089551246116343e-05,0.0,0.0,nan,0,-0.03999999873943404,15.815320091960789,1.7936442794498584e-15,1.0674843810793682e-05,2
4.1,4.0,0.6610490368545366,0.25406744047147867,0.0,0.0,nan,0,3.4418819742026634,-0.6610490368545368,-0.25406744047147595,0.0,0.0,nan,0,-3.481883067228845,-3.062405643978333e-06,8.027584983839418e-06,0.0,0.0,nan,0,-0.04000000931388891,15.766270091960784,1.8122960262635613e-15,8.884157557749335e-06,2
4.105,4.0,0.6623193740568937,0.2540674404714805,0.0,0.0,nan,0,3.5205784371624675,-0.6623193740568938,-0.2540674404714778,0.0,0.0,nan,0,-3.560579530188649,-3.0819386081307187e-06,-8.91226923511608e-06,0.0,0.0,nan,0,-0.04000001612458078,15.717220091960776,1.837165022015165e-15,-3.987756478752788e-06,2
4.11,4.0,0.6635897112592507,0.25406744047148094,0.0,0.0,nan,0,3.599029650122271,-0.6635897112592508,-0.2540674404714782,0.0,0.0,nan,0,-3.6390307431484525,-3.077236326167604e-06,-6.445207465646875e-05,0.0,0.0,nan,0,-0.04000000374513072,15.668170091960775,1.8602576609273675e-15,-5.16043093043271e-05,2
4.115,4.0,0.6648600484616077,0.25406744047148183,0.0,0.0,nan,0,3.6772356130820754,-0.6648600484616078,-0.2540674404714791,0.0,0.0,nan,0,-3.717236706108257,-3.062364430286152e-06,7.196449093123546e-06,0.0,0.0,nan,0,-0.03999998115956478,15.619120091960776,1.8931202624562725e-15,7.357667360090726e-06,2
4.12,4.0,0.6661303856639648,0.2540674404714823,0.0,0.0,nan,0,3.755196326041879,-0.6661303856639649,-0.25406744047147956,0.0,0.0,nan,0,-3.7951974190680606,-3.0845605805303322e-06,9.666730216881896e-06,0.0,0.0,nan,0,-0.039999989006403426,15.570070091960776,1.94374643237918e-15,9.308039855661007e-06,2
4.125,4.0,0.6674007228663218,0.2540674404714845,0.0,0.0,nan,0,3.832911789001683,-0.6674007228663219,-0.2540674404714818,0.0,0.0,nan,0,-3.8729128820278644,-3.109083735654966e-06,1.1089454300543768e-05,0.0,0.0,nan,0,-0.039999998739952386,15.521020091960771,2.039669701706793e-15,1.0674799585122552e-05,2
4.13,4.0,0.6686710600686788,0.25406744047148583,0.0,0.0,nan,0,3.910382001961487,-0.6686710600686789,-0.2540674404714831,0.0,0.0,nan,0,-3.950383094987669,-3.134245381074957e-06,8.027492222958517e-06,0.0,0.0,nan,0,-0.04000000931436265,15.471970091960765,2.0920722284691007e-15,8.884116928468056e-06,2
4.135,4.0,0.6699413972710359,0.2540674404714881,0.0,0.0,nan,0,3.9876069649212904,-0.669941397271036,-0.2540674404714854,0.0,0.0,nan,0,-4.027608057947472,-3.153778670980656e-06,-8.912328452397073e-06,0.0,0.0,nan,0,-0.04000001612502142,15.422920091960762,2.209311779869517e-15,-3.987746710335604e-06,2
4.14,4.0,0.6712117344733929,0.25406744047148855,0.0,0.0,nan,0,4.064586677881095,-0.671211734473393,-0.25406744047148583,0.0,0.0,nan,0,-4.104587770907276,-3.14907676554968e-06,-6.445200471543254e-05,0.0,0.0,nan,0,-0.040000003745617824,15.37387009196076,2.327439509689634e-15,-5.1604083308107147e-05,2
4.1450000000000005,4.0,0.6724820716757499,0.25406744047148766,0.0,0.0,nan,0,4.141321140840898,-0.67248207167575,-0.25406744047148494,0.0,0.0,nan,0,-4.181322233867079,-3.1342052746879956e-06,7.1963605922784574e-06,0.0,0.0,nan,0,-0.03999998116015256,15.324820091960758,2.4828707331371558e-15,7.357638942595696e-06,1
4.15,4.0,0.673752408878107,0.25406744047148766,0.0,0.0,nan,0,4.217810353800703,-0.6737524088781071,-0.25406744047148494,0.0,0.0,nan,0,-4.257811446826884,-3.156401748440757e-06,9.66663690981406e-06,0.0,0.0,nan,0,-0.03999998900696077,15.275770091960752,2.6907044833469847e-15,9.308003048168839e-06,1
4.155,4.0,0.675022746080464,0.2540674404714899,0.0,0.0,nan,0,4.294054316760506,-0.6750227460804641,-0.25406744047148716,0.0,0.0,nan,0,-4.3340554097866875,-3.1809252223347073e-06,1.1089357362753417e-05,0.0,0.0,nan,0,-0.03999999874047083,15.22672009196075,2.8674519888673095e-15,1.0674755371980067e-05,1
4.16,4.0,0.676293083282821,0.2540674404714899,0.0,0.0,nan,0,4.370053029720309,-0.6762930832828211,-0.25406744047148716,0.0,0.0,nan,0,-4.410054122746491,-3.206087184143974e-06,8.027399469866909e-06,0.0,0.0,nan,0,-0.04000000931483645,15.17767009196075,3.1410109421349483e-15,8.884076301549334e-06,1
4.165,4.0,0.677563420485178,0.2540674404714903,0.0,0.0,nan,0,4.445806492680114,-0.6775634204851781,-0.2540674404714876,0.0,0.0,nan,0,-4.485807585706295,-3.225620799761353e-06,-8.912387659235855e-06,0.0,0.0,nan,0,-0.04000001612546211,15.128620091960752,1.7634462131800545e-15,-3.987736940603921e-06,2
4.17,4.0,0.6788337576875351,0.2540674404714912,0.0,0.0,nan,0,4.5213147056399166,-0.6788337576875352,-0.2540674404714885,0.0,0.0,nan,0,-4.561315798666098,-3.2209192708000656e-06,-6.445193475416988e-05,0.0,0.0,nan,0,-0.04000000374610496,15.079570091960743,1.7732161757967558e-15,-5.160385729987368e-05,2
4.175,4.0,0.6801040948898921,0.2540674404714921,0.0,0.0,nan,0,4.59657766859972,-0.6801040948898922,-0.2540674404714894,0.0,0.0,nan,0,-4.636578761625902,-3.206048184919985e-06,7.196272100726203e-06,0.0,0.0,nan,0,-0.039999981160740355,15.030520091960739,1.7927561010301587e-15,7.357610524693888e-06,2
4.18,4.0,0.6813744320922491,0.2540674404714935,0.0,0.0,nan,0,4.671595381559524,-0.6813744320922492,-0.25406744047149077,0.0,0.0,nan,0,-4.711596474585706,-3.2282449821188774e-06,9.66654361107582e-06,0.0,0.0,nan,0,-0.03999998900751812,14.98147009196074,1.8131842046832613e-15,9.30796624545152e-06,2
4.1850000000000005,4.0,0.6826447692946062,0.2540674404714908,0.0,0.0,nan,0,4.746367844519328,-0.682644769294606,-0.2540674404714881,0.0,0.0,nan,0,-4.786368937545509,-3.2527687747370415e-06,1.1089260432934336e-05,0.0,0.0,nan,0,-0.039999998740989286,14.932420091960735,1.8371650220151645e-15,1.0674711149957576e-05,2
4.19,4.0,0.6839151064969632,0.2540674404714926,0.0,0.0,nan,0,4.820895057479132,-0.6839151064969631,-0.2540674404714899,0.0,0.0,nan,0,-4.860896150505313,-3.277931052880073e-06,8.027306724831213e-06,0.0,0.0,nan,0,-0.04000000931531027,14.88337009196073,1.8584813040879675e-15,8.88403567098375e-06,2
4.195,4.0,0.6851854436993202,0.25406744047149354,0.0,0.0,nan,0,4.895177020438935,-0.6851854436993201,-0.2540674404714908,0.0,0.0,nan,0,-4.935178113465117,-3.297464994150151e-06,-8.91244685591405e-06,0.0,0.0,nan,0,-0.04000001612590284,14.834320091960732,1.9011138682335735e-15,-3.987727169506218e-06,2
4.2,4.0,0.6864557809016772,0.254067440471494,0.0,0.0,nan,0,4.969213733398739,-0.6864557809016771,-0.25406744047149127,0.0,0.0,nan,0,-5.0092148264249206,-3.2927638416099803e-06,-6.445186477354867e-05,0.0,0.0,nan,0,-0.04000000374659214,14.785270091960728,1.956180930254981e-15,-5.160363127812571e-05,2
4.205,4.0,0.6877261181040343,0.2540674404714931,0.0,0.0,nan,0,5.043005196358543,-0.6877261181040342,-0.2540674404714904,0.0,0.0,nan,0,-5.083006289384724,-3.2778931606629313e-06,7.196183618284066e-06,0.0,0.0,nan,0,-0.039999981161328205,14.736220091960725,2.0307879175097917e-15,7.357582115921654e-06,2
4.21,4.0,0.6889964553063913,0.25406744047149044,0.0,0.0,nan,0,5.116551409318346,-0.6889964553063912,-0.2540674404714877,0.0,0.0,nan,0,-5.156552502344527,-3.300090281255913e-06,9.666450321232757e-06,0.0,0.0,nan,0,-0.0399999890080755,14.687170091960722,2.0609859837795966e-15,9.307929426975243e-06,2
4.215,4.0,0.6902667925087483,0.25406744047148955,0.0,0.0,nan,0,5.18985237227815,-0.6902667925087482,-0.2540674404714868,0.0,0.0,nan,0,-5.229853465304331,-3.3246143925427796e-06,1.108916351089949e-05,0.0,0.0,nan,0,-0.03999999874150781,14.638120091960717,2.169343750983012e-15,1.06746669228245e-05,2
4.22,4.0,0.6915371297111054,0.25406744047148866,0.0,0.0,nan,0,5.262908085237954,-0.6915371297111053,-0.25406744047148594,0.0,0.0,nan,0,-5.3029091782641355,-3.349776986974473e-06,8.027213987643092e-06,0.0,0.0,nan,0,-0.04000000931578416,14.589070091960718,2.2475034519166233e-15,8.883995038361144e-06,2
4.225,4.0,0.6928074669134624,0.2540674404714891,0.0,0.0,nan,0,5.3357185481977565,-0.6928074669134623,-0.2540674404714864,0.0,0.0,nan,0,-5.375719641223938,-3.369311253848678e-06,-8.912506042248251e-06,0.0,0.0,nan,0,-0.040000016126343615,14.540020091960718,2.3736247875140406e-15,-3.987717396982094e-06,2
4.23,4.0,0.6940778041158194,0.2540674404714873,0.0,0.0,nan,0,5.408283761157561,-0.6940778041158193,-0.2540674404714846,0.0,0.0,nan,0,-5.4482848541837425,-3.364610477684521e-06,-6.445179477303311e-05,0.0,0.0,nan,0,-0.04000000374707936,14.490970091960715,2.4668835215825533e-15,-5.160340524799243e-05,1
4.235,4.0,0.6953481413181765,0.254067440471486,0.0,0.0,nan,0,5.480603724117365,-0.6953481413181763,-0.2540674404714833,0.0,0.0,nan,0,-5.520604817143546,-3.34974020162887e-06,7.1960951450451935e-06,0.0,0.0,nan,0,-0.03999998116191611,14.441920091960712,2.6267556371285756e-15,7.357553688273868e-06,1
4.24,4.0,0.6966184785205335,0.2540674404714882,0.0,0.0,nan,0,5.552678437077168,-0.6966184785205334,-0.2540674404714855,0.0,0.0,nan,0,-5.592679530103349,-3.3719376455708383e-06,9.666357039672011e-06,0.0,0.0,nan,0,-0.03999998900863297,14.392870091960711,2.818602175783803e-15,9.307892614467544e-06,1
4.245,4.0,0.6978888157228905,0.2540674404714891,0.0,0.0,nan,0,5.6245079000369715,-0.6978888157228904,-0.2540674404714864,0.0,0.0,nan,0,-5.664508993063153,-3.3964620754813046e-06,1.1089066596841958e-05,0.0,0.0,nan,0,-0.039999998742026394,14.343820091960707,3.108148340606044e-15,1.0674622695869075e-05,1
4.25,4.0,0.6991591529252476,0.25406744047149044,0.0,0.0,nan,0,5.696092112996775,-0.6991591529252474,-0.2540674404714877,0.0,0.0,nan,0,-5.736093206022956,-3.421624986153088e-06,8.027121258228892e-06,0.0,0.0,nan,0,-0.04000000931625812,14.294770091960705,1.7616698563406542e-15,8.883954404079433e-06,2
4.255,4.0,0.7004294901276046,0.25406744047148955,0.0,0.0,nan,0,5.767431075956578,-0.7004294901276045,-0.2540674404714868,0.0,0.0,nan,0,-5.80743216898276,-3.441159578579378e-06,-8.912565218496405e-06,0.0,0.0,nan,0,-0.04000001612678447,14.245720091960703,1.768775283698255e-15,-3.987707624747512e-06,2
4.26,4.0,0.7016998273299616,0.25406744047149044,0.0,0.0,nan,0,5.8385247889163825,-0.7016998273299615,-0.2540674404714877,0.0,0.0,nan,0,-5.878525881942564,-3.436459178746132e-06,-6.445172475251508e-05,0.0,0.0,nan,0,-0.04000000374756667,14.196670091960701,1.7847624952528577e-15,-5.160317920323529e-05,2
4.265,4.0,0.7029701645323186,0.25406744047149177,0.0,0.0,nan,0,5.909373251876185,-0.7029701645323185,-0.25406744047148905,0.0,0.0,nan,0,-5.949374344902367,-3.421589307533307e-06,7.196006680952528e-06,0.0,0.0,nan,0,-0.039999981162504104,14.147620091960695,1.7971969931286597e-15,7.357525268297272e-06,2
4.2700000000000005,4.0,0.7042405017346757,0.25406744047149,0.0,0.0,nan,0,5.979976464835988,-0.7042405017346756,-0.25406744047148727,0.0,0.0,nan,0,-6.01997755786217,-3.44378707477222e-06,9.666263766482545e-06,0.0,0.0,nan,0,-0.039999989009190516,14.098570091960687,1.8158487399423626e-15,9.307855798942689e-06,2
4.275,4.0,0.7055108389370327,0.2540674404714913,0.0,0.0,nan,0,6.050334427795792,-0.7055108389370326,-0.2540674404714886,0.0,0.0,nan,0,-6.090335520821974,-3.468311823250775e-06,1.1088969690494635e-05,0.0,0.0,nan,0,-0.03999999874254506,14.04952009196068,1.8433822709530666e-15,1.0674578466028838e-05,2
4.28,4.0,0.7067811761393897,0.2540674404714909,0.0,0.0,nan,0,6.120447140755595,-0.7067811761393896,-0.25406744047148816,0.0,0.0,nan,0,-6.160448233781777,-3.4934750501001977e-06,8.027028536580593e-06,0.0,0.0,nan,0,-0.04000000931673214,14.000470091960672,1.8833502998395718e-15,8.883913766553196e-06,2
4.285,4.0,0.7080515133417468,0.25406744047149,0.0,0.0,nan,0,6.190314603715398,-0.7080515133417467,-0.25406744047148727,0.0,0.0,nan,0,-6.23031569674158,-3.513009968023062e-06,-8.912624384443109e-06,0.0,0.0,nan,0,-0.040000016127225355,13.951420091960665,1.9153247229487763e-15,-3.987697848837658e-06,2
4.29,4.0,0.7093218505441038,0.25406744047149,0.0,0.0,nan,0,6.259936816675202,-0.7093218505441037,-0.25406744047148727,0.0,0.0,nan,0,-6.2999379097013835,-3.508309944475624e-06,-6.44516547121491e-05,0.0,0.0,nan,0,-0.040000003748054014,13.902370091960657,1.9437464323791808e-15,-5.160295314859185e-05,2
4.295,4.0,0.7105921877464608,0.25406744047149,0.0,0.0,nan,0,6.3293137796350045,-0.7105921877464607,-0.25406744047148727,0.0,0.0,nan,0,-6.369314872661186,-3.493440478060522e-06,7.195918226089788e-06,0.0,0.0,nan,0,-0.03999998116309213,13.85332009196065,2.0272352038309928e-15,7.357496844317651e-06,2
4.3,4.0,0.7118625249488179,0.2540674404714868,0.0,0.0,nan,0,6.398445492594808,-0.7118625249488177,-0.2540674404714841,0.0,0.0,nan,0,-6.43844658562099,-3.5156385685408686e-06,9.666170501988498e-06,0.0,0.0,nan,0,-0.03999998900974809,13.804270091960644,2.0911840500494023e-15,9.307818982599818e-06,2
4.305,4.0,0.7131328621511749,0.25406744047148727,0.0,0.0,nan,0,6.467331955554611,-0.7131328621511748,-0.25406744047148455,0.0,0.0,nan,0,-6.507333048580793,-3.5401636355354704e-06,1.108887279229197e-05,0.0,0.0,nan,0,-0.039999998743063744,13.75522009196064,2.1311520789359082e-15,1.0674534235447862e-05,2
4.3100000000000005,4.0,0.7144031993535319,0.2540674404714886,0.0,0.0,nan,0,6.535973168514414,-0.7144031993535318,-0.2540674404714859,0.0,0.0,nan,0,-6.575974261540596,-3.565327178524369e-06,8.026935822979715e-06,0.0,0.0,nan,0,-0.040000009317206174,13.706170091960644,2.247503451916625e-15,8.883873128196516e-06,2
4.315,4.0,0.715673536555889,0.25406744047148816,0.0,0.0,nan,0,6.604369131474218,-0.7156735365558888,-0.25406744047148544,0.0,0.0,nan,0,-6.6443702245004,-3.5848624218987046e-06,-8.912683540102792e-06,0.0,0.0,nan,0,-0.04000001612766631,13.657120091960643,2.3984937832656465e-15,-3.987688080423135e-06,2
4.32,4.0,0.716943873758246,0.2540674404714864,0.0,0.0,nan,0,6.672519844434021,-0.7169438737582459,-0.25406744047148366,0.0,0.0,nan,0,-6.712520937460202,-3.580162774585033e-06,-6.445158465216306e-05,0.0,0.0,nan,0,-0.04000000374854143,13.60807009196064,2.5628067909101697e-15,-5.160272708337197e-05,1
4.325,4.0,0.718214210960603,0.25406744047148905,0.0,0.0,nan,0,6.740425307393824,-0.7182142109606029,-0.2540674404714863,0.0,0.0,nan,0,-6.780426400420006,-3.5652937129156126e-06,7.19582978054e-06,0.0,0.0,nan,0,-0.03999998116368024,13.559020091960635,2.723567084875892e-15,7.357468424367709e-06,1
4.33,4.0,0.71948454816296,0.2540674404714895,0.0,0.0,nan,0,6.808085520353628,-0.7194845481629599,-0.25406744047148677,0.0,0.0,nan,0,-6.8480866133798095,-3.5874921265888204e-06,9.666077245969998e-06,0.0,0.0,nan,0,-0.039999989010305735,13.509970091960632,2.9793624697495275e-15,9.307782163763847e-06,1
4.335,4.0,0.7207548853653171,0.25406744047148816,0.0,0.0,nan,0,6.87550048331343,-0.720754885365317,-0.25406744047148544,0.0,0.0,nan,0,-6.9155015763396115,-3.6120175120474274e-06,1.1088775901761457e-05,0.0,0.0,nan,0,-0.03999999874358251,13.46092009196063,1.758117142661855e-15,1.0674490003291264e-05,2
4.34,4.0,0.7220252225676741,0.2540674404714895,0.0,0.0,nan,0,6.942670196273234,-0.722025222567674,-0.25406744047148677,0.0,0.0,nan,0,-6.982671289299415,-3.6371813711064127e-06,8.026843117231086e-06,0.0,0.0,nan,0,-0.040000009317680295,13.411870091960628,1.7652225700194557e-15,8.88383248846849e-06,2
4.345,4.0,0.7232955597700311,0.2540674404714886,0.0,0.0,nan,0,7.009594659233037,-0.723295559770031,-0.2540674404714859,0.0,0.0,nan,0,-7.0495957522592185,-3.656716939880178e-06,-8.912742685519673e-06,0.0,0.0,nan,0,-0.04000001612810731,13.362820091960625,1.7785452463149575e-15,-3.987678308706363e-06,2
4.3500000000000005,4.0,0.7245658969723882,0.2540674404714877,0.0,0.0,nan,0,7.076273872192839,-0.724565896972388,-0.254067440471485,0.0,0.0,nan,0,-7.116274965219021,-3.6520176687517003e-06,-6.445151457230336e-05,0.0,0.0,nan,0,-0.0400000037490289,13.313770091960624,1.79719699312866e-15,-5.160250100691841e-05,2
4.355,4.0,0.7258362341747452,0.25406744047148505,0.0,0.0,nan,0,7.142707835152644,-0.7258362341747451,-0.25406744047148233,0.0,0.0,nan,0,-7.182708928178825,-3.637149011786328e-06,7.19574134413683e-06,0.0,0.0,nan,0,-0.03999998116426841,13.26472009196062,1.817625096781763e-15,7.357440001661744e-06,2
4.36,4.0,0.7271065713771022,0.25406744047148594,0.0,0.0,nan,0,7.208896548112446,-0.7271065713771021,-0.2540674404714832,0.0,0.0,nan,0,-7.248897641138628,-3.659347748603825e-06,9.665983998501946e-06,0.0,0.0,nan,0,-0.039999989010863435,13.215670091960613,1.825618702559064e-15,9.307745346531916e-06,2
4.365,4.0,0.7283769085794592,0.2540674404714855,0.0,0.0,nan,0,7.274840011072249,-0.7283769085794591,-0.2540674404714828,0.0,0.0,nan,0,-7.314841104098431,-3.6838734524743955e-06,1.108867901937639e-05,0.0,0.0,nan,0,-0.03999999874410132,13.16662009196061,1.855816768828869e-15,1.0674445767983396e-05,2
4.37,4.0,0.7296472457818163,0.2540674404714864,0.0,0.0,nan,0,7.340538224032053,-0.7296472457818162,-0.25406744047148366,0.0,0.0,nan,0,-7.3805393170582345,-3.7090376275583647e-06,8.026750419473645e-06,0.0,0.0,nan,0,-0.04000000931815445,13.117570091960605,1.8815739430001725e-15,8.883791845450647e-06,2
4.375,4.0,0.7309175829841733,0.2540674404714864,0.0,0.0,nan,0,7.405991186991855,-0.7309175829841732,-0.25406744047148366,0.0,0.0,nan,0,-7.445992280018037,-3.7285735216760485e-06,-8.912801820733148e-06,0.0,0.0,nan,0,-0.040000016128548345,13.0685200919606,1.9162129013684775e-15,-3.9876685364487e-06,2
4.38,4.0,0.7321879201865303,0.25406744047148594,0.0,0.0,nan,0,7.471198899951658,-0.7321879201865302,-0.2540674404714832,0.0,0.0,nan,0,-7.51119999297784,-3.723874626687662e-06,-6.445144447261869e-05,0.0,0.0,nan,0,-0.0400000037495164,13.019470091960597,2.00414256491879e-15,-5.160227491873735e-05,2
4.385,4.0,0.7334582573888874,0.2540674404714864,0.0,0.0,nan,0,7.536161362911462,-0.7334582573888873,-0.25406744047148366,0.0,0.0,nan,0,-7.576162455937643,-3.7090063743916435e-06,7.195652916869187e-06,0.0,0.0,nan,0,-0.03999998116485659,12.970420091960593,2.0600978053598978e-15,7.357411575830273e-06,2
4.39,4.0,0.7347285945912444,0.25406744047148727,0.0,0.0,nan,0,7.600878575871264,-0.7347285945912443,-0.25406744047148455,0.0,0.0,nan,0,-7.640879668897446,-3.731205434301388e-06,9.665890759742439e-06,0.0,0.0,nan,0,-0.03999998901142117,12.921370091960585,2.1693437509830134e-15,9.307708525309396e-06,2
4.3950000000000005,4.0,0.7359989317936014,0.25406744047148727,0.0,0.0,nan,0,7.665350538831067,-0.7359989317936013,-0.25406744047148455,0.0,0.0,nan,0,-7.705351631857249,-3.7557314565353495e-06,1.108858214463249e-05,0.0,0.0,nan,0,-0.03999999874462018,12.872320091960582,2.303458692357732e-15,1.0674401522964191e-05,2
4.4,4.0,0.7372692689959585,0.2540674404714864,0.0,0.0,nan,0,7.72957725179087,-0.7372692689959583,-0.25406744047148366,0.0,0.0,nan,0,-7.7695783448170515,-3.780895947592261e-06,8.026657729574898e-06,0.0,0.0,nan,0,-0.04000000931862869,12.823270091960579,2.4189218869187475e-15,8.883751199142108e-06,1
4.405,4.0,0.7385396061983155,0.2540674404714868,0.0,0.0,nan,0,7.793558714750673,-0.7385396061983154,-0.2540674404714841,0.0,0.0,nan,0,-7.8335598077768545,-3.800432166998352e-06,-8.91286094567219e-06,0.0,0.0,nan,0,-0.04000001612898947,12.77422009196058,2.7555415079850953e-15,-3.987658763631474e-06,1
4.41,4.0,0.7398099434006725,0.2540674404714886,0.0,0.0,nan,0,7.857294927710476,-0.7398099434006724,-0.2540674404714859,0.0,0.0,nan,0,-7.897296020736658,-3.795733648094546e-06,-6.445137435297289e-05,0.0,0.0,nan,0,-0.040000003750003996,12.725170091960575,3.0273241044133337e-15,-5.160204881894868e-05,1
4.415,4.0,0.7410802806030296,0.25406744047148994,0.0,0.0,nan,0,7.920785890670278,-0.7410802806030294,-0.2540674404714872,0.0,0.0,nan,0,-7.96078698369646,-3.7808658004089e-06,7.1955644988880615e-06,0.0,0.0,nan,0,-0.0399999811654449,12.676120091960572,1.7598934995012548e-15,7.357383149687943e-06,2
4.42,4.0,0.7423506178053866,0.25406744047148994,0.0,0.0,nan,0,7.984031603630081,-0.7423506178053865,-0.2540674404714872,0.0,0.0,nan,0,-8.024032696656262,-3.8030651833623197e-06,9.665797529006324e-06,0.0,0.0,nan,0,-0.039999989011979,12.627070091960567,1.770551640537656e-15,9.307671702604512e-06,2
4.425,4.0,0.7436209550077436,0.25406744047149016,0.0,0.0,nan,0,8.047032066589885,-0.7436209550077435,-0.25406744047148744,0.0,0.0,nan,0,-8.087033159616066,-3.827591523904161e-06,1.1088485277879043e-05,0.0,0.0,nan,0,-0.039999998745139126,12.578020091960562,1.7749925326361566e-15,1.067435728445711e-05,2
4.43,4.0,0.7448912922101006,0.25406744047148927,0.0,0.0,nan,0,8.109787279549687,-0.7448912922101005,-0.25406744047148655,0.0,0.0,nan,0,-8.149788372575868,-3.852756330885443e-06,8.02656504726538e-06,0.0,0.0,nan,0,-0.040000009319102976,12.528970091960558,1.7892033873513586e-15,8.883710553049389e-06,2
4.4350000000000005,4.0,0.7461616294124577,0.2540674404714888,0.0,0.0,nan,0,8.17229724250949,-0.7461616294124576,-0.2540674404714861,0.0,0.0,nan,0,-8.212298335535671,-3.87229287552443e-06,-8.912920060336754e-06,0.0,0.0,nan,0,-0.04000001612943063,12.479920091960551,1.8025260636468602e-15,-3.987648988313154e-06,2
4.44,4.0,0.7474319666148147,0.25406744047148905,0.0,0.0,nan,0,8.234561955469294,-0.7474319666148146,-0.2540674404714863,0.0,0.0,nan,0,-8.274563048495475,-3.86759473266704e-06,-6.445130421370627e-05,0.0,0.0,nan,0,-0.04000000375049162,12.430870091960548,1.8273950593984634e-15,-5.160182270941937e-05,2
4.445,4.0,0.7487023038171717,0.25406744047148994,0.0,0.0,nan,0,8.296581418429096,-0.7487023038171716,-0.2540674404714872,0.0,0.0,nan,0,-8.336582511455276,-3.852727289557073e-06,7.195476089908741e-06,0.0,0.0,nan,0,-0.03999998116603323,12.381820091960545,1.8531522335697673e-15,7.357354718584237e-06,2
4.45,4.0,0.7499726410195288,0.2540674404714906,0.0,0.0,nan,0,8.358355631388898,-0.7499726410195287,-0.2540674404714879,0.0,0.0,nan,0,-8.398356724415079,-3.874926995491718e-06,9.665704307230055e-06,0.0,0.0,nan,0,-0.0399999890125369,12.332770091960537,1.8895675487774724e-15,9.307634878241385e-06,2
4.455,4.0,0.7512429782218858,0.25406744047148994,0.0,0.0,nan,0,8.419884594348702,-0.7512429782218857,-0.2540674404714872,0.0,0.0,nan,0,-8.459885687374882,-3.899453654292867e-06,1.1088388419258472e-05,0.0,0.0,nan,0,-0.0399999987456581,12.283720091960529,1.9357528266018785e-15,1.0674313047411959e-05,2
4.46,4.0,0.7525133154242428,0.2540674404714897,0.0,0.0,nan,0,8.481168307308504,-0.7525133154242427,-0.254067440471487,0.0,0.0,nan,0,-8.521169400334685,-3.924618777149946e-06,8.026472373374415e-06,0.0,0.0,nan,0,-0.0400000093195773,12.23467009196053,2.0005898512399876e-15,8.883669895797587e-06,2
4.465,4.0,0.7537836526265999,0.25406744047148994,0.0,0.0,nan,0,8.542206770268306,-0.7537836526265997,-0.2540674404714872,0.0,0.0,nan,0,-8.582207863294487,-3.944155646987135e-06,-8.912979164804114e-06,0.0,0.0,nan,0,-0.040000016129871876,12.185620091960523,2.0449987722249933e-15,-3.987639219927064e-06,2
4.47,4.0,0.7550539898289569,0.25406744047148866,0.0,0.0,nan,0,8.60299998322811,-0.7550539898289568,-0.25406744047148594,0.0,0.0,nan,0,-8.64300107625429,-3.939457880117181e-06,-6.445123405436084e-05,0.0,0.0,nan,0,-0.04000000375097934,12.136570091960522,2.0920722284690995e-15,-5.160159659134489e-05,2
4.4750000000000005,4.0,0.7563243270313139,0.25406744047149044,0.0,0.0,nan,0,8.663547946187911,-0.7563243270313138,-0.2540674404714877,0.0,0.0,nan,0,-8.703549039214092,-3.924590841530851e-06,7.195387690346855e-06,0.0,0.0,nan,0,-0.03999998116662168,12.087520091960519,2.147139290490507e-15,7.357326288358057e-06,2
4.48,4.0,0.757594664233671,0.2540674404714913,0.0,0.0,nan,0,8.723850659147715,-0.7575946642336708,-0.2540674404714886,0.0,0.0,nan,0,-8.763851752173895,-3.946790870405087e-06,9.665611093905323e-06,0.0,0.0,nan,0,-0.03999998901309487,12.038470091960514,2.1862191409573127e-15,9.307598050517396e-06,2
4.485,4.0,0.758865001436028,0.25406744047149243,0.0,0.0,nan,0,8.783908122107517,-0.7588650014360279,-0.2540674404714897,0.0,0.0,nan,0,-8.823909215133698,-3.9713178474135025e-06,1.1088291568334785e-05,0.0,0.0,nan,0,-0.039999998746177184,11.98942009196051,2.295465086580428e-15,1.067426880498623e-05,2
4.49,4.0,0.760135338638385,0.2540674404714949,0.0,0.0,nan,0,8.843720335067319,-0.7601353386383849,-0.25406744047149216,0.0,0.0,nan,0,-8.8837214280935,-3.99648328608046e-06,8.026379707193152e-06,0.0,0.0,nan,0,-0.04000000932005171,11.940370091960503,2.4508963100279493e-15,8.883629254665346e-06,1
4.495,4.0,0.761405675840742,0.2540674404714931,0.0,0.0,nan,0,8.903287298027122,-0.7614056758407419,-0.2540674404714904,0.0,0.0,nan,0,-8.943288391053303,-4.016020481053401e-06,-8.913038258752871e-06,0.0,0.0,nan,0,-0.04000001613031313,11.8913200919605,2.59566939243907e-15,-3.987629442077423e-06,1
4.5,4.0,0.7626760130430991,0.25406744047149377,0.0,0.0,nan,0,8.962609010986924,-0.762676013043099,-0.25406744047149105,0.0,0.0,nan,0,-9.002610104013105,-4.011323090125779e-06,-6.445116387537331e-05,0.0,0.0,nan,0,-0.040000003751467055,11.842270091960494,2.8194903542035017e-15,-5.160137045728497e-05,1
4.505,4.0,0.7639463502454561,0.25406744047149377,0.0,0.0,nan,0,9.021685473946727,-0.763946350245456,-0.25406744047149105,0.0,0.0,nan,0,-9.061686566972908,-3.996456456017983e-06,7.19529930002051e-06,0.0,0.0,nan,0,-0.03999998116721015,11.79322009196049,2.996237859723827e-15,7.3572978514083755e-06,1
4.51,4.0,0.7652166874478131,0.25406744047149443,0.0,0.0,nan,0,9.08051668690653,-0.765216687447813,-0.2540674404714917,0.0,0.0,nan,0,-9.12051777993271,-4.0186568077832385e-06,9.66551788903595e-06,0.0,0.0,nan,0,-0.0399999890136529,11.744170091960493,1.7581171426618523e-15,9.307561220577414e-06,2
4.515,4.0,0.7664870246501702,0.2540674404714933,0.0,0.0,nan,0,9.13910264986633,-0.76648702465017,-0.2540674404714906,0.0,0.0,nan,0,-9.179103742892512,-4.043184102943409e-06,1.1088194725165618e-05,0.0,0.0,nan,0,-0.03999999874669631,11.695120091960485,1.7705516405376541e-15,1.0674224555318303e-05,2
4.5200000000000005,4.0,0.7677573618525272,0.25406744047149443,0.0,0.0,nan,0,9.197443362826133,-0.7677573618525271,-0.2540674404714917,0.0,0.0,nan,0,-9.237444455852314,-4.0683498573786114e-06,8.026287048759122e-06,0.0,0.0,nan,0,-0.04000000932052621,11.64607009196048,1.786538852092257e-15,8.883588597515708e-06,2
4.525,4.0,0.7690276990548842,0.2540674404714931,0.0,0.0,nan,0,9.255538825785935,-0.7690276990548841,-0.2540674404714904,0.0,0.0,nan,0,-9.295539918812116,-4.0878873774387314e-06,-8.913097342793844e-06,0.0,0.0,nan,0,-0.04000001613075452,11.597020091960475,1.801637885227159e-15,-3.987619670959281e-06,2
4.53,4.0,0.7702980362572412,0.2540674404714951,0.0,0.0,nan,0,9.313389038745738,-0.7702980362572411,-0.2540674404714924,0.0,0.0,nan,0,-9.353390131771919,-4.083190362415279e-06,-6.445109367645706e-05,0.0,0.0,nan,0,-0.04000000375195493,11.547970091960472,1.8265068809787625e-15,-5.160114430906748e-05,2
4.535,4.0,0.7715683734595983,0.25406744047149665,0.0,0.0,nan,0,9.37099400170554,-0.7715683734595982,-0.25406744047149393,0.0,0.0,nan,0,-9.410995094731721,-4.068324132740914e-06,7.195210918850902e-06,0.0,0.0,nan,0,-0.039999981167798696,11.498920091960473,1.8487113414712656e-15,7.357269425401051e-06,2
4.54,4.0,0.7728387106619553,0.25406744047149576,0.0,0.0,nan,0,9.428353714665343,-0.7728387106619552,-0.25406744047149304,0.0,0.0,nan,0,-9.468354807691524,-4.090524807345147e-06,9.665424692751959e-06,0.0,0.0,nan,0,-0.03999998901421098,11.44987009196047,1.888679370357771e-15,9.30752439126892e-06,2
4.545,4.0,0.7741090478643123,0.2540674404714942,0.0,0.0,nan,0,9.485468177625146,-0.7741090478643122,-0.2540674404714915,0.0,0.0,nan,0,-9.525469270651326,-4.1150524206085e-06,1.1088097890106844e-05,0.0,0.0,nan,0,-0.03999999874721549,11.400820091960465,1.934864648182178e-15,1.0674180307370776e-05,2
4.55,4.0,0.7753793850666694,0.25406744047149576,0.0,0.0,nan,0,9.542337390584947,-0.7753793850666693,-0.25406744047149304,0.0,0.0,nan,0,-9.582338483611128,-4.140218490749498e-06,8.026194398280023e-06,0.0,0.0,nan,0,-0.04000000932100073,11.351770091960462,1.985490818105085e-15,8.883547941454076e-06,2
4.555,4.0,0.7766497222690264,0.2540674404714962,0.0,0.0,nan,0,9.59896135354475,-0.7766497222690263,-0.2540674404714935,0.0,0.0,nan,0,-9.63896244657093,-4.159756335841286e-06,-8.913156416486482e-06,0.0,0.0,nan,0,-0.040000016131195915,11.30272009196046,2.0609859837795946e-15,-3.987609895506838e-06,2
4.5600000000000005,4.0,0.7779200594713834,0.2540674404714962,0.0,0.0,nan,0,9.655340066504554,-0.7779200594713833,-0.2540674404714935,0.0,0.0,nan,0,-9.695341159530734,-4.155059696659552e-06,-6.445102345749216e-05,0.0,0.0,nan,0,-0.04000000375244281,11.253670091960457,2.1471392904905068e-15,-5.1600918160389915e-05,2
4.565,4.0,0.7791903966737405,0.254067440471496,0.0,0.0,nan,0,9.711473529464355,-0.7791903966737403,-0.25406744047149327,0.0,0.0,nan,0,-9.751474622490536,-4.140193871370046e-06,7.195122546753934e-06,0.0,0.0,nan,0,-0.03999998116838733,11.204620091960457,2.2350689540408193e-15,7.357240989502084e-06,2
4.57,4.0,0.7804607338760975,0.2540674404714953,0.0,0.0,nan,0,9.767361742424157,-0.7804607338760974,-0.2540674404714926,0.0,0.0,nan,0,-9.807362835450338,-4.162394868757746e-06,9.665331505094705e-06,0.0,0.0,nan,0,-0.039999989014769144,11.155570091960456,2.3567493975397365e-15,9.307487559387375e-06,2
4.575,4.0,0.7817310710784545,0.25406744047149465,0.0,0.0,nan,0,9.82300470538396,-0.7817310710784544,-0.25406744047149193,0.0,0.0,nan,0,-9.863005798410141,-4.18692280007224e-06,1.1088001063094006e-05,0.0,0.0,nan,0,-0.03999999874773472,11.106520091960457,2.5308323678009604e-15,1.067413606323353e-05,1
4.58,4.0,0.7830014082808116,0.2540674404714933,0.0,0.0,nan,0,9.87840241834376,-0.7830014082808114,-0.2540674404714906,0.0,0.0,nan,0,-9.918403511369942,-4.2120891858808684e-06,8.026101755777582e-06,0.0,0.0,nan,0,-0.04000000932147528,11.05747009196045,2.6756054502120803e-15,8.883507289002005e-06,1
4.585,4.0,0.7842717454831686,0.25406744047149354,0.0,0.0,nan,0,9.933554881303564,-0.7842717454831685,-0.2540674404714908,0.0,0.0,nan,0,-9.973555974329745,-4.231627355952283e-06,-8.913215479690539e-06,0.0,0.0,nan,0,-0.040000016131637325,11.008420091960447,2.8843273788416096e-15,-3.9876001193278575e-06,1
4.59,4.0,0.7855420826855256,0.2540674404714931,0.0,0.0,nan,0,9.988462094263367,-0.7855420826855255,-0.2540674404714904,0.0,0.0,nan,0,-10.028463187289548,-4.226931092570635e-06,-6.445095321899081e-05,0.0,0.0,nan,0,-0.040000003752930696,10.959370091960439,3.1880843983790525e-15,-5.16006919948272e-05,1
4.595,4.0,0.7868124198878826,0.25406744047149377,0.0,0.0,nan,0,10.043124057223167,-0.7868124198878825,-0.25406744047149105,0.0,0.0,nan,0,-10.083125150249348,-4.212065671631293e-06,7.195034184114263e-06,0.0,0.0,nan,0,-0.03999998116897595,10.910320091960433,1.766110748439151e-15,7.357212554997548e-06,2
4.6000000000000005,4.0,0.7880827570902397,0.2540674404714949,0.0,0.0,nan,0,10.09754077018297,-0.7880827570902396,-0.25406744047149216,0.0,0.0,nan,0,-10.137541863209151,-4.234266991750418e-06,9.665238325953232e-06,0.0,0.0,nan,0,-0.039999989015327295,10.861270091960426,1.7749925326361523e-15,9.307450725334227e-06,2
4.605,4.0,0.7893530942925967,0.25406744047149643,0.0,0.0,nan,0,10.151712233142772,-0.7893530942925966,-0.2540674404714937,0.0,0.0,nan,0,-10.191713326168953,-4.258795241064012e-06,1.108790424374383e-05,0.0,0.0,nan,0,-0.039999998748254,10.812220091960423,1.7874270305119542e-15,1.0674091804859672e-05,2
4.61,4.0,0.7906234314949537,0.25406744047149443,0.0,0.0,nan,0,10.205638446102574,-0.7906234314949536,-0.2540674404714917,0.0,0.0,nan,0,-10.245639539128755,-4.283961942477821e-06,8.026009121240622e-06,0.0,0.0,nan,0,-0.04000000932194992,10.763170091960426,1.8096314910044577e-15,8.883466625023144e-06,2
4.615,4.0,0.7918937686973108,0.2540674404714953,0.0,0.0,nan,0,10.259319409062376,-0.7918937686973107,-0.2540674404714926,0.0,0.0,nan,0,-10.299320502088557,-4.30350043748029e-06,-8.913274532825622e-06,0.0,0.0,nan,0,-0.04000001613207885,10.714120091960426,1.8282832378181606e-15,-3.98759034641117e-06,2
4.62,4.0,0.7931641058996678,0.2540674404714949,0.0,0.0,nan,0,10.312755122022178,-0.7931641058996677,-0.25406744047149216,0.0,0.0,nan,0,-10.352756215048359,-4.298804549853624e-06,-6.445088296049142e-05,0.0,0.0,nan,0,-0.0400000037534187,10.665070091960423,1.852264055150064e-15,-5.160046581890477e-05,2
4.625,4.0,0.7944344431020248,0.2540674404714949,0.0,0.0,nan,0,10.36594558498198,-0.7944344431020247,-0.25406744047149216,0.0,0.0,nan,0,-10.40594667800816,-4.283939533201997e-06,7.1949458306042495e-06,0.0,0.0,nan,0,-0.03999998116956471,10.61602009196042,1.897561154554771e-15,7.357184118677574e-06,2
4.63,4.0,0.7957047803043819,0.25406744047149465,0.0,0.0,nan,0,10.418890797941783,-0.7957047803043817,-0.25406744047149193,0.0,0.0,nan,0,-10.458891890967964,-4.306141176007444e-06,9.665145155266765e-06,0.0,0.0,nan,0,-0.039999989015885584,10.56697009196042,1.948187324477678e-15,9.307413890407999e-06,2
4.635,4.0,0.7969751175067389,0.25406744047149465,0.0,0.0,nan,0,10.471590760901584,-0.7969751175067388,-0.25406744047149193,0.0,0.0,nan,0,-10.511591853927765,-4.330669743268095e-06,1.1087807432475472e-05,0.0,0.0,nan,0,-0.039999998748773385,10.517920091960416,2.011247992276387e-15,1.067404755071265e-05,2
4.64,4.0,0.7982454547090959,0.2540674404714953,0.0,0.0,nan,0,10.524045473861387,-0.7982454547090958,-0.2540674404714926,0.0,0.0,nan,0,-10.564046566887567,-4.355836760241982e-06,8.025916494376009e-06,0.0,0.0,nan,0,-0.04000000932242463,10.468870091960413,2.1000658342463998e-15,8.88342596569479e-06,2
4.6450000000000005,4.0,0.7995157919114529,0.25406744047149665,0.0,0.0,nan,0,10.57625493682119,-0.7995157919114528,-0.25406744047149393,0.0,0.0,nan,0,-10.61625602984737,-4.375375580116525e-06,-8.913333575580238e-06,0.0,0.0,nan,0,-0.040000016132520425,10.41982009196041,2.2235226345847174e-15,-3.987580571990795e-06,2
4.65,4.0,0.80078612911381,0.2540674404714973,0.0,0.0,nan,0,10.62821914978099,-0.8007861291138099,-0.2540674404714946,0.0,0.0,nan,0,-10.668220242807172,-4.37068006819627e-06,-6.445081268200502e-05,0.0,0.0,nan,0,-0.040000003753906756,10.370770091960406,2.3336567586275334e-15,-5.160023962141648e-05,2
4.655,4.0,0.802056466316167,0.254067440471498,0.0,0.0,nan,0,10.679938112740793,-0.8020564663161669,-0.25406744047149526,0.0,0.0,nan,0,-10.719939205766973,-4.355815455804601e-06,7.194857486372385e-06,0.0,0.0,nan,0,-0.03999998117015348,10.321720091960403,2.546819579355563e-15,7.357155684566507e-06,1
4.66,4.0,0.803326803518524,0.25406744047149865,0.0,0.0,nan,0,10.731411825700595,-0.8033268035185239,-0.25406744047149593,0.0,0.0,nan,0,-10.771412918726776,-4.37801742123739e-06,9.665051992922706e-06,0.0,0.0,nan,0,-0.039999989016443874,10.272670091960395,2.6596182386574786e-15,9.307377054951534e-06,1
4.665,4.0,0.8045971407208811,0.25406744047149754,0.0,0.0,nan,0,10.782640288660398,-0.804597140720881,-0.2540674404714948,0.0,0.0,nan,0,-10.822641381686578,-4.4025463063895875e-06,1.1087710628993139e-05,0.0,0.0,nan,0,-0.03999999874929277,10.223620091960392,2.963375258194921e-15,1.0674003294913624e-05,1
4.67,4.0,0.8058674779232381,0.254067440471498,0.0,0.0,nan,0,10.833623501620199,-0.805867477923238,-0.25406744047149526,0.0,0.0,nan,0,-10.87362459464638,-4.427713638861103e-06,8.025823875818638e-06,0.0,0.0,nan,0,-0.04000000932289934,10.174570091960387,1.7572289642421505e-15,8.883385302938963e-06,2
4.675,4.0,0.8071378151255951,0.25406744047150065,0.0,0.0,nan,0,10.884361464580001,-0.807137815125595,-0.25406744047149793,0.0,0.0,nan,0,-10.924362557606182,-4.447252783562616e-06,-8.913392608060795e-06,0.0,0.0,nan,0,-0.040000016132962,10.12552009196038,1.7714398189573528e-15,-3.987570796222154e-06,2
4.68,4.0,0.8084081523279522,0.2540674404714993,0.0,0.0,nan,0,10.934854177539803,-0.808408152327952,-0.2540674404714966,0.0,0.0,nan,0,-10.974855270565984,-4.44255764729673e-06,-6.445074238393848e-05,0.0,0.0,nan,0,-0.04000000375439483,10.076470091960376,1.775880711055854e-15,-5.1600013432743355e-05,2
4.6850000000000005,4.0,0.8096784895303092,0.25406744047149954,0.0,0.0,nan,0,10.985101640499606,-0.8096784895303091,-0.2540674404714968,0.0,0.0,nan,0,-11.025102733525786,-4.42769343910604e-06,7.194769151303856e-06,0.0,0.0,nan,0,-0.03999998117074234,10.027420091960368,1.7918679226104567e-15,7.357127242896157e-06,2
4.69,4.0,0.8109488267326662,0.2540674404714993,0.0,0.0,nan,0,11.035103853459407,-0.8109488267326661,-0.2540674404714966,0.0,0.0,nan,0,-11.075104946485588,-4.449895727114128e-06,9.664958839708643e-06,0.0,0.0,nan,0,-0.03999998901700227,9.978370091960361,1.8087433125847596e-15,9.307340216321616e-06,2
4.695,4.0,0.8122191639350232,0.254067440471498,0.0,0.0,nan,0,11.084860816419209,-0.8122191639350231,-0.25406744047149526,0.0,0.0,nan,0,-11.12486190944539,-4.474424930116239e-06,1.1087613833526988e-05,0.0,0.0,nan,0,-0.039999998749812256,9.929320091960356,1.8300595946575627e-15,1.0673959034685256e-05,2
4.7,4.0,0.8134895011373803,0.25406744047149843,0.0,0.0,nan,0,11.13437252937901,-0.8134895011373802,-0.2540674404714957,0.0,0.0,nan,0,-11.174373622405191,-4.4995925780437485e-06,8.025731264941225e-06,0.0,0.0,nan,0,-0.04000000932337418,9.880270091960355,1.8549285904091674e-15,8.883344634142634e-06,2
4.705,4.0,0.8147598383397373,0.2540674404714989,0.0,0.0,nan,0,11.183638992338812,-0.8147598383397372,-0.25406744047149615,0.0,0.0,nan,0,-11.223640085364993,-4.519132047520191e-06,-8.913451630377975e-06,0.0,0.0,nan,0,-0.04000001613340369,9.831220091960356,1.8753566940622696e-15,-3.987561013566569e-06,2
4.71,4.0,0.8160301755420943,0.2540674404715011,0.0,0.0,nan,0,11.232660205298615,-0.8160301755420942,-0.2540674404714984,0.0,0.0,nan,0,-11.272661298324795,-4.514437286863571e-06,-6.445067206586027e-05,0.0,0.0,nan,0,-0.04000000375488299,9.782170091960351,1.9091074740108746e-15,-5.159978721988512e-05,2
4.715,4.0,0.8173005127444514,0.25406744047150065,0.0,0.0,nan,0,11.281436168258416,-0.8173005127444513,-0.25406744047149793,0.0,0.0,nan,0,-11.321437261284597,-4.499573482835695e-06,7.194680825612286e-06,0.0,0.0,nan,0,-0.039999981171331245,9.733120091960346,1.9810499260065847e-15,7.357098801843981e-06,2
4.72,4.0,0.8185708499468084,0.2540674404715004,0.0,0.0,nan,0,11.329966881218217,-0.8185708499468083,-0.2540674404714977,0.0,0.0,nan,0,-11.369967974244398,-4.521776093380919e-06,9.664865694671917e-06,0.0,0.0,nan,0,-0.03999998901756071,9.684070091960342,2.0343406311885922e-15,9.307303373825457e-06,2
4.7250000000000005,4.0,0.8198411871491654,0.25406744047150065,0.0,0.0,nan,0,11.37825234417802,-0.8198411871491653,-0.25406744047149793,0.0,0.0,nan,0,-11.4182534372042,-4.546305614173962e-06,1.1087517046119026e-05,0.0,0.0,nan,0,-0.03999999875033179,9.635020091960337,2.0911840500494007e-15,1.0673914772739157e-05,2
4.73,4.0,0.8211115243515225,0.25406744047150065,0.0,0.0,nan,0,11.42629255713782,-0.8211115243515223,-0.25406744047149793,0.0,0.0,nan,0,-11.466293650164001,-4.571473577491547e-06,8.025638661982158e-06,0.0,0.0,nan,0,-0.04000000932384905,9.58597009196033,2.185330962537614e-15,8.883303966076396e-06,2
4.735,4.0,0.8223818615538795,0.2540674404715025,0.0,0.0,nan,0,11.474087520097623,-0.8223818615538794,-0.25406744047149976,0.0,0.0,nan,0,-11.514088613123803,-4.591013371687408e-06,-8.913510642259477e-06,0.0,0.0,nan,0,-0.04000001613384541,9.53692009196033,2.3185577254926326e-15,-3.987551241303565e-06,2
4.74,4.0,0.8236521987562365,0.25406744047150226,0.0,0.0,nan,0,11.521637233057424,-0.8236521987562364,-0.25406744047149954,0.0,0.0,nan,0,-11.561638326083605,-4.586318986591481e-06,-6.44506017279193e-05,0.0,0.0,nan,0,-0.040000003755371216,9.48787009196033,2.44467906109005e-15,-5.15995610003398e-05,2
4.745,4.0,0.8249225359585936,0.25406744047150315,0.0,0.0,nan,0,11.568941696017225,-0.8249225359585934,-0.2540674404715004,0.0,0.0,nan,0,-11.608942789043406,-4.571455586674378e-06,7.194592508769111e-06,0.0,0.0,nan,0,-0.039999981171920246,9.438820091960329,2.627643815548275e-15,7.357070359153116e-06,1
4.75,4.0,0.8261928731609506,0.25406744047150337,0.0,0.0,nan,0,11.616000908977027,-0.8261928731609505,-0.2540674404715007,0.0,0.0,nan,0,-11.656002002003207,-4.593658519694288e-06,9.664772558362268e-06,0.0,0.0,nan,0,-0.03999998901811922,9.389770091960326,2.8514647773127066e-15,9.307266537364461e-06,1
4.755,4.0,0.8274632103633076,0.25406744047150404,0.0,0.0,nan,0,11.662814871936828,-0.8274632103633075,-0.25406744047150137,0.0,0.0,nan,0,-11.702815964963008,-4.618188358226222e-06,1.1087420266531732e-05,0.0,0.0,nan,0,-0.039999998750851376,9.340720091960321,3.1401227637152475e-15,1.0673870511459176e-05,1
4.76,4.0,0.8287335475656646,0.2540674404715045,0.0,0.0,nan,0,11.70938358489663,-0.8287335475656645,-0.25406744047150176,0.0,0.0,nan,0,-11.74938467792281,-4.6433566368991874e-06,8.025546066959242e-06,0.0,0.0,nan,0,-0.040000009324323946,9.291670091960315,1.7661107484391538e-15,8.883263297075777e-06,2
4.765,4.0,0.8300038847680217,0.25406744047150404,0.0,0.0,nan,0,11.755707047856433,-0.8300038847680216,-0.2540674404715013,0.0,0.0,nan,0,-11.795708140882613,-4.662896755765894e-06,-8.913569643886883e-06,0.0,0.0,nan,0,-0.040000016134287206,9.242620091960308,1.7776570678952563e-15,-3.9875414695592695e-06,2
4.7700000000000005,4.0,0.8312742219703787,0.2540674404715045,0.0,0.0,nan,0,11.801785260816233,-0.8312742219703786,-0.25406744047150176,0.0,0.0,nan,0,-11.841786353842414,-4.65820274617515e-06,-6.445053137025225e-05,0.0,0.0,nan,0,-0.0400000037558595,9.1935700919603,1.7892033873513574e-15,-5.159933475862112e-05,2
4.775,4.0,0.8325445591727357,0.25406744047150626,0.0,0.0,nan,0,11.847618223776035,-0.8325445591727356,-0.25406744047150354,0.0,0.0,nan,0,-11.887619316802216,-4.643339750330655e-06,7.194504201605452e-06,0.0,0.0,nan,0,-0.03999998117250927,9.144520091960294,1.8051905989059595e-15,7.357041919982975e-06,2
4.78,4.0,0.8338148963750928,0.25406744047150603,0.0,0.0,nan,0,11.893205936735837,-0.8338148963750927,-0.2540674404715033,0.0,0.0,nan,0,-11.933207029762018,-4.665543005776679e-06,9.664679430426297e-06,0.0,0.0,nan,0,-0.03999998901867778,9.095470091960287,1.8309477730772635e-15,9.307229686954617e-06,2
4.785,4.0,0.8350852335774498,0.25406744047150603,0.0,0.0,nan,0,11.938548399695637,-0.8350852335774497,-0.2540674404715033,0.0,0.0,nan,0,-11.978549492721818,-4.690073161995462e-06,1.1087323494812275e-05,0.0,0.0,nan,0,-0.039999998751371044,9.046420091960284,1.853152233569767e-15,1.0673826243048898e-05,2
4.79,4.0,0.8363555707798068,0.25406744047150537,0.0,0.0,nan,0,11.98364561265544,-0.8363555707798067,-0.25406744047150265,0.0,0.0,nan,0,-12.023646705681621,-4.715241755954419e-06,8.025453479922762e-06,0.0,0.0,nan,0,-0.04000000932479892,8.997370091960278,1.87713305090167e-15,8.883222628457962e-06,2
4.795,4.0,0.8376259079821639,0.2540674404715056,0.0,0.0,nan,0,12.028497575615242,-0.8376259079821637,-0.25406744047150287,0.0,0.0,nan,0,-12.068498668641423,-4.734782199443399e-06,-8.913628635166145e-06,0.0,0.0,nan,0,-0.04000001613472903,8.94832009196028,1.9197656150472757e-15,-3.987531692376658e-06,2
4.8,4.0,0.8388962451845209,0.25406744047150626,0.0,0.0,nan,0,12.073104288575042,-0.8388962451845208,-0.25406744047150354,0.0,0.0,nan,0,-12.113105381601223,-4.730088565319673e-06,-6.445046099242484e-05,0.0,0.0,nan,0,-0.040000003756347824,8.899270091960275,1.989043531783885e-15,-5.159910852168793e-05,2
4.805,4.0,0.8401665823868779,0.25406744047150626,0.0,0.0,nan,0,12.117465751534844,-0.8401665823868778,-0.25406744047150354,0.0,0.0,nan,0,-12.157466844561025,-4.715225973502685e-06,7.194415903615934e-06,0.0,0.0,nan,0,-0.03999998117309839,8.850220091960274,2.0645386974583947e-15,7.357013474805209e-06,2
4.8100000000000005,4.0,0.8414369195892349,0.2540674404715067,0.0,0.0,nan,0,12.161581964494646,-0.8414369195892348,-0.254067440471504,0.0,0.0,nan,0,-12.201583057520827,-4.7374295513227804e-06,9.664586311152312e-06,0.0,0.0,nan,0,-0.03999998901923642,8.80117009196027,2.131152078935904e-15,9.307192844176016e-06,2
4.815,4.0,0.842707256791592,0.2540674404715067,0.0,0.0,nan,0,12.205452927454447,-0.8427072567915919,-0.254067440471504,0.0,0.0,nan,0,-12.245454020480627,-4.7619600251763705e-06,1.108722673110628e-05,0.0,0.0,nan,0,-0.03999999875189075,8.752120091960267,2.2714842692485232e-15,1.0673781980049416e-05,2
4.82,4.0,0.843977593993949,0.25406744047150825,0.0,0.0,nan,0,12.249078640414249,-0.8439775939939489,-0.25406744047150553,0.0,0.0,nan,0,-12.28907973344043,-4.787128934376217e-06,8.025360900993991e-06,0.0,0.0,nan,0,-0.040000009325273964,8.70307009196026,2.404711032203542e-15,8.883181953804103e-06,2
4.825,4.0,0.845247931196306,0.25406744047150825,0.0,0.0,nan,0,12.29245910337405,-0.8452479311963059,-0.25406744047150553,0.0,0.0,nan,0,-12.33246019640023,-4.80666970242849e-06,-8.913687616202842e-06,0.0,0.0,nan,0,-0.04000001613517093,8.654020091960254,2.6596182386574778e-15,-3.98752191150365e-06,1
4.83,4.0,0.8465182683986631,0.2540674404715087,0.0,0.0,nan,0,12.33559431633385,-0.846518268398663,-0.254067440471506,0.0,0.0,nan,0,-12.37559540936003,-4.80197644372321e-06,-6.445039059479604e-05,0.0,0.0,nan,0,-0.040000003756836204,8.604970091960249,2.915413623531114e-15,-5.1598882267008043e-05,1
4.835,4.0,0.8477886056010201,0.25406744047150714,0.0,0.0,nan,0,12.378484279293653,-0.84778860560102,-0.2540674404715044,0.0,0.0,nan,0,-12.418485372319834,-4.787114255885155e-06,7.194327614614211e-06,0.0,0.0,nan,0,-0.03999998117368754,8.555920091960246,3.17209718682445e-15,7.356985030512963e-06,1
4.84,4.0,0.8490589428033771,0.2540674404715076,0.0,0.0,nan,0,12.421128992253454,-0.849058942803377,-0.25406744047150487,0.0,0.0,nan,0,-12.461130085279635,-4.809318156027281e-06,9.66449320051424e-06,0.0,0.0,nan,0,-0.03999998901979508,8.506870091960241,1.7669989268588516e-15,9.307155997068437e-06,2
4.845,4.0,0.8503292800057342,0.25406744047150714,0.0,0.0,nan,0,12.463528455213254,-0.850329280005734,-0.2540674404715044,0.0,0.0,nan,0,-12.503529548239435,-4.8338489474671065e-06,1.1087129975262892e-05,0.0,0.0,nan,0,-0.03999999875241049,8.457820091960237,1.784762495252854e-15,1.0673737710658605e-05,2
4.8500000000000005,4.0,0.8515996172080912,0.25406744047150537,0.0,0.0,nan,0,12.505682668173057,-0.8515996172080911,-0.25406744047150265,0.0,0.0,nan,0,-12.545683761199237,-4.859018171852331e-06,8.025268329676004e-06,0.0,0.0,nan,0,-0.040000009325749014,8.40877009196023,1.805190598905957e-15,8.883141279492192e-06,2
4.855,4.0,0.8528699544104482,0.2540674404715056,0.0,0.0,nan,0,12.547591631132857,-0.8528699544104481,-0.25406744047150287,0.0,0.0,nan,0,-12.587592724159038,-4.878559264412385e-06,-8.913746586950027e-06,0.0,0.0,nan,0,-0.04000001613561284,8.359720091960225,1.8291714162378607e-15,-3.987512134574156e-06,2
4.86,4.0,0.8541402916128052,0.25406744047150626,0.0,0.0,nan,0,12.589255344092658,-0.8541402916128051,-0.25406744047150354,0.0,0.0,nan,0,-12.629256437118839,-4.873866381066572e-06,-6.445032017737083e-05,0.0,0.0,nan,0,-0.04000000375732461,8.310670091960228,1.8549285904091642e-15,-5.159865599852942e-05,2
4.865,4.0,0.8554106288151623,0.25406744047150737,0.0,0.0,nan,0,12.63067380705246,-0.8554106288151622,-0.25406744047150465,0.0,0.0,nan,0,-12.670674900078641,-4.859004597151939e-06,7.194239335245692e-06,0.0,0.0,nan,0,-0.03999998117427675,8.261620091960227,1.8913439056168697e-15,7.3569565802716906e-06,2
4.87,4.0,0.8566809660175193,0.2540674404715087,0.0,0.0,nan,0,12.67184702001226,-0.8566809660175192,-0.254067440471506,0.0,0.0,nan,0,-12.71184811303844,-4.881208819570992e-06,9.664400098322641e-06,0.0,0.0,nan,0,-0.039999989020353816,8.212570091960226,1.9472991460579777e-15,9.307119147539678e-06,2
4.875,4.0,0.8579513032198763,0.25406744047150914,0.0,0.0,nan,0,12.71277498297206,-0.8579513032198762,-0.2540674404715064,0.0,0.0,nan,0,-12.752776075998241,-4.9057399285415415e-06,1.108703322756614e-05,0.0,0.0,nan,0,-0.03999999875293031,8.163520091960219,2.0112479922763864e-15,1.0673693438604141e-05,2
4.88,4.0,0.8592216404222334,0.2540674404715087,0.0,0.0,nan,0,12.753457695931862,-0.8592216404222333,-0.254067440471506,0.0,0.0,nan,0,-12.793458788958043,-4.930909468063571e-06,8.025175766577974e-06,0.0,0.0,nan,0,-0.04000000932622415,8.114470091960216,2.122270294738902e-15,8.883100599379582e-06,2
4.885,4.0,0.8604919776245904,0.25406744047150825,0.0,0.0,nan,0,12.793895158891663,-0.8604919776245903,-0.25406744047150553,0.0,0.0,nan,0,-12.833896251917844,-4.950450885089774e-06,-8.913805547326537e-06,0.0,0.0,nan,0,-0.04000001613605483,8.06542009196021,2.2244108130044166e-15,-3.987502357600254e-06,2
4.89,4.0,0.8617623148269474,0.2540674404715089,0.0,0.0,nan,0,12.834087371851464,-0.8617623148269473,-0.2540674404715062,0.0,0.0,nan,0,-12.874088464877644,-4.9457583770652624e-06,-6.445024973988567e-05,0.0,0.0,nan,0,-0.04000000375781311,8.016370091960203,2.3265513312699312e-15,-5.159842972022843e-05,2
4.8950000000000005,4.0,0.8630326520293045,0.25406744047151003,0.0,0.0,nan,0,12.874034334811265,-0.8630326520293043,-0.2540674404715073,0.0,0.0,nan,0,-12.914035427837446,-4.9308969970358885e-06,7.194151064862832e-06,0.0,0.0,nan,0,-0.03999998117486603,7.967320091960202,2.482870733137153e-15,7.356928133736786e-06,1
4.9,4.0,0.8643029892316615,0.25406744047151025,0.0,0.0,nan,0,12.913736047771065,-0.8643029892316614,-0.25406744047150753,0.0,0.0,nan,0,-12.953737140797246,-4.9531015416728885e-06,9.664307004844795e-06,0.0,0.0,nan,0,-0.03999998902091262,7.918270091960201,2.67471727179238e-15,9.307082297149385e-06,1
4.905,4.0,0.8655733264340185,0.25406744047151114,0.0,0.0,nan,0,12.953192510730867,-0.8655733264340184,-0.2540674404715084,0.0,0.0,nan,0,-12.993193603757048,-4.977632968125589e-06,1.108693648758543e-05,0.0,0.0,nan,0,-0.039999998753450186,7.869220091960202,2.9962378597238253e-15,1.0673649163602699e-05,1
4.91,4.0,0.8668436636363755,0.2540674404715105,0.0,0.0,nan,0,12.992403723690668,-0.8668436636363754,-0.25406744047150776,0.0,0.0,nan,0,-13.032404816716848,-5.002802822728913e-06,8.0250832113078e-06,0.0,0.0,nan,0,-0.04000000932669935,7.8201700919601995,1.7590053210815504e-15,8.883059920726248e-06,2
4.915,4.0,0.8681140008387326,0.25406744047151025,0.0,0.0,nan,0,13.03136968665047,-0.8681140008387325,-0.25406744047150753,0.0,0.0,nan,0,-13.07137077967665,-5.022344564158815e-06,-8.913864497397661e-06,0.0,0.0,nan,0,-0.04000001613649689,7.7711200919602,1.7714398189573516e-15,-3.987492579617384e-06,2
4.92,4.0,0.8693843380410896,0.2540674404715105,0.0,0.0,nan,0,13.07009039961027,-0.8693843380410895,-0.25406744047150776,0.0,0.0,nan,0,-13.110091492636451,-5.017652431403563e-06,-6.44501792827106e-05,0.0,0.0,nan,0,-0.040000003758301664,7.7220700919602,1.7785452463149528e-15,-5.159820343189724e-05,2
4.925,4.0,0.8706546752434466,0.2540674404715096,0.0,0.0,nan,0,13.108565862570071,-0.8706546752434465,-0.25406744047150687,0.0,0.0,nan,0,-13.148566955596252,-5.002791455217814e-06,7.194062803862239e-06,0.0,0.0,nan,0,-0.03999998117545539,7.6730200919602005,1.792756101030155e-15,7.356899683131365e-06,2
4.93,4.0,0.8719250124458037,0.2540674404715098,0.0,0.0,nan,0,13.146796075529872,-0.8719250124458036,-0.2540674404715071,0.0,0.0,nan,0,-13.186797168556053,-5.024996322031128e-06,9.66421391988912e-06,0.0,0.0,nan,0,-0.03999998902147149,7.623970091960198,1.8158487399423583e-15,9.307045445788318e-06,2
4.9350000000000005,4.0,0.8731953496481607,0.25406744047151003,0.0,0.0,nan,0,13.184781038489673,-0.8731953496481606,-0.2540674404715073,0.0,0.0,nan,0,-13.224782131515854,-5.04952806590353e-06,1.1086839755638552e-05,0.0,0.0,nan,0,-0.03999999875397014,7.574920091960194,1.8380532004348613e-15,1.0673604890151132e-05,2
4.94,4.0,0.8744656868505177,0.2540674404715105,0.0,0.0,nan,0,13.222520751449474,-0.8744656868505176,-0.25406744047150776,0.0,0.0,nan,0,-13.262521844475655,-5.0746982355395764e-06,8.024990663900134e-06,0.0,0.0,nan,0,-0.04000000932717461,7.5258700919601935,1.8735803372228664e-15,8.88301924099289e-06,2
4.945,4.0,0.8757360240528748,0.2540674404715107,0.0,0.0,nan,0,13.260015214409275,-0.8757360240528747,-0.254067440471508,0.0,0.0,nan,0,-13.300016307435456,-5.094240301335012e-06,-8.913923437362942e-06,0.0,0.0,nan,0,-0.040000016136939,7.476820091960192,1.9233183287260734e-15,-3.987482801583893e-06,2
4.95,4.0,0.8770063612552318,0.25406744047151136,0.0,0.0,nan,0,13.297264427369075,-0.8770063612552317,-0.25406744047150864,0.0,0.0,nan,0,-13.337265520395256,-5.089548543796979e-06,-6.445010880570751e-05,0.0,0.0,nan,0,-0.04000000375879029,7.427770091960192,1.9890435317838826e-15,-5.159797713367353e-05,2
4.955,4.0,0.8782766984575888,0.2540674404715107,0.0,0.0,nan,0,13.334268390328877,-0.8782766984575887,-0.254067440471508,0.0,0.0,nan,0,-13.374269483355057,-5.074687971406283e-06,7.1939745521145494e-06,0.0,0.0,nan,0,-0.03999998117604478,7.378720091960192,2.0663150542977932e-15,7.356871235333469e-06,2
4.96,4.0,0.8795470356599459,0.2540674404715096,0.0,0.0,nan,0,13.371027103288677,-0.8795470356599457,-0.25406744047150687,0.0,0.0,nan,0,-13.411028196314858,-5.096893160336929e-06,9.664120843582656e-06,0.0,0.0,nan,0,-0.0399999890220304,7.329670091960192,2.154244717848106e-15,9.307008590672911e-06,2
4.965,4.0,0.8808173728623029,0.25406744047150914,0.0,0.0,nan,0,13.407540566248478,-0.8808173728623028,-0.2540674404715064,0.0,0.0,nan,0,-13.447541659274659,-5.1214252215874e-06,1.108674303182426e-05,0.0,0.0,nan,0,-0.03999999875449012,7.28062009196019,2.2483916303363193e-15,1.0673560610064865e-05,2
4.97,4.0,0.8820877100646599,0.2540674404715096,0.0,0.0,nan,0,13.44380877920828,-0.8820877100646598,-0.25406744047150687,0.0,0.0,nan,0,-13.483809872234461,-5.146595706197188e-06,8.024898124620682e-06,0.0,0.0,nan,0,-0.04000000932764991,7.231570091960189,2.3727366090943366e-15,8.882978552387513e-06,2
4.9750000000000005,4.0,0.8833580472670169,0.2540674404715085,0.0,0.0,nan,0,13.47983174216808,-0.8833580472670168,-0.25406744047150576,0.0,0.0,nan,0,-13.519832835194261,-5.166138096295708e-06,-8.913982366642472e-06,0.0,0.0,nan,0,-0.040000016137381154,7.18252009196019,2.46688352158255e-15,-3.987473026381029e-06,1
4.98,4.0,0.884628384469374,0.2540674404715096,0.0,0.0,nan,0,13.515609455127882,-0.8846283844693739,-0.25406744047150687,0.0,0.0,nan,0,-13.555610548154062,-5.161446713926321e-06,-6.445003830860887e-05,0.0,0.0,nan,0,-0.04000000375927896,7.133470091960187,2.67560545021208e-15,-5.159775082326579e-05,1
4.985,4.0,0.885898721671731,0.2540674404715098,0.0,0.0,nan,0,13.551141918087684,-0.8858987216717309,-0.2540674404715071,0.0,0.0,nan,0,-13.591143011113864,-5.146586545285575e-06,7.193886309566276e-06,0.0,0.0,nan,0,-0.03999998117663426,7.084420091960187,2.9633752581949207e-15,7.3568427823423826e-06,1
4.99,4.0,0.887169058874088,0.25406744047150936,0.0,0.0,nan,0,13.586429131047483,-0.8871690588740879,-0.25406744047150664,0.0,0.0,nan,0,-13.626430224073664,-5.168792056281513e-06,9.66402777587768e-06,0.0,0.0,nan,0,-0.0399999890225894,7.0353700919601865,1.7572289642421507e-15,9.306971732568775e-06,2
4.995,4.0,0.8884393960764451,0.25406744047150825,0.0,0.0,nan,0,13.621471094007285,-0.888439396076445,-0.25406744047150553,0.0,0.0,nan,0,-13.661472187033466,-5.1933244348545404e-06,1.1086646315907339e-05,0.0,0.0,nan,0,-0.0399999987550102,6.986320091960184,1.7607816779209509e-15,1.0673516328593036e-05,2
5.0,4.0,0.8897097332788021,0.25406744047150803,0.0,0.0,nan,0,13.656267806967087,-0.889709733278802,-0.2540674404715053,0.0,0.0,nan,0,-13.696268899993267,-5.218495234392967e-06,8.02480559318478e-06,0.0,0.0,nan,0,-0.04000000932812532,6.937270091960183,1.776768889475553e-15,8.882937865724586e-06,2
5.005,4.0,0.8909800704811591,0.25406744047150914,0.0,0.0,nan,0,13.690819269926886,-0.890980070481159,-0.2540674404715064,0.0,0.0,nan,0,-13.730820362953066,-5.23803794874253e-06,-8.91404128594474e-06,0.0,0.0,nan,0,-0.04000001613782342,6.888220091960182,1.7874270305119542e-15,-3.987463249795258e-06,2
5.01,4.0,0.8922504076835162,0.2540674404715098,0.0,0.0,nan,0,13.725125482886687,-0.892250407683516,-0.2540674404715071,0.0,0.0,nan,0,-13.765126575912868,-5.233346941503625e-06,-6.444996779145158e-05,0.0,0.0,nan,0,-0.040000003759767734,6.839170091960177,1.8087433125847573e-15,-5.159752450322041e-05,2
5.015,4.0,0.8935207448858732,0.2540674404715096,0.0,0.0,nan,0,13.759186445846488,-0.8935207448858731,-0.25406744047150687,0.0,0.0,nan,0,-13.799187538872669,-5.218487176571196e-06,7.193798076097596e-06,0.0,0.0,nan,0,-0.03999998117722385,6.790120091960173,1.82739505939846e-15,7.3568143332948325e-06,2
5.0200000000000005,4.0,0.8947910820882302,0.25406744047151003,0.0,0.0,nan,0,13.793002158806289,-0.8947910820882301,-0.2540674404715073,0.0,0.0,nan,0,-13.83300325183247,-5.240693009580383e-06,9.663934716635434e-06,0.0,0.0,nan,0,-0.03999998902314847,6.74107009196017,1.8522640551500637e-15,9.306934879293686e-06,2
5.025,4.0,0.8960614192905872,0.25406744047151225,0.0,0.0,nan,0,13.82657262176609,-0.8960614192905871,-0.25406744047150953,0.0,0.0,nan,0,-13.86657371479227,-5.265225705434334e-06,1.1086549607806532e-05,0.0,0.0,nan,0,-0.039999998755530335,6.692020091960168,1.8877911919380684e-15,1.0673472047459612e-05,2
5.03,4.0,0.8973317564929443,0.25406744047151225,0.0,0.0,nan,0,13.85989783472589,-0.8973317564929442,-0.25406744047150953,0.0,0.0,nan,0,-13.899898927752071,-5.290396819845888e-06,8.02471306957826e-06,0.0,0.0,nan,0,-0.04000000932860075,6.6429700919601675,1.9393055402806755e-15,8.882897178947082e-06,2
5.035,4.0,0.8986020936953013,0.2540674404715109,0.0,0.0,nan,0,13.89297779768569,-0.8986020936953012,-0.2540674404715082,0.0,0.0,nan,0,-13.93297889071187,-5.309939858397922e-06,-8.914100194749241e-06,0.0,0.0,nan,0,-0.0400000161382657,6.593920091960166,1.9783853907474806e-15,-3.9874534684737325e-06,2
5.04,4.0,0.8998724308976583,0.2540674404715109,0.0,0.0,nan,0,13.925812510645493,-0.8998724308976582,-0.2540674404715082,0.0,0.0,nan,0,-13.965813603671673,-5.305249226230518e-06,-6.44498972545838e-05,0.0,0.0,nan,0,-0.04000000376025652,6.544870091960167,2.0467751290643902e-15,-5.159729817010905e-05,2
5.045,4.0,0.9011427681000154,0.2540674404715109,0.0,0.0,nan,0,13.958401973605293,-0.9011427681000153,-0.2540674404715082,0.0,0.0,nan,0,-13.998403066631473,-5.290389864950895e-06,7.193709852351291e-06,0.0,0.0,nan,0,-0.03999998117781345,6.495820091960167,2.108059440023699e-15,7.35678587521716e-06,2
5.05,4.0,0.9024131053023724,0.25406744047151136,0.0,0.0,nan,0,13.990746186565094,-0.9024131053023723,-0.25406744047150864,0.0,0.0,nan,0,-14.030747279591274,-5.3125960199282285e-06,9.663841666160838e-06,0.0,0.0,nan,0,-0.03999998902370762,6.446770091960165,2.2093117798695134e-15,9.306898016045235e-06,2
5.055,4.0,0.9036834425047294,0.2540674404715116,0.0,0.0,nan,0,14.022845149524896,-0.9036834425047293,-0.25406744047150887,0.0,0.0,nan,0,-14.062846242551077,-5.337129032997184e-06,1.1086452907772132e-05,0.0,0.0,nan,0,-0.03999999875605052,6.397720091960163,2.3274395096896305e-15,1.0673427764730134e-05,2
5.0600000000000005,4.0,0.9049537797070865,0.25406744047151203,0.0,0.0,nan,0,14.054698862484695,-0.9049537797070863,-0.2540674404715093,0.0,0.0,nan,0,-14.094699955510876,-5.362300462233294e-06,8.024620554140786e-06,0.0,0.0,nan,0,-0.04000000932907624,6.348670091960163,2.5628067909101638e-15,8.882856486506559e-06,1
5.065,4.0,0.9062241169094435,0.2540674404715118,0.0,0.0,nan,0,14.086307325444496,-0.9062241169094434,-0.2540674404715091,0.0,0.0,nan,0,-14.126308418470677,-5.381843824928817e-06,-8.91415909333274e-06,0.0,0.0,nan,0,-0.04000001613870803,6.299620091960163,2.979362469749522e-15,-3.987443691023769e-06,1
5.07,4.0,0.9074944541118005,0.25406744047151336,0.0,0.0,nan,0,14.117670538404298,-0.9074944541118004,-0.25406744047151064,0.0,0.0,nan,0,-14.157671631430478,-5.377153567791282e-06,-6.444982669781543e-05,0.0,0.0,nan,0,-0.040000003760745376,6.250570091960163,3.1880843983790513e-15,-5.159707182531636e-05,1
5.075,4.0,0.9087647913141575,0.25406744047151336,0.0,0.0,nan,0,14.148788501364098,-0.9087647913141574,-0.25406744047151064,0.0,0.0,nan,0,-14.188789594390279,-5.362294610122831e-06,7.193621637577288e-06,0.0,0.0,nan,0,-0.039999981178403116,6.201520091960161,1.763446213180051e-15,7.356757426996494e-06,2
5.08,4.0,0.9100351285165146,0.2540674404715136,0.0,0.0,nan,0,14.179661214323898,-0.9100351285165145,-0.25406744047151086,0.0,0.0,nan,0,-14.21966230735008,-5.384501087016269e-06,9.663748624088189e-06,0.0,0.0,nan,0,-0.03999998902426677,6.15247009196016,1.7838743168331537e-15,9.306861156872637e-06,2
5.085,4.0,0.9113054657188716,0.2540674404715129,0.0,0.0,nan,0,14.2102886772837,-0.9113054657188715,-0.2540674404715102,0.0,0.0,nan,0,-14.25028977030988,-5.409034417255126e-06,1.1086356215791033e-05,0.0,0.0,nan,0,-0.03999999875657077,6.103420091960159,1.8025260636468567e-15,1.0673383476493062e-05,2
5.09,4.0,0.9125758029212286,0.2540674404715136,0.0,0.0,nan,0,14.2406708902435,-0.9125758029212285,-0.25406744047151086,0.0,0.0,nan,0,-14.28067198326968,-5.4342061612568104e-06,8.024528046600108e-06,0.0,0.0,nan,0,-0.04000000932955179,6.0543700919601555,1.830059594657561e-15,8.88281579810014e-06,2
5.095,4.0,0.9138461401235857,0.2540674404715136,0.0,0.0,nan,0,14.270807853203301,-0.9138461401235856,-0.25406744047151086,0.0,0.0,nan,0,-14.310808946229482,-5.453749848050721e-06,-8.914217981566035e-06,0.0,0.0,nan,0,-0.04000001613915043,6.005320091960153,1.8638103746061653e-15,-3.9874339087403355e-06,2
5.1000000000000005,4.0,0.9151164773259427,0.25406744047151336,0.0,0.0,nan,0,14.300699566163102,-0.9151164773259426,-0.25406744047151064,0.0,0.0,nan,0,-14.340700659189283,-5.449059965891012e-06,-6.444975612111295e-05,0.0,0.0,nan,0,-0.040000003761234276,5.956270091960151,1.8931202624562693e-15,-5.1596845466740914e-05,2
5.105,4.0,0.9163868145282997,0.2540674404715116,0.0,0.0,nan,0,14.330346029122902,-0.9163868145282996,-0.25406744047150887,0.0,0.0,nan,0,-14.370347122149083,-5.4342014117921e-06,7.193533432227143e-06,0.0,0.0,nan,0,-0.03999998117899283,5.90722009196015,1.9428582539594764e-15,7.356728961896886e-06,2
5.11,4.0,0.9176571517306568,0.25406744047151114,0.0,0.0,nan,0,14.359747242082703,-0.9176571517306567,-0.2540674404715084,0.0,0.0,nan,0,-14.399748335108884,-5.456408210546132e-06,9.663655590764473e-06,0.0,0.0,nan,0,-0.039999989024826016,5.858170091960152,2.011247992276386e-15,9.306824293069957e-06,2
5.115,4.0,0.9189274889330138,0.2540674404715107,0.0,0.0,nan,0,14.388903205042503,-0.9189274889330137,-0.254067440471508,0.0,0.0,nan,0,-14.428904298068684,-5.48094185789591e-06,1.1086259531627373e-05,0.0,0.0,nan,0,-0.039999998757091086,5.809120091960151,2.075196838494795e-15,1.0673339187213258e-05,2
5.12,4.0,0.9201978261353708,0.25406744047151114,0.0,0.0,nan,0,14.417813918002304,-0.9201978261353707,-0.2540674404715084,0.0,0.0,nan,0,-14.457815011028485,-5.506113916611127e-06,8.024435547096697e-06,0.0,0.0,nan,0,-0.04000000933002741,5.760070091960149,2.147139290490505e-15,8.882775102155745e-06,2
5.125,4.0,0.9214681633377279,0.2540674404715105,0.0,0.0,nan,0,14.446479380962105,-0.9214681633377277,-0.25406744047150776,0.0,0.0,nan,0,-14.486480473988285,-5.525657927444444e-06,-8.914276859335179e-06,0.0,0.0,nan,0,-0.040000016139592885,5.7110200919601475,2.2643788418909222e-15,-3.987424129028183e-06,2
5.13,4.0,0.9227385005400849,0.2540674404715096,0.0,0.0,nan,0,14.474899593921906,-0.9227385005400848,-0.25406744047150687,0.0,0.0,nan,0,-14.514900686948087,-5.52096842021399e-06,-6.444968552438963e-05,0.0,0.0,nan,0,-0.04000000376172325,5.6619700919601454,2.435797276893046e-15,-5.159661910175905e-05,2
5.135,4.0,0.9240088377424419,0.2540674404715098,0.0,0.0,nan,0,14.503074556881707,-0.9240088377424418,-0.2540674404715071,0.0,0.0,nan,0,-14.543075649907887,-5.506110269636044e-06,7.193445236313666e-06,0.0,0.0,nan,0,-0.03999998117958262,5.612920091960145,2.658730060237777e-15,7.356700505061774e-06,1
5.14,4.0,0.9252791749447989,0.2540674404715089,0.0,0.0,nan,0,14.531004269841507,-0.9252791749447988,-0.2540674404715062,0.0,0.0,nan,0,-14.571005362867687,-5.528317390195159e-06,9.663562566003547e-06,0.0,0.0,nan,0,-0.039999989025385305,5.563870091960146,2.8674519888673067e-15,9.306787426568104e-06,1
5.1450000000000005,4.0,0.926549512147156,0.2540674404715089,0.0,0.0,nan,0,14.558688732801308,-0.9265495121471559,-0.2540674404715062,0.0,0.0,nan,0,-14.598689825827488,-5.552851354610755e-06,1.1086162855462868e-05,0.0,0.0,nan,0,-0.03999999875761145,5.514820091960146,3.156109975269848e-15,1.067329489541636e-05,1
5.15,4.0,0.927819849349513,0.25406744047150914,0.0,0.0,nan,0,14.586127945761108,-0.9278198493495129,-0.2540674404715064,0.0,0.0,nan,0,-14.626129038787289,-5.578023727994402e-06,8.024343055552034e-06,0.0,0.0,nan,0,-0.04000000933050308,5.465770091960146,1.7634462131800513e-15,8.882734404909286e-06,2
5.155,4.0,0.92909018655187,0.25406744047150914,0.0,0.0,nan,0,14.61332190872091,-0.9290901865518699,-0.2540674404715064,0.0,0.0,nan,0,-14.65332300174709,-5.5975680628220226e-06,-8.914335726801577e-06,0.0,0.0,nan,0,-0.040000016140035365,5.416720091960144,1.7838743168331537e-15,-3.987414345330773e-06,2
5.16,4.0,0.9303605237542271,0.2540674404715096,0.0,0.0,nan,0,14.64027062168071,-0.930360523754227,-0.25406744047150687,0.0,0.0,nan,0,-14.68027171470689,-5.5928789304653115e-06,-6.444961490787271e-05,0.0,0.0,nan,0,-0.040000003762212244,5.367670091960142,1.8007497068074562e-15,-5.1596392723655224e-05,2
5.165,4.0,0.9316308609565841,0.25406744047150914,0.0,0.0,nan,0,14.66697408464051,-0.931630860956584,-0.2540674404715064,0.0,0.0,nan,0,-14.70697517766669,-5.578021183366699e-06,7.193357049302054e-06,0.0,0.0,nan,0,-0.03999998118017247,5.318620091960142,1.8291714162378603e-15,7.356672042777696e-06,2
5.17,4.0,0.9329011981589411,0.2540674404715087,0.0,0.0,nan,0,14.69343229760031,-0.932901198158941,-0.254067440471506,0.0,0.0,nan,0,-14.733433390626491,-5.6002286256927325e-06,9.663469549858607e-06,0.0,0.0,nan,0,-0.03999998902594467,5.269570091960143,1.8602576609273644e-15,9.3067505611756e-06,2
5.175,4.0,0.9341715353612982,0.2540674404715089,0.0,0.0,nan,0,14.719645260560112,-0.934171535361298,-0.2540674404715062,0.0,0.0,nan,0,-14.759646353586293,-5.624762907122105e-06,1.10860661872729e-05,0.0,0.0,nan,0,-0.03999999875813187,5.22052009196014,1.8984493329744695e-15,1.0673250602476385e-05,2
5.18,4.0,0.9354418725636552,0.25406744047150936,0.0,0.0,nan,0,14.745612973519911,-0.9354418725636551,-0.25406744047150664,0.0,0.0,nan,0,-14.785614066546092,-5.6499355951117325e-06,8.024250571944781e-06,0.0,0.0,nan,0,-0.040000009330978775,5.171470091960141,1.955292751835277e-15,8.882693708061625e-06,2
5.1850000000000005,4.0,0.9367122097660122,0.2540674404715087,0.0,0.0,nan,0,14.771335436479713,-0.9367122097660121,-0.254067440471506,0.0,0.0,nan,0,-14.811336529505894,-5.669480253881615e-06,-8.9143945841253e-06,0.0,0.0,nan,0,-0.040000016140477934,5.122420091960139,2.0343406311885887e-15,-3.987404571691092e-06,2
5.19,4.0,0.9379825469683692,0.2540674404715089,0.0,0.0,nan,0,14.796812649439515,-0.9379825469683691,-0.2540674404715062,0.0,0.0,nan,0,-14.836813742465695,-5.664791496360483e-06,-6.444954427138987e-05,0.0,0.0,nan,0,-0.04000000376270133,5.073370091960137,2.108059440023699e-15,-5.159616632839179e-05,2
5.195,4.0,0.9392528841707263,0.2540674404715089,0.0,0.0,nan,0,14.822044612399313,-0.9392528841707262,-0.2540674404715062,0.0,0.0,nan,0,-14.862045705425494,-5.649934152685693e-06,7.1932688716792955e-06,0.0,0.0,nan,0,-0.03999998118076239,5.024320091960136,2.225298991424115e-15,7.356643584531273e-06,2
5.2,4.0,0.9405232213730833,0.2540674404715078,0.0,0.0,nan,0,14.847031325359115,-0.9405232213730832,-0.2540674404715051,0.0,0.0,nan,0,-14.887032418385296,-5.672141916712725e-06,9.663376542274973e-06,0.0,0.0,nan,0,-0.03999998902650409,4.975270091960135,2.334544937047231e-15,9.30671369378646e-06,2
5.205,4.0,0.9417935585754403,0.2540674404715076,0.0,0.0,nan,0,14.871772788318916,-0.9417935585754402,-0.25406744047150487,0.0,0.0,nan,0,-14.911773881345097,-5.6966765150968934e-06,1.1085969527176054e-05,0.0,0.0,nan,0,-0.039999998758652344,4.926220091960134,2.40204649694444e-15,1.0673206314413391e-05,1
5.21,4.0,0.9430638957777974,0.25406744047150737,0.0,0.0,nan,0,14.896269001278716,-0.9430638957777973,-0.25406744047150465,0.0,0.0,nan,0,-14.936270094304897,-5.721849517640459e-06,8.02415809633459e-06,0.0,0.0,nan,0,-0.040000009331454534,4.877170091960132,2.435797276893045e-15,8.882653006812144e-06,1
5.215,4.0,0.9443342329801544,0.2540674404715087,0.0,0.0,nan,0,14.920519964238517,-0.9443342329801543,-0.254067440471506,0.0,0.0,nan,0,-14.960521057264698,-5.741394500297092e-06,-8.914453430942297e-06,0.0,0.0,nan,0,-0.040000016140920525,4.82812009196013,2.5787940024647654e-15,-3.9873947905205535e-06,1
5.22,4.0,0.9456045701825114,0.2540674404715089,0.0,0.0,nan,0,14.944525677198317,-0.9456045701825113,-0.2540674404715062,0.0,0.0,nan,0,-14.984526770224498,-5.736706117559498e-06,-6.444947361494135e-05,0.0,0.0,nan,0,-0.04000000376319047,4.77907009196013,2.7875159310942955e-15,-5.15959399344038e-05,1
5.2250000000000005,4.0,0.9468749073848685,0.25406744047150936,0.0,0.0,nan,0,14.968286140158117,-0.9468749073848683,-0.25406744047150664,0.0,0.0,nan,0,-15.008287233184298,-5.7218491772738356e-06,7.1931807035148326e-06,0.0,0.0,nan,0,-0.039999981181352375,4.730020091960127,3.076173917496836e-15,7.356615119398794e-06,1
5.23,4.0,0.9481452445872255,0.2540674404715106,0.0,0.0,nan,0,14.99180135311792,-0.9481452445872254,-0.25406744047150787,0.0,0.0,nan,0,-15.0318024461441,-5.744057262953295e-06,9.66328354348788e-06,0.0,0.0,nan,0,-0.03999998902706356,4.680970091960128,1.7590053210815504e-15,9.306676827541284e-06,2
5.235,4.0,0.9494155817895825,0.25406744047151136,0.0,0.0,nan,0,15.01507131607772,-0.9494155817895824,-0.25406744047150864,0.0,0.0,nan,0,-15.0550724091039,-5.768592178247156e-06,1.1085872874843162e-05,0.0,0.0,nan,0,-0.03999999875917287,4.631920091960125,1.7714398189573524e-15,1.067316201090675e-05,2
5.24,4.0,0.9506859189919395,0.2540674404715109,0.0,0.0,nan,0,15.03809602903752,-0.9506859189919394,-0.2540674404715082,0.0,0.0,nan,0,-15.078097122063701,-5.793765495303027e-06,8.024065628550523e-06,0.0,0.0,nan,0,-0.04000000933193038,4.582870091960124,1.783874316833154e-15,8.88261230288036e-06,2
5.245,4.0,0.9519562561942966,0.2540674404715099,0.0,0.0,nan,0,15.060875491997322,-0.9519562561942965,-0.2540674404715072,0.0,0.0,nan,0,-15.100876585023503,-5.8133108017978385e-06,-8.914512267498594e-06,0.0,0.0,nan,0,-0.04000001614136321,4.5338200919601235,1.8007497068074562e-15,-3.987385010120952e-06,2
5.25,4.0,0.9532265933966536,0.2540674404715106,0.0,0.0,nan,0,15.083409704957122,-0.9532265933966535,-0.25406744047150787,0.0,0.0,nan,0,-15.123410797983302,-5.8086227937952095e-06,-6.444940293850917e-05,0.0,0.0,nan,0,-0.040000003763679653,4.484770091960122,1.8247305241393597e-15,-5.159571351749901e-05,2
5.255,4.0,0.9544969305990106,0.2540674404715106,0.0,0.0,nan,0,15.105698667916922,-0.9544969305990105,-0.25406744047150787,0.0,0.0,nan,0,-15.145699760943103,-5.793766256839694e-06,7.193092544519787e-06,0.0,0.0,nan,0,-0.039999981181942396,4.43572009196012,1.8549285904091646e-15,7.356586657932732e-06,2
5.26,4.0,0.9557672678013677,0.2540674404715108,0.0,0.0,nan,0,15.127742380876724,-0.9557672678013676,-0.2540674404715081,0.0,0.0,nan,0,-15.167743473902904,-5.815974664129947e-06,9.663190553052536e-06,0.0,0.0,nan,0,-0.0399999890276231,4.386670091960117,1.8824621214198686e-15,9.306639954157841e-06,2
5.265,4.0,0.9570376050037247,0.2540674404715118,0.0,0.0,nan,0,15.149540843836524,-0.9570376050037246,-0.2540674404715091,0.0,0.0,nan,0,-15.189541936862705,-5.84050989627799e-06,1.1085776230697147e-05,0.0,0.0,nan,0,-0.03999999875969348,4.337620091960114,1.9552927518352787e-15,1.067311771193161e-05,2
5.2700000000000005,4.0,0.9583079422060817,0.2540674404715127,0.0,0.0,nan,0,15.171094056796324,-0.9583079422060816,-0.25406744047151,0.0,0.0,nan,0,-15.211095149822505,-5.865683527783716e-06,8.023973168921132e-06,0.0,0.0,nan,0,-0.04000000933240627,4.288570091960114,2.022794311732488e-15,8.882571597526624e-06,2
5.275,4.0,0.9595782794084388,0.25406744047151314,0.0,0.0,nan,0,15.192402019756125,-0.9595782794084387,-0.2540674404715104,0.0,0.0,nan,0,-15.232403112782306,-5.885229158054256e-06,-8.914571093551062e-06,0.0,0.0,nan,0,-0.04000001614180593,4.239520091960115,2.1071712616040004e-15,-3.987375221271207e-06,2
5.28,4.0,0.9608486166107958,0.25406744047151303,0.0,0.0,nan,0,15.213464732715925,-0.9608486166107957,-0.2540674404715103,0.0,0.0,nan,0,-15.253465825742106,-5.880541524744959e-06,-6.444933224231617e-05,0.0,0.0,nan,0,-0.0400000037641689,4.190470091960115,2.2093117798695146e-15,-5.159548709792258e-05,2
5.285,4.0,0.9621189538131528,0.2540674404715129,0.0,0.0,nan,0,15.234282195675727,-0.9621189538131527,-0.2540674404715102,0.0,0.0,nan,0,-15.274283288701907,-5.865685391084896e-06,7.193004394948974e-06,0.0,0.0,nan,0,-0.03999998118253251,4.141420091960116,2.301682335518328e-15,7.356558192315317e-06,2
5.29,4.0,0.9633892910155099,0.2540674404715136,0.0,0.0,nan,0,15.254854408635527,-0.9633892910155097,-0.25406744047151086,0.0,0.0,nan,0,-15.294855501661708,-5.887894119933901e-06,9.66309757143313e-06,0.0,0.0,nan,0,-0.039999989028182706,4.092370091960114,2.4668835215825517e-15,9.306603080957354e-06,1
5.295,4.0,0.9646596282178669,0.25406744047151514,0.0,0.0,nan,0,15.275181371595327,-0.9646596282178668,-0.2540674404715124,0.0,0.0,nan,0,-15.315182464621508,-5.912429668884084e-06,1.1085679594474494e-05,0.0,0.0,nan,0,-0.03999999876021414,4.043320091960111,2.6756054502120814e-15,1.0673073417048297e-05,1
5.3,4.0,0.9659299654202239,0.2540674404715148,0.0,0.0,nan,0,15.295263084555128,-0.9659299654202238,-0.2540674404715121,0.0,0.0,nan,0,-15.335264177581308,-5.937603614787623e-06,8.023880717224887e-06,0.0,0.0,nan,0,-0.0400000093328822,3.9942700919601095,2.94738804664032e-15,8.882530895141158e-06,1
5.305,4.0,0.9672003026225809,0.2540674404715157,0.0,0.0,nan,0,15.315099547514928,-0.9672003026225808,-0.254067440471513,0.0,0.0,nan,0,-15.355100640541108,-5.957149568792258e-06,-8.914629909399497e-06,0.0,0.0,nan,0,-0.040000016142248684,3.9452200919601026,1.757228964242152e-15,-3.987365446063011e-06,2
5.3100000000000005,4.0,0.968470639824938,0.2540674404715157,0.0,0.0,nan,0,15.334690760474729,-0.9684706398249379,-0.254067440471513,0.0,0.0,nan,0,-15.37469185350091,-5.952462310117312e-06,-6.444926152601622e-05,0.0,0.0,nan,0,-0.040000003764658204,3.8961700919600992,1.7741043542164544e-15,-5.15952606661648e-05,2
5.315,4.0,0.969740977027295,0.25406744047151514,0.0,0.0,nan,0,15.354036723434529,-0.9697409770272949,-0.2540674404715124,0.0,0.0,nan,0,-15.39403781646071,-5.93760657970413e-06,7.192916254493374e-06,0.0,0.0,nan,0,-0.039999981183122674,3.8471200919600945,1.782097959993756e-15,7.356529725572572e-06,2
5.32,4.0,0.971011314229652,0.254067440471515,0.0,0.0,nan,0,15.37313743639433,-0.9710113142296519,-0.2540674404715123,0.0,0.0,nan,0,-15.413138529420511,-5.959815630052906e-06,9.663004598384304e-06,0.0,0.0,nan,0,-0.039999989028742376,3.7980700919600903,1.798085171548359e-15,9.306566205250414e-06,2
5.325,4.0,0.9722816514320091,0.25406744047151447,0.0,0.0,nan,0,15.39199289935413,-0.972281651432009,-0.25406744047151175,0.0,0.0,nan,0,-15.431993992380312,-5.984351495749718e-06,1.1085582966357785e-05,0.0,0.0,nan,0,-0.039999998760734845,3.7490200919600865,1.8096314910044604e-15,1.0673029114738914e-05,2
5.33,4.0,0.9735519886343661,0.2540674404715147,0.0,0.0,nan,0,15.41060311231393,-0.973551988634366,-0.254067440471512,0.0,0.0,nan,0,-15.450604205340111,-6.009525755999029e-06,8.023788273593592e-06,0.0,0.0,nan,0,-0.04000000933335819,3.699970091960082,1.830059594657563e-15,8.882490186898155e-06,2
5.335,4.0,0.9748223258367231,0.2540674404715136,0.0,0.0,nan,0,15.428968075273731,-0.974822325836723,-0.25406744047151086,0.0,0.0,nan,0,-15.468969168299912,-6.029072033678778e-06,-8.914688714879719e-06,0.0,0.0,nan,0,-0.040000016142691504,3.6509200919600793,1.8602576609273675e-15,-3.987355664580727e-06,2
5.34,4.0,0.9760926630390802,0.25406744047151214,0.0,0.0,nan,0,15.447087788233532,-0.97609266303908,-0.2540674404715094,0.0,0.0,nan,0,-15.487088881259712,-6.024385149593081e-06,-6.444919078986853e-05,0.0,0.0,nan,0,-0.04000000376514755,3.601870091960077,1.8904557271971716e-15,-5.15950342205612e-05,2
5.345,4.0,0.9773630002414372,0.25406744047151336,0.0,0.0,nan,0,15.464962251193333,-0.9773630002414371,-0.25406744047151064,0.0,0.0,nan,0,-15.504963344219513,-6.009529822374737e-06,7.192828123578072e-06,0.0,0.0,nan,0,-0.039999981183712875,3.552820091960073,1.9242065071457762e-15,7.356501259748205e-06,2
5.3500000000000005,4.0,0.9786333374437942,0.25406744047151314,0.0,0.0,nan,0,15.482591464153133,-0.9786333374437941,-0.2540674404715104,0.0,0.0,nan,0,-15.522592557179314,-6.031739194164304e-06,9.662911633998732e-06,0.0,0.0,nan,0,-0.03999998902930207,3.5037700919600665,1.9668390712913823e-15,9.30652933124434e-06,2
5.355,4.0,0.9799036746461512,0.25406744047151203,0.0,0.0,nan,0,15.499975427112933,-0.9799036746461511,-0.2540674404715093,0.0,0.0,nan,0,-15.539976520139113,-6.056275376562642e-06,1.108548634623447e-05,0.0,0.0,nan,0,-0.039999998761255595,3.454720091960066,2.0583214485204953e-15,1.0672984803116976e-05,2
5.36,4.0,0.9811740118485083,0.2540674404715116,0.0,0.0,nan,0,15.517114140072733,-0.9811740118485082,-0.25406744047150887,0.0,0.0,nan,0,-15.557115233098914,-6.081449951105683e-06,8.023695837827997e-06,0.0,0.0,nan,0,-0.04000000933383424,3.4056700919600633,2.147139290490508e-15,8.882449473775494e-06,2
5.365,4.0,0.9824443490508653,0.25406744047151114,0.0,0.0,nan,0,15.534007603032535,-0.9824443490508652,-0.2540674404715084,0.0,0.0,nan,0,-15.574008696058716,-6.100996552415444e-06,-8.914747509937014e-06,0.0,0.0,nan,0,-0.04000001614313438,3.356620091960059,2.2652670203106246e-15,-3.987345879831725e-06,2
5.37,4.0,0.9837146862532223,0.2540674404715106,0.0,0.0,nan,0,15.550655815992334,-0.9837146862532222,-0.25406744047150787,0.0,0.0,nan,0,-15.590656909018515,-6.0963100428738926e-06,-6.444912003360697e-05,0.0,0.0,nan,0,-0.040000003765636956,3.307570091960053,2.3745129659337406e-15,-5.159480776241386e-05,2
5.375,4.0,0.9849850234555794,0.25406744047151014,0.0,0.0,nan,0,15.567058778952134,-0.9849850234555793,-0.2540674404715074,0.0,0.0,nan,0,-15.607059871978315,-6.081455118815693e-06,7.192740001773412e-06,0.0,0.0,nan,0,-0.03999998118430316,3.2585200919600497,2.5148451562463603e-15,7.356472785139744e-06,1
5.38,4.0,0.9862553606579364,0.2540674404715098,0.0,0.0,nan,0,15.583216491911935,-0.9862553606579363,-0.25406744047150714,0.0,0.0,nan,0,-15.623217584938116,-6.103664812011356e-06,9.662818678014178e-06,0.0,0.0,nan,0,-0.039999989029861856,3.2094700919600467,2.8035031426489008e-15,9.306492454502666e-06,1
5.385,4.0,0.9875256978602934,0.25406744047150925,0.0,0.0,nan,0,15.599128954871734,-0.9875256978602933,-0.2540674404715066,0.0,0.0,nan,0,-15.639130047897915,-6.128201311055709e-06,1.1085389733962953e-05,0.0,0.0,nan,0,-0.03999999876177642,3.1604200919600443,3.0601867059422367e-15,1.0672940497872158e-05,1
5.39,4.0,0.9887960350626505,0.25406744047151014,0.0,0.0,nan,0,15.614796167831535,-0.9887960350626503,-0.2540674404715074,0.0,0.0,nan,0,-15.654797260857716,-6.153376199840438e-06,8.02360341019366e-06,0.0,0.0,nan,0,-0.040000009334310346,3.1113700919600404,1.7607816779209534e-15,8.882408762763142e-06,2
5.3950000000000005,4.0,0.9900663722650075,0.2540674404715097,0.0,0.0,nan,0,15.630218130791336,-0.9900663722650074,-0.254067440471507,0.0,0.0,nan,0,-15.670219223817517,-6.17292312472123e-06,-8.914806294734593e-06,0.0,0.0,nan,0,-0.040000016143577316,3.0623200919600366,1.7687752836982548e-15,-3.9873361040799705e-06,2
5.4,4.0,0.9913367094673645,0.2540674404715096,0.0,0.0,nan,0,15.645394843751134,-0.9913367094673644,-0.25406744047150687,0.0,0.0,nan,0,-15.685395936777315,-6.168236989668313e-06,-6.444904925764643e-05,0.0,0.0,nan,0,-0.04000000376612646,3.013270091960033,1.782097959993757e-15,-5.159458129839034e-05,2
5.405,4.0,0.9926070466697215,0.2540674404715097,0.0,0.0,nan,0,15.660326306710935,-0.9926070466697214,-0.254067440471507,0.0,0.0,nan,0,-15.700327399737116,-6.153382468725155e-06,7.1926518894311584e-06,0.0,0.0,nan,0,-0.03999998118489352,2.9642200919600294,1.7998615283877594e-15,7.356444318970763e-06,2
5.41,4.0,0.9938773838720786,0.25406744047150925,0.0,0.0,nan,0,15.675012519670736,-0.9938773838720785,-0.25406744047150653,0.0,0.0,nan,0,-15.715013612696916,-6.175592483267933e-06,9.662725730927375e-06,0.0,0.0,nan,0,-0.039999989030421707,2.915170091960026,1.817625096781762e-15,9.306455572571377e-06,2
5.415,4.0,0.9951477210744356,0.25406744047150925,0.0,0.0,nan,0,15.689453482630535,-0.9951477210744355,-0.25406744047150653,0.0,0.0,nan,0,-15.729454575656716,-6.20012929890279e-06,1.1085293129733599e-05,0.0,0.0,nan,0,-0.03999999876229733,2.866120091960025,1.8442704493727655e-15,1.0672896186752936e-05,2
5.42,4.0,0.9964180582767926,0.25406744047151003,0.0,0.0,nan,0,15.703649195590335,-0.9964180582767925,-0.2540674404715073,0.0,0.0,nan,0,-15.743650288616516,-6.225304501873696e-06,8.023510990462403e-06,0.0,0.0,nan,0,-0.040000009334786535,2.817070091960021,1.8735803372228695e-15,8.88236804651943e-06,2
5.425,4.0,0.9976883954791497,0.2540674404715096,0.0,0.0,nan,0,15.717599658550135,-0.9976883954791496,-0.25406744047150687,0.0,0.0,nan,0,-15.757600751576316,-6.244851750273478e-06,-8.91486506901229e-06,0.0,0.0,nan,0,-0.04000001614402033,2.768020091960019,1.9091074740108746e-15,-3.987326317338776e-06,2
5.43,4.0,0.9989587326815067,0.2540674404715106,0.0,0.0,nan,0,15.731304871509934,-0.9989587326815066,-0.25406744047150787,0.0,0.0,nan,0,-15.771305964536115,-6.240165989667562e-06,-6.444897846160596e-05,0.0,0.0,nan,0,-0.040000003766615985,2.7189700919600157,1.9695036065504835e-15,-5.15943548170944e-05,2
5.4350000000000005,4.0,1.0002290698838636,0.25406744047151014,0.0,0.0,nan,0,15.744764834469736,-1.0002290698838636,-0.2540674404715074,0.0,0.0,nan,0,-15.784765927495917,-6.2253118717804645e-06,7.1925637863933105e-06,0.0,0.0,nan,0,-0.039999981185483924,2.669920091960012,2.057433270100796e-15,7.356415849655852e-06,2
5.44,4.0,1.0014994070862206,0.2540674404715086,0.0,0.0,nan,0,15.757979547429535,-1.0014994070862206,-0.25406744047150587,0.0,0.0,nan,0,-15.797980640455716,-6.247522207614847e-06,9.662632792306757e-06,0.0,0.0,nan,0,-0.0399999890309816,2.6208700919600116,2.15513289626781e-15,9.306418692222816e-06,2
5.445,4.0,1.0027697442885777,0.2540674404715089,0.0,0.0,nan,0,15.770949010389335,-1.0027697442885777,-0.2540674404715062,0.0,0.0,nan,0,-15.810950103415516,-6.272059339795105e-06,1.1085196533573964e-05,0.0,0.0,nan,0,-0.03999999876281826,2.571820091960008,2.2626024850515253e-15,1.067285187398348e-05,2
5.45,4.0,1.0040400814909347,0.2540674404715078,0.0,0.0,nan,0,15.783673223349137,-1.0040400814909347,-0.2540674404715051,0.0,0.0,nan,0,-15.823674316375318,-6.297234856903616e-06,8.023418578826674e-06,0.0,0.0,nan,0,-0.04000000933526275,2.5227700919600067,2.4118164595611465e-15,8.882327322911833e-06,2
5.455,4.0,1.0053104186932917,0.2540674404715066,0.0,0.0,nan,0,15.796152186308936,-1.0053104186932917,-0.25406744047150387,0.0,0.0,nan,0,-15.836153279335116,-6.316782428773815e-06,-8.914923833052021e-06,0.0,0.0,nan,0,-0.0400000161444634,2.4737200919600006,2.6747172717923838e-15,-3.987316534689421e-06,1
5.46,4.0,1.0065807558956488,0.25406744047150615,0.0,0.0,nan,0,15.808385899268735,-1.0065807558956488,-0.2540674404715034,0.0,0.0,nan,0,-15.848386992294916,-6.312097042559389e-06,-6.444890764535386e-05,0.0,0.0,nan,0,-0.04000000376710559,2.4246700919599964,2.9642634366146243e-15,-5.159412832706678e-05,1
5.465,4.0,1.0078510930980058,0.2540674404715058,0.0,0.0,nan,0,15.820374362228536,-1.0078510930980058,-0.2540674404715031,0.0,0.0,nan,0,-15.860375455254717,-6.297243327686719e-06,7.192475692513138e-06,0.0,0.0,nan,0,-0.03999998118607441,2.375620091959994,1.7563407858224537e-15,7.356387375759717e-06,2
5.47,4.0,1.0091214303003628,0.2540674404715049,0.0,0.0,nan,0,15.832117575188336,-1.0091214303003628,-0.2540674404715022,0.0,0.0,nan,0,-15.872118668214517,-6.3194539847676034e-06,9.662539862454637e-06,0.0,0.0,nan,0,-0.039999989031541575,2.326570091959992,1.770551640537656e-15,9.306381808486747e-06,2
5.4750000000000005,4.0,1.0103917675027199,0.25406744047150515,0.0,0.0,nan,0,15.843615538148136,-1.0103917675027199,-0.2540674404715024,0.0,0.0,nan,0,-15.883616631174316,-6.343991433437751e-06,1.1085099945255051e-05,0.0,0.0,nan,0,-0.039999998763339276,2.27752009195999,1.7767688894755567e-15,1.0672807559356841e-05,2
5.48,4.0,1.011662104705077,0.2540674404715057,0.0,0.0,nan,0,15.854868251107936,-1.011662104705077,-0.254067440471503,0.0,0.0,nan,0,-15.894869344134117,-6.3691672646248865e-06,8.023326175073632e-06,0.0,0.0,nan,0,-0.04000000933573904,2.228470091959987,1.7936442794498596e-15,8.882286611168517e-06,2
5.485,4.0,1.012932441907434,0.25406744047150537,0.0,0.0,nan,0,15.865875714067736,-1.012932441907434,-0.25406744047150265,0.0,0.0,nan,0,-15.905876807093916,-6.38871515991693e-06,-8.91498258671301e-06,0.0,0.0,nan,0,-0.04000001614490648,2.1794200919599844,1.8025260636468614e-15,-3.987306749554947e-06,2
5.49,4.0,1.014202779109791,0.25406744047150537,0.0,0.0,nan,0,15.876637927027536,-1.014202779109791,-0.25406744047150265,0.0,0.0,nan,0,-15.916639020053717,-6.3840301480488915e-06,-6.444883680942513e-05,0.0,0.0,nan,0,-0.040000003767595216,2.130370091959983,1.8265068809787645e-15,-5.1593901826053286e-05,2
5.495,4.0,1.015473116312148,0.25406744047150503,0.0,0.0,nan,0,15.887154889987336,-1.015473116312148,-0.2540674404715023,0.0,0.0,nan,0,-15.927155983013517,-6.369176836142076e-06,7.192387608142345e-06,0.0,0.0,nan,0,-0.039999981186664924,2.08132009195998,1.8540404119894685e-15,7.3563589011965645e-06,2
5.5,4.0,1.016743453514505,0.2540674404715046,0.0,0.0,nan,0,15.897426602947135,-1.016743453514505,-0.25406744047150187,0.0,0.0,nan,0,-15.937427695973316,-6.391387814413951e-06,9.6624469412731e-06,0.0,0.0,nan,0,-0.039999989032101585,2.0322700919599774,1.888679370357774e-15,9.306344921807257e-06,2
5.505,4.0,1.018013790716862,0.2540674404715057,0.0,0.0,nan,0,15.907453065906935,-1.018013790716862,-0.254067440471503,0.0,0.0,nan,0,-15.947454158933116,-6.415925579518478e-06,1.108500336528771e-05,0.0,0.0,nan,0,-0.03999999876386034,1.9832200919599754,1.9437464323791815e-15,1.0672763242113627e-05,2
5.51,4.0,1.019284127919219,0.2540674404715057,0.0,0.0,nan,0,15.917234278866735,-1.019284127919219,-0.254067440471503,0.0,0.0,nan,0,-15.957235371892915,-6.441101724742604e-06,8.023233779420567e-06,0.0,0.0,nan,0,-0.04000000933621538,1.9341700919599738,1.9961489591414895e-15,8.882245888804368e-06,2
5.515,4.0,1.020554465121576,0.2540674404715049,0.0,0.0,nan,0,15.926770241826535,-1.020554465121576,-0.2540674404715022,0.0,0.0,nan,0,-15.966771334852716,-6.460649943394042e-06,-8.915041329919262e-06,0.0,0.0,nan,0,-0.040000016145349634,1.8851200919599709,2.0743086600751006e-15,-3.98729696662759e-06,2
5.5200000000000005,4.0,1.0218248023239331,0.2540674404715048,0.0,0.0,nan,0,15.936060954786335,-1.0218248023239331,-0.2540674404715021,0.0,0.0,nan,0,-15.976062047812515,-6.455965305823819e-06,-6.444876595346423e-05,0.0,0.0,nan,0,-0.04000000376808492,1.8360700919599684,2.154244717848112e-15,-5.159367531435766e-05,2
5.525,4.0,1.0230951395262902,0.2540674404715036,0.0,0.0,nan,0,15.945106417746135,-1.0230951395262902,-0.25406744047150087,0.0,0.0,nan,0,-15.985107510772316,-6.441112396844695e-06,7.1922995329327494e-06,0.0,0.0,nan,0,-0.03999998118725552,1.787020091959969,2.3105641197153343e-15,7.356330425869581e-06,2
5.53,4.0,1.0243654767286472,0.2540674404715045,0.0,0.0,nan,0,15.953906630705935,-1.0243654767286472,-0.25406744047150176,0.0,0.0,nan,0,-15.993907723732116,-6.463323696258988e-06,9.662354028737309e-06,0.0,0.0,nan,0,-0.03999998903266168,1.7379700919599705,2.4349090984733523e-15,9.306308035540777e-06,1
5.535,4.0,1.0256358139310042,0.2540674404715049,0.0,0.0,nan,0,15.962461593665735,-1.0256358139310042,-0.2540674404715022,0.0,0.0,nan,0,-16.002462686691917,-6.487861777745851e-06,1.1084906793131371e-05,0.0,0.0,nan,0,-0.03999999876438147,1.6889200919599685,2.6276438155482796e-15,1.0672718925056946e-05,1
5.54,4.0,1.0269061511333613,0.25406744047150537,0.0,0.0,nan,0,15.970771306625535,-1.0269061511333613,-0.25406744047150265,0.0,0.0,nan,0,-16.010772399651717,-6.513038236941049e-06,8.02314139164291e-06,0.0,0.0,nan,0,-0.04000000933669178,1.6398700919599691,2.803503142648904e-15,8.882205166441113e-06,1
5.545,4.0,1.0281764883357183,0.2540674404715037,0.0,0.0,nan,0,15.978835769585334,-1.0281764883357183,-0.254067440471501,0.0,0.0,nan,0,-16.018836862611515,-6.53258677889984e-06,-8.915100062864343e-06,0.0,0.0,nan,0,-0.040000016145792856,1.5908200919599684,3.077062095916542e-15,-3.987287183780165e-06,1
5.55,4.0,1.0294468255380753,0.25406744047150515,0.0,0.0,nan,0,15.986654982545133,-1.0294468255380753,-0.2540674404715024,0.0,0.0,nan,0,-16.026656075571314,-6.52790251557539e-06,-6.444869507764796e-05,0.0,0.0,nan,0,-0.04000000376857469,1.5417700919599668,1.764334391599757e-15,-5.1593448792036756e-05,2
5.555,4.0,1.0307171627404323,0.25406744047150515,0.0,0.0,nan,0,15.994228945504933,-1.0307171627404323,-0.2540674404715024,0.0,0.0,nan,0,-16.034230038531113,-6.513050009475385e-06,7.192211467159479e-06,0.0,0.0,nan,0,-0.039999981187846194,1.4927200919599661,1.7767688894755582e-15,7.356301948675648e-06,2
5.5600000000000005,4.0,1.0319874999427894,0.2540674404715046,0.0,0.0,nan,0,16.001557658464733,-1.0319874999427894,-0.25406744047150187,0.0,0.0,nan,0,-16.041558751490914,-6.535261629973116e-06,9.66226112501648e-06,0.0,0.0,nan,0,-0.03999998903322183,1.443670091959964,1.7874270305119598e-15,9.30627114806814e-06,2
5.565,4.0,1.0332578371451464,0.25406744047150526,0.0,0.0,nan,0,16.00864112142453,-1.0332578371451464,-0.25406744047150254,0.0,0.0,nan,0,-16.048642214450712,-6.5598000277972135e-06,1.1084810228911655e-05,0.0,0.0,nan,0,-0.039999998764902664,1.394620091959963,1.7989733499680613e-15,1.0672674603189876e-05,2
5.57,4.0,1.0345281743475034,0.2540674404715046,0.0,0.0,nan,0,16.01547933438433,-1.0345281743475034,-0.25406744047150187,0.0,0.0,nan,0,-16.05548042741051,-6.58497680091491e-06,8.023049012068176e-06,0.0,0.0,nan,0,-0.04000000933716825,1.3455700919599627,1.8149605615226634e-15,8.882164440086377e-06,2
5.575,4.0,1.0357985115498605,0.25406744047150404,0.0,0.0,nan,0,16.02207229734413,-1.0357985115498605,-0.2540674404715013,0.0,0.0,nan,0,-16.062073390370312,-6.604525666135952e-06,-8.915158785407972e-06,0.0,0.0,nan,0,-0.04000001614623615,1.2965200919599589,1.8336123083363663e-15,-3.987277400590801e-06,2
5.58,4.0,1.0370688487522175,0.2540674404715046,0.0,0.0,nan,0,16.028420010303932,-1.0370688487522175,-0.25406744047150187,0.0,0.0,nan,0,-16.068421103330113,-6.599841777019111e-06,-6.444862418162226e-05,0.0,0.0,nan,0,-0.04000000376906453,1.247470091959956,1.871803980383472e-15,-5.159322225953556e-05,2
5.585,4.0,1.0383391859545745,0.2540674404715038,0.0,0.0,nan,0,16.03452247326373,-1.0383391859545745,-0.2540674404715011,0.0,0.0,nan,0,-16.074523566289912,-6.584989673753122e-06,7.192123410653155e-06,0.0,0.0,nan,0,-0.03999998118843695,1.1984200919599548,1.908219295591177e-15,7.3562734680915245e-06,2
5.59,4.0,1.0396095231569316,0.25406744047150415,0.0,0.0,nan,0,16.04037968622353,-1.0396095231569316,-0.2540674404715014,0.0,0.0,nan,0,-16.08038077924971,-6.607201615292657e-06,9.662168229641304e-06,0.0,0.0,nan,0,-0.039999989033782074,1.1493700919599505,1.9766090339080865e-15,9.306234257183123e-06,2
5.595,4.0,1.0408798603592886,0.2540674404715036,0.0,0.0,nan,0,16.04599164918333,-1.0408798603592886,-0.25406744047150087,0.0,0.0,nan,0,-16.08599274220951,-6.631740329398478e-06,1.1084713672738437e-05,0.0,0.0,nan,0,-0.03999999876542394,1.1003200919599472,2.0201297764733926e-15,1.067263028176956e-05,2
5.6000000000000005,4.0,1.0421501975616456,0.2540674404715037,0.0,0.0,nan,0,16.05135836214313,-1.0421501975616456,-0.254067440471501,0.0,0.0,nan,0,-16.09135945516931,-6.656917416383162e-06,8.02295664025118e-06,0.0,0.0,nan,0,-0.0400000093376448,1.0512700919599434,2.1080594400237048e-15,8.882123712804379e-06,2
5.605,4.0,1.0434205347640026,0.2540674404715047,0.0,0.0,nan,0,16.05647982510293,-1.0434205347640026,-0.254067440471502,0.0,0.0,nan,0,-16.09648091812911,-6.676466604807474e-06,-8.915217497415277e-06,0.0,0.0,nan,0,-0.040000016146679515,1.0022200919599413,2.194212746734617e-15,-3.987267617217585e-06,2
5.61,4.0,1.0446908719663597,0.25406744047150437,0.0,0.0,nan,0,16.06135603806273,-1.0446908719663597,-0.25406744047150165,0.0,0.0,nan,0,-16.10135713108891,-6.671783089842731e-06,-6.44485532655696e-05,0.0,0.0,nan,0,-0.040000003769554454,0.9531700919599393,2.2945769081607314e-15,-5.159299571126831e-05,2
5.615,4.0,1.0459612091687167,0.2540674404715037,0.0,0.0,nan,0,16.065987001022528,-1.0459612091687167,-0.254067440471501,0.0,0.0,nan,0,-16.10598809404871,-6.656931389362186e-06,7.192035363562308e-06,0.0,0.0,nan,0,-0.039999981189027756,0.9041200919599376,2.42869184953545e-15,7.3562449923133435e-06,2
5.62,4.0,1.0472315463710737,0.25406744047150404,0.0,0.0,nan,0,16.070372713982326,-1.0472315463710737,-0.2540674404715013,0.0,0.0,nan,0,-16.110373807008507,-6.679143651881075e-06,9.662075342948426e-06,0.0,0.0,nan,0,-0.03999998903434236,0.855070091959936,2.5787940024647714e-15,9.306197365326444e-06,1
5.625,4.0,1.0485018835734308,0.2540674404715056,0.0,0.0,nan,0,16.074513176942126,-1.0485018835734308,-0.25406744047150287,0.0,0.0,nan,0,-16.114514269968307,-6.7036826822096385e-06,1.1084617124821427e-05,0.0,0.0,nan,0,-0.03999999876594526,0.8060200919599331,2.8354775657581077e-15,1.0672585956788541e-05,1
5.63,4.0,1.0497722207757878,0.2540674404715054,0.0,0.0,nan,0,16.078408389901927,-1.0497722207757878,-0.25406744047150276,0.0,0.0,nan,0,-16.118409482928108,-6.728860083019678e-06,8.022864276707553e-06,0.0,0.0,nan,0,-0.04000000933812137,0.7569700919599333,3.0921611290514436e-15,8.882082986252475e-06,1
5.635,4.0,1.0510425579781448,0.25406744047150476,0.0,0.0,nan,0,16.082058352861726,-1.0510425579781448,-0.25406744047150204,0.0,0.0,nan,0,-16.122059445887906,-6.748409594598687e-06,-8.915276199237955e-06,0.0,0.0,nan,0,-0.04000001614712288,0.7079200919599317,1.7581171426618555e-15,-3.987257831224232e-06,2
5.64,4.0,1.0523128951805019,0.25406744047150376,0.0,0.0,nan,0,16.085463065821525,-1.0523128951805019,-0.25406744047150104,0.0,0.0,nan,0,-16.125464158847706,-6.743726453734e-06,-6.444848232954694e-05,0.0,0.0,nan,0,-0.04000000377004437,0.6588700919599287,1.7723279973770573e-15,-5.159276915676959e-05,2
5.6450000000000005,4.0,1.053583232382859,0.25406744047150465,0.0,0.0,nan,0,16.088622528781325,-1.053583232382859,-0.2540674404715019,0.0,0.0,nan,0,-16.128623621807506,-6.7288751559937965e-06,7.191947325789444e-06,0.0,0.0,nan,0,-0.0399999811896186,0.6098200919599243,1.7838743168331593e-15,7.356216509292961e-06,2
5.65,4.0,1.054853569585216,0.25406744047150537,0.0,0.0,nan,0,16.091536741741127,-1.054853569585216,-0.25406744047150265,0.0,0.0,nan,0,-16.131537834767308,-6.751087739453876e-06,9.66198246494837e-06,0.0,0.0,nan,0,-0.03999998903490269,0.5607700919599231,1.7954206362892616e-15,9.306160471656109e-06,2
5.655,4.0,1.056123906787573,0.2540674404715058,0.0,0.0,nan,0,16.094205704700926,-1.056123906787573,-0.2540674404715031,0.0,0.0,nan,0,-16.134206797727106,-6.775627085956609e-06,1.1084520584705607e-05,0.0,0.0,nan,0,-0.039999998766466635,0.5117200919599211,1.815848739942365e-15,1.0672541628567457e-05,2
5.66,4.0,1.05739424398993,0.2540674404715074,0.0,0.0,nan,0,16.096629417660726,-1.05739424398993,-0.2540674404715047,0.0,0.0,nan,0,-16.136630510686906,-6.800804800529553e-06,8.022771921045866e-06,0.0,0.0,nan,0,-0.040000009338598014,0.4626700919599186,1.855816768828871e-15,8.882042252797655e-06,2
5.665,4.0,1.058664581192287,0.254067440471508,0.0,0.0,nan,0,16.098807880620527,-1.058664581192287,-0.25406744047150526,0.0,0.0,nan,0,-16.138808973646707,-6.820354635207748e-06,-8.915334890443388e-06,0.0,0.0,nan,0,-0.04000001614756636,0.4136200919599138,1.902002046653277e-15,-3.987248046394382e-06,2
5.67,4.0,1.059934918394644,0.25406744047150887,0.0,0.0,nan,0,16.100741093580325,-1.059934918394644,-0.25406744047150615,0.0,0.0,nan,0,-16.140742186606506,-6.815671868394546e-06,-6.444841137431085e-05,0.0,0.0,nan,0,-0.04000000377053439,0.364570091959909,1.9259828639851802e-15,-5.159254258394685e-05,2
5.675,4.0,1.061205255597001,0.2540674404715074,0.0,0.0,nan,0,16.102429056540124,-1.061205255597001,-0.2540674404715047,0.0,0.0,nan,0,-16.142430149566305,-6.800820973349581e-06,7.191859297447231e-06,0.0,0.0,nan,0,-0.03999998119020952,0.315520091959906,1.976609033908087e-15,7.356188030461238e-06,2
5.68,4.0,1.062475592799358,0.2540674404715069,0.0,0.0,nan,0,16.103871769499925,-1.062475592799358,-0.2540674404715042,0.0,0.0,nan,0,-16.143872862526106,-6.8230338776884e-06,9.66188959572355e-06,0.0,0.0,nan,0,-0.03999998903546308,0.2664700919599043,2.0467751290643973e-15,9.306123578419211e-06,2
5.6850000000000005,4.0,1.0637459300017151,0.2540674404715074,0.0,0.0,nan,0,16.105069232459723,-1.0637459300017151,-0.2540674404715047,0.0,0.0,nan,0,-16.145070325485904,-6.847573540313262e-06,1.1084424052817879e-05,0.0,0.0,nan,0,-0.03999999876698805,0.21742009195990278,2.123158473158608e-15,1.0672497302295923e-05,2
5.69,4.0,1.0650162672040722,0.25406744047150803,0.0,0.0,nan,0,16.106021445419525,-1.0650162672040722,-0.2540674404715053,0.0,0.0,nan,0,-16.146022538445706,-6.872751568597069e-06,8.022679573529886e-06,0.0,0.0,nan,0,-0.040000009339074674,0.1683700919599004,2.224410813004422e-15,8.882001520591606e-06,2
5.695,4.0,1.0662866044064292,0.25406744047150776,0.0,0.0,nan,0,16.106728408379325,-1.0662866044064292,-0.25406744047150503,0.0,0.0,nan,0,-16.146729501405506,-6.892301726325878e-06,-8.915393571375433e-06,0.0,0.0,nan,0,-0.04000001614800982,0.11932009195989755,2.3194459039123357e-15,-3.987238261434869e-06,2
5.7,4.0,1.0675569416087862,0.2540674404715082,0.0,0.0,nan,0,16.107190121339123,-1.0675569416087862,-0.2540674404715055,0.0,0.0,nan,0,-16.147191214365304,-6.887619333515588e-06,-6.444834039811583e-05,0.0,0.0,nan,0,-0.04000000377102442,0.07027009195989509,2.482870733137159e-15,-5.159231600715396e-05,1
5.705,4.0,1.0688272788111433,0.2540674404715083,0.0,0.0,nan,0,16.10740658429892,-1.0688272788111433,-0.2540674404715056,0.0,0.0,nan,0,-16.147407677325102,-6.872768841113819e-06,7.191771278317609e-06,0.0,0.0,nan,0,-0.03999998119080048,0.02122009195989128,2.658730060237784e-15,7.356159547118449e-06,1
5.71,4.0,1.0700976160135003,0.2540674404715082,0.0,0.0,nan,0,16.10737779725872,-1.0700976160135003,-0.25406744047150553,0.0,0.0,nan,0,-16.1473788902849,-6.8949820662828065e-06,9.661796735115265e-06,0.0,0.0,nan,0,-0.03999998903602353,-0.027829908040112088,2.9473880466403253e-15,9.306086680387915e-06,1
5.715,4.0,1.0713679532158573,0.2540674404715089,0.0,0.0,nan,0,16.10710376021852,-1.0713679532158573,-0.2540674404715062,0.0,0.0,nan,0,-16.147104853244702,-6.919522044977755e-06,1.1084327528710609e-05,0.0,0.0,nan,0,-0.03999999876750952,-0.07687990804011771,1.7581171426618575e-15,1.0672452970822318e-05,2
5.72,4.0,1.0726382904182143,0.25406744047150936,0.0,0.0,nan,0,16.106584473178323,-1.0726382904182143,-0.25406744047150664,0.0,0.0,nan,0,-16.146585566204504,-6.944700386927322e-06,8.022587233956832e-06,0.0,0.0,nan,0,-0.04000000933955142,-0.12592990804012016,1.7661107484391585e-15,8.881960784705832e-06,2
5.7250000000000005,4.0,1.0739086276205714,0.25406744047151025,0.0,0.0,nan,0,16.105819936138122,-1.0739086276205714,-0.25406744047150753,0.0,0.0,nan,0,-16.145821029164303,-6.964250867654703e-06,-8.915452242129843e-06,0.0,0.0,nan,0,-0.040000016148453374,-0.17497990804012162,1.7741043542164594e-15,-3.987228476772014e-06,2
5.73,4.0,1.0751789648229284,0.2540674404715098,0.0,0.0,nan,0,16.10481014909792,-1.0751789648229284,-0.2540674404715071,0.0,0.0,nan,0,-16.1448112421241,-6.959568848798753e-06,-6.444826940227859e-05,0.0,0.0,nan,0,-0.040000003771514525,-0.2240299080401231,1.7883152089316614e-15,-5.159208941810244e-05,2
5.735,4.0,1.0764493020252854,0.2540674404715103,0.0,0.0,nan,0,16.10355511205772,-1.0764493020252854,-0.2540674404715076,0.0,0.0,nan,0,-16.1435562050839,-6.944718758998547e-06,7.1916832686408854e-06,0.0,0.0,nan,0,-0.03999998119139153,-0.27307990804012333,1.8007497068074633e-15,7.356131059531932e-06,2
5.74,4.0,1.0777196392276425,0.25406744047151003,0.0,0.0,nan,0,16.102054825017518,-1.0777196392276425,-0.2540674404715073,0.0,0.0,nan,0,-16.1420559180437,-6.966932304945661e-06,9.661703883049426e-06,0.0,0.0,nan,0,-0.03999998903658407,-0.32212990804012326,1.826506880978767e-15,9.30604978010064e-06,2
5.745,4.0,1.0789899764299995,0.25406744047150903,0.0,0.0,nan,0,16.100309287977318,-1.0789899764299995,-0.2540674404715063,0.0,0.0,nan,0,-16.1403103810035,-6.9914725996655935e-06,1.1084231012794093e-05,0.0,0.0,nan,0,-0.039999998768031106,-0.3711799080401241,1.84604680621217e-15,1.0672408637637192e-05,2
5.75,4.0,1.0802603136323565,0.25406744047150936,0.0,0.0,nan,0,16.09831850093712,-1.0802603136323565,-0.25406744047150664,0.0,0.0,nan,0,-16.1383195939633,-7.016651255208062e-06,8.022494902466373e-06,0.0,0.0,nan,0,-0.04000000934002826,-0.42022990804012395,1.8860148350986762e-15,8.881920046417528e-06,2
5.755,4.0,1.0815306508347136,0.2540674404715089,0.0,0.0,nan,0,16.096082463896916,-1.0815306508347136,-0.2540674404715062,0.0,0.0,nan,0,-16.136083556923097,-7.036202058868096e-06,-8.91551090229385e-06,0.0,0.0,nan,0,-0.04000001614889702,-0.469279908040127,1.9357528266018833e-15,-3.987218693270896e-06,2
5.76,4.0,1.0828009880370706,0.2540674404715081,0.0,0.0,nan,0,16.093601176856716,-1.0828009880370706,-0.25406744047150537,0.0,0.0,nan,0,-16.133602269882896,-7.031520413921383e-06,-6.444819838626011e-05,0.0,0.0,nan,0,-0.04000000377200473,-0.5183299080401289,1.9854908181050903e-15,-5.159186280902162e-05,2
5.765,4.0,1.0840713252394276,0.2540674404715082,0.0,0.0,nan,0,16.090874639816516,-1.0840713252394276,-0.2540674404715055,0.0,0.0,nan,0,-16.130875732842696,-7.016670726681107e-06,7.191595268357494e-06,0.0,0.0,nan,0,-0.03999998119198264,-0.5673799080401315,2.0547687348417e-15,7.356102576438703e-06,2
5.7700000000000005,4.0,1.0853416624417846,0.2540674404715084,0.0,0.0,nan,0,16.087902852776313,-1.0853416624417846,-0.2540674404715057,0.0,0.0,nan,0,-16.127903945802494,-7.038884593354305e-06,9.661611039828727e-06,0.0,0.0,nan,0,-0.03999998903714465,-0.6164299080401344,2.099177655826707e-15,9.306012880327617e-06,2
5.775,4.0,1.0866119996441417,0.254067440471508,0.0,0.0,nan,0,16.084685815736112,-1.0866119996441417,-0.25406744047150526,0.0,0.0,nan,0,-16.124686908762293,-7.063425204040241e-06,1.10841345050406e-05,0.0,0.0,nan,0,-0.0399999987685527,-0.6654799080401378,2.209311779869522e-15,1.0672364301467782e-05,2
5.78,4.0,1.0878823368464987,0.25406744047150864,0.0,0.0,nan,0,16.08122352869591,-1.0878823368464987,-0.2540674404715059,0.0,0.0,nan,0,-16.121224621722092,-7.088604173144386e-06,8.02240257906396e-06,0.0,0.0,nan,0,-0.040000009340505106,-0.7145299080401423,2.349643970182142e-15,8.881879306520732e-06,2
5.785,4.0,1.0891526740488557,0.2540674404715085,0.0,0.0,nan,0,16.077515991655712,-1.0891526740488557,-0.25406744047150576,0.0,0.0,nan,0,-16.117517084681893,-7.1081552996989095e-06,-8.915569551979183e-06,0.0,0.0,nan,0,-0.04000001614934068,-0.7635799080401425,2.482870733137161e-15,-3.987208905383067e-06,1
5.79,4.0,1.0904230112512128,0.25406744047150837,0.0,0.0,nan,0,16.07356320461551,-1.0904230112512128,-0.25406744047150565,0.0,0.0,nan,0,-16.11356429764169,-7.103474028612861e-06,-6.444812735021761e-05,0.0,0.0,nan,0,-0.04000000377249496,-0.812629908040145,2.6747172717923877e-15,-5.159163620487195e-05,1
5.795,4.0,1.0916933484535698,0.25406744047150837,0.0,0.0,nan,0,16.06936516757531,-1.0916933484535698,-0.25406744047150565,0.0,0.0,nan,0,-16.10936626060149,-7.088624743883942e-06,7.19150727719457e-06,0.0,0.0,nan,0,-0.03999998119257382,-0.8616799080401435,2.9793624697495307e-15,7.356074086855572e-06,1
5.8,4.0,1.0929636856559268,0.2540674404715073,0.0,0.0,nan,0,16.064921880535106,-1.0929636856559268,-0.2540674404715046,0.0,0.0,nan,0,-16.104922973561287,-7.110838931238123e-06,9.66151820522214e-06,0.0,0.0,nan,0,-0.03999998903770532,-0.9107299080401474,1.7607816779209591e-15,9.305975977167095e-06,2
5.805,4.0,1.0942340228582839,0.25406744047150737,0.0,0.0,nan,0,16.060233343494907,-1.0942340228582839,-0.25406744047150465,0.0,0.0,nan,0,-16.100234436521088,-7.135379857834551e-06,1.1084038005170555e-05,0.0,0.0,nan,0,-0.03999999876907439,-0.959779908040149,1.7723279973770605e-15,1.0672319963877297e-05,2
5.8100000000000005,4.0,1.095504360060641,0.2540674404715068,0.0,0.0,nan,0,16.055299556454706,-1.095504360060641,-0.2540674404715041,0.0,0.0,nan,0,-16.095300649480887,-7.1605591404413915e-06,8.022310263652986e-06,0.0,0.0,nan,0,-0.04000000934098204,-1.0088299080401506,1.787427030511963e-15,8.881838566766946e-06,2
5.815,4.0,1.096774697262998,0.25406744047150565,0.0,0.0,nan,0,16.050120519414506,-1.096774697262998,-0.2540674404715029,0.0,0.0,nan,0,-16.090121612440687,-7.180110589834893e-06,-8.915628191295916e-06,0.0,0.0,nan,0,-0.040000016149784406,-1.057879908040153,1.808743312584766e-15,-3.987199119966142e-06,2
5.82,4.0,1.098045034465355,0.25406744047150653,0.0,0.0,nan,0,16.044696232374303,-1.098045034465355,-0.2540674404715038,0.0,0.0,nan,0,-16.084697325400484,-7.175429692550528e-06,-6.444805629454146e-05,0.0,0.0,nan,0,-0.04000000377298524,-1.1069299080401538,1.830059594657569e-15,-5.1591409575603706e-05,2
5.825,4.0,1.099315371667712,0.25406744047150703,0.0,0.0,nan,0,16.039026695334105,-1.099315371667712,-0.2540674404715043,0.0,0.0,nan,0,-16.079027788360285,-7.160580810277456e-06,7.191419295596902e-06,0.0,0.0,nan,0,-0.03999998119316504,-1.1559799080401576,1.8531522335697724e-15,7.356045600052435e-06,2
5.83,4.0,1.100585708870069,0.25406744047150703,0.0,0.0,nan,0,16.033111908293904,-1.100585708870069,-0.2540674404715043,0.0,0.0,nan,0,-16.073113001320085,-7.1827953182536375e-06,9.66142537927015e-06,0.0,0.0,nan,0,-0.039999989038265994,-1.2050299080401605,1.880685764580476e-15,9.305939074710896e-06,2
5.835,4.0,1.101856046072426,0.2540674404715067,0.0,0.0,nan,0,16.026951871253704,-1.101856046072426,-0.254067440471504,0.0,0.0,nan,0,-16.066952964279885,-7.207336560708516e-06,1.1083941513267913e-05,0.0,0.0,nan,0,-0.03999999876959609,-1.2540799080401634,1.9197656150472812e-15,1.0672275626041678e-05,2
5.84,4.0,1.103126383274783,0.2540674404715066,0.0,0.0,nan,0,16.020546584213502,-1.103126383274783,-0.25406744047150387,0.0,0.0,nan,0,-16.060547677239683,-7.232516156759072e-06,8.022217956192498e-06,0.0,0.0,nan,0,-0.040000009341458996,-1.3031299080401655,1.9810499260065898e-15,8.881797821301278e-06,2
5.845,4.0,1.10439672047714,0.25406744047150653,0.0,0.0,nan,0,16.0138960471733,-1.10439672047714,-0.2540674404715038,0.0,0.0,nan,0,-16.05389714019948,-7.252067928942979e-06,-8.915686820343803e-06,0.0,0.0,nan,0,-0.04000001615022817,-1.3521799080401666,2.034340631188597e-15,-3.9871893315676045e-06,2
5.8500000000000005,4.0,1.1056670576794971,0.2540674404715065,0.0,0.0,nan,0,16.0070002601331,-1.1056670576794971,-0.25406744047150376,0.0,0.0,nan,0,-16.04700135315928,-7.247387405425604e-06,-6.444798521867594e-05,0.0,0.0,nan,0,-0.04000000377347559,-1.40122990804017,2.115164867381309e-15,-5.159118294635767e-05,2
5.855,4.0,1.1069373948818542,0.25406744047150576,0.0,0.0,nan,0,15.999859223092901,-1.1069373948818542,-0.25406744047150304,0.0,0.0,nan,0,-16.039860316119082,-7.232538925573684e-06,7.191331323279434e-06,0.0,0.0,nan,0,-0.039999981193756355,-1.4502799080401698,2.2501679871757277e-15,7.356017107833181e-06,2
5.86,4.0,1.1082077320842112,0.2540674404715052,0.0,0.0,nan,0,15.9924729360527,-1.1082077320842112,-0.2540674404715025,0.0,0.0,nan,0,-16.03247402907888,-7.254753754119825e-06,9.6613325619751e-06,0.0,0.0,nan,0,-0.039999989038826775,-1.4993299080401705,2.373624787514045e-15,9.305902172879964e-06,2
5.865,4.0,1.1094780692865682,0.25406744047150537,0.0,0.0,nan,0,15.984841399012499,-1.1094780692865682,-0.25406744047150265,0.0,0.0,nan,0,-16.02484249203868,-7.279295312384582e-06,1.1083845029622191e-05,0.0,0.0,nan,0,-0.03999999877011788,-1.5483799080401695,2.4828707331371605e-15,1.0672231283410767e-05,1
5.87,4.0,1.1107484064889253,0.25406744047150465,0.0,0.0,nan,0,15.976964611972296,-1.1107484064889253,-0.2540674404715019,0.0,0.0,nan,0,-16.016965704998476,-7.304475221826812e-06,8.02212565683694e-06,0.0,0.0,nan,0,-0.04000000934193604,-1.5974299080401702,2.546819579355569e-15,8.881757076709573e-06,1
5.875,4.0,1.1120187436912823,0.2540674404715046,0.0,0.0,nan,0,15.968842574932095,-1.1120187436912823,-0.25406744047150187,0.0,0.0,nan,0,-16.008843667958278,-7.324027316738674e-06,-8.91574543895904e-06,0.0,0.0,nan,0,-0.040000016150672016,-1.6464799080401735,2.7875159310943034e-15,-3.987179545028921e-06,1
5.88,4.0,1.1132890808936393,0.2540674404715037,0.0,0.0,nan,0,15.960475287891894,-1.1132890808936393,-0.254067440471501,0.0,0.0,nan,0,-16.000476380918077,-7.319347166932777e-06,-6.444791412282298e-05,0.0,0.0,nan,0,-0.040000003773965995,-1.6955299080401782,3.075285739077144e-15,-5.159095629818722e-05,1
5.885,4.0,1.1145594180959963,0.25406744047150276,0.0,0.0,nan,0,15.951862750851694,-1.1145594180959963,-0.25406744047150004,0.0,0.0,nan,0,-15.991863843877875,-7.304499089449967e-06,7.191243360401328e-06,0.0,0.0,nan,0,-0.03999998119434771,-1.7445799080401785,1.7581171426618583e-15,7.355988616265847e-06,2
5.89,4.0,1.1158297552983534,0.2540674404715034,0.0,0.0,nan,0,15.943004963811493,-1.1158297552983534,-0.2540674404715007,0.0,0.0,nan,0,-15.983006056837674,-7.3267142385174955e-06,9.661239753505312e-06,0.0,0.0,nan,0,-0.039999989039387604,-1.7936299080401819,1.7669989268588593e-15,9.305865267091312e-06,2
5.8950000000000005,4.0,1.1171000925007104,0.2540674404715029,0.0,0.0,nan,0,15.933901926771291,-1.1171000925007104,-0.2540674404715002,0.0,0.0,nan,0,-15.973903019797472,-7.3512561125296805e-06,1.1083748553950823e-05,0.0,0.0,nan,0,-0.03999999877063973,-1.8426799080401808,1.7785452463149607e-15,1.067218694006222e-05,2
5.9,4.0,1.1183704297030674,0.2540674404715029,0.0,0.0,nan,0,15.92455363973109,-1.1183704297030674,-0.2540674404715002,0.0,0.0,nan,0,-15.964554732757271,-7.376436335321951e-06,8.022033365436394e-06,0.0,0.0,nan,0,-0.04000000934241312,-1.8917299080401828,1.7892033873513618e-15,8.881716330485399e-06,2
5.905,4.0,1.1196407669054245,0.2540674404715028,0.0,0.0,nan,0,15.91496010269089,-1.1196407669054245,-0.2540674404715001,0.0,0.0,nan,0,-15.95496119571707,-7.395988752920135e-06,-8.91580404701593e-06,0.0,0.0,nan,0,-0.04000001615111588,-1.9407799080401849,1.8007497068074637e-15,-3.987169758359664e-06,2
5.91,4.0,1.1209111041077815,0.2540674404715033,0.0,0.0,nan,0,15.905121315650689,-1.1209111041077815,-0.2540674404715006,0.0,0.0,nan,0,-15.94512240867687,-7.391308976773675e-06,-6.444784300660016e-05,0.0,0.0,nan,0,-0.040000003774456436,-1.989829908040187,1.8185132752014662e-15,-5.159072964237132e-05,2
5.915,4.0,1.1221814413101385,0.2540674404715026,0.0,0.0,nan,0,15.895037278610488,-1.1221814413101385,-0.2540674404714999,0.0,0.0,nan,0,-15.935038371636669,-7.376461301618342e-06,7.191155406711654e-06,0.0,0.0,nan,0,-0.03999998119493912,-2.03887990804019,1.8336123083363687e-15,7.35596012318152e-06,2
5.92,4.0,1.1234517785124956,0.2540674404715022,0.0,0.0,nan,0,15.884707991570286,-1.1234517785124956,-0.2540674404714995,0.0,0.0,nan,0,-15.924709084596467,-7.3986767711517465e-06,9.661146953475873e-06,0.0,0.0,nan,0,-0.0399999890399485,-2.0879299080401905,1.8611458393470727e-15,9.305828357809468e-06,2
5.925,4.0,1.1247221157148526,0.25406744047150126,0.0,0.0,nan,0,15.874133454530085,-1.1247221157148526,-0.25406744047149854,0.0,0.0,nan,0,-15.914134547556266,-7.423218960876665e-06,1.1083652086303608e-05,0.0,0.0,nan,0,-0.03999999877116163,-2.1369799080401934,1.9091074740108797e-15,1.0672142594610468e-05,2
5.93,4.0,1.1259924529172096,0.2540674404715016,0.0,0.0,nan,0,15.863313667489884,-1.1259924529172096,-0.2540674404714989,0.0,0.0,nan,0,-15.903314760516064,-7.4483994969530565e-06,8.021941082302042e-06,0.0,0.0,nan,0,-0.040000009342890275,-2.1860299080401986,1.9419700755397843e-15,8.881675578991667e-06,2
5.9350000000000005,4.0,1.1272627901195666,0.254067440471502,0.0,0.0,nan,0,15.852248630449683,-1.1272627901195666,-0.25406744047149926,0.0,0.0,nan,0,-15.892249723475864,-7.467952237171643e-06,-8.915862644588576e-06,0.0,0.0,nan,0,-0.040000016151559833,-2.235079908040203,2.0085834570172942e-15,-3.987159970663678e-06,2
5.94,4.0,1.1285331273219237,0.2540674404715019,0.0,0.0,nan,0,15.840938343409482,-1.1285331273219237,-0.2540674404714992,0.0,0.0,nan,0,-15.880939436435662,-7.463272834639517e-06,-6.444777187087661e-05,0.0,0.0,nan,0,-0.04000000377494697,-2.284129908040202,2.076973195334204e-15,-5.1590502974921186e-05,2
5.945,4.0,1.1298034645242807,0.25406744047150226,0.0,0.0,nan,0,15.829382806369281,-1.1298034645242807,-0.25406744047149954,0.0,0.0,nan,0,-15.869383899395462,-7.448425561763089e-06,7.191067462725419e-06,0.0,0.0,nan,0,-0.039999981195530596,-2.333179908040205,2.1622383236254163e-15,7.3559316353622995e-06,2
5.95,4.0,1.1310738017266377,0.25406744047150254,0.0,0.0,nan,0,15.81758201932908,-1.1310738017266377,-0.2540674404714998,0.0,0.0,nan,0,-15.857583112355261,-7.470641351710328e-06,9.661054162521979e-06,0.0,0.0,nan,0,-0.03999998904050944,-2.382229908040208,2.270596090828832e-15,9.305791438306452e-06,2
5.955,4.0,1.1323441389289948,0.25406744047150226,0.0,0.0,nan,0,15.805535982288879,-1.1323441389289948,-0.25406744047149954,0.0,0.0,nan,0,-15.84553707531506,-7.495183857075122e-06,1.1083555626798613e-05,0.0,0.0,nan,0,-0.039999998771683615,-2.43127990804021,2.435797276893055e-15,1.0672098248090235e-05,2
5.96,4.0,1.1336144761313518,0.2540674404715017,0.0,0.0,nan,0,15.793244695248678,-1.1336144761313518,-0.254067440471499,0.0,0.0,nan,0,-15.833245788274859,-7.520364706380123e-06,8.021848806952207e-06,0.0,0.0,nan,0,-0.04000000934336747,-2.480329908040209,2.6107684255739794e-15,8.881634828675654e-06,1
5.965,4.0,1.1348848133337088,0.2540674404715017,0.0,0.0,nan,0,15.780708158208478,-1.1348848133337088,-0.254067440471499,0.0,0.0,nan,0,-15.820709251234659,-7.539917769177479e-06,-8.915921231853256e-06,0.0,0.0,nan,0,-0.04000001615200383,-2.52937990804021,2.8035031426489063e-15,-3.9871501834588555e-06,1
5.97,4.0,1.1361551505360659,0.25406744047150154,0.0,0.0,nan,0,15.767926371168276,-1.1361551505360659,-0.2540674404714988,0.0,0.0,nan,0,-15.807927464194456,-7.535238740211114e-06,-6.444770071490835e-05,0.0,0.0,nan,0,-0.04000000377543755,-2.57842990804021,2.9642634366146286e-15,-5.159027629418301e-05,1
5.9750000000000005,4.0,1.137425487738423,0.25406744047150226,0.0,0.0,nan,0,15.754899334128075,-1.137425487738423,-0.25406744047149954,0.0,0.0,nan,0,-15.794900427154255,-7.520391869561549e-06,7.190979527749784e-06,0.0,0.0,nan,0,-0.03999998119612215,-2.6274799080402147,1.7590053210815583e-15,7.355903144785291e-06,2
5.98,4.0,1.13869582494078,0.2540674404715026,0.0,0.0,nan,0,15.741627047087874,-1.13869582494078,-0.2540674404714999,0.0,0.0,nan,0,-15.781628140114055,-7.54260797987405e-06,9.660961379964783e-06,0.0,0.0,nan,0,-0.03999998904107044,-2.6765299080402163,1.76788710527856e-15,9.305754529832841e-06,2
5.985,4.0,1.139966162143137,0.2540674404715021,0.0,0.0,nan,0,15.728109510047672,-1.139966162143137,-0.2540674404714994,0.0,0.0,nan,0,-15.768110603073852,-7.567150800844025e-06,1.1083459175271696e-05,0.0,0.0,nan,0,-0.03999999877220562,-2.72557990804022,1.7776570678952622e-15,1.0672053895175112e-05,2
5.99,4.0,1.141236499345494,0.2540674404715023,0.0,0.0,nan,0,15.714346723007472,-1.141236499345494,-0.2540674404714996,0.0,0.0,nan,0,-15.754347816033652,-7.592331963329063e-06,8.021756539857123e-06,0.0,0.0,nan,0,-0.04000000934384474,-2.774629908040225,1.795420636289265e-15,8.881594072661973e-06,2
5.995,4.0,1.142506836547851,0.2540674404715026,0.0,0.0,nan,0,15.700338685967271,-1.142506836547851,-0.2540674404714999,0.0,0.0,nan,0,-15.740339778993452,-7.611885348649677e-06,-8.915979808811461e-06,0.0,0.0,nan,0,-0.04000001615244789,-2.8236799080402286,1.8176250967817686e-15,-3.987140397036526e-06,2
6.0,4.0,1.143777173750208,0.25406744047150304,0.0,0.0,nan,0,15.686085398927068,-1.143777173750208,-0.2540674404715003,0.0,0.0,nan,0,-15.726086491953248,-7.607206693200502e-06,-6.444762953885018e-05,0.0,0.0,nan,0,-0.04000000377592818,-2.872729908040232,1.8442704493727726e-15,-5.159004960233017e-05,2
6.005,4.0,1.145047510952565,0.2540674404715032,0.0,0.0,nan,0,15.671586861886867,-1.145047510952565,-0.2540674404715005,0.0,0.0,nan,0,-15.711587954913048,-7.592360224746575e-06,7.190891602399682e-06,0.0,0.0,nan,0,-0.039999981196713746,-2.9217799080402345,1.8709158019637765e-15,7.355874646981162e-06,2
6.01,4.0,1.146317848154922,0.25406744047150276,0.0,0.0,nan,0,15.656843074846666,-1.146317848154922,-0.25406744047150004,0.0,0.0,nan,0,-15.696844167872847,-7.6145766553757654e-06,9.660868606338183e-06,0.0,0.0,nan,0,-0.039999989041631503,-2.970829908040238,1.9055547603320816e-15,9.30571761425202e-06,2
6.015000000000001,4.0,1.1475881853572791,0.254067440471505,0.0,0.0,nan,0,15.641854037806464,-1.1475881853572791,-0.25406744047150226,0.0,0.0,nan,0,-15.681855130832645,-7.639119791888471e-06,1.1083362731754954e-05,0.0,0.0,nan,0,-0.039999998772727696,-3.019879908040242,1.9703917849701907e-15,1.067200954242341e-05,2
6.0200000000000005,4.0,1.1488585225596362,0.25406744047150537,0.0,0.0,nan,0,15.626619750766265,-1.1488585225596362,-0.25406744047150265,0.0,0.0,nan,0,-15.666620843792446,-7.664301267508444e-06,8.021664280763934e-06,0.0,0.0,nan,0,-0.04000000934432205,-3.068929908040244,2.021906133312798e-15,8.881553317338408e-06,2
6.025,4.0,1.1501288597619932,0.25406744047150553,0.0,0.0,nan,0,15.611140213726063,-1.1501288597619932,-0.2540674404715028,0.0,0.0,nan,0,-15.651141306752244,-7.683854975296806e-06,-8.916038375316587e-06,0.0,0.0,nan,0,-0.040000016152892004,-3.1179799080402475,2.1071712616040107e-15,-3.987130608442595e-06,2
6.03,4.0,1.1513991969643502,0.25406744047150587,0.0,0.0,nan,0,15.595415426685861,-1.1513991969643502,-0.25406744047150315,0.0,0.0,nan,0,-15.635416519712042,-7.67917669330584e-06,-6.444755834284163e-05,0.0,0.0,nan,0,-0.040000003776418866,-3.167029908040249,2.186219140957322e-15,-5.158982290089299e-05,2
6.035,4.0,1.1526695341667073,0.25406744047150615,0.0,0.0,nan,0,15.579445389645661,-1.1526695341667073,-0.2540674404715034,0.0,0.0,nan,0,-15.619446482671842,-7.664330626988569e-06,7.190803686447717e-06,0.0,0.0,nan,0,-0.03999998119730542,-3.216079908040253,2.2963532650001374e-15,7.355846149566957e-06,2
6.04,4.0,1.1539398713690643,0.25406744047150653,0.0,0.0,nan,0,15.56323010260546,-1.1539398713690643,-0.2540674404715038,0.0,0.0,nan,0,-15.60323119563164,-7.686547377875469e-06,9.660775841261985e-06,0.0,0.0,nan,0,-0.03999998904219265,-3.2651299080402563,2.4349090984733567e-15,9.305680698138294e-06,1
6.045,4.0,1.1552102085714213,0.2540674404715071,0.0,0.0,nan,0,15.546769565565258,-1.1552102085714213,-0.2540674404715044,0.0,0.0,nan,0,-15.586770658591439,-7.711090829882333e-06,1.1083266296404463e-05,0.0,0.0,nan,0,-0.03999999877324985,-3.3141799080402596,2.594781214019379e-15,1.0671965187665316e-05,1
6.05,4.0,1.1564805457737783,0.25406744047150687,0.0,0.0,nan,0,15.530063778525058,-1.1564805457737783,-0.25406744047150415,0.0,0.0,nan,0,-15.570064871551239,-7.73627261857826e-06,8.021572029735959e-06,0.0,0.0,nan,0,-0.04000000934479944,-3.3632299080402634,2.8523529557324153e-15,8.88151255748602e-06,1
6.055,4.0,1.1577508829761354,0.25406744047150737,0.0,0.0,nan,0,15.513112741484855,-1.1577508829761354,-0.25406744047150465,0.0,0.0,nan,0,-15.553113834511036,-7.755826648782327e-06,-8.916096931258536e-06,0.0,0.0,nan,0,-0.04000001615333615,-3.4122799080402677,1.756340785822461e-15,-3.987120815660012e-06,2
6.0600000000000005,4.0,1.1590212201784924,0.25406744047150753,0.0,0.0,nan,0,15.495916454444654,-1.1590212201784924,-0.2540674404715048,0.0,0.0,nan,0,-15.535917547470834,-7.751148740211405e-06,-6.44474871265519e-05,0.0,0.0,nan,0,-0.0400000037769096,-3.461329908040271,1.7634462131800618e-15,-5.1589596185054006e-05,2
6.065,4.0,1.1602915573808494,0.25406744047150737,0.0,0.0,nan,0,15.478474917404453,-1.1602915573808494,-0.25406744047150465,0.0,0.0,nan,0,-15.518476010430634,-7.73630307598222e-06,7.190715779667023e-06,0.0,0.0,nan,0,-0.03999998119789714,-3.510379908040276,1.7767688894755634e-15,7.355817644170687e-06,2
6.07,4.0,1.1615618945832065,0.25406744047150726,0.0,0.0,nan,0,15.460788130364252,-1.1615618945832065,-0.25406744047150454,0.0,0.0,nan,0,-15.500789223390433,-7.758520147074788e-06,9.660683084816313e-06,0.0,0.0,nan,0,-0.039999989042753856,-3.559429908040279,1.7918679226104654e-15,9.305643779762379e-06,2
6.075,4.0,1.1628322317855635,0.25406744047150714,0.0,0.0,nan,0,15.44285609332405,-1.1628322317855635,-0.2540674404715044,0.0,0.0,nan,0,-15.48285718635023,-7.7830639145203e-06,1.1083169869037538e-05,0.0,0.0,nan,0,-0.03999999877377206,-3.6084799080402843,1.813184204683268e-15,1.0671920837903235e-05,2
6.08,4.0,1.1641025689879205,0.25406744047150714,0.0,0.0,nan,0,15.424678806283849,-1.1641025689879205,-0.2540674404715044,0.0,0.0,nan,0,-15.46467989931003,-7.808246016240139e-06,8.021479786793159e-06,0.0,0.0,nan,0,-0.040000009345276866,-3.6575299080402868,1.839829557274273e-15,8.881471801391526e-06,2
6.085,4.0,1.1653729061902776,0.25406744047150664,0.0,0.0,nan,0,15.406256269243647,-1.1653729061902776,-0.2540674404715039,0.0,0.0,nan,0,-15.446257362269828,-7.827800368811338e-06,-8.916155476699522e-06,0.0,0.0,nan,0,-0.04000001615378038,-3.70657990804029,1.8709158019637773e-15,-3.987111029397544e-06,2
6.09,4.0,1.1666432433926346,0.2540674404715074,0.0,0.0,nan,0,15.387588482203446,-1.1666432433926346,-0.2540674404715047,0.0,0.0,nan,0,-15.427589575229627,-7.82312283360842e-06,-6.444741589054604e-05,0.0,0.0,nan,0,-0.040000003777400414,-3.755629908040294,1.9055547603320827e-15,-5.158936946176675e-05,2
6.095,4.0,1.1679135805949916,0.25406744047150664,0.0,0.0,nan,0,15.368675445163245,-1.1679135805949916,-0.2540674404715039,0.0,0.0,nan,0,-15.408676538189425,-7.808277571432626e-06,7.190627882414943e-06,0.0,0.0,nan,0,-0.03999998119848894,-3.804679908040299,1.9472991460579884e-15,7.355789145410887e-06,2
6.1000000000000005,4.0,1.1691839177973486,0.2540674404715078,0.0,0.0,nan,0,15.349517158123042,-1.1691839177973486,-0.2540674404715051,0.0,0.0,nan,0,-15.389518251149223,-7.830494962685758e-06,9.66059033717409e-06,0.0,0.0,nan,0,-0.0399999890433151,-3.853729908040303,2.0148007059551987e-15,9.305606861379357e-06,2
6.105,4.0,1.1704542549997057,0.25406744047150787,0.0,0.0,nan,0,15.330113621082841,-1.1704542549997057,-0.25406744047150515,0.0,0.0,nan,0,-15.370114714109022,-7.855039045517875e-06,1.108307344998522e-05,0.0,0.0,nan,0,-0.039999998774294304,-3.9027799080403067,2.0609859837796057e-15,1.0671876474558228e-05,2
6.11,4.0,1.1717245922020627,0.25406744047150803,0.0,0.0,nan,0,15.310464834042639,-1.1717245922020627,-0.2540674404715053,0.0,0.0,nan,0,-15.35046592706882,-7.880221460206116e-06,8.021387551851437e-06,0.0,0.0,nan,0,-0.040000009345754345,-3.951829908040308,2.1231584731586147e-15,8.881431039320466e-06,2
6.115,4.0,1.1729949294044197,0.25406744047150753,0.0,0.0,nan,0,15.290570797002438,-1.1729949294044197,-0.2540674404715048,0.0,0.0,nan,0,-15.330571890028619,-7.899776135081998e-06,-8.916214011898847e-06,0.0,0.0,nan,0,-0.04000001615422463,-4.000879908040308,2.2252989914241293e-15,-3.987101241120691e-06,2
6.12,4.0,1.1742652666067768,0.25406744047150825,0.0,0.0,nan,0,15.270431509962236,-1.1742652666067768,-0.25406744047150553,0.0,0.0,nan,0,-15.310432602988417,-7.895098973195042e-06,-6.444734463448843e-05,0.0,0.0,nan,0,-0.04000000377789126,-4.049929908040309,2.3505321486018474e-15,-5.158914272533002e-05,2
6.125,4.0,1.1755356038091338,0.2540674404715082,0.0,0.0,nan,0,15.250046972922036,-1.1755356038091338,-0.2540674404715055,0.0,0.0,nan,0,-15.290048065948216,-7.880254113017127e-06,7.190539994679937e-06,0.0,0.0,nan,0,-0.03999998119908077,-4.09897990804031,2.4988579446917685e-15,7.355760643546013e-06,1
6.13,4.0,1.1768059410114908,0.2540674404715084,0.0,0.0,nan,0,15.229417185881834,-1.1768059410114908,-0.2540674404715057,0.0,0.0,nan,0,-15.269418278908015,-7.902471824368373e-06,9.660497598294345e-06,0.0,0.0,nan,0,-0.039999989043876395,-4.1480299080403125,2.738666118010802e-15,9.30556993911322e-06,1
6.135,4.0,1.1780762782138479,0.25406744047150825,0.0,0.0,nan,0,15.208542148841632,-1.1780762782138479,-0.2540674404715056,0.0,0.0,nan,0,-15.248543241867813,-7.927016222538524e-06,1.1082977038977498e-05,0.0,0.0,nan,0,-0.03999999877481661,-4.197079908040312,2.9473880466403312e-15,1.0671832114455079e-05,1
6.140000000000001,4.0,1.179346615416205,0.25406744047150875,0.0,0.0,nan,0,15.18742186180143,-1.179346615416205,-0.25406744047150603,0.0,0.0,nan,0,-15.227422954827611,-7.952198950139655e-06,8.021295325066583e-06,0.0,0.0,nan,0,-0.04000000934623188,-4.246129908040314,1.7590053210815634e-15,8.88139027458043e-06,2
6.1450000000000005,4.0,1.180616952618562,0.2540674404715089,0.0,0.0,nan,0,15.166056324761229,-1.180616952618562,-0.2540674404715062,0.0,0.0,nan,0,-15.20605741778741,-7.971753947275118e-06,-8.916272536637068e-06,0.0,0.0,nan,0,-0.04000001615466896,-4.295179908040316,1.7723279973770654e-15,-3.987091450902286e-06,2
6.15,4.0,1.181887289820919,0.25406744047150953,0.0,0.0,nan,0,15.144445537721028,-1.181887289820919,-0.2540674404715068,0.0,0.0,nan,0,-15.184446630747209,-7.967077158662489e-06,-6.444727335824364e-05,0.0,0.0,nan,0,-0.04000000377838216,-4.344229908040318,1.784762495252867e-15,-5.1588915978380806e-05,2
6.155,4.0,1.183157627023276,0.2540674404715086,0.0,0.0,nan,0,15.122589500680826,-1.183157627023276,-0.25406744047150587,0.0,0.0,nan,0,-15.162590593707007,-7.95223270043735e-06,7.1904521160759225e-06,0.0,0.0,nan,0,-0.03999998119967267,-4.393279908040316,1.7980851715483684e-15,7.3557321412619205e-06,2
6.16,4.0,1.184427964225633,0.254067440471509,0.0,0.0,nan,0,15.100488213640624,-1.184427964225633,-0.25406744047150626,0.0,0.0,nan,0,-15.140489306666804,-7.974450731845079e-06,9.660404868045659e-06,0.0,0.0,nan,0,-0.03999998904443776,-4.4423299080403185,1.818513275201471e-15,9.30553301786849e-06,2
6.165,4.0,1.18569830142799,0.25406744047150864,0.0,0.0,nan,0,15.078141676600422,-1.18569830142799,-0.2540674404715059,0.0,0.0,nan,0,-15.118142769626603,-7.998995445287344e-06,1.108288063573524e-05,0.0,0.0,nan,0,-0.03999999877533897,-4.491379908040318,1.837165022015174e-15,1.067178775109498e-05,2
6.17,4.0,1.186968638630347,0.25406744047150825,0.0,0.0,nan,0,15.055549889560222,-1.186968638630347,-0.25406744047150553,0.0,0.0,nan,0,-15.095550982586403,-8.024178485749323e-06,8.02120310620924e-06,0.0,0.0,nan,0,-0.04000000934670948,-4.540429908040318,1.870027623544078e-15,8.88134949990346e-06,2
6.175,4.0,1.188238975832704,0.254067440471508,0.0,0.0,nan,0,15.032712852520019,-1.188238975832704,-0.25406744047150526,0.0,0.0,nan,0,-15.0727139455462,-8.043733805092323e-06,-8.916331050743883e-06,0.0,0.0,nan,0,-0.040000016155113366,-4.5894799080403175,1.904666581912383e-15,-3.987081663055313e-06,2
6.18,4.0,1.1895093130350611,0.25406744047150853,0.0,0.0,nan,0,15.009630565479817,-1.1895093130350611,-0.2540674404715058,0.0,0.0,nan,0,-15.049631658505998,-8.039057389698512e-06,-6.444720206169371e-05,0.0,0.0,nan,0,-0.04000000377887316,-4.6385299080403195,1.9597336439337907e-15,-5.158868921957797e-05,2
6.1850000000000005,4.0,1.1907796502374182,0.2540674404715094,0.0,0.0,nan,0,14.986303028439616,-1.1907796502374182,-0.2540674404715067,0.0,0.0,nan,0,-15.026304121465797,-8.024213333384517e-06,7.190364247068206e-06,0.0,0.0,nan,0,-0.03999998120026467,-4.687579908040318,2.0121361706960975e-15,7.355703635975785e-06,2
6.19,4.0,1.1920499874397752,0.254067440471509,0.0,0.0,nan,0,14.962730241399413,-1.1920499874397752,-0.25406744047150626,0.0,0.0,nan,0,-15.002731334425594,-8.046431684793215e-06,9.660312146582098e-06,0.0,0.0,nan,0,-0.03999998904499921,-4.7366299080403165,2.1000658342464096e-15,9.305496093563095e-06,2
6.195,4.0,1.1933203246421322,0.2540674404715083,0.0,0.0,nan,0,14.938912204359212,-1.1933203246421322,-0.2540674404715056,0.0,0.0,nan,0,-14.978913297385393,-8.07097671346943e-06,1.1082784240891406e-05,0.0,0.0,nan,0,-0.039999998775861426,-4.785679908040316,2.201318174092224e-15,1.0671743385931881e-05,2
6.2,4.0,1.1945906618444893,0.2540674404715085,0.0,0.0,nan,0,14.914848917319011,-1.1945906618444893,-0.25406744047150576,0.0,0.0,nan,0,-14.954850010345192,-8.096160066743685e-06,8.02111089572995e-06,0.0,0.0,nan,0,-0.04000000934718715,-4.834729908040322,2.3176695470729404e-15,8.881308741015643e-06,2
6.205,4.0,1.1958609990468463,0.25406744047150825,0.0,0.0,nan,0,14.890540380278809,-1.1958609990468463,-0.25406744047150553,0.0,0.0,nan,0,-14.93054147330499,-8.115715708238713e-06,-8.916389554658717e-06,0.0,0.0,nan,0,-0.04000001615555779,-4.883779908040326,2.466883521582562e-15,-3.987071871953158e-06,1
6.21,4.0,1.1971313362492033,0.2540674404715078,0.0,0.0,nan,0,14.865986593238608,-1.1971313362492033,-0.2540674404715051,0.0,0.0,nan,0,-14.905987686264789,-8.111039666022085e-06,-6.444713074530034e-05,0.0,0.0,nan,0,-0.04000000377936418,-4.93282990804033,2.675605450212091e-15,-5.158846245175833e-05,1
6.215,4.0,1.1984016734515603,0.2540674404715071,0.0,0.0,nan,0,14.841187556198406,-1.1984016734515603,-0.25406744047150437,0.0,0.0,nan,0,-14.881188649224587,-8.096196011570661e-06,7.1902763874369695e-06,0.0,0.0,nan,0,-0.03999998120085671,-4.981879908040333,2.9003145903962227e-15,7.355675131617801e-06,1
6.22,4.0,1.1996720106539174,0.2540674404715077,0.0,0.0,nan,0,14.816143269158204,-1.1996720106539174,-0.254067440471505,0.0,0.0,nan,0,-14.856144362184384,-8.118414682924818e-06,9.660219433813218e-06,0.0,0.0,nan,0,-0.03999998904556071,-5.030929908040337,3.172985365244161e-15,9.305459167281501e-06,1
6.2250000000000005,4.0,1.2009423478562744,0.254067440471509,0.0,0.0,nan,0,14.790853732118004,-1.2009423478562744,-0.25406744047150626,0.0,0.0,nan,0,-14.830854825144185,-8.142960026779472e-06,1.1082687854137256e-05,0.0,0.0,nan,0,-0.039999998776383924,-5.079979908040336,1.7634462131800622e-15,1.0671699018585631e-05,2
6.23,4.0,1.2022126850586314,0.2540674404715081,0.0,0.0,nan,0,14.765318945077802,-1.2022126850586314,-0.25406744047150537,0.0,0.0,nan,0,-14.805320038103982,-8.168143692803553e-06,8.021018693179098e-06,0.0,0.0,nan,0,-0.04000000934766487,-5.129029908040339,1.776768889475564e-15,8.881267969766141e-06,2
6.235,4.0,1.2034830222609885,0.25406744047150887,0.0,0.0,nan,0,14.739538908037598,-1.2034830222609885,-0.25406744047150615,0.0,0.0,nan,0,-14.77954000106378,-8.187699656398567e-06,-8.91644804796048e-06,0.0,0.0,nan,0,-0.040000016156002294,-5.178079908040339,1.790979744190766e-15,-3.987062080199986e-06,2
6.24,4.0,1.2047533594633455,0.25406744047150936,0.0,0.0,nan,0,14.713513620997398,-1.2047533594633455,-0.25406744047150664,0.0,0.0,nan,0,-14.753514714023579,-8.183023987300142e-06,-6.444705940911897e-05,0.0,0.0,nan,0,-0.04000000377985527,-5.227129908040339,1.802526063646868e-15,-5.158823566948094e-05,2
6.245,4.0,1.2060236966657025,0.25406744047150837,0.0,0.0,nan,0,14.687243083957195,-1.2060236966657025,-0.25406744047150565,0.0,0.0,nan,0,-14.727244176983376,-8.168180734659247e-06,7.190188537176251e-06,0.0,0.0,nan,0,-0.039999981201448806,-5.27617990804034,1.8220659888802707e-15,7.355646617919722e-06,2
6.25,4.0,1.2072940338680596,0.2540674404715082,0.0,0.0,nan,0,14.660727296916994,-1.2072940338680596,-0.2540674404715055,0.0,0.0,nan,0,-14.700728389943174,-8.19039972591723e-06,9.660126729683907e-06,0.0,0.0,nan,0,-0.039999989046122286,-5.325229908040343,1.8433822709530745e-15,9.305422238082241e-06,2
6.255,4.0,1.2085643710704166,0.2540674404715077,0.0,0.0,nan,0,14.633966259876793,-1.2085643710704166,-0.254067440471505,0.0,0.0,nan,0,-14.673967352902974,-8.214945384894812e-06,1.1082591475384177e-05,0.0,0.0,nan,0,-0.0399999987769065,-5.3742799080403465,1.869139445124378e-15,1.0671654650286368e-05,2
6.26,4.0,1.2098347082727736,0.2540674404715075,0.0,0.0,nan,0,14.60695997283659,-1.2098347082727736,-0.25406744047150476,0.0,0.0,nan,0,-14.64696106586277,-8.240129363627086e-06,8.02092649867558e-06,0.0,0.0,nan,0,-0.04000000934814266,-5.42332990804035,1.9082192955911836e-15,8.88122719855662e-06,2
6.265000000000001,4.0,1.2111050454751306,0.25406744047150776,0.0,0.0,nan,0,14.579708435796388,-1.2111050454751306,-0.25406744047150503,0.0,0.0,nan,0,-14.619709528822568,-8.259685649273513e-06,-8.916506530723513e-06,0.0,0.0,nan,0,-0.04000001615644685,-5.4723799080403515,1.9579572870943903e-15,-3.987052289492188e-06,2
6.2700000000000005,4.0,1.2123753826774877,0.254067440471507,0.0,0.0,nan,0,14.552211648756186,-1.2123753826774877,-0.25406744047150426,0.0,0.0,nan,0,-14.592212741782367,-8.255010353251657e-06,-6.44469880525544e-05,0.0,0.0,nan,0,-0.04000000378034642,-5.521429908040355,2.0156888843748988e-15,-5.158800887791497e-05,2
6.275,4.0,1.2136457198798447,0.2540674404715071,0.0,0.0,nan,0,14.524469611715984,-1.2136457198798447,-0.25406744047150437,0.0,0.0,nan,0,-14.564470704742165,-8.240167502383128e-06,7.1901006963102105e-06,0.0,0.0,nan,0,-0.03999998120204097,-5.570479908040356,2.09296040688881e-15,7.355618116522918e-06,2
6.28,4.0,1.2149160570822017,0.2540674404715074,0.0,0.0,nan,0,14.496482324675783,-1.2149160570822017,-0.2540674404715047,0.0,0.0,nan,0,-14.536483417701964,-8.262386813482486e-06,9.660034034286568e-06,0.0,0.0,nan,0,-0.039999989046683906,-5.619529908040358,2.218193564066527e-15,9.305385304759166e-06,2
6.285,4.0,1.2161863942845588,0.25406744047150687,0.0,0.0,nan,0,14.468249787635582,-1.2161863942845588,-0.25406744047150415,0.0,0.0,nan,0,-14.508250880661762,-8.286932787534423e-06,1.108249510458788e-05,0.0,0.0,nan,0,-0.039999998777429116,-5.6685799080403605,2.3638548248973474e-15,1.0671610276006997e-05,2
6.29,4.0,1.2174567314869158,0.2540674404715069,0.0,0.0,nan,0,14.43977200059538,-1.2174567314869158,-0.2540674404715042,0.0,0.0,nan,0,-14.47977309362156,-8.31211707891591e-06,8.020834312270649e-06,0.0,0.0,nan,0,-0.04000000934862051,-5.7176299080403625,2.530832367800971e-15,8.881186420735487e-06,1
6.295,4.0,1.2187270686892728,0.2540674404715072,0.0,0.0,nan,0,14.411048963555178,-1.2187270686892728,-0.2540674404715045,0.0,0.0,nan,0,-14.451050056581359,-8.3316736865513e-06,-8.916565003200324e-06,0.0,0.0,nan,0,-0.040000016156891485,-5.766679908040364,2.7555415079851032e-15,-3.987042502201219e-06,1
6.3,4.0,1.2199974058916299,0.2540674404715075,0.0,0.0,nan,0,14.382080676514976,-1.2199974058916299,-0.25406744047150476,0.0,0.0,nan,0,-14.422081769541157,-8.326998763550503e-06,-6.444691667604011e-05,0.0,0.0,nan,0,-0.040000003780837665,-5.815729908040364,3.01222507127844e-15,-5.158778207695652e-05,1
6.305,4.0,1.221267743093987,0.2540674404715075,0.0,0.0,nan,0,14.352867139474775,-1.221267743093987,-0.25406744047150476,0.0,0.0,nan,0,-14.392868232500955,-8.312156314405766e-06,7.190012864937635e-06,0.0,0.0,nan,0,-0.03999998120263325,-5.864779908040365,1.7598934995012636e-15,7.355589607184024e-06,2
6.3100000000000005,4.0,1.222538080296344,0.2540674404715078,0.0,0.0,nan,0,14.323408352434573,-1.222538080296344,-0.2540674404715051,0.0,0.0,nan,0,-14.363409445460753,-8.334375945294459e-06,9.659941347769049e-06,0.0,0.0,nan,0,-0.03999998904724561,-5.913829908040371,1.7634462131800645e-15,9.30534837788605e-06,2
6.315,4.0,1.223808417498701,0.25406744047150837,0.0,0.0,nan,0,14.29370431539437,-1.223808417498701,-0.25406744047150565,0.0,0.0,nan,0,-14.33370540842055,-8.35892223436871e-06,1.1082398742182239e-05,0.0,0.0,nan,0,-0.03999999877795181,-5.962879908040376,1.7758807110558663e-15,1.0671565904571583e-05,2
6.32,4.0,1.225078754701058,0.25406744047150887,0.0,0.0,nan,0,14.263755028354169,-1.225078754701058,-0.25406744047150615,0.0,0.0,nan,0,-14.30375612138035,-8.384106838347366e-06,8.020742133939473e-06,0.0,0.0,nan,0,-0.0400000093490984,-6.01192990804038,1.789203387351368e-15,8.88114564932791e-06,2
6.325,4.0,1.226349091903415,0.2540674404715094,0.0,0.0,nan,0,14.233560491313966,-1.226349091903415,-0.2540674404715067,0.0,0.0,nan,0,-14.273561584340147,-8.403663767926617e-06,-8.916623465128412e-06,0.0,0.0,nan,0,-0.040000016157336137,-6.060979908040382,1.8131842046832712e-15,-3.987032708988749e-06,2
6.33,4.0,1.227619429105772,0.25406744047150887,0.0,0.0,nan,0,14.203120704273765,-1.227619429105772,-0.25406744047150615,0.0,0.0,nan,0,-14.243121797299946,-8.398989217901776e-06,-6.4446845279404e-05,0.0,0.0,nan,0,-0.04000000378132892,-6.110029908040383,1.8478231630515766e-15,-5.1587555261952404e-05,2
6.335,4.0,1.228889766308129,0.25406744047150803,0.0,0.0,nan,0,14.172435667233563,-1.228889766308129,-0.2540674404715053,0.0,0.0,nan,0,-14.212436760259743,-8.38414717043226e-06,7.189925042801983e-06,0.0,0.0,nan,0,-0.03999998120322553,-6.159079908040386,1.8922320840365827e-15,7.355561096624785e-06,2
6.34,4.0,1.230160103510486,0.25406744047150853,0.0,0.0,nan,0,14.14150538019336,-1.230160103510486,-0.2540674404715058,0.0,0.0,nan,0,-14.18150647321954,-8.406367121068653e-06,9.659848669923789e-06,0.0,0.0,nan,0,-0.03999998904780734,-6.208129908040391,1.9206537934669868e-15,9.305311445722952e-06,2
6.345,4.0,1.2314304407128431,0.25406744047150903,0.0,0.0,nan,0,14.110329843153158,-1.2314304407128431,-0.2540674404715063,0.0,0.0,nan,0,-14.150330936179339,-8.430913725099298e-06,1.1082302387579166e-05,0.0,0.0,nan,0,-0.03999999877847453,-6.257179908040391,1.9774972123277944e-15,1.067152152934454e-05,2
6.3500000000000005,4.0,1.2327007779152002,0.25406744047150953,0.0,0.0,nan,0,14.078909056112956,-1.2327007779152002,-0.2540674404715068,0.0,0.0,nan,0,-14.118910149139136,-8.456098641623083e-06,8.020649963816552e-06,0.0,0.0,nan,0,-0.04000000934957633,-6.3062299080403905,2.046775129064404e-15,8.881104868473665e-06,2
6.355,4.0,1.2339711151175572,0.254067440471508,0.0,0.0,nan,0,14.047243019072754,-1.2339711151175572,-0.25406744047150526,0.0,0.0,nan,0,-14.087244112098935,-8.475655893090683e-06,-8.916681916697076e-06,0.0,0.0,nan,0,-0.04000001615778084,-6.355279908040391,2.123158473158615e-15,-3.987022915396145e-06,2
6.36,4.0,1.2352414523199142,0.25406744047150837,0.0,0.0,nan,0,14.015331732032553,-1.2352414523199142,-0.25406744047150565,0.0,0.0,nan,0,-14.055332825058734,-8.470981715996695e-06,-6.444677386262623e-05,0.0,0.0,nan,0,-0.040000003781820226,-6.404329908040392,2.2252989914241297e-15,-5.15873284436416e-05,2
6.365,4.0,1.2365117895222713,0.25406744047150753,0.0,0.0,nan,0,13.98317519499235,-1.2365117895222713,-0.2540674404715048,0.0,0.0,nan,0,-14.023176288018531,-8.456140070164236e-06,7.189837230295757e-06,0.0,0.0,nan,0,-0.03999998120381788,-6.453379908040392,2.3487557917624477e-15,7.355532582632732e-06,2
6.37,4.0,1.2377821267246283,0.25406744047150664,0.0,0.0,nan,0,13.950773407952148,-1.2377821267246283,-0.2540674404715039,0.0,0.0,nan,0,-13.990774500978329,-8.47836034048241e-06,9.659756000758914e-06,0.0,0.0,nan,0,-0.039999989048369156,-6.502429908040393,2.5308323678009734e-15,9.30527451019632e-06,1
6.375,4.0,1.2390524639269853,0.25406744047150664,0.0,0.0,nan,0,13.918126370911947,-1.2390524639269853,-0.2540674404715039,0.0,0.0,nan,0,-13.958127463938128,-8.502907259431286e-06,1.1082206041137488e-05,0.0,0.0,nan,0,-0.03999999877899732,-6.551479908040396,2.7075798733212986e-15,1.0671477152045382e-05,1
6.38,4.0,1.2403228011293423,0.25406744047150737,0.0,0.0,nan,0,13.885234083871744,-1.2403228011293423,-0.25406744047150465,0.0,0.0,nan,0,-13.925235176897925,-8.528092488451627e-06,8.02055780161595e-06,0.0,0.0,nan,0,-0.040000009350054336,-6.600529908040399,2.900314590396226e-15,8.881064086599798e-06,1
6.385,4.0,1.2415931383316994,0.2540674404715059,0.0,0.0,nan,0,13.852096546831543,-1.2415931383316994,-0.2540674404715032,0.0,0.0,nan,0,-13.892097639857724,-8.547650061752066e-06,-8.916740357701739e-06,0.0,0.0,nan,0,-0.04000001615822562,-6.6495799080403994,3.1720971868244634e-15,-3.987013126744467e-06,1
6.390000000000001,4.0,1.2428634755340564,0.25406744047150626,0.0,0.0,nan,0,13.818713759791342,-1.2428634755340564,-0.25406744047150354,0.0,0.0,nan,0,-13.858714852817522,-8.54297625752648e-06,-6.444670242588945e-05,0.0,0.0,nan,0,-0.04000000378231161,-6.698629908040398,1.760781677920964e-15,-5.158710160133665e-05,2
6.3950000000000005,4.0,1.2441338127364134,0.25406744047150703,0.0,0.0,nan,0,13.785085722751138,-1.2441338127364134,-0.2540674404715043,0.0,0.0,nan,0,-13.825086815777318,-8.528135013268628e-06,7.189749426949678e-06,0.0,0.0,nan,0,-0.039999981204410284,-6.747679908040398,1.7732161757967656e-15,7.355504072151654e-06,2
6.4,4.0,1.2454041499387705,0.2540674404715074,0.0,0.0,nan,0,13.751212435710936,-1.2454041499387705,-0.2540674404715047,0.0,0.0,nan,0,-13.791213528737117,-8.55035560322695e-06,9.659663340549826e-06,0.0,0.0,nan,0,-0.039999989048931026,-6.796729908040399,1.7829861384134667e-15,9.305237569888625e-06,2
6.405,4.0,1.2466744871411275,0.2540674404715083,0.0,0.0,nan,0,13.717093898670734,-1.2466744871411275,-0.2540674404715056,0.0,0.0,nan,0,-13.757094991696915,-8.574902837031606e-06,1.1082109702966107e-05,0.0,0.0,nan,0,-0.0399999987795202,-6.845779908040402,1.799861528387769e-15,1.0671432770672138e-05,2
6.41,4.0,1.2479448243434845,0.25406744047150764,0.0,0.0,nan,0,13.682730111630532,-1.2479448243434845,-0.2540674404715049,0.0,0.0,nan,0,-13.722731204656712,-8.600088378475645e-06,8.020465647709959e-06,0.0,0.0,nan,0,-0.040000009350532426,-6.894829908040406,1.820289632040872e-15,8.88102330523573e-06,2
6.415,4.0,1.2492151615458416,0.2540674404715076,0.0,0.0,nan,0,13.64812107459033,-1.2492151615458416,-0.25406744047150487,0.0,0.0,nan,0,-13.68812216761651,-8.61964627355688e-06,-8.916798788294687e-06,0.0,0.0,nan,0,-0.04000001615867047,-6.943879908040409,1.8353886651757735e-15,-3.987003334767459e-06,2
6.42,4.0,1.2504854987481986,0.2540674404715086,0.0,0.0,nan,0,13.613266787550128,-1.2504854987481986,-0.25406744047150587,0.0,0.0,nan,0,-13.653267880576308,-8.614972842165003e-06,-6.444663096903859e-05,0.0,0.0,nan,0,-0.04000000378280307,-6.992929908040408,1.8673630882849784e-15,-5.158687475502869e-05,2
6.425,4.0,1.2517558359505556,0.25406744047150925,0.0,0.0,nan,0,13.578167250509924,-1.2517558359505556,-0.25406744047150653,0.0,0.0,nan,0,-13.618168343536105,-8.600131999443594e-06,7.18966163330643e-06,0.0,0.0,nan,0,-0.039999981205002796,-7.041979908040408,1.87802122932138e-15,7.355475557125758e-06,2
6.43,4.0,1.2530261731529126,0.2540674404715096,0.0,0.0,nan,0,13.542822463469724,-1.2530261731529126,-0.25406744047150687,0.0,0.0,nan,0,-13.582823556495905,-8.622352908986552e-06,9.6595706886991e-06,0.0,0.0,nan,0,-0.03999998904949295,-7.091029908040408,1.939305540280689e-15,9.305200637823218e-06,2
6.4350000000000005,4.0,1.2542965103552697,0.2540674404715114,0.0,0.0,nan,0,13.507232426429521,-1.2542965103552697,-0.2540674404715087,0.0,0.0,nan,0,-13.547233519455702,-8.646900457598417e-06,1.1082013372843855e-05,0.0,0.0,nan,0,-0.03999999878004309,-7.140079908040407,1.985490818105096e-15,1.0671388391942112e-05,2
6.44,4.0,1.2555668475576267,0.2540674404715101,0.0,0.0,nan,0,13.47139713938932,-1.2555668475576267,-0.25406744047150737,0.0,0.0,nan,0,-13.5113982324155,-8.67208631143146e-06,8.020373501679507e-06,0.0,0.0,nan,0,-0.04000000935101052,-7.1891299080404085,2.0352288096083025e-15,8.880982514115915e-06,2
6.445,4.0,1.2568371847599837,0.2540674404715122,0.0,0.0,nan,0,13.435316602349118,-1.2568371847599837,-0.2540674404715095,0.0,0.0,nan,0,-13.475317695375299,-8.691644528251857e-06,-8.916857208391598e-06,0.0,0.0,nan,0,-0.04000001615911536,-7.23817990804041,2.139145684713217e-15,-3.986993544204435e-06,2
6.45,4.0,1.2581075219623408,0.25406744047151253,0.0,0.0,nan,0,13.398990815308915,-1.2581075219623408,-0.2540674404715098,0.0,0.0,nan,0,-13.438991908335096,-8.686971469638177e-06,-6.444655949193976e-05,0.0,0.0,nan,0,-0.04000000378329456,-7.2872299080404135,2.278589696606137e-15,-5.158664789580751e-05,2
6.455,4.0,1.2593778591646978,0.2540674404715114,0.0,0.0,nan,0,13.362419778268713,-1.2593778591646978,-0.2540674404715087,0.0,0.0,nan,0,-13.402420871294893,-8.672131028408109e-06,7.1895738490348445e-06,0.0,0.0,nan,0,-0.03999998120559533,-7.336279908040417,2.4198100653384566e-15,7.3554470423121275e-06,2
6.46,4.0,1.2606481963670548,0.2540674404715132,0.0,0.0,nan,0,13.325603491228511,-1.2606481963670548,-0.2540674404715105,0.0,0.0,nan,0,-13.365604584254692,-8.694352257480192e-06,9.659478045841904e-06,0.0,0.0,nan,0,-0.03999998905005493,-7.385329908040422,2.595669392439081e-15,9.305163694811007e-06,1
6.465,4.0,1.2619185335694119,0.254067440471513,0.0,0.0,nan,0,13.28854195418831,-1.2619185335694119,-0.25406744047151025,0.0,0.0,nan,0,-13.32854304721449,-8.718900120843753e-06,1.1081917050825129e-05,0.0,0.0,nan,0,-0.039999998780566065,-7.434379908040422,2.8994264119765246e-15,1.067134400601695e-05,1
6.47,4.0,1.263188870771769,0.2540674404715134,0.0,0.0,nan,0,13.251235167148106,-1.263188870771769,-0.2540674404715107,0.0,0.0,nan,0,-13.291236260174287,-8.74408628700682e-06,8.020281363860495e-06,0.0,0.0,nan,0,-0.0400000093514887,-7.483429908040426,3.1232473737409564e-15,8.880941733692428e-06,1
6.4750000000000005,4.0,1.264459207974126,0.2540674404715134,0.0,0.0,nan,0,13.213683130107905,-1.264459207974126,-0.2540674404715107,0.0,0.0,nan,0,-13.253684223134085,-8.76364482550393e-06,-8.916915618149017e-06,0.0,0.0,nan,0,-0.04000001615956029,-7.532479908040426,1.760781677920964e-15,-3.9869837507246365e-06,2
6.48,4.0,1.265729545176483,0.2540674404715131,0.0,0.0,nan,0,13.175885843067702,-1.265729545176483,-0.25406744047151036,0.0,0.0,nan,0,-13.215886936093883,-8.758972139616406e-06,-6.444648799504091e-05,0.0,0.0,nan,0,-0.0400000037837861,-7.581529908040428,1.7714398189573656e-15,-5.158642102780935e-05,2
6.485,4.0,1.26699988237884,0.2540674404715131,0.0,0.0,nan,0,13.1378433060275,-1.26699988237884,-0.25406744047151036,0.0,0.0,nan,0,-13.177844399053681,-8.744132099829105e-06,7.18948607414685e-06,0.0,0.0,nan,0,-0.03999998120618793,-7.630579908040428,1.783874316833167e-15,7.3554185223230905e-06,2
6.49,4.0,1.268270219581197,0.254067440471513,0.0,0.0,nan,0,13.099555518987298,-1.268270219581197,-0.25406744047151025,0.0,0.0,nan,0,-13.139556612013479,-8.766353648378272e-06,9.659385411896718e-06,0.0,0.0,nan,0,-0.03999998905061698,-7.679629908040426,1.797196993128669e-15,9.305126754995355e-06,2
6.495,4.0,1.269540556783554,0.25406744047151253,0.0,0.0,nan,0,13.061022481947097,-1.269540556783554,-0.2540674404715098,0.0,0.0,nan,0,-13.101023574973278,-8.790901826441488e-06,1.1081820736867231e-05,0.0,0.0,nan,0,-0.039999998781089105,-7.7286799080404265,1.812296026263571e-15,1.0671299613796384e-05,2
6.5,4.0,1.270810893985911,0.2540674404715132,0.0,0.0,nan,0,13.022244194906895,-1.270810893985911,-0.2540674404715105,0.0,0.0,nan,0,-13.062245287933075,-8.816088304882536e-06,8.020189234129654e-06,0.0,0.0,nan,0,-0.04000000935196696,-7.777729908040431,1.8247305241393724e-15,8.880900944846347e-06,2
6.505,4.0,1.272081231188268,0.2540674404715132,0.0,0.0,nan,0,12.983220657866692,-1.272081231188268,-0.2540674404715105,0.0,0.0,nan,0,-13.023221750892873,-8.835647165004318e-06,-8.916974017226182e-06,0.0,0.0,nan,0,-0.0400000161600053,-7.826779908040432,1.8398295572742748e-15,-3.9869739576560605e-06,2
6.51,4.0,1.2733515683906251,0.25406744047151164,0.0,0.0,nan,0,12.94395187082649,-1.2733515683906251,-0.2540674404715089,0.0,0.0,nan,0,-12.983952963852671,-8.830974851804785e-06,-6.444641647794749e-05,0.0,0.0,nan,0,-0.04000000378427773,-7.875829908040433,1.866474909865279e-15,-5.1586194146011554e-05,2
6.515000000000001,4.0,1.2746219055929822,0.2540674404715111,0.0,0.0,nan,0,12.904437833786288,-1.2746219055929822,-0.25406744047150837,0.0,0.0,nan,0,-12.944438926812468,-8.816135213418619e-06,7.189398308694591e-06,0.0,0.0,nan,0,-0.03999998120678061,-7.924879908040433,1.9126601876896857e-15,7.355390005913412e-06,2
6.5200000000000005,4.0,1.2758922427953392,0.2540674404715101,0.0,0.0,nan,0,12.864678546746086,-1.2758922427953392,-0.25406744047150737,0.0,0.0,nan,0,-12.904679639772267,-8.838357081392828e-06,9.659292786527506e-06,0.0,0.0,nan,0,-0.0399999890511791,-7.973929908040433,1.9615100007731927e-15,9.305089812160789e-06,2
6.525,4.0,1.2771625799976962,0.2540674404715103,0.0,0.0,nan,0,12.824674009705884,-1.2771625799976962,-0.2540674404715076,0.0,0.0,nan,0,-12.864675102732065,-8.862905574110597e-06,1.1081724431162252e-05,0.0,0.0,nan,0,-0.03999999878161222,-8.022979908040435,2.0574332701008067e-15,1.0671255229001879e-05,2
6.53,4.0,1.2784329172000533,0.25406744047150986,0.0,0.0,nan,0,12.784424222665681,-1.2784329172000533,-0.25406744047150714,0.0,0.0,nan,0,-12.824425315691862,-8.888092364774114e-06,8.020097112566831e-06,0.0,0.0,nan,0,-0.040000009352445264,-8.07202990804044,2.170231929402723e-15,8.880860154270101e-06,2
6.535,4.0,1.2797032544024103,0.25406744047151053,0.0,0.0,nan,0,12.743929185625479,-1.2797032544024103,-0.2540674404715078,0.0,0.0,nan,0,-12.78393027865166,-8.907651546465056e-06,-8.91703240579813e-06,0.0,0.0,nan,0,-0.040000016160450375,-8.121079908040443,2.28747148080314e-15,-3.9869641644027355e-06,2
6.54,4.0,1.2809735916047673,0.25406744047150864,0.0,0.0,nan,0,12.703188898585276,-1.2809735916047673,-0.2540674404715059,0.0,0.0,nan,0,-12.743189991611457,-8.902979605891065e-06,-6.444634494075914e-05,0.0,0.0,nan,0,-0.040000003784769415,-8.170129908040447,2.386947463809554e-15,-5.158596725424485e-05,1
6.545,4.0,1.2822439288071243,0.25406744047150864,0.0,0.0,nan,0,12.662203361545075,-1.2822439288071243,-0.2540674404715059,0.0,0.0,nan,0,-12.702204454571255,-8.888140368857461e-06,7.18931055272808e-06,0.0,0.0,nan,0,-0.039999981207373365,-8.219179908040452,2.5787940024647816e-15,7.355361485556667e-06,1
6.55,4.0,1.2835142660094814,0.25406744047150787,0.0,0.0,nan,0,12.620972574504872,-1.2835142660094814,-0.25406744047150515,0.0,0.0,nan,0,-12.660973667531053,-8.910362556201201e-06,9.659200169821197e-06,0.0,0.0,nan,0,-0.03999998905174129,-8.268229908040457,2.803503142648913e-15,9.30505286724788e-06,1
6.555,4.0,1.2847846032118384,0.25406744047150653,0.0,0.0,nan,0,12.579496537464669,-1.2847846032118384,-0.2540674404715038,0.0,0.0,nan,0,-12.61949763049085,-8.934911363514542e-06,1.1081628133405457e-05,0.0,0.0,nan,0,-0.039999998782135365,-8.31727990804046,3.044199494387647e-15,1.0671210843067836e-05,1
6.5600000000000005,4.0,1.2860549404141954,0.2540674404715074,0.0,0.0,nan,0,12.537775250424467,-1.2860549404141954,-0.2540674404715047,0.0,0.0,nan,0,-12.577776343450648,-8.960098466348487e-06,8.0200049990848e-06,0.0,0.0,nan,0,-0.040000009352923596,-8.366329908040465,1.761669856340666e-15,8.880819360231727e-06,2
6.565,4.0,1.2873252776165525,0.2540674404715072,0.0,0.0,nan,0,12.495808713384266,-1.2873252776165525,-0.2540674404715045,0.0,0.0,nan,0,-12.535809806410446,-8.979657969553079e-06,-8.917090784046402e-06,0.0,0.0,nan,0,-0.04000001616089546,-8.415379908040467,1.7696634621179673e-15,-3.986954371883056e-06,2
6.57,4.0,1.2885956148189095,0.2540674404715074,0.0,0.0,nan,0,12.453596926344062,-1.2885956148189095,-0.2540674404715047,0.0,0.0,nan,0,-12.493598019370243,-8.974986401559526e-06,-6.444627338325311e-05,0.0,0.0,nan,0,-0.040000003785261126,-8.464429908040476,1.784762495252869e-15,-5.158574035020973e-05,2
6.575,4.0,1.2898659520212665,0.2540674404715072,0.0,0.0,nan,0,12.41113988930386,-1.2898659520212665,-0.2540674404715045,0.0,0.0,nan,0,-12.45114098233004,-8.960147565829912e-06,7.189222806157819e-06,0.0,0.0,nan,0,-0.03999998120796615,-8.51347990804048,1.8007497068074712e-15,7.355332964909496e-06,2
6.58,4.0,1.2911362892236236,0.25406744047150676,0.0,0.0,nan,0,12.368437602263658,-1.2911362892236236,-0.25406744047150404,0.0,0.0,nan,0,-12.408438695289838,-8.98237007249808e-06,9.659107561905273e-06,0.0,0.0,nan,0,-0.03999998905230352,-8.562529908040485,1.8167369183620733e-15,9.305015918673904e-06,2
6.585,4.0,1.2924066264259806,0.2540674404715062,0.0,0.0,nan,0,12.325490065223454,-1.2924066264259806,-0.2540674404715035,0.0,0.0,nan,0,-12.365491158249634,-9.00691919435842e-06,1.108153184384001e-05,0.0,0.0,nan,0,-0.03999999878265857,-8.611579908040484,1.847823163051578e-15,1.0671166447926947e-05,2
6.59,4.0,1.2936769636283376,0.2540674404715064,0.0,0.0,nan,0,12.282297278183252,-1.2936769636283376,-0.2540674404715037,0.0,0.0,nan,0,-12.322298371209433,-9.032106609307283e-06,8.019912893749708e-06,0.0,0.0,nan,0,-0.040000009353402005,-8.660629908040487,1.8806857645804828e-15,8.880778565246571e-06,2
6.595,4.0,1.2949473008306946,0.2540674404715061,0.0,0.0,nan,0,12.23885924114305,-1.2949473008306946,-0.25406744047150337,0.0,0.0,nan,0,-12.27886033416923,-9.051666433976951e-06,-8.917149151614822e-06,0.0,0.0,nan,0,-0.04000001616134064,-8.709679908040492,1.9082192955911864e-15,-3.986944579708862e-06,2
6.6000000000000005,4.0,1.2962176380330517,0.25406744047150476,0.0,0.0,nan,0,12.195175954102847,-1.2962176380330517,-0.25406744047150204,0.0,0.0,nan,0,-12.235177047129028,-9.046995238515265e-06,-6.444620180586335e-05,0.0,0.0,nan,0,-0.04000000378575293,-8.75872990804049,1.924206507145789e-15,-5.158551343860199e-05,2
6.605,4.0,1.2974879752354087,0.2540674404715042,0.0,0.0,nan,0,12.151247417062645,-1.2974879752354087,-0.2540674404715015,0.0,0.0,nan,0,-12.191248510088826,-9.032156804044539e-06,7.189135069205937e-06,0.0,0.0,nan,0,-0.039999981208559035,-8.807779908040498,1.967727249711095e-15,7.3553044400168286e-06,2
6.61,4.0,1.2987583124377657,0.25406744047150376,0.0,0.0,nan,0,12.107073630022443,-1.2987583124377657,-0.25406744047150104,0.0,0.0,nan,0,-12.147074723048624,-9.054379629992032e-06,9.659014962941509e-06,0.0,0.0,nan,0,-0.03999998905286585,-8.856829908040504,2.012136170696101e-15,9.304978969511068e-06,2
6.615,4.0,1.3000286496401228,0.25406744047150376,0.0,0.0,nan,0,12.06265459298224,-1.3000286496401228,-0.25406744047150104,0.0,0.0,nan,0,-12.10265568600842,-9.078929066340391e-06,1.1081435562693253e-05,0.0,0.0,nan,0,-0.039999998783181875,-8.90587990804051,2.100065834246413e-15,1.0671122055710821e-05,2
6.62,4.0,1.3012989868424798,0.2540674404715034,0.0,0.0,nan,0,12.017990305942039,-1.3012989868424798,-0.2540674404715007,0.0,0.0,nan,0,-12.05799139896822,-9.10411679334519e-06,8.019820796412104e-06,0.0,0.0,nan,0,-0.0400000093538805,-8.954929908040517,2.241286202978733e-15,8.88073777119399e-06,2
6.625,4.0,1.3025693240448368,0.25406744047150276,0.0,0.0,nan,0,11.973080768901836,-1.3025693240448368,-0.25406744047150004,0.0,0.0,nan,0,-12.013081861928017,-9.123676939424424e-06,-8.917207508781604e-06,0.0,0.0,nan,0,-0.040000016161785876,-9.003979908040522,2.3656311817367506e-15,-3.9869347847911e-06,2
6.63,4.0,1.3038396612471939,0.2540674404715033,0.0,0.0,nan,0,11.927925981861632,-1.3038396612471939,-0.2540674404715006,0.0,0.0,nan,0,-11.967927074887813,-9.119006116446032e-06,-6.44461302082199e-05,0.0,0.0,nan,0,-0.040000003786244784,-9.053029908040529,2.4988579446917693e-15,-5.158528651210396e-05,1
6.635,4.0,1.305109998449551,0.25406744047150287,0.0,0.0,nan,0,11.882525944821431,-1.305109998449551,-0.25406744047150015,0.0,0.0,nan,0,-11.922527037847612,-9.10416808318909e-06,7.189047341319248e-06,0.0,0.0,nan,0,-0.039999981209151964,-9.102079908040528,2.754653329565405e-15,7.355275916866767e-06,1
6.640000000000001,4.0,1.306380335651908,0.2540674404715032,0.0,0.0,nan,0,11.836880657781228,-1.306380335651908,-0.2540674404715005,0.0,0.0,nan,0,-11.876881750807408,-9.12639122834999e-06,9.658922372554172e-06,0.0,0.0,nan,0,-0.03999998905342822,-9.151129908040529,2.9473880466403324e-15,9.304942019855294e-06,1
6.6450000000000005,4.0,1.307650672854265,0.254067440471505,0.0,0.0,nan,0,11.790990120741025,-1.307650672854265,-0.25406744047150226,0.0,0.0,nan,0,-11.830991213767206,-9.150940979134325e-06,1.1081339289292235e-05,0.0,0.0,nan,0,-0.03999999878370521,-9.200179908040536,1.7598934995012654e-15,1.0671077657133569e-05,2
6.65,4.0,1.308921010056622,0.25406744047150487,0.0,0.0,nan,0,11.744854333700824,-1.308921010056622,-0.25406744047150215,0.0,0.0,nan,0,-11.784855426727004,-9.176129018156898e-06,8.019728707443438e-06,0.0,0.0,nan,0,-0.04000000935435903,-9.249229908040542,1.7661107484391662e-15,8.880696970406356e-06,2
6.655,4.0,1.310191347258979,0.25406744047150454,0.0,0.0,nan,0,11.69847329666062,-1.310191347258979,-0.2540674404715018,0.0,0.0,nan,0,-11.7384743896868,-9.195689485597125e-06,-8.917265855518059e-06,0.0,0.0,nan,0,-0.04000001616223117,-9.298279908040547,1.781209781574069e-15,-3.986924991801568e-06,2
6.66,4.0,1.311461684461336,0.254067440471505,0.0,0.0,nan,0,11.651847009620417,-1.311461684461336,-0.25406744047150226,0.0,0.0,nan,0,-11.691848102646597,-9.191019035049985e-06,-6.444605859054515e-05,0.0,0.0,nan,0,-0.04000000378673671,-9.347329908040551,1.795420636289271e-15,-5.1585059573785156e-05,2
6.665,4.0,1.312732021663693,0.2540674404715054,0.0,0.0,nan,0,11.604975472580215,-1.312732021663693,-0.2540674404715027,0.0,0.0,nan,0,-11.644976565606395,-9.176181402947847e-06,7.188959623208775e-06,0.0,0.0,nan,0,-0.03999998120974497,-9.39637990804056,1.819401453621174e-15,7.355247393411169e-06,2
6.67,4.0,1.31400235886605,0.2540674404715054,0.0,0.0,nan,0,11.557858685540012,-1.31400235886605,-0.2540674404715027,0.0,0.0,nan,0,-11.597859778566193,-9.198404867280519e-06,9.65882979103687e-06,0.0,0.0,nan,0,-0.039999989053990645,-9.445429908040564,1.853152233569779e-15,9.304905068290818e-06,2
6.675,4.0,1.3152726960684071,0.25406744047150553,0.0,0.0,nan,0,11.510496648499808,-1.3152726960684071,-0.2540674404715028,0.0,0.0,nan,0,-11.550497741525989,-9.22295493245226e-06,1.1081243024208165e-05,0.0,0.0,nan,0,-0.039999998784228614,-9.49447990804057,1.8815739430001836e-15,1.067103325712634e-05,2
6.68,4.0,1.3165430332707642,0.2540674404715042,0.0,0.0,nan,0,11.462889361459606,-1.3165430332707642,-0.2540674404715015,0.0,0.0,nan,0,-11.502890454485787,-9.248143283426685e-06,8.019636626460806e-06,0.0,0.0,nan,0,-0.040000009354837635,-9.543529908040576,1.912660187689688e-15,8.880656169692433e-06,2
6.6850000000000005,4.0,1.3178133704731212,0.25406744047150265,0.0,0.0,nan,0,11.415036824419403,-1.3178133704731212,-0.25406744047149993,0.0,0.0,nan,0,-11.455037917445583,-9.267704072179334e-06,-8.917324191673984e-06,0.0,0.0,nan,0,-0.04000001616267653,-9.592579908040582,1.9393055402806913e-15,-3.986915197620103e-06,2
6.69,4.0,1.3190837076754782,0.254067440471501,0.0,0.0,nan,0,11.3669390373792,-1.3190837076754782,-0.25406744047149826,0.0,0.0,nan,0,-11.406940130405381,-9.263033994021813e-06,-6.444598695305549e-05,0.0,0.0,nan,0,-0.04000000378722869,-9.641629908040585,2.0085834570173005e-15,-5.158483262110717e-05,2
6.695,4.0,1.3203540448778353,0.25406744047150065,0.0,0.0,nan,0,11.318596000338998,-1.3203540448778353,-0.25406744047149793,0.0,0.0,nan,0,-11.358597093365178,-9.248196763043254e-06,7.188871914557126e-06,0.0,0.0,nan,0,-0.039999981210338,-9.690679908040586,2.067203232717509e-15,7.3552188685256e-06,2
6.7,4.0,1.3216243820801923,0.2540674404715013,0.0,0.0,nan,0,11.270007713298794,-1.3216243820801923,-0.2540674404714986,0.0,0.0,nan,0,-11.310008806324975,-9.270420546488717e-06,9.658737218301647e-06,0.0,0.0,nan,0,-0.03999998905455312,-9.73972990804059,2.1462511120708205e-15,9.304868114052031e-06,2
6.705,4.0,1.3228947192825493,0.254067440471501,0.0,0.0,nan,0,11.221174176258591,-1.3228947192825493,-0.25406744047149826,0.0,0.0,nan,0,-11.261175269284772,-9.294970925985413e-06,1.108114676705491e-05,0.0,0.0,nan,0,-0.039999998784752064,-9.788779908040599,2.255497057693936e-15,1.0670988858001067e-05,2
6.71,4.0,1.3241650564849063,0.2540674404715014,0.0,0.0,nan,0,11.172095389218388,-1.3241650564849063,-0.2540674404714987,0.0,0.0,nan,0,-11.212096482244569,-9.32015958885965e-06,8.019544553690767e-06,0.0,0.0,nan,0,-0.04000000935531625,-9.837829908040602,2.4127046379808583e-15,8.880615365508398e-06,2
6.715,4.0,1.3254353936872634,0.2540674404715014,0.0,0.0,nan,0,11.122771352178185,-1.3254353936872634,-0.25406744047149876,0.0,0.0,nan,0,-11.162772445204366,-9.3397206988588e-06,-8.917382517360412e-06,0.0,0.0,nan,0,-0.040000016163121904,-9.886879908040607,2.5787940024647816e-15,-3.986905402312432e-06,1
6.72,4.0,1.3267057308896204,0.2540674404715012,0.0,0.0,nan,0,11.073202065137982,-1.3267057308896204,-0.2540674404714985,0.0,0.0,nan,0,-11.113203158164163,-9.335050993035388e-06,-6.444591529499143e-05,0.0,0.0,nan,0,-0.04000000378772069,-9.93592990804061,2.85146477731272e-15,-5.158460566904026e-05,1
6.7250000000000005,4.0,1.3279760680919774,0.25406744047150154,0.0,0.0,nan,0,11.023387528097778,-1.3279760680919774,-0.2540674404714988,0.0,0.0,nan,0,-11.06338862112396,-9.320214163121426e-06,7.18878421537347e-06,0.0,0.0,nan,0,-0.03999998121093114,-9.984979908040618,3.092161129051454e-15,7.355190337949477e-06,1
6.73,4.0,1.3292464052943345,0.25406744047150087,0.0,0.0,nan,0,10.973327741057576,-1.3292464052943345,-0.25406744047149815,0.0,0.0,nan,0,-11.013328834083756,-9.34243826562417e-06,9.658644654268734e-06,0.0,0.0,nan,0,-0.0399999890551157,-10.034029908040624,1.762558034760366e-15,9.304831157048347e-06,2
6.735,4.0,1.3305167424966915,0.25406744047150187,0.0,0.0,nan,0,10.923022704017372,-1.3305167424966915,-0.25406744047149915,0.0,0.0,nan,0,-10.963023797043553,-9.366988959397249e-06,1.108105051831406e-05,0.0,0.0,nan,0,-0.03999999878527559,-10.083079908040633,1.7714398189573674e-15,1.0670944461326285e-05,2
6.74,4.0,1.3317870796990485,0.2540674404715024,0.0,0.0,nan,0,10.87247241697717,-1.3317870796990485,-0.2540674404714997,0.0,0.0,nan,0,-10.91247351000335,-9.392177934122725e-06,8.019452488890341e-06,0.0,0.0,nan,0,-0.04000000935579494,-10.132129908040637,1.7874270305119696e-15,8.88057456265663e-06,2
6.745,4.0,1.3330574169014056,0.2540674404715024,0.0,0.0,nan,0,10.821676879936966,-1.3330574169014056,-0.2540674404714997,0.0,0.0,nan,0,-10.861677972963147,-9.411739365316335e-06,-8.917440832568213e-06,0.0,0.0,nan,0,-0.04000001616356734,-10.181179908040638,1.7998615283877708e-15,-3.986895608668323e-06,2
6.75,4.0,1.3343277541037626,0.2540674404715003,0.0,0.0,nan,0,10.770636092896762,-1.3343277541037626,-0.2540674404714976,0.0,0.0,nan,0,-10.810637185922943,-9.40707003177152e-06,-6.444584361674555e-05,0.0,0.0,nan,0,-0.040000003788212765,-10.230229908040645,1.8176250967817733e-15,-5.158437869872306e-05,2
6.755,4.0,1.3355980913061196,0.25406744047149865,0.0,0.0,nan,0,10.719350055856559,-1.3355980913061196,-0.25406744047149593,0.0,0.0,nan,0,-10.75935114888274,-9.392233602887462e-06,7.188696525441124e-06,0.0,0.0,nan,0,-0.039999981211524316,-10.27927990804065,1.8487113414712774e-15,7.355161806028636e-06,2
6.76,4.0,1.3368684285084766,0.2540674404714991,0.0,0.0,nan,0,10.667818768816355,-1.3368684285084766,-0.2540674404714964,0.0,0.0,nan,0,-10.707819861842536,-9.414458024405853e-06,9.65855209902893e-06,0.0,0.0,nan,0,-0.03999998905567828,-10.328329908040653,1.886014835098683e-15,9.304794203863822e-06,2
6.765000000000001,4.0,1.3381387657108337,0.25406744047149865,0.0,0.0,nan,0,10.616042231776152,-1.3381387657108337,-0.25406744047149593,0.0,0.0,nan,0,-10.656043324802333,-9.439009032406742e-06,1.1080954277641193e-05,0.0,0.0,nan,0,-0.03999999878579916,-10.377379908040657,1.9117720092699865e-15,1.0670900048345423e-05,2
6.7700000000000005,4.0,1.3394091029131907,0.25406744047150087,0.0,0.0,nan,0,10.564020444735949,-1.3394091029131907,-0.25406744047149815,0.0,0.0,nan,0,-10.60402153776213,-9.464198318931416e-06,8.01936043239205e-06,0.0,0.0,nan,0,-0.04000000935627372,-10.42642990804066,1.9908198886232972e-15,8.880533753084006e-06,2
6.775,4.0,1.3406794401155477,0.2540674404714983,0.0,0.0,nan,0,10.511753407695744,-1.3406794401155477,-0.2540674404714956,0.0,0.0,nan,0,-10.551754500721925,-9.483760071277852e-06,-8.917499137387227e-06,0.0,0.0,nan,0,-0.04000001616401287,-10.475479908040661,2.050327842743205e-15,-3.986885814388273e-06,2
6.78,4.0,1.3419497773179048,0.25406744047149876,0.0,0.0,nan,0,10.459241120655541,-1.3419497773179048,-0.25406744047149604,0.0,0.0,nan,0,-10.499242213681722,-9.47909110997e-06,-6.444577191869975e-05,0.0,0.0,nan,0,-0.0400000037887049,-10.52452990804067,2.1391456847132176e-15,-5.1584151713663875e-05,2
6.785,4.0,1.3432201145202618,0.2540674404714979,0.0,0.0,nan,0,10.406483583615339,-1.3432201145202618,-0.25406744047149515,0.0,0.0,nan,0,-10.44648467664152,-9.464255082060335e-06,7.188608845122682e-06,0.0,0.0,nan,0,-0.03999998121211755,-10.573579908040678,2.232404418781731e-15,7.355133277354984e-06,2
6.79,4.0,1.3444904517226188,0.25406744047149854,0.0,0.0,nan,0,10.353480796575134,-1.3444904517226188,-0.2540674404714958,0.0,0.0,nan,0,-10.393481889601315,-9.486479822531924e-06,9.658459552604415e-06,0.0,0.0,nan,0,-0.03999998905624097,-10.622629908040686,2.3576375759594495e-15,9.304757239691656e-06,2
6.795,4.0,1.3457607889249759,0.2540674404714981,0.0,0.0,nan,0,10.30023275953493,-1.3457607889249759,-0.2540674404714954,0.0,0.0,nan,0,-10.340233852561111,-9.511031144705112e-06,1.1080858045063125e-05,0.0,0.0,nan,0,-0.03999999878632279,-10.671679908040694,2.5477077577752767e-15,1.0670855644391135e-05,1
6.8,4.0,1.347031126127333,0.25406744047149865,0.0,0.0,nan,0,10.246739472494728,-1.347031126127333,-0.25406744047149593,0.0,0.0,nan,0,-10.286740565520908,-9.536220742963064e-06,8.019268383981145e-06,0.0,0.0,nan,0,-0.04000000935675252,-10.720729908040703,2.834589387338417e-15,8.880492942752897e-06,1
6.805,4.0,1.34830146332969,0.2540674404715001,0.0,0.0,nan,0,10.193000935454522,-1.34830146332969,-0.2540674404714974,0.0,0.0,nan,0,-10.233002028480703,-9.555782816399877e-06,-8.91755743147397e-06,0.0,0.0,nan,0,-0.04000001616445842,-10.7697799080407,3.1081483406060555e-15,-3.986876019045065e-06,1
6.8100000000000005,4.0,1.349571800532047,0.25406744047149865,0.0,0.0,nan,0,10.13901714841432,-1.349571800532047,-0.25406744047149593,0.0,0.0,nan,0,-10.1790182414405,-9.551114227283886e-06,-6.444570020064543e-05,0.0,0.0,nan,0,-0.04000000378919712,-10.818829908040707,1.7616698563406659e-15,-5.158392471926637e-05,2
6.815,4.0,1.350842137734404,0.2540674404714971,0.0,0.0,nan,0,10.084788111374117,-1.350842137734404,-0.2540674404714944,0.0,0.0,nan,0,-10.124789204400297,-9.53627860030698e-06,7.188521174274887e-06,0.0,0.0,nan,0,-0.039999981212710846,-10.867879908040715,1.7767688894755677e-15,7.355104751004821e-06,2
6.82,4.0,1.352112474936761,0.254067440471498,0.0,0.0,nan,0,10.030313824333913,-1.352112474936761,-0.25406744047149526,0.0,0.0,nan,0,-10.070314917360093,-9.558503659683193e-06,9.658367014966171e-06,0.0,0.0,nan,0,-0.039999989056803686,-10.916929908040723,1.79275610103017e-15,9.304720280892972e-06,2
6.825,4.0,1.353382812139118,0.2540674404714979,0.0,0.0,nan,0,9.97559428729371,-1.353382812139118,-0.25406744047149515,0.0,0.0,nan,0,-10.01559538031989,-9.583055295980109e-06,1.108076182059783e-05,0.0,0.0,nan,0,-0.03999999878684648,-10.965979908040726,1.8087433125847726e-15,1.0670811232072872e-05,2
6.83,4.0,1.354653149341475,0.25406744047149776,0.0,0.0,nan,0,9.920629500253506,-1.354653149341475,-0.25406744047149504,0.0,0.0,nan,0,-9.960630593279687,-9.608245205936644e-06,8.019176343732914e-06,0.0,0.0,nan,0,-0.0400000093572314,-11.01502990804073,1.8291714162378756e-15,8.880452132960911e-06,2
6.835,4.0,1.355923486543832,0.2540674404714982,0.0,0.0,nan,0,9.865419463213302,-1.355923486543832,-0.2540674404714955,0.0,0.0,nan,0,-9.905420556239482,-9.627807600415261e-06,-8.917615715137358e-06,0.0,0.0,nan,0,-0.04000001616490402,-11.064079908040737,1.85492859040918e-15,-3.986866221324209e-06,2
6.84,4.0,1.3571938237461891,0.25406744047149776,0.0,0.0,nan,0,9.8099641761731,-1.3571938237461891,-0.25406744047149504,0.0,0.0,nan,0,-9.84996526919928,-9.62313938342868e-06,-6.444562846170683e-05,0.0,0.0,nan,0,-0.04000000378968935,-11.113129908040746,1.8780212293213827e-15,-5.1583697720431524e-05,2
6.845,4.0,1.3584641609485462,0.2540674404714969,0.0,0.0,nan,0,9.754263639132896,-1.3584641609485462,-0.25406744047149415,0.0,0.0,nan,0,-9.794264732159077,-9.608304157335962e-06,7.188433512886802e-06,0.0,0.0,nan,0,-0.039999981213304225,-11.16217990804075,1.9135483661093873e-15,7.355076212319629e-06,2
6.8500000000000005,4.0,1.3597344981509032,0.25406744047149754,0.0,0.0,nan,0,9.698317852092691,-1.3597344981509032,-0.2540674404714948,0.0,0.0,nan,0,-9.738318945118872,-9.630529535568227e-06,9.658274485957968e-06,0.0,0.0,nan,0,-0.0399999890573665,-11.211229908040753,1.9677272497110945e-15,9.30468331972107e-06,2
6.855,4.0,1.3610048353532602,0.254067440471498,0.0,0.0,nan,0,9.642126815052489,-1.3610048353532602,-0.25406744047149526,0.0,0.0,nan,0,-9.68212790807867,-9.65508148592642e-06,1.1080665604354237e-05,0.0,0.0,nan,0,-0.03999999878737024,-11.260279908040761,2.026347025411303e-15,1.0670766828033312e-05,2
6.86,4.0,1.3622751725556173,0.25406744047149643,0.0,0.0,nan,0,9.585690528012284,-1.3622751725556173,-0.2540674404714937,0.0,0.0,nan,0,-9.625691621038465,-9.680271707501742e-06,8.019084311617933e-06,0.0,0.0,nan,0,-0.040000009357710316,-11.309329908040766,2.1071712616040146e-15,8.88041132171675e-06,2
6.865,4.0,1.3635455097579743,0.25406744047149865,0.0,0.0,nan,0,9.52900899097208,-1.3635455097579743,-0.25406744047149593,0.0,0.0,nan,0,-9.569010083998261,-9.699834422959713e-06,-8.917673988236737e-06,0.0,0.0,nan,0,-0.04000001616534968,-11.35837990804077,2.1942127467346267e-15,-3.9868564239497364e-06,2
6.87,4.0,1.3648158469603313,0.25406744047149954,0.0,0.0,nan,0,9.472082203931878,-1.3648158469603313,-0.2540674404714968,0.0,0.0,nan,0,-9.512083296958059,-9.69516657806438e-06,-6.444555670335862e-05,0.0,0.0,nan,0,-0.040000003790181635,-11.407429908040777,2.3096759412956425e-15,-5.1583470704161735e-05,2
6.875,4.0,1.3660861841626883,0.2540674404714991,0.0,0.0,nan,0,9.414910166891673,-1.3660861841626883,-0.2540674404714964,0.0,0.0,nan,0,-9.454911259917854,-9.680331752810745e-06,7.188345860895551e-06,0.0,0.0,nan,0,-0.039999981213897626,-11.456479908040784,2.4659953431628647e-15,7.355047680581776e-06,1
6.88,4.0,1.3673565213650454,0.25406744047149843,0.0,0.0,nan,0,9.357492879851469,-1.3673565213650454,-0.2540674404714957,0.0,0.0,nan,0,-9.39749397287765,-9.702557449840082e-06,9.658181965935456e-06,0.0,0.0,nan,0,-0.03999998905792933,-11.505529908040788,2.57879400246478e-15,9.3046463548437e-06,1
6.885,4.0,1.3686268585674024,0.2540674404714991,0.0,0.0,nan,0,9.299830342811266,-1.3686268585674024,-0.2540674404714963,0.0,0.0,nan,0,-9.339831435837446,-9.727109714214449e-06,1.1080569396354769e-05,0.0,0.0,nan,0,-0.03999999878789404,-11.554579908040793,2.851464777312719e-15,1.0670722407951487e-05,1
6.890000000000001,4.0,1.3698971957697594,0.25406744047149843,0.0,0.0,nan,0,9.241922555771062,-1.3698971957697594,-0.2540674404714957,0.0,0.0,nan,0,-9.281923648797243,-9.752300247380802e-06,8.018992287504121e-06,0.0,0.0,nan,0,-0.0400000093581893,-11.60362990804079,3.188084398379066e-15,8.88037050458664e-06,1
6.8950000000000005,4.0,1.3711675329721165,0.25406744047149865,0.0,0.0,nan,0,9.183769518730857,-1.3711675329721165,-0.25406744047149593,0.0,0.0,nan,0,-9.223770611757038,-9.771863283773025e-06,-8.917732250750262e-06,0.0,0.0,nan,0,-0.04000001616579542,-11.652679908040792,1.7678871052785657e-15,-3.98684662701491e-06,2
6.9,4.0,1.3724378701744735,0.254067440471498,0.0,0.0,nan,0,9.125371231690654,-1.3724378701744735,-0.25406744047149526,0.0,0.0,nan,0,-9.165372324716834,-9.767195810920365e-06,-6.444548492444925e-05,0.0,0.0,nan,0,-0.04000000379067402,-11.701729908040797,1.7758807110558669e-15,-5.1583243678137975e-05,2
6.905,4.0,1.3737082073768305,0.25406744047149754,0.0,0.0,nan,0,9.06672769465045,-1.3737082073768305,-0.2540674404714948,0.0,0.0,nan,0,-9.10672878767663,-9.752361386457242e-06,7.188258218353441e-06,0.0,0.0,nan,0,-0.03999998121449114,-11.750779908040801,1.7847624952528688e-15,7.355019144973238e-06,2
6.91,4.0,1.3749785445791876,0.2540674404714982,0.0,0.0,nan,0,9.007838907610246,-1.3749785445791876,-0.2540674404714955,0.0,0.0,nan,0,-9.047840000636427,-9.77458740223508e-06,9.658089454703291e-06,0.0,0.0,nan,0,-0.03999998905849225,-11.799829908040804,1.8016378852271712e-15,9.304609389222028e-06,2
6.915,4.0,1.3762488817815446,0.25406744047149776,0.0,0.0,nan,0,8.948704870570042,-1.3762488817815446,-0.25406744047149504,0.0,0.0,nan,0,-8.988705963596223,-9.79913998056664e-06,1.108047319636766e-05,0.0,0.0,nan,0,-0.03999999878841792,-11.84887990804081,1.8282832378181752e-15,1.067067799120299e-05,2
6.92,4.0,1.3775192189839016,0.254067440471498,0.0,0.0,nan,0,8.889325583529837,-1.3775192189839016,-0.25406744047149526,0.0,0.0,nan,0,-8.929326676556018,-9.824330825258104e-06,8.018900271694194e-06,0.0,0.0,nan,0,-0.04000000935866837,-11.897929908040815,1.8469349846318778e-15,8.880329685800956e-06,2
6.925,4.0,1.3787895561862586,0.2540674404714982,0.0,0.0,nan,0,8.829701046489633,-1.3787895561862586,-0.2540674404714955,0.0,0.0,nan,0,-8.869702139515814,-9.843894182539475e-06,-8.917790502992561e-06,0.0,0.0,nan,0,-0.04000001616624123,-11.946979908040824,1.8620340177667794e-15,-3.986836833340595e-06,2
6.93,4.0,1.3800598933886157,0.2540674404714973,0.0,0.0,nan,0,8.769831259449429,-1.3800598933886157,-0.2540674404714946,0.0,0.0,nan,0,-8.80983235247561,-9.839227081673979e-06,-6.444541312557818e-05,0.0,0.0,nan,0,-0.04000000379116648,-11.996029908040832,1.891343905616883e-15,-5.1583016639896435e-05,2
6.9350000000000005,4.0,1.3813302305909727,0.25406744047149665,0.0,0.0,nan,0,8.709716222409225,-1.3813302305909727,-0.25406744047149393,0.0,0.0,nan,0,-8.749717315435406,-9.824393057956265e-06,7.1881705854435255e-06,0.0,0.0,nan,0,-0.03999998121508472,-12.04507990804084,1.9357528266018888e-15,7.354990608514706e-06,2
6.94,4.0,1.3826005677933297,0.2540674404714969,0.0,0.0,nan,0,8.649355935369021,-1.3826005677933297,-0.25406744047149415,0.0,0.0,nan,0,-8.689357028395202,-9.846619392430561e-06,9.657996952431734e-06,0.0,0.0,nan,0,-0.039999989059055246,-12.09412990804084,1.9810499260065945e-15,9.304572422388877e-06,2
6.945,4.0,1.3838709049956868,0.2540674404714971,0.0,0.0,nan,0,8.588750398328816,-1.3838709049956868,-0.2540674404714944,0.0,0.0,nan,0,-8.628751491354997,-9.871172284667273e-06,1.1080377004580212e-05,0.0,0.0,nan,0,-0.03999999878894187,-12.14317990804084,2.031676095929502e-15,1.0670633575656192e-05,2
6.95,4.0,1.3851412421980438,0.25406744047149776,0.0,0.0,nan,0,8.527899611288612,-1.3851412421980438,-0.25406744047149504,0.0,0.0,nan,0,-8.567900704314793,-9.896363440824868e-06,8.018808264161127e-06,0.0,0.0,nan,0,-0.04000000935914747,-12.192229908040842,2.1311520789359157e-15,8.880288867477123e-06,2
6.955,4.0,1.3864115794004008,0.254067440471498,0.0,0.0,nan,0,8.466803574248408,-1.3864115794004008,-0.25406744047149526,0.0,0.0,nan,0,-8.506804667274588,-9.915927118925999e-06,-8.917848744487831e-06,0.0,0.0,nan,0,-0.040000016166687066,-12.241279908040845,2.239509846139331e-15,-3.986827035499829e-06,2
6.96,4.0,1.3876819166027579,0.2540674404715011,0.0,0.0,nan,0,8.405462287208204,-1.3876819166027579,-0.2540674404714984,0.0,0.0,nan,0,-8.445463380234385,-9.911260389999094e-06,-6.44453413064036e-05,0.0,0.0,nan,0,-0.04000000379165895,-12.290329908040848,2.3887238206489525e-15,-5.158278959255817e-05,2
6.965,4.0,1.388952253805115,0.2540674404715031,0.0,0.0,nan,0,8.343875750168,-1.388952253805115,-0.25406744047150037,0.0,0.0,nan,0,-8.38387684319418,-9.896426766978217e-06,7.188082962058143e-06,0.0,0.0,nan,0,-0.039999981215678326,-12.339379908040856,2.5636949693298776e-15,7.354962069996495e-06,1
6.97,4.0,1.390222591007472,0.2540674404715013,0.0,0.0,nan,0,8.282043963127794,-1.390222591007472,-0.2540674404714986,0.0,0.0,nan,0,-8.322045056153975,-9.918653420100398e-06,9.657904458592798e-06,0.0,0.0,nan,0,-0.03999998905961829,-12.388429908040862,2.787515931094309e-15,9.30453545204654e-06,1
6.9750000000000005,4.0,1.391492928209829,0.2540674404715024,0.0,0.0,nan,0,8.21996692608759,-1.391492928209829,-0.2540674404714997,0.0,0.0,nan,0,-8.25996801911377,-9.94320662619022e-06,1.1080280821024355e-05,0.0,0.0,nan,0,-0.03999999878946587,-12.437479908040862,3.0122250712784407e-15,1.0670589153028846e-05,1
6.98,4.0,1.392763265412186,0.25406744047150265,0.0,0.0,nan,0,8.157644639047385,-1.392763265412186,-0.25406744047149993,0.0,0.0,nan,0,-8.197645732073566,-9.968398093772313e-06,8.018716264506853e-06,0.0,0.0,nan,0,-0.04000000935962664,-12.486529908040861,1.7590053210815638e-15,8.880248045075671e-06,2
6.985,4.0,1.394033602614543,0.2540674404715033,0.0,0.0,nan,0,8.095077102007181,-1.394033602614543,-0.2540674404715006,0.0,0.0,nan,0,-8.135078195033362,-9.98796209265157e-06,-8.917906975663155e-06,0.0,0.0,nan,0,-0.04000001616713296,-12.535579908040859,1.7661107484391652e-15,-3.986817237340211e-06,2
6.99,4.0,1.3953039398169,0.254067440471502,0.0,0.0,nan,0,8.032264314966978,-1.3953039398169,-0.25406744047149926,0.0,0.0,nan,0,-8.072265407993159,-9.983295735611214e-06,-6.444526946741373e-05,0.0,0.0,nan,0,-0.04000000379215149,-12.584629908040863,1.781209781574068e-15,-5.158256253275165e-05,2
6.995,4.0,1.396574277019257,0.2540674404715004,0.0,0.0,nan,0,7.969206277926774,-1.396574277019257,-0.2540674404714977,0.0,0.0,nan,0,-8.009207370952955,-9.968462513238602e-06,7.187995348147399e-06,0.0,0.0,nan,0,-0.03999998121627202,-12.633679908040866,1.7954206362892695e-15,7.354933531357492e-06,2
7.0,4.0,1.397844614221614,0.25406744047149976,0.0,0.0,nan,0,7.9059029908865694,-1.397844614221614,-0.25406744047149704,0.0,0.0,nan,0,-7.945904083912751,-9.990689484953158e-06,9.657811973823152e-06,0.0,0.0,nan,0,-0.03999998906018137,-12.682729908040871,1.812296026263572e-15,9.304498490029092e-06,2
7.005,4.0,1.3991149514239711,0.25406744047149954,0.0,0.0,nan,0,7.842354453846366,-1.3991149514239711,-0.2540674404714968,0.0,0.0,nan,0,-7.882355546872548,-1.001524300484058e-05,1.1080184645697883e-05,0.0,0.0,nan,0,-0.03999999878998989,-12.731779908040872,1.8318359514969745e-15,1.0670544733804106e-05,2
7.01,4.0,1.4003852886263282,0.25406744047149976,0.0,0.0,nan,0,7.778560666806161,-1.4003852886263282,-0.25406744047149704,0.0,0.0,nan,0,-7.818561759832343,-1.0040434783784719e-05,8.018624273222734e-06,0.0,0.0,nan,0,-0.04000000936010582,-12.780829908040879,1.8638103746061795e-15,8.880207222703523e-06,2
7.015000000000001,4.0,1.4016556258286852,0.25406744047149776,0.0,0.0,nan,0,7.714521629765956,-1.4016556258286852,-0.25406744047149504,0.0,0.0,nan,0,-7.754522722792138,-1.0059999103383122e-05,-8.917965196109258e-06,0.0,0.0,nan,0,-0.040000016167578874,-12.829879908040883,1.8975611545547845e-15,-3.986807439140619e-06,2
7.0200000000000005,4.0,1.4029259630310422,0.2540674404714969,0.0,0.0,nan,0,7.650237342725752,-1.4029259630310422,-0.25406744047149415,0.0,0.0,nan,0,-7.690238435751934,-1.0055333118177273e-05,-6.444519760789398e-05,0.0,0.0,nan,0,-0.040000003792644054,-12.878929908040888,1.9508518597367912e-15,-5.15823354602504e-05,2
7.025,4.0,1.4041963002333993,0.25406744047149576,0.0,0.0,nan,0,7.585707805685548,-1.4041963002333993,-0.25406744047149304,0.0,0.0,nan,0,-7.625708898711729,-1.0040500296411292e-05,7.1879077435679196e-06,0.0,0.0,nan,0,-0.03999998121686571,-12.92797990804089,2.0378933448674034e-15,7.354904990254679e-06,2
7.03,4.0,1.4054666374357563,0.25406744047149465,0.0,0.0,nan,0,7.520933018645343,-1.4054666374357563,-0.25406744047149193,0.0,0.0,nan,0,-7.560934111671525,-1.0062727586655773e-05,9.657719497766829e-06,0.0,0.0,nan,0,-0.03999998906074451,-12.977029908040894,2.116053045801015e-15,9.30446151052253e-06,2
7.035,4.0,1.4067369746381133,0.25406744047149243,0.0,0.0,nan,0,7.455912981605139,-1.4067369746381133,-0.2540674404714897,0.0,0.0,nan,0,-7.495914074631321,-1.0087281420292221e-05,1.1080088478606722e-05,0.0,0.0,nan,0,-0.039999998790513996,-13.026079908040899,2.1782255351800235e-15,1.0670500307129324e-05,2
7.04,4.0,1.4080073118404703,0.2540674404714931,0.0,0.0,nan,0,7.390647694564934,-1.4080073118404703,-0.2540674404714904,0.0,0.0,nan,0,-7.430648787591116,-1.0112473510560244e-05,8.018532290074223e-06,0.0,0.0,nan,0,-0.04000000936058509,-13.075129908040903,2.3114522981350422e-15,8.88016639692166e-06,2
7.045,4.0,1.4092776490428274,0.2540674404714931,0.0,0.0,nan,0,7.32513715752473,-1.4092776490428274,-0.2540674404714904,0.0,0.0,nan,0,-7.3651382505509115,-1.013203815082575e-05,-8.918023405980237e-06,0.0,0.0,nan,0,-0.040000016168024885,-13.124179908040903,2.43490909847336e-15,-3.986797641981977e-06,1
7.05,4.0,1.4105479862451844,0.2540674404714933,0.0,0.0,nan,0,7.259381370484525,-1.4105479862451844,-0.2540674404714906,0.0,0.0,nan,0,-7.299382463510707,-1.0127372537419715e-05,-6.444512572846954e-05,0.0,0.0,nan,0,-0.040000003793136715,-13.173229908040904,2.642742848683189e-15,-5.158210837765678e-05,1
7.055,4.0,1.4118183234475414,0.2540674404714947,0.0,0.0,nan,0,7.1933803334443205,-1.4118183234475414,-0.254067440471492,0.0,0.0,nan,0,-7.233381426470502,-1.0112540116211793e-05,7.187820148525142e-06,0.0,0.0,nan,0,-0.03999998121745951,-13.222279908040907,2.8363657441778164e-15,7.35487644900532e-06,1
7.0600000000000005,4.0,1.4130886606498985,0.25406744047149604,0.0,0.0,nan,0,7.127134046404117,-1.4130886606498985,-0.2540674404714933,0.0,0.0,nan,0,-7.1671351394302985,-1.0134767724944566e-05,9.657627030546108e-06,0.0,0.0,nan,0,-0.039999989061307736,-13.271329908040913,3.156109975269861e-15,9.3044245363024e-06,1
7.065,4.0,1.4143589978522555,0.2540674404714967,0.0,0.0,nan,0,7.060642509363912,-1.4143589978522555,-0.254067440471494,0.0,0.0,nan,0,-7.100643602390093,-1.0159321872281468e-05,1.1079992319417246e-05,0.0,0.0,nan,0,-0.039999998791038154,-13.320379908040914,1.765222570019465e-15,1.0670455881481275e-05,2
7.07,4.0,1.4156293350546125,0.2540674404714958,0.0,0.0,nan,0,6.993905722323707,-1.4156293350546125,-0.2540674404714931,0.0,0.0,nan,0,-7.033906815349889,-1.0184514273810924e-05,8.018440315045757e-06,0.0,0.0,nan,0,-0.04000000936106441,-13.369429908040912,1.7732161757967654e-15,8.880125570814717e-06,2
7.075,4.0,1.4168996722569696,0.2540674404714956,0.0,0.0,nan,0,6.926923685283503,-1.4168996722569696,-0.2540674404714929,0.0,0.0,nan,0,-6.966924778309685,-1.0204079234691493e-05,-8.91808160536347e-06,0.0,0.0,nan,0,-0.04000001616847092,-13.418479908040915,1.7883152089316673e-15,-3.986787847517193e-06,2
7.08,4.0,1.4181700094593266,0.2540674404714965,0.0,0.0,nan,0,6.8596963982432975,-1.4181700094593266,-0.25406744047149377,0.0,0.0,nan,0,-6.899697491269479,-1.0199413993019352e-05,-6.444505382888606e-05,0.0,0.0,nan,0,-0.04000000379362942,-13.46752990804092,1.8114078478438708e-15,-5.158188128718325e-05,2
7.085,4.0,1.4194403466616836,0.2540674404714978,0.0,0.0,nan,0,6.792223861203094,-1.4194403466616836,-0.2540674404714951,0.0,0.0,nan,0,-6.832224954229275,-1.0184581972320916e-05,7.187732563064244e-06,0.0,0.0,nan,0,-0.039999981218053385,-13.516579908040923,1.834500486756074e-15,7.354847903446506e-06,2
7.09,4.0,1.4207106838640406,0.2540674404714987,0.0,0.0,nan,0,6.724506074162889,-1.4207106838640406,-0.254067440471496,0.0,0.0,nan,0,-6.764507167189071,-1.0206809899483e-05,9.65753457213295e-06,0.0,0.0,nan,0,-0.039999989061871036,-13.56562990804093,1.8584813040879773e-15,9.30438755859261e-06,2
7.095,4.0,1.4219810210663977,0.2540674404714987,0.0,0.0,nan,0,6.656543037122684,-1.4219810210663977,-0.254067440471496,0.0,0.0,nan,0,-6.696544130148865,-1.0231364360457906e-05,1.1079896168457614e-05,0.0,0.0,nan,0,-0.03999999879156241,-13.614679908040936,1.8913439056168815e-15,1.0670411449076847e-05,2
7.1000000000000005,4.0,1.4232513582687547,0.25406744047149804,0.0,0.0,nan,0,6.588334750082479,-1.4232513582687547,-0.2540674404714953,0.0,0.0,nan,0,-6.628335843108661,-1.0256557073182876e-05,8.018348348206793e-06,0.0,0.0,nan,0,-0.04000000936154383,-13.663729908040938,1.9126601876896845e-15,8.880084737910544e-06,2
7.105,4.0,1.4245216954711117,0.25406744047149826,0.0,0.0,nan,0,6.519881213042274,-1.4245216954711117,-0.25406744047149554,0.0,0.0,nan,0,-6.559882306068456,-1.0276122354622996e-05,-8.918139794234518e-06,0.0,0.0,nan,0,-0.04000001616891709,-13.712779908040947,1.9774972123277932e-15,-3.986778046250728e-06,2
7.11,4.0,1.4257920326734688,0.25406744047149893,0.0,0.0,nan,0,6.451182426002069,-1.4257920326734688,-0.2540674404714962,0.0,0.0,nan,0,-6.491183519028251,-1.0271457484643115e-05,-6.444498190907557e-05,0.0,0.0,nan,0,-0.04000000379412223,-13.761829908040953,2.0547687348417035e-15,-5.158165418076514e-05,2
7.115,4.0,1.4270623698758258,0.2540674404714994,0.0,0.0,nan,0,6.3822383889618655,-1.4270623698758258,-0.25406744047149665,0.0,0.0,nan,0,-6.422239481988047,-1.0256625864409064e-05,7.187644987301504e-06,0.0,0.0,nan,0,-0.039999981218647354,-13.810879908040958,2.1302639005162145e-15,7.3548193602449215e-06,2
7.12,4.0,1.4283327070781828,0.25406744047150026,0.0,0.0,nan,0,6.31304910192166,-1.4283327070781828,-0.25406744047149754,0.0,0.0,nan,0,-6.3530501949478415,-1.0278854109951885e-05,9.657442122486324e-06,0.0,0.0,nan,0,-0.0399999890624344,-13.859929908040957,2.247503451916631e-15,9.304350582649409e-06,2
7.125,4.0,1.4296030442805399,0.2540674404714994,0.0,0.0,nan,0,6.243614564881455,-1.4296030442805399,-0.25406744047149665,0.0,0.0,nan,0,-6.283615657907637,-1.0303408884516224e-05,1.107980002589213e-05,0.0,0.0,nan,0,-0.039999998792086704,-13.908979908040962,2.38073021487165e-15,1.0670367019646933e-05,2
7.13,4.0,1.4308733814828969,0.2540674404714976,0.0,0.0,nan,0,6.173934777841251,-1.4308733814828969,-0.25406744047149493,0.0,0.0,nan,0,-6.213935870867433,-1.0328601908395074e-05,8.018256389479912e-06,0.0,0.0,nan,0,-0.040000009362023276,-13.958029908040961,2.5477077577752728e-15,8.880043907812134e-06,1
7.135,4.0,1.432143718685254,0.25406744047149715,0.0,0.0,nan,0,6.104009740801046,-1.432143718685254,-0.25406744047149443,0.0,0.0,nan,0,-6.1440108338272275,-1.0348167510342704e-05,-8.91819797252295e-06,0.0,0.0,nan,0,-0.04000001616936326,-14.007079908040966,2.8026149642292086e-15,-3.986768246124676e-06,1
7.140000000000001,4.0,1.433414055887611,0.25406744047149715,0.0,0.0,nan,0,6.033839453760841,-1.433414055887611,-0.25406744047149443,0.0,0.0,nan,0,-6.0738405467870225,-1.0343503012003041e-05,-6.444490996890494e-05,0.0,0.0,nan,0,-0.040000003794615054,-14.056129908040967,2.9802506481692334e-15,-5.158142706378835e-05,1
7.1450000000000005,4.0,1.434684393089968,0.25406744047149493,0.0,0.0,nan,0,5.963423916720636,-1.434684393089968,-0.2540674404714922,0.0,0.0,nan,0,-6.003425009746818,-1.0328671792184801e-05,7.18755742057915e-06,0.0,0.0,nan,0,-0.03999998121924132,-14.105179908040972,1.7572289642421608e-15,7.35479081510712e-06,2
7.15,4.0,1.435954730292325,0.25406744047149493,0.0,0.0,nan,0,5.892763129680431,-1.435954730292325,-0.2540674404714922,0.0,0.0,nan,0,-5.932764222706613,-1.035090035605632e-05,9.657349681751927e-06,0.0,0.0,nan,0,-0.03999998906299779,-14.154229908040977,1.767887105278563e-15,9.304313603257428e-06,2
7.155,4.0,1.437225067494682,0.2540674404714945,0.0,0.0,nan,0,5.821857092640227,-1.437225067494682,-0.25406744047149177,0.0,0.0,nan,0,-5.861858185666408,-1.037545544415458e-05,1.1079703891389403e-05,0.0,0.0,nan,0,-0.039999998792611034,-14.203279908040983,1.7758807110558637e-15,1.0670322588706237e-05,2
7.16,4.0,1.438495404697039,0.25406744047149515,0.0,0.0,nan,0,5.750705805600021,-1.438495404697039,-0.25406744047149243,0.0,0.0,nan,0,-5.790706898626203,-1.040064877912833e-05,8.018164438917007e-06,0.0,0.0,nan,0,-0.04000000936250276,-14.252329908040988,1.7865388520922657e-15,8.880003073384745e-06,2
7.165,4.0,1.439765741899396,0.25406744047149515,0.0,0.0,nan,0,5.679309268559816,-1.439765741899396,-0.25406744047149243,0.0,0.0,nan,0,-5.719310361585998,-1.0420214701527958e-05,-8.918256140370576e-06,0.0,0.0,nan,0,-0.040000016169809464,-14.301379908040996,1.804302420486268e-15,-3.986758448798164e-06,2
7.17,4.0,1.4410360791017531,0.25406744047149515,0.0,0.0,nan,0,5.607667481519612,-1.4410360791017531,-0.25406744047149243,0.0,0.0,nan,0,-5.6476685745457935,-1.041555057478688e-05,-6.444483800873372e-05,0.0,0.0,nan,0,-0.04000000379510793,-14.350429908040999,1.830059594657572e-15,-5.158119993724055e-05,2
7.175,4.0,1.4423064163041102,0.25406744047149515,0.0,0.0,nan,0,5.535780444479406,-1.4423064163041102,-0.25406744047149243,0.0,0.0,nan,0,-5.575781537505588,-1.0400719755342819e-05,7.1874698638556226e-06,0.0,0.0,nan,0,-0.03999998121983539,-14.399479908041007,1.852264055150076e-15,7.3547622670862905e-06,2
7.18,4.0,1.4435767535064672,0.2540674404714954,0.0,0.0,nan,0,5.463648157439201,-1.4435767535064672,-0.25406744047149266,0.0,0.0,nan,0,-5.503649250465383,-1.0422948637490992e-05,9.65725724980619e-06,0.0,0.0,nan,0,-0.03999998906356127,-14.44852990804101,1.8869030135183814e-15,9.304276621358114e-06,2
7.1850000000000005,4.0,1.4448470907088242,0.25406744047149427,0.0,0.0,nan,0,5.391270620398997,-1.4448470907088242,-0.25406744047149155,0.0,0.0,nan,0,-5.431271713425178,-1.0447504039074601e-05,1.1079607765060708e-05,0.0,0.0,nan,0,-0.039999998793135455,-14.497579908041017,1.9597336439337915e-15,1.0670278152159359e-05,2
7.19,4.0,1.4461174279111813,0.25406744047149404,0.0,0.0,nan,0,5.31864783335879,-1.4461174279111813,-0.2540674404714913,0.0,0.0,nan,0,-5.358648926384972,-1.0472697685098148e-05,8.018072496655372e-06,0.0,0.0,nan,0,-0.04000000936298233,-14.546629908041018,2.0227943117325006e-15,8.879962236118737e-06,2
7.195,4.0,1.4473877651135383,0.2540674404714945,0.0,0.0,nan,0,5.245779796318586,-1.4473877651135383,-0.25406744047149177,0.0,0.0,nan,0,-5.2857808893447675,-1.0492263927901202e-05,-8.91831429751896e-06,0.0,0.0,nan,0,-0.04000001617025576,-14.595679908041024,2.0769731953342085e-15,-3.986748650617228e-06,2
7.2,4.0,1.4486581023158953,0.25406744047149427,0.0,0.0,nan,0,5.172666509278381,-1.4486581023158953,-0.25406744047149155,0.0,0.0,nan,0,-5.212667602304562,-1.0487600172703199e-05,-6.444476602824803e-05,0.0,0.0,nan,0,-0.04000000379560088,-14.644729908041027,2.1773373567603227e-15,-5.1580972800426304e-05,2
7.205,4.0,1.4499284395182523,0.25406744047149427,0.0,0.0,nan,0,5.099307972238175,-1.4499284395182523,-0.25406744047149155,0.0,0.0,nan,0,-5.1393090652643565,-1.0472769753577804e-05,7.187382316237539e-06,0.0,0.0,nan,0,-0.03999998122042952,-14.69377990804103,2.3114522981350414e-15,7.354733716991558e-06,2
7.21,4.0,1.4511987767206094,0.2540674404714934,0.0,0.0,nan,0,5.025704185197971,-1.4511987767206094,-0.25406744047149066,0.0,0.0,nan,0,-5.0657052782241525,-1.0494998953940182e-05,9.657164826697246e-06,0.0,0.0,nan,0,-0.03999998906412481,-14.742829908041033,2.4508963100279607e-15,9.304239638701169e-06,1
7.215,4.0,1.4524691139229664,0.2540674404714907,0.0,0.0,nan,0,4.951855148157765,-1.4524691139229664,-0.254067440471488,0.0,0.0,nan,0,-4.991856241183947,-1.051955466894669e-05,1.1079511646832734e-05,0.0,0.0,nan,0,-0.03999999879365994,-14.791879908041036,2.610768425573983e-15,1.0670233715250083e-05,1
7.22,4.0,1.4537394511253234,0.25406744047148805,0.0,0.0,nan,0,4.87776086111756,-1.4537394511253234,-0.2540674404714853,0.0,0.0,nan,0,-4.917761954143741,-1.0544748625957584e-05,8.017980562659257e-06,0.0,0.0,nan,0,-0.04000000936346197,-14.84092990804104,2.8354775657581144e-15,8.879921400145012e-06,1
7.2250000000000005,4.0,1.4550097883276805,0.2540674404714896,0.0,0.0,nan,0,4.803421324077355,-1.4550097883276805,-0.2540674404714869,0.0,0.0,nan,0,-4.843422417103537,-1.0564315189105083e-05,-8.918372444339633e-06,0.0,0.0,nan,0,-0.04000001617070212,-14.889979908041042,1.756340785822462e-15,-3.986738849545286e-06,2
7.23,4.0,1.4562801255300375,0.25406744047149094,0.0,0.0,nan,0,4.728836537037149,-1.4562801255300375,-0.2540674404714882,0.0,0.0,nan,0,-4.768837630063331,-1.0559651805394643e-05,-6.444469402763696e-05,0.0,0.0,nan,0,-0.040000003796093905,-14.939029908041043,1.7652225700194632e-15,-5.158074565188989e-05,2
7.235,4.0,1.4575504627323945,0.2540674404714907,0.0,0.0,nan,0,4.654006499996944,-1.4575504627323945,-0.254067440471488,0.0,0.0,nan,0,-4.694007593023126,-1.0544821786542813e-05,7.1872947784758336e-06,0.0,0.0,nan,0,-0.03999998122102372,-14.988079908041044,1.7776570678952646e-15,7.354705169636848e-06,2
7.24,4.0,1.4588207999347516,0.25406744047148827,0.0,0.0,nan,0,4.578931212956739,-1.4588207999347516,-0.25406744047148555,0.0,0.0,nan,0,-4.618932305982921,-1.0567051305084701e-05,9.657072412601913e-06,0.0,0.0,nan,0,-0.03999998906468841,-15.037129908041047,1.7865388520922657e-15,9.30420265452722e-06,2
7.245,4.0,1.4600911371371086,0.2540674404714898,0.0,0.0,nan,0,4.5036106759165335,-1.4600911371371086,-0.2540674404714871,0.0,0.0,nan,0,-4.543611768942715,-1.0591607333469005e-05,1.1079415536985907e-05,0.0,0.0,nan,0,-0.03999999879418448,-15.086179908041053,1.804302420486268e-15,1.0670189277787482e-05,2
7.25,4.0,1.4613614743394656,0.25406744047149116,0.0,0.0,nan,0,4.428044888876329,-1.4613614743394656,-0.25406744047148844,0.0,0.0,nan,0,-4.4680459819025105,-1.0616801601415204e-05,8.01788863661332e-06,0.0,0.0,nan,0,-0.040000009363941644,-15.135229908041058,1.825618702559071e-15,8.879880560138078e-06,2
7.255,4.0,1.4626318115418226,0.2540674404714925,0.0,0.0,nan,0,4.352233851836123,-1.4626318115418226,-0.25406744047148977,0.0,0.0,nan,0,-4.392234944862305,-1.0636368484862047e-05,-8.918430580386384e-06,0.0,0.0,nan,0,-0.04000001617114851,-15.184279908041063,1.854928590409176e-15,-3.986729049551583e-06,2
7.26,4.0,1.4639021487441797,0.2540674404714914,0.0,0.0,nan,0,4.276177564795918,-1.4639021487441797,-0.25406744047148866,0.0,0.0,nan,0,-4.3161786578221,-1.0631705472597536e-05,-6.444462200703286e-05,0.0,0.0,nan,0,-0.04000000379658696,-15.233329908041066,1.888679370357781e-15,-5.1580518489600915e-05,2
7.265000000000001,4.0,1.4651724859465367,0.25406744047149094,0.0,0.0,nan,0,4.199876027755713,-1.4651724859465367,-0.2540674404714882,0.0,0.0,nan,0,-4.239877120781895,-1.0616875853977636e-05,7.187207249987505e-06,0.0,0.0,nan,0,-0.03999998122161795,-15.282379908041065,1.925094685565486e-15,7.354676618383926e-06,2
7.2700000000000005,4.0,1.4664428231488937,0.2540674404714918,0.0,0.0,nan,0,4.123329240715507,-1.4664428231488937,-0.2540674404714891,0.0,0.0,nan,0,-4.163330333741689,-1.0639105690636586e-05,9.656980007057353e-06,0.0,0.0,nan,0,-0.03999998906525205,-15.33142990804107,1.981938104426294e-15,9.304165667629223e-06,2
7.275,4.0,1.4677131603512508,0.25406744047149205,0.0,0.0,nan,0,4.046537203675302,-1.4677131603512508,-0.2540674404714893,0.0,0.0,nan,0,-4.086538296701484,-1.0663662032336235e-05,1.107931943516682e-05,0.0,0.0,nan,0,-0.03999999879470906,-15.380479908041071,2.0458869506447032e-15,1.067014483701908e-05,2
7.28,4.0,1.4689834975536078,0.25406744047149155,0.0,0.0,nan,0,3.9694999166350966,-1.4689834975536078,-0.2540674404714888,0.0,0.0,nan,0,-4.009501009661278,-1.0688856611165698e-05,8.017796718752537e-06,0.0,0.0,nan,0,-0.04000000936442138,-15.429529908041076,2.1000658342464104e-15,8.879839717428417e-06,2
7.285,4.0,1.4702538347559648,0.2540674404714909,0.0,0.0,nan,0,3.892217379594892,-1.4702538347559648,-0.25406744047148816,0.0,0.0,nan,0,-3.9322184726210736,-1.0708423814845963e-05,-8.918488705971553e-06,0.0,0.0,nan,0,-0.04000001617159496,-15.478579908041079,2.1871073193770226e-15,-3.986719251796977e-06,2
7.29,4.0,1.4715241719583219,0.2540674404714909,0.0,0.0,nan,0,3.814689592554686,-1.4715241719583219,-0.25406744047148816,0.0,0.0,nan,0,-3.854690685580868,-1.0703761173968401e-05,-6.44445499658922e-05,0.0,0.0,nan,0,-0.04000000379708009,-15.527629908041078,2.3052350491971392e-15,-5.1580291319526164e-05,2
7.295,4.0,1.4727945091606789,0.2540674404714913,0.0,0.0,nan,0,3.7369165555144805,-1.4727945091606789,-0.2540674404714886,0.0,0.0,nan,0,-3.776917648540662,-1.068893195553186e-05,7.187119731115566e-06,0.0,0.0,nan,0,-0.039999981222212266,-15.576679908041081,2.450896310027959e-15,7.3546480635285564e-06,1
7.3,4.0,1.474064846363036,0.2540674404714942,0.0,0.0,nan,0,3.658898268474276,-1.474064846363036,-0.2540674404714915,0.0,0.0,nan,0,-3.6988993615004575,-1.0711162110252359e-05,9.656887610523153e-06,0.0,0.0,nan,0,-0.03999998906581578,-15.625729908041084,2.562806790910175e-15,9.304128678557863e-06,1
7.305,4.0,1.475335183565393,0.25406744047149554,0.0,0.0,nan,0,3.5806347314340696,-1.475335183565393,-0.2540674404714928,0.0,0.0,nan,0,-3.6206358244602512,-1.0735718765222252e-05,1.1079223341753935e-05,0.0,0.0,nan,0,-0.039999998795233714,-15.674779908041081,2.8674519888673177e-15,1.0670100391865742e-05,1
7.3100000000000005,4.0,1.47660552076775,0.25406744047149665,0.0,0.0,nan,0,3.5021259443938644,-1.47660552076775,-0.254067440471494,0.0,0.0,nan,0,-3.542127037420046,-1.0760913654882936e-05,8.01770480928911e-06,0.0,0.0,nan,0,-0.04000000936490118,-15.723829908041084,3.1561099752698586e-15,8.879798872675061e-06,1
7.315,4.0,1.477875857970107,0.2540674404714962,0.0,0.0,nan,0,3.4233719073536593,-1.477875857970107,-0.2540674404714935,0.0,0.0,nan,0,-3.463373000379841,-1.0780481178758461e-05,-8.91854682100384e-06,0.0,0.0,nan,0,-0.04000001617204148,-15.772879908041089,1.768775283698263e-15,-3.9867094514959666e-06,2
7.32,4.0,1.479146195172464,0.2540674404714949,0.0,0.0,nan,0,3.3443726203134534,-1.479146195172464,-0.25406744047149216,0.0,0.0,nan,0,-3.384373713339635,-1.0775818909226215e-05,-6.444447790495848e-05,0.0,0.0,nan,0,-0.04000000379757328,-15.82192990804109,1.7723279973770632e-15,-5.158006413715547e-05,2
7.325,4.0,1.480416532374821,0.2540674404714951,0.0,0.0,nan,0,3.265128083273248,-1.480416532374821,-0.2540674404714924,0.0,0.0,nan,0,-3.3051291762994297,-1.0760990090920991e-05,7.187032221721548e-06,0.0,0.0,nan,0,-0.03999998122280665,-15.870979908041095,1.7812097815740647e-15,7.35461951109436e-06,2
7.33,4.0,1.481686869577178,0.254067440471496,0.0,0.0,nan,0,3.1856382962330425,-1.481686869577178,-0.25406744047149327,0.0,0.0,nan,0,-3.225639389259224,-1.0783220563657936e-05,9.65679522284323e-06,0.0,0.0,nan,0,-0.03999998906637957,-15.9200299080411,1.7989733499680676e-15,9.304091688815932e-06,2
7.335,4.0,1.4829572067795351,0.254067440471496,0.0,0.0,nan,0,3.1059032591928366,-1.4829572067795351,-0.25406744047149327,0.0,0.0,nan,0,-3.145904352219018,-1.080777753184603e-05,1.1079127256381936e-05,0.0,0.0,nan,0,-0.03999999879575844,-15.969079908041104,1.811407847843869e-15,1.067005594716627e-05,2
7.34,4.0,1.4842275439818922,0.25406744047149754,0.0,0.0,nan,0,3.0259229721526317,-1.4842275439818922,-0.2540674404714948,0.0,0.0,nan,0,-3.0659240651788133,-1.0832972732275487e-05,8.01761290787381e-06,0.0,0.0,nan,0,-0.040000009365381034,-16.01812990804111,1.832724129916672e-15,8.879758033858288e-06,2
7.345,4.0,1.4854978811842492,0.2540674404714973,0.0,0.0,nan,0,2.9456974351124257,-1.4854978811842492,-0.2540674404714946,0.0,0.0,nan,0,-2.9856985281386073,-1.085254057628382e-05,-8.918604925332978e-06,0.0,0.0,nan,0,-0.04000001617248803,-16.06717990804112,1.853152233569775e-15,-3.98669964850643e-06,2
7.3500000000000005,4.0,1.4867682183866062,0.25406744047149754,0.0,0.0,nan,0,2.86522664807222,-1.4867682183866062,-0.2540674404714948,0.0,0.0,nan,0,-2.9052277410984018,-1.0847878678041378e-05,-6.444440582326046e-05,0.0,0.0,nan,0,-0.040000003798066494,-16.116229908041127,1.8931202624562808e-15,-5.157983694107396e-05,2
7.355,4.0,1.4880385555889633,0.2540674404714982,0.0,0.0,nan,0,2.7845106110320152,-1.4880385555889633,-0.2540674404714955,0.0,0.0,nan,0,-2.824511704058197,-1.0833050259825838e-05,7.186944721810559e-06,0.0,0.0,nan,0,-0.039999981223401065,-16.165279908041136,1.9464109676382875e-15,7.354590956938881e-06,2
7.36,4.0,1.4893088927913203,0.2540674404714982,0.0,0.0,nan,0,2.7035493239918087,-1.4893088927913203,-0.2540674404714955,0.0,0.0,nan,0,-2.7435504170179903,-1.085528105051678e-05,9.65670284385753e-06,0.0,0.0,nan,0,-0.03999998906694339,-16.214329908041144,2.011247992276397e-15,9.304054696960133e-06,2
7.365,4.0,1.4905792299936773,0.25406744047149843,0.0,0.0,nan,0,2.622342786951603,-1.4905792299936773,-0.2540674404714957,0.0,0.0,nan,0,-2.6623438799777848,-1.0879838331864095e-05,1.1079031179260903e-05,0.0,0.0,nan,0,-0.03999999879628318,-16.263379908041152,2.1071712616040107e-15,1.0670011498787075e-05,2
7.37,4.0,1.4918495671960343,0.25406744047149776,0.0,0.0,nan,0,2.5408909999113978,-1.4918495671960343,-0.25406744047149504,0.0,0.0,nan,0,-2.5808920929375794,-1.090503384302069e-05,8.01752101484113e-06,0.0,0.0,nan,0,-0.04000000936586092,-16.31242990804116,2.2164172072271255e-15,8.879717178111066e-06,2
7.375,4.0,1.4931199043983914,0.2540674404714991,0.0,0.0,nan,0,2.459193962871191,-1.4931199043983914,-0.2540674404714964,0.0,0.0,nan,0,-2.499195055897373,-1.092460200710979e-05,-8.918663019125149e-06,0.0,0.0,nan,0,-0.040000016172934645,-16.36147990804117,2.3896119990686497e-15,-3.986689848050867e-06,2
7.38,4.0,1.4943902416007484,0.2540674404714989,0.0,0.0,nan,0,2.3772516758309856,-1.4943902416007484,-0.2540674404714962,0.0,0.0,nan,0,-2.4172527688571672,-1.091994048011552e-05,-6.444433372158094e-05,0.0,0.0,nan,0,-0.04000000379855978,-16.410529908041177,2.5148451562463674e-15,-5.1579609737799986e-05,1
7.385,4.0,1.4956605788031054,0.2540674404715004,0.0,0.0,nan,0,2.2950641387907798,-1.4956605788031054,-0.2540674404714977,0.0,0.0,nan,0,-2.3350652318169614,-1.0905112461941091e-05,7.186857231722845e-06,0.0,0.0,nan,0,-0.03999998122399556,-16.459579908041185,2.7875159310943058e-15,7.354562400049584e-06,1
7.390000000000001,4.0,1.4969309160054625,0.2540674404715011,0.0,0.0,nan,0,2.2126313517505736,-1.4969309160054625,-0.25406744047149843,0.0,0.0,nan,0,-2.252632444776755,-1.0927343570540926e-05,9.656610473772816e-06,0.0,0.0,nan,0,-0.03999998906750729,-16.508629908041193,3.1090365190257512e-15,9.304017704605176e-06,1
7.3950000000000005,4.0,1.4982012532078195,0.254067440471502,0.0,0.0,nan,0,2.129953314710368,-1.4982012532078195,-0.25406744047149926,0.0,0.0,nan,0,-2.1699544077365496,-1.095190116499542e-05,1.1078935110471547e-05,0.0,0.0,nan,0,-0.039999998796808,-16.5576799080412,1.760781677920961e-15,1.0669967047969826e-05,2
7.4,4.0,1.4994715904101765,0.2540674404715,0.0,0.0,nan,0,2.0470300276701616,-1.4994715904101765,-0.25406744047149726,0.0,0.0,nan,0,-2.0870311206963432,-1.0977096986813234e-05,8.017429129907634e-06,0.0,0.0,nan,0,-0.0400000093663409,-16.60672990804121,1.7785452463149634e-15,8.879676327303882e-06,2
7.405,4.0,1.5007419276125336,0.2540674404715022,0.0,0.0,nan,0,1.9638614906299554,-1.5007419276125336,-0.2540674404714995,0.0,0.0,nan,0,-2.003862583656137,-1.0996665470924122e-05,-8.918721102499456e-06,0.0,0.0,nan,0,-0.040000016173381336,-16.655779908041218,1.792756101030166e-15,-3.986680049038597e-06,2
7.41,4.0,1.5020122648148906,0.2540674404715004,0.0,0.0,nan,0,1.8804477035897493,-1.5020122648148906,-0.2540674404714977,0.0,0.0,nan,0,-1.9204487966159312,-1.099200431512598e-05,-6.444426160007847e-05,0.0,0.0,nan,0,-0.04000000379905316,-16.704829908041226,1.8105196694241684e-15,-5.157938252034536e-05,2
7.415,4.0,1.5032826020172476,0.25406744047150065,0.0,0.0,nan,0,1.7967886665495432,-1.5032826020172476,-0.25406744047149793,0.0,0.0,nan,0,-1.836789759575725,-1.0977176696944091e-05,7.1867697508492e-06,0.0,0.0,nan,0,-0.03999998122459014,-16.753879908041235,1.8220659888802703e-15,7.354533842818341e-06,2
7.42,4.0,1.5045529392196046,0.25406744047149776,0.0,0.0,nan,0,1.712884379509337,-1.5045529392196046,-0.25406744047149504,0.0,0.0,nan,0,-1.7528854725355187,-1.0999408123404247e-05,9.65651811254923e-06,0.0,0.0,nan,0,-0.03999998906807127,-16.802929908041243,1.846934984631874e-15,9.303980710425902e-06,2
7.425,4.0,1.5058232764219617,0.25406744047149954,0.0,0.0,nan,0,1.6287348424691306,-1.5058232764219617,-0.2540674404714968,0.0,0.0,nan,0,-1.6687359354953124,-1.1023966030913879e-05,1.1078839049755821e-05,0.0,0.0,nan,0,-0.0399999987973329,-16.85197990804125,1.877133050901678e-15,1.0669922598003451e-05,2
7.43,4.0,1.5070936136243187,0.25406744047150065,0.0,0.0,nan,0,1.5443400554289244,-1.5070936136243187,-0.25406744047149793,0.0,0.0,nan,0,-1.5843411484551062,-1.1049162163347809e-05,8.017337253105959e-06,0.0,0.0,nan,0,-0.040000009366820924,-16.90102990804126,1.920653793466984e-15,8.879635473841933e-06,2
7.4350000000000005,4.0,1.5083639508266757,0.25406744047150154,0.0,0.0,nan,0,1.4597000183887183,-1.5083639508266757,-0.2540674404714988,0.0,0.0,nan,0,-1.4997011114149001,-1.1068730967431911e-05,-8.918779175028868e-06,0.0,0.0,nan,0,-0.04000001617382809,-16.950079908041268,2.0085834570172966e-15,-3.986670247685097e-06,2
7.44,4.0,1.5096342880290328,0.25406744047150176,0.0,0.0,nan,0,1.3748147313485117,-1.5096342880290328,-0.25406744047149904,0.0,0.0,nan,0,-1.4148158243746936,-1.1064070182774388e-05,-6.444418945785047e-05,0.0,0.0,nan,0,-0.04000000379954659,-16.999129908041276,2.0689795895569055e-15,-5.15791552936519e-05,2
7.445,4.0,1.5109046252313898,0.2540674404715022,0.0,0.0,nan,0,1.2896841943083053,-1.5109046252313898,-0.2540674404714995,0.0,0.0,nan,0,-1.329685287334487,-1.1049242964539935e-05,7.18668227959293e-06,0.0,0.0,nan,0,-0.03999998122518479,-17.048179908041284,2.177337356760321e-15,7.354505282928769e-06,2
7.45,4.0,1.5121749624337468,0.25406744047150265,0.0,0.0,nan,0,1.204308407268099,-1.5121749624337468,-0.25406744047149993,0.0,0.0,nan,0,-1.2443095002942808,-1.1071474708794493e-05,9.656425760214713e-06,0.0,0.0,nan,0,-0.03999998906863531,-17.097229908041292,2.3105641197153394e-15,9.303943712540255e-06,2
7.455,4.0,1.5134452996361039,0.254067440471502,0.0,0.0,nan,0,1.1186873702278926,-1.5134452996361039,-0.25406744047149926,0.0,0.0,nan,0,-1.1586884632540744,-1.109603292930722e-05,1.1078742997428671e-05,0.0,0.0,nan,0,-0.03999999879785786,-17.1462799080413,2.466883521582561e-15,1.0669878148101913e-05,1
7.46,4.0,1.5147156368384609,0.25406744047150176,0.0,0.0,nan,0,1.0328210831876858,-1.5147156368384609,-0.25406744047149904,0.0,0.0,nan,0,-1.0728221762138677,-1.1121229372298286e-05,8.017245384570532e-06,0.0,0.0,nan,0,-0.040000009367301,-17.19532990804131,2.67471727179239e-15,8.879594620039819e-06,1
7.465,4.0,1.515985974040818,0.2540674404715013,0.0,0.0,nan,0,0.9467095461474794,-1.515985974040818,-0.2540674404714986,0.0,0.0,nan,0,-0.9867106391736612,-1.1140798496296622e-05,-8.918837237115374e-06,0.0,0.0,nan,0,-0.040000016174274865,-17.244379908041317,3.0113368928587383e-15,-3.986660447334336e-06,1
7.47,4.0,1.517256311243175,0.25406744047150065,0.0,0.0,nan,0,0.8603527591072728,-1.517256311243175,-0.25406744047149793,0.0,0.0,nan,0,-0.9003538521334546,-1.1136138082741553e-05,-6.444411729577243e-05,0.0,0.0,nan,0,-0.04000000380004005,-17.293429908041325,1.7590053210815618e-15,-5.157892805720002e-05,2
7.4750000000000005,4.0,1.518526648445532,0.25406744047149976,0.0,0.0,nan,0,0.7737507220670663,-1.518526648445532,-0.25406744047149704,0.0,0.0,nan,0,-0.8137518150932481,-1.1121311264412903e-05,7.186594818125331e-06,0.0,0.0,nan,0,-0.03999998122577948,-17.342479908041334,1.771439818957364e-15,7.354476723175104e-06,2
7.48,4.0,1.519796985647889,0.2540674404715,0.0,0.0,nan,0,0.6869034350268595,-1.519796985647889,-0.25406744047149726,0.0,0.0,nan,0,-0.7269045280530413,-1.11435433264237e-05,9.656333416828298e-06,0.0,0.0,nan,0,-0.03999998906919938,-17.391529908041342,1.788315208931666e-15,9.303906722008732e-06,2
7.485,4.0,1.521067322850246,0.25406744047150115,0.0,0.0,nan,0,0.5998108979866528,-1.521067322850246,-0.25406744047149843,0.0,0.0,nan,0,-0.6398119910128346,-1.1168101859880541e-05,1.1078646953195361e-05,0.0,0.0,nan,0,-0.039999998798382855,-17.44057990804135,1.811407847843869e-15,1.0669833689107206e-05,2
7.49,4.0,1.522337660052603,0.2540674404715007,0.0,0.0,nan,0,0.512473110946446,-1.522337660052603,-0.254067440471498,0.0,0.0,nan,0,-0.5524742039726278,-1.1193298613376701e-05,8.017153524233761e-06,0.0,0.0,nan,0,-0.040000009367781135,-17.48962990804136,1.8220659888802703e-15,8.879553762493134e-06,2
7.495,4.0,1.52360799725496,0.2540674404715005,0.0,0.0,nan,0,0.4248900739062393,-1.52360799725496,-0.25406744047149776,0.0,0.0,nan,0,-0.464891166932421,-1.1212868057244169e-05,-8.918895288640441e-06,0.0,0.0,nan,0,-0.04000001617472171,-17.538679908041367,1.8442704493727737e-15,-3.986650644871502e-06,2
7.5,4.0,1.5248783344573171,0.25406744047150137,0.0,0.0,nan,0,0.33706178686603233,-1.5248783344573171,-0.25406744047149865,0.0,0.0,nan,0,-0.37706287989221404,-1.1208208014725635e-05,-6.444404511336883e-05,0.0,0.0,nan,0,-0.040000003800533576,-17.587729908041375,1.8806857645804796e-15,-5.1578700807470764e-05,2
7.505,4.0,1.5261486716596742,0.2540674404715018,0.0,0.0,nan,0,0.24898824982582543,-1.5261486716596742,-0.2540674404714991,0.0,0.0,nan,0,-0.28898934285200717,-1.1193381596250745e-05,7.1865073659291054e-06,0.0,0.0,nan,0,-0.03999998122637423,-17.636779908041383,1.9215419718866852e-15,7.354448162240153e-06,2
7.51,4.0,1.5274190088620312,0.25406744047149915,0.0,0.0,nan,0,0.16066946278561842,-1.5274190088620312,-0.25406744047149643,0.0,0.0,nan,0,-0.20067055581180016,-1.1215613975962269e-05,9.656241082155033e-06,0.0,0.0,nan,0,-0.03999998906976354,-17.68582990804139,1.9748326770686928e-15,9.303869713662127e-06,2
7.515000000000001,4.0,1.5286893460643882,0.2540674404714996,0.0,0.0,nan,0,0.07210542574541139,-1.5286893460643882,-0.2540674404714969,0.0,0.0,nan,0,-0.11210651877159314,-1.1240172822321592e-05,1.1078550917074404e-05,0.0,0.0,nan,0,-0.03999999879890796,-17.7348799080414,2.014800705955198e-15,1.0669789228392101e-05,2
7.5200000000000005,4.0,1.5299611538365312,0.2553129317413137,0.0,0.0,nan,0,0.07795921445276292,-1.5299611538365312,-0.255312931741311,0.0,0.0,nan,0,-0.11796030747894468,-1.1265369990253599e-05,8.016924585547207e-06,0.0,0.0,nan,0,-0.04000000936836378,66.11045223445058,1.731471790070858e-15,8.879380241733602e-06,2
7.525,4.0,1.5312377184952388,0.25531293174135006,0.0,0.0,nan,0,0.4083765881250159,-1.5312377184952388,-0.25531293174134734,0.0,0.0,nan,0,-0.44837768115119764,-1.1284939711093955e-05,-8.918933882875469e-06,0.0,0.0,nan,0,-0.0400000161752236,66.0614022344506,1.6648584085933489e-15,-3.98662337029867e-06,2
7.53,4.0,1.5325142831539464,0.2553129317413137,0.0,0.0,nan,0,0.738548711797269,-1.5325142831539464,-0.255312931741311,0.0,0.0,nan,0,-0.7785498048234508,-1.1280279991556647e-05,-6.444396852901057e-05,0.0,0.0,nan,0,-0.040000003801039075,66.01235223445066,1.6524239107175471e-15,-5.157846953543457e-05,2
7.535,4.0,1.5337908478126532,0.25531293174132097,0.0,0.0,nan,0,1.0684755854695225,-1.533790847812653,-0.25531293174131825,0.0,0.0,nan,0,-1.1084766784957043,-1.126545396288453e-05,7.18642079593286e-06,0.0,0.0,nan,0,-0.039999981226971584,65.96330223445071,1.6346603423235446e-15,7.354420446042823e-06,2
7.54,4.0,1.5350674124713608,0.25531293174135006,0.0,0.0,nan,0,1.3981572091417762,-1.5350674124713606,-0.25531293174134734,0.0,0.0,nan,0,-1.438158302167958,-1.128768665822899e-05,9.656148930494163e-06,0.0,0.0,nan,0,-0.0399999890703283,65.91425223445074,1.615120417090142e-15,9.303832892848177e-06,2
7.545,4.0,1.5363439771300684,0.2553129317413355,0.0,0.0,nan,0,1.72759358281403,-1.5363439771300682,-0.2553129317413328,0.0,0.0,nan,0,-1.767594675840212,-1.1312245817032829e-05,1.1078454924077982e-05,0.0,0.0,nan,0,-0.03999999879943321,65.86520223445075,1.5804814587218372e-15,1.0669744806337625e-05,2
7.55,4.0,1.537620541788776,0.2553129317413719,0.0,0.0,nan,0,2.056784706486284,-1.5376205417887758,-0.25531293174136915,0.0,0.0,nan,0,-2.0967857995124657,-1.1337443191296315e-05,8.016969835243582e-06,0.0,0.0,nan,0,-0.04000000936874164,65.81615223445078,1.5351843593171309e-15,8.879472062754613e-06,2
7.555,4.0,1.5388971064474837,0.2553129317413646,0.0,0.0,nan,0,2.385730580158539,-1.5388971064474835,-0.2553129317413619,0.0,0.0,nan,0,-2.4257316731847207,-1.1357013274721633e-05,-8.91901135855004e-06,0.0,0.0,nan,0,-0.04000001617561556,65.76710223445082,1.5040981146276266e-15,-3.986631036412637e-06,2
7.5600000000000005,4.0,1.5401736711061913,0.2553129317413137,0.0,0.0,nan,0,2.7144312038307925,-1.540173671106191,-0.255312931741311,0.0,0.0,nan,0,-2.754432296856974,-1.135235397414433e-05,-6.444390068763963e-05,0.0,0.0,nan,0,-0.040000003801520786,65.71805223445088,1.4428138036683178e-15,-5.157824627270626e-05,2
7.565,4.0,1.541450235764899,0.25531293174132824,0.0,0.0,nan,0,3.0428865775030474,-1.5414502357648987,-0.2553129317413255,0.0,0.0,nan,0,-3.082887670529229,-1.1337528355224308e-05,7.186332490413489e-06,0.0,0.0,nan,0,-0.039999981227563895,65.66900223445089,1.3841940279681096e-15,7.35439103359168e-06,2
7.57,4.0,1.5427268004236065,0.2553129317413355,0.0,0.0,nan,0,3.371096701175302,-1.5427268004236063,-0.2553129317413328,0.0,0.0,nan,0,-3.4110977942014835,-1.1359761370163812e-05,9.656056439570132e-06,0.0,0.0,nan,0,-0.03999998907089199,65.61995223445093,1.2864944018010956e-15,9.303795710207208e-06,2
7.575,4.0,1.5440033650823142,0.2553129317413355,0.0,0.0,nan,0,3.6990615748475566,-1.544003365082314,-0.2553129317413328,0.0,0.0,nan,0,-3.739062667873738,-1.1384320842147688e-05,1.1078358869760014e-05,0.0,0.0,nan,0,-0.039999998799958233,65.57090223445094,1.2154401282250857e-15,1.0669700306373908e-05,2
7.58,4.0,1.5452799297410218,0.25531293174132824,0.0,0.0,nan,0,4.026781198519812,-1.5452799297410216,-0.2553129317413255,0.0,0.0,nan,0,-4.0667822915459935,-1.140951852683994e-05,8.016877992773168e-06,0.0,0.0,nan,0,-0.04000000936922189,65.52185223445095,1.091095149467068e-15,8.879431183697141e-06,2
7.585,4.0,1.5465564943997294,0.25531293174132824,0.0,0.0,nan,0,4.354255572192067,-1.5465564943997292,-0.2553129317413255,0.0,0.0,nan,0,-4.394256665218249,-1.1429088929988673e-05,-8.91906937979644e-06,0.0,0.0,nan,0,-0.04000001617606257,65.47280223445101,9.596447433514496e-16,-3.986621235564497e-06,1
7.59,4.0,1.547833059058437,0.25531293174132097,0.0,0.0,nan,0,4.681484695864322,-1.5478330590584368,-0.25531293174131825,0.0,0.0,nan,0,-4.7214857888905035,-1.1424430000312596e-05,-6.444382844467887e-05,0.0,0.0,nan,0,-0.04000000380201448,65.42375223445107,7.997726278054272e-16,-5.1578018990355986e-05,1
7.595,4.0,1.5491096237171447,0.25531293174132824,0.0,0.0,nan,0,5.008468569536578,-1.5491096237171444,-0.2553129317413255,0.0,0.0,nan,0,-5.048469662562759,-1.1409604781107557e-05,7.186245066962736e-06,0.0,0.0,nan,0,-0.039999981228158836,65.37470223445114,4.951274298482843e-16,7.3543624670381145e-06,1
7.6000000000000005,4.0,1.5503861883758523,0.2553129317413064,0.0,0.0,nan,0,5.335207193208833,-1.550386188375852,-0.2553129317413037,0.0,0.0,nan,0,-5.375208286235015,-1.1431838113584725e-05,9.655964131452892e-06,0.0,0.0,nan,0,-0.03999998907145633,65.32565223445118,2.384438665549481e-16,9.303758705581183e-06,1
7.605,4.0,1.55166275303456,0.2553129317413355,0.0,0.0,nan,0,5.661700566881089,-1.5516627530345597,-0.2553129317413328,0.0,0.0,nan,0,-5.701701659907271,-1.145639789830108e-05,1.1078262858433692e-05,0.0,0.0,nan,0,-0.03999999880048349,65.27660223445125,1.6719638359509505e-15,1.0669655841812103e-05,2
7.61,4.0,1.5529393176932675,0.25531293174132824,0.0,0.0,nan,0,5.987948690553346,-1.5529393176932673,-0.2553129317413255,0.0,0.0,nan,0,-6.027949783579528,-1.148159589327638e-05,8.016786165105464e-06,0.0,0.0,nan,0,-0.040000009369702265,65.22755223445121,1.655088445976648e-15,8.879390319290175e-06,2
7.615,4.0,1.5542158823519752,0.25531293174135006,0.0,0.0,nan,0,6.313951564225602,-1.554215882351975,-0.25531293174134734,0.0,0.0,nan,0,-6.353952657251783,-1.150116661607567e-05,-8.919127388902004e-06,0.0,0.0,nan,0,-0.040000016176509626,65.17850223445127,1.6355485207432452e-15,-3.986611432745497e-06,2
7.62,4.0,1.5554924470106828,0.2553129317413937,0.0,0.0,nan,0,6.639709187897859,-1.5554924470106826,-0.25531293174139097,0.0,0.0,nan,0,-6.6797102809240405,-1.149650805723837e-05,-6.444375618107896e-05,0.0,0.0,nan,0,-0.04000000380250823,65.12945223445126,1.6115677034113417e-15,-5.157779169458445e-05,2
7.625,4.0,1.5567690116693904,0.25531293174137915,0.0,0.0,nan,0,6.965221561570115,-1.5567690116693902,-0.2553129317413764,0.0,0.0,nan,0,-7.005222654596297,-1.148168323770321e-05,7.18615765310739e-06,0.0,0.0,nan,0,-0.039999981228753825,65.08040223445133,1.5911395997582387e-15,7.3543339028124685e-06,2
7.63,4.0,1.558045576328098,0.25531293174135006,0.0,0.0,nan,0,7.290488685242372,-1.5580455763280978,-0.25531293174134734,0.0,0.0,nan,0,-7.330489778268554,-1.150391688766253e-05,9.65587183240552e-06,0.0,0.0,nan,0,-0.03999998907202071,65.03135223445136,1.5591651766490342e-15,9.303721697703532e-06,2
7.635,4.0,1.5593221409868057,0.2553129317413646,0.0,0.0,nan,0,7.61551055891463,-1.5593221409868054,-0.2553129317413619,0.0,0.0,nan,0,-7.655511651940811,-1.1528476985062791e-05,1.1078166855467222e-05,0.0,0.0,nan,0,-0.039999998801008796,64.98230223445137,1.5076508283064269e-15,1.066961137104903e-05,2
7.640000000000001,4.0,1.5605987056455133,0.25531293174140823,0.0,0.0,nan,0,7.940287182586886,-1.560598705645513,-0.2553129317414055,0.0,0.0,nan,0,-7.980288275613067,-1.1553675290279508e-05,8.016694345890735e-06,0.0,0.0,nan,0,-0.04000000937018269,64.93325223445142,1.4357083763107168e-15,8.879349452611243e-06,2
7.6450000000000005,4.0,1.561875270304221,0.2553129317414155,0.0,0.0,nan,0,8.264818556259142,-1.5618752703042207,-0.2553129317414128,0.0,0.0,nan,0,-8.304819649285323,-1.1573246332680781e-05,-8.919185387203925e-06,0.0,0.0,nan,0,-0.04000001617695677,64.88420223445144,1.3566604969574056e-15,-3.986601628386399e-06,2
7.65,4.0,1.5631518349629285,0.2553129317413937,0.0,0.0,nan,0,8.589104679931399,-1.5631518349629283,-0.25531293174139097,0.0,0.0,nan,0,-8.62910577295758,-1.1568588144644093e-05,-6.444368389763794e-05,0.0,0.0,nan,0,-0.04000000380300206,64.83515223445148,1.301593434935998e-15,-5.1577564387506407e-05,2
7.655,4.0,1.5644283996216362,0.25531293174140823,0.0,0.0,nan,0,8.913145553603655,-1.564428399621636,-0.2553129317414055,0.0,0.0,nan,0,-8.953146646629836,-1.1553763724723304e-05,7.186070248914805e-06,0.0,0.0,nan,0,-0.0399999812293489,64.7861022344515,1.1932356677325828e-15,7.354305334887542e-06,2
7.66,4.0,1.5657049642803438,0.2553129317414155,0.0,0.0,nan,0,9.236941177275915,-1.5657049642803436,-0.2553129317414128,0.0,0.0,nan,0,-9.276942270302095,-1.1575997692112733e-05,9.655779542139752e-06,0.0,0.0,nan,0,-0.03999998907258517,64.73705223445157,1.0200408758910582e-15,9.303684691310017e-06,2
7.665,4.0,1.5669815289390514,0.25531293174143005,0.0,0.0,nan,0,9.560491550948171,-1.5669815289390512,-0.25531293174142733,0.0,0.0,nan,0,-9.600492643974352,-1.160055810213445e-05,1.1078070860696788e-05,0.0,0.0,nan,0,-0.03999999880153415,64.68800223445163,8.797086855784386e-16,1.0669566903282663e-05,1
7.67,4.0,1.568258093597759,0.2553129317414373,0.0,0.0,nan,0,9.883796674620429,-1.5682580935977588,-0.2553129317414346,0.0,0.0,nan,0,-9.92379776764661,-1.1625756717533603e-05,8.016602534953386e-06,0.0,0.0,nan,0,-0.04000000937066318,64.63895223445166,6.71874935368609e-16,8.879308584634675e-06,1
7.675,4.0,1.5695346582564667,0.25531293174140823,0.0,0.0,nan,0,10.206856548292688,-1.5695346582564664,-0.2553129317414055,0.0,0.0,nan,0,-10.246857641318869,-1.1645328079477879e-05,-8.919243375316305e-06,0.0,0.0,nan,0,-0.04000001617740394,64.58990223445173,3.192681027476592e-16,-3.986591822885993e-06,1
7.68,4.0,1.5708112229151743,0.2553129317413428,0.0,0.0,nan,0,10.529671171964946,-1.570811222915174,-0.25531293174134007,0.0,0.0,nan,0,-10.569672264991127,-1.1640670262186292e-05,-6.444361159387027e-05,0.0,0.0,nan,0,-0.04000000380349594,64.54085223445176,1.67285201437065e-15,-5.157733707207504e-05,2
7.6850000000000005,4.0,1.572087787573882,0.2553129317413864,0.0,0.0,nan,0,10.852240545637205,-1.5720877875738817,-0.2553129317413837,0.0,0.0,nan,0,-10.892241638663386,-1.16258462418313e-05,7.185982854085227e-06,0.0,0.0,nan,0,-0.03999998122994404,64.49180223445178,1.6621938733342486e-15,7.354276765553975e-06,2
7.69,4.0,1.5733643522325895,0.2553129317413937,0.0,0.0,nan,0,11.174564669309463,-1.5733643522325893,-0.25531293174139097,0.0,0.0,nan,0,-11.214565762335644,-1.1648080526605736e-05,9.655687260685466e-06,0.0,0.0,nan,0,-0.039999989073149694,64.44275223445183,1.6462066617796463e-15,9.303647680194955e-06,2
7.695,4.0,1.5746409168912971,0.2553129317413937,0.0,0.0,nan,0,11.496643542981722,-1.574640916891297,-0.25531293174139097,0.0,0.0,nan,0,-11.536644636007903,-1.1672641249207277e-05,1.1077974874126868e-05,0.0,0.0,nan,0,-0.03999999880205958,64.3937022344519,1.631107628644744e-15,1.0669522429470472e-05,2
7.7,4.0,1.5759174815500048,0.2553129317413937,0.0,0.0,nan,0,11.818477166653983,-1.5759174815500046,-0.25531293174139097,0.0,0.0,nan,0,-11.858478259680163,-1.1697840174729884e-05,8.0165107321913e-06,0.0,0.0,nan,0,-0.04000000937114373,64.34465223445193,1.60179774079464e-15,8.879267711419641e-06,2
7.705,4.0,1.5771940462087124,0.2553129317413646,0.0,0.0,nan,0,12.140065540326242,-1.5771940462087122,-0.2553129317413619,0.0,0.0,nan,0,-12.180066633352423,-1.1717411856165122e-05,-8.919301352520695e-06,0.0,0.0,nan,0,-0.04000001617785119,64.29560223445193,1.570711496105136e-15,-3.986582021253601e-06,2
7.71,4.0,1.57847061086742,0.25531293174132824,0.0,0.0,nan,0,12.461408663998501,-1.5784706108674198,-0.2553129317413255,0.0,0.0,nan,0,-12.501409757024682,-1.1712754409566595e-05,-6.444353926959887e-05,0.0,0.0,nan,0,-0.040000003803989874,64.246552234452,1.5387370729959316e-15,-5.15771097429684e-05,2
7.715,4.0,1.5797471755261276,0.2553129317413428,0.0,0.0,nan,0,12.782506537670761,-1.5797471755261274,-0.25531293174134007,0.0,0.0,nan,0,-12.822507630696942,-1.1697930788732297e-05,7.185895468923226e-06,0.0,0.0,nan,0,-0.03999998123053923,64.19750223445205,1.4925517951715252e-15,7.354248195222975e-06,2
7.72,4.0,1.5810237401848353,0.25531293174137915,0.0,0.0,nan,0,13.103359161343022,-1.581023740184835,-0.2553129317413764,0.0,0.0,nan,0,-13.143360254369203,-1.172016539083276e-05,9.655594988117643e-06,0.0,0.0,nan,0,-0.03999998907371427,64.14845223445207,1.4588010152229204e-15,9.303610667895056e-06,2
7.7250000000000005,4.0,1.582300304843543,0.2553129317413646,0.0,0.0,nan,0,13.42396653501528,-1.5823003048435427,-0.2553129317413619,0.0,0.0,nan,0,-13.46396762804146,-1.1744726425955143e-05,1.1077878895609434e-05,0.0,0.0,nan,0,-0.03999999880258508,64.09940223445209,1.3984048826833117e-15,1.066947795716108e-05,2
7.73,4.0,1.5835768695022505,0.2553129317413428,0.0,0.0,nan,0,13.744328658687541,-1.5835768695022503,-0.25531293174134007,0.0,0.0,nan,0,-13.784329751713722,-1.1769925661552633e-05,8.016418937769887e-06,0.0,0.0,nan,0,-0.04000000937162433,64.05035223445213,1.3326796796255023e-15,8.87922683952177e-06,2
7.735,4.0,1.5848534341609581,0.25531293174135006,0.0,0.0,nan,0,14.064445532359802,-1.584853434160958,-0.25531293174134734,0.0,0.0,nan,0,-14.104446625385982,-1.1789497662416382e-05,-8.919359319230556e-06,0.0,0.0,nan,0,-0.040000016178298486,64.00130223445217,1.2554081571115917e-15,-3.986572216846541e-06,2
7.74,4.0,1.5861299988196658,0.2553129317413428,0.0,0.0,nan,0,14.384317156032061,-1.5861299988196655,-0.25531293174134007,0.0,0.0,nan,0,-14.424318249058242,-1.1784840586465811e-05,-6.444346692530073e-05,0.0,0.0,nan,0,-0.040000003804483875,63.95225223445217,1.1230695725762726e-15,-5.1576882404627356e-05,2
7.745,4.0,1.5874065634783734,0.25531293174132097,0.0,0.0,nan,0,14.703943529704324,-1.5874065634783732,-0.25531293174131825,0.0,0.0,nan,0,-14.743944622730504,-1.1770017365114044e-05,7.185808093312318e-06,0.0,0.0,nan,0,-0.03999998123113449,63.90320223445219,9.898428096212537e-16,7.35421962188284e-06,2
7.75,4.0,1.588683128137081,0.25531293174132824,0.0,0.0,nan,0,15.023324653376584,-1.5886831281370808,-0.2553129317413255,0.0,0.0,nan,0,-15.063325746402764,-1.179225228449196e-05,9.655502724560416e-06,0.0,0.0,nan,0,-0.039999989074278916,63.854152234452194,7.997726278054268e-16,9.303573654287767e-06,1
7.755,4.0,1.5899596927957886,0.2553129317413428,0.0,0.0,nan,0,15.342460527048845,-1.5899596927957884,-0.25531293174134007,0.0,0.0,nan,0,-15.382461620075025,-1.1816813632079676e-05,1.1077782925792109e-05,0.0,0.0,nan,0,-0.03999999880311061,63.8051022344522,6.079260891501995e-16,1.0669433487273748e-05,1
7.76,4.0,1.5912362574544963,0.2553129317413719,0.0,0.0,nan,0,15.661351150721107,-1.591236257454496,-0.2553129317413692,0.0,0.0,nan,0,-15.701352243747287,-1.1842013177689598e-05,8.016327151516703e-06,0.0,0.0,nan,0,-0.040000009372104975,63.75605223445221,2.7130646808385214e-16,8.879185957925878e-06,1
7.765000000000001,4.0,1.5925128221132039,0.2553129317413719,0.0,0.0,nan,0,15.979996524393368,-1.5925128221132037,-0.25531293174136915,0.0,0.0,nan,0,-16.01999761741955,-1.1861585497943694e-05,-8.919417275394627e-06,0.0,0.0,nan,0,-0.04000001617874584,63.707002234452204,1.6781810848888505e-15,-3.9865624153242855e-06,2
7.7700000000000005,4.0,1.5937893867719115,0.2553129317413646,0.0,0.0,nan,0,16.29839664806563,-1.5937893867719113,-0.2553129317413619,0.0,0.0,nan,0,-16.33839774109181,-1.185692879258557e-05,-6.444339456060536e-05,0.0,0.0,nan,0,-0.04000000380497794,63.657952234452196,1.6639702301736485e-15,-5.1576655054458446e-05,2
7.775,4.0,1.5950659514306191,0.2553129317413646,0.0,0.0,nan,0,16.61655152173789,-1.595065951430619,-0.2553129317413619,0.0,0.0,nan,0,-16.65655261476407,-1.184210597066429e-05,7.185720727274636e-06,0.0,0.0,nan,0,-0.039999981231729834,63.6089022344522,1.652423910717547e-15,7.354191048640398e-06,2
7.78,4.0,1.5963425160893268,0.2553129317413646,0.0,0.0,nan,0,16.934461145410154,-1.5963425160893265,-0.2553129317413619,0.0,0.0,nan,0,-16.974462238436335,-1.1864341207260681e-05,9.655410469918593e-06,0.0,0.0,nan,0,-0.03999998907484364,63.55985223445221,1.6355485207432448e-15,9.303536639816276e-06,2
7.785,4.0,1.5976190807480344,0.2553129317413646,0.0,0.0,nan,0,17.252125519082416,-1.5976190807480342,-0.2553129317413619,0.0,0.0,nan,0,-17.292126612108596,-1.1888902867261686e-05,1.1077686963704543e-05,0.0,0.0,nan,0,-0.039999998803636236,63.51080223445221,1.6240022012871433e-15,1.066938900955091e-05,2
7.79,4.0,1.598895645406742,0.2553129317413864,0.0,0.0,nan,0,17.569544642754675,-1.5988956454067418,-0.2553129317413837,0.0,0.0,nan,0,-17.609545735780856,-1.1914102722842407e-05,8.01623537353366e-06,0.0,0.0,nan,0,-0.0400000093725857,63.4617522344522,1.5929159565976388e-15,8.879145088311525e-06,2
7.795,4.0,1.6001722100654496,0.25531293174137915,0.0,0.0,nan,0,17.886718516426935,-1.6001722100654494,-0.2553129317413764,0.0,0.0,nan,0,-17.926719609453116,-1.193367536242787e-05,-8.919475220817844e-06,0.0,0.0,nan,0,-0.04000001617919323,63.41270223445219,1.5529479277111332e-15,-3.986552608394787e-06,2
7.8,4.0,1.6014487747241573,0.25531293174137915,0.0,0.0,nan,0,18.203647140099196,-1.601448774724157,-0.2553129317413764,0.0,0.0,nan,0,-18.243648233125377,-1.1929019027617088e-05,-6.444332217585259e-05,0.0,0.0,nan,0,-0.04000000380547203,63.3636522344522,1.5040981146276264e-15,-5.157642769119689e-05,2
7.805000000000001,4.0,1.6027253393828649,0.2553129317413719,0.0,0.0,nan,0,18.52033051377146,-1.6027253393828647,-0.25531293174136915,0.0,0.0,nan,0,-18.56033160679764,-1.1914196605074256e-05,7.185633370862366e-06,0.0,0.0,nan,0,-0.03999998123232519,63.314602234452224,1.4286029489531156e-15,7.354162475437044e-06,2
7.8100000000000005,4.0,1.6040019040415725,0.2553129317413428,0.0,0.0,nan,0,18.836768637443722,-1.6040019040415723,-0.25531293174134007,0.0,0.0,nan,0,-18.876769730469903,-1.193643215883361e-05,9.655318224155831e-06,0.0,0.0,nan,0,-0.03999998907540839,63.26555223445224,1.3664304595741065e-15,9.303499614011634e-06,2
7.815,4.0,1.6052784687002801,0.2553129317413719,0.0,0.0,nan,0,19.152961511115983,-1.60527846870028,-0.25531293174136915,0.0,0.0,nan,0,-19.192962604142163,-1.1960994131199332e-05,1.1077591010235735e-05,0.0,0.0,nan,0,-0.03999999880416191,63.216502234452236,1.2642899413085921e-15,1.0669344528635073e-05,2
7.82,4.0,1.6065550333589877,0.2553129317413355,0.0,0.0,nan,0,19.46890913478824,-1.6065550333589875,-0.2553129317413328,0.0,0.0,nan,0,-19.50891022781442,-1.1986194296684932e-05,8.016143603773398e-06,0.0,0.0,nan,0,-0.040000009373066484,63.167452234452234,1.1292868215141728e-15,8.879104210300329e-06,2
7.825,4.0,1.607831598017695,0.2553129317413064,0.0,0.0,nan,0,19.784611508460504,-1.6078315980176947,-0.2553129317413037,0.0,0.0,nan,0,-19.824612601486685,-1.2005767255546251e-05,-8.919533155718275e-06,0.0,0.0,nan,0,-0.0400000161796407,63.118402234452226,9.969482369788543e-16,-3.986542800868441e-06,2
7.83,4.0,1.6091081626764026,0.25531293174132097,0.0,0.0,nan,0,20.100068632132764,-1.6091081626764023,-0.25531293174131825,0.0,0.0,nan,0,-20.140069725158945,-1.200111129123077e-05,-6.444324977077739e-05,0.0,0.0,nan,0,-0.04000000380596619,63.069352234452225,8.637214740238356e-16,-5.157620031786517e-05,1
7.835,4.0,1.6103847273351102,0.25531293174135006,0.0,0.0,nan,0,20.415280505805026,-1.61038472733511,-0.2553129317413473,0.0,0.0,nan,0,-20.455281598831206,-1.1986289268021283e-05,7.185546023888853e-06,0.0,0.0,nan,0,-0.039999981232920666,63.020302234452245,6.558877238140064e-16,7.3541338947685485e-06,1
7.84,4.0,1.6116612919938178,0.25531293174135733,0.0,0.0,nan,0,20.730247129477288,-1.6116612919938176,-0.25531293174135455,0.0,0.0,nan,0,-20.77024822250347,-1.2008525138905435e-05,9.655225987161017e-06,0.0,0.0,nan,0,-0.039999989075973255,62.97125223445225,3.83216948966068e-16,9.303462600510931e-06,1
7.845,4.0,1.6129378566525254,0.2553129317413646,0.0,0.0,nan,0,21.044968503149548,-1.6129378566525252,-0.2553129317413619,0.0,0.0,nan,0,-21.08496959617573,-1.2033087423569955e-05,1.107749506498187e-05,0.0,0.0,nan,0,-0.03999999880468766,62.922202234452264,1.6790692633085507e-15,1.0669300049430759e-05,2
7.8500000000000005,4.0,1.614214421311233,0.25531293174135733,0.0,0.0,nan,0,21.35944462682181,-1.6142144213112328,-0.2553129317413546,0.0,0.0,nan,0,-21.39944571984799,-1.2058287898918801e-05,8.016051842192158e-06,0.0,0.0,nan,0,-0.04000000937354732,62.87315223445229,1.6719638359509499e-15,8.879063329066821e-06,2
7.855,4.0,1.6154909859699407,0.2553129317413864,0.0,0.0,nan,0,21.67367550049407,-1.6154909859699405,-0.2553129317413837,0.0,0.0,nan,0,-21.71367659352025,-1.2077861177000465e-05,-8.919591079792166e-06,0.0,0.0,nan,0,-0.04000001618008822,62.82410223445231,1.6524239107175473e-15,-3.986532997868247e-06,2
7.86,4.0,1.6167675506286483,0.2553129317413937,0.0,0.0,nan,0,21.98766112416633,-1.616767550628648,-0.25531293174139097,0.0,0.0,nan,0,-22.02766221719251,-1.2073205583124774e-05,-6.444317734534252e-05,0.0,0.0,nan,0,-0.04000000380646043,62.77505223445231,1.6382130560023453e-15,-5.157597293349783e-05,2
7.865,4.0,1.618044115287356,0.2553129317414228,0.0,0.0,nan,0,22.301401497838594,-1.6180441152873557,-0.25531293174142006,0.0,0.0,nan,0,-22.341402590864774,-1.2058383959203528e-05,7.185458686659099e-06,0.0,0.0,nan,0,-0.03999998123351615,62.72600223445231,1.6168967739295423e-15,7.3541053228130805e-06,2
7.87,4.0,1.6193206799460635,0.25531293174143005,0.0,0.0,nan,0,22.614896621510855,-1.6193206799460633,-0.25531293174142733,0.0,0.0,nan,0,-22.654897714537036,-1.2080620147146559e-05,9.655133759218838e-06,0.0,0.0,nan,0,-0.0399999890765381,62.67695223445228,1.5955804918567392e-15,9.303425582187412e-06,2
7.875,4.0,1.6205972446047712,0.2553129317414373,0.0,0.0,nan,0,22.928146495183118,-1.620597244604771,-0.2553129317414346,0.0,0.0,nan,0,-22.9681475882093,-1.2105182744064774e-05,1.107739912795725e-05,0.0,0.0,nan,0,-0.03999999880521342,62.62790223445228,1.565382425586935e-15,1.0669255560968952e-05,2
7.88,4.0,1.6218738092634788,0.2553129317414228,0.0,0.0,nan,0,23.241151118855377,-1.6218738092634786,-0.25531293174142006,0.0,0.0,nan,0,-23.281152211881558,-1.2130383529217886e-05,8.015960088916485e-06,0.0,0.0,nan,0,-0.0400000093740282,62.57885223445228,1.5360725377368307e-15,8.879022444571918e-06,2
7.885,4.0,1.6231503739221864,0.2553129317414373,0.0,0.0,nan,0,23.55391049252764,-1.6231503739221862,-0.2553129317414346,0.0,0.0,nan,0,-23.59391158555382,-1.2149957126467853e-05,-8.919648993419973e-06,0.0,0.0,nan,0,-0.04000001618053578,62.52980223445227,1.4810054757154229e-15,-3.986523190138516e-06,2
7.890000000000001,4.0,1.624426938580894,0.2553129317414155,0.0,0.0,nan,0,23.8664246161999,-1.6244269385808938,-0.2553129317414128,0.0,0.0,nan,0,-23.90642570922608,-1.2145301902990319e-05,-6.444310489961193e-05,0.0,0.0,nan,0,-0.04000000380695472,62.48075223445226,1.4126157373985133e-15,-5.157574554444536e-05,2
7.8950000000000005,4.0,1.6257035032396017,0.25531293174140096,0.0,0.0,nan,0,24.178693489872163,-1.6257035032396014,-0.25531293174139824,0.0,0.0,nan,0,-24.218694582898344,-1.2130480678308742e-05,7.185371359125212e-06,0.0,0.0,nan,0,-0.03999998123411175,62.43170223445228,1.3175806464906e-15,7.354076745156393e-06,2
7.9,4.0,1.6269800678983093,0.2553129317413864,0.0,0.0,nan,0,24.490717113544424,-1.626980067898309,-0.2553129317413837,0.0,0.0,nan,0,-24.530718206570604,-1.215271718326208e-05,9.65504154002872e-06,0.0,0.0,nan,0,-0.03999998907710307,62.3826522344523,1.231427339779688e-15,9.303388561244653e-06,2
7.905,4.0,1.628256632557017,0.2553129317413937,0.0,0.0,nan,0,24.802495487216685,-1.6282566325570167,-0.25531293174139097,0.0,0.0,nan,0,-24.842496580242866,-1.2177280092378479e-05,1.107730319923942e-05,0.0,0.0,nan,0,-0.03999999880573928,62.33360223445233,1.083101543689767e-15,1.0669211076839683e-05,2
7.91,4.0,1.6295331972157245,0.2553129317413864,0.0,0.0,nan,0,25.114028610888944,-1.6295331972157243,-0.2553129317413837,0.0,0.0,nan,0,-25.154029703915125,-1.2202481187276876e-05,8.01586834379243e-06,0.0,0.0,nan,0,-0.04000000937450916,62.284552234452335,9.596447433514496e-16,8.878981560007738e-06,1
7.915,4.0,1.6308097618744322,0.25531293174140096,0.0,0.0,nan,0,25.425316484561208,-1.630809761874432,-0.25531293174139824,0.0,0.0,nan,0,-25.46531757758739,-1.2222055103643104e-05,-8.91970689640471e-06,0.0,0.0,nan,0,-0.04000001618098342,62.23550223445235,7.518109931416201e-16,-3.986513385097295e-06,1
7.92,4.0,1.6320863265331398,0.2553129317413937,0.0,0.0,nan,0,25.73635910823347,-1.6320863265331396,-0.25531293174139097,0.0,0.0,nan,0,-25.77636020125965,-1.2217400250515154e-05,-6.44430324334016e-05,0.0,0.0,nan,0,-0.040000003807449044,62.18645223445235,6.390123338397043e-16,-5.157551813115184e-05,1
7.925,4.0,1.6333628911918474,0.2553129317413864,0.0,0.0,nan,0,26.04715648190573,-1.6333628911918472,-0.2553129317413837,0.0,0.0,nan,0,-26.08715757493191,-1.2202579425024673e-05,7.1852840408896296e-06,0.0,0.0,nan,0,-0.039999981234707375,62.13740223445235,3.823287705463679e-16,7.354048159430595e-06,1
7.930000000000001,4.0,1.634639455850555,0.2553129317413864,0.0,0.0,nan,0,26.357708605577994,-1.6346394558505548,-0.2553129317413837,0.0,0.0,nan,0,-26.397709698604174,-1.2224816246936276e-05,9.654949329847373e-06,0.0,0.0,nan,0,-0.039999989077668094,62.08835223445239,1.6781810848888505e-15,9.303351534611327e-06,2
7.9350000000000005,4.0,1.6359160205092627,0.2553129317413864,0.0,0.0,nan,0,26.668015479250254,-1.6359160205092624,-0.2553129317413837,0.0,0.0,nan,0,-26.708016572276435,-1.2249379468198818e-05,1.1077207278646428e-05,0.0,0.0,nan,0,-0.03999999880626518,62.03930223445239,1.6692993006918494e-15,1.0669166593715821e-05,2
7.94,4.0,1.6371925851679703,0.2553129317413719,0.0,0.0,nan,0,26.978077102922516,-1.63719258516797,-0.25531293174136915,0.0,0.0,nan,0,-27.018078195948696,-1.2274580872786989e-05,8.015776607236209e-06,0.0,0.0,nan,0,-0.04000000937499015,61.99025223445241,1.652423910717547e-15,8.878940669364863e-06,2
7.945,4.0,1.638469149826678,0.25531293174135733,0.0,0.0,nan,0,27.28789347659478,-1.6384691498266777,-0.2553129317413546,0.0,0.0,nan,0,-27.32789456962096,-1.2294155108210497e-05,-8.919764788748636e-06,0.0,0.0,nan,0,-0.04000001618143111,61.94120223445245,1.6373248775826447e-15,-3.986503581060597e-06,2
7.95,4.0,1.6397457144853855,0.25531293174132097,0.0,0.0,nan,0,27.597464600267042,-1.6397457144853853,-0.25531293174131825,0.0,0.0,nan,0,-27.637465693293223,-1.228950062537662e-05,-6.444295994730303e-05,0.0,0.0,nan,0,-0.040000003807943454,61.89215223445246,1.6080149897325404e-15,-5.1575290713653664e-05,2
7.955,4.0,1.6410222791440932,0.25531293174132824,0.0,0.0,nan,0,27.906790473939306,-1.641022279144093,-0.2553129317413255,0.0,0.0,nan,0,-27.946791566965487,-1.2274680199028665e-05,7.185196732439319e-06,0.0,0.0,nan,0,-0.03999998123530307,61.843102234452466,1.5715996745248352e-15,7.354019576284979e-06,2
7.96,4.0,1.6422988438028008,0.25531293174132097,0.0,0.0,nan,0,28.21587109761157,-1.6422988438028006,-0.25531293174131825,0.0,0.0,nan,0,-28.25587219063775,-1.2296917337839552e-05,9.654857128571513e-06,0.0,0.0,nan,0,-0.03999998907823317,61.79405223445246,1.5360725377368303e-15,9.303314509747275e-06,2
7.965,4.0,1.6435754084615084,0.2553129317413137,0.0,0.0,nan,0,28.524706471283828,-1.6435754084615082,-0.255312931741311,0.0,0.0,nan,0,-28.56470756431001,-1.2321480871192725e-05,1.107711136636417e-05,0.0,0.0,nan,0,-0.03999999880679115,61.74500223445246,1.4925517951715242e-15,1.0669122102612584e-05,2
7.97,4.0,1.6448519731202151,0.2553129317413064,0.0,0.0,nan,0,28.833296594956092,-1.6448519731202151,-0.2553129317413037,0.0,0.0,nan,0,-28.873297687982273,-1.2346682585422097e-05,8.015684878694391e-06,0.0,0.0,nan,0,-0.04000000937547121,61.69595223445247,1.4197211647561139e-15,8.87889978410347e-06,2
7.9750000000000005,4.0,1.6461285377789219,0.2553129317412919,0.0,0.0,nan,0,29.141641468628354,-1.6461285377789219,-0.25531293174128916,0.0,0.0,nan,0,-29.181642561654535,-1.2366257139847375e-05,-8.919822670490101e-06,0.0,0.0,nan,0,-0.04000001618187886,61.64690223445247,1.3175806464905997e-15,-3.986493777557692e-06,2
7.98,4.0,1.6474051024376282,0.2553129317413137,0.0,0.0,nan,0,29.449741092300616,-1.6474051024376282,-0.255312931741311,0.0,0.0,nan,0,-29.489742185326797,-1.2361603027262469e-05,-6.444288744071055e-05,0.0,0.0,nan,0,-0.04000000380843792,61.597852234452475,1.2403091239766888e-15,-5.157506328662712e-05,2
7.985,4.0,1.6486816670963358,0.25531293174135733,0.0,0.0,nan,0,29.75759546597288,-1.6486816670963358,-0.2553129317413546,0.0,0.0,nan,0,-29.79759655899906,-1.2346783000015404e-05,7.185109433621587e-06,0.0,0.0,nan,0,-0.03999998123589883,61.54880223445249,1.1372804272914742e-15,7.353991002824048e-06,2
7.99,4.0,1.6499582317550434,0.25531293174137915,0.0,0.0,nan,0,30.06520458964514,-1.6499582317550434,-0.2553129317413764,0.0,0.0,nan,0,-30.105205682671322,-1.2369020455680474e-05,9.654764936130375e-06,0.0,0.0,nan,0,-0.0399999890787983,61.499752234452494,1.0200408758910578e-15,9.303277475189634e-06,2
7.995,4.0,1.651234796413751,0.25531293174137915,0.0,0.0,nan,0,30.372568463317403,-1.651234796413751,-0.2553129317413764,0.0,0.0,nan,0,-30.412569556343584,-1.2393584301075705e-05,1.1077015462435781e-05,0.0,0.0,nan,0,-0.03999999880731718,61.45070223445249,8.477342624692332e-16,1.0669077609220502e-05,1
8.0,4.0,1.6525113610724587,0.25531293174137915,0.0,0.0,nan,0,30.679687086989667,-1.6525113610724587,-0.2553129317413764,0.0,0.0,nan,0,-30.719688180015847,-1.2418786324890768e-05,8.01559315846853e-06,0.0,0.0,nan,0,-0.04000000937595235,61.4016522344525,7.03849358477813e-16,8.878858890597108e-06,1
8.005,4.0,1.6537879257311663,0.25531293174140096,0.0,0.0,nan,0,30.986560460661927,-1.6537879257311663,-0.2553129317413983,0.0,0.0,nan,0,-31.026561553688108,-1.2438361198272713e-05,-8.91988054132268e-06,0.0,0.0,nan,0,-0.040000016182326646,61.352602234452505,4.78252039873981e-16,-3.986483968005418e-06,1
8.01,4.0,1.655064490389874,0.25531293174140823,0.0,0.0,nan,0,31.293188584334192,-1.655064490389874,-0.2553129317414055,0.0,0.0,nan,0,-31.333189677360373,-1.2433707455881265e-05,-6.444281491383603e-05,0.0,0.0,nan,0,-0.04000000380893242,61.30355223445251,1.6808456201479508e-15,-5.157483584573434e-05,2
8.015,4.0,1.6563410550485815,0.25531293174143005,0.0,0.0,nan,0,31.599571458006455,-1.6563410550485815,-0.25531293174142733,0.0,0.0,nan,0,-31.639572551032636,-1.2418887827679581e-05,7.1850221444620705e-06,0.0,0.0,nan,0,-0.039999981236494675,61.25450223445252,1.6710756575312497e-15,7.353962413697421e-06,2
8.02,4.0,1.6576176197072892,0.2553129317414373,0.0,0.0,nan,0,31.90570908167872,-1.6576176197072892,-0.2553129317414346,0.0,0.0,nan,0,-31.9457101747049,-1.2441125600139852e-05,9.65467275259289e-06,0.0,0.0,nan,0,-0.03999998907936351,61.205452234452515,1.6621938733342482e-15,9.303240453269877e-06,2
8.025,4.0,1.6588941843659968,0.2553129317414737,0.0,0.0,nan,0,32.21160145535098,-1.6588941843659968,-0.25531293174147096,0.0,0.0,nan,0,-32.251602548377164,-1.2465689757518161e-05,1.1076919566837056e-05,0.0,0.0,nan,0,-0.039999998807843266,61.15640223445252,1.645318483359946e-15,1.066903311718023e-05,2
8.03,4.0,1.6601707490247044,0.25531293174148095,0.0,0.0,nan,0,32.517248579023246,-1.6601707490247044,-0.25531293174147823,0.0,0.0,nan,0,-32.55724967204943,-1.2490892090856465e-05,8.015501446452558e-06,0.0,0.0,nan,0,-0.04000000937643351,61.10735223445251,1.6302194502250439e-15,8.878817999682454e-06,2
8.035,4.0,1.661447313683412,0.2553129317414737,0.0,0.0,nan,0,32.822650452695505,-1.661447313683412,-0.25531293174147096,0.0,0.0,nan,0,-32.86265154572169,-1.2510467283143034e-05,-8.91993840187172e-06,0.0,0.0,nan,0,-0.04000001618277449,61.058302234452505,1.6017977407946398e-15,-3.986474167362456e-06,2
8.040000000000001,4.0,1.6627238783421197,0.25531293174145187,0.0,0.0,nan,0,33.127807076367766,-1.6627238783421197,-0.25531293174144915,0.0,0.0,nan,0,-33.16780816939395,-1.2505813910893004e-05,-6.444274236685362e-05,0.0,0.0,nan,0,-0.04000000380942702,61.0092522344525,1.5778169234627363e-15,-5.1574608400277204e-05,2
8.045,4.0,1.6640004430008273,0.2553129317414446,0.0,0.0,nan,0,33.43271845004003,-1.6640004430008273,-0.2553129317414419,0.0,0.0,nan,0,-33.47271954306621,-1.2490994681702006e-05,7.184934864781446e-06,0.0,0.0,nan,0,-0.03999998123709058,60.96020223445252,1.5431779650944313e-15,7.3539338296307505e-06,2
8.05,4.0,1.665277007659535,0.25531293174143005,0.0,0.0,nan,0,33.73738457371229,-1.665277007659535,-0.25531293174142733,0.0,0.0,nan,0,-33.777385666738475,-1.2513232770912375e-05,9.654580578036006e-06,0.0,0.0,nan,0,-0.039999989079928785,60.91115223445252,1.5112035419852268e-15,9.303203421748913e-06,2
8.055,4.0,1.6665535723182425,0.2553129317414228,0.0,0.0,nan,0,34.041805447384554,-1.6665535723182425,-0.25531293174142006,0.0,0.0,nan,0,-34.08180654041074,-1.253779724022519e-05,1.1076823679488279e-05,0.0,0.0,nan,0,-0.03999999880836945,60.862102234452536,1.442813803668317e-15,1.0668988619195368e-05,2
8.06,4.0,1.6678301369769502,0.2553129317414373,0.0,0.0,nan,0,34.34598107105681,-1.6678301369769502,-0.2553129317414346,0.0,0.0,nan,0,-34.385982164082996,-1.25629998830451e-05,8.015409742723807e-06,0.0,0.0,nan,0,-0.040000009376914794,60.813052234452535,1.3664304595741065e-15,8.878777101008665e-06,2
8.065,4.0,1.6691067016356578,0.25531293174143005,0.0,0.0,nan,0,34.64991144472908,-1.6691067016356578,-0.25531293174142733,0.0,0.0,nan,0,-34.68991253775526,-1.2582575394180784e-05,-8.91999625163308e-06,0.0,0.0,nan,0,-0.040000016183222444,60.76400223445253,1.2793889744434946e-15,-3.986464354271679e-06,2
8.07,4.0,1.6703832662943654,0.25531293174140823,0.0,0.0,nan,0,34.95359656840134,-1.6703832662943654,-0.2553129317414055,0.0,0.0,nan,0,-34.99359766142752,-1.2577922392030538e-05,-6.444266979958876e-05,0.0,0.0,nan,0,-0.040000003809921664,60.71495223445255,1.1994529166704832e-15,-5.157438093400739e-05,2
8.075,4.0,1.671659830953073,0.2553129317414446,0.0,0.0,nan,0,35.257036442073606,-1.671659830953073,-0.2553129317414419,0.0,0.0,nan,0,-35.29703753509979,-1.2563103561787775e-05,7.184847594648285e-06,0.0,0.0,nan,0,-0.03999998123768654,60.66590223445256,1.0369162658653603e-15,7.3539052463394525e-06,2
8.08,4.0,1.6729363956117806,0.2553129317414228,0.0,0.0,nan,0,35.56023106574587,-1.6729363956117806,-0.25531293174142006,0.0,0.0,nan,0,-35.60023215877205,-1.2585341967678854e-05,9.654488412534055e-06,0.0,0.0,nan,0,-0.03999998908049411,60.61685223445259,9.756319549060519e-16,9.303166390250149e-06,1
8.085,4.0,1.6742129602704883,0.25531293174145187,0.0,0.0,nan,0,35.86318043941813,-1.6742129602704883,-0.25531293174144915,0.0,0.0,nan,0,-35.903181532444314,-1.2609906748863725e-05,1.1076727800377555e-05,0.0,0.0,nan,0,-0.039999998808895626,60.567802234452614,8.166480177797297e-16,1.0668944121255805e-05,1
8.09,4.0,1.675489524929196,0.25531293174145187,0.0,0.0,nan,0,36.165884563090394,-1.675489524929196,-0.25531293174144915,0.0,0.0,nan,0,-36.20588565611658,-1.26351097011132e-05,8.015318047256558e-06,0.0,0.0,nan,0,-0.04000000937739606,60.518752234452634,5.590762760666934e-16,8.878736205131751e-06,1
8.095,4.0,1.6767660895879035,0.2553129317414446,0.0,0.0,nan,0,36.46834343676265,-1.6767660895879035,-0.2553129317414419,0.0,0.0,nan,0,-36.508344529788836,-1.2654685531039017e-05,-8.920054090688864e-06,0.0,0.0,nan,0,-0.040000016183670384,60.469702234452676,1.6817337985676518e-15,-3.9864545464700024e-06,2
8.1,4.0,1.6780426542466111,0.25531293174140823,0.0,0.0,nan,0,36.77055706043492,-1.6780426542466111,-0.2553129317414055,0.0,0.0,nan,0,-36.8105581534611,-1.2650032898936514e-05,-6.444259721165378e-05,0.0,0.0,nan,0,-0.04000000381041633,60.420652234452675,1.6755165496297512e-15,-5.15741534597946e-05,2
8.105,4.0,1.6793192189053188,0.2553129317413937,0.0,0.0,nan,0,37.07252543410718,-1.6793192189053188,-0.25531293174139097,0.0,0.0,nan,0,-37.11252652713336,-1.2635214467603822e-05,7.184760334281449e-06,0.0,0.0,nan,0,-0.03999998123828252,60.37160223445268,1.6639702301736494e-15,7.3538766585113435e-06,2
8.11,4.0,1.6805957835640264,0.2553129317413864,0.0,0.0,nan,0,37.374248557779445,-1.6805957835640264,-0.2553129317413837,0.0,0.0,nan,0,-37.41424965080563,-1.2657453190133977e-05,9.654396255897072e-06,0.0,0.0,nan,0,-0.03999998908105946,60.322552234452694,1.654200267556948e-15,9.30312935408845e-06,2
8.115,4.0,1.681872348222734,0.2553129317413864,0.0,0.0,nan,0,37.67572643145171,-1.681872348222734,-0.2553129317413837,0.0,0.0,nan,0,-37.71572752447789,-1.2682018283145802e-05,1.1076631929592869e-05,0.0,0.0,nan,0,-0.03999999880942188,60.2735022344527,1.6346603423235452e-15,1.066889961900591e-05,2
8.120000000000001,4.0,1.6831489128814416,0.2553129317413719,0.0,0.0,nan,0,37.97695905512397,-1.6831489128814419,-0.25531293174136915,0.0,0.0,nan,0,-38.016960148150154,-1.2707221544762393e-05,8.01522636015558e-06,0.0,0.0,nan,0,-0.04000000937787743,60.224452234452706,1.612455881831042e-15,8.878695302615698e-06,2
8.125,4.0,1.6844254775401493,0.25531293174135733,0.0,0.0,nan,0,38.277946428796234,-1.6844254775401495,-0.2553129317413546,0.0,0.0,nan,0,-38.31794752182242,-1.2726797693422831e-05,-8.920111918964252e-06,0.0,0.0,nan,0,-0.04000001618411843,60.17540223445272,1.5991332055355398e-15,-3.986444737954239e-06,2
8.13,4.0,1.6857020421988569,0.25531293174137915,0.0,0.0,nan,0,38.5786885524685,-1.685702042198857,-0.2553129317413764,0.0,0.0,nan,0,-38.61868964549468,-1.272214543131256e-05,-6.4442524603683e-05,0.0,0.0,nan,0,-0.040000003810911094,60.126352234452725,1.5751523882036364e-15,-5.157392597744876e-05,2
8.135,4.0,1.6869786068575645,0.25531293174137915,0.0,0.0,nan,0,38.879185426140765,-1.6869786068575647,-0.2553129317413764,0.0,0.0,nan,0,-38.91918651916695,-1.2707327398841367e-05,7.18467308342196e-06,0.0,0.0,nan,0,-0.03999998123887862,60.07730223445272,1.52985528879893e-15,7.353848067543517e-06,2
8.14,4.0,1.6882551715162721,0.2553129317413719,0.0,0.0,nan,0,39.179437049813025,-1.6882551715162724,-0.25531293174136915,0.0,0.0,nan,0,-39.21943814283921,-1.2729566437962025e-05,9.654304108295122e-06,0.0,0.0,nan,0,-0.03999998908162493,60.02825223445275,1.4552483015441191e-15,9.303092319757286e-06,2
8.145,4.0,1.6895317361749798,0.2553129317413719,0.0,0.0,nan,0,39.47944342348529,-1.68953173617498,-0.25531293174136915,0.0,0.0,nan,0,-39.51944451651148,-1.2754131842738353e-05,1.107653606694504e-05,0.0,0.0,nan,0,-0.03999999880994823,59.97920223445274,1.3948521690045108e-15,1.0668855116795105e-05,2
8.15,4.0,1.6908083008336874,0.25531293174135733,0.0,0.0,nan,0,39.779204547157555,-1.6908083008336876,-0.2553129317413546,0.0,0.0,nan,0,-39.81920564018374,-1.2779335413666548e-05,8.015134681435118e-06,0.0,0.0,nan,0,-0.04000000937835883,59.930152234452756,1.325574252267901e-15,8.878654402423135e-06,2
8.155,4.0,1.692084865492395,0.25531293174135733,0.0,0.0,nan,0,40.07872042082982,-1.6920848654923952,-0.2553129317413546,0.0,0.0,nan,0,-40.118721513856,-1.2798911881013036e-05,-8.920169736876419e-06,0.0,0.0,nan,0,-0.0400000161845665,59.88110223445276,1.1692548504006788e-15,-3.986434930839999e-06,2
8.16,4.0,1.6933614301511026,0.25531293174132097,0.0,0.0,nan,0,40.37799104450208,-1.6933614301511029,-0.25531293174131825,0.0,0.0,nan,0,-40.417992137528266,-1.2794259988846424e-05,-6.444245197547448e-05,0.0,0.0,nan,0,-0.0400000038114059,59.83205223445277,1.0520152990002621e-15,-5.1573698479636166e-05,2
8.165000000000001,4.0,1.6946379948098103,0.2553129317413137,0.0,0.0,nan,0,40.67701641817434,-1.6946379948098105,-0.255312931741311,0.0,0.0,nan,0,-40.717017511200524,-1.2779442355191628e-05,7.184585842391566e-06,0.0,0.0,nan,0,-0.03999998123947475,59.78300223445276,9.436575317968467e-16,7.353819477852019e-06,1
8.17,4.0,1.695914559468517,0.25531293174129915,0.0,0.0,nan,0,40.975796541846606,-1.6959145594685168,-0.25531293174129643,0.0,0.0,nan,0,-41.01579763487279,-1.280168171084034e-05,9.65421196936638e-06,0.0,0.0,nan,0,-0.03999998908219043,59.73395223445275,7.837854162508245e-16,9.303055280314662e-06,1
8.175,4.0,1.6971911241272242,0.2553129317413355,0.0,0.0,nan,0,41.274331415518866,-1.697191124127224,-0.2553129317413328,0.0,0.0,nan,0,-41.31433250854505,-1.2826247427339538e-05,1.1076440212649548e-05,0.0,0.0,nan,0,-0.03999999881047461,59.68490223445276,4.951274298482837e-16,1.0668810610994276e-05,1
8.18,4.0,1.6984676887859318,0.2553129317413137,0.0,0.0,nan,0,41.572621039191134,-1.6984676887859316,-0.25531293174131103,0.0,0.0,nan,0,-41.61262213221732,-1.2851451307530765e-05,8.015043010797915e-06,0.0,0.0,nan,0,-0.040000009378840296,59.63585223445276,2.5443107810955004e-16,8.87861349827728e-06,1
8.185,4.0,1.6997442534446394,0.25531293174132097,0.0,0.0,nan,0,41.870665412863396,-1.6997442534446392,-0.25531293174131825,0.0,0.0,nan,0,-41.91066650588958,-1.2871028093511261e-05,-8.920227543991818e-06,0.0,0.0,nan,0,-0.04000001618501463,59.586802234452776,1.6719638359509499e-15,-3.986425123135134e-06,2
8.19,4.0,1.7010208181033453,0.25531293174127734,0.0,0.0,nan,0,42.168464536535666,-1.701020818103345,-0.2553129317412746,0.0,0.0,nan,0,-42.20846562956185,-1.2866376571232796e-05,-6.444237932697394e-05,0.0,0.0,nan,0,-0.04000000381190076,59.5377522344528,1.6613056949145482e-15,-5.157347097481586e-05,2
8.195,4.0,1.7022973827620511,0.2553129317413064,0.0,0.0,nan,0,42.46601841020793,-1.7022973827620513,-0.2553129317413037,0.0,0.0,nan,0,-42.506019503234114,-1.2851559336342355e-05,7.184498610681168e-06,0.0,0.0,nan,0,-0.03999998124007097,59.488702234452816,1.6417657696811452e-15,7.353790886448102e-06,2
8.2,4.0,1.7035739474207587,0.25531293174132097,0.0,0.0,nan,0,42.763327033880195,-1.703573947420759,-0.25531293174131825,0.0,0.0,nan,0,-42.80332812690638,-1.2873799008477488e-05,9.65411983964381e-06,0.0,0.0,nan,0,-0.03999998908275601,59.43965223445283,1.619561309188642e-15,9.30301824131435e-06,2
8.205,4.0,1.7048505120794664,0.2553129317413064,0.0,0.0,nan,0,43.06039040755246,-1.7048505120794666,-0.2553129317413037,0.0,0.0,nan,0,-43.100391500578645,-1.2898365036633636e-05,1.1076344366849102e-05,0.0,0.0,nan,0,-0.03999999881100107,59.39060223445284,1.5982450271158387e-15,1.0668766105407505e-05,2
8.21,4.0,1.7061270767381727,0.2553129317413064,0.0,0.0,nan,0,43.35720853122472,-1.7061270767381729,-0.2553129317413037,0.0,0.0,nan,0,-43.397209624250905,-1.2923569226025444e-05,8.014951348434848e-06,0.0,0.0,nan,0,-0.04000000937932182,59.34155223445285,1.5636060687475337e-15,8.878572594673221e-06,2
8.215,4.0,1.7074036413968803,0.2553129317413137,0.0,0.0,nan,0,43.65378140489699,-1.7074036413968805,-0.255312931741311,0.0,0.0,nan,0,-43.69378249792317,-1.2943146330574029e-05,-8.920285340458939e-06,0.0,0.0,nan,0,-0.04000001618546281,59.292502234452854,1.5191971477625274e-15,-3.986415312009005e-06,2
8.22,4.0,1.708680206055588,0.2553129317413137,0.0,0.0,nan,0,43.95010902856925,-1.7086802060555881,-0.255312931741311,0.0,0.0,nan,0,-43.990110121595436,-1.2938495178142079e-05,-6.44423066580911e-05,0.0,0.0,nan,0,-0.0400000038123957,59.24345223445287,1.4765645836169214e-15,-5.15732434585034e-05,2
8.225,4.0,1.7099567707142955,0.25531293174132097,0.0,0.0,nan,0,44.246191402241514,-1.7099567707142957,-0.25531293174131825,0.0,0.0,nan,0,-44.2861924952677,-1.292367834197089e-05,7.184411388919044e-06,0.0,0.0,nan,0,-0.03999998124066725,59.194402234452866,1.4055103100409115e-15,7.3537622934845496e-06,2
8.23,4.0,1.7112333353730032,0.25531293174132824,0.0,0.0,nan,0,44.54202852591378,-1.7112333353730034,-0.2553129317413255,0.0,0.0,nan,0,-44.58202961893996,-1.2945918330529993e-05,9.654027718500288e-06,0.0,0.0,nan,0,-0.03999998908332164,59.145352234452865,1.3255742522679003e-15,9.302981200535013e-06,2
8.235,4.0,1.7125099000317108,0.25531293174129915,0.0,0.0,nan,0,44.837620399586044,-1.7125099000317106,-0.2553129317412965,0.0,0.0,nan,0,-44.87762149261223,-1.297048467029105e-05,1.1076248529203704e-05,0.0,0.0,nan,0,-0.039999998811527576,59.09630223445288,1.1923474893128816e-15,1.0668721596454534e-05,2
8.24,4.0,1.7137864646904166,0.2553129317412846,0.0,0.0,nan,0,45.13296702325831,-1.7137864646904164,-0.25531293174128195,0.0,0.0,nan,0,-45.172968116284494,-1.2995689168838337e-05,8.014859694553806e-06,0.0,0.0,nan,0,-0.0400000093798034,59.04725223445288,1.1061941826019695e-15,8.878531685640607e-06,2
8.245000000000001,4.0,1.715063029349122,0.25531293174127734,0.0,0.0,nan,0,45.42806839693057,-1.7150630293491218,-0.2553129317412747,0.0,0.0,nan,0,-45.468069489956754,-1.3015266591906438e-05,-8.920343126188208e-06,0.0,0.0,nan,0,-0.040000016185911064,58.998202234452876,9.605329217711488e-16,-3.986405504429373e-06,1
8.25,4.0,1.7163395940078274,0.2553129317412628,0.0,0.0,nan,0,45.72292452060284,-1.7163395940078272,-0.2553129317412601,0.0,0.0,nan,0,-45.76292561362902,-1.301061580927243e-05,-6.444223396864505e-05,0.0,0.0,nan,0,-0.040000003812890664,58.94915223445288,7.358237815870172e-16,-5.157301592692583e-05,1
8.255,4.0,1.7176161586665328,0.25531293174127007,0.0,0.0,nan,0,46.0175353942751,-1.7176161586665326,-0.25531293174126735,0.0,0.0,nan,0,-46.057536487301284,-1.2995799371764982e-05,7.184324176486735e-06,0.0,0.0,nan,0,-0.03999998124126356,58.90010223445291,4.471657951844767e-16,7.3537336994223086e-06,1
8.26,4.0,1.7188927233252382,0.2553129317412628,0.0,0.0,nan,0,46.31190101794737,-1.718892723325238,-0.2553129317412601,0.0,0.0,nan,0,-46.351902110973555,-1.3018039676702953e-05,9.653935606665224e-06,0.0,0.0,nan,0,-0.03999998908388733,58.8510522344529,1.6799574417282505e-15,9.302944149651752e-06,2
8.265,4.0,1.7201692879839436,0.2553129317412628,0.0,0.0,nan,0,46.606021391619635,-1.7201692879839434,-0.2553129317412601,0.0,0.0,nan,0,-46.64602248464582,-1.3042606328016876e-05,1.1076152699792752e-05,0.0,0.0,nan,0,-0.039999998812054155,58.8020022344529,1.6710756575312495e-15,1.0668677082446047e-05,2
8.27,4.0,1.721445852642649,0.2553129317412555,0.0,0.0,nan,0,46.89989651529189,-1.7214458526426488,-0.2553129317412528,0.0,0.0,nan,0,-46.93989760831808,-1.3067811135660662e-05,8.014768048780337e-06,0.0,0.0,nan,0,-0.04000000938028507,58.7529522344529,1.6559766243963472e-15,8.8784907740083e-06,2
8.275,4.0,1.7227224173013544,0.25531293174127007,0.0,0.0,nan,0,47.19352638896416,-1.7227224173013547,-0.25531293174126735,0.0,0.0,nan,0,-47.23352748199034,-1.3087388877203177e-05,-8.9204009014171e-06,0.0,0.0,nan,0,-0.04000001618635939,58.70390223445291,1.6408775912614452e-15,-3.986395696423413e-06,2
8.28,4.0,1.7239989819600599,0.25531293174127734,0.0,0.0,nan,0,47.48691101263642,-1.72399898196006,-0.2553129317412746,0.0,0.0,nan,0,-47.5269121056626,-1.3082738464315069e-05,-6.444216125930817e-05,0.0,0.0,nan,0,-0.04000000381338574,58.65485223445291,1.6133440602507416e-15,-5.157278838511555e-05,2
8.285,4.0,1.7252755466187653,0.255312931741241,0.0,0.0,nan,0,47.78005038630869,-1.7252755466187655,-0.25531293174123826,0.0,0.0,nan,0,-47.82005147933487,-1.3067922425440137e-05,7.184236973856544e-06,0.0,0.0,nan,0,-0.03999998124185999,58.60580223445291,1.5911395997582381e-15,7.3537051023322754e-06,2
8.290000000000001,4.0,1.7265521112774707,0.25531293174122643,0.0,0.0,nan,0,48.07294450998095,-1.7265521112774709,-0.2553129317412237,0.0,0.0,nan,0,-48.112945603007134,-1.3090163046687586e-05,9.65384350370666e-06,0.0,0.0,nan,0,-0.03999998908445311,58.556752234452915,1.567158782426335e-15,9.302907111456127e-06,2
8.295,4.0,1.727828675936176,0.25531293174122643,0.0,0.0,nan,0,48.36559338365321,-1.7278286759361763,-0.2553129317412237,0.0,0.0,nan,0,-48.4055944766794,-1.3114730009498865e-05,1.1076056878924002e-05,0.0,0.0,nan,0,-0.03999999881258079,58.507702234452914,1.5191971477625284e-15,1.0668632572329565e-05,2
8.3,4.0,1.7291052405948815,0.255312931741241,0.0,0.0,nan,0,48.65799700732548,-1.7291052405948817,-0.25531293174123826,0.0,0.0,nan,0,-48.69799810035166,-1.3139935126183638e-05,8.014676411456199e-06,0.0,0.0,nan,0,-0.04000000938076677,58.45865223445292,1.4588010152229196e-15,8.878449863928527e-06,2
8.305,4.0,1.7303818052535869,0.255312931741241,0.0,0.0,nan,0,48.95015538099774,-1.730381805253587,-0.25531293174123826,0.0,0.0,nan,0,-48.99015647402393,-1.3159513186141586e-05,-8.920458665870346e-06,0.0,0.0,nan,0,-0.04000001618680774,58.409602234452926,1.397516704263611e-15,-3.986385884672894e-06,2
8.31,4.0,1.7316583699122923,0.255312931741241,0.0,0.0,nan,0,49.24206850467001,-1.7316583699122925,-0.25531293174123826,0.0,0.0,nan,0,-49.28206959769619,-1.3154863142947337e-05,-6.444208852930879e-05,0.0,0.0,nan,0,-0.040000003813880816,58.36055223445293,1.3335678580452018e-15,-5.157256083185221e-05,2
8.315,4.0,1.7329349345709977,0.25531293174122643,0.0,0.0,nan,0,49.533736378342276,-1.732934934570998,-0.2553129317412237,0.0,0.0,nan,0,-49.57373747136846,-1.3140047502642471e-05,7.184149780804401e-06,0.0,0.0,nan,0,-0.03999998124245642,58.311502234452945,1.2713953686661931e-15,7.353676507505323e-06,2
8.32,4.0,1.734211499229703,0.2553129317411901,0.0,0.0,nan,0,49.825159002014544,-1.7342114992297033,-0.25531293174118735,0.0,0.0,nan,0,-49.86516009504073,-1.3162288440157766e-05,9.653751409401208e-06,0.0,0.0,nan,0,-0.03999998908501893,58.26245223445296,1.0990887552443689e-15,9.302870061483257e-06,2
8.325,4.0,1.7354880638884085,0.2553129317411901,0.0,0.0,nan,0,50.11633637568681,-1.7354880638884087,-0.25531293174118735,0.0,0.0,nan,0,-50.15633746871299,-1.3186855714417828e-05,1.1075961066290572e-05,0.0,0.0,nan,0,-0.03999999881310748,58.213402234452964,9.44545710216547e-16,1.0668588054116444e-05,1
8.33,4.0,1.7367646285471139,0.25531293174119735,0.0,0.0,nan,0,50.40726849935907,-1.736764628547114,-0.2553129317411946,0.0,0.0,nan,0,-50.447269592385254,-1.3212061140088077e-05,8.014584782339179e-06,0.0,0.0,nan,0,-0.040000009381248536,58.16435223445298,8.15759839360029e-16,8.878408949098779e-06,1
8.335,4.0,1.7380411932058193,0.255312931741161,0.0,0.0,nan,0,50.697955373031334,-1.7380411932058195,-0.25531293174115827,0.0,0.0,nan,0,-50.73795646605752,-1.3231639518402477e-05,-8.92051641953656e-06,0.0,0.0,nan,0,-0.040000016187256175,58.11530223445299,5.120028198225862e-16,-3.9863760752156506e-06,1
8.34,4.0,1.7393177578645247,0.255312931741161,0.0,0.0,nan,0,50.9883969967036,-1.739317757864525,-0.25531293174115827,0.0,0.0,nan,0,-51.028398089729784,-1.3226989844843107e-05,-6.444201577918295e-05,0.0,0.0,nan,0,-0.04000000381437599,58.066252234453025,2.2245665500034535e-16,-5.1572333271073994e-05,1
8.345,4.0,1.74059432252323,0.2553129317411101,0.0,0.0,nan,0,51.278593370375866,-1.7405943225232303,-0.25531293174110736,0.0,0.0,nan,0,-51.31859446340205,-1.3212174603073612e-05,7.1840625975195515e-06,0.0,0.0,nan,0,-0.03999998124305297,58.01720223445303,1.6701874791115498e-15,7.35364790748608e-06,2
8.35,4.0,1.7418708871819355,0.2553129317411246,0.0,0.0,nan,0,51.568544494048126,-1.7418708871819357,-0.2553129317411219,0.0,0.0,nan,0,-51.60854558707431,-1.323441585680124e-05,9.653659324429467e-06,0.0,0.0,nan,0,-0.03999998908558481,57.968152234453036,1.6568648028160478e-15,9.302833015712362e-06,2
8.355,4.0,1.743147451840641,0.25531293174114644,0.0,0.0,nan,0,51.858250367720395,-1.7431474518406411,-0.2553129317411437,0.0,0.0,nan,0,-51.89825146074658,-1.3258983442451105e-05,1.1075865261829559e-05,0.0,0.0,nan,0,-0.03999999881363424,57.91910223445303,1.6408775912614458e-15,1.0668543537597972e-05,2
8.36,4.0,1.7444240164993463,0.25531293174114644,0.0,0.0,nan,0,52.14771099139266,-1.7444240164993465,-0.2553129317411437,0.0,0.0,nan,0,-52.18771208441884,-1.3284189177061728e-05,8.01449316169321e-06,0.0,0.0,nan,0,-0.04000000938173036,57.87005223445303,1.6097913465719413e-15,8.878368032983841e-06,2
8.365,4.0,1.7457005811580517,0.2553129317411246,0.0,0.0,nan,0,52.43692636506493,-1.745700581158052,-0.2553129317411219,0.0,0.0,nan,0,-52.47692745809111,-1.3303767873687478e-05,-8.920574162646863e-06,0.0,0.0,nan,0,-0.04000001618770466,57.82100223445303,1.5831459939809375e-15,-3.986366267588937e-06,2
8.370000000000001,4.0,1.7469771458167571,0.2553129317411028,0.0,0.0,nan,0,52.72589648873719,-1.7469771458167573,-0.2553129317411001,0.0,0.0,nan,0,-52.765897581763376,-1.3299118569724822e-05,-6.444194300862281e-05,0.0,0.0,nan,0,-0.04000000381487122,57.77195223445305,1.5493952140323327e-15,-5.157210569576961e-05,2
8.375,4.0,1.7482537104754625,0.2553129317411028,0.0,0.0,nan,0,53.01462136240946,-1.7482537104754627,-0.2553129317411001,0.0,0.0,nan,0,-53.05462245543564,-1.3284303726431718e-05,7.183975423751791e-06,0.0,0.0,nan,0,-0.03999998124364956,57.722902234453066,1.5005454009488259e-15,7.353619309768119e-06,2
8.38,4.0,1.749530275134168,0.2553129317411246,0.0,0.0,nan,0,53.30310098608172,-1.7495302751341681,-0.2553129317411219,0.0,0.0,nan,0,-53.34310207910791,-1.3306545296323108e-05,9.653567248110982e-06,0.0,0.0,nan,0,-0.03999998908615075,57.67385223445308,1.4286029489531156e-15,9.302795968317885e-06,2
8.385,4.0,1.7508068397928733,0.25531293174117553,0.0,0.0,nan,0,53.591335359753984,-1.7508068397928735,-0.2553129317411728,0.0,0.0,nan,0,-53.63133645278017,-1.3331113193317673e-05,1.1075769465760399e-05,0.0,0.0,nan,0,-0.039999998814161025,57.62480223445308,1.3415614638225032e-15,1.0668499019752571e-05,2
8.39,4.0,1.7520834044515787,0.25531293174117553,0.0,0.0,nan,0,53.87932448342625,-1.752083404451579,-0.2553129317411728,0.0,0.0,nan,0,-53.91932557645244,-1.335631923680275e-05,8.014401549033988e-06,0.0,0.0,nan,0,-0.04000000938221221,57.575752234453105,1.2474145513342902e-15,8.878327115748026e-06,2
8.395,4.0,1.7533599691102841,0.2553129317412046,0.0,0.0,nan,0,54.167068357098515,-1.7533599691102844,-0.2553129317412019,0.0,0.0,nan,0,-54.2070694501247,-1.3375898251680868e-05,-8.920631894884671e-06,0.0,0.0,nan,0,-0.04000001618815315,57.526702234453104,1.1061941826019703e-15,-3.986356456759444e-06,2
8.4,4.0,1.7546365337689895,0.25531293174121916,0.0,0.0,nan,0,54.45456698077078,-1.7546365337689898,-0.25531293174121644,0.0,0.0,nan,0,-54.49456807379696,-1.3371249317259415e-05,-6.444187021765584e-05,0.0,0.0,nan,0,-0.04000000381536646,57.47765223445312,9.27670320242245e-16,-5.157187811121218e-05,1
8.405,4.0,1.755913098427695,0.25531293174122643,0.0,0.0,nan,0,54.74182035444304,-1.7559130984276952,-0.2553129317412237,0.0,0.0,nan,0,-54.78182144746923,-1.3356434872408007e-05,7.183888259727671e-06,0.0,0.0,nan,0,-0.03999998124424618,57.42860223445313,6.718749353686092e-16,7.353590706731739e-06,1
8.41,4.0,1.7571896630864003,0.25531293174122643,0.0,0.0,nan,0,55.02882847811531,-1.7571896630864006,-0.2553129317412237,0.0,0.0,nan,0,-55.06882957114149,-1.3378676758411118e-05,9.653475180917669e-06,0.0,0.0,nan,0,-0.03999998908671673,57.379552234453136,3.3525531430226156e-16,9.302758914202557e-06,1
8.415000000000001,4.0,1.7584662277451057,0.2553129317412337,0.0,0.0,nan,0,55.315591351787575,-1.758466227745106,-0.255312931741231,0.0,0.0,nan,0,-55.35559244481376,-1.3403244966684463e-05,1.1075673678054823e-05,0.0,0.0,nan,0,-0.03999999881468789,57.33050223445315,1.6764047280494508e-15,1.0668454497391662e-05,2
8.42,4.0,1.7597427924038112,0.25531293174122643,0.0,0.0,nan,0,55.60210897545984,-1.7597427924038114,-0.2553129317412237,0.0,0.0,nan,0,-55.642110068486026,-1.3428451318991952e-05,8.014309945043031e-06,0.0,0.0,nan,0,-0.04000000938269414,57.281452234453134,1.67018747911155e-15,8.878286188234203e-06,2
8.425,4.0,1.7610193570625166,0.25531293174124825,0.0,0.0,nan,0,55.88838134913211,-1.7610193570625168,-0.25531293174124553,0.0,0.0,nan,0,-55.928382442158295,-1.3448030652059989e-05,-8.920689616686078e-06,0.0,0.0,nan,0,-0.04000001618860177,57.23240223445315,1.6559766243963476e-15,-3.986346647764053e-06,2
8.43,4.0,1.762295921721222,0.25531293174127007,0.0,0.0,nan,0,56.17440847280437,-1.7622959217212222,-0.25531293174126735,0.0,0.0,nan,0,-56.21440956583056,-1.3443382087134637e-05,-6.44417974064595e-05,0.0,0.0,nan,0,-0.04000000381586182,57.18335223445313,1.6399894128417453e-15,-5.157165051347331e-05,2
8.435,4.0,1.7635724863799274,0.2553129317412628,0.0,0.0,nan,0,56.460190346476644,-1.7635724863799276,-0.2553129317412601,0.0,0.0,nan,0,-56.50019143950283,-1.3428568040669414e-05,7.183801105285743e-06,0.0,0.0,nan,0,-0.039999981244842914,57.134302234453145,1.6195613091886426e-15,7.353562107283589e-06,2
8.44,4.0,1.7648490510386328,0.2553129317412628,0.0,0.0,nan,0,56.74572697014891,-1.764849051038633,-0.2553129317412601,0.0,0.0,nan,0,-56.78572806317509,-1.3450810242725264e-05,9.65338312279325e-06,0.0,0.0,nan,0,-0.03999998908728281,57.085252234453144,1.573376031364236e-15,9.302721864518339e-06,2
8.445,4.0,1.7661256156973382,0.25531293174124825,0.0,0.0,nan,0,57.031018343821174,-1.7661256156973384,-0.25531293174124553,0.0,0.0,nan,0,-57.07101943684736,-1.3475378762235757e-05,1.107557789855282e-05,0.0,0.0,nan,0,-0.039999998815214835,57.03620223445316,1.5458425003535322e-15,1.0668409969185644e-05,2
8.45,4.0,1.7674021803560436,0.255312931741241,0.0,0.0,nan,0,57.31606446749344,-1.7674021803560438,-0.25531293174123826,0.0,0.0,nan,0,-57.356065560519625,-1.3500585423317085e-05,8.014218348980662e-06,0.0,0.0,nan,0,-0.040000009383176154,56.987152234453156,1.5049862930473266e-15,8.878245273100692e-06,2
8.455,4.0,1.768678745014749,0.2553129317412337,0.0,0.0,nan,0,57.6008653411657,-1.7686787450147492,-0.255312931741231,0.0,0.0,nan,0,-57.640866434191885,-1.3520165074540347e-05,-8.920747327782678e-06,0.0,0.0,nan,0,-0.04000001618905041,56.938102234453176,1.45791283680322e-15,-3.986336834891772e-06,2
8.46,4.0,1.7699553096734544,0.2553129317412628,0.0,0.0,nan,0,57.88542096483797,-1.7699553096734546,-0.2553129317412601,0.0,0.0,nan,0,-57.925422057864154,-1.3515516879055584e-05,-6.444172457499793e-05,0.0,0.0,nan,0,-0.04000000381635721,56.88905223445319,1.3895230984863102e-15,-5.157142290765113e-05,2
8.465,4.0,1.7712318743321598,0.2553129317412555,0.0,0.0,nan,0,58.16973133851023,-1.77123187433216,-0.2553129317412528,0.0,0.0,nan,0,-58.209732431536416,-1.3500703230924505e-05,7.18371396055015e-06,0.0,0.0,nan,0,-0.03999998124543969,56.84000223445319,1.3024816133556979e-15,7.353533503584611e-06,2
8.47,4.0,1.7725084389908652,0.25531293174124825,0.0,0.0,nan,0,58.4537964621825,-1.7725084389908654,-0.25531293174124553,0.0,0.0,nan,0,-58.49379755520869,-1.3522945748974113e-05,9.65329107351302e-06,0.0,0.0,nan,0,-0.039999989087848936,56.790952234453194,1.1914593108931822e-15,9.302684809743082e-06,2
8.475,4.0,1.7737850036495706,0.2553129317412555,0.0,0.0,nan,0,58.73761633585477,-1.7737850036495708,-0.2553129317412528,0.0,0.0,nan,0,-58.77761742888095,-1.3547514579659303e-05,1.1075482127326e-05,0.0,0.0,nan,0,-0.0399999988157418,56.741902234453214,1.0982005768246689e-15,1.066836544736474e-05,2
8.48,4.0,1.775061568308276,0.25531293174124825,0.0,0.0,nan,0,59.02119095952703,-1.7750615683082762,-0.25531293174124553,0.0,0.0,nan,0,-59.06119205255322,-1.3572721549455491e-05,8.014126761543292e-06,0.0,0.0,nan,0,-0.04000000938365819,56.69285223445322,9.756319549060517e-16,8.878204345442979e-06,1
8.485,4.0,1.7763381329669814,0.2553129317412628,0.0,0.0,nan,0,59.3045203331993,-1.7763381329669816,-0.2553129317412601,0.0,0.0,nan,0,-59.344521426225484,-1.3592301518768057e-05,-8.920805027955416e-06,0.0,0.0,nan,0,-0.0400000161894991,56.64380223445323,7.509228147219202e-16,-3.9863270228597e-06,1
8.49,4.0,1.7776146976256868,0.25531293174127007,0.0,0.0,nan,0,59.58760445687157,-1.777614697625687,-0.25531293174126735,0.0,0.0,nan,0,-59.62760554989775,-1.3587653692675311e-05,-6.444165172294701e-05,0.0,0.0,nan,0,-0.040000003816852654,56.59475223445324,5.430890645120908e-16,-5.157119528934293e-05,1
8.495000000000001,4.0,1.7788912622843922,0.25531293174127007,0.0,0.0,nan,0,59.870443330543836,-1.7788912622843924,-0.25531293174126735,0.0,0.0,nan,0,-59.91044442357002,-1.3572840442836742e-05,7.18362682547381e-06,0.0,0.0,nan,0,-0.03999998124603654,56.54570223445324,3.823287705463681e-16,7.353504897403185e-06,1
8.5,4.0,1.7801678269430976,0.25531293174122643,0.0,0.0,nan,0,60.1530369542161,-1.7801678269430978,-0.2553129317412237,0.0,0.0,nan,0,-60.19303804724228,-1.3595083276835007e-05,9.653199033116923e-06,0.0,0.0,nan,0,-0.03999998908841515,56.49665223445324,1.6790692633085509e-15,9.30264774966008e-06,2
8.505,4.0,1.781444391601803,0.25531293174119735,0.0,0.0,nan,0,60.43538532788836,-1.7814443916018032,-0.2553129317411946,0.0,0.0,nan,0,-60.475386420914546,-1.3619652418649791e-05,1.1075386364791767e-05,0.0,0.0,nan,0,-0.039999998816268895,56.44760223445324,1.6613056949145484e-15,1.0668320916549262e-05,2
8.51,4.0,1.7827209562605084,0.2553129317411901,0.0,0.0,nan,0,60.71748845156063,-1.7827209562605086,-0.25531293174118735,0.0,0.0,nan,0,-60.75748954458681,-1.3644859697105327e-05,8.014035182267305e-06,0.0,0.0,nan,0,-0.040000009384140334,56.39855223445324,1.6524239107175471e-15,8.878163421806054e-06,2
8.515,4.0,1.7839975209192138,0.25531293174121916,0.0,0.0,nan,0,60.99934632523289,-1.783997520919214,-0.25531293174121644,0.0,0.0,nan,0,-61.03934741825908,-1.3664439984444748e-05,-8.920862717701158e-06,0.0,0.0,nan,0,-0.040000016189947876,56.34950223445324,1.6302194502250439e-15,-3.98631721242812e-06,2
8.52,4.0,1.7852740855779192,0.2553129317412337,0.0,0.0,nan,0,61.28095894890516,-1.7852740855779194,-0.255312931741231,0.0,0.0,nan,0,-61.32096004193134,-1.3659792527698916e-05,-6.444157885065724e-05,0.0,0.0,nan,0,-0.040000003817348195,56.30045223445324,1.616896773929542e-15,-5.15709676600524e-05,2
8.525,4.0,1.7865506502366246,0.255312931741241,0.0,0.0,nan,0,61.56232632257743,-1.7865506502366248,-0.25531293174123826,0.0,0.0,nan,0,-61.60232741560361,-1.3644979676107755e-05,7.183539699935287e-06,0.0,0.0,nan,0,-0.03999998124663347,56.25140223445324,1.5964686702764389e-15,7.35347629264996e-06,2
8.53,4.0,1.78782721489533,0.25531293174124825,0.0,0.0,nan,0,61.843448446249695,-1.7878272148953303,-0.25531293174124553,0.0,0.0,nan,0,-61.88344953927588,-1.3667222826002634e-05,9.653107001775288e-06,0.0,0.0,nan,0,-0.039999989088981426,56.20235223445324,1.570711496105135e-15,9.302610692277145e-06,2
8.535,4.0,1.7891037795540354,0.255312931741241,0.0,0.0,nan,0,62.12432531992196,-1.7891037795540357,-0.25531293174123826,0.0,0.0,nan,0,-62.16432641294814,-1.3691792278884563e-05,1.107529061046589e-05,0.0,0.0,nan,0,-0.03999999881679602,56.15330223445324,1.5351843593171299e-15,1.0668276386039323e-05,2
8.540000000000001,4.0,1.7903803442127408,0.2553129317412628,0.0,0.0,nan,0,62.40495694359423,-1.790380344212741,-0.2553129317412601,0.0,0.0,nan,0,-62.44495803662041,-1.3716999865950874e-05,8.013943611342217e-06,0.0,0.0,nan,0,-0.040000009384622504,56.10425223445325,1.4854463678139228e-15,8.878122493993814e-06,2
8.545,4.0,1.7916569088714462,0.25531293174124825,0.0,0.0,nan,0,62.685343317266494,-1.7916569088714465,-0.25531293174124553,0.0,0.0,nan,0,-62.72534441029268,-1.3736580471275517e-05,-8.920920396676596e-06,0.0,0.0,nan,0,-0.040000016190396705,56.05520223445325,1.4268265921137145e-15,-3.9863074016048445e-06,2
8.55,4.0,1.7929334735301516,0.25531293174122643,0.0,0.0,nan,0,62.965484440938766,-1.7929334735301519,-0.2553129317412237,0.0,0.0,nan,0,-63.00548553396495,-1.3731933383817618e-05,-6.44415059580555e-05,0.0,0.0,nan,0,-0.04000000381784377,56.00615223445327,1.4046221316212117e-15,-5.157074001791258e-05,2
8.555,4.0,1.794210038188857,0.2553129317412119,0.0,0.0,nan,0,63.24538031461103,-1.7942100381888573,-0.25531293174120917,0.0,0.0,nan,0,-63.28538140763722,-1.3717120930418353e-05,7.183452584236973e-06,0.0,0.0,nan,0,-0.03999998124723046,55.95710223445328,1.3566604969574049e-15,7.35344768636019e-06,2
8.56,4.0,1.7954866028475625,0.2553129317412119,0.0,0.0,nan,0,63.525030938283294,-1.7954866028475627,-0.25531293174120917,0.0,0.0,nan,0,-63.56503203130948,-1.3739364396147397e-05,9.653014979413696e-06,0.0,0.0,nan,0,-0.03999998908954775,55.90805223445328,1.3406732854028028e-15,9.302573632387772e-06,2
8.565,4.0,1.7967631675062679,0.2553129317412119,0.0,0.0,nan,0,63.80443631195556,-1.796763167506268,-0.25531293174120917,0.0,0.0,nan,0,-63.84443740498175,-1.376393416003402e-05,1.1075194864237527e-05,0.0,0.0,nan,0,-0.0399999988173232,55.859002234453285,1.2154401282250853e-15,1.0668231855851792e-05,2
8.57,4.0,1.7980397321649733,0.25531293174122643,0.0,0.0,nan,0,64.08359643562784,-1.7980397321649735,-0.2553129317412237,0.0,0.0,nan,0,-64.12359752865402,-1.3789142055648657e-05,8.013852048802523e-06,0.0,0.0,nan,0,-0.04000000938510473,55.809952234453284,1.0600089047775634e-15,8.878081563723093e-06,2
8.575000000000001,4.0,1.7993162968236787,0.2553129317412046,0.0,0.0,nan,0,64.3625113093001,-1.7993162968236789,-0.2553129317412019,0.0,0.0,nan,0,-64.40251240232628,-1.3808722978906479e-05,-8.920978064847245e-06,0.0,0.0,nan,0,-0.040000016190845575,55.76090223445328,9.276703202422445e-16,-3.9862975898552076e-06,1
8.58,4.0,1.800592861482384,0.2553129317412046,0.0,0.0,nan,0,64.64118093297238,-1.8005928614823843,-0.2553129317412019,0.0,0.0,nan,0,-64.68118202599855,-1.3804076260687942e-05,-6.444143304509897e-05,0.0,0.0,nan,0,-0.0400000038183394,55.71185223445329,6.558877238140062e-16,-5.1570512367216955e-05,1
8.585,4.0,1.8018694261410895,0.2553129317412337,0.0,0.0,nan,0,64.91960530664464,-1.8018694261410897,-0.255312931741231,0.0,0.0,nan,0,-64.95960639967082,-1.3789264205432e-05,7.183365478103302e-06,0.0,0.0,nan,0,-0.03999998124782748,55.66280223445329,4.311785836298743e-16,7.353419083592919e-06,1
8.59,4.0,1.8031459907997949,0.2553129317412337,0.0,0.0,nan,0,65.1977844303169,-1.803145990799795,-0.255312931741231,0.0,0.0,nan,0,-65.23778552334308,-1.3811507986957045e-05,9.652922966146939e-06,0.0,0.0,nan,0,-0.03999998909011411,55.61375223445329,1.6799574417282505e-15,9.30253657183848e-06,2
8.595,4.0,1.8044225554585003,0.25531293174122643,0.0,0.0,nan,0,65.47571830398917,-1.8044225554585005,-0.2553129317412237,0.0,0.0,nan,0,-65.51571939701535,-1.3836078061803259e-05,1.10750991264211e-05,0.0,0.0,nan,0,-0.039999998817850414,55.5647022344533,1.6728520143706497e-15,1.066818731968415e-05,2
8.6,4.0,1.8056991201172057,0.25531293174121916,0.0,0.0,nan,0,65.75340692766143,-1.805699120117206,-0.25531293174121644,0.0,0.0,nan,0,-65.79340802068761,-1.3861286265921119e-05,8.01376049438358e-06,0.0,0.0,nan,0,-0.040000009385587,55.51565223445332,1.6648584085933485e-15,8.878040628243198e-06,2
8.605,4.0,1.806975684775911,0.2553129317412119,0.0,0.0,nan,0,66.0308503013337,-1.8069756847759113,-0.25531293174120917,0.0,0.0,nan,0,-66.07085139435988,-1.3880867507046202e-05,-8.921035722387223e-06,0.0,0.0,nan,0,-0.040000016191294493,55.466602234453326,1.6506475538781465e-15,-3.986287779967195e-06,2
8.61,4.0,1.8082522494346165,0.25531293174122643,0.0,0.0,nan,0,66.30804842500596,-1.8082522494346167,-0.2553129317412237,0.0,0.0,nan,0,-66.34804951803214,-1.3876221158018454e-05,-6.444136011167956e-05,0.0,0.0,nan,0,-0.04000000381883508,55.417552234453325,1.6355485207432442e-15,-5.157028470447319e-05,2
8.615,4.0,1.809528814093322,0.25531293174122643,0.0,0.0,nan,0,66.58500129867824,-1.8095288140933221,-0.2553129317412237,0.0,0.0,nan,0,-66.62500239170441,-1.3861409500867672e-05,7.183278381725704e-06,0.0,0.0,nan,0,-0.03999998124842459,55.36850223445333,1.6160085955098415e-15,7.353390465394444e-06,2
8.620000000000001,4.0,1.8108053787520273,0.2553129317412337,0.0,0.0,nan,0,66.8617089223505,-1.8108053787520275,-0.255312931741231,0.0,0.0,nan,0,-66.90171001537668,-1.3883653598122797e-05,9.65283096170739e-06,0.0,0.0,nan,0,-0.03999998909068056,55.31945223445337,1.5804814587218364e-15,9.30249951075716e-06,2
8.625,4.0,1.8120819434107327,0.2553129317412337,0.0,0.0,nan,0,67.13817129602278,-1.812081943410733,-0.255312931741231,0.0,0.0,nan,0,-67.17817238904895,-1.390822398388003e-05,1.1075003397115871e-05,0.0,0.0,nan,0,-0.03999999881837771,55.27040223445338,1.5360725377368301e-15,1.0668142782732242e-05,2
8.63,4.0,1.813358508069438,0.2553129317412337,0.0,0.0,nan,0,67.41438841969504,-1.8133585080694383,-0.255312931741231,0.0,0.0,nan,0,-67.45438951272122,-1.3933432496438664e-05,8.013668948617732e-06,0.0,0.0,nan,0,-0.04000000938606934,55.221352234453384,1.492551795171524e-15,8.87799969662599e-06,2
8.635,4.0,1.8146350727281435,0.25531293174124825,0.0,0.0,nan,0,67.69036029336732,-1.8146350727281437,-0.25531293174124553,0.0,0.0,nan,0,-67.7303613863935,-1.3953014055378965e-05,-8.921093369251233e-06,0.0,0.0,nan,0,-0.04000001619174347,55.17230223445339,1.427714770533415e-15,-3.986277963960522e-06,2
8.64,4.0,1.815911637386849,0.2553129317412628,0.0,0.0,nan,0,67.96608691703959,-1.8159116373868491,-0.2553129317412601,0.0,0.0,nan,0,-68.00608801006577,-1.3948368075483025e-05,-6.444128715807302e-05,0.0,0.0,nan,0,-0.04000000381933082,55.123252234453396,1.362877745895306e-15,-5.157005702752123e-05,2
8.645,4.0,1.8171882020455543,0.2553129317412846,0.0,0.0,nan,0,68.24156829071185,-1.8171882020455545,-0.2553129317412819,0.0,0.0,nan,0,-68.28156938373803,-1.3933556816381892e-05,7.183191294989819e-06,0.0,0.0,nan,0,-0.039999981249021724,55.074202234453395,1.3024816133556975e-15,7.353361856194984e-06,2
8.65,4.0,1.8184647667042597,0.2553129317412846,0.0,0.0,nan,0,68.51680441438411,-1.81846476670426,-0.2553129317412819,0.0,0.0,nan,0,-68.55680550741029,-1.3955801229318526e-05,9.652738966305722e-06,0.0,0.0,nan,0,-0.03999998909124705,55.0251522344534,1.193235667732582e-15,9.302462441402456e-06,2
8.655,4.0,1.8197413313629651,0.25531293174127734,0.0,0.0,nan,0,68.79179528805638,-1.8197413313629653,-0.2553129317412746,0.0,0.0,nan,0,-68.83179638108255,-1.3980371925927798e-05,1.1074907676151127e-05,0.0,0.0,nan,0,-0.039999998818905064,54.97610223445341,1.0369162658653599e-15,1.0668098245595589e-05,2
8.66,4.0,1.8210178960216705,0.25531293174127007,0.0,0.0,nan,0,69.06654091172864,-1.8210178960216707,-0.25531293174126735,0.0,0.0,nan,0,-69.10654200475481,-1.4005580746868224e-05,8.01357741093696e-06,0.0,0.0,nan,0,-0.04000000938655174,54.927052234453406,9.10794930267942e-16,8.877958758424706e-06,1
8.665000000000001,4.0,1.822294460680376,0.2553129317412628,0.0,0.0,nan,0,69.3410412854009,-1.8222944606803761,-0.2553129317412601,0.0,0.0,nan,0,-69.38104237842708,-1.402516262358211e-05,-8.921151005290017e-06,0.0,0.0,nan,0,-0.04000001619219251,54.8780022344534,7.349356031673168e-16,-3.9862681523787634e-06,1
8.67,4.0,1.8235710253390813,0.2553129317412555,0.0,0.0,nan,0,69.61529640907317,-1.8235710253390816,-0.2553129317412528,0.0,0.0,nan,0,-69.65529750209934,-1.4020517012783285e-05,-6.444121418411684e-05,0.0,0.0,nan,0,-0.04000000381982662,54.8289522344534,5.4308906451209e-16,-5.156982934146634e-05,1
8.675,4.0,1.8248475899977867,0.25531293174124825,0.0,0.0,nan,0,69.88930628274544,-1.824847589997787,-0.25531293174124553,0.0,0.0,nan,0,-69.92930737577161,-1.4005706151686698e-05,7.183104217864923e-06,0.0,0.0,nan,0,-0.03999998124961895,54.77990223445341,1.6826219769873506e-15,7.35333324518808e-06,2
8.68,4.0,1.8261241546564921,0.2553129317412628,0.0,0.0,nan,0,70.1630709064177,-1.8261241546564924,-0.2553129317412601,0.0,0.0,nan,0,-70.20307199944388,-1.4027950880252799e-05,9.65264697990319e-06,0.0,0.0,nan,0,-0.039999989091813626,54.73085223445341,1.6764047280494496e-15,9.302425374292178e-06,2
8.685,4.0,1.8274007193151975,0.2553129317412628,0.0,0.0,nan,0,70.43659028008997,-1.8274007193151978,-0.2553129317412601,0.0,0.0,nan,0,-70.47659137311615,-1.4052521887665537e-05,1.1074811963206299e-05,0.0,0.0,nan,0,-0.039999998819432475,54.68180223445341,1.6684111222721488e-15,1.0668053704261409e-05,2
8.69,4.0,1.828677283973903,0.25531293174127007,0.0,0.0,nan,0,70.70986440376224,-1.8286772839739032,-0.25531293174126735,0.0,0.0,nan,0,-70.74986549678842,-1.4077731016946121e-05,8.013485881877036e-06,0.0,0.0,nan,0,-0.0400000093870342,54.63275223445344,1.6542002675569466e-15,8.877917821978473e-06,2
8.695,4.0,1.8299538486326083,0.25531293174129915,0.0,0.0,nan,0,70.9828932774345,-1.8299538486326086,-0.25531293174129643,0.0,0.0,nan,0,-71.02289437046068,-1.4097313211367674e-05,-8.921208630756903e-06,0.0,0.0,nan,0,-0.040000016192641596,54.583702234453476,1.6408775912614448e-15,-3.986258339759601e-06,2
8.700000000000001,4.0,1.8312304132913138,0.2553129317413064,0.0,0.0,nan,0,71.25567690110677,-1.831230413291314,-0.2553129317413037,0.0,0.0,nan,0,-71.29567799413294,-1.409266796961045e-05,-6.444114118941423e-05,0.0,0.0,nan,0,-0.04000000382032248,54.534652234453496,1.6142322386704412e-15,-5.156960164491317e-05,2
8.705,4.0,1.8325069779500192,0.25531293174132824,0.0,0.0,nan,0,71.52821527477903,-1.8325069779500194,-0.2553129317413255,0.0,0.0,nan,0,-71.5682163678052,-1.4077857506473307e-05,7.183017150442195e-06,0.0,0.0,nan,0,-0.03999998125021624,54.48560223445349,1.5964686702764385e-15,7.353304628911625e-06,2
8.71,4.0,1.8337835426087246,0.2553129317413428,0.0,0.0,nan,0,71.8005083984513,-1.8337835426087248,-0.25531293174134007,0.0,0.0,nan,0,-71.84050949147748,-1.4100102550616833e-05,9.652555002496777e-06,0.0,0.0,nan,0,-0.03999998909238027,54.436552234453494,1.570711496105135e-15,9.302388304531592e-06,2
8.715,4.0,1.83506010726743,0.25531293174135733,0.0,0.0,nan,0,72.07255627212356,-1.8350601072674302,-0.2553129317413546,0.0,0.0,nan,0,-72.11255736514974,-1.4124673868767118e-05,1.1074716259084073e-05,0.0,0.0,nan,0,-0.039999998819959956,54.387502234453514,1.5245262182807288e-15,1.066800916598168e-05,2
8.72,4.0,1.8363366719261354,0.25531293174135733,0.0,0.0,nan,0,72.34435889579584,-1.8363366719261356,-0.2553129317413546,0.0,0.0,nan,0,-72.38435998882201,-1.4149883306325411e-05,8.013394360886733e-06,0.0,0.0,nan,0,-0.04000000938751671,54.33845223445353,1.4739000483578215e-15,8.877876880736074e-06,2
8.725,4.0,1.8376132365848408,0.25531293174137915,0.0,0.0,nan,0,72.6159162694681,-1.837613236584841,-0.2553129317413764,0.0,0.0,nan,0,-72.65591736249428,-1.4169465818406057e-05,-8.921266245311979e-06,0.0,0.0,nan,0,-0.04000001619309074,54.28940223445355,1.4099512021394126e-15,-3.986248526259368e-06,2
8.73,4.0,1.8388898012435462,0.2553129317413719,0.0,0.0,nan,0,72.88722839314038,-1.8388898012435464,-0.25531293174136915,0.0,0.0,nan,0,-72.92722948616655,-1.4164820945631457e-05,-6.444106817465557e-05,0.0,0.0,nan,0,-0.04000000382081839,54.240352234453546,1.3255742522679007e-15,-5.15693739364371e-05,2
8.735,4.0,1.8401663659022516,0.25531293174140096,0.0,0.0,nan,0,73.15829526681264,-1.8401663659022518,-0.25531293174139824,0.0,0.0,nan,0,-73.19829635983882,-1.4150010880398245e-05,7.182930092761435e-06,0.0,0.0,nan,0,-0.039999981250813575,54.191302234453545,1.262513584469192e-15,7.3532760143084885e-06,2
8.74,4.0,1.841442930560957,0.25531293174140096,0.0,0.0,nan,0,73.42911689048492,-1.8414429305609572,-0.25531293174139824,0.0,0.0,nan,0,-73.4691179835111,-1.4172256240056746e-05,9.652463033970351e-06,0.0,0.0,nan,0,-0.03999998909294693,54.14225223445355,1.121293215736872e-15,9.302351235260377e-06,2
8.745000000000001,4.0,1.8427194952196624,0.25531293174137915,0.0,0.0,nan,0,73.69969326415719,-1.8427194952196626,-0.2553129317413764,0.0,0.0,nan,0,-73.73969435718337,-1.4196827868896006e-05,1.1074620563084437e-05,0.0,0.0,nan,0,-0.03999999882048748,54.09320223445356,9.898428096212533e-16,1.0667964614576446e-05,2
8.75,4.0,1.8439960598783678,0.25531293174140096,0.0,0.0,nan,0,73.97002438782945,-1.843996059878368,-0.25531293174139824,0.0,0.0,nan,0,-74.01002548085563,-1.4222037614686905e-05,8.013302848251677e-06,0.0,0.0,nan,0,-0.04000000938799929,54.04415223445357,8.15759839360029e-16,8.877835936051986e-06,1
8.755,4.0,1.8452726245370732,0.2553129317413864,0.0,0.0,nan,0,74.24011026150173,-1.8452726245370734,-0.2553129317413837,0.0,0.0,nan,0,-74.2801113545279,-1.4241620444367664e-05,-8.92132384935986e-06,0.0,0.0,nan,0,-0.04000001619353996,53.99510223445357,4.800283967133817e-16,-3.986238711989968e-06,1
8.76,4.0,1.8465491891957786,0.2553129317413937,0.0,0.0,nan,0,74.50995088517399,-1.8465491891957788,-0.25531293174139097,0.0,0.0,nan,0,-74.54995197820017,-1.4236975940527113e-05,-6.444099513949884e-05,0.0,0.0,nan,0,-0.04000000382131438,53.9460522344536,1.680845620147951e-15,-5.156914621682326e-05,2
8.765,4.0,1.847825753854484,0.2553129317413937,0.0,0.0,nan,0,74.77954625884625,-1.8478257538544842,-0.25531293174139097,0.0,0.0,nan,0,-74.81954735187243,-1.42221662731562e-05,7.182843044756256e-06,0.0,0.0,nan,0,-0.03999998125141099,53.89700223445361,1.6755165496297502e-15,7.353247398276282e-06,2
8.77,4.0,1.8491023185131894,0.25531293174140823,0.0,0.0,nan,0,75.04889638251852,-1.8491023185131896,-0.2553129317414055,0.0,0.0,nan,0,-75.0888974755447,-1.4244411948281105e-05,9.652371074621185e-06,0.0,0.0,nan,0,-0.03999998909351368,53.847952234453615,1.6692993006918494e-15,9.302314162538603e-06,2
8.775,4.0,1.8503788831718948,0.25531293174140823,0.0,0.0,nan,0,75.31800125619078,-1.850378883171895,-0.2553129317414055,0.0,0.0,nan,0,-75.35800234921696,-1.4268983887757297e-05,1.1074524875379252e-05,0.0,0.0,nan,0,-0.039999998821015084,53.79890223445363,1.653312089137247e-15,1.066792006717246e-05,2
8.78,4.0,1.8516554478306002,0.2553129317414155,0.0,0.0,nan,0,75.58686087986305,-1.8516554478306004,-0.2553129317414128,0.0,0.0,nan,0,-75.62686197288923,-1.4294193941711414e-05,8.013211344034351e-06,0.0,0.0,nan,0,-0.040000009388481916,53.74985223445362,1.6408775912614454e-15,8.877794992590032e-06,2
8.785,4.0,1.8529320124893056,0.2553129317414155,0.0,0.0,nan,0,75.85547525353532,-1.8529320124893058,-0.2553129317414128,0.0,0.0,nan,0,-75.8954763465615,-1.4313777088940244e-05,-8.921381442441304e-06,0.0,0.0,nan,0,-0.04000001619398922,53.700802234453626,1.624002201287143e-15,-3.9862288955436464e-06,2
8.790000000000001,4.0,1.854208577148011,0.25531293174140823,0.0,0.0,nan,0,76.12384437720759,-1.8542085771480112,-0.2553129317414055,0.0,0.0,nan,0,-76.16384547023377,-1.430913295398517e-05,-6.444092208375779e-05,0.0,0.0,nan,0,-0.040000003821810404,53.65175223445363,1.6115677034113413e-15,-5.156891848589315e-05,2
8.795,4.0,1.8554851418067164,0.2553129317413864,0.0,0.0,nan,0,76.39196825087986,-1.8554851418067166,-0.2553129317413837,0.0,0.0,nan,0,-76.43196934390603,-1.4294323684431454e-05,7.182756006303089e-06,0.0,0.0,nan,0,-0.03999998125200846,53.60270223445363,1.5929159565976386e-15,7.353218780594725e-06,2
8.8,4.0,1.8567617064654218,0.2553129317413646,0.0,0.0,nan,0,76.65984687455213,-1.856761706465422,-0.2553129317413619,0.0,0.0,nan,0,-76.69984796757831,-1.431656967497072e-05,9.65227912419277e-06,0.0,0.0,nan,0,-0.03999998909408049,53.55365223445365,1.5662706040066348e-15,9.302277090360387e-06,2
8.805,4.0,1.8580382711241272,0.25531293174137915,0.0,0.0,nan,0,76.9274802482244,-1.8580382711241274,-0.2553129317413764,0.0,0.0,nan,0,-76.96748134125058,-1.4341141925031803e-05,1.1074429196085879e-05,0.0,0.0,nan,0,-0.039999998821542704,53.50460223445367,1.5298552887989297e-15,1.0667875519952328e-05,2
8.81,4.0,1.8593148357828326,0.25531293174137915,0.0,0.0,nan,0,77.19486837189666,-1.8593148357828329,-0.2553129317413764,0.0,0.0,nan,0,-77.23486946492284,-1.4366352287097095e-05,8.013119848117822e-06,0.0,0.0,nan,0,-0.04000000938896458,53.455552234453684,1.4659064425805206e-15,8.877754047156324e-06,2
8.815,4.0,1.860591400441538,0.2553129317413864,0.0,0.0,nan,0,77.46201124556893,-1.8605914004415383,-0.2553129317413837,0.0,0.0,nan,0,-77.50201233859511,-1.4385935751821954e-05,-8.921439024994552e-06,0.0,0.0,nan,0,-0.040000016194438506,53.4065022344537,1.412615737398513e-15,-3.986219080998026e-06,2
8.82,4.0,1.8618679651002434,0.2553129317413937,0.0,0.0,nan,0,77.7289088692412,-1.8618679651002437,-0.25531293174139097,0.0,0.0,nan,0,-77.76890996226737,-1.4381291985707256e-05,-6.444084900783258e-05,0.0,0.0,nan,0,-0.04000000382230646,53.35745223445371,1.354884140118005e-15,-5.1568690742818085e-05,2
8.825000000000001,4.0,1.8631445297589488,0.2553129317414155,0.0,0.0,nan,0,77.99556124291347,-1.863144529758949,-0.2553129317414128,0.0,0.0,nan,0,-78.03556233593964,-1.4366483113922163e-05,7.1826689777758045e-06,0.0,0.0,nan,0,-0.039999981252605975,53.30840223445371,1.2394209455569888e-15,7.353190155958726e-06,2
8.83,4.0,1.8644210944176542,0.2553129317414228,0.0,0.0,nan,0,78.26196836658573,-1.8644210944176545,-0.25531293174142006,0.0,0.0,nan,0,-78.30196945961191,-1.4388729419823748e-05,9.652187182772507e-06,0.0,0.0,nan,0,-0.039999989094647345,53.25935223445372,1.1452740330687753e-15,9.302240012906388e-06,2
8.835,4.0,1.8656976590763596,0.2553129317414155,0.0,0.0,nan,0,78.52813024025801,-1.8656976590763599,-0.2553129317414128,0.0,0.0,nan,0,-78.56813133328419,-1.4413301980414212e-05,1.1074333525187712e-05,0.0,0.0,nan,0,-0.03999999882207042,53.210302234453735,1.0280344816683588e-15,1.0667830969514322e-05,2
8.84,4.0,1.866974223735065,0.2553129317413864,0.0,0.0,nan,0,78.79404686393028,-1.8669742237350653,-0.2553129317413837,0.0,0.0,nan,0,-78.83404795695645,-1.4438512650538637e-05,8.013028360797263e-06,0.0,0.0,nan,0,-0.04000000938944732,53.16125223445374,8.486224408889336e-16,8.877713097803974e-06,1
8.845,4.0,1.8682507883937705,0.2553129317414155,0.0,0.0,nan,0,79.05971823760255,-1.8682507883937707,-0.25531293174141284,0.0,0.0,nan,0,-79.09971933062873,-1.4458096432707485e-05,-8.921496596482961e-06,0.0,0.0,nan,0,-0.04000001619488787,53.11220223445375,6.399005122594042e-16,-3.986209271343603e-06,1
8.85,4.0,1.8695273530524759,0.25531293174140823,0.0,0.0,nan,0,79.32514436127482,-1.869527353052476,-0.2553129317414055,0.0,0.0,nan,0,-79.365145454301,-1.445345303538112e-05,-6.444077591150106e-05,0.0,0.0,nan,0,-0.04000000382280264,53.06315223445374,3.503543474371634e-16,-5.156846299300619e-05,1
8.855,4.0,1.8708039177111813,0.25531293174137915,0.0,0.0,nan,0,79.59032523494709,-1.8708039177111815,-0.2553129317413764,0.0,0.0,nan,0,-79.63032632797326,-1.4438644561316077e-05,7.1825819587594875e-06,0.0,0.0,nan,0,-0.0399999812532036,53.014102234453745,1.6737401927903501e-15,7.3531615414159934e-06,2
8.86,4.0,1.8720804823698867,0.25531293174137915,0.0,0.0,nan,0,79.85526085861936,-1.872080482369887,-0.2553129317413764,0.0,0.0,nan,0,-79.89526195164554,-1.4460891182524471e-05,9.652095250339219e-06,0.0,0.0,nan,0,-0.03999998909521429,52.96505223445375,1.6613056949145484e-15,9.302202937361087e-06,2
8.865,4.0,1.873357047028592,0.25531293174135733,0.0,0.0,nan,0,80.11995123229163,-1.8733570470285923,-0.2553129317413546,0.0,0.0,nan,0,-80.1599523253178,-1.4485464053581865e-05,1.1074237862524361e-05,0.0,0.0,nan,0,-0.03999999882259819,52.91600223445375,1.6515357322978467e-15,1.066778641544988e-05,2
8.870000000000001,4.0,1.8746336116872975,0.25531293174135006,0.0,0.0,nan,0,80.3843963559639,-1.8746336116872977,-0.25531293174134734,0.0,0.0,nan,0,-80.42439744899008,-1.4510675031716852e-05,8.012936881707116e-06,0.0,0.0,nan,0,-0.040000009389930126,52.86695223445376,1.6346603423235442e-15,8.877672148180723e-06,2
8.875,4.0,1.8759101763460029,0.25531293174135006,0.0,0.0,nan,0,80.64859622963617,-1.875910176346003,-0.25531293174134734,0.0,0.0,nan,0,-80.68859732266235,-1.4530259131263767e-05,-8.921554157547981e-06,0.0,0.0,nan,0,-0.0400000161953373,52.81790223445376,1.611567703411341e-15,-3.986199453628966e-06,2
8.88,4.0,1.8771867410047083,0.2553129317413428,0.0,0.0,nan,0,80.91255085330843,-1.8771867410047085,-0.25531293174134007,0.0,0.0,nan,0,-80.95255194633461,-1.4525616102670225e-05,-6.444070279460506e-05,0.0,0.0,nan,0,-0.04000000382329881,52.76885223445376,1.5840341724006371e-15,-5.1568235227000135e-05,2
8.885,4.0,1.8784633056634137,0.25531293174135006,0.0,0.0,nan,0,81.1762602269807,-1.878463305663414,-0.25531293174134734,0.0,0.0,nan,0,-81.21626132000688,-1.4510808026269723e-05,7.182494949494633e-06,0.0,0.0,nan,0,-0.039999981253801255,52.71980223445379,1.547618857192932e-15,7.353132917392835e-06,2
8.89,4.0,1.879739870322119,0.2553129317413646,0.0,0.0,nan,0,81.43972435065297,-1.8797398703221193,-0.2553129317413619,0.0,0.0,nan,0,-81.47972544367914,-1.4533054962736353e-05,9.652003326915929e-06,0.0,0.0,nan,0,-0.03999998909578127,52.67075223445381,1.496992687270025e-15,9.302165859370622e-06,2
8.895,4.0,1.8810164349808245,0.25531293174135733,0.0,0.0,nan,0,81.70294322432524,-1.8810164349808247,-0.2553129317413546,0.0,0.0,nan,0,-81.74294431735142,-1.4557628144215573e-05,1.1074142208446192e-05,0.0,0.0,nan,0,-0.039999998823126034,52.62170223445381,1.4428138036683174e-15,1.0667741857783876e-05,2
8.9,4.0,1.88229299963953,0.2553129317413428,0.0,0.0,nan,0,81.9659168479975,-1.8822929996395301,-0.25531293174134007,0.0,0.0,nan,0,-82.00591794102368,-1.4582839430298672e-05,8.012845410687496e-06,0.0,0.0,nan,0,-0.04000000939041298,52.57265223445385,1.3788649574499083e-15,8.877631196719827e-06,2
8.905,4.0,1.8835695642982353,0.25531293174132097,0.0,0.0,nan,0,82.22864522166978,-1.8835695642982355,-0.25531293174131825,0.0,0.0,nan,0,-82.26864631469596,-1.4602423847182022e-05,-8.921611708063175e-06,0.0,0.0,nan,0,-0.0400000161957868,52.52360223445387,1.311363397552699e-15,-3.986189642711557e-06,2
8.91,4.0,1.8848461289569407,0.25531293174127734,0.0,0.0,nan,0,82.49112834534205,-1.884846128956941,-0.2553129317412746,0.0,0.0,nan,0,-82.53112943836823,-1.4597781187279668e-05,-6.444062965730538e-05,0.0,0.0,nan,0,-0.04000000382379511,52.474552234453874,1.199452916670483e-15,-5.1568007450637036e-05,2
8.915000000000001,4.0,1.886122693615646,0.25531293174129915,0.0,0.0,nan,0,82.75336621901431,-1.8861226936156463,-0.25531293174129643,0.0,0.0,nan,0,-82.79336731204049,-1.4582973508502073e-05,7.182407950179271e-06,0.0,0.0,nan,0,-0.03999998125439897,52.42550223445389,1.0529034774199625e-15,7.353104293957653e-06,2
8.92,4.0,1.8873992582743515,0.2553129317413137,0.0,0.0,nan,0,83.01535884268658,-1.8873992582743517,-0.255312931741311,0.0,0.0,nan,0,-83.05535993571276,-1.4605220760167958e-05,9.651911412451033e-06,0.0,0.0,nan,0,-0.039999989096348346,52.37645223445389,8.317470509146313e-16,9.302128776333542e-06,1
8.925,4.0,1.888675822933057,0.25531293174132824,0.0,0.0,nan,0,83.27710621635885,-1.8886758229330571,-0.2553129317413255,0.0,0.0,nan,0,-83.31710730938502,-1.4629794252013495e-05,1.1074046562752578e-05,0.0,0.0,nan,0,-0.03999999882365391,52.32740223445389,5.59076276066693e-16,1.0667697303466306e-05,1
8.93,4.0,1.8899523875917623,0.25531293174132097,0.0,0.0,nan,0,83.53860834003112,-1.8899523875917625,-0.25531293174131825,0.0,0.0,nan,0,-83.5786094330573,-1.4655005845992664e-05,8.012753948388204e-06,0.0,0.0,nan,0,-0.040000009390895895,52.2783522344539,2.5443107810955004e-16,8.877590238587825e-06,1
8.935,4.0,1.8912289522504677,0.2553129317413137,0.0,0.0,nan,0,83.79986521370338,-1.891228952250468,-0.255312931741311,0.0,0.0,nan,0,-83.83986630672956,-1.4674590580149999e-05,-8.921669247449893e-06,0.0,0.0,nan,0,-0.04000001619623634,52.229302234453904,1.6755165496297504e-15,-3.986179832540223e-06,2
8.94,4.0,1.8925055169091731,0.25531293174132097,0.0,0.0,nan,0,84.06087683737566,-1.8925055169091733,-0.25531293174131825,0.0,0.0,nan,0,-84.10087793040184,-1.4669948288872914e-05,-6.444055649963373e-05,0.0,0.0,nan,0,-0.04000000382429145,52.180252234453896,1.664858408593349e-15,-5.156777966498714e-05,2
8.945,4.0,1.8937820815678785,0.2553129317413428,0.0,0.0,nan,0,84.32164321104793,-1.8937820815678788,-0.25531293174134007,0.0,0.0,nan,0,-84.3616443040741,-1.4655141007669653e-05,7.182320960187978e-06,0.0,0.0,nan,0,-0.03999998125499679,52.13120223445391,1.6462066617796465e-15,7.353075671026073e-06,2
8.950000000000001,4.0,1.895058646226584,0.25531293174132097,0.0,0.0,nan,0,84.5821643347202,-1.8950586462265842,-0.25531293174131825,0.0,0.0,nan,0,-84.62216542774638,-1.4677388574475814e-05,9.651819507222106e-06,0.0,0.0,nan,0,-0.039999989096915475,52.08215223445393,1.6328839854841447e-15,9.302091696774558e-06,2
8.955,4.0,1.8963352108852893,0.25531293174132824,0.0,0.0,nan,0,84.84244020839247,-1.8963352108852896,-0.2553129317413255,0.0,0.0,nan,0,-84.88244130141865,-1.4701962376635624e-05,1.107395092525698e-05,0.0,0.0,nan,0,-0.03999999882418187,52.03310223445392,1.6053504544734407e-15,1.066765274168004e-05,2
8.96,4.0,1.8976117755439947,0.25531293174132824,0.0,0.0,nan,0,85.10247083206474,-1.897611775543995,-0.2553129317413255,0.0,0.0,nan,0,-85.14247192509092,-1.4727174278458821e-05,8.012662494257567e-06,0.0,0.0,nan,0,-0.040000009391378884,51.98405223445394,1.5760405666233365e-15,8.877549281558947e-06,2
8.965,4.0,1.8988883402027001,0.25531293174132824,0.0,0.0,nan,0,85.36225620573701,-1.8988883402027004,-0.2553129317413255,0.0,0.0,nan,0,-85.40225729876319,-1.4746759329841569e-05,-8.921726776218507e-06,0.0,0.0,nan,0,-0.04000001619668594,51.93500223445397,1.5307434672186303e-15,-3.986170007076218e-06,2
8.97,4.0,1.9001649048614055,0.25531293174132824,0.0,0.0,nan,0,85.62179632940928,-1.9001649048614058,-0.2553129317413255,0.0,0.0,nan,0,-85.66179742243546,-1.474211740715159e-05,-6.444048332183175e-05,0.0,0.0,nan,0,-0.04000000382478781,51.88595223445396,1.4889990814927241e-15,-5.1567551874957635e-05,2
8.975,4.0,1.901441469520111,0.25531293174132097,0.0,0.0,nan,0,85.88109120308155,-1.9014414695201112,-0.25531293174131825,0.0,0.0,nan,0,-85.92109229610773,-1.472731052348103e-05,7.182233980244094e-06,0.0,0.0,nan,0,-0.03999998125559465,51.836902234453966,1.432155662631916e-15,7.353047046104973e-06,2
8.98,4.0,1.9027180341788164,0.2553129317413137,0.0,0.0,nan,0,86.14014082675382,-1.9027180341788166,-0.255312931741311,0.0,0.0,nan,0,-86.18014191978,-1.4749558405389301e-05,9.651727611015683e-06,0.0,0.0,nan,0,-0.03999998909748266,51.78785223445397,1.3628777458953062e-15,9.30205461247537e-06,2
8.985,4.0,1.9039945988375218,0.25531293174132824,0.0,0.0,nan,0,86.3989452004261,-1.903994598837522,-0.2553129317413255,0.0,0.0,nan,0,-86.43894629345228,-1.4774132517807875e-05,1.107385529642221e-05,0.0,0.0,nan,0,-0.03999999882470989,51.73880223445396,1.3015934349359978e-15,1.0667608180775738e-05,2
8.99,4.0,1.9052711634962272,0.2553129317413064,0.0,0.0,nan,0,86.65750432409837,-1.9052711634962274,-0.2553129317413037,0.0,0.0,nan,0,-86.69750541712455,-1.479934472741612e-05,8.01257104866513e-06,0.0,0.0,nan,0,-0.04000000939186192,51.68975223445399,1.2003410950901835e-15,8.87750832399094e-06,2
8.995000000000001,4.0,1.9065477281549326,0.25531293174127734,0.0,0.0,nan,0,86.91581819777063,-1.9065477281549328,-0.2553129317412746,0.0,0.0,nan,0,-86.95581929079681,-1.481893009596183e-05,-8.92178429410027e-06,0.0,0.0,nan,0,-0.04000001619713559,51.640702234454,1.0449098716426615e-15,-3.98616020004637e-06,2
9.0,4.0,1.907824292813638,0.2553129317412846,0.0,0.0,nan,0,87.1738868214429,-1.9078242928136382,-0.2553129317412819,0.0,0.0,nan,0,-87.21388791446908,-1.4814288541806914e-05,-6.444041012353771e-05,0.0,0.0,nan,0,-0.04000000382528428,51.591652234453996,9.276703202422449e-16,-5.1567324060574276e-05,1
9.005,4.0,1.9091008574723434,0.2553129317412919,0.0,0.0,nan,0,87.43171019511517,-1.9091008574723436,-0.25531293174128916,0.0,0.0,nan,0,-87.47171128814135,-1.4799482055610075e-05,7.182147009999489e-06,0.0,0.0,nan,0,-0.03999998125619256,51.542602234454,7.509228147219198e-16,7.353018421026665e-06,1
9.01,4.0,1.9103774221310488,0.2553129317413064,0.0,0.0,nan,0,87.68928831878745,-1.910377422131049,-0.2553129317413037,0.0,0.0,nan,0,-87.72928941181362,-1.4821730252551069e-05,9.651635723752499e-06,0.0,0.0,nan,0,-0.03999998909804989,51.493552234454,5.430890645120902e-16,9.302017526256832e-06,1
9.015,4.0,1.9116539867897542,0.2553129317413137,0.0,0.0,nan,0,87.94662119245972,-1.9116539867897544,-0.255312931741311,0.0,0.0,nan,0,-87.9866222854859,-1.4846304675165956e-05,1.1073759675739651e-05,0.0,0.0,nan,0,-0.039999998825237956,51.444502234454006,1.682621976987351e-15,1.0667563608160813e-05,2
9.02,4.0,1.9129305514484596,0.2553129317412919,0.0,0.0,nan,0,88.20370881613198,-1.9129305514484598,-0.25531293174128916,0.0,0.0,nan,0,-88.24370990915816,-1.4871517192500266e-05,8.012479611263184e-06,0.0,0.0,nan,0,-0.04000000939234504,51.395452234454005,1.6728520143706497e-15,8.87746735940189e-06,2
9.025,4.0,1.914207116107165,0.2553129317412846,0.0,0.0,nan,0,88.46055118980425,-1.9142071161071652,-0.2553129317412819,0.0,0.0,nan,0,-88.50055228283043,-1.4891102878167306e-05,-8.921841801375471e-06,0.0,0.0,nan,0,-0.040000016197585336,51.346402234454004,1.6648584085933485e-15,-3.986150376369379e-06,2
9.03,4.0,1.9154836807658704,0.2553129317412846,0.0,0.0,nan,0,88.71714831347651,-1.9154836807658706,-0.2553129317412819,0.0,0.0,nan,0,-88.75714940650269,-1.4886461692491942e-05,-6.444033690453605e-05,0.0,0.0,nan,0,-0.04000000382578078,51.29735223445401,1.6479830186190462e-15,-5.156709623729936e-05,2
9.035,4.0,1.9167602454245758,0.2553129317412628,0.0,0.0,nan,0,88.97350018714879,-1.916760245424576,-0.2553129317412601,0.0,0.0,nan,0,-89.01350128017496,-1.487165560373413e-05,7.182060049111724e-06,0.0,0.0,nan,0,-0.03999998125679055,51.24830223445403,1.6311076286447437e-15,7.352989793585804e-06,2
9.040000000000001,4.0,1.9180368100832812,0.25531293174127007,0.0,0.0,nan,0,89.22960681082105,-1.9180368100832814,-0.25531293174126735,0.0,0.0,nan,0,-89.26960790384723,-1.4893904115659273e-05,9.651543845492045e-06,0.0,0.0,nan,0,-0.0399999890986172,51.19925223445405,1.6062386328931402e-15,9.301980438201537e-06,2
9.045,4.0,1.9193133747419866,0.2553129317412555,0.0,0.0,nan,0,89.48546818449333,-1.9193133747419868,-0.2553129317412528,0.0,0.0,nan,0,-89.5254692775195,-1.491847884842537e-05,1.107366406329747e-05,0.0,0.0,nan,0,-0.03999999882576609,51.15020223445405,1.5849223508203371e-15,1.0667519048984015e-05,2
9.05,4.0,1.920589939400692,0.2553129317412628,0.0,0.0,nan,0,89.7410843081656,-1.9205899394006922,-0.2553129317412601,0.0,0.0,nan,0,-89.78108540119177,-1.4943691673444115e-05,8.012388182499461e-06,0.0,0.0,nan,0,-0.040000009392828176,51.10115223445405,1.5565006413899331e-15,8.877426391202392e-06,2
9.055,4.0,1.9218665040593974,0.2553129317412628,0.0,0.0,nan,0,89.99645518183787,-1.9218665040593976,-0.2553129317412601,0.0,0.0,nan,0,-90.03645627486405,-1.4963277676170034e-05,-8.921899298085886e-06,0.0,0.0,nan,0,-0.0400000161980351,51.05210223445405,1.5200853261822282e-15,-3.98614056281852e-06,2
9.06,4.0,1.9231430687181028,0.25531293174127734,0.0,0.0,nan,0,90.25158080551014,-1.923143068718103,-0.2553129317412746,0.0,0.0,nan,0,-90.29158189853632,-1.4958636858932589e-05,-6.444026366550048e-05,0.0,0.0,nan,0,-0.04000000382627734,51.00305223445407,1.4801172972957225e-15,-5.1566868405875415e-05,2
9.065,4.0,1.9244196333768082,0.2553129317412628,0.0,0.0,nan,0,90.50646117918241,-1.9244196333768084,-0.2553129317412601,0.0,0.0,nan,0,-90.54646227220859,-1.4943831167554822e-05,7.181973098415188e-06,0.0,0.0,nan,0,-0.03999998125738859,50.95400223445409,1.4197211647561135e-15,7.352961162321328e-06,2
9.07,4.0,1.9256961980355136,0.2553129317412846,0.0,0.0,nan,0,90.76109630285468,-1.9256961980355138,-0.2553129317412819,0.0,0.0,nan,0,-90.80109739588086,-1.4966079994419013e-05,9.651451976027429e-06,0.0,0.0,nan,0,-0.03999998909918456,50.904952234454086,1.3406732854028024e-15,9.301943349581359e-06,2
9.075000000000001,4.0,1.926972762694219,0.2553129317412846,0.0,0.0,nan,0,91.01548617652695,-1.9269727626942192,-0.2553129317412819,0.0,0.0,nan,0,-91.05548726955313,-1.4990655037284278e-05,1.1073568459531026e-05,0.0,0.0,nan,0,-0.03999999882629429,50.85590223445409,1.216328306644785e-15,1.0667474475039477e-05,2
9.08,4.0,1.9282493273529244,0.25531293174127734,0.0,0.0,nan,0,91.26963080019922,-1.9282493273529246,-0.2553129317412746,0.0,0.0,nan,0,-91.3096318932254,-1.5015868169928476e-05,8.012296761705955e-06,0.0,0.0,nan,0,-0.04000000939331139,50.806852234454105,1.083101543689766e-15,8.87738543469664e-06,2
9.085,4.0,1.9295258920116298,0.2553129317413064,0.0,0.0,nan,0,91.52353017387149,-1.92952589201163,-0.2553129317413037,0.0,0.0,nan,0,-91.56353126689767,-1.5035454489654293e-05,-8.921956783927854e-06,0.0,0.0,nan,0,-0.04000001619848491,50.75780223445413,9.276703202422443e-16,-3.986130742208422e-06,1
9.09,4.0,1.9308024566703352,0.2553129317413064,0.0,0.0,nan,0,91.77718429754377,-1.9308024566703355,-0.2553129317413037,0.0,0.0,nan,0,-91.81718539056995,-1.5030814040799256e-05,-6.444019040553835e-05,0.0,0.0,nan,0,-0.040000003826773954,50.70875223445415,7.038493584778126e-16,-5.1566640568371886e-05,1
9.095,4.0,1.9320790213290406,0.25531293174135006,0.0,0.0,nan,0,92.03059317121604,-1.9320790213290409,-0.25531293174134734,0.0,0.0,nan,0,-92.07059426424222,-1.5016008746759901e-05,7.181886157083069e-06,0.0,0.0,nan,0,-0.039999981257986705,50.65970223445416,4.311785836298741e-16,7.3529325327497286e-06,1
9.1,4.0,1.933355585987746,0.25531293174137915,0.0,0.0,nan,0,92.28375679488832,-1.9333555859877463,-0.2553129317413764,0.0,0.0,nan,0,-92.3237578879145,-1.503825788849722e-05,9.65136011594194e-06,0.0,0.0,nan,0,-0.039999989099752,50.61065223445415,1.6808456201479502e-15,9.301906258717648e-06,2
9.105,4.0,1.9346321506464514,0.2553129317413864,0.0,0.0,nan,0,92.53667516856059,-1.9346321506464517,-0.2553129317413837,0.0,0.0,nan,0,-92.57667626158677,-1.5062833241399204e-05,1.1073472864044328e-05,0.0,0.0,nan,0,-0.039999998826822536,50.56160223445414,1.671075657531249e-15,1.0667429910578916e-05,2
9.11,4.0,1.9359087153051568,0.2553129317413937,0.0,0.0,nan,0,92.78934829223286,-1.935908715305157,-0.25531293174139097,0.0,0.0,nan,0,-92.82934938525904,-1.5088046681606404e-05,8.012205349511865e-06,0.0,0.0,nan,0,-0.04000000939379467,50.51255223445415,1.6577529812357469e-15,8.877344462160176e-06,2
9.115,4.0,1.9371852799638622,0.25531293174140096,0.0,0.0,nan,0,93.04177616590513,-1.9371852799638625,-0.25531293174139824,0.0,0.0,nan,0,-93.08177725893131,-1.5107633318283548e-05,-8.922014258867347e-06,0.0,0.0,nan,0,-0.040000016198934805,50.46350223445417,1.637324877582644e-15,-3.986120926988664e-06,2
9.120000000000001,4.0,1.9384618446225677,0.25531293174140823,0.0,0.0,nan,0,93.2939587895774,-1.9384618446225679,-0.2553129317414055,0.0,0.0,nan,0,-93.33395988260358,-1.5102993237751938e-05,-6.444011712530778e-05,0.0,0.0,nan,0,-0.04000000382727063,50.414452234454174,1.6168967739295413e-15,-5.156641271113746e-05,2
9.125,4.0,1.939738409281273,0.2553129317414228,0.0,0.0,nan,0,93.54589616324967,-1.9397384092812733,-0.25531293174142006,0.0,0.0,nan,0,-93.58589725627584,-1.5088188340995484e-05,7.181799225738393e-06,0.0,0.0,nan,0,-0.03999998125858488,50.365402234454166,1.5982450271158387e-15,7.352903900622847e-06,2
9.13,4.0,1.9410149739399785,0.25531293174140823,0.0,0.0,nan,0,93.79758828692194,-1.9410149739399787,-0.2553129317414055,0.0,0.0,nan,0,-93.83758937994811,-1.5110437797557358e-05,9.651268264708993e-06,0.0,0.0,nan,0,-0.0399999891003195,50.316352234454165,1.564494247167234e-15,9.30186916399569e-06,2
9.135,4.0,1.9422915385986839,0.25531293174140096,0.0,0.0,nan,0,94.0490351605942,-1.942291538598684,-0.25531293174139824,0.0,0.0,nan,0,-94.08903625362038,-1.5135013460450958e-05,1.1073377277067582e-05,0.0,0.0,nan,0,-0.03999999882735086,50.26730223445419,1.5378488945762302e-15,1.0667385336669909e-05,2
9.14,4.0,1.9435681032573893,0.2553129317413937,0.0,0.0,nan,0,94.30023678426647,-1.9435681032573895,-0.25531293174139097,0.0,0.0,nan,0,-94.34023787729265,-1.516022720816912e-05,8.012113945697106e-06,0.0,0.0,nan,0,-0.040000009394277974,50.2182522344542,1.5040981146276254e-15,8.877303495435938e-06,2
9.145,4.0,1.9448446679160947,0.2553129317413864,0.0,0.0,nan,0,94.55119315793874,-1.944844667916095,-0.2553129317413837,0.0,0.0,nan,0,-94.59119425096492,-1.5179814161745547e-05,-8.922071723171441e-06,0.0,0.0,nan,0,-0.04000001619938472,50.169202234454204,1.4543601231244185e-15,-3.986111108678062e-06,2
9.15,4.0,1.9461212325748,0.2553129317413864,0.0,0.0,nan,0,94.80190428161102,-1.9461212325748003,-0.2553129317413837,0.0,0.0,nan,0,-94.8419053746372,-1.5175174449492262e-05,-6.44400438247851e-05,0.0,0.0,nan,0,-0.04000000382776737,50.12015223445421,1.3930758121651101e-15,-5.156618484934315e-05,2
9.155,4.0,1.9473977972335055,0.2553129317413937,0.0,0.0,nan,0,95.05237015528328,-1.9473977972335057,-0.25531293174139097,0.0,0.0,nan,0,-95.09237124830946,-1.5160369949973607e-05,7.181712303906466e-06,0.0,0.0,nan,0,-0.039999981259183116,50.07110223445421,1.3344560364649016e-15,7.3528752673155584e-06,2
9.16,4.0,1.9486743618922109,0.2553129317413864,0.0,0.0,nan,0,95.30259077895556,-1.948674361892211,-0.2553129317413837,0.0,0.0,nan,0,-95.34259187198174,-1.5182619721301055e-05,9.65117642274517e-06,0.0,0.0,nan,0,-0.039999989100887055,50.02205223445422,1.2243219124220858e-15,9.301832072340605e-06,2
9.165000000000001,4.0,1.9499509265509163,0.25531293174135006,0.0,0.0,nan,0,95.55256615262783,-1.9499509265509165,-0.25531293174134734,0.0,0.0,nan,0,-95.59256724565401,-1.5207195694120351e-05,1.107328169821794e-05,0.0,0.0,nan,0,-0.039999998827879246,49.97300223445422,1.129286821514172e-15,1.0667340756461049e-05,2
9.17,4.0,1.9512274912096217,0.25531293174132824,0.0,0.0,nan,0,95.8022962763001,-1.951227491209622,-0.2553129317413255,0.0,0.0,nan,0,-95.84229736932627,-1.5232409749300901e-05,8.012022550299312e-06,0.0,0.0,nan,0,-0.040000009394761386,49.92395223445422,9.436575317968458e-16,8.877262522985614e-06,1
9.175,4.0,1.952504055868327,0.25531293174132824,0.0,0.0,nan,0,96.05178114997237,-1.9525040558683273,-0.2553129317413255,0.0,0.0,nan,0,-96.09178224299855,-1.5251997019717634e-05,-8.922129176485066e-06,0.0,0.0,nan,0,-0.040000016199834745,49.87490223445422,6.878621469232098e-16,-3.986101292120719e-06,1
9.18,4.0,1.9537806205270325,0.25531293174132097,0.0,0.0,nan,0,96.30102077364464,-1.9537806205270327,-0.25531293174131825,0.0,0.0,nan,0,-96.34102186667081,-1.5247357675690631e-05,-6.44399705040762e-05,0.0,0.0,nan,0,-0.040000003828264165,49.82585223445423,4.302904052101736e-16,-5.156595696880471e-05,1
9.185,4.0,1.955057185185738,0.25531293174132097,0.0,0.0,nan,0,96.55001514731691,-1.9550571851857381,-0.25531293174131825,0.0,0.0,nan,0,-96.59001624034309,-1.5232553573364671e-05,7.181625392070946e-06,0.0,0.0,nan,0,-0.03999998125978141,49.776802234454244,1.68084562014795e-15,7.3528466329184835e-06,2
9.19,4.0,1.9563337498444433,0.2553129317413355,0.0,0.0,nan,0,96.79876427098918,-1.9563337498444435,-0.2553129317413328,0.0,0.0,nan,0,-96.83876536401536,-1.525480365941606e-05,9.651084589599786e-06,0.0,0.0,nan,0,-0.03999998910145468,49.72775223445424,1.6639702301736473e-15,9.30179497499852e-06,2
9.195,4.0,1.9576103145031487,0.25531293174135733,0.0,0.0,nan,0,97.04726814466146,-1.957610314503149,-0.2553129317413546,0.0,0.0,nan,0,-97.08726923768764,-1.527937994210901e-05,1.1073186128085291e-05,0.0,0.0,nan,0,-0.03999999882840767,49.678702234454235,1.6462066617796448e-15,1.0667296177878445e-05,2
9.200000000000001,4.0,1.958886879161854,0.25531293174135006,0.0,0.0,nan,0,97.29552676833373,-1.9588868791618543,-0.25531293174134734,0.0,0.0,nan,0,-97.3355278613599,-1.530459430469297e-05,8.011931163220328e-06,0.0,0.0,nan,0,-0.040000009395244826,49.62965223445422,1.6275549149659422e-15,8.877221548369024e-06,2
9.205,4.0,1.9601634438205595,0.2553129317413428,0.0,0.0,nan,0,97.54354014200601,-1.9601634438205597,-0.25531293174134007,0.0,0.0,nan,0,-97.58354123503219,-1.5324181891897964e-05,-8.922186619131737e-06,0.0,0.0,nan,0,-0.0400000162002848,49.58060223445421,1.598245027115838e-15,-3.9860914730862455e-06,2
9.21,4.0,1.961440008479265,0.2553129317413428,0.0,0.0,nan,0,97.79130826567828,-1.9614400084792651,-0.25531293174134007,0.0,0.0,nan,0,-97.83130935870446,-1.5319542916052142e-05,-6.443989716268103e-05,0.0,0.0,nan,0,-0.04000000382876101,49.5315522344542,1.557388819809632e-15,-5.1565729081511674e-05,2
9.215,4.0,1.9627165731379703,0.2553129317413355,0.0,0.0,nan,0,98.03883113935055,-1.9627165731379705,-0.2553129317413328,0.0,0.0,nan,0,-98.07883223237673,-1.5304739210870305e-05,7.181538489747157e-06,0.0,0.0,nan,0,-0.03999998126037976,49.48250223445421,1.5049862930473246e-15,7.352817998844705e-06,2
9.22,4.0,1.9639931377966757,0.25531293174135006,0.0,0.0,nan,0,98.28610876302282,-1.963993137796676,-0.25531293174134734,0.0,0.0,nan,0,-98.326109856049,-1.5326989611583186e-05,9.650992765517064e-06,0.0,0.0,nan,0,-0.03999998910202237,49.43345223445423,1.4552483015441174e-15,9.301757872572502e-06,2
9.225,4.0,1.9652697024553811,0.25531293174137915,0.0,0.0,nan,0,98.5331411366951,-1.9652697024553814,-0.2553129317413764,0.0,0.0,nan,0,-98.57314222972127,-1.535156620410122e-05,1.1073090566277992e-05,0.0,0.0,nan,0,-0.03999999882893619,49.38440223445422,1.3984048826833095e-15,1.066725160573958e-05,2
9.23,4.0,1.9665462671140865,0.2553129317413646,0.0,0.0,nan,0,98.77992826036736,-1.9665462671140868,-0.2553129317413619,0.0,0.0,nan,0,-98.81992935339353,-1.5376780874033075e-05,8.011839784697126e-06,0.0,0.0,nan,0,-0.04000000939572833,49.33535223445422,1.3175806464905981e-15,8.877180575476396e-06,2
9.235,4.0,1.967822831772792,0.2553129317413864,0.0,0.0,nan,0,99.02647013403963,-1.9678228317727922,-0.2553129317413837,0.0,0.0,nan,0,-99.0664712270658,-1.539636877796388e-05,-8.922244051099447e-06,0.0,0.0,nan,0,-0.0400000162007349,49.286302234454226,1.2154401282250837e-15,-3.986081656064377e-06,2
9.24,4.0,1.9690993964314973,0.25531293174137915,0.0,0.0,nan,0,99.27276675771189,-1.9690993964314976,-0.2553129317413764,0.0,0.0,nan,0,-99.31276785073807,-1.5391730170247198e-05,-6.443982380058474e-05,0.0,0.0,nan,0,-0.040000003829257925,49.23725223445424,1.0289226600880575e-15,-5.156550118464318e-05,2
9.245000000000001,4.0,1.9703759610902027,0.2553129317413719,0.0,0.0,nan,0,99.51881813138417,-1.970375961090203,-0.25531293174136915,0.0,0.0,nan,0,-99.55881922441034,-1.537692686216091e-05,7.181451597224621e-06,0.0,0.0,nan,0,-0.0399999812609782,49.18820223445425,8.797086855784366e-16,7.352789359691436e-06,1
9.25,4.0,1.9716525257489081,0.2553129317413719,0.0,0.0,nan,0,99.76462425505643,-1.9716525257489084,-0.25531293174136915,0.0,0.0,nan,0,-99.80462534808261,-1.5399177577483242e-05,9.650900950673821e-06,0.0,0.0,nan,0,-0.03999998910259009,49.139152234454265,6.718749353686076e-16,9.301720775757992e-06,1
9.255,4.0,1.9729290904076136,0.2553129317413719,0.0,0.0,nan,0,100.01018512872871,-1.9729290904076138,-0.25531293174136915,0.0,0.0,nan,0,-100.05018622175488,-1.5423754479767376e-05,1.107299501290116e-05,0.0,0.0,nan,0,-0.03999999882946473,49.09010223445428,3.032808911930557e-16,1.0667207017385235e-05,1
9.26,4.0,1.974205655066319,0.25531293174135733,0.0,0.0,nan,0,100.25550075240098,-1.9742056550663192,-0.2553129317413546,0.0,0.0,nan,0,-100.29550184542715,-1.5448969456991618e-05,8.011748414426724e-06,0.0,0.0,nan,0,-0.0400000093962119,49.0410522344543,1.673740192790349e-15,8.877139594866379e-06,2
9.265,4.0,1.9754822197250244,0.25531293174132097,0.0,0.0,nan,0,100.50057112607325,-1.9754822197250246,-0.25531293174131825,0.0,0.0,nan,0,-100.54057221909943,-1.5468557677599665e-05,-8.922301472314239e-06,0.0,0.0,nan,0,-0.04000001620118508,48.992002234454326,1.6657465870130481e-15,-3.9860718374002765e-06,2
9.27,4.0,1.9767587843837298,0.25531293174132097,0.0,0.0,nan,0,100.74539624974553,-1.97675878438373,-0.25531293174131825,0.0,0.0,nan,0,-100.7853973427717,-1.5463919437960078e-05,-6.443975041839001e-05,0.0,0.0,nan,0,-0.04000000382975491,48.94295223445434,1.6515357322978461e-15,-5.15652732765499e-05,2
9.275,4.0,1.9780353490424352,0.25531293174129915,0.0,0.0,nan,0,100.98997612341779,-1.9780353490424354,-0.25531293174129643,0.0,0.0,nan,0,-101.02997721644397,-1.544911652692424e-05,7.181364714601176e-06,0.0,0.0,nan,0,-0.0399999812615767,48.89390223445433,1.637324877582644e-15,7.352760720122492e-06,2
9.28,4.0,1.9793119137011406,0.25531293174132097,0.0,0.0,nan,0,101.23431074709006,-1.9793119137011408,-0.25531293174131825,0.0,0.0,nan,0,-101.27431184011624,-1.5471367556803978e-05,9.650809144641247e-06,0.0,0.0,nan,0,-0.039999989103157926,48.84485223445433,1.614232238670441e-15,9.30168367550179e-06,2
9.285,4.0,1.980588478359846,0.2553129317413355,0.0,0.0,nan,0,101.47840012076233,-1.9805884783598462,-0.2553129317413328,0.0,0.0,nan,0,-101.51840121378851,-1.5495944768802172e-05,1.1072899467644665e-05,0.0,0.0,nan,0,-0.03999999882999336,48.79580223445435,1.5902514213385375e-15,1.0667162441103904e-05,2
9.290000000000001,4.0,1.9818650430185514,0.25531293174132097,0.0,0.0,nan,0,101.7222442444346,-1.9818650430185516,-0.25531293174131825,0.0,0.0,nan,0,-101.76224533746078,-1.552116005325982e-05,8.011657052609163e-06,0.0,0.0,nan,0,-0.040000009396695506,48.74675223445435,1.553836106130832e-15,8.877098617526636e-06,2
9.295,4.0,1.9831416076772568,0.25531293174132824,0.0,0.0,nan,0,101.96584311810687,-1.983141607677257,-0.2553129317413255,0.0,0.0,nan,0,-102.00584421113305,-1.5540748590493064e-05,-8.922358882595893e-06,0.0,0.0,nan,0,-0.040000016201635284,48.69770223445435,1.5200853261822274e-15,-3.98606201972116e-06,2
9.3,4.0,1.9844181723359622,0.25531293174132097,0.0,0.0,nan,0,102.20919674177915,-1.9844181723359624,-0.25531293174131825,0.0,0.0,nan,0,-102.24919783480533,-1.5536110718878532e-05,-6.443967701558305e-05,0.0,0.0,nan,0,-0.04000000383025193,48.64865223445437,1.4747882267775213e-15,-5.1565045352592855e-05,2
9.305,4.0,1.9856947369946676,0.2553129317413428,0.0,0.0,nan,0,102.45230511545142,-1.9856947369946678,-0.25531293174134007,0.0,0.0,nan,0,-102.4923062084776,-1.55213082048411e-05,7.181277841433142e-06,0.0,0.0,nan,0,-0.03999998126217526,48.59960223445437,1.431267484212215e-15,7.352732075235147e-06,2
9.31,4.0,1.986971301653373,0.2553129317413355,0.0,0.0,nan,0,102.6951682391237,-1.9869713016533732,-0.2553129317413328,0.0,0.0,nan,0,-102.73516933214988,-1.5543559549222735e-05,9.650717347953959e-06,0.0,0.0,nan,0,-0.03999998910372579,48.55055223445438,1.340673285402802e-15,9.301646570524037e-06,2
9.315,4.0,1.9882478663120784,0.25531293174135733,0.0,0.0,nan,0,102.93778611279598,-1.9882478663120786,-0.2553129317413546,0.0,0.0,nan,0,-102.97778720582215,-1.5568137070882948e-05,1.1072803931086207e-05,0.0,0.0,nan,0,-0.03999999883052205,48.501502234454385,1.2713953686661924e-15,1.06671178563307e-05,2
9.32,4.0,1.9895244309707838,0.25531293174135006,0.0,0.0,nan,0,103.18015873646824,-1.989524430970784,-0.25531293174134734,0.0,0.0,nan,0,-103.22015982949442,-1.5593352662528898e-05,8.011565699295528e-06,0.0,0.0,nan,0,-0.04000000939717918,48.4524522344544,1.1372804272914732e-15,8.877057636953036e-06,2
9.325000000000001,4.0,1.9908009956294892,0.2553129317413355,0.0,0.0,nan,0,103.42228611014052,-1.9908009956294894,-0.2553129317413328,0.0,0.0,nan,0,-103.4622872031667,-1.561294151632836e-05,-8.922416282118172e-06,0.0,0.0,nan,0,-0.040000016202085556,48.403402234454404,1.0351399090259586e-15,-3.986052198913878e-06,2
9.33,4.0,1.9920775602881946,0.2553129317413355,0.0,0.0,nan,0,103.66416823381279,-1.9920775602881948,-0.2553129317413328,0.0,0.0,nan,0,-103.70416932683897,-1.560830401269031e-05,-6.443960359225591e-05,0.0,0.0,nan,0,-0.040000003830749004,48.354352234454424,6.887503253429099e-16,-5.1564817421669824e-05,1
9.335,4.0,1.9933541249469,0.25531293174132097,0.0,0.0,nan,0,103.90580510748507,-1.9933541249469002,-0.25531293174131825,0.0,0.0,nan,0,-103.94580620051124,-1.5593501895595774e-05,7.181190978165712e-06,0.0,0.0,nan,0,-0.039999981262773876,48.30530223445441,3.672297374114645e-16,7.352703436419389e-06,1
9.34,4.0,1.9946306896056054,0.25531293174129915,0.0,0.0,nan,0,104.14719673115734,-1.9946306896056056,-0.25531293174129643,0.0,0.0,nan,0,-104.18719782418351,-1.5615753554430734e-05,9.650625560065858e-06,0.0,0.0,nan,0,-0.03999998910429372,48.256252234454415,1.676404728049449e-15,9.301609467952356e-06,2
9.345,4.0,1.9959072542643108,0.25531293174129915,0.0,0.0,nan,0,104.3883431048296,-1.995907254264311,-0.25531293174129643,0.0,0.0,nan,0,-104.42834419785578,-1.5640331385697454e-05,1.1072708402980624e-05,0.0,0.0,nan,0,-0.03999999883105077,48.20720223445443,1.6648584085933473e-15,1.0667073269393004e-05,2
9.35,4.0,1.9971838189230162,0.2553129317413064,0.0,0.0,nan,0,104.62924422850188,-1.9971838189230164,-0.2553129317413037,0.0,0.0,nan,0,-104.66924532152805,-1.5665547284472725e-05,8.011474354273661e-06,0.0,0.0,nan,0,-0.040000009397662906,48.15815223445442,1.6435421265205445e-15,8.877016646492232e-06,2
9.355,4.0,1.9984603835817216,0.25531293174132097,0.0,0.0,nan,0,104.86990010217414,-1.9984603835817218,-0.25531293174131825,0.0,0.0,nan,0,-104.90990119520032,-1.5685136454793303e-05,-8.922473671002256e-06,0.0,0.0,nan,0,-0.040000016202535904,48.10910223445445,1.6284430933856424e-15,-3.986042383520937e-06,2
9.36,4.0,1.999736948240427,0.25531293174132097,0.0,0.0,nan,0,105.11031072584642,-1.9997369482404272,-0.25531293174131825,0.0,0.0,nan,0,-105.1503118188726,-1.5680499319076224e-05,-6.443953014867317e-05,0.0,0.0,nan,0,-0.040000003831246175,48.060052234454446,1.596468670276438e-15,-5.156458947762131e-05,2
9.365,4.0,2.0010135128991324,0.25531293174129915,0.0,0.0,nan,0,105.35047609951869,-2.001013512899133,-0.25531293174129643,0.0,0.0,nan,0,-105.39047719254486,-1.5665697598893358e-05,7.1811041248667306e-06,0.0,0.0,nan,0,-0.03999998126337256,48.01100223445445,1.5680469608460343e-15,7.352674797820332e-06,2
9.370000000000001,4.0,2.002290077557838,0.25531293174129915,0.0,0.0,nan,0,105.59039622319096,-2.0022900775578383,-0.25531293174129643,0.0,0.0,nan,0,-105.63039731621714,-1.5687949572119192e-05,9.650533781539483e-06,0.0,0.0,nan,0,-0.03999998910486169,47.96195223445446,1.5183089693428274e-15,9.301572361228435e-06,2
9.375,4.0,2.0035666422165432,0.2553129317413064,0.0,0.0,nan,0,105.83007109686324,-2.0035666422165437,-0.2553129317413037,0.0,0.0,nan,0,-105.87007218988941,-1.571252771292997e-05,1.1072612883156952e-05,0.0,0.0,nan,0,-0.03999999883157956,47.91290223445446,1.4810054757154221e-15,1.0667028676929939e-05,2
9.38,4.0,2.0048432068752486,0.2553129317413137,0.0,0.0,nan,0,106.0695007205355,-2.004843206875249,-0.255312931741311,0.0,0.0,nan,0,-106.10950181356168,-1.5737743918768643e-05,8.011383017506475e-06,0.0,0.0,nan,0,-0.04000000939814671,47.863852234454455,1.4286029489531148e-15,8.876975657915244e-06,2
9.385,4.0,2.006119771533954,0.25531293174132097,0.0,0.0,nan,0,106.30868509420777,-2.0061197715339545,-0.25531293174131825,0.0,0.0,nan,0,-106.34868618723395,-1.5757333405547885e-05,-8.922531048870048e-06,0.0,0.0,nan,0,-0.04000001620298631,47.814802234454454,1.3664304595741057e-15,-3.986032563739516e-06,2
9.39,4.0,2.0073963361926594,0.2553129317413137,0.0,0.0,nan,0,106.54762421788004,-2.00739633619266,-0.255312931741311,0.0,0.0,nan,0,-106.58762531090622,-1.5752696637703206e-05,-6.443945668451941e-05,0.0,0.0,nan,0,-0.04000000383174339,47.76575223445447,1.262513584469191e-15,-5.156436152558007e-05,2
9.395,4.0,2.008672900851365,0.2553129317413428,0.0,0.0,nan,0,106.78631809155232,-2.0086729008513653,-0.25531293174134007,0.0,0.0,nan,0,-106.8263191845785,-1.57378953143765e-05,7.181017280973437e-06,0.0,0.0,nan,0,-0.03999998126397132,47.71670223445449,1.151491282006675e-15,7.3526461530386685e-06,2
9.4,4.0,2.0099494655100703,0.25531293174135733,0.0,0.0,nan,0,107.02476671522459,-2.0099494655100707,-0.2553129317413546,0.0,0.0,nan,0,-107.06476780825076,-1.5760147601941166e-05,9.650442011813053e-06,0.0,0.0,nan,0,-0.039999989105429776,47.667652234454486,1.0191526974713564e-15,9.30153525299106e-06,2
9.405,4.0,2.0112260301687757,0.2553129317413719,0.0,0.0,nan,0,107.26297008889686,-2.011226030168776,-0.25531293174136915,0.0,0.0,nan,0,-107.30297118192304,-1.5784726052250897e-05,1.1072517371644617e-05,0.0,0.0,nan,0,-0.03999999883210845,47.61860223445449,8.148716609403279e-16,1.0666984088878462e-05,1
9.41,4.0,2.012502594827481,0.25531293174135733,0.0,0.0,nan,0,107.50092821256914,-2.0125025948274815,-0.2553129317413546,0.0,0.0,nan,0,-107.54092930559531,-1.580994256511481e-05,8.011291689539767e-06,0.0,0.0,nan,0,-0.040000009398630555,47.56955223445449,5.590762760666918e-16,8.876934679364911e-06,1
9.415000000000001,4.0,2.0137791594861865,0.2553129317413428,0.0,0.0,nan,0,107.73864108624142,-2.013779159486187,-0.25531293174134007,0.0,0.0,nan,0,-107.77864217926759,-1.5829532368297206e-05,-8.922588416018325e-06,0.0,0.0,nan,0,-0.040000016203436725,47.52050223445451,2.7130646808385115e-16,-3.986022746762955e-06,1
9.42,4.0,2.015055724144892,0.2553129317413355,0.0,0.0,nan,0,107.97610870991369,-2.0150557241448923,-0.2553129317413328,0.0,0.0,nan,0,-108.01610980293987,-1.5824895968279823e-05,-6.443938320001181e-05,0.0,0.0,nan,0,-0.040000003832240644,47.47145223445452,1.6737401927903492e-15,-5.156413356098887e-05,2
9.425,4.0,2.0163322888035973,0.2553129317413428,0.0,0.0,nan,0,108.21333108358596,-2.0163322888035977,-0.25531293174134007,0.0,0.0,nan,0,-108.25333217661213,-1.5810095041753763e-05,7.1809304470404155e-06,0.0,0.0,nan,0,-0.03999998126457012,47.42240223445452,1.6648584085933479e-15,7.352617511259938e-06,2
9.43,4.0,2.0176088534623027,0.25531293174135006,0.0,0.0,nan,0,108.45030820725823,-2.017608853462303,-0.25531293174134734,0.0,0.0,nan,0,-108.49030930028441,-1.583234764361563e-05,9.650350251164915e-06,0.0,0.0,nan,0,-0.03999998910599788,47.373352234454536,1.651535732297846e-15,9.301498137540783e-06,2
9.435,4.0,2.018885418121008,0.2553129317413428,0.0,0.0,nan,0,108.6870400809305,-2.0188854181210085,-0.25531293174134007,0.0,0.0,nan,0,-108.72704117395668,-1.5856926403372273e-05,1.1072421868845641e-05,0.0,0.0,nan,0,-0.03999999883263736,47.32430223445455,1.629331271805343e-15,1.0666939490762144e-05,2
9.44,4.0,2.0201619827797135,0.2553129317413428,0.0,0.0,nan,0,108.92352670460278,-2.020161982779714,-0.25531293174134007,0.0,0.0,nan,0,-108.96352779762896,-1.5882143223195505e-05,8.011200369583335e-06,0.0,0.0,nan,0,-0.04000000939911447,47.27525223445458,1.60801498973254e-15,8.876893686712967e-06,2
9.445,4.0,2.021438547438419,0.2553129317413428,0.0,0.0,nan,0,109.15976807827505,-2.0214385474384193,-0.25531293174134007,0.0,0.0,nan,0,-109.19976917130123,-1.5901733342729013e-05,-8.922645772412387e-06,0.0,0.0,nan,0,-0.04000001620388724,47.226202234454576,1.575152388203635e-15,-3.986012920724307e-06,2
9.450000000000001,4.0,2.0227151120971243,0.2553129317413646,0.0,0.0,nan,0,109.39576420194733,-2.0227151120971247,-0.2553129317413619,0.0,0.0,nan,0,-109.4357652949735,-1.5897097310479946e-05,-6.44393096948764e-05,0.0,0.0,nan,0,-0.040000003832737954,47.17715223445458,1.5493952140323315e-15,-5.1563905589731e-05,2
9.455,4.0,2.0239916767558297,0.2553129317413428,0.0,0.0,nan,0,109.6315150756196,-2.02399167675583,-0.25531293174134007,0.0,0.0,nan,0,-109.67151616864578,-1.588229678071637e-05,7.180843622819604e-06,0.0,0.0,nan,0,-0.039999981265169016,47.12810223445459,1.5263025751201282e-15,7.352588862356244e-06,2
9.46,4.0,2.025268241414535,0.25531293174135006,0.0,0.0,nan,0,109.86702069929187,-2.0252682414145355,-0.25531293174134734,0.0,0.0,nan,0,-109.90702179231805,-1.5904549696809517e-05,9.650258499759686e-06,0.0,0.0,nan,0,-0.039999989106566075,47.0790522344546,1.4881109030730227e-15,9.301461031688169e-06,2
9.465,4.0,2.0265448060732405,0.25531293174135006,0.0,0.0,nan,0,110.10228107296415,-2.026544806073241,-0.25531293174134734,0.0,0.0,nan,0,-110.14228216599032,-1.5929128765954093e-05,1.107232637444644e-05,0.0,0.0,nan,0,-0.03999999883316635,47.0300022344546,1.4312674842122147e-15,1.0666894896632865e-05,2
9.47,4.0,2.027821370731946,0.25531293174135733,0.0,0.0,nan,0,110.33729619663642,-2.0278213707319463,-0.2553129317413546,0.0,0.0,nan,0,-110.3772972896626,-1.59543458926846e-05,8.01110905838204e-06,0.0,0.0,nan,0,-0.04000000939959845,46.980952234454634,1.3415614638225022e-15,8.876852695800075e-06,2
9.475,4.0,2.0290979353906513,0.25531293174135006,0.0,0.0,nan,0,110.5720660703087,-2.0290979353906518,-0.25531293174134734,0.0,0.0,nan,0,-110.61206716333487,-1.597393632851718e-05,-8.922703118109934e-06,0.0,0.0,nan,0,-0.04000001620433781,46.93190223445465,1.2474145513342889e-15,-3.9860031016845125e-06,2
9.48,4.0,2.0303745000493567,0.25531293174135006,0.0,0.0,nan,0,110.80659069398097,-2.030374500049357,-0.25531293174134734,0.0,0.0,nan,0,-110.84659178700714,-1.5969300663987857e-05,-6.44392361692004e-05,0.0,0.0,nan,0,-0.040000003833235334,46.88285223445466,1.1683666719809775e-15,-5.156367759352599e-05,2
9.485,4.0,2.031651064708062,0.2553129317413355,0.0,0.0,nan,0,111.04087006765323,-2.0316510647080626,-0.2553129317413328,0.0,0.0,nan,0,-111.08087116067941,-1.5954500530931254e-05,7.18075680857826e-06,0.0,0.0,nan,0,-0.03999998126576792,46.83380223445467,1.0600089047775622e-15,7.35256021576091e-06,2
9.49,4.0,2.0329276293667675,0.2553129317413428,0.0,0.0,nan,0,111.2749041913255,-2.032927629366768,-0.25531293174134007,0.0,0.0,nan,0,-111.31490528435168,-1.5976753761203638e-05,9.650166757335345e-06,0.0,0.0,nan,0,-0.039999989107134315,46.78475223445469,9.276703202422435e-16,9.30142391421195e-06,1
9.495000000000001,4.0,2.034204194025473,0.25531293174135733,0.0,0.0,nan,0,111.50869306499777,-2.0342041940254734,-0.2553129317413546,0.0,0.0,nan,0,-111.54869415802395,-1.6001333139673696e-05,1.1072230888358593e-05,0.0,0.0,nan,0,-0.03999999883369539,46.73570223445471,7.837854162508233e-16,1.0666850297188714e-05,1
9.5,4.0,2.0354807586841783,0.2553129317413719,0.0,0.0,nan,0,111.74223668867005,-2.0354807586841788,-0.25531293174136915,0.0,0.0,nan,0,-111.78223778169622,-1.602655057326291e-05,8.011017755396881e-06,0.0,0.0,nan,0,-0.040000009400082484,46.68665223445472,5.111146414028847e-16,8.876811699765054e-06,1
9.505,4.0,2.0367573233428837,0.2553129317413864,0.0,0.0,nan,0,111.97553506234232,-2.036757323342884,-0.2553129317413837,0.0,0.0,nan,0,-112.0155361553685,-1.6046141325339047e-05,-8.922760452925133e-06,0.0,0.0,nan,0,-0.04000001620478843,46.63760223445473,1.6826219769873498e-15,-3.985993281491864e-06,2
9.51,4.0,2.038033888001589,0.2553129317413719,0.0,0.0,nan,0,112.2085881860146,-2.0380338880015896,-0.25531293174136915,0.0,0.0,nan,0,-112.24858927904077,-1.6041506028480895e-05,-6.443916262330963e-05,0.0,0.0,nan,0,-0.04000000383373278,46.58855223445473,1.6701874791115485e-15,-5.15634495968902e-05,2
9.515,4.0,2.0393104526602945,0.2553129317413646,0.0,0.0,nan,0,112.44139605968687,-2.039310452660295,-0.2553129317413619,0.0,0.0,nan,0,-112.48139715271304,-1.602670629209657e-05,7.1806700039282976e-06,0.0,0.0,nan,0,-0.03999998126636693,46.53950223445472,1.6506475538781459e-15,7.352531566314533e-06,2
9.52,4.0,2.040587017319,0.25531293174137915,0.0,0.0,nan,0,112.67395868335915,-2.0405870173190004,-0.2553129317413764,0.0,0.0,nan,0,-112.71395977638532,-1.604895983649615e-05,9.650075023994903e-06,0.0,0.0,nan,0,-0.039999989107702597,46.49045223445472,1.6355485207432436e-15,9.301386803478796e-06,2
9.525,4.0,2.0418635819777053,0.25531293174140823,0.0,0.0,nan,0,112.90627605703142,-2.041863581977706,-0.2553129317414055,0.0,0.0,nan,0,-112.9462771500576,-1.607353952424312e-05,1.1072135410860549e-05,0.0,0.0,nan,0,-0.03999999883422447,46.44140223445473,1.616896773929541e-15,1.0666805699148787e-05,2
9.53,4.0,2.0431401466364107,0.25531293174137915,0.0,0.0,nan,0,113.13834818070369,-2.043140146636411,-0.2553129317413764,0.0,0.0,nan,0,-113.17834927372986,-1.6098757264628588e-05,8.010926460760905e-06,0.0,0.0,nan,0,-0.04000000940056657,46.39235223445474,1.5875868860794366e-15,8.876770701209389e-06,2
9.535,4.0,2.044416711295116,0.2553129317413646,0.0,0.0,nan,0,113.37017505437596,-2.0444167112951166,-0.2553129317413619,0.0,0.0,nan,0,-113.41017614740214,-1.6118348332885835e-05,-8.922817776657852e-06,0.0,0.0,nan,0,-0.04000001620523912,46.34330223445475,1.560941533488433e-15,-3.985983461070059e-06,2
9.540000000000001,4.0,2.0456932759538216,0.2553129317413719,0.0,0.0,nan,0,113.60175667804823,-2.045693275953822,-0.25531293174136915,0.0,0.0,nan,0,-113.64175777107441,-1.6113713403636404e-05,-6.443908905668562e-05,0.0,0.0,nan,0,-0.040000003834230295,46.29425223445477,1.5476188571929313e-15,-5.15632215859201e-05,2
9.545,4.0,2.046969840612527,0.25531293174140823,0.0,0.0,nan,0,113.83309305172051,-2.0469698406125274,-0.2553129317414055,0.0,0.0,nan,0,-113.87309414474669,-1.6098914063861908e-05,7.1805832090097806e-06,0.0,0.0,nan,0,-0.03999998126696601,46.245202234454766,1.501433579368525e-15,7.352502915106903e-06,2
9.55,4.0,2.0482464052712324,0.25531293174140096,0.0,0.0,nan,0,114.06418417539278,-2.048246405271233,-0.25531293174139824,0.0,0.0,nan,0,-114.10418526841896,-1.6121167922333174e-05,9.649983299665553e-06,0.0,0.0,nan,0,-0.03999998910827099,46.196152234454765,1.4312674842122148e-15,9.30134968781003e-06,2
9.555,4.0,2.0495229699299378,0.2553129317414228,0.0,0.0,nan,0,114.29503004906506,-2.049522969929938,-0.25531293174142006,0.0,0.0,nan,0,-114.33503114209124,-1.614574791930848e-05,1.1072039941763897e-05,0.0,0.0,nan,0,-0.03999999883475365,46.147102234454785,1.381529492709008e-15,1.0666761094507914e-05,2
9.56,4.0,2.050799534588643,0.2553129317414373,0.0,0.0,nan,0,114.52563067273734,-2.0507995345886436,-0.2553129317414346,0.0,0.0,nan,0,-114.56563176576351,-1.617096596643816e-05,8.010835174744688e-06,0.0,0.0,nan,0,-0.0400000094010507,46.0980522344548,1.340673285402802e-15,8.876729705148622e-06,2
9.565,4.0,2.0520760992473486,0.25531293174143005,0.0,0.0,nan,0,114.75598604640962,-2.052076099247349,-0.25531293174142733,0.0,0.0,nan,0,-114.7959871394358,-1.6190557350831414e-05,-8.922875090059345e-06,0.0,0.0,nan,0,-0.04000001620568984,46.04900223445478,1.2944880075783956e-15,-3.985973641080786e-06,2
9.57,4.0,2.053352663906054,0.25531293174145187,0.0,0.0,nan,0,114.9860961700819,-2.0533526639060544,-0.25531293174144915,0.0,0.0,nan,0,-115.02609726310807,-1.618592278915601e-05,-6.443901546978613e-05,0.0,0.0,nan,0,-0.04000000383472785,45.99995223445479,1.1932356677325815e-15,-5.1562993564502345e-05,2
9.575000000000001,4.0,2.0546292285647594,0.2553129317414737,0.0,0.0,nan,0,115.21596104375416,-2.05462922856476,-0.25531293174147096,0.0,0.0,nan,0,-115.25596213678034,-1.6171123845953178e-05,7.1804964239811246e-06,0.0,0.0,nan,0,-0.03999998126756514,45.95090223445478,1.036028087445659e-15,7.352474264660453e-06,2
9.58,4.0,2.055905793223465,0.25531293174145187,0.0,0.0,nan,0,115.44558066742644,-2.0559057932234652,-0.25531293174144915,0.0,0.0,nan,0,-115.48558176045262,-1.6193378018447557e-05,9.64989158455812e-06,0.0,0.0,nan,0,-0.03999998910883941,45.901852234454786,8.637214740238348e-16,9.301312569620627e-06,1
9.585,4.0,2.05718235788217,0.25531293174145914,0.0,0.0,nan,0,115.67495504109871,-2.0571823578821706,-0.2553129317414564,0.0,0.0,nan,0,-115.71495613412489,-1.621795832458528e-05,1.1071944480906912e-05,0.0,0.0,nan,0,-0.03999999883528287,45.85280223445478,6.23025122285101e-16,1.0666716490396402e-05,1
9.59,4.0,2.0584589225408756,0.2553129317414446,0.0,0.0,nan,0,115.90408416477098,-2.058458922540876,-0.2553129317414419,0.0,0.0,nan,0,-115.94408525779716,-1.6243176678393256e-05,8.010743897110945e-06,0.0,0.0,nan,0,-0.040000009401534906,45.80375223445478,3.663415589917646e-16,8.876688704545713e-06,1
9.595,4.0,2.059735487199581,0.25531293174145914,0.0,0.0,nan,0,116.13296803844325,-2.0597354871995814,-0.2553129317414564,0.0,0.0,nan,0,-116.17296913146943,-1.6262768378867004e-05,-8.922932392277709e-06,0.0,0.0,nan,0,-0.04000001620614062,45.75470223445477,1.674628371210049e-15,-3.985963819178383e-06,2
9.6,4.0,2.0610120518582864,0.25531293174145914,0.0,0.0,nan,0,116.36160666211552,-2.061012051858287,-0.2553129317414564,0.0,0.0,nan,0,-116.4016077551417,-1.6258134184706646e-05,-6.443894186214696e-05,0.0,0.0,nan,0,-0.040000003835225464,45.705652234454774,1.6692993006918482e-15,-5.1562765530606576e-05,2
9.605,4.0,2.062288616516992,0.25531293174145914,0.0,0.0,nan,0,116.5900000357878,-2.0622886165169922,-0.2553129317414564,0.0,0.0,nan,0,-116.63000112881397,-1.6243335638019968e-05,7.1804096485615e-06,0.0,0.0,nan,0,-0.039999981268164314,45.65660223445477,1.6577529812357465e-15,7.352445612668561e-06,2
9.61,4.0,2.063565181175697,0.2553129317414446,0.0,0.0,nan,0,116.81814815946007,-2.0635651811756976,-0.2553129317414419,0.0,0.0,nan,0,-116.85814925248624,-1.626559012447501e-05,9.649799878544683e-06,0.0,0.0,nan,0,-0.03999998910940788,45.60755223445478,1.6497593754584453e-15,9.30127544850378e-06,2
9.615,4.0,2.0648417458344026,0.2553129317414373,0.0,0.0,nan,0,117.04605103313234,-2.064841745834403,-0.2553129317414346,0.0,0.0,nan,0,-117.08605212615852,-1.6290170739733517e-05,1.1071849028675401e-05,0.0,0.0,nan,0,-0.03999999883581214,45.5585022344548,1.6284430933856426e-15,1.0666671882409768e-05,2
9.620000000000001,4.0,2.066118310493108,0.2553129317414446,0.0,0.0,nan,0,117.27370865680462,-2.0661183104931085,-0.2553129317414419,0.0,0.0,nan,0,-117.31370974983079,-1.6315389400181624e-05,8.010652627941948e-06,0.0,0.0,nan,0,-0.04000000940201914,45.50945223445479,1.5955804918567383e-15,8.876647703799809e-06,2
9.625,4.0,2.0673948751518134,0.25531293174148095,0.0,0.0,nan,0,117.5011210304769,-2.067394875151814,-0.25531293174147823,0.0,0.0,nan,0,-117.54112212350307,-1.6334981416669947e-05,-8.922989683897851e-06,0.0,0.0,nan,0,-0.040000016206591466,45.46040223445481,1.5662706040066342e-15,-3.9859540020374976e-06,2
9.63,4.0,2.068671439810519,0.2553129317414664,0.0,0.0,nan,0,117.72828815414917,-2.0686714398105193,-0.2553129317414637,0.0,0.0,nan,0,-117.76828924717535,-1.6330347589979533e-05,-6.44388682340228e-05,0.0,0.0,nan,0,-0.04000000383572315,45.41135223445482,1.5200853261822278e-15,-5.156253748913109e-05,2
9.635,4.0,2.0699480044692242,0.25531293174145914,0.0,0.0,nan,0,117.95521002782144,-2.0699480044692247,-0.2553129317414564,0.0,0.0,nan,0,-117.99521112084761,-1.6315549439756966e-05,7.180322883137344e-06,0.0,0.0,nan,0,-0.0399999812687636,45.36230223445483,1.5040981146276258e-15,7.352416957731477e-06,2
9.64,4.0,2.0712245691279296,0.25531293174145187,0.0,0.0,nan,0,118.18188665149371,-2.07122456912793,-0.25531293174144915,0.0,0.0,nan,0,-118.22188774451989,-1.633780424012063e-05,9.649708181651063e-06,0.0,0.0,nan,0,-0.039999989109976465,45.313252234454836,1.449919231025918e-15,9.301238326934854e-06,2
9.645,4.0,2.072501133786635,0.25531293174145914,0.0,0.0,nan,0,118.40831802516598,-2.0725011337866355,-0.2553129317414564,0.0,0.0,nan,0,-118.44831911819216,-1.6362385164430532e-05,1.1071753584793704e-05,0.0,0.0,nan,0,-0.03999999883634151,45.26420223445484,1.3779767790302079e-15,1.0666627274743764e-05,2
9.65,4.0,2.0737776984453404,0.2553129317414882,0.0,0.0,nan,0,118.63450414883826,-2.073777698445341,-0.2553129317414855,0.0,0.0,nan,0,-118.67450524186444,-1.6387604131456318e-05,8.010561367269807e-06,0.0,0.0,nan,0,-0.04000000940250349,45.21515223445488,1.3086988622935979e-15,8.87660669927292e-06,2
9.655,4.0,2.075054263104046,0.25531293174148095,0.0,0.0,nan,0,118.86044502251053,-2.0750542631040463,-0.25531293174147823,0.0,0.0,nan,0,-118.90044611553671,-1.6407196463914114e-05,-8.923046964507549e-06,0.0,0.0,nan,0,-0.04000001620704238,45.166102234454904,1.1621494230430772e-15,-3.985944176402971e-06,2
9.66,4.0,2.0763308277627512,0.2553129317414664,0.0,0.0,nan,0,119.08614064618281,-2.0763308277627517,-0.2553129317414637,0.0,0.0,nan,0,-119.12614173920899,-1.6402563004638132e-05,-6.443879458548777e-05,0.0,0.0,nan,0,-0.040000003836220877,45.11705223445492,1.0289226600880585e-15,-5.1562309432923395e-05,2
9.665000000000001,4.0,2.0776073924214566,0.2553129317414664,0.0,0.0,nan,0,119.31159101985509,-2.077607392421457,-0.2553129317414637,0.0,0.0,nan,0,-119.35159211288126,-1.6387765250844982e-05,7.180236127333922e-06,0.0,0.0,nan,0,-0.03999998126936291,45.06800223445491,7.997726278054262e-16,7.352388302226845e-06,1
9.67,4.0,2.078883957080162,0.2553129317414446,0.0,0.0,nan,0,119.53679614352737,-2.0788839570801625,-0.2553129317414419,0.0,0.0,nan,0,-119.57679723655355,-1.6410020365072164e-05,9.649616493670396e-06,0.0,0.0,nan,0,-0.03999998911054507,45.01895223445493,6.070379107304986e-16,9.301201203263612e-06,1
9.675,4.0,2.0801605217388675,0.2553129317414446,0.0,0.0,nan,0,119.76175601719964,-2.080160521738868,-0.2553129317414419,0.0,0.0,nan,0,-119.80175711022582,-1.643460159839183e-05,1.1071658149543914e-05,0.0,0.0,nan,0,-0.0399999988368709,44.96990223445494,1.6835101554070504e-15,1.0666582664096151e-05,2
9.68,4.0,2.081437086397573,0.2553129317414664,0.0,0.0,nan,0,119.98647064087193,-2.0814370863975733,-0.2553129317414637,0.0,0.0,nan,0,-120.0264717338981,-1.6459820871932845e-05,8.010470114786358e-06,0.0,0.0,nan,0,-0.040000009402987854,44.92085223445497,1.6764047280494494e-15,8.876565693618946e-06,2
9.685,4.0,2.0827136510562783,0.2553129317414737,0.0,0.0,nan,0,120.2109400145442,-2.0827136510562787,-0.25531293174147096,0.0,0.0,nan,0,-120.25094110757038,-1.6479413520304603e-05,-8.923104234250408e-06,0.0,0.0,nan,0,-0.040000016207493314,44.87180223445497,1.6684111222721484e-15,-3.985934352796144e-06,2
9.69,4.0,2.0839902157149837,0.2553129317414955,0.0,0.0,nan,0,120.43516413821648,-2.083990215714984,-0.2553129317414928,0.0,0.0,nan,0,-120.47516523124266,-1.6474780428387542e-05,-6.443872091654153e-05,0.0,0.0,nan,0,-0.040000003836718645,44.822752234454974,1.6559766243963466e-15,-5.1562081367881866e-05,2
9.695,4.0,2.085266780373689,0.2553129317414955,0.0,0.0,nan,0,120.65914301188874,-2.0852667803736895,-0.2553129317414928,0.0,0.0,nan,0,-120.69914410491492,-1.645998307096483e-05,7.18014938147964e-06,0.0,0.0,nan,0,-0.03999998126996227,44.77370223445498,1.6382130560023443e-15,7.352359644078108e-06,2
9.700000000000001,4.0,2.0865433450323945,0.25531293174151004,0.0,0.0,nan,0,120.88287663556102,-2.086543345032395,-0.2553129317415073,0.0,0.0,nan,0,-120.9228777285872,-1.648223849899308e-05,9.649524814979859e-06,0.0,0.0,nan,0,-0.03999998911111373,44.72465223445498,1.6115677034113405e-15,9.301164077747624e-06,2
9.705,4.0,2.0878199096911,0.2553129317414882,0.0,0.0,nan,0,121.10636500923329,-2.0878199096911003,-0.2553129317414855,0.0,0.0,nan,0,-121.14636610225946,-1.6506820041263526e-05,1.1071562722665548e-05,0.0,0.0,nan,0,-0.03999999883740036,44.67560223445498,1.5840341724006365e-15,1.06665380516855e-05,2
9.71,4.0,2.0890964743498053,0.2553129317414737,0.0,0.0,nan,0,121.32960813290556,-2.0890964743498057,-0.25531293174147096,0.0,0.0,nan,0,-121.36960922593174,-1.653203962127467e-05,8.010378871007537e-06,0.0,0.0,nan,0,-0.04000000940347228,44.62655223445499,1.5485070356126317e-15,8.876524684031226e-06,2
9.715,4.0,2.0903730390085107,0.25531293174145914,0.0,0.0,nan,0,121.55260600657783,-2.090373039008511,-0.2553129317414564,0.0,0.0,nan,0,-121.59260709960401,-1.6551632585501408e-05,-8.92316149343489e-06,0.0,0.0,nan,0,-0.04000001620794433,44.57750223445501,1.4978808656897244e-15,-3.985924532035934e-06,2
9.72,4.0,2.091649603667216,0.2553129317414737,0.0,0.0,nan,0,121.77535863025011,-2.0916496036672165,-0.25531293174147096,0.0,0.0,nan,0,-121.81535972327629,-1.6546999860894696e-05,-6.443864722715315e-05,0.0,0.0,nan,0,-0.04000000383721651,44.52845223445503,1.4739000483578209e-15,-5.156185329092366e-05,2
9.725,4.0,2.0929261683259215,0.2553129317414882,0.0,0.0,nan,0,121.99786600392238,-2.092926168325922,-0.2553129317414855,0.0,0.0,nan,0,-122.03786709694856,-1.6532202899797316e-05,7.180062645419564e-06,0.0,0.0,nan,0,-0.03999998127056174,44.479402234455044,1.4010694179424106e-15,7.352330984274686e-06,2
9.73,4.0,2.094202732984627,0.25531293174151004,0.0,0.0,nan,0,122.22012812759466,-2.0942027329846273,-0.2553129317415073,0.0,0.0,nan,0,-122.26012922062084,-1.6554458641574593e-05,9.649433145223599e-06,0.0,0.0,nan,0,-0.039999989111682496,44.43035223445505,1.3486668911801028e-15,9.301126949559093e-06,2
9.735,4.0,2.0954792976433323,0.2553129317414955,0.0,0.0,nan,0,122.44214500126694,-2.0954792976433327,-0.2553129317414928,0.0,0.0,nan,0,-122.48214609429311,-1.657904049274378e-05,1.1071467304229624e-05,0.0,0.0,nan,0,-0.0399999988379299,44.38130223445504,1.2625135844691907e-15,1.0666493436431784e-05,2
9.74,4.0,2.0967558623020377,0.2553129317414882,0.0,0.0,nan,0,122.6639166249392,-2.096755862302038,-0.2553129317414855,0.0,0.0,nan,0,-122.70391771796538,-1.660426037916954e-05,8.010287635563113e-06,0.0,0.0,nan,0,-0.0400000094039568,44.33225223445505,1.1461622114884743e-15,8.8764836737223e-06,2
9.745000000000001,4.0,2.098032426960743,0.2553129317414882,0.0,0.0,nan,0,122.88544299861148,-2.0980324269607435,-0.2553129317414855,0.0,0.0,nan,0,-122.92544409163766,-1.6623853659195748e-05,-8.923218741587197e-06,0.0,0.0,nan,0,-0.040000016208395425,44.28320223445506,9.925073448803526e-16,-3.9859147083243135e-06,1
9.75,4.0,2.0993089916194485,0.2553129317415173,0.0,0.0,nan,0,123.10672412228375,-2.099308991619449,-0.2553129317415146,0.0,0.0,nan,0,-123.14672521530993,-1.6619221301850812e-05,-6.443857351722433e-05,0.0,0.0,nan,0,-0.040000003837714446,44.23415223445507,8.157598393600276e-16,-5.156162520267759e-05,1
9.755,4.0,2.1005855562781557,0.2553129317415173,0.0,0.0,nan,0,123.32775999595603,-2.100585556278156,-0.2553129317415146,0.0,0.0,nan,0,-123.3677610889822,-1.6604424737033663e-05,7.179975919201249e-06,0.0,0.0,nan,0,-0.03999998127116127,44.18510223445507,6.07037910730498e-16,7.352302325588599e-06,1
9.76,4.0,2.101862120936861,0.2553129317415173,0.0,0.0,nan,0,123.5485506196283,-2.1018621209368615,-0.2553129317415146,0.0,0.0,nan,0,-123.58855171265448,-1.6626680792507925e-05,9.649341484678336e-06,0.0,0.0,nan,0,-0.03999998911225132,44.13605223445507,2.864055012187528e-16,9.301089820391804e-06,1
9.765,4.0,2.10313868559557,0.2553129317415537,0.0,0.0,nan,0,123.76909599330058,-2.1031386855955705,-0.25531293174155095,0.0,0.0,nan,0,-123.80909708632676,-1.66512629525134e-05,1.107137189423392e-05,0.0,0.0,nan,0,-0.03999999883845952,44.08700223445508,1.6728520143706485e-15,1.0666448817350913e-05,2
9.77,4.0,2.10441525025428,0.25531293174156094,0.0,0.0,nan,0,123.98939611697286,-2.1044152502542803,-0.2553129317415582,0.0,0.0,nan,0,-124.02939720999903,-1.6676483145298265e-05,8.010196408676582e-06,0.0,0.0,nan,0,-0.040000009404441386,44.03795223445507,1.6559766243963458e-15,8.876442658575464e-06,2
9.775,4.0,2.1056918149129897,0.25531293174156094,0.0,0.0,nan,0,124.20945099064514,-2.10569181491299,-0.2553129317415582,0.0,0.0,nan,0,-124.24945208367131,-1.669607674107884e-05,-8.923275978965743e-06,0.0,0.0,nan,0,-0.040000016208846564,43.98890223445506,1.6373248775826435e-15,-3.985904878364356e-06,2
9.78,4.0,2.1069683795716996,0.2553129317415537,0.0,0.0,nan,0,124.42926061431741,-2.1069683795717,-0.25531293174155095,0.0,0.0,nan,0,-124.46926170734359,-1.669144475094711e-05,-6.443849978670194e-05,0.0,0.0,nan,0,-0.04000000383821241,43.93985223445507,1.6168967739295409e-15,-5.15613971007065e-05,2
9.785,4.0,2.1082449442304094,0.25531293174156094,0.0,0.0,nan,0,124.6488249879897,-2.10824494423041,-0.2553129317415582,0.0,0.0,nan,0,-124.68882608101588,-1.667664858235121e-05,7.179889202640711e-06,0.0,0.0,nan,0,-0.03999998127176085,43.89080223445508,1.590251421338537e-15,7.352273663338245e-06,2
9.790000000000001,4.0,2.1095215088891193,0.2553129317415682,0.0,0.0,nan,0,124.86814411166198,-2.1095215088891197,-0.2553129317415655,0.0,0.0,nan,0,-124.90814520468815,-1.6698904951466947e-05,9.649249833391956e-06,0.0,0.0,nan,0,-0.03999998911282018,43.84175223445507,1.5600533550687326e-15,9.301052688580396e-06,2
9.795,4.0,2.110798073547829,0.2553129317415464,0.0,0.0,nan,0,125.08721798533425,-2.1107980735478296,-0.2553129317415437,0.0,0.0,nan,0,-125.12721907836043,-1.672348742026708e-05,1.1071276492851175e-05,0.0,0.0,nan,0,-0.039999998838989165,43.79270223445507,1.5085390067261257e-15,1.0666404197073661e-05,2
9.8,4.0,2.112074638206539,0.25531293174153913,0.0,0.0,nan,0,125.30604660900653,-2.1120746382065394,-0.2553129317415364,0.0,0.0,nan,0,-125.3460477020327,-1.6748707919352068e-05,8.010105189976722e-06,0.0,0.0,nan,0,-0.040000009404926,43.743652234455084,1.4508074094456172e-15,8.87640164526716e-06,2
9.805,4.0,2.1133512028652484,0.2553129317415246,0.0,0.0,nan,0,125.5246299826788,-2.113351202865249,-0.25531293174152186,0.0,0.0,nan,0,-125.56463107570498,-1.676830183082456e-05,-8.923333205550298e-06,0.0,0.0,nan,0,-0.04000001620929775,43.69460223445508,1.3868585632272082e-15,-3.985895055553347e-06,2
9.81,4.0,2.1146277675239578,0.25531293174153913,0.0,0.0,nan,0,125.74296810635107,-2.114627767523958,-0.2553129317415364,0.0,0.0,nan,0,-125.78296919937725,-1.6763670207853992e-05,-6.4438426035542e-05,0.0,0.0,nan,0,-0.04000000383871044,43.64555223445509,1.3566604969574037e-15,-5.156116898894413e-05,2
9.815,4.0,2.1159043321826654,0.2553129317415246,0.0,0.0,nan,0,125.96106098002335,-2.115904332182666,-0.25531293174152186,0.0,0.0,nan,0,-126.00106207304952,-1.674887443544812e-05,7.179802495942058e-06,0.0,0.0,nan,0,-0.03999998127236049,43.596502234455095,1.2856062233813938e-15,7.352245002614676e-06,2
9.82,4.0,2.117180896841371,0.2553129317415246,0.0,0.0,nan,0,126.17890860369562,-2.1171808968413712,-0.25531293174152186,0.0,0.0,nan,0,-126.2189096967218,-1.677113111814635e-05,9.649158190993183e-06,0.0,0.0,nan,0,-0.03999998911338912,43.54745223445511,1.201229273509882e-15,9.301015555557523e-06,2
9.825000000000001,4.0,2.1184574615000775,0.25531293174153913,0.0,0.0,nan,0,126.3965109773679,-2.118457461500078,-0.2553129317415364,0.0,0.0,nan,0,-126.43651207039407,-1.679571389567522e-05,1.1071181099681271e-05,0.0,0.0,nan,0,-0.03999999883951888,43.4984022344551,1.1292868215141716e-15,1.0666359582055318e-05,2
9.83,4.0,2.1197340261587874,0.25531293174156094,0.0,0.0,nan,0,126.61386810104017,-2.119734026158788,-0.2553129317415582,0.0,0.0,nan,0,-126.65386919406635,-1.682093470100135e-05,8.010013980026177e-06,0.0,0.0,nan,0,-0.04000000940541065,43.44935223445511,9.596447433514478e-16,8.876360629209942e-06,1
9.835,4.0,2.121010590817497,0.25531293174153913,0.0,0.0,nan,0,126.83097997471245,-2.1210105908174977,-0.2553129317415364,0.0,0.0,nan,0,-126.87098106773863,-1.6840528928117188e-05,-8.923390421262576e-06,0.0,0.0,nan,0,-0.040000016209748995,43.40030223445512,6.070379107304982e-16,-3.985885240796346e-06,1
9.84,4.0,2.1222871554762066,0.25531293174153186,0.0,0.0,nan,0,127.04784659838472,-2.122287155476207,-0.25531293174152914,0.0,0.0,nan,0,-127.0878476914109,-1.683589767225227e-05,-6.443835226394156e-05,0.0,0.0,nan,0,-0.04000000383920854,43.351252234455124,2.553192565292486e-16,-5.156094086324536e-05,1
9.845,4.0,2.123563720134915,0.25531293174150277,0.0,0.0,nan,0,127.26446797205699,-2.1235637201349156,-0.25531293174150005,0.0,0.0,nan,0,-127.30446906508317,-1.6821102295973972e-05,7.179715799066601e-06,0.0,0.0,nan,0,-0.03999998127296019,43.30220223445512,1.6764047280494488e-15,7.35221634048245e-06,2
9.85,4.0,2.1248402847936205,0.25531293174150277,0.0,0.0,nan,0,127.48084409572927,-2.124840284793621,-0.25531293174150005,0.0,0.0,nan,0,-127.52084518875544,-1.6843359292206123e-05,9.649066558006372e-06,0.0,0.0,nan,0,-0.039999989113958107,43.25315223445512,1.6648584085933473e-15,9.300978420957236e-06,2
9.855,4.0,2.126116849452326,0.2553129317414882,0.0,0.0,nan,0,127.69697496940154,-2.1261168494523264,-0.2553129317414855,0.0,0.0,nan,0,-127.73697606242771,-1.686794237840822e-05,1.1071085715257825e-05,0.0,0.0,nan,0,-0.03999999884004865,43.20410223445513,1.6542002675569456e-15,1.0666314950612769e-05,2
9.86,4.0,2.1273934141110313,0.2553129317415173,0.0,0.0,nan,0,127.91286059307382,-2.1273934141110318,-0.2553129317415146,0.0,0.0,nan,0,-127.9528616861,-1.689316348993386e-05,8.009922778285356e-06,0.0,0.0,nan,0,-0.040000009405895376,43.15505223445515,1.6328839854841428e-15,8.876319614980593e-06,2
9.865,4.0,2.1286699787697376,0.2553129317415246,0.0,0.0,nan,0,128.1285009667461,-2.128669978769738,-0.25531293174152186,0.0,0.0,nan,0,-128.16850205977227,-1.6912758032634062e-05,-8.923447626203076e-06,0.0,0.0,nan,0,-0.04000001621020029,43.10600223445517,1.6151204170901402e-15,-3.985875414062255e-06,2
9.870000000000001,4.0,2.129946543428446,0.25531293174153186,0.0,0.0,nan,0,128.34389609041835,-2.1299465434284466,-0.25531293174152914,0.0,0.0,nan,0,-128.38389718344453,-1.6908127143833163e-05,-6.443827847190655e-05,0.0,0.0,nan,0,-0.04000000383970668,43.05695223445516,1.5831459939809357e-15,-5.156071273515117e-05,2
9.875,4.0,2.131223108087156,0.25531293174153186,0.0,0.0,nan,0,128.55904596409064,-2.1312231080871564,-0.25531293174152914,0.0,0.0,nan,0,-128.59904705711682,-1.6893332163637337e-05,7.179629112086107e-06,0.0,0.0,nan,0,-0.03999998127355997,43.007902234455166,1.5493952140323307e-15,7.352187675167871e-06,2
9.88,4.0,2.132499672745866,0.2553129317415464,0.0,0.0,nan,0,128.7739505877629,-2.1324996727458663,-0.2553129317415437,0.0,0.0,nan,0,-128.81395168078907,-1.6915589473347897e-05,9.6489749338314e-06,0.0,0.0,nan,0,-0.039999989114527165,42.958852234455165,1.5120917204049254e-15,9.300941286152664e-06,2
9.885,4.0,2.1337762374045757,0.25531293174156094,0.0,0.0,nan,0,128.98860996143517,-2.133776237404576,-0.2553129317415582,0.0,0.0,nan,0,-129.02861105446135,-1.6940172868171177e-05,1.1070990339209633e-05,0.0,0.0,nan,0,-0.03999999884057848,42.909802234455164,1.4508074094456168e-15,1.066627032611844e-05,2
9.89,4.0,2.1350528020632855,0.2553129317415755,0.0,0.0,nan,0,129.20302408510744,-2.135052802063286,-0.25531293174157277,0.0,0.0,nan,0,-129.24302517813362,-1.696539428582694e-05,8.009831585356503e-06,0.0,0.0,nan,0,-0.040000009406380155,42.86075223445516,1.3726477085120055e-15,8.876278592564009e-06,2
9.895,4.0,2.1363293667219954,0.25531293174158276,0.0,0.0,nan,0,129.41719295877974,-2.136329366721996,-0.25531293174158004,0.0,0.0,nan,0,-129.4571940518059,-1.6984989144052526e-05,-8.923504820155031e-06,0.0,0.0,nan,0,-0.040000016210651634,42.811702234455176,1.2554081571115891e-15,-3.985865589978494e-06,2
9.9,4.0,2.137605931380705,0.25531293174158276,0.0,0.0,nan,0,129.631116582452,-2.1376059313807056,-0.25531293174158004,0.0,0.0,nan,0,-129.67111767547817,-1.6980358622249725e-05,-6.443820465918201e-05,0.0,0.0,nan,0,-0.04000000384020487,42.76265223445518,1.0831015436897647e-15,-5.156048459237451e-05,2
9.905,4.0,2.138882496039415,0.25531293174156094,0.0,0.0,nan,0,129.84479495612428,-2.1388824960394155,-0.2553129317415582,0.0,0.0,nan,0,-129.88479604915045,-1.69655640380878e-05,7.1795424347577625e-06,0.0,0.0,nan,0,-0.039999981274159796,42.713602234455195,1.0235935895698561e-15,7.352159009061935e-06,1
9.91,4.0,2.140159060698125,0.25531293174156094,0.0,0.0,nan,0,130.05822807979655,-2.1401590606981253,-0.2553129317415582,0.0,0.0,nan,0,-130.09822917282273,-1.6987821661228197e-05,9.648883318861958e-06,0.0,0.0,nan,0,-0.03999998911509628,42.6645522344552,8.486224408889314e-16,9.30090415073791e-06,1
9.915000000000001,4.0,2.1414356253568347,0.25531293174153913,0.0,0.0,nan,0,130.27141595346885,-2.141435625356835,-0.25531293174153646,0.0,0.0,nan,0,-130.31141704649502,-1.701240536462409e-05,1.1070894971564876e-05,0.0,0.0,nan,0,-0.03999999884110836,42.6155022344552,6.549995453943041e-16,1.0666225700187929e-05,1
9.92,4.0,2.1427121900155446,0.25531293174156094,0.0,0.0,nan,0,130.4843585771411,-2.142712190015545,-0.2553129317415582,0.0,0.0,nan,0,-130.52435967016729,-1.70376270883614e-05,8.009740400568975e-06,0.0,0.0,nan,0,-0.04000000940686502,42.566452234455205,4.151913720752704e-16,8.876237565879733e-06,1
9.925,4.0,2.1439887546742544,0.2553129317415537,0.0,0.0,nan,0,130.6970559508134,-2.143988754674255,-0.25531293174155095,0.0,0.0,nan,0,-130.73705704383957,-1.705722226205686e-05,-8.923562003264729e-06,0.0,0.0,nan,0,-0.040000016211103065,42.51740223445521,1.6790692633085487e-15,-3.985855765070499e-06,2
9.93,4.0,2.1452653193329643,0.25531293174156094,0.0,0.0,nan,0,130.90950807448567,-2.1452653193329647,-0.2553129317415582,0.0,0.0,nan,0,-130.94950916751185,-1.7052592107213993e-05,-6.443813082607534e-05,0.0,0.0,nan,0,-0.040000003840703166,42.468352234455224,1.6710756575312477e-15,-5.156025643506014e-05,2
9.935,4.0,2.146541883991674,0.25531293174153186,0.0,0.0,nan,0,131.12171494815794,-2.1465418839916746,-0.25531293174152914,0.0,0.0,nan,0,-131.16171604118412,-1.7037797919037395e-05,7.17945576723196e-06,0.0,0.0,nan,0,-0.039999981274759705,42.419302234455216,1.658641159655446e-15,7.352130342161078e-06,2
9.94,4.0,2.1478184486503804,0.25531293174151004,0.0,0.0,nan,0,131.3336765718302,-2.147818448650381,-0.2553129317415073,0.0,0.0,nan,0,-131.3736776648564,-1.706005585554518e-05,9.648791713116739e-06,0.0,0.0,nan,0,-0.039999989115665435,42.37025223445523,1.6435421265205437e-15,9.300867016019498e-06,2
9.945,4.0,2.149095013309086,0.25531293174148095,0.0,0.0,nan,0,131.5453929455025,-2.1490950133090863,-0.25531293174147823,0.0,0.0,nan,0,-131.58539403852868,-1.7084639867447765e-05,1.1070799612371903e-05,0.0,0.0,nan,0,-0.039999998841638275,42.32120223445524,1.6266667365462416e-15,1.0666181070364529e-05,2
9.950000000000001,4.0,2.150371577967791,0.25531293174148095,0.0,0.0,nan,0,131.75686406917478,-2.1503715779677917,-0.25531293174147823,0.0,0.0,nan,0,-131.79686516220096,-1.7109861897207645e-05,8.009649224363425e-06,0.0,0.0,nan,0,-0.04000000940734988,42.27215223445524,1.6062386328931388e-15,8.876196542241015e-06,2
9.955,4.0,2.1516481426264966,0.2553129317414955,0.0,0.0,nan,0,131.96808994284706,-2.151648142626497,-0.2553129317414928,0.0,0.0,nan,0,-132.00809103587324,-1.7129457386327873e-05,-8.923619175635643e-06,0.0,0.0,nan,0,-0.040000016211554495,42.22310223445523,1.5653824255869332e-15,-3.985845939209493e-06,2
9.96,4.0,2.152924707285202,0.25531293174151004,0.0,0.0,nan,0,132.17907056651933,-2.1529247072852025,-0.2553129317415073,0.0,0.0,nan,0,-132.2190716595455,-1.712482759838249e-05,-6.44380569724242e-05,0.0,0.0,nan,0,-0.04000000384120144,42.17405223445527,1.5112035419852258e-15,-5.156002826641972e-05,2
9.965,4.0,2.1542012719439074,0.25531293174150277,0.0,0.0,nan,0,132.38980594019162,-2.154201271943908,-0.25531293174150005,0.0,0.0,nan,0,-132.4298070332178,-1.711003380614265e-05,7.179369109717052e-06,0.0,0.0,nan,0,-0.03999998127535961,42.12500223445528,1.484558189394222e-15,7.352101675160746e-06,2
9.97,4.0,2.155477836602613,0.25531293174150277,0.0,0.0,nan,0,132.60029606386388,-2.1554778366026133,-0.25531293174150005,0.0,0.0,nan,0,-132.64029715689006,-1.713229205597272e-05,9.648700116356765e-06,0.0,0.0,nan,0,-0.03999998911623464,42.07595223445528,1.4161684510773124e-15,9.30082987087476e-06,2
9.975,4.0,2.1567544012613182,0.25531293174150277,0.0,0.0,nan,0,132.81054093753616,-2.1567544012613187,-0.25531293174150005,0.0,0.0,nan,0,-132.85054203056234,-1.7156876376336894e-05,1.107070426183229e-05,0.0,0.0,nan,0,-0.03999999884216826,42.026902234455314,1.3175806464905987e-15,1.0666136438761228e-05,2
9.98,4.0,2.1580309659200236,0.25531293174151004,0.0,0.0,nan,0,133.02054056120843,-2.158030965920024,-0.2553129317415073,0.0,0.0,nan,0,-133.0605416542346,-1.718209871207077e-05,8.009558056567854e-06,0.0,0.0,nan,0,-0.040000009407834825,41.97785223445533,1.1754720993385788e-15,8.876155514974988e-06,2
9.985,4.0,2.159307530578729,0.25531293174151004,0.0,0.0,nan,0,133.2302949348807,-2.1593075305787295,-0.2553129317415073,0.0,0.0,nan,0,-133.27029602790688,-1.7201694516553317e-05,-8.923676336966437e-06,0.0,0.0,nan,0,-0.040000016212005995,41.928802234455354,1.0440216932229603e-15,-3.985836114715386e-06,2
9.99,4.0,2.1605840952374344,0.25531293174151004,0.0,0.0,nan,0,133.439804058553,-2.160584095237435,-0.2553129317415073,0.0,0.0,nan,0,-133.47980515157917,-1.7197065095456848e-05,-6.443798309823286e-05,0.0,0.0,nan,0,-0.0400000038416998,41.87975223445537,8.486224408889328e-16,-5.1559800089283867e-05,1
9.995000000000001,4.0,2.16186065989614,0.2553129317414955,0.0,0.0,nan,0,133.64906793222525,-2.1618606598961403,-0.2553129317414928,0.0,0.0,nan,0,-133.68906902525143,-1.718227169910866e-05,7.1792824618742225e-06,0.0,0.0,nan,0,-0.039999981275959634,41.830702234455366,6.230251222851008e-16,7.352072999222674e-06,1
10.0,4.0,2.1631372245548453,0.25531293174150277,0.0,0.0,nan,0,133.85808655589753,-2.1631372245548457,-0.25531293174150005,0.0,0.0,nan,0,-133.8980876489237,-1.7204530262195095e-05,9.64860852884548e-06,0.0,0.0,nan,0,-0.03999998911680397,41.78165223445539,3.183799243279577e-16,9.300792727901611e-06,1
10.005,4.0,2.1644137892135507,0.2553129317414955,0.0,0.0,nan,0,134.0668599295698,-2.164413789213551,-0.2553129317414928,0.0,0.0,nan,0,-134.10686102259598,-1.7229114890961877e-05,1.1070608919744387e-05,0.0,0.0,nan,0,-0.039999998842698364,41.73260223445542,1.6772929064691495e-15,1.0666091805126653e-05,2
10.01,4.0,2.165690353872256,0.2553129317414882,0.0,0.0,nan,0,134.2753880532421,-2.1656903538722565,-0.2553129317414855,0.0,0.0,nan,0,-134.31538914626827,-1.725433753260383e-05,8.009466897365282e-06,0.0,0.0,nan,0,-0.04000000940831987,41.68355223445543,1.6630820517539474e-15,8.876114487575723e-06,2
10.015,4.0,2.1669669185309615,0.2553129317414882,0.0,0.0,nan,0,134.48367092691436,-2.166966918530962,-0.2553129317414855,0.0,0.0,nan,0,-134.52367201994053,-1.7273933652396656e-05,-8.923733487529218e-06,0.0,0.0,nan,0,-0.04000001621245759,41.63450223445545,1.652423910717546e-15,-3.98582628833924e-06,2
10.02,4.0,2.168243483189667,0.2553129317414955,0.0,0.0,nan,0,134.69170855058664,-2.1682434831896673,-0.2553129317414928,0.0,0.0,nan,0,-134.73170964361282,-1.7269304598110935e-05,-6.443790920344572e-05,0.0,0.0,nan,0,-0.040000003842198255,41.58545223445547,1.638213056002344e-15,-5.15595719007598e-05,2
10.025,4.0,2.1695200478483723,0.2553129317414955,0.0,0.0,nan,0,134.89950092425892,-2.1695200478483727,-0.2553129317414928,0.0,0.0,nan,0,-134.9395020172851,-1.7254511597612765e-05,7.1791958240782336e-06,0.0,0.0,nan,0,-0.039999981276559717,41.53640223445549,1.6168967739295409e-15,7.352044334353073e-06,2
10.03,4.0,2.1707966125070777,0.2553129317414664,0.0,0.0,nan,0,135.1070480479312,-2.170796612507078,-0.2553129317414637,0.0,0.0,nan,0,-135.14704914095736,-1.7276770473906994e-05,9.64851695037941e-06,0.0,0.0,nan,0,-0.039999989117373305,41.48735223445549,1.597356848696138e-15,9.300755586494316e-06,2
10.035,4.0,2.172073177165783,0.2553129317414664,0.0,0.0,nan,0,135.31434992160345,-2.1720731771657835,-0.2553129317414637,0.0,0.0,nan,0,-135.35435101462963,-1.7301355411020874e-05,1.1070513586239362e-05,0.0,0.0,nan,0,-0.03999999884322846,41.438302234455506,1.5618297119081327e-15,1.0666047162893624e-05,2
10.040000000000001,4.0,2.1733497418244885,0.25531293174145914,0.0,0.0,nan,0,135.52140654527574,-2.173349741824489,-0.2553129317414564,0.0,0.0,nan,0,-135.56140763830192,-1.732657835852927e-05,8.009375746643046e-06,0.0,0.0,nan,0,-0.040000009408804944,41.38925223445551,1.512979898824626e-15,8.876073450669396e-06,2
10.045,4.0,2.174626306483194,0.2553129317414664,0.0,0.0,nan,0,135.72821791894802,-2.1746263064831943,-0.2553129317414637,0.0,0.0,nan,0,-135.7682190119742,-1.7346174793573393e-05,-8.923790627414082e-06,0.0,0.0,nan,0,-0.040000016212909245,41.34020223445552,1.478340940456321e-15,-3.9858164666215894e-06,2
10.05,4.0,2.1759028711418993,0.2553129317414664,0.0,0.0,nan,0,135.9347840426203,-2.1759028711418997,-0.2553129317414637,0.0,0.0,nan,0,-135.97478513564647,-1.73415461060325e-05,-6.443783528813199e-05,0.0,0.0,nan,0,-0.04000000384269677,41.291152234455524,1.4152802726576122e-15,-5.155934370019825e-05,2
10.055,4.0,2.1771794358006047,0.2553129317414882,0.0,0.0,nan,0,136.14110491629256,-2.177179435800605,-0.2553129317414855,0.0,0.0,nan,0,-136.18110600931874,-1.732675350132537e-05,7.179109196042265e-06,0.0,0.0,nan,0,-0.03999998127715989,41.24210223445554,1.3717595300923057e-15,7.352015659592721e-06,2
10.06,4.0,2.17845600045931,0.2553129317414955,0.0,0.0,nan,0,136.34718053996485,-2.1784560004593105,-0.2553129317414928,0.0,0.0,nan,0,-136.38718163299103,-1.734901269077882e-05,9.648425381219865e-06,0.0,0.0,nan,0,-0.039999989117942766,41.19305223445554,1.2314273397796862e-15,9.300718437724028e-06,2
10.065,4.0,2.1797325651180155,0.2553129317414955,0.0,0.0,nan,0,136.55301091363714,-2.179732565118016,-0.2553129317414928,0.0,0.0,nan,0,-136.59301200666332,-1.7373597936187757e-05,1.1070418261000163e-05,0.0,0.0,nan,0,-0.0399999988437587,41.14400223445554,1.0831015436897652e-15,1.0666002528118629e-05,2
10.07,4.0,2.181009129776721,0.2553129317414882,0.0,0.0,nan,0,136.75859603730942,-2.1810091297767213,-0.2553129317414855,0.0,0.0,nan,0,-136.7985971303356,-1.7398821189496677e-05,8.009284604361986e-06,0.0,0.0,nan,0,-0.0400000094092901,41.094952234455555,9.596447433514476e-16,8.876032419473174e-06,1
10.075000000000001,4.0,2.1822856944354263,0.25531293174151004,0.0,0.0,nan,0,136.9639359109817,-2.1822856944354267,-0.2553129317415073,0.0,0.0,nan,0,-137.00393700400787,-1.7418417939736586e-05,-8.92384775617548e-06,0.0,0.0,nan,0,-0.04000001621336095,41.04590223445558,6.71874935368607e-16,-3.985806639254224e-06,1
10.08,4.0,2.1835622590941317,0.25531293174150277,0.0,0.0,nan,0,137.16903053465398,-2.183562259094132,-0.25531293174150005,0.0,0.0,nan,0,-137.20903162768016,-1.741378961889195e-05,-6.443776135230819e-05,0.0,0.0,nan,0,-0.04000000384319534,40.99685223445559,4.3117858362987275e-16,-5.1559115489601164e-05,1
10.085,4.0,2.184838823752837,0.2553129317414737,0.0,0.0,nan,0,137.37387990832624,-2.1848388237528376,-0.25531293174147096,0.0,0.0,nan,0,-137.41388100135242,-1.7398997409927286e-05,7.179022577777485e-06,0.0,0.0,nan,0,-0.039999981277760124,40.9478022344556,1.679069263308549e-15,7.351986985145017e-06,2
10.09,4.0,2.1861153884115425,0.25531293174145187,0.0,0.0,nan,0,137.57848403199853,-2.186115388411543,-0.25531293174144915,0.0,0.0,nan,0,-137.6184851250247,-1.7421256912477506e-05,9.648333821143728e-06,0.0,0.0,nan,0,-0.03999998911851229,40.898752234455614,1.6701874791115479e-15,9.30068129089619e-06,2
10.095,4.0,2.187391953070248,0.25531293174145914,0.0,0.0,nan,0,137.7828429056708,-2.1873919530702484,-0.2553129317414564,0.0,0.0,nan,0,-137.82284399869698,-1.7445842466125988e-05,1.1070322944391241e-05,0.0,0.0,nan,0,-0.03999999884428897,40.84970223445561,1.6568648028160457e-15,1.0665957895542773e-05,2
10.1,4.0,2.1886685177289533,0.2553129317414664,0.0,0.0,nan,0,137.98695652934308,-2.1886685177289538,-0.2553129317414637,0.0,0.0,nan,0,-138.02695762236925,-1.747106602517645e-05,8.009193470457083e-06,0.0,0.0,nan,0,-0.040000009409775286,40.80065223445561,1.6399894128417432e-15,8.875991387148972e-06,2
10.105,4.0,2.1899450823876587,0.25531293174145914,0.0,0.0,nan,0,138.19082490301537,-2.189945082387659,-0.2553129317414564,0.0,0.0,nan,0,-138.23082599604155,-1.7490663090570513e-05,-8.92390487410637e-06,0.0,0.0,nan,0,-0.04000001621381269,40.75160223445563,1.6186731307689404e-15,-3.98579681303616e-06,2
10.11,4.0,2.191221647046364,0.25531293174143005,0.0,0.0,nan,0,138.39444802668763,-2.1912216470463646,-0.25531293174142733,0.0,0.0,nan,0,-138.4344491197138,-1.748603513637703e-05,-6.443768739599224e-05,0.0,0.0,nan,0,-0.040000003843693954,40.70255223445564,1.6000213839552376e-15,-5.1558887267937375e-05,2
10.115,4.0,2.1924982117050695,0.2553129317414228,0.0,0.0,nan,0,138.5978259003599,-2.19249821170507,-0.25531293174142006,0.0,0.0,nan,0,-138.63782699338608,-1.7471243323102792e-05,7.17893596934854e-06,0.0,0.0,nan,0,-0.039999981278360394,40.65350223445566,1.5769287450430341e-15,7.351958309934365e-06,2
10.120000000000001,4.0,2.193774776363775,0.25531293174140823,0.0,0.0,nan,0,138.80095852403218,-2.1937747763637754,-0.2553129317414055,0.0,0.0,nan,0,-138.84095961705836,-1.749350313869774e-05,9.648242270125566e-06,0.0,0.0,nan,0,-0.03999998911908183,40.60445223445566,1.5263025751201269e-15,9.300644140787424e-06,2
10.125,4.0,2.1950513410224803,0.25531293174140823,0.0,0.0,nan,0,139.00384589770448,-2.195051341022481,-0.2553129317414055,0.0,0.0,nan,0,-139.04384699073066,-1.7518089000530257e-05,1.1070227636253879e-05,0.0,0.0,nan,0,-0.03999999884481927,40.55540223445567,1.4614655504820176e-15,1.066591324487472e-05,2
10.13,4.0,2.1963279056811857,0.2553129317413937,0.0,0.0,nan,0,139.20648802137674,-2.196327905681186,-0.25531293174139097,0.0,0.0,nan,0,-139.24648911440292,-1.754331286527369e-05,8.009102345335898e-06,0.0,0.0,nan,0,-0.04000000941026055,40.50635223445566,1.4161684510773112e-15,8.87595034700524e-06,2
10.135,4.0,2.197604470339891,0.25531293174140823,0.0,0.0,nan,0,139.40888489504903,-2.1976044703398916,-0.2553129317414055,0.0,0.0,nan,0,-139.4488859880752,-1.7562910245749047e-05,-8.923961981319135e-06,0.0,0.0,nan,0,-0.04000001621426452,40.45730223445566,1.3406732854028006e-15,-3.985786986175952e-06,2
10.14,4.0,2.1988810349985966,0.2553129317414228,0.0,0.0,nan,0,139.6110365187213,-2.198881034998597,-0.25531293174142006,0.0,0.0,nan,0,-139.65103761174748,-1.755828265815121e-05,-6.443761341864484e-05,0.0,0.0,nan,0,-0.04000000384419264,40.40825223445566,1.2713953686661908e-15,-5.1558659032902954e-05,2
10.145,4.0,2.200157599657302,0.2553129317414373,0.0,0.0,nan,0,139.81294289239358,-2.2001575996573024,-0.2553129317414346,0.0,0.0,nan,0,-139.85294398541976,-1.754349124052576e-05,7.178849370701999e-06,0.0,0.0,nan,0,-0.03999998127896075,40.35920223445568,1.1461622114884733e-15,7.351929633940336e-06,2
10.15,4.0,2.2014341643160074,0.2553129317414664,0.0,0.0,nan,0,140.01460401606585,-2.201434164316008,-0.2553129317414637,0.0,0.0,nan,0,-140.05460510909202,-1.7565751369116867e-05,9.648150728229317e-06,0.0,0.0,nan,0,-0.039999989119651455,40.31015223445571,1.0511271205805601e-15,9.300606990144854e-06,2
10.155,4.0,2.2027107289747128,0.2553129317414737,0.0,0.0,nan,0,140.21601988973813,-2.202710728974713,-0.25531293174147096,0.0,0.0,nan,0,-140.2560209827643,-1.7590337539070966e-05,1.1070132336785297e-05,0.0,0.0,nan,0,-0.039999998845349626,40.26110223445571,8.15759839360027e-16,1.0665868604079649e-05,1
10.16,4.0,2.203987293633418,0.2553129317414664,0.0,0.0,nan,0,140.41719051341042,-2.2039872936334186,-0.2553129317414637,0.0,0.0,nan,0,-140.4571916064366,-1.76155617094588e-05,8.009011228450306e-06,0.0,0.0,nan,0,-0.04000000941074584,40.21205223445569,6.079260891501975e-16,8.875909308876777e-06,1
10.165000000000001,4.0,2.2052638582921236,0.25531293174148095,0.0,0.0,nan,0,140.6181158870827,-2.205263858292124,-0.25531293174147823,0.0,0.0,nan,0,-140.65811698010887,-1.7635159404973816e-05,-8.924019077399865e-06,0.0,0.0,nan,0,-0.04000001621471636,40.163002234455696,3.032808911930545e-16,-3.98577715847908e-06,1
10.17,4.0,2.206540422950829,0.2553129317414882,0.0,0.0,nan,0,140.81879601075497,-2.2065404229508294,-0.2553129317414855,0.0,0.0,nan,0,-140.85879710378114,-1.763053218391611e-05,-6.443753942125227e-05,0.0,0.0,nan,0,-0.040000003844691344,40.113952234455724,1.676404728049448e-15,-5.155843078768556e-05,2
10.175,4.0,2.2078169876095344,0.2553129317414955,0.0,0.0,nan,0,141.01923088442726,-2.207816987609535,-0.2553129317414928,0.0,0.0,nan,0,-141.05923197745344,-1.761574116189435e-05,7.178762782016473e-06,0.0,0.0,nan,0,-0.03999998127956113,40.06490223445573,1.660417516494846e-15,7.351900956317392e-06,2
10.18,4.0,2.20909355226824,0.2553129317414737,0.0,0.0,nan,0,141.21942050809955,-2.2090935522682402,-0.25531293174147096,0.0,0.0,nan,0,-141.25942160112572,-1.763800160342263e-05,9.648059195614137e-06,0.0,0.0,nan,0,-0.0399999891202211,40.015852234455735,1.6444303049402435e-15,9.300569836354591e-06,2
10.185,4.0,2.210370116926945,0.2553129317414882,0.0,0.0,nan,0,141.41936488177183,-2.2103701169269456,-0.2553129317414855,0.0,0.0,nan,0,-141.459365974798,-1.766258808146362e-05,1.1070037045486024e-05,0.0,0.0,nan,0,-0.039999998845880055,39.966802234455756,1.6293312718053413e-15,1.0665823952240096e-05,2
10.19,4.0,2.2116466815856506,0.25531293174150277,0.0,0.0,nan,0,141.6190640054441,-2.211646681585651,-0.25531293174150005,0.0,0.0,nan,0,-141.65906509847028,-1.7687812557433402e-05,8.008920120040745e-06,0.0,0.0,nan,0,-0.04000000941123122,39.917752234455754,1.6035740976340375e-15,8.875868268794337e-06,2
10.195,4.0,2.212923246244356,0.2553129317415173,0.0,0.0,nan,0,141.8185178791164,-2.2129232462443564,-0.2553129317415146,0.0,0.0,nan,0,-141.85851897214258,-1.770741056792563e-05,-8.92407616270125e-06,0.0,0.0,nan,0,-0.040000016215168285,39.86870223445575,1.573376031364233e-15,-3.985767332036309e-06,2
10.200000000000001,4.0,2.2141998109030636,0.2553129317415246,0.0,0.0,nan,0,142.01772650278866,-2.214199810903064,-0.25531293174152186,0.0,0.0,nan,0,-142.05772759581484,-1.770278371336642e-05,-6.443746540302041e-05,0.0,0.0,nan,0,-0.040000003845190146,39.81965223445575,1.543177965094429e-15,-5.1558202530281476e-05,2
10.205,4.0,2.2154763755617712,0.25531293174153913,0.0,0.0,nan,0,142.21668987646095,-2.2154763755617717,-0.2553129317415364,0.0,0.0,nan,0,-142.25669096948712,-1.768799308689284e-05,7.1786762032110736e-06,0.0,0.0,nan,0,-0.0399999812801616,39.770602234455765,1.507650828306424e-15,7.351872279326828e-06,2
10.21,4.0,2.216752940220478,0.2553129317415173,0.0,0.0,nan,0,142.41540800013323,-2.2167529402204784,-0.2553129317415146,0.0,0.0,nan,0,-142.4554090931594,-1.7710253841306256e-05,9.647967672203395e-06,0.0,0.0,nan,0,-0.03999998912079084,39.72155223445577,1.4312674842122129e-15,9.300532681778282e-06,2
10.215,4.0,2.2180295048791843,0.25531293174153913,0.0,0.0,nan,0,142.6138808738055,-2.2180295048791847,-0.2553129317415364,0.0,0.0,nan,0,-142.65388196683168,-1.7734840627361276e-05,1.1069941762895512e-05,0.0,0.0,nan,0,-0.03999999884641056,39.67250223445578,1.3637659243150035e-15,1.066577930355534e-05,2
10.22,4.0,2.219306069537894,0.25531293174156094,0.0,0.0,nan,0,142.8121084974778,-2.2193060695378946,-0.2553129317415582,0.0,0.0,nan,0,-142.85210959050397,-1.7760065408860964e-05,8.00882902034743e-06,0.0,0.0,nan,0,-0.04000000941171665,39.62345223445579,1.2616254060494891e-15,8.875827224318076e-06,2
10.225,4.0,2.220582634196604,0.2553129317415537,0.0,0.0,nan,0,143.01009087115006,-2.2205826341966044,-0.25531293174155095,0.0,0.0,nan,0,-143.05009196417623,-1.777966373427836e-05,-8.924133237358522e-06,0.0,0.0,nan,0,-0.04000001621562027,39.574402234455796,1.1621494230430748e-15,-3.985757506101578e-06,2
10.23,4.0,2.221859198855314,0.2553129317415537,0.0,0.0,nan,0,143.20782799482234,-2.2218591988553142,-0.25531293174155095,0.0,0.0,nan,0,-143.24782908784852,-1.777503724616214e-05,-6.443739136431009e-05,0.0,0.0,nan,0,-0.040000003845689004,39.52535223445579,1.0280344816683559e-15,-5.155797426412528e-05,2
10.235,4.0,2.2231357635140236,0.2553129317415464,0.0,0.0,nan,0,143.40531986849462,-2.223135763514024,-0.2553129317415437,0.0,0.0,nan,0,-143.4453209615208,-1.7760247015191633e-05,7.1785896343200764e-06,0.0,0.0,nan,0,-0.03999998128076214,39.47630223445579,9.116831086876396e-16,7.351843597171503e-06,1
10.24,4.0,2.2244123281727335,0.25531293174153186,0.0,0.0,nan,0,143.6025664921669,-2.224412328172734,-0.25531293174152914,0.0,0.0,nan,0,-143.64256758519306,-1.7782508082438142e-05,9.647876158006236e-06,0.0,0.0,nan,0,-0.03999998912136066,39.427252234455786,7.198365700324126e-16,9.300495523931699e-06,1
10.245000000000001,4.0,2.2256888928314402,0.2553129317415246,0.0,0.0,nan,0,143.79956786583915,-2.2256888928314407,-0.25531293174152186,0.0,0.0,nan,0,-143.83956895886533,-1.780709517645168e-05,1.1069846488785115e-05,0.0,0.0,nan,0,-0.03999999884694114,39.3782022344558,6.070379107304966e-16,1.066573465605719e-05,1
10.25,4.0,2.226965457490148,0.25531293174153913,0.0,0.0,nan,0,143.99632398951144,-2.2269654574901483,-0.2553129317415364,0.0,0.0,nan,0,-144.03632508253762,-1.7832320263418827e-05,8.008737929093343e-06,0.0,0.0,nan,0,-0.04000000941220214,39.329152234455805,2.864055012187512e-16,8.875786177541425e-06,1
10.255,4.0,2.2282420221488577,0.25531293174153913,0.0,0.0,nan,0,144.19283486318372,-2.228242022148858,-0.2553129317415364,0.0,0.0,nan,0,-144.2328359562099,-1.7851918903709352e-05,-8.924190300828626e-06,0.0,0.0,nan,0,-0.04000001621607231,39.28010223445581,1.673740192790347e-15,-3.985747679541571e-06,2
10.26,4.0,2.2295185868075658,0.2553129317415246,0.0,0.0,nan,0,144.389100486856,-2.229518586807566,-0.25531293174152186,0.0,0.0,nan,0,-144.42910157988217,-1.7847292781984075e-05,-6.443731730533016e-05,0.0,0.0,nan,0,-0.04000000384618792,39.23105223445583,1.6621938733342452e-15,-5.1557745979488753e-05,2
10.265,4.0,2.230795151466271,0.2553129317415246,0.0,0.0,nan,0,144.58512086052826,-2.2307951514662716,-0.25531293174152186,0.0,0.0,nan,0,-144.62512195355444,-1.783250294646807e-05,7.178503075109778e-06,0.0,0.0,nan,0,-0.03999998128136274,39.18200223445585,1.6488711970387433e-15,7.351814915978972e-06,2
10.27,4.0,2.2320717161249775,0.25531293174153186,0.0,0.0,nan,0,144.78089598420055,-2.232071716124978,-0.25531293174152914,0.0,0.0,nan,0,-144.82089707722673,-1.7854764326481753e-05,9.647784652860575e-06,0.0,0.0,nan,0,-0.03999998912193052,39.13295223445589,1.6302194502250407e-15,9.300458366037159e-06,2
10.275,4.0,2.233348280783684,0.2553129317415173,0.0,0.0,nan,0,144.97642585787284,-2.2333482807836846,-0.2553129317415146,0.0,0.0,nan,0,-145.01642695089902,-1.787935172841565e-05,1.1069751223364297e-05,0.0,0.0,nan,0,-0.039999998847471734,39.08390223445591,1.5982450271158362e-15,1.0665690000084938e-05,2
10.28,4.0,2.2346248454423896,0.2553129317415173,0.0,0.0,nan,0,145.17171048154512,-2.23462484544239,-0.2553129317415146,0.0,0.0,nan,0,-145.2117115745713,-1.790457712079474e-05,8.008646846296363e-06,0.0,0.0,nan,0,-0.040000009412687686,39.03485223445592,1.5644942471672314e-15,8.875745128765493e-06,2
10.285,4.0,2.235901410101095,0.2553129317415246,0.0,0.0,nan,0,145.3667498552174,-2.2359014101010954,-0.25531293174152186,0.0,0.0,nan,0,-145.40675094824357,-1.7924176075895942e-05,-8.924247353456546e-06,0.0,0.0,nan,0,-0.04000001621652441,38.98580223445593,1.520085326182225e-15,-3.985737852453983e-06,2
10.290000000000001,4.0,2.2371779747598026,0.25531293174153913,0.0,0.0,nan,0,145.5615439788897,-2.237177974759803,-0.2553129317415364,0.0,0.0,nan,0,-145.60154507191587,-1.791955032050957e-05,-6.443724322512414e-05,0.0,0.0,nan,0,-0.04000000384668688,38.93675223445594,1.4481428741865152e-15,-5.1557517689603094e-05,2
10.295,4.0,2.23845453941851,0.2553129317415173,0.0,0.0,nan,0,145.75609285256195,-2.2384545394185102,-0.2553129317415146,0.0,0.0,nan,0,-145.79609394558813,-1.7904760880399495e-05,7.178416525832517e-06,0.0,0.0,nan,0,-0.039999981281963394,38.88770223445596,1.3975167042636079e-15,7.351786233677993e-06,2
10.3,4.0,2.239731104077216,0.2553129317415173,0.0,0.0,nan,0,145.95039647623423,-2.2397311040772165,-0.2553129317415146,0.0,0.0,nan,0,-145.9903975692604,-1.792702257313525e-05,9.647693156769554e-06,0.0,0.0,nan,0,-0.03999998912250044,38.838652234455964,1.3175806464905965e-15,9.300421207337928e-06,2
10.305,4.0,2.2410076687359233,0.25531293174153186,0.0,0.0,nan,0,146.1444548499065,-2.2410076687359237,-0.25531293174152914,0.0,0.0,nan,0,-146.1844559429327,-1.7951610282909702e-05,1.1069655966371916e-05,0.0,0.0,nan,0,-0.03999999884800242,38.78960223445598,1.2172164850644824e-15,1.0665645341984604e-05,2
10.31,4.0,2.242284233394633,0.2553129317415682,0.0,0.0,nan,0,146.3382679735788,-2.2422842333946336,-0.2553129317415655,0.0,0.0,nan,0,-146.378269066605,-1.7976835980645228e-05,8.008555771983717e-06,0.0,0.0,nan,0,-0.040000009413173304,38.740552234455976,1.1070823610216668e-15,8.875704081210795e-06,2
10.315,4.0,2.243560798053343,0.25531293174153913,0.0,0.0,nan,0,146.53183584725107,-2.2435607980533434,-0.2553129317415364,0.0,0.0,nan,0,-146.57183694027725,-1.7996435250505066e-05,-8.92430439531714e-06,0.0,0.0,nan,0,-0.04000001621697653,38.69150223445597,9.125712871073395e-16,-3.985728019128729e-06,1
10.32,4.0,2.2448373627120506,0.25531293174153186,0.0,0.0,nan,0,146.72515847092336,-2.244837362712051,-0.25531293174152914,0.0,0.0,nan,0,-146.76515956394954,-1.7991809861405555e-05,-6.443716912481991e-05,0.0,0.0,nan,0,-0.0400000038471859,38.64245223445598,5.75063487621292e-16,-5.155728939226296e-05,1
10.325000000000001,4.0,2.24611392737076,0.2553129317415464,0.0,0.0,nan,0,146.91823584459564,-2.2461139273707604,-0.2553129317415437,0.0,0.0,nan,0,-146.95823693762182,-1.797702081665631e-05,7.1783299864495954e-06,0.0,0.0,nan,0,-0.039999981282564115,38.59340223445598,3.183799243279557e-16,7.351757550669127e-06,1
10.33,4.0,2.24739049202947,0.2553129317415537,0.0,0.0,nan,0,147.11106796826792,-2.2473904920294703,-0.25531293174155095,0.0,0.0,nan,0,-147.1510690612941,-1.799928282206556e-05,9.647601669936603e-06,0.0,0.0,nan,0,-0.03999998912307043,38.54435223445597,1.6746283712100472e-15,9.3003840466545e-06,2
10.335,4.0,2.2486670566881797,0.25531293174156094,0.0,0.0,nan,0,147.30365484194022,-2.24866705668818,-0.2553129317415582,0.0,0.0,nan,0,-147.3436559349664,-1.8023870839652817e-05,1.1069560717646934e-05,0.0,0.0,nan,0,-0.039999998848533155,38.49530223445598,1.6648584085933457e-15,1.0665600683364688e-05,2
10.34,4.0,2.2499436213468895,0.25531293174158276,0.0,0.0,nan,0,147.49599646561248,-2.24994362134689,-0.25531293174158004,0.0,0.0,nan,0,-147.53599755863866,-1.8049096842692736e-05,8.008464706068617e-06,0.0,0.0,nan,0,-0.04000000941365897,38.446252234456,1.6506475538781437e-15,8.87566302709868e-06,2
10.345,4.0,2.2512201860055994,0.2553129317415973,0.0,0.0,nan,0,147.68809283928476,-2.2512201860056,-0.2553129317415946,0.0,0.0,nan,0,-147.72809393231094,-1.8068696427259168e-05,-8.92436142623339e-06,0.0,0.0,nan,0,-0.04000001621742874,38.39720223445599,1.6346603423235414e-15,-3.985718193158474e-06,2
10.35,4.0,2.252496750664309,0.25531293174158276,0.0,0.0,nan,0,147.87994396295704,-2.2524967506643097,-0.25531293174158004,0.0,0.0,nan,0,-147.91994505598322,-1.8064071404397947e-05,-6.44370950036603e-05,0.0,0.0,nan,0,-0.040000003847684984,38.348152234456,1.6133440602507384e-15,-5.1557061082345326e-05,2
10.355,4.0,2.253773315323019,0.2553129317415973,0.0,0.0,nan,0,148.07154983662932,-2.2537733153230195,-0.2553129317415946,0.0,0.0,nan,0,-148.1115509296555,-1.8049282754954016e-05,7.178243456809616e-06,0.0,0.0,nan,0,-0.03999998128316492,38.29910223445602,1.5858105292400346e-15,7.351728863815339e-06,2
10.36,4.0,2.255049879981729,0.25531293174158276,0.0,0.0,nan,0,148.26291046030158,-2.2550498799817293,-0.25531293174158004,0.0,0.0,nan,0,-148.30291155332776,-1.8071545072967377e-05,9.64751019232559e-06,0.0,0.0,nan,0,-0.039999989123640486,38.25005223445602,1.5565006413899305e-15,9.300346892415694e-06,2
10.365,4.0,2.2563264446404387,0.25531293174159003,0.0,0.0,nan,0,148.45402583397387,-2.256326444640439,-0.2553129317415873,0.0,0.0,nan,0,-148.49402692700005,-1.8096133398294578e-05,1.1069465477964758e-05,0.0,0.0,nan,0,-0.03999999884906394,38.201002234456034,1.5120917204049244e-15,1.0665556027838293e-05,2
10.370000000000001,4.0,2.2576030092991486,0.25531293174159003,0.0,0.0,nan,0,148.64489595764616,-2.257603009299149,-0.2553129317415873,0.0,0.0,nan,0,-148.68489705067233,-1.812135970658338e-05,8.008373648842947e-06,0.0,0.0,nan,0,-0.04000000941414466,38.15195223445605,1.4810054757154201e-15,8.875621976605005e-06,2
10.375,4.0,2.2588795739578584,0.25531293174159003,0.0,0.0,nan,0,148.83552083131843,-2.258879573957859,-0.2553129317415873,0.0,0.0,nan,0,-148.8755219243446,-1.8140959605790485e-05,-8.924418446173036e-06,0.0,0.0,nan,0,-0.040000016217881,38.10290223445605,1.4303793057925128e-15,-3.985708367235286e-06,2
10.38,4.0,2.2601561386165683,0.25531293174161185,0.0,0.0,nan,0,149.0259004549907,-2.2601561386165687,-0.25531293174160913,0.0,0.0,nan,0,-149.06590154801688,-1.8136334949108573e-05,-6.443702086220876e-05,0.0,0.0,nan,0,-0.04000000384818413,38.053852234456066,1.3699831732529045e-15,-5.1556832758342955e-05,2
10.385,4.0,2.261432703275278,0.25531293174163366,0.0,0.0,nan,0,149.216034828663,-2.2614327032752786,-0.25531293174163094,0.0,0.0,nan,0,-149.25603592168918,-1.8121546694924856e-05,7.178156937326249e-06,0.0,0.0,nan,0,-0.039999981283765765,38.00480223445608,1.2616254060494893e-15,7.3517001778675044e-06,2
10.39,4.0,2.262709267933988,0.25531293174161185,0.0,0.0,nan,0,149.40592395233529,-2.2627092679339884,-0.25531293174160913,0.0,0.0,nan,0,-149.44592504536146,-1.8143809325500693e-05,9.64741872389065e-06,0.0,0.0,nan,0,-0.039999989124210614,37.95575223445609,1.1852420619552783e-15,9.300309717095102e-06,2
10.395,4.0,2.263985832592698,0.25531293174163366,0.0,0.0,nan,0,149.59556782600757,-2.2639858325926983,-0.25531293174163094,0.0,0.0,nan,0,-149.63556891903374,-1.8168397958515797e-05,1.106937024650087e-05,0.0,0.0,nan,0,-0.03999999884959481,37.906702234456084,1.0600089047775604e-15,1.066551136864818e-05,2
10.4,4.0,2.2652623972514077,0.25531293174163366,0.0,0.0,nan,0,149.78496644967984,-2.265262397251408,-0.25531293174163094,0.0,0.0,nan,0,-149.82496754270602,-1.8193624572004907e-05,8.008282600184644e-06,0.0,0.0,nan,0,-0.040000009414630444,37.8576522344561,8.79708685578435e-16,8.87558091977508e-06,1
10.405,4.0,2.2665389619101175,0.2553129317416191,0.0,0.0,nan,0,149.97411982335214,-2.266538961910118,-0.2553129317416164,0.0,0.0,nan,0,-150.01412091637832,-1.8213224785807586e-05,-8.924475455136055e-06,0.0,0.0,nan,0,-0.04000001621833332,37.80860223445609,6.549995453943031e-16,-3.9856985373747976e-06,1
10.41,4.0,2.2678155265688273,0.25531293174163366,0.0,0.0,nan,0,150.1630279470244,-2.267815526568828,-0.25531293174163094,0.0,0.0,nan,0,-150.20302904005058,-1.820860049526682e-05,-6.443694669980342e-05,0.0,0.0,nan,0,-0.040000003848683345,37.75955223445609,4.791402182936782e-16,-5.155660442340266e-05,1
10.415000000000001,4.0,2.269092091227537,0.25531293174163366,0.0,0.0,nan,0,150.3516908206967,-2.2690920912275376,-0.255312931741631,0.0,0.0,nan,0,-150.39169191372287,-1.8193812636287804e-05,7.178070427535188e-06,0.0,0.0,nan,0,-0.03999998128436669,37.710502234456094,2.22456655000342e-16,7.351671490193053e-06,1
10.42,4.0,2.270368655886247,0.2553129317416482,0.0,0.0,nan,0,150.54010844436897,-2.2703686558862475,-0.2553129317416455,0.0,0.0,nan,0,-150.58010953739515,-1.8216075579360197e-05,9.647327264508964e-06,0.0,0.0,nan,0,-0.039999989124780776,37.66145223445609,1.6737401927903466e-15,9.300272553726725e-06,2
10.425,4.0,2.271645220544957,0.2553129317416555,0.0,0.0,nan,0,150.72828081804127,-2.2716452205449573,-0.25531293174165276,0.0,0.0,nan,0,-150.76828191106745,-1.8240664520007693e-05,1.1069275023519368e-05,0.0,0.0,nan,0,-0.03999999885012573,37.61240223445609,1.662193873334245e-15,1.0665466701277046e-05,2
10.43,4.0,2.2729217852036667,0.2553129317416555,0.0,0.0,nan,0,150.91620794171354,-2.272921785203667,-0.25531293174165276,0.0,0.0,nan,0,-150.95620903473971,-1.8265891438624254e-05,8.008191559911673e-06,0.0,0.0,nan,0,-0.04000000941511629,37.56335223445609,1.6542002675569436e-15,8.875539860253075e-06,2
10.435,4.0,2.2741983498623766,0.25531293174164094,0.0,0.0,nan,0,151.10388981538583,-2.274198349862377,-0.2553129317416382,0.0,0.0,nan,0,-151.143890908412,-1.8285491966973932e-05,-8.924532453395434e-06,0.0,0.0,nan,0,-0.04000001621878571,37.51430223445608,1.6391012344220416e-15,-3.9856887089949045e-06,2
10.44,4.0,2.2754749145210864,0.25531293174164094,0.0,0.0,nan,0,151.2913264390581,-2.275474914521087,-0.2553129317416382,0.0,0.0,nan,0,-151.3313275320843,-1.828086804251533e-05,-6.443687251705309e-05,0.0,0.0,nan,0,-0.04000000384918261,37.46525223445609,1.6222258444477393e-15,-5.1556376076910715e-05,2
10.445,4.0,2.2767514791797963,0.25531293174163366,0.0,0.0,nan,0,151.4785178127304,-2.2767514791797967,-0.25531293174163094,0.0,0.0,nan,0,-151.51851890575657,-1.8266080578695915e-05,7.177983927535184e-06,0.0,0.0,nan,0,-0.03999998128496767,37.416202234456094,1.606238632893137e-15,7.351642801308013e-06,2
10.450000000000001,4.0,2.278028043838506,0.25531293174163366,0.0,0.0,nan,0,151.66546393640266,-2.2780280438385065,-0.25531293174163094,0.0,0.0,nan,0,-151.70546502942884,-1.828834383421976e-05,9.647235814495544e-06,0.0,0.0,nan,0,-0.03999998912535102,37.36715223445609,1.5760405666233325e-15,9.300235387798617e-06,2
10.455,4.0,2.279304608497216,0.2553129317416482,0.0,0.0,nan,0,151.85216481007492,-2.2793046084972164,-0.2553129317416455,0.0,0.0,nan,0,-151.8921659031011,-1.831293308244414e-05,1.1069179809197037e-05,0.0,0.0,nan,0,-0.03999999885065671,37.31810223445609,1.5254143967004256e-15,1.0665422036918612e-05,2
10.46,4.0,2.280581173155926,0.2553129317416482,0.0,0.0,nan,0,152.0386204337472,-2.2805811731559262,-0.2553129317416455,0.0,0.0,nan,0,-152.0786215267734,-1.8338160306156925e-05,8.008100528202762e-06,0.0,0.0,nan,0,-0.04000000941560218,37.26905223445612,1.4898872599124206e-15,8.875498804093711e-06,2
10.465,4.0,2.2818577378146356,0.25531293174164094,0.0,0.0,nan,0,152.2248308074195,-2.281857737814636,-0.2553129317416382,0.0,0.0,nan,0,-152.26483190044567,-1.8357761148987684e-05,-8.924589440562823e-06,0.0,0.0,nan,0,-0.04000001621923812,37.22000223445612,1.4170566294970103e-15,-3.9856788764619055e-06,2
10.47,4.0,2.2831343024733455,0.2553129317416482,0.0,0.0,nan,0,152.41079593109177,-2.283134302473346,-0.2553129317416455,0.0,0.0,nan,0,-152.45079702411795,-1.8353137590562674e-05,-6.443679831380138e-05,0.0,0.0,nan,0,-0.0400000038496819,37.17095223445612,1.3397851069830992e-15,-5.1556147718320024e-05,2
10.475,4.0,2.2844108671320553,0.25531293174166275,0.0,0.0,nan,0,152.59651580476404,-2.2844108671320558,-0.25531293174166003,0.0,0.0,nan,0,-152.63651689779022,-1.8338350521857755e-05,7.1778974377207906e-06,0.0,0.0,nan,0,-0.03999998128556866,37.12190223445613,1.214551949805382e-15,7.351614111953107e-06,2
10.48,4.0,2.285687431790765,0.25531293174163366,0.0,0.0,nan,0,152.78199042843633,-2.2856874317907656,-0.25531293174163094,0.0,0.0,nan,0,-152.8219915214625,-1.8360614089784483e-05,9.64714437356565e-06,0.0,0.0,nan,0,-0.03999998912592128,37.072852234456136,1.0990887552443657e-15,9.30019821012877e-06,2
10.485,4.0,2.286963996449475,0.2553129317416191,0.0,0.0,nan,0,152.96721980210862,-2.2869639964494755,-0.2553129317416164,0.0,0.0,nan,0,-153.0072208951348,-1.838520364553023e-05,1.1069084603312471e-05,0.0,0.0,nan,0,-0.039999998851187726,37.023802234456134,9.60532921771146e-16,1.0665377365809122e-05,1
10.49,4.0,2.288240561108185,0.2553129317416264,0.0,0.0,nan,0,153.1522039257809,-2.2882405611081853,-0.25531293174162367,0.0,0.0,nan,0,-153.19220501880707,-1.8410431174259445e-05,8.008009505093319e-06,0.0,0.0,nan,0,-0.04000000941608811,36.97475223445616,7.82897237831121e-16,8.87545774166291e-06,1
10.495000000000001,4.0,2.2895171257668947,0.2553129317416555,0.0,0.0,nan,0,153.33694279945317,-2.289517125766895,-0.25531293174165276,0.0,0.0,nan,0,-153.37694389247935,-1.8430032331508833e-05,-8.924646416867643e-06,0.0,0.0,nan,0,-0.0400000162196906,36.92570223445618,5.750634876212914e-16,-3.985669047007329e-06,1
10.5,4.0,2.2907936904256045,0.25531293174166275,0.0,0.0,nan,0,153.52143642312546,-2.290793690425605,-0.25531293174166003,0.0,0.0,nan,0,-153.56143751615164,-1.8425409139058435e-05,-6.443672408965292e-05,0.0,0.0,nan,0,-0.040000003850181265,36.87665223445619,3.5035434743715946e-16,-5.155591935031552e-05,1
