time_s,z_m,vz_m_s,contact_count,normal_force_N,contact_dist_m,geometric_penetration_m
0.0,0.021,-2.0,0,0.0,nan,0.0
1e-05,0.020980000000000002,-2.0,0,0.0,nan,0.0
2e-05,0.020960000000000003,-2.0,0,0.0,nan,0.0
3.0000000000000004e-05,0.02094,-2.0,0,0.0,nan,0.0
4e-05,0.02092,-2.0,0,0.0,nan,0.0
5e-05,0.020900000000000002,-2.0,0,0.0,nan,0.0
6.000000000000001e-05,0.020880000000000003,-2.0,0,0.0,nan,0.0
7.000000000000001e-05,0.02086,-2.0,0,0.0,nan,0.0
8e-05,0.02084,-2.0,0,0.0,nan,0.0
9e-05,0.02082,-2.0,0,0.0,nan,0.0
0.0001,0.020800000000000003,-2.0,0,0.0,nan,0.0
0.00011,0.02078,-2.0,0,0.0,nan,0.0
0.00012000000000000002,0.02076,-2.0,0,0.0,nan,0.0
0.00013000000000000002,0.02074,-2.0,0,0.0,nan,0.0
0.00014000000000000001,0.020720000000000002,-2.0,0,0.0,nan,0.0
0.00015000000000000001,0.0207,-2.0,0,0.0,nan,0.0
0.00016,0.02068,-2.0,0,0.0,nan,0.0
0.00017,0.02066,-2.0,0,0.0,nan,0.0
0.00018,0.020640000000000002,-2.0,0,0.0,nan,0.0
0.00019,0.020620000000000003,-2.0,0,0.0,nan,0.0
0.0002,0.0206,-2.0,0,0.0,nan,0.0
0.00021,0.02058,-2.0,0,0.0,nan,0.0
0.00022,0.020560000000000002,-2.0,0,0.0,nan,0.0
0.00023,0.020540000000000003,-2.0,0,0.0,nan,0.0
0.00024000000000000003,0.02052,-2.0,0,0.0,nan,0.0
0.00025,0.0205,-2.0,0,0.0,nan,0.0
0.00026000000000000003,0.02048,-2.0,0,0.0,nan,0.0
0.00027,0.020460000000000002,-2.0,0,0.0,nan,0.0
0.00028000000000000003,0.02044,-2.0,0,0.0,nan,0.0
0.00029,0.02042,-2.0,0,0.0,nan,0.0
0.00030000000000000003,0.0204,-2.0,0,0.0,nan,0.0
0.00031,0.020380000000000002,-2.0,0,0.0,nan,0.0
0.00032,0.02036,-2.0,0,0.0,nan,0.0
0.00033000000000000005,0.02034,-2.0,0,0.0,nan,0.0
0.00034,0.02032,-2.0,0,0.0,nan,0.0
0.00035000000000000005,0.020300000000000002,-2.0,0,0.0,nan,0.0
0.00036,0.02028,-2.0,0,0.0,nan,0.0
0.00037000000000000005,0.02026,-2.0,0,0.0,nan,0.0
0.00038,0.02024,-2.0,0,0.0,nan,0.0
0.00039000000000000005,0.020220000000000002,-2.0,0,0.0,nan,0.0
0.0004,0.0202,-2.0,0,0.0,nan,0.0
0.00041000000000000005,0.02018,-2.0,0,0.0,nan,0.0
0.00042,0.02016,-2.0,0,0.0,nan,0.0
0.00043000000000000004,0.02014,-2.0,0,0.0,nan,0.0
0.00044,0.02012,-2.0,0,0.0,nan,0.0
0.00045000000000000004,0.0201,-2.0,0,0.0,nan,0.0
0.00046,0.02008,-2.0,0,0.0,nan,0.0
0.00047000000000000004,0.02006,-2.0,0,0.0,nan,0.0
0.00048000000000000007,0.02004,-2.0,0,0.0,nan,0.0
0.0004900000000000001,0.02002,-2.0,0,0.0,nan,0.0
0.0005,0.02,-2.0,0,0.0,nan,0.0
0.00051,0.01998,-2.0,1,0.0,0.0,0.0
0.0005200000000000001,0.0199600029965625,-1.99970034375,1,29.96562499999996,-1.9999999999999185e-05,1.9999999999999185e-05
0.0005300000000000001,0.01994000900923853,-1.9993987323969342,1,30.161135306591802,-3.9997003437500234e-05,3.9997003437500234e-05
0.00054,0.019920018057573197,-1.999095166533388,1,30.356586354615946,-5.999099076146874e-05,5.999099076146874e-05
0.00055,0.01990003016110566,-1.9987896467538135,1,30.551977957440727,-7.998194242680307e-05,7.998194242680307e-05
0.0005600000000000001,0.01988004533936911,-1.9984821736545284,1,30.747309928521656,-9.996983889434125e-05,9.996983889434125e-05
0.0005700000000000001,0.019860063611890775,-1.9981727478337143,1,30.942582081401678,-0.00011995466063088878,0.00011995466063088878
0.00058,0.019840084998191863,-1.9978613698914172,1,31.13779422971121,-0.00013993638810922554,0.00013993638810922554
0.00059,0.019820109517787565,-1.9975480404295454,1,31.33294618716848,-0.00015991500180813703,0.00015991500180813703
0.0006000000000000001,0.01980013719018705,-1.9972327600518696,1,31.5280377675797,-0.00017989048221243517,0.00017989048221243517
0.0006100000000000001,0.01978016803489341,-1.9969155293640213,1,31.723068784838983,-0.00019986280981295138,0.00019986280981295138
0.00062,0.019760202071403672,-1.996596348973492,1,31.918039052928904,-0.00021983196510659206,0.00021983196510659206
0.00063,0.019740239319208777,-1.9962752194896327,1,32.11294838592034,-0.00023979792859632823,0.00023979792859632823
0.00064,0.01972027979779354,-1.995952141523653,1,32.30779659797278,-0.00025976068079122325,0.00025976068079122325
0.0006500000000000001,0.019700323526636653,-1.9956271156886196,1,32.5025835033346,-0.00027972020220646057,0.00027972020220646057
0.0006600000000000001,0.01968037052521066,-1.995300142599456,1,32.697308916343005,-0.00029967647336334724,0.00029967647336334724
0.00067,0.01966042081298193,-1.994971222872942,1,32.89197265142439,-0.0003196294747893416,0.0003196294747893416
0.00068,0.019640474409410653,-1.994640357127711,1,33.08657452309441,-0.00033957918701807074,0.00033957918701807074
0.0006900000000000001,0.01962053133395081,-1.9943075459842514,1,33.28111434595824,-0.0003595255905893477,0.0003595255905893477
0.0007000000000000001,0.019600591606050162,-1.9939727900649042,1,33.475591934710636,-0.0003794686660491889,0.0003794686660491889
0.00071,0.019580655245150222,-1.993636089993863,1,33.67000710413622,-0.00039940839394983843,0.00039940839394983843
0.00072,0.01956072227068625,-1.993297446397172,1,33.86435966910958,-0.0004193447548497785,0.0004193447548497785
0.0007300000000000001,0.019540792702087223,-1.992956859902726,1,34.05864944459542,-0.0004392777293137501,0.0004392777293137501
0.0007400000000000001,0.019520866558775822,-1.9926143311402695,1,34.252876245648814,-0.00045920729791277745,0.00045920729791277745
0.00075,0.019500943860168405,-1.9922698607413953,1,34.44703988741532,-0.00047913344122417836,0.00047913344122417836
0.00076,0.01948102462567501,-1.9919234493395441,1,34.641140185131256,-0.0004990561398315954,0.0004990561398315954
0.0007700000000000001,0.01946110887469931,-1.9915750975700028,1,34.835176954123575,-0.000518975374324989,0.000518975374324989
0.0007800000000000001,0.019441196626638613,-1.9912248060699047,1,35.02915000981046,-0.0005388911253006896,0.0005388911253006896
0.00079,0.019421287900883828,-1.9908725754782277,1,35.22305916770112,-0.000558803373361387,0.000558803373361387
0.0008,0.019401382716819474,-1.9905184064357937,1,35.41690424339629,-0.0005787120991161722,0.0005787120991161722
0.0008100000000000001,0.019381481093823618,-1.990162299585268,1,35.61068505258799,-0.0005986172831805268,0.0005986172831805268
0.0008200000000000001,0.019361583051267908,-1.9898042555711573,1,35.8044014110602,-0.0006185189061763824,0.0006185189061763824
0.0008300000000000001,0.01934168860851751,-1.9894442750398105,1,35.99805313468854,-0.0006384169487320922,0.0006384169487320922
0.00084,0.019321797784931115,-1.989082358639416,1,36.191640039440834,-0.0006583113914824905,0.0006583113914824905
0.0008500000000000001,0.019301910599860916,-1.9887185070200022,1,36.38516194137705,-0.0006782022150688856,0.0006782022150688856
0.0008600000000000001,0.019282027072652582,-1.9883527208334357,1,36.57861865664947,-0.000698089400139084,0.000698089400139084
0.0008700000000000001,0.019262147222645246,-1.9879850007334208,1,36.77201000150306,-0.0007179729273474184,0.0007179729273474184
0.00088,0.019242271069171493,-1.987615347375498,1,36.965335792275404,-0.0007378527773547541,0.0007378527773547541
0.0008900000000000001,0.019222398631557322,-1.9872437614170442,1,37.15859584539698,-0.0007577289308285072,0.0007577289308285072
0.0009000000000000001,0.01920252992912215,-1.9868702435172703,1,37.35178997739139,-0.0007776013684426784,0.0007776013684426784
0.0009100000000000001,0.019182664981178776,-1.9864947943372215,1,37.544918004875385,-0.0007974700708778502,0.0007974700708778502
0.00092,0.01916280380703338,-1.986117414539776,1,37.73797974455918,-0.0008173350188212247,0.0008173350188212247
0.00093,0.019142946425985484,-1.9857381047896434,1,37.93097501324647,-0.0008371961929666202,0.0008371961929666202
0.0009400000000000001,0.01912309285732795,-1.9853568657533651,1,38.12390362783478,-0.0008570535740145165,0.0008570535740145165
0.0009500000000000001,0.019103243120346957,-1.984973698099312,1,38.31676540531552,-0.0008769071426720509,0.0008769071426720509
0.0009600000000000001,0.01908339723432198,-1.9845886024976842,1,38.509560162774115,-0.0008967568796530434,0.0008967568796530434
0.00097,0.019063555218525773,-1.9842015796205104,1,38.70228771739027,-0.00091660276567802,0.00091660276567802
0.0009800000000000002,0.01904371709222436,-1.9838126301416459,1,38.89494788643815,-0.0009364447814742272,0.0009364447814742272
0.00099,0.01902388287467699,-1.983421754736773,1,39.08754048728639,-0.0009562829077756421,0.0009562829077756421
0.001,0.019004052585136155,-1.983028954083399,1,39.28006533739849,-0.000976117125323011,0.000976117125323011
0.00101,0.018984226242847548,-1.9826342288608556,1,39.472522254332794,-0.0009959474148638452,0.0009959474148638452
0.00102,0.018964403867050044,-1.9822375797502982,1,39.66491105574274,-0.001015773757152453,0.001015773757152453
0.00103,0.0189445854769757,-1.9818390074347045,1,39.85723155937705,-0.0010355961329499563,0.0010355961329499563
0.0010400000000000001,0.01892477109184971,-1.9814385125988738,1,40.04948358307984,-0.001055414523024302,0.001055414523024302
0.0010500000000000002,0.018904960730890416,-1.981036095929426,1,40.24166694479085,-0.001075228908150292,0.001075228908150292
0.0010600000000000002,0.018885154413309267,-1.9806317581148005,1,40.433781462545504,-0.0010950392691095844,0.0010950392691095844
0.00107,0.018865352158310814,-1.9802254998452558,1,40.62582695447527,-0.001114845586690734,0.001114845586690734
0.00108,0.018845553985092686,-1.9798173218128676,1,40.817803238807585,-0.0011346478416891861,0.0011346478416891861
0.00109,0.01882575991284557,-1.9794072247115289,1,41.00971013386622,-0.001154446014907315,0.001154446014907315
0.0011,0.0188059699607532,-1.978995209236948,1,41.20154745807135,-0.0011742400871544295,0.0011742400871544295
0.00111,0.018786184147992335,-1.9785812760866486,1,41.39331502993976,-0.001194030039246799,0.001194030039246799
0.0011200000000000001,0.018766402493732733,-1.9781654259599677,1,41.58501266808499,-0.0012138158520076658,0.0012138158520076658
0.0011300000000000001,0.018746625017137152,-1.9777476595580554,1,41.77664019121752,-0.0012335975062672672,0.0012335975062672672
0.0011400000000000002,0.018726851737361314,-1.977327977583874,1,41.968197418144854,-0.0012533749828628482,0.0012533749828628482
0.0011500000000000002,0.018707082673553893,-1.9769063807421963,1,42.15968416777188,-0.0012731482626386868,0.0012731482626386868
0.00116,0.018687317844856496,-1.9764828697396053,1,42.3511002591008,-0.0012929173264461073,0.0012929173264461073
0.00117,0.018667557270403652,-1.976057445284493,1,42.54244551123151,-0.0013126821551435047,0.0013126821551435047
0.00118,0.01864780096932278,-1.9756301080870593,1,42.733719743361604,-0.0013324427295963483,0.0013324427295963483
0.00119,0.018628048960734188,-1.9752008588593115,1,42.92492277478663,-0.0013521990306772196,0.0013521990306772196
0.0012000000000000001,0.01860830126375104,-1.9747696983150624,1,43.11605442490023,-0.0013719510392658125,0.0013719510392658125
0.0012100000000000001,0.01858855789747934,-1.9743366271699305,1,43.30711451319425,-0.0013916987362489613,0.0013916987362489613
0.0012200000000000002,0.018568818881017926,-1.973901646141338,1,43.498102859259085,-0.001411442102520661,0.001411442102520661
0.0012300000000000002,0.01854908423345844,-1.9734647559485101,1,43.68901928278362,-0.0014311811189820743,0.0014311811189820743
0.00124,0.018529353973885315,-1.9730259573124747,1,43.879863603555535,-0.00145091576654156,0.00145091576654156
0.00125,0.018509628121375757,-1.97258525095606,1,44.070635641461415,-0.0014706460261146859,0.0014706460261146859
0.00126,0.018489906694999718,-1.972142637603895,1,44.26133521648693,-0.0014903718786242436,0.0014903718786242436
0.00127,0.018470189713819894,-1.971698117982408,1,44.451962148717044,-0.0015100933050002825,0.0015100933050002825
0.00128,0.018450477196891694,-1.9712516928198247,1,44.64251625833613,-0.001529810286180107,0.001529810286180107
0.0012900000000000001,0.018430769163263232,-1.9708033628461685,1,44.83299736562812,-0.0015495228031083066,0.0015495228031083066
0.0013000000000000002,0.0184110656319753,-1.9703531287932587,1,45.02340529097667,-0.001569230836736768,0.001569230836736768
0.0013100000000000002,0.018391366622061353,-1.96990099139471,1,45.21373985486544,-0.0015889343680247012,0.0015889343680247012
0.0013200000000000002,0.018371672152547494,-1.9694469513859314,1,45.404000877878055,-0.0016086333779386473,0.0016086333779386473
0.00133,0.01835198224245245,-1.9689910095041243,1,45.59418818069849,-0.0016283278474525063,0.0016283278474525063
0.00134,0.01833229691078757,-1.9685331664882832,1,45.7843015841111,-0.0016480177575475506,0.0016480177575475506
0.00135,0.018312616176556776,-1.9680734230791932,1,45.974340909000716,-0.0016677030892124321,0.0016677030892124321
0.00136,0.018292940058756584,-1.9676117800194297,1,46.16430597635304,-0.001687383823443224,0.001687383823443224
0.0013700000000000001,0.01827326857637605,-1.9671482380533571,1,46.354196607254586,-0.001707059941243417,0.001707059941243417
0.0013800000000000002,0.018253601748396776,-1.9666827979271282,1,46.54401262289298,-0.0017267314236239506,0.0017267314236239506
0.0013900000000000002,0.01823393959379289,-1.9662154603886826,1,46.73375384455707,-0.001746398251603224,0.001746398251603224
0.0014000000000000002,0.018214282131531014,-1.965746226187746,1,46.923420093637034,-0.0017660604062071095,0.0017660604062071095
0.00141,0.018194629380570256,-1.9652750960758298,1,47.113011191624686,-0.0017857178684689869,0.0017857178684689869
0.00142,0.018174981359862192,-1.9648020708062286,1,47.302526960113504,-0.0018053706194297442,0.0018053706194297442
0.00143,0.018155338088350854,-1.9643271511340206,1,47.491967220798905,-0.0018250186401378085,0.0018250186401378085
0.00144,0.018135699584972693,-1.9638503378160659,1,47.68133179547826,-0.001844661911649146,0.001844661911649146
0.0014500000000000001,0.01811606586865658,-1.9633716316110055,1,47.87062050605123,-0.001864300415027307,0.001864300415027307
0.0014600000000000001,0.01809643695832379,-1.9628910332792602,1,48.05983317451985,-0.001883934131343419,0.001883934131343419
0.0014700000000000002,0.01807681287288796,-1.9624085435830303,1,48.2489696229886,-0.0019035630416762116,0.0019035630416762116
0.0014800000000000002,0.018057193631255096,-1.9619241632862936,1,48.438029673664715,-0.0019231871271120395,0.0019231871271120395
0.0014900000000000002,0.01803757925232355,-1.961437893154805,1,48.62701314885834,-0.0019428063687449044,0.0019428063687449044
0.0015,0.018017969754983987,-1.9609497339560953,1,48.815919870982505,-0.0019624207476764514,0.0019624207476764514
0.00151,0.017998365158119395,-1.9604596864594697,1,49.004749662553586,-0.0019820302450160136,0.0019820302450160136
0.00152,0.017978765480605032,-1.9599677514360077,1,49.193502346191124,-0.0020016348418806056,0.0020016348418806056
0.0015300000000000001,0.01795917074130845,-1.9594739296585615,1,49.38217774461838,-0.0020212345193949682,0.0020212345193949682
0.0015400000000000001,0.01793958095908943,-1.9589782219017549,1,49.570775680662074,-0.0020408292586915518,0.0020408292586915518
0.0015500000000000002,0.01791999615280001,-1.9584806289419823,1,49.75929597725291,-0.002060419040910571,0.002060419040910571
0.0015600000000000002,0.017900416341284437,-1.957981151557408,1,49.947738457425494,-0.002080003847199991,0.002080003847199991
0.0015700000000000002,0.017880841543379156,-1.9574797905279648,1,50.13610294431862,-0.0020995836587155634,0.0020995836587155634
0.00158,0.0178612717779128,-1.956976546635353,1,50.32438926117542,-0.0021191584566208448,0.0021191584566208448
0.00159,0.017841707063706174,-1.9564714206630396,1,50.51259723134345,-0.002138728222087199,0.002138728222087199
0.0016,0.01782214741957221,-1.9559644133962568,1,50.700726678274904,-0.0021582929362938263,0.0021582929362938263
0.00161,0.01780259286431599,-1.9554555256220016,1,50.888777425526875,-0.00217785258042779,0.00217785258042779
0.0016200000000000001,0.0177830434167347,-1.954944758129034,1,51.07674929676132,-0.002197407135684011,0.002197407135684011
0.0016300000000000002,0.01776349909561762,-1.9544321117078765,1,51.26464211574527,-0.0022169565832652997,0.0022169565832652997
0.0016400000000000002,0.017743959919746113,-1.953917587150813,1,51.452455706351174,-0.0022365009043823804,0.0022365009043823804
0.0016500000000000002,0.017724425907893596,-1.9534011852518873,1,51.64018989255683,-0.0022560400802538877,0.0022560400802538877
0.0016600000000000002,0.017704897078825527,-1.952882906806903,1,51.82784449844564,-0.002275574092106405,0.002275574092106405
0.00167,0.01768537345129939,-1.9523627526134208,1,52.01541934820685,-0.0022951029211744738,0.0022951029211744738
0.00168,0.017665855044064684,-1.9518407234707595,1,52.20291426613551,-0.0023146265487006094,0.0023146265487006094
0.00169,0.01764634187586288,-1.9513168201799933,1,52.39032907663283,-0.002334144955935317,0.002334144955935317
0.0017000000000000001,0.017626833965427444,-1.9507910435439513,1,52.577663604206236,-0.0023536581241371188,0.0023536581241371188
0.0017100000000000001,0.01760733133148377,-1.9502633943672165,1,52.76491767346951,-0.002373166034572556,0.002373166034572556
0.0017200000000000002,0.01758783399274921,-1.9497338734561251,1,52.952091109143126,-0.002392668668516229,0.002392668668516229
0.0017300000000000002,0.017568341967933023,-1.9492024816187645,1,53.139183736054136,-0.0024121660072507906,0.0024121660072507906
0.0017400000000000002,0.017548855275736373,-1.948669219664973,1,53.326195379136536,-0.0024316580320669773,0.0024316580320669773
0.00175,0.01752937393485231,-1.9481340884063387,1,53.513125863431384,-0.002451144724263627,0.002451144724263627
0.00176,0.017509897963965747,-1.947597088656198,1,53.69997501408686,-0.0024706260651476894,0.0024706260651476894
0.00177,0.01749042738175345,-1.9470582212296343,1,53.88674265635859,-0.002490102036034253,0.002490102036034253
0.0017800000000000001,0.017470962206884016,-1.9465174869434783,1,54.07342861560966,-0.0025095726182465493,0.0025095726182465493
0.0017900000000000001,0.017451502458017853,-1.9459748866163051,1,54.26003271731083,-0.002529037793115984,0.002529037793115984
0.0018000000000000002,0.01743204815380717,-1.9454304210684348,1,54.4465547870407,-0.002548497541982147,0.002548497541982147
0.0018100000000000002,0.01741259931289595,-1.9448840911219298,1,54.63299465048587,-0.00256795184619283,0.00256795184619283
0.0018200000000000002,0.017393155953919943,-1.9443358976005953,1,54.8193521334411,-0.002587400687104051,0.002587400687104051
0.0018300000000000002,0.017373718095506644,-1.9437858413299773,1,55.005627061809435,-0.002606844046080057,0.002606844046080057
0.00184,0.017354285756275272,-1.9432339231373612,1,55.19181926160236,-0.0026262819044933564,0.0026262819044933564
0.00185,0.017334858954836753,-1.9426801438517718,1,55.377928558940035,-0.0026457142437247283,0.0026457142437247283
0.00186,0.017315437709793713,-1.9421245043039712,1,55.56395478005142,-0.0026651410451632475,0.0026651410451632475
0.0018700000000000001,0.017296022039740448,-1.9415670053264584,1,55.74989775127431,-0.0026845622902062875,0.0026845622902062875
0.0018800000000000002,0.017276611963262915,-1.941007647753468,1,55.9357572990557,-0.002703977960259552,0.002703977960259552
0.0018900000000000002,0.017257207498938703,-1.9404464324209685,1,56.12153324995176,-0.002723388036737086,0.002723388036737086
0.0019000000000000002,0.017237808665337036,-1.9398833601666623,1,56.30722543062818,-0.0027427925010612975,0.0027427925010612975
0.0019100000000000002,0.01721841548101874,-1.9393184318299836,1,56.49283366786004,-0.0027621913346629647,0.0027621913346629647
0.0019200000000000003,0.017199027964536217,-1.9387516482520983,1,56.67835778853229,-0.002781584518981261,0.002781584518981261
0.00193,0.017179646134433457,-1.938183010275902,1,56.86379761963976,-0.0028009720354637835,0.0028009720354637835
0.00194,0.017160270009245998,-1.937612518746019,1,57.049152988287254,-0.002820353865566543,0.002820353865566543
0.0019500000000000001,0.017140899607500912,-1.937040174508802,1,57.23442372168976,-0.0028397299907540023,0.0028397299907540023
0.0019600000000000004,0.017121534947716788,-1.9364659784123301,1,57.41960964717266,-0.0028591003924990886,0.0028591003924990886
0.00197,0.017102176048403722,-1.9358899313064084,1,57.604710592171884,-0.0028784650522832127,0.0028784650522832127
0.00198,0.017082822928063297,-1.935312034042566,1,57.78972638423394,-0.0028978239515962782,0.0028978239515962782
0.00199,0.017063475605188557,-1.9347322874740558,1,57.974656851016164,-0.002917177071936703,0.002917177071936703
0.002,0.017044134098263997,-1.934150692455853,1,58.159501820286906,-0.0029365243948114433,0.0029365243948114433
0.00201,0.017024798425765552,-1.9335672498446537,1,58.344261119925655,-0.002955865901736004,0.002955865901736004
0.00202,0.017005468606160562,-1.9329819604988745,1,58.528934577923124,-0.0029752015742344484,0.0029752015742344484
0.00203,0.01698614465790778,-1.9323948252786507,1,58.71352202238153,-0.0029945313938394384,0.0029945313938394384
0.00204,0.016966826599457318,-1.9318058450458355,1,58.89802328151464,-0.003013855342092222,0.003013855342092222
0.00205,0.01694751444925068,-1.931215020663999,1,59.082438183648044,-0.0030331734005426825,0.0030331734005426825
0.00206,0.016928208225720692,-1.930622352998427,1,59.26676655721913,-0.0030524855507493218,0.0030524855507493218
0.0020700000000000002,0.01690890794729153,-1.9300278429161193,1,59.451008230777475,-0.003071791774279308,0.003071791774279308
0.0020800000000000003,0.016889613632378675,-1.9294314912857895,1,59.635163032984764,-0.0030910920527084697,0.0030910920527084697
0.0020900000000000003,0.016870325299388898,-1.9288332989778634,1,59.81923079261505,-0.0031103863676213254,0.0031103863676213254
0.0021000000000000003,0.016851042966720253,-1.928233266864478,1,60.00321133855501,-0.003129674700611103,0.003129674700611103
0.0021100000000000003,0.016831766652762058,-1.92763139581948,1,60.18710449980397,-0.003148957033279748,0.003148957033279748
0.0021200000000000004,0.016812496375894874,-1.9270276867184253,1,60.370910105474024,-0.0031682333472379427,0.0031682333472379427
0.0021300000000000004,0.016793232154490488,-1.9264221404385773,1,60.554627984790315,-0.0031875036241051265,0.0031875036241051265
0.00214,0.0167739740069119,-1.9258147578589064,1,60.73825796709114,-0.0032067678455095124,0.0032067678455095124
0.00215,0.016754721951513295,-1.9252055398600882,1,60.92179988182803,-0.0032260259930881018,0.0032260259930881018
0.00216,0.016735476006640052,-1.9245944873245027,1,61.10525355856603,-0.003245278048486705,0.003245278048486705
0.00217,0.01671623619062869,-1.9239816011362327,1,61.28861882698369,-0.003264523993359948,0.003264523993359948
0.00218,0.016697002521806878,-1.923366882181064,1,61.47189551687344,-0.0032837638093713116,0.0032837638093713116
0.00219,0.016677775018493414,-1.9227503313464827,1,61.65508345814159,-0.0033029974781931225,0.0033029974781931225
0.0022,0.016658553698998196,-1.9221319495216747,1,61.838182480808435,-0.0033222249815065864,0.0033222249815065864
0.00221,0.01663933858162222,-1.9215117375975246,1,62.021192415008585,-0.0033414463010018047,0.0033414463010018047
0.00222,0.016620129684657554,-1.9208896964666147,1,62.20411309099096,-0.0033606614183777812,0.0033606614183777812
0.00223,0.01660092702638732,-1.9202658270232236,1,62.386944339119,-0.0033798703153424467,0.0033798703153424467
0.0022400000000000002,0.016581730625085687,-1.9196401301633248,1,62.56968598987083,-0.003399072973612676,0.003399072973612676
0.0022500000000000003,0.01656254049901784,-1.9190126067845863,1,62.75233787383949,-0.003418269374914313,0.003418269374914313
0.0022600000000000003,0.016543356666439978,-1.9183832577863689,1,62.93489982173281,-0.003437459500982159,0.003437459500982159
0.0022700000000000003,0.016524179145599283,-1.917752084069725,1,63.11737166437388,-0.0034566433335600187,0.0034566433335600187
0.0022800000000000003,0.01650500795473391,-1.9171190865373982,1,63.29975323270113,-0.003475820854400718,0.003475820854400718
0.0022900000000000004,0.01648584311207297,-1.9164842660938204,1,63.48204435776828,-0.003494992045266092,0.003494992045266092
0.0023000000000000004,0.016466684635836518,-1.915847623645113,1,63.66424487074477,-0.0035141568879270314,0.0035141568879270314
0.00231,0.01644753254423553,-1.9152091600990837,1,63.84635460291561,-0.0035333153641634828,0.0035333153641634828
0.00232,0.016428386855471877,-1.9145688763652269,1,64.02837338568185,-0.0035524674557644714,0.0035524674557644714
0.00233,0.01640924758773833,-1.9139267733547212,1,64.21030105056057,-0.0035716131445281234,0.0035716131445281234
0.00234,0.016390114759218522,-1.9132828519804292,1,64.39213742918503,-0.003590752412261672,0.003590752412261672
0.00235,0.016370988388086954,-1.9126371131568962,1,64.57388235330471,-0.003609885240781475,0.003609885240781475
0.00236,0.016351868492508952,-1.9119895578003483,1,64.75553565478582,-0.003629011611913046,0.003629011611913046
0.00237,0.016332755090640663,-1.9113401868286921,1,64.93709716561096,-0.003648131507491048,0.003648131507491048
0.00238,0.016313648200629048,-1.9106890011615134,1,65.11856671787973,-0.0036672449093593344,0.0036672449093593344
0.00239,0.016294547840611847,-1.9100360017200753,1,65.29994414380859,-0.0036863517993709523,0.0036863517993709523
0.0024000000000000002,0.016275454028717575,-1.909381189427318,1,65.48122927573108,-0.0037054521593881534,0.0037054521593881534
0.0024100000000000002,0.016256366783065496,-1.908724565207857,1,65.66242194609801,-0.0037245459712824253,0.0037245459712824253
0.0024200000000000003,0.016237286121765615,-1.9080661299879822,1,65.84352198747759,-0.0037436332169345048,0.0037436332169345048
0.0024300000000000003,0.01621821206291866,-1.9074058846956568,1,66.02452923255562,-0.0037627138782343854,0.0037627138782343854
0.0024400000000000003,0.016199144624616052,-1.9067438302605153,1,66.2054435141355,-0.0037817879370813413,0.0037817879370813413
0.0024500000000000004,0.016180083824939916,-1.906079967613864,1,66.38626466513855,-0.0038008553753839484,0.0038008553753839484
0.0024600000000000004,0.016161029681963028,-1.9054142976886779,1,66.56699251860405,-0.003819916175060084,0.003819916175060084
0.0024700000000000004,0.016141982213748834,-1.904746821419601,1,66.7476269076895,-0.0038389703180369723,0.0038389703180369723
0.00248,0.016122941438351402,-1.9040775397429444,1,66.92816766567057,-0.0038580177862511666,0.0038580177862511666
0.00249,0.016103907373815438,-1.903406453596685,1,67.10861462594148,-0.003877058561648595,0.003877058561648595
0.0025,0.016084880038176232,-1.9027335639204648,1,67.28896762201504,-0.003896092626184563,0.003896092626184563
0.00251,0.016065859449459676,-1.9020588716555895,1,67.46922648752272,-0.003915119961823768,0.003915119961823768
0.00252,0.016046845625682225,-1.9013823777450274,1,67.64939105621494,-0.003934140550540324,0.003934140550540324
0.00253,0.016027838584850893,-1.9007040831334079,1,67.82946116196115,-0.003953154374317775,0.003953154374317775
0.00254,0.016008838344963222,-1.9000239887670203,1,68.00943663874999,-0.003972161415149108,0.003972161415149108
0.00255,0.015989844924007283,-1.8993420955938134,1,68.18931732068944,-0.003991161655036778,0.003991161655036778
0.00256,0.01597085833996165,-1.8986584045633934,1,68.36910304200697,-0.004010155075992717,0.004010155075992717
0.0025700000000000002,0.01595187861079538,-1.897972916627023,1,68.54879363704961,-0.00402914166003835,0.00402914166003835
0.0025800000000000003,0.015932905754468003,-1.8972856327376202,1,68.72838894028433,-0.004048121389204622,0.004048121389204622
0.0025900000000000003,0.015913939788929507,-1.8965965538497571,1,68.90788878629783,-0.004067094245531998,0.004067094245531998
0.0026000000000000003,0.01589498073212031,-1.895905680919659,1,69.08729300979702,-0.004086060211070493,0.004086060211070493
0.0026100000000000003,0.015876028601971258,-1.8952130149052029,1,69.26660144560904,-0.004105019267879692,0.004105019267879692
0.0026200000000000004,0.015857083416403597,-1.8945185567659162,1,69.44581392868126,-0.0041239713980287425,0.0041239713980287425
0.0026300000000000004,0.01583814519332897,-1.8938223074629754,1,69.62493029408176,-0.004142916583596404,0.004142916583596404
0.0026400000000000004,0.015819213950649374,-1.8931242679592055,1,69.80395037699913,-0.004161854806671032,0.004161854806671032
0.00265,0.015800289706257183,-1.892424439219078,1,69.98287401274283,-0.004180786049350623,0.004180786049350623
0.00266,0.015781372478035096,-1.8917228222087106,1,70.16170103674331,-0.004199710293742814,0.004199710293742814
0.00267,0.015762462283856138,-1.891019417895865,1,70.34043128455208,-0.004218627521964901,0.004218627521964901
0.00268,0.015743559141583638,-1.8903142272499467,1,70.51906459184192,-0.0042375377161438625,0.0042375377161438625
0.00269,0.01572466306907122,-1.8896072512420026,1,70.69760079440695,-0.0042564408584163625,0.0042564408584163625
0.0027,0.015705774084162773,-1.8888984908447208,1,70.87603972816291,-0.00427533693092878,0.00427533693092878
0.00271,0.015686892204692448,-1.8881879470324294,1,71.05438122914722,-0.004294225915837228,0.004294225915837228
0.00272,0.015668017448484638,-1.8874756207810943,1,71.23262513351911,-0.0043131077953075525,0.0043131077953075525
0.0027300000000000002,0.015649149833353953,-1.8867615130683186,1,71.41077127755976,-0.004331982551515363,0.004331982551515363
0.0027400000000000002,0.01563028937710522,-1.886045624873342,1,71.58881949767252,-0.004350850166646044,0.004350850166646044
0.0027500000000000003,0.01561143609753345,-1.885327957177038,1,71.76676963038308,-0.00436971062289478,0.00436971062289478
0.0027600000000000003,0.015592590012423833,-1.8846085109619146,1,71.94462151233938,-0.004388563902466549,0.004388563902466549
0.0027700000000000003,0.01557375113955171,-1.8838872872121115,1,72.12237498031203,-0.004407409987576168,0.004407409987576168
0.0027800000000000004,0.015554919496682577,-1.8831642869133995,1,72.3000298711944,-0.00442624886044829,0.00442624886044829
0.0027900000000000004,0.015536095101572046,-1.8824395110531795,1,72.47758602200254,-0.004445080503317423,0.004445080503317423
0.0028000000000000004,0.01551727797196584,-1.8817129606204808,1,72.6550432698757,-0.004463904898427955,0.004463904898427955
0.0028100000000000004,0.015498468125599778,-1.88098463660596,1,72.83240145207608,-0.00448272202803416,0.00448272202803416
0.00282,0.01547966558019976,-1.8802545400019,1,73.00966040598934,-0.00450153187440022,0.00450153187440022
0.00283,0.015460870353481738,-1.8795226718022087,1,73.18681996912441,-0.004520334419800239,0.004520334419800239
0.00284,0.015442082463151714,-1.8787890330024175,1,73.36387997911392,-0.004539129646518262,0.004539129646518262
0.00285,0.01542330192690572,-1.8780536245996804,1,73.54084027371415,-0.004557917536848286,0.004557917536848286
0.00286,0.01540452876242979,-1.8773164475927724,1,73.71770069080524,-0.004576698073094281,0.004576698073094281
0.00287,0.015385762987399968,-1.8765775029820884,1,73.89446106839141,-0.00459547123757021,0.00459547123757021
0.00288,0.015367004619482275,-1.8758367917696424,1,74.07112124460092,-0.004614237012600031,0.004614237012600031
0.00289,0.015348253676332684,-1.8750943149590655,1,74.24768105768638,-0.004632995380517726,0.004632995380517726
0.0029000000000000002,0.015329510175597125,-1.8743500735556053,1,74.42414034602487,-0.004651746323667317,0.004651746323667317
0.0029100000000000003,0.015310774134911463,-1.8736040685661242,1,74.60049894811802,-0.004670489824402874,0.004670489824402874
0.0029200000000000003,0.015292045571901475,-1.8728563009990982,1,74.77675670259212,-0.0046892258650885355,0.0046892258650885355
0.0029300000000000003,0.015273324504182829,-1.8721067718646163,1,74.95291344819839,-0.004707954428098526,0.004707954428098526
0.0029400000000000003,0.015254610949361085,-1.871355482174378,1,75.12896902381307,-0.004726675495817172,0.004726675495817172
0.0029500000000000004,0.015235904925031667,-1.8706024329416937,1,75.3049232684375,-0.004745389050638916,0.004745389050638916
0.0029600000000000004,0.01521720644877985,-1.8698476251814817,1,75.48077602119837,-0.004764095074968333,0.004764095074968333
0.0029700000000000004,0.01519851553818075,-1.8690910599102684,1,75.65652712134775,-0.00478279355122015,0.00478279355122015
0.0029800000000000004,0.015179832210799285,-1.8683327381461858,1,75.8321764082633,-0.004801484461819251,0.004801484461819251
0.00299,0.015161156484190197,-1.8675726609089713,1,76.00772372144841,-0.004820167789200714,0.004820167789200714
0.003,0.015142488375897996,-1.866810829219966,1,76.18316890053232,-0.0048388435158098035,0.0048388435158098035
0.00301,0.015123827903456975,-1.8660472441021134,1,76.3585117852703,-0.004857511624102003,0.004857511624102003
0.00302,0.015105175084391177,-1.865281906579958,1,76.53375221554373,-0.004876172096543025,0.004876172096543025
0.00303,0.015086529936214378,-1.8645148176796444,1,76.70889003136027,-0.004894824915608824,0.004894824915608824
0.00304,0.01506789247643009,-1.8637459784289159,1,76.88392507285403,-0.0049134700637856205,0.0049134700637856205
0.00305,0.015049262722531518,-1.862975389857113,1,77.05885718028568,-0.0049321075235699095,0.0049321075235699095
0.0030600000000000002,0.015030640692001569,-1.8622030529951727,1,77.23368619404262,-0.004950737277468481,0.004950737277468481
0.0030700000000000002,0.01501202640231281,-1.8614289688756263,1,77.40841195463904,-0.004969359307998432,0.004969359307998432
0.0030800000000000003,0.014993419870927484,-1.860653138532599,1,77.58303430271617,-0.004987973597687189,0.004987973597687189
0.0030900000000000003,0.014974821115297465,-1.8598755630018087,1,77.75755307904235,-0.005006580129072517,0.005006580129072517
0.0031000000000000003,0.01495623015286426,-1.8590962433205636,1,77.9319681245132,-0.005025178884702535,0.005025178884702535
0.0031100000000000004,0.014937647001058981,-1.858315180527762,1,78.10627928015172,-0.00504376984713574,0.00504376984713574
0.0031200000000000004,0.014919071677302345,-1.8575323756638908,1,78.28048638710851,-0.005062352998941018,0.005062352998941018
0.0031300000000000004,0.014900504199004634,-1.8567478297710243,1,78.4545892866618,-0.005080928322697655,0.005080928322697655
0.0031400000000000004,0.014881944583565704,-1.855961543892822,1,78.62858782021773,-0.005099495800995366,0.005099495800995366
0.0031500000000000005,0.01486339284837496,-1.8551735190745289,1,78.80248182931034,-0.005118055416434295,0.005118055416434295
0.00316,0.014844849010811331,-1.8543837563629728,1,78.97627115560178,-0.00513660715162504,0.00513660715162504
0.00317,0.014826313088243264,-1.853592256806564,1,79.14995564088248,-0.005155150989188669,0.005155150989188669
0.00318,0.01480778509802871,-1.8527990214552932,1,79.3235351270713,-0.005173686911756736,0.005173686911756736
0.00319,0.014789265057515103,-1.852004051360731,1,79.49700945621548,-0.005192214901971288,0.005192214901971288
0.0032,0.014770752984039345,-1.851207347576026,1,79.67037847049107,-0.0052107349424848955,0.0052107349424848955
0.00321,0.014752248894927784,-1.850408911155904,1,79.84364201220286,-0.005229247015960656,0.005229247015960656
0.00322,0.014733752807496218,-1.8496087431566661,1,80.01679992378463,-0.005247751105072215,0.005247751105072215
0.0032300000000000002,0.014715264739049855,-1.848806844636188,1,80.18985204779914,-0.005266247192503782,0.005266247192503782
0.0032400000000000003,0.014696784706883317,-1.8480032166539186,1,80.36279822693844,-0.005284735260950144,0.005284735260950144
0.0032500000000000003,0.014678312728280608,-1.8471978602708785,1,80.53563830402398,-0.005303215293116684,0.005303215293116684
0.0032600000000000003,0.014659848820515114,-1.8463907765496586,1,80.70837212200661,-0.005321687271719392,0.005321687271719392
0.0032700000000000003,0.01464139300084957,-1.8455819665544189,1,80.88099952396684,-0.005340151179484887,0.005340151179484887
0.0032800000000000004,0.01462294528653606,-1.8447714313508876,1,81.05352035311498,-0.005358606999150431,0.005358606999150431
0.0032900000000000004,0.014604505694815997,-1.8439591720063597,1,81.22593445279128,-0.00537705471346394,0.00537705471346394
0.0033000000000000004,0.014586074242920098,-1.843145189589695,1,81.39824166646594,-0.005395494305184004,0.005395494305184004
0.0033100000000000004,0.014567650948068386,-1.8423294851713177,1,81.5704418377394,-0.005413925757079902,0.005413925757079902
0.0033200000000000005,0.014549235827470152,-1.8415120598232142,1,81.74253481034239,-0.005432349051931615,0.005432349051931615
0.00333,0.014530828898323963,-1.8406929146189328,1,81.91452042813613,-0.005450764172529847,0.005450764172529847
0.00334,0.014512430177817628,-1.8398720506335817,1,82.08639853511245,-0.005469171101676036,0.005469171101676036
0.00335,0.01449403968312819,-1.8390494689438277,1,82.25816897539383,-0.005487569822182372,0.005487569822182372
0.00336,0.014475657431421911,-1.8382251706278954,1,82.42983159323366,-0.005505960316871811,0.005505960316871811
0.00337,0.014457283439854255,-1.8373991567655652,1,82.60138623301636,-0.005524342568578089,0.005524342568578089
0.00338,0.014438917725569874,-1.8365714284381727,1,82.77283273925745,-0.005542716560145745,0.005542716560145745
0.0033900000000000002,0.014420560305702587,-1.8357419867286067,1,82.94417095660374,-0.005561082274430126,0.005561082274430126
0.0034000000000000002,0.014402211197375375,-1.8349108327213084,1,83.11540072983347,-0.005579439694297413,0.005579439694297413
0.0034100000000000003,0.01438387041770035,-1.8340779675022698,1,83.28652190385635,-0.005597788802624626,0.005597788802624626
0.0034200000000000003,0.014365537983778761,-1.8332433921590328,1,83.45753432371384,-0.005616129582299649,0.005616129582299649
0.0034300000000000003,0.014347213912700954,-1.832407107780687,1,83.62843783457923,-0.005634462016221239,0.005634462016221239
0.0034400000000000003,0.014328898221546375,-1.8315691154578693,1,83.79923228175771,-0.005652786087299046,0.005652786087299046
0.0034500000000000004,0.014310590927383546,-1.8307294162827623,1,83.96991751068657,-0.005671101778453626,0.005671101778453626
0.0034600000000000004,0.014292292047270058,-1.829888011349093,1,84.14049336693532,-0.005689409072616452,0.005689409072616452
0.0034700000000000004,0.014274001598252536,-1.8290449017521309,1,84.31095969620586,-0.005707707952729943,0.005707707952729943
0.0034800000000000005,0.01425571959736665,-1.8282000885886875,1,84.48131634433251,-0.005725998401747465,0.005725998401747465
0.0034900000000000005,0.014237446061637078,-1.8273535729571146,1,84.65156315728233,-0.005744280402633351,0.005744280402633351
0.0035,0.014219181008077505,-1.826505355957303,1,84.82169998115502,-0.005762553938362922,0.005762553938362922
0.00351,0.0142009244536906,-1.8256554386906811,1,84.99172666218325,-0.005780818991922496,0.005780818991922496
0.00352,0.014182676415467995,-1.8248038222602139,1,85.16164304673265,-0.005799075546309401,0.005799075546309401
0.00353,0.014164436910390293,-1.8239505077704008,1,85.33144898130212,-0.005817323584532004,0.005817323584532004
0.00354,0.01414620595542702,-1.8230954963272756,1,85.50114431252373,-0.005835563089609707,0.005835563089609707
0.00355,0.014127983567536636,-1.822238789038404,1,85.67072888716307,-0.00585379404457298,0.00585379404457298
0.0035600000000000002,0.014109769763666506,-1.8213803870128829,1,85.84020255211927,-0.0058720164324633645,0.0058720164324633645
0.0035700000000000003,0.014091564560752893,-1.8205202913613385,1,86.0095651544251,-0.005890230236333494,0.005890230236333494
0.0035800000000000003,0.014073367975720934,-1.819658503195926,1,86.17881654124726,-0.0059084354392471075,0.0059084354392471075
0.0035900000000000003,0.014055180025484632,-1.8187950236303272,1,86.34795655988628,-0.005926632024279066,0.005926632024279066
0.0036000000000000003,0.014037000726946833,-1.8179298537797495,1,86.5169850577769,-0.005944819974515368,0.005944819974515368
0.0036100000000000004,0.014018830096999224,-1.8170629947609247,1,86.6859018824881,-0.005962999273053167,0.005962999273053167
0.0036200000000000004,0.014000668152522301,-1.8161944476921075,1,86.85470688172308,-0.005981169903000776,0.005981169903000776
0.0036300000000000004,0.013982514910385373,-1.8153242136930743,1,87.02339990331966,-0.0059993318474776975,0.0059993318474776975
0.0036400000000000004,0.01396437038744652,-1.8144522938851217,1,87.19198079525022,-0.006017485089614628,0.006017485089614628
0.0036500000000000005,0.01394623460055261,-1.8135786893910655,1,87.36044940562196,-0.006035629612553481,0.006035629612553481
0.0036600000000000005,0.013928107566539255,-1.8127034013352388,1,87.52880558267685,-0.006053765399447391,0.006053765399447391
0.00367,0.013909989302230821,-1.8118264308434908,1,87.69704917479204,-0.006071892433460744,0.006071892433460744
0.00368,0.01389187982444039,-1.810947779043186,1,87.86518003047968,-0.006090010697769179,0.006090010697769179
0.00369,0.013873779149969758,-1.810067447063202,1,88.03319799838727,-0.00610812017555961,0.00610812017555961
0.0037,0.013855687295609417,-1.8091854360339292,1,88.20110292729773,-0.006126220850030242,0.006126220850030242
0.00371,0.013837604278138547,-1.808301747087268,1,88.36889466612953,-0.006144312704390581,0.006144312704390581
0.00372,0.01381953011432498,-1.8074163813566286,1,88.53657306393674,-0.006162395721861454,0.006162395721861454
0.0037300000000000002,0.013801464820925213,-1.8065293399769295,1,88.70413796990938,-0.00618046988567502,0.00618046988567502
0.0037400000000000003,0.013783408414684364,-1.805640624084596,1,88.87158923337327,-0.006198535179074788,0.006198535179074788
0.0037500000000000003,0.01376536091233619,-1.804750234817558,1,89.03892670379037,-0.006216591585315635,0.006216591585315635
0.0037600000000000003,0.013747322330603037,-1.8038581733152503,1,89.20615023075878,-0.00623463908766381,0.00623463908766381
0.0037700000000000003,0.01372929268619585,-1.8029644407186103,1,89.373259664013,-0.006252677669396963,0.006252677669396963
0.0037800000000000004,0.01371127199581415,-1.8020690381700761,1,89.54025485342392,-0.00627070731380415,0.00627070731380415
0.0037900000000000004,0.013693260276146015,-1.8011719668135862,1,89.70713564899906,-0.00628872800418585,0.00628872800418585
0.0038000000000000004,0.013675257543868068,-1.8002732277945774,1,89.87390190088267,-0.006306739723853986,0.006306739723853986
0.0038100000000000005,0.01365726381564547,-1.7993728222599839,1,90.04055345935579,-0.006324742456131932,0.006324742456131932
0.0038200000000000005,0.013639279108131886,-1.7984707513582354,1,90.20709017483647,-0.00634273618435453,0.00634273618435453
0.0038300000000000005,0.013621303437969495,-1.7975670162392565,1,90.37351189787985,-0.006360720891868113,0.006360720891868113
0.0038400000000000005,0.01360333682178895,-1.7966616180544648,1,90.53981847917835,-0.006378696562030505,0.006378696562030505
0.00385,0.013585379276209383,-1.795754557956769,1,90.7060097695617,-0.00639666317821105,0.00639666317821105
0.00386,0.013567430817838379,-1.794845837100569,1,90.87208561999714,-0.006414620723790617,0.006414620723790617
0.00387,0.01354949146327196,-1.7939354566417531,1,91.03804588158951,-0.006432569182161622,0.006432569182161622
0.00388,0.013531561229094581,-1.7930234177376974,1,91.20389040558149,-0.006450508536728041,0.006450508536728041
0.0038900000000000002,0.013513640131879109,-1.792109721547264,1,91.36961904335348,-0.006468438770905418,0.006468438770905418
0.0039000000000000003,0.013495728188186801,-1.7911943692307997,1,91.53523164642401,-0.00648635986812089,0.00648635986812089
0.00391,0.0134778254145673,-1.790277361950135,1,91.70072806644974,-0.006504271811813199,0.006504271811813199
0.003920000000000001,0.013459931827558613,-1.7893587008685827,1,91.86610815522548,-0.006522174585432699,0.006522174585432699
0.00393,0.013442047443687107,-1.788438387150936,1,92.03137176468454,-0.006540068172441385,0.006540068172441385
0.00394,0.013424172279467472,-1.787516421963467,1,92.1965187468987,-0.006557952556312894,0.006557952556312894
0.00395,0.01340630635140273,-1.7865928064739263,1,92.36154895407843,-0.006575827720532529,0.006575827720532529
0.00396,0.013388449675984217,-1.7856675418515406,1,92.52646223857289,-0.006593693648597269,0.006593693648597269
0.0039700000000000004,0.013370602269691546,-1.784740629267012,1,92.69125845287022,-0.006611550324015784,0.006611550324015784
0.00398,0.01335276414899262,-1.7838120698925162,1,92.85593744959749,-0.006629397730308455,0.006629397730308455
0.0039900000000000005,0.013334935330343602,-1.7828818649017009,1,93.02049908152098,-0.0066472358510073805,0.0066472358510073805
0.004,0.013317115830188908,-1.7819500154696855,1,93.18494320154629,-0.006665064669656396,0.006665064669656396
0.0040100000000000005,0.013299305664961177,-1.7810165227730583,1,93.34926966271833,-0.006682884169811092,0.006682884169811092
0.00402,0.013281504851081278,-1.780081387989876,1,93.51347831822162,-0.006700694335038823,0.006700694335038823
0.004030000000000001,0.013263713404958282,-1.7791446122996621,1,93.6775690213803,-0.0067184951489187225,0.0067184951489187225
0.00404,0.013245931342989448,-1.7782061968834055,1,93.84154162565824,-0.006736286595041718,0.006736286595041718
0.004050000000000001,0.013228158681560211,-1.777266142923559,1,94.00539598465932,-0.006754068657010552,0.006754068657010552
0.00406,0.013210395437044171,-1.7763244516040377,1,94.1691319521274,-0.006771841318439789,0.006771841318439789
0.004070000000000001,0.01319264162580307,-1.7753811241102182,1,94.33274938194647,-0.006789604562955829,0.006789604562955829
0.00408,0.013174897264186778,-1.7744361616289368,1,94.49624812814088,-0.00680735837419693,0.00680735837419693
0.004090000000000001,0.013157162368533294,-1.7734895653484881,1,94.65962804487533,-0.006825102735813221,0.006825102735813221
0.0041,0.013139436955168705,-1.7725413364586236,1,94.82288898645508,-0.006842837631466706,0.006842837631466706
0.00411,0.013121721040407201,-1.7715914761505502,1,94.98603080732602,-0.006860563044831293,0.006860563044831293
0.00412,0.01310401464055103,-1.7706399856169295,1,95.14905336207482,-0.006878278959592799,0.006878278959592799
0.00413,0.01308631777189051,-1.7696868660518752,1,95.31195650542912,-0.006895985359448969,0.006895985359448969
0.0041400000000000005,0.013068630450704,-1.7687321186509526,1,95.47474009225755,-0.006913682228109489,0.006913682228109489
0.00415,0.01305095269325789,-1.7677757446111768,1,95.63740397756985,-0.006931369549295999,0.006931369549295999
0.0041600000000000005,0.013033284515806577,-1.7668177451310116,1,95.79994801651712,-0.006949047306742111,0.006949047306742111
0.00417,0.013015625934592476,-1.7658581214103677,1,95.96237206439183,-0.0069667154841934215,0.0069667154841934215
0.0041800000000000006,0.01299797696584597,-1.7648968746506013,1,96.12467597662797,-0.006984374065407525,0.006984374065407525
0.00419,0.012980337625785425,-1.7639340060545132,1,96.28685960880118,-0.00700202303415403,0.00700202303415403
0.004200000000000001,0.01296270793061716,-1.7629695168263468,1,96.44892281662891,-0.007019662374214575,0.007019662374214575
0.00421,0.012945087896535444,-1.7620034081717872,1,96.61086545597048,-0.0070372920693828386,0.0070372920693828386
0.004220000000000001,0.012927477539722464,-1.761035681297959,1,96.77268738282723,-0.007054912103464556,0.007054912103464556
0.00423,0.012909876876348328,-1.7600663374134256,1,96.93438845334262,-0.007072522460277536,0.007072522460277536
0.004240000000000001,0.012892285922571047,-1.7590953777281875,1,97.09596852380245,-0.007090123123651671,0.007090123123651671
0.00425,0.012874704694536509,-1.758122803453681,1,97.2574274506348,-0.007107714077428953,0.007107714077428953
0.004260000000000001,0.012857133208378481,-1.757148615802777,1,97.41876509041037,-0.00712529530546349,0.00712529530546349
0.00427,0.012839571480218585,-1.7561728159897785,1,97.57998129984243,-0.007142866791621518,0.007142866791621518
0.00428,0.012822019526166281,-1.7551954052304206,1,97.74107593578702,-0.007160428519781416,0.007160428519781416
0.00429,0.01280447736231886,-1.7542163847418681,1,97.90204885524304,-0.007177980473833719,0.007177980473833719
0.0043,0.012786945004761435,-1.7532357557427145,1,98.06289991535243,-0.007195522637681138,0.007195522637681138
0.0043100000000000005,0.012769422469566905,-1.7522535194529805,1,98.22362897340024,-0.007213054995238565,0.007213054995238565
0.00432,0.012751909772795965,-1.7512696770941123,1,98.38423588681474,-0.007230577530433095,0.007230577530433095
0.0043300000000000005,0.012734406930497075,-1.7502842298889807,1,98.54472051316755,-0.0072480902272040355,0.0072480902272040355
0.00434,0.012716913958706454,-1.749297179061879,1,98.70508271017383,-0.007265593069502925,0.007265593069502925
0.004350000000000001,0.012699430873448068,-1.748308525838522,1,98.8653223356923,-0.007283086041293544,0.007283086041293544
0.00436,0.01268195769073361,-1.7473182714460447,1,99.0254392477254,-0.00730056912655193,0.00730056912655193
0.004370000000000001,0.012664494426562478,-1.7463264171130004,1,99.18543330441948,-0.007318042309266391,0.007318042309266391
0.00438,0.012647041096921784,-1.7453329640693598,1,99.34530436406476,-0.0073355055734375205,0.0073355055734375205
0.004390000000000001,0.01262959771778632,-1.744337913546509,1,99.50505228509563,-0.007352958903078214,0.007352958903078214
0.0044,0.012612164305118547,-1.743341266777248,1,99.66467692609068,-0.007370402282213679,0.007370402282213679
0.004410000000000001,0.012594740874868591,-1.7423430249957903,1,99.82417814577276,-0.007387835694881452,0.007387835694881452
0.00442,0.012577327442974212,-1.7413431894377602,1,99.98355580300924,-0.0074052591251314095,0.0074052591251314095
0.004430000000000001,0.01255992402536081,-1.7403417613401921,1,100.14280975681201,-0.0074226725570257866,0.0074226725570257866
0.00444,0.012542530637941397,-1.7393387419415287,1,100.30193986633769,-0.007440075974639188,0.007440075974639188
0.00445,0.012525147296616579,-1.73833413248162,1,100.46094599088767,-0.007457469362058603,0.007457469362058603
0.00446,0.012507774017274563,-1.737327934201721,1,100.6198279899083,-0.00747485270338342,0.00747485270338342
0.00447,0.012490410815791116,-1.736320148344491,1,100.7785857229909,-0.007492225982725437,0.007492225982725437
0.0044800000000000005,0.012473057708029575,-1.7353107761539923,1,100.93721904987207,-0.007509589184208883,0.007509589184208883
0.00449,0.012455714709840818,-1.734299818875688,1,101.09572783043356,-0.0075269422919704235,0.0075269422919704235
0.0045000000000000005,0.012438381837063254,-1.733287277756441,1,101.25411192470261,-0.007544285290159181,0.007544285290159181
0.00451,0.012421059105522811,-1.7322731540445124,1,101.41237119285194,-0.007561618162936745,0.007561618162936745
0.004520000000000001,0.012403746531032916,-1.7312574489895605,1,101.57050549519997,-0.0075789408944771895,0.0075789408944771895
0.00453,0.012386444129394488,-1.7302401638426383,1,101.72851469221078,-0.007596253468967085,0.007596253468967085
0.004540000000000001,0.012369151916395926,-1.7292212998561933,1,101.88639864449436,-0.007613555870605511,0.007613555870605511
0.00455,0.012351869907813087,-1.7282008582840653,1,102.04415721280671,-0.007630848083604072,0.007630848083604072
0.004560000000000001,0.01233459811940927,-1.7271788403814847,1,102.20179025804993,-0.007648130092186914,0.007648130092186914
0.00457,0.01231733656693522,-1.726155247405072,1,102.35929764127235,-0.007665401880590729,0.007665401880590729
0.004580000000000001,0.012300085266129093,-1.7251300806128353,1,102.51667922366856,-0.0076826634330647795,0.0076826634330647795
0.00459,0.012282844232716451,-1.7241033412641695,1,102.67393486657977,-0.007699914733870907,0.007699914733870907
0.004600000000000001,0.012265613482410252,-1.7230750306198546,1,102.83106443149362,-0.007717155767283549,0.007717155767283549
0.00461,0.01224839303091083,-1.7220451499420542,1,102.98806778004452,-0.007734386517589748,0.007734386517589748
0.00462,0.012231182893905887,-1.721013700494314,1,103.14494477401365,-0.0077516069690891694,0.0077516069690891694
0.0046300000000000004,0.01221398308707047,-1.7199806835415608,1,103.30169527532915,-0.0077688171060941134,0.0077688171060941134
0.00464,0.01219679362606697,-1.7189461003501,1,103.45831914606615,-0.007786016912929529,0.007786016912929529
0.0046500000000000005,0.012179614526545094,-1.7179099521876156,1,103.61481624844701,-0.00780320637393303,0.00780320637393303
0.00466,0.012162445804141862,-1.716872240323167,1,103.7711864448413,-0.007820385473454906,0.007820385473454906
0.0046700000000000005,0.01214528747448159,-1.7158329660271894,1,103.92742959776601,-0.007837554195858139,0.007837554195858139
0.00468,0.012128139553175876,-1.7147921305714906,1,104.08354556988563,-0.00785471252551841,0.00785471252551841
0.004690000000000001,0.012111002055823585,-1.7137497352292506,1,104.23953422401223,-0.007871860446824124,0.007871860446824124
0.0047,0.012093874998010835,-1.7127057812750195,1,104.39539542310574,-0.007888997944176416,0.007888997944176416
0.004710000000000001,0.012076758395310985,-1.7116602699847168,1,104.55112903027377,-0.007906125001989166,0.007906125001989166
0.00472,0.01205965226328463,-1.710613202635629,1,104.70673490877205,-0.007923241604689013,0.007923241604689013
0.004730000000000001,0.012042556617479567,-1.709564580506409,1,104.86221292200425,-0.00794034773671537,0.00794034773671537
0.00474,0.012025471473430794,-1.7085144048770737,1,105.01756293352236,-0.007957443382520434,0.007957443382520434
0.004750000000000001,0.012008396846660503,-1.7074626770290036,1,105.17278480702659,-0.007974528526569205,0.007974528526569205
0.00476,0.011991332752678056,-1.70640939824494,1,105.32787840636566,-0.007991603153339496,0.007991603153339496
0.004770000000000001,0.011974279206979965,-1.7053545698089847,1,105.4828435955367,-0.008008667247321945,0.008008667247321945
0.00478,0.011957236225049898,-1.704298193006598,1,105.63768023868562,-0.008025720793020035,0.008025720793020035
0.00479,0.011940203822358653,-1.703240269124597,1,105.79238820010698,-0.0080427637749501,0.0080427637749501
0.0048000000000000004,0.01192318201436414,-1.7021807994511544,1,105.94696734424436,-0.008059796177641347,0.008059796177641347
0.00481,0.011906170816511383,-1.7011197852757975,1,106.10141753569022,-0.00807681798563586,0.00807681798563586
0.0048200000000000005,0.01188917024423249,-1.7000572278894057,1,106.25573863918609,-0.008093829183488617,0.008093829183488617
0.00483,0.011872180312946647,-1.6989931285842095,1,106.40993051962289,-0.008110829755767511,0.008110829755767511
0.0048400000000000006,0.01185520103806011,-1.6979274886537892,1,106.5639930420407,-0.008127819687053353,0.008127819687053353
0.00485,0.011838232434966178,-1.696860309393073,1,106.71792607162911,-0.00814479896193989,0.00814479896193989
0.004860000000000001,0.011821274519045195,-1.6957915920983357,1,106.87172947372731,-0.008161767565033822,0.008161767565033822
0.00487,0.011804327305664521,-1.6947213380671975,1,107.02540311382405,-0.008178725480954805,0.008178725480954805
0.004880000000000001,0.011787390810178537,-1.6936495485986218,1,107.17894685755799,-0.008195672694335477,0.008195672694335477
0.00489,0.011770465047928606,-1.6925762249929146,1,107.33236057071755,-0.008212609189821463,0.008212609189821463
0.004900000000000001,0.011753550034243089,-1.6915013685517222,1,107.48564411924127,-0.008229534952071392,0.008229534952071392
0.00491,0.01173664578443731,-1.69042498057803,1,107.63879736921774,-0.00824644996575691,0.00824644996575691
0.004920000000000001,0.011719752313813548,-1.6893470623761613,1,107.79182018688584,-0.00826335421556269,0.00826335421556269
0.00493,0.011702869637661033,-1.6882676152517748,1,107.9447124386347,-0.00828024768618645,0.00828024768618645
0.004940000000000001,0.011685997771255913,-1.6871866405118647,1,108.09747399100395,-0.008297130362338968,0.008297130362338968
0.00495,0.011669136729861265,-1.6861041394647578,1,108.25010471068387,-0.008314002228744087,0.008314002228744087
0.00496,0.011652286528727063,-1.6850201134201126,1,108.40260446451516,-0.008330863270138735,0.008330863270138735
0.0049700000000000005,0.011635447183090172,-1.6839345636889178,1,108.55497311948963,-0.008347713471272937,0.008347713471272937
0.00498,0.01161861870817434,-1.6828474915834903,1,108.70721054274973,-0.008364552816909827,0.008364552816909827
0.0049900000000000005,0.011601801119190163,-1.6817588984174745,1,108.85931660158904,-0.008381381291825661,0.008381381291825661
0.005,0.011584994431335104,-1.68066878550584,1,109.01129116345217,-0.008398198880809836,0.008398198880809836
0.0050100000000000006,0.011568198659793458,-1.6795771541648807,1,109.16313409593505,-0.008415005568664894,0.008415005568664894
0.00502,0.011551413819736334,-1.6784840057122128,1,109.31484526678491,-0.008431801340206543,0.008431801340206543
0.005030000000000001,0.011534639926321668,-1.6773893414667738,1,109.46642454390043,-0.008448586180263664,0.008448586180263664
0.00504,0.011517876994694178,-1.6762931627488205,1,109.61787179533178,-0.008465360073678332,0.008465360073678332
0.005050000000000001,0.01150112503998538,-1.6751954708799277,1,109.76918688928089,-0.008482123005305821,0.008482123005305821
0.00506,0.011484384077313548,-1.6740962671829867,1,109.92036969410134,-0.00849887496001462,0.00849887496001462
0.005070000000000001,0.011467654121783726,-1.6729955529822036,1,110.07142007829879,-0.00851561592268645,0.00851561592268645
0.00508,0.011450935188487697,-1.6718933296030982,1,110.22233791053065,-0.008532345878216272,0.008532345878216272
0.005090000000000001,0.01143422729250397,-1.670789598372502,1,110.37312305960661,-0.008549064811512304,0.008549064811512304
0.0051,0.011417530448897786,-1.6696843606185572,1,110.5237753944885,-0.008565772707496028,0.008565772707496028
0.005110000000000001,0.01140084467272108,-1.6685776176707143,1,110.6742947842905,-0.008582469551102213,0.008582469551102213
0.00512,0.011384169979012482,-1.6674693708597315,1,110.8246810982791,-0.00859915532727892,0.00859915532727892
0.00513,0.011367506382797307,-1.6663596215176728,1,110.97493420587348,-0.008615830020987517,0.008615830020987517
0.0051400000000000005,0.011350853899087528,-1.6652483709779065,1,111.1250539766454,-0.008632493617202693,0.008632493617202693
0.00515,0.011334212542881777,-1.6641356205751032,1,111.27504028031932,-0.008649146100912473,0.008649146100912473
0.0051600000000000005,0.011317582329165323,-1.6630213716452356,1,111.42489298677262,-0.008665787457118223,0.008665787457118223
0.00517,0.011300963272910067,-1.6619056255255753,1,111.57461196603559,-0.008682417670834676,0.008682417670834676
0.005180000000000001,0.011284355389074522,-1.6607883835546924,1,111.72419708829165,-0.008699036727089932,0.008699036727089932
0.00519,0.011267758692603796,-1.6596696470724537,1,111.87364822387732,-0.008715644610925478,0.008715644610925478
0.005200000000000001,0.011251173198429595,-1.6585494174200208,1,112.0229652432825,-0.008732241307396202,0.008732241307396202
0.00521,0.011234598921470197,-1.6574276959398493,1,112.17214801715043,-0.008748826801570403,0.008748826801570403
0.005220000000000001,0.01121803587663044,-1.6563044839756864,1,112.32119641627779,-0.008765401078529802,0.008765401078529802
0.00523,0.011201484078801716,-1.6551797828725703,1,112.47011031161497,-0.008781964123369559,0.008781964123369559
0.005240000000000001,0.011184943542861946,-1.6540535939768277,1,112.61888957426599,-0.008798515921198284,0.008798515921198284
0.00525,0.011168414283675585,-1.6529259186360727,1,112.76753407548878,-0.008815056457138053,0.008815056457138053
0.005260000000000001,0.011151896316093594,-1.6517967581992057,1,112.91604368669505,-0.008831585716324414,0.008831585716324414
0.00527,0.011135389654953427,-1.6506661140164112,1,113.06441827945066,-0.008848103683906407,0.008848103683906407
0.005280000000000001,0.011118894315079036,-1.6495339874391564,1,113.21265772547557,-0.008864610345046571,0.008864610345046571
0.00529,0.011102410311280834,-1.6484003798201898,1,113.36076189664392,-0.008881105684920962,0.008881105684920962
0.0053,0.0110859376583557,-1.64726529251354,1,113.50873066498431,-0.008897589688719164,0.008897589688719164
0.0053100000000000005,0.011069476371086955,-1.6461287268745133,1,113.65656390267965,-0.0089140623416443,0.0089140623416443
0.00532,0.011053026464244355,-1.6449906842596926,1,113.80426148206752,-0.008930523628913046,0.008930523628913046
0.0053300000000000005,0.011036587952584088,-1.6438511660269362,1,113.95182327564011,-0.008946973535755643,0.008946973535755643
0.00534,0.011020160850848733,-1.6427101735353757,1,114.09924915604438,-0.008963412047415912,0.008963412047415912
0.005350000000000001,0.01100374517376728,-1.641567708145415,1,114.24653899608212,-0.008979839149151266,0.008979839149151266
0.00536,0.010987340936055093,-1.640423771218728,1,114.39369266871009,-0.00899625482623272,0.00899625482623272
0.005370000000000001,0.010970948152413909,-1.6392783641182576,1,114.54071004704028,-0.009012659063944908,0.009012659063944908
0.00538,0.010954566837531828,-1.638131488208214,1,114.68759100433962,-0.00902905184758609,0.00902905184758609
0.005390000000000001,0.010938197006083287,-1.6369831448540737,1,114.83433541403052,-0.009045433162468171,0.009045433162468171
0.0054,0.010921838672729063,-1.6358333354225767,1,114.98094314969062,-0.009061802993916712,0.009061802993916712
0.005410000000000001,0.010905491852116245,-1.634682061281726,1,115.12741408505316,-0.009078161327270937,0.009078161327270937
0.00542,0.010889156558878236,-1.633529323800786,1,115.27374809400696,-0.009094508147883755,0.009094508147883755
0.005430000000000001,0.010872832807634732,-1.63237512435028,1,115.41994505059648,-0.009110843441121763,0.009110843441121763
0.00544,0.010856520612991714,-1.6312194643019897,1,115.56600482902205,-0.009127167192365266,0.009127167192365266
0.005450000000000001,0.010840219989541423,-1.6300623450289533,1,115.71192730363981,-0.009143479387008286,0.009143479387008286
0.0054600000000000004,0.01082393095186237,-1.6289037679054637,1,115.85771234896197,-0.009159780010458576,0.009159780010458576
0.00547,0.010807653514519299,-1.627743734307067,1,116.00335983965684,-0.009176069048137631,0.009176069048137631
0.0054800000000000005,0.010791387692063191,-1.6265822456105616,1,116.1488696505489,-0.009192346485480701,0.009192346485480701
0.00549,0.010775133499031253,-1.6254193031939954,1,116.294241656619,-0.009208612307936808,0.009208612307936808
0.0055000000000000005,0.010758890949946885,-1.6242549084366653,1,116.43947573300434,-0.009224866500968747,0.009224866500968747
0.00551,0.010742660059319696,-1.6230890627191152,1,116.58457175499866,-0.009241109050053114,0.009241109050053114
0.005520000000000001,0.010726440841645465,-1.6219217674231348,1,116.72952959805237,-0.009257339940680304,0.009257339940680304
0.00553,0.010710233311406147,-1.6207530239317571,1,116.87434913777247,-0.009273559158354535,0.009273559158354535
0.005540000000000001,0.010694037483069855,-1.619582833629258,1,117.01903024992288,-0.009289766688593852,0.009289766688593852
0.00555,0.010677853371090843,-1.6184111979011537,1,117.16357281042434,-0.009305962516930144,0.009305962516930144
0.005560000000000001,0.010661680989909501,-1.6172381181342002,1,117.30797669535481,-0.009322146628909156,0.009322146628909156
0.00557,0.010645520353952338,-1.6160635957163907,1,117.4522417809491,-0.009338319010090497,0.009338319010090497
0.005580000000000001,0.01062937147763197,-1.6148876320369547,1,117.59636794359943,-0.00935447964604766,0.00935447964604766
0.00559,0.010613234375347107,-1.6137102284863563,1,117.74035505985526,-0.00937062852236803,0.00937062852236803
0.005600000000000001,0.010597109061482542,-1.612531386456292,1,117.88420300642353,-0.009386765624652894,0.009386765624652894
0.00561,0.010580995550409145,-1.6113511073396902,1,118.02791166016857,-0.009402890938517457,0.009402890938517457
0.005620000000000001,0.010564893856483838,-1.610169392530709,1,118.1714808981125,-0.009419004449590854,0.009419004449590854
0.0056300000000000005,0.010548803994049592,-1.6089862434247346,1,118.31491059743504,-0.009435106143516161,0.009435106143516161
0.00564,0.010532725977435407,-1.6078016614183799,1,118.45820063547376,-0.009451196005950409,0.009451196005950409
0.0056500000000000005,0.010516659820956311,-1.6066156479094826,1,118.60135088972413,-0.009467274022564592,0.009467274022564592
0.00566,0.01050060553891334,-1.6054282042971042,1,118.7443612378397,-0.009483340179043688,0.009483340179043688
0.0056700000000000006,0.010484563145593526,-1.6042393319815278,1,118.88723155763206,-0.009499394461086658,0.009499394461086658
0.00568,0.010468532655269883,-1.603049032364257,1,119.02996172707104,-0.009515436854406473,0.009515436854406473
0.005690000000000001,0.010452514082201405,-1.6018573068480142,1,119.17255162428482,-0.009531467344730116,0.009531467344730116
0.0057,0.010436507440633038,-1.6006641568367386,1,119.3150011275599,-0.009547485917798595,0.009547485917798595
0.005710000000000001,0.01042051274479568,-1.5994695837355852,1,119.45731011534139,-0.009563492559366962,0.009563492559366962
0.00572,0.010404530008906173,-1.598273588950923,1,119.59947846623294,-0.009579487255204319,0.009579487255204319
0.005730000000000001,0.010388559247167268,-1.597076173890333,1,119.74150605899693,-0.009595469991093827,0.009595469991093827
0.00574,0.010372600473767642,-1.5958773399626074,1,119.8833927725545,-0.00961144075283273,0.00961144075283273
0.005750000000000001,0.010356653702881864,-1.5946770885777475,1,120.0251384859858,-0.009627399526232356,0.009627399526232356
0.00576,0.010340718948670394,-1.5934754211469622,1,120.16674307852983,-0.009643346297118134,0.009643346297118134
0.005770000000000001,0.01032479622527957,-1.5922723390826663,1,120.30820642958481,-0.009659281051329604,0.009659281051329604
0.00578,0.010308885546841583,-1.5910678437984793,1,120.44952841870804,-0.00967520377472043,0.00967520377472043
0.005790000000000001,0.01029298692747449,-1.5898619367092233,1,120.5907089256162,-0.009691114453158416,0.009691114453158416
0.0058000000000000005,0.01027710038128218,-1.5886546192309214,1,120.73174783018531,-0.009707013072525509,0.009707013072525509
0.00581,0.010261225922354372,-1.5874458927807968,1,120.87264501245089,-0.009722899618717818,0.009722899618717818
0.0058200000000000005,0.010245363564766602,-1.5862357587772709,1,121.01340035260793,-0.009738774077645626,0.009738774077645626
0.00583,0.010229513322580201,-1.5850242186399608,1,121.15401373101129,-0.009754636435233398,0.009754636435233398
0.005840000000000001,0.010213675209842305,-1.583811273789679,1,121.2944850281755,-0.009770486677419797,0.009770486677419797
0.00585,0.01019784924058582,-1.5825969256484314,1,121.43481412477487,-0.009786324790157694,0.009786324790157694
0.005860000000000001,0.010182035428829426,-1.581381175639415,1,121.57500090164383,-0.009802150759414178,0.009802150759414178
0.00587,0.010166233788577558,-1.5801640251870173,1,121.71504523977669,-0.009817964571170573,0.009817964571170573
0.005880000000000001,0.01015044433382039,-1.578945475716814,1,121.85494702032808,-0.009833766211422443,0.009833766211422443
0.00589,0.010134667078533832,-1.5777255286555678,1,121.99470612461272,-0.009849555666179611,0.009849555666179611
0.005900000000000001,0.01011890203667952,-1.5765041854312267,1,122.13432243410584,-0.009865332921466166,0.009865332921466166
0.00591,0.010103149222204792,-1.5752814474729222,1,122.27379583044296,-0.009881097963320479,0.009881097963320479
0.005920000000000001,0.01008740864904268,-1.574057316210968,1,122.41312619542016,-0.009896850777795209,0.009896850777795209
0.00593,0.010071680331111912,-1.572831793076858,1,122.55231341099422,-0.009912591350957319,0.009912591350957319
0.005940000000000001,0.010055964282316879,-1.5716048795032653,1,122.6913573592825,-0.009928319668888087,0.009928319668888087
0.00595,0.01004026051654764,-1.5703765769240396,1,122.83025792256338,-0.00994403571768312,0.00994403571768312
0.005960000000000001,0.010024569047679899,-1.5691468867742069,1,122.96901498327588,-0.00995973948345236,0.00995973948345236
0.0059700000000000005,0.010008889889574997,-1.5679158104899666,1,123.10762842402023,-0.009975430952320102,0.009975430952320102
0.00598,0.00999322305607991,-1.5666833495086911,1,123.2460981275577,-0.009991110110425002,0.009991110110425002
0.0059900000000000005,0.009977568561027224,-1.565449505268923,1,123.3844239768107,-0.010006776943920088,0.010006776943920088
0.006,0.00996192641823512,-1.5642142792103744,1,123.52260585486287,-0.010022431438972777,0.010022431438972777
0.006010000000000001,0.009946296641507379,-1.5629776727739249,1,123.66064364495945,-0.01003807358176488,0.01003807358176488
0.00602,0.009930679244633363,-1.5617396874016198,1,123.79853723050684,-0.01005370335849262,0.01005370335849262
0.006030000000000001,0.009915074241387996,-1.560500324536669,1,123.93628649507325,-0.010069320755366637,0.010069320755366637
0.00604,0.009899481645531762,-1.5592595856234452,1,124.0738913223884,-0.010084925758612003,0.010084925758612003
0.006050000000000001,0.009883901470810686,-1.5580174721074818,1,124.21135159634379,-0.010100518354468237,0.010100518354468237
0.00606,0.009868333730956334,-1.5567739854354719,1,124.34866720099272,-0.010116098529189313,0.010116098529189313
0.006070000000000001,0.00985277843968578,-1.5555291270552662,1,124.48583802055049,-0.010131666269043667,0.010131666269043667
0.00608,0.009837235610701621,-1.5542828984158723,1,124.62286393939436,-0.01014722156031422,0.01014722156031422
0.006090000000000001,0.009821705257691944,-1.5530353009674516,1,124.75974484206377,-0.01016276438929838,0.01016276438929838
0.0061,0.009806187394330333,-1.551786336161319,1,124.8964806132602,-0.010178294742308054,0.010178294742308054
0.006110000000000001,0.009790682034275834,-1.5505360054499404,1,125.03307113784753,-0.010193812605669667,0.010193812605669667
0.0061200000000000004,0.009775189191172963,-1.5492843102869318,1,125.16951630085207,-0.010209317965724166,0.010209317965724166
0.006130000000000001,0.009759708878651692,-1.5480312521270572,1,125.30581598746255,-0.010224810808827036,0.010224810808827036
0.0061400000000000005,0.009744241110327432,-1.5467768324262268,1,125.44197008303026,-0.010240291121348307,0.010240291121348307
0.00615,0.009728785899801015,-1.545521052641496,1,125.57797847306912,-0.010255758889672568,0.010255758889672568
0.0061600000000000005,0.009713343260658706,-1.5442639142310635,1,125.71384104325581,-0.010271214100198984,0.010271214100198984
0.00617,0.009697913206472161,-1.5430054186542692,1,125.84955767942994,-0.010286656739341295,0.010286656739341295
0.006180000000000001,0.009682495750798447,-1.5417455673715932,1,125.98512826759382,-0.010302086793527837,0.010302086793527837
0.00619,0.009667090907180001,-1.540484361844654,1,126.12055269391304,-0.010317504249201553,0.010317504249201553
0.006200000000000001,0.009651698689144637,-1.5392218035362069,1,126.25583084471612,-0.01033290909282,0.01033290909282
0.00621,0.009636319110205536,-1.537957893910142,1,126.39096260649478,-0.010348301310855361,0.010348301310855361
0.006220000000000001,0.009620952183861223,-1.5366926344314829,1,126.52594786590414,-0.010363680889794462,0.010363680889794462
0.00623,0.009605597923595558,-1.5354260265663853,1,126.66078650976256,-0.010379047816138777,0.010379047816138777
0.006240000000000001,0.009590256342877738,-1.5341580717821348,1,126.79547842505193,-0.01039440207640444,0.01039440207640444
0.00625,0.009574927455162266,-1.5328887715471455,1,126.93002349891766,-0.010409743657122262,0.010409743657122262
0.006260000000000001,0.009559611273888956,-1.5316181273309588,1,127.06442161866877,-0.010425072544837733,0.010425072544837733
0.00627,0.009544307812482913,-1.5303461406042411,1,127.19867267177817,-0.010440388726111043,0.010440388726111043
0.006280000000000001,0.009529017084354524,-1.5290728128387823,1,127.33277654588238,-0.010455692187517086,0.010455692187517086
0.0062900000000000005,0.00951373910289945,-1.5277981455074945,1,127.46673312878193,-0.010470982915645475,0.010470982915645475
0.006300000000000001,0.009498473881498607,-1.52652214008441,1,127.60054230844122,-0.010486260897100549,0.010486260897100549
0.0063100000000000005,0.009483221433518159,-1.5252447980446802,1,127.73420397298891,-0.010501526118501393,0.010501526118501393
0.00632,0.009467981772309515,-1.523966120864573,1,127.86771801071772,-0.01051677856648184,0.01051677856648184
0.0063300000000000006,0.0094527549112093,-1.5226861100214721,1,128.00108431008462,-0.010532018227690485,0.010532018227690485
0.00634,0.00943754086353936,-1.521404766993875,1,128.13430275971092,-0.0105472450887907,0.0105472450887907
0.006350000000000001,0.009422339642606747,-1.5201220932613912,1,128.2673732483824,-0.01056245913646064,0.01056245913646064
0.00636,0.0094071512617037,-1.5188380903047407,1,128.4002956650493,-0.010577660357393253,0.010577660357393253
0.006370000000000001,0.00939197573410764,-1.5175527596057525,1,128.53306989882648,-0.010592848738296301,0.010592848738296301
0.00638,0.009376813073081167,-1.5162661026473625,1,128.66569583899354,-0.010608024265892359,0.010608024265892359
0.006390000000000001,0.00936166329187203,-1.5149781209136126,1,128.79817337499475,-0.010623186926918833,0.010623186926918833
0.0064,0.009346526403713133,-1.5136888158896482,1,128.93050239643927,-0.01063833670812797,0.01063833670812797
0.006410000000000001,0.009331402421822517,-1.5123981890617173,1,129.0626827931013,-0.010653473596286865,0.010653473596286865
0.00642,0.009316291359403345,-1.5111062419171681,1,129.1947144549199,-0.010668597578177483,0.010668597578177483
0.006430000000000001,0.0093011932296439,-1.509812975944448,1,129.3265972719994,-0.010683708640596656,0.010683708640596656
0.00644,0.00928610804571757,-1.508518392633102,1,129.45833113460918,-0.0106988067703561,0.0106988067703561
0.006450000000000001,0.009271035820782831,-1.5072224934737701,1,129.58991593318413,-0.01071389195428243,0.01071389195428243
0.0064600000000000005,0.00925597656798325,-1.5059252799581868,1,129.72135155832422,-0.010728964179217168,0.010728964179217168
0.006470000000000001,0.00924093030044746,-1.5046267535791789,1,129.85263790079514,-0.010744023432016749,0.010744023432016749
0.0064800000000000005,0.009225897031289152,-1.5033269158306635,1,129.98377485152798,-0.01075906969955254,0.01075906969955254
0.00649,0.009210876773607077,-1.5020257682076472,1,130.1147623016195,-0.010774102968710847,0.010774102968710847
0.006500000000000001,0.009195869540485013,-1.5007233122062238,1,130.2456001423321,-0.010789123226392923,0.010789123226392923
0.00651,0.00918087534499178,-1.499419549323573,1,130.37628826509402,-0.010804130459514985,0.010804130459514985
0.006520000000000001,0.009165894200181199,-1.4981144810579579,1,130.5068265614994,-0.01081912465500822,0.01081912465500822
0.00653,0.009150926119092111,-1.4968081089087248,1,130.63721492330833,-0.0108341057998188,0.0108341057998188
0.006540000000000001,0.00913597111474835,-1.4955004343763003,1,130.76745324244698,-0.010849073880907887,0.010849073880907887
0.00655,0.009121029200158726,-1.4941914589621903,1,130.89754141100752,-0.010864028885251651,0.010864028885251651
0.006560000000000001,0.009106100388317037,-1.4928811841689777,1,131.02747932124842,-0.010878970799841273,0.010878970799841273
0.00657,0.009091184692202034,-1.4915696115003219,1,131.15726686559447,-0.010893899611682963,0.010893899611682963
0.006580000000000001,0.009076282124777423,-1.4902567424609554,1,131.28690393663678,-0.010908815307797966,0.010908815307797966
0.00659,0.009061392698991855,-1.488942578556684,1,131.4163904271329,-0.010923717875222576,0.010923717875222576
0.006600000000000001,0.009046516427778914,-1.4876271212943841,1,131.54572623000706,-0.010938607301008143,0.010938607301008143
0.00661,0.009031653324057094,-1.4863103721820006,1,131.67491123834992,-0.010953483572221086,0.010953483572221086
0.006620000000000001,0.009016803400729807,-1.4849923327285464,1,131.80394534541895,-0.010968346675942906,0.010968346675942906
0.0066300000000000005,0.009001966670685368,-1.4836730044441,1,131.93282844463843,-0.010983196599270191,0.010983196599270191
0.006640000000000001,0.00898714314679697,-1.482352388839804,1,132.06156042959947,-0.010998033329314632,0.010998033329314632
0.0066500000000000005,0.00897233284192269,-1.4810304874278635,1,132.1901411940602,-0.01101285685320303,0.01101285685320303
0.00666,0.008957535768905473,-1.479707301721544,1,132.3185706319456,-0.01102766715807731,0.01102766715807731
0.006670000000000001,0.008942751940573122,-1.4783828332351705,1,132.44684863734787,-0.011042464231094526,0.011042464231094526
0.00668,0.00892798136973828,-1.4770570834841252,1,132.57497510452657,-0.011057248059426877,0.011057248059426877
0.006690000000000001,0.008913224069198433,-1.4757300539848461,1,132.70294992790824,-0.011072018630261719,0.011072018630261719
0.0067,0.008898480051735883,-1.4744017462548253,1,132.83077300208697,-0.011086775930801568,0.011086775930801568
0.006710000000000001,0.00888374933011776,-1.473072161812607,1,132.95844422182427,-0.011101519948264115,0.011101519948264115
0.00672,0.008869031917095982,-1.4717413021777865,1,133.08596348204907,-0.011116250669882241,0.011116250669882241
0.006730000000000001,0.008854327825407272,-1.470409168871008,1,133.21333067785798,-0.011130968082904018,0.011130968082904018
0.00674,0.008839637067773132,-1.4690757634139628,1,133.34054570451528,-0.011145672174592728,0.011145672174592728
0.006750000000000001,0.00882495965689984,-1.4677410873293883,1,133.467608457453,-0.011160362932226867,0.011160362932226867
0.00676,0.00881029560547843,-1.4664051421410655,1,133.594518832271,-0.01117504034310016,0.01117504034310016
0.006770000000000001,0.00879564492618469,-1.4650679293738182,1,133.72127672473698,-0.01118970439452157,0.01118970439452157
0.0067800000000000004,0.008781007631679154,-1.4637294505535103,1,133.84788203078688,-0.011204355073815309,0.011204355073815309
0.006790000000000001,0.008766383734607083,-1.462389707207045,1,133.97433464652434,-0.011218992368320845,0.011218992368320845
0.0068000000000000005,0.00875177324759846,-1.461048700862363,1,134.10063446822144,-0.011233616265392916,0.011233616265392916
0.006810000000000001,0.008737176183267973,-1.4597064330484397,1,134.22678139231854,-0.01124822675240154,0.01124822675240154
0.0068200000000000005,0.008722592554215022,-1.4583629052952856,1,134.35277531542397,-0.011262823816732026,0.011262823816732026
0.00683,0.00870802237302368,-1.4570181191339424,1,134.4786161343147,-0.011277407445784978,0.011277407445784978
0.006840000000000001,0.008693465652262717,-1.455672076096483,1,134.60430374593628,-0.011291977626976318,0.011291977626976318
0.00685,0.008678922404485555,-1.4543247777160089,1,134.7298380474025,-0.011306534347737283,0.011306534347737283
0.006860000000000001,0.00866439264223029,-1.452976225526649,1,134.85521893599594,-0.011321077595514444,0.011321077595514444
0.00687,0.008649876378019655,-1.4516264210635572,1,134.98044630916792,-0.01133560735776971,0.01133560735776971
0.006880000000000001,0.008635373624361023,-1.4502753658629117,1,135.10552006453844,-0.011350123621980346,0.011350123621980346
0.00689,0.008620884393746406,-1.4489230614619129,1,135.23044009989636,-0.011364626375638976,0.011364626375638976
0.006900000000000001,0.008606408698652417,-1.4475695093987808,1,135.35520631319955,-0.011379115606253595,0.011379115606253595
0.00691,0.008591946551540289,-1.446214711212755,1,135.47981860257488,-0.011393591301347582,0.011393591301347582
0.006920000000000001,0.008577497964855848,-1.4448586684440918,1,135.60427686631814,-0.01140805344845971,0.01140805344845971
0.00693,0.008563062951029508,-1.4435013826340628,1,135.72858100289454,-0.01142250203514415,0.01142250203514415
0.006940000000000001,0.00854864152247626,-1.4421428553249533,1,135.8527309109384,-0.011436937048970492,0.011436937048970492
0.0069500000000000004,0.008534233691595658,-1.4407830880600607,1,135.97672648925328,-0.011451358477523741,0.011451358477523741
0.006960000000000001,0.008519839470771819,-1.4394220823836925,1,136.1005676368123,-0.011465766308404342,0.011465766308404342
0.0069700000000000005,0.008505458872373407,-1.438059839841165,1,136.22425425275782,-0.01148016052922818,0.01148016052922818
0.006980000000000001,0.00849109190875362,-1.436696361978801,1,136.347786236402,-0.011494541127626592,0.011494541127626592
0.0069900000000000006,0.00847673859225018,-1.4353316503439286,1,136.4711634872264,-0.01150890809124638,0.01150890809124638
0.007,0.008462398935185331,-1.4339657064848799,1,136.59438590488242,-0.01152326140774982,0.01152326140774982
0.007010000000000001,0.008448072949865822,-1.432598531950988,1,136.71745338919118,-0.011537601064814669,0.011537601064814669
0.00702,0.008433760648582894,-1.4312301282925866,1,136.8403658401436,-0.011551927050134178,0.011551927050134178
0.007030000000000001,0.008419462043612286,-1.4298604970610076,1,136.9631231579005,-0.011566239351417104,0.011566239351417104
0.00704,0.008405177147214199,-1.4284896398085796,1,137.0857252427929,-0.011580537956387714,0.011580537956387714
0.007050000000000001,0.008390905971633313,-1.4271175580886264,1,137.2081719953216,-0.0115948228527858,0.0115948228527858
0.00706,0.008376648529098758,-1.4257442534554647,1,137.33046331615773,-0.011609094028366686,0.011609094028366686
0.007070000000000001,0.008362404831824113,-1.4243697274644034,1,137.45259910614254,-0.01162335147090124,0.01162335147090124
0.00708,0.008348174892007398,-1.4229939816717405,1,137.57457926628766,-0.011637595168175885,0.011637595168175885
0.007090000000000001,0.008333958721831049,-1.4216170176347627,1,137.6964036977749,-0.011651825107992602,0.011651825107992602
0.0071,0.008319756333461933,-1.4202388369117431,1,137.81807230195687,-0.01166604127816895,0.01166604127816895
0.007110000000000001,0.008305567739051313,-1.4188594410619395,1,137.9395849803562,-0.011680243666538068,0.011680243666538068
0.0071200000000000005,0.008291392950734857,-1.4174788316455929,1,138.0609416346665,-0.011694432260948687,0.011694432260948687
0.007130000000000001,0.008277231980632616,-1.4160970102239254,1,138.18214216675182,-0.011708607049265143,0.011708607049265143
0.0071400000000000005,0.008263084840849026,-1.414713978359139,1,138.30318647864704,-0.011722768019367382,0.011722768019367382
0.007150000000000001,0.008248951543472882,-1.4133297376144134,1,138.42407447255783,-0.011736915159150974,0.011736915159150974
0.0071600000000000006,0.008234832100577343,-1.4119442895539047,1,138.54480605086067,-0.011751048456527118,0.011751048456527118
0.00717,0.008220726524219915,-1.4105576357427436,1,138.66538111610302,-0.011765167899422658,0.011765167899422658
0.007180000000000001,0.008206634826442443,-1.4091697777470336,1,138.7857995710034,-0.011779273475780085,0.011779273475780085
0.00719,0.008192557019271105,-1.407780717133849,1,138.90606131845132,-0.011793365173557556,0.011793365173557556
0.007200000000000001,0.008178493114716395,-1.4063904554712339,1,139.0261662615075,-0.011807442980728894,0.011807442980728894
0.00721,0.008164443124773112,-1.4049989943281997,1,139.146114303404,-0.011821506885283606,0.011821506885283606
0.007220000000000001,0.008150407061420364,-1.4036063352747243,1,139.265905347544,-0.011835556875226888,0.011835556875226888
0.00723,0.008136384936621548,-1.4022124798817492,1,139.3855392975022,-0.011849592938579635,0.011849592938579635
0.007240000000000001,0.008122376762324336,-1.400817429721179,1,139.5050160570246,-0.011863615063378453,0.011863615063378453
0.00725,0.008108382550460678,-1.3994211863658788,1,139.62433553002884,-0.011877623237675664,0.011877623237675664
0.007260000000000001,0.00809440231294678,-1.3980237513896727,1,139.74349762060416,-0.011891617449539323,0.011891617449539323
0.00727,0.008080436061683106,-1.3966251263673426,1,139.8625022330113,-0.011905597687053219,0.011905597687053219
0.007280000000000001,0.008066483808554362,-1.3952253128746257,1,139.98134927168283,-0.011919563938316892,0.011919563938316892
0.0072900000000000005,0.008052545565429479,-1.3938243124882135,1,140.10003864122322,-0.011933516191445639,0.011933516191445639
0.007300000000000001,0.008038621344161622,-1.3924221267857495,1,140.2185702464087,-0.011947454434570522,0.011947454434570522
0.0073100000000000005,0.008024711156588163,-1.3910187573458277,1,140.3369439921873,-0.011961378655838378,0.011961378655838378
0.007320000000000001,0.008010815014530683,-1.389614205747991,1,140.45515978367928,-0.011975288843411836,0.011975288843411836
0.007330000000000001,0.007996932929794958,-1.3882084735727291,1,140.5732175261769,-0.011989184985469315,0.011989184985469315
0.00734,0.007983064914170942,-1.3868015624014778,1,140.69111712514456,-0.012003067070205042,0.012003067070205042
0.007350000000000001,0.007969210979432775,-1.3853934738166156,1,140.80885848621878,-0.012016935085829057,0.012016935085829057
0.00736,0.007955371137338761,-1.3839842094014636,1,140.92644151520858,-0.012030789020567223,0.012030789020567223
0.007370000000000001,0.00794154539963136,-1.3825737707402828,1,141.04386611809508,-0.012044628862661238,0.012044628862661238
0.00738,0.007927733778037176,-1.3811621594182724,1,141.16113220103196,-0.01205845460036864,0.01205845460036864
0.007390000000000001,0.00791393628426696,-1.379749377021569,1,141.27823967034547,-0.012072266221962823,0.012072266221962823
0.0074,0.00790015293001559,-1.3783354251372437,1,141.39518843253418,-0.012086063715733038,0.012086063715733038
0.007410000000000001,0.007886383726962057,-1.376920305353301,1,141.51197839426945,-0.012099847069984411,0.012099847069984411
0.00742,0.00787262868676947,-1.3755040192586772,1,141.62860946239533,-0.012113616273037944,0.012113616273037944
0.007430000000000001,0.007858887821085039,-1.374086568443238,1,141.74508154392856,-0.01212737131323053,0.01212737131323053
0.00744,0.00784516114154006,-1.3726679544977773,1,141.86139454605873,-0.012141112178914962,0.012141112178914962
0.007450000000000001,0.00783144865974992,-1.3712481790140159,1,141.97754837614832,-0.01215483885845994,0.01215483885845994
0.0074600000000000005,0.007817750387314075,-1.3698272435845986,1,142.09354294173278,-0.01216855134025008,0.01216855134025008
0.007470000000000001,0.007804066335816043,-1.3684051498030934,1,142.20937815052062,-0.012182249612685925,0.012182249612685925
0.0074800000000000005,0.007790396516823402,-1.3669818992639895,1,142.32505391039342,-0.012195933664183957,0.012195933664183957
0.007490000000000001,0.007776740941887776,-1.3655574935626955,1,142.44057012940578,-0.012209603483176597,0.012209603483176597
0.007500000000000001,0.007763099622544821,-1.3641319342955376,1,142.55592671578577,-0.012223259058112224,0.012223259058112224
0.00751,0.007749472570314224,-1.3627052230597583,1,142.67112357793454,-0.012236900377455178,0.012236900377455178
0.007520000000000001,0.007735859796699689,-1.361277361453514,1,142.78616062442677,-0.012250527429685775,0.012250527429685775
0.00753,0.00772226131318893,-1.3598483510758739,1,142.90103776401045,-0.01226414020330031,0.01226414020330031
0.007540000000000001,0.007708677131253662,-1.3584181935268178,1,143.01575490560708,-0.01227773868681107,0.01227773868681107
0.00755,0.0076951072623495905,-1.3569868904072346,1,143.1303119583117,-0.012291322868746337,0.012291322868746337
0.007560000000000001,0.007681551717916401,-1.3555544433189206,1,143.24470883139298,-0.012304892737650409,0.012304892737650409
0.00757,0.0076680105093777555,-1.3541208538645777,1,143.35894543429333,-0.012318448282083599,0.012318448282083599
0.007580000000000001,0.007654483648141278,-1.3526861236478114,1,143.47302167662883,-0.012331989490622244,0.012331989490622244
0.00759,0.007640971145598546,-1.3512502542731295,1,143.58693746818938,-0.012345516351858722,0.012345516351858722
0.007600000000000001,0.007627473013125086,-1.34981324734594,1,143.70069271893877,-0.012359028854401453,0.012359028854401453
0.0076100000000000004,0.00761398926208036,-1.34837510447255,1,143.81428733901487,-0.012372526986874913,0.012372526986874913
0.007620000000000001,0.007600519903807759,-1.3469358272601628,1,143.92772123872922,-0.01238601073791964,0.01238601073791964
0.0076300000000000005,0.00758706494963459,-1.3454954173168772,1,144.04099432856776,-0.01239948009619224,0.01239948009619224
0.007640000000000001,0.007573624410872073,-1.3440538762516852,1,144.1541065191904,-0.01241293505036541,0.01241293505036541
0.0076500000000000005,0.007560198298815328,-1.3426112056744708,1,144.26705772143129,-0.012426375589127927,0.012426375589127927
0.007660000000000001,0.007546786624743369,-1.3411674071960078,1,144.3798478462988,-0.012439801701184671,0.012439801701184671
0.007670000000000001,0.00753338939991909,-1.339722482427958,1,144.4924768049756,-0.01245321337525663,0.01245321337525663
0.007680000000000001,0.007520006635589262,-1.33827643298287,1,144.60494450881893,-0.01246661060008091,0.01246661060008091
0.007690000000000001,0.00750663834298452,-1.3368292604741765,1,144.71725086936024,-0.012479993364410738,0.012479993364410738
0.0077,0.007493284533319358,-1.3353809665161935,1,144.8293957983056,-0.01249336165701548,0.01249336165701548
0.007710000000000001,0.007479945217792117,-1.3339315527241182,1,144.94137920753565,-0.012506715466680642,0.012506715466680642
0.00772,0.007466620407584977,-1.3324810207140272,1,145.05320100910572,-0.012520054782207883,0.012520054782207883
0.007730000000000001,0.007453310113863948,-1.3310293721028748,1,145.16486111524569,-0.012533379592415022,0.012533379592415022
0.00774,0.007440014347778864,-1.3295766085084912,1,145.2763594383603,-0.012546689886136051,0.012546689886136051
0.007750000000000001,0.007426733120463369,-1.328122731549581,1,145.38769589102907,-0.012559985652221136,0.012559985652221136
0.00776,0.007413466443034912,-1.326667742845721,1,145.49887038600653,-0.01257326687953663,0.01257326687953663
0.007770000000000001,0.007400214326594739,-1.3252116440173587,1,145.60988283622189,-0.012586533556965087,0.012586533556965087
0.0077800000000000005,0.0073869767822278805,-1.323754436685811,1,145.72073315477965,-0.012599785673405261,0.012599785673405261
0.007790000000000001,0.0073737538210031485,-1.3222961224732614,1,145.8314212549592,-0.012613023217772119,0.012613023217772119
0.0078000000000000005,0.007360545453973122,-1.3208367030027592,1,145.94194705021505,-0.012626246178996851,0.012626246178996851
0.007810000000000001,0.00734735169217414,-1.3193761798982175,1,146.05231045417702,-0.012639454546026878,0.012639454546026878
0.00782,0.007334172546626295,-1.317914554784411,1,146.16251138065002,-0.01265264830782586,0.01265264830782586
0.00783,0.007321008028333425,-1.316451829286975,1,146.2725497436144,-0.012665827453373704,0.012665827453373704
0.007840000000000001,0.007307858148283101,-1.3149880050324025,1,146.3824254572258,-0.012678991971666574,0.012678991971666574
0.007850000000000001,0.0072947229174466196,-1.3135230836480445,1,146.4921384358153,-0.012692141851716899,0.012692141851716899
0.00786,0.007281602346778999,-1.3120570667621057,1,146.60168859388943,-0.01270527708255338,0.01270527708255338
0.00787,0.007268496447218962,-1.3105899560036443,1,146.7110758461304,-0.012718397653221001,0.012718397653221001
0.00788,0.007255405229688937,-1.3091217530025703,1,146.82030010739584,-0.012731503552781038,0.012731503552781038
0.007890000000000001,0.00724232870509504,-1.307652459389643,1,146.92936129271914,-0.012744594770311063,0.012744594770311063
0.0079,0.007229266884327076,-1.30618207679647,1,147.0382593173095,-0.01275767129490496,0.01275767129490496
0.00791,0.00721621977825852,-1.3047106068555046,1,147.14699409655168,-0.012770733115672924,0.012770733115672924
0.00792,0.00720318739774652,-1.3032380512000445,1,147.25556554600644,-0.01278378022174148,0.01278378022174148
0.007930000000000001,0.007190169753631878,-1.3017644114642304,1,147.36397358141042,-0.01279681260225348,0.01279681260225348
0.007940000000000001,0.007177166856739047,-1.3002896892830436,1,147.47221811867618,-0.012809830246368122,0.012809830246368122
0.00795,0.007164178717876124,-1.2988138862923047,1,147.58029907389232,-0.012822833143260952,0.012822833143260952
0.00796,0.007151205347834837,-1.2973370041286714,1,147.68821636332342,-0.012835821282123875,0.012835821282123875
0.007970000000000001,0.007138246757390541,-1.2958590444296372,1,147.7959699034103,-0.012848794652165162,0.012848794652165162
0.007980000000000001,0.007125302957302205,-1.2943800088335295,1,147.90355961077003,-0.012861753242609459,0.012861753242609459
0.00799,0.007112373958312411,-1.2928998989795075,1,148.01098540219567,-0.012874697042697794,0.012874697042697794
0.008,0.007099459771147335,-1.291418716507561,1,148.11824719465682,-0.012887626041687588,0.012887626041687588
0.008010000000000001,0.00708656040651675,-1.289936463058508,1,148.2253449052993,-0.012900540228852665,0.012900540228852665
0.008020000000000001,0.00707367587511401,-1.2884531402739936,1,148.33227845144543,-0.01291343959348325,0.01291343959348325
0.00803,0.007060806187616044,-1.2869687497964877,1,148.43904775059391,-0.01292632412488599,0.01292632412488599
0.00804,0.0070479513546833515,-1.2854832932692835,1,148.54565272042004,-0.012939193812383955,0.012939193812383955
0.00805,0.007035111386959986,-1.2839967723364958,1,148.6520932787757,-0.012952048645316648,0.012952048645316648
0.008060000000000001,0.007022286295073556,-1.2825091886430589,1,148.75836934368934,-0.012964888613040014,0.012964888613040014
0.00807,0.007009476089635209,-1.281020543834725,1,148.8644808333662,-0.012977713704926444,0.012977713704926444
0.00808,0.006996680781239628,-1.2795308395580631,1,148.97042766618813,-0.01299052391036479,0.01299052391036479
0.00809,0.006983900380465023,-1.278040077460456,1,149.0762097607139,-0.013003319218760372,0.013003319218760372
0.008100000000000001,0.006971134897873121,-1.2765482591900992,1,149.1818270356792,-0.013016099619534977,0.013016099619534977
0.008110000000000001,0.00695838434400916,-1.2750553863959992,1,149.28727940999642,-0.013028865102126879,0.013028865102126879
0.00812,0.0069456487294018805,-1.2735614607279717,1,149.39256680275508,-0.01304161565599084,0.01304161565599084
0.00813,0.006932928064563515,-1.2720664838366396,1,149.49768913322168,-0.013054351270598119,0.013054351270598119
0.008140000000000001,0.00692022235998978,-1.270570457373431,1,149.60264632083982,-0.013067071935436485,0.013067071935436485
0.008150000000000001,0.0069075316261598746,-1.2690733829905787,1,149.7074382852302,-0.01307977764001022,0.01307977764001022
0.00816,0.006894855873536463,-1.2675752623411167,1,149.81206494619067,-0.013092468373840125,0.013092468373840125
0.00817,0.006882195112565674,-1.2660760970788798,1,149.91652622369648,-0.013105144126463537,0.013105144126463537
0.008180000000000002,0.006869549353677089,-1.2645758888585008,1,150.0208220379,-0.013117804887434326,0.013117804887434326
0.008190000000000001,0.006856918607283735,-1.2630746393354095,1,150.12495230913098,-0.01313045064632291,0.01313045064632291
0.0082,0.006844302883782076,-1.2615723501658305,1,150.22891695789664,-0.013143081392716265,0.013143081392716265
0.00821,0.006831702193552009,-1.2600690230067817,1,150.33271590488158,-0.013155697116217923,0.013155697116217923
0.00822,0.006819116546956849,-1.2585646595160722,1,150.436349070948,-0.01316829780644799,0.01316829780644799
0.008230000000000001,0.006806545954343326,-1.2570592613523008,1,150.53981637713554,-0.01318088345304315,0.01318088345304315
0.00824,0.006793990426041578,-1.2555528301748542,1,150.6431177446615,-0.013193454045656673,0.013193454045656673
0.00825,0.006781449972365139,-1.254045367643905,1,150.7462530949209,-0.013206009573958422,0.013206009573958422
0.00826,0.0067689246036109355,-1.25253687542041,1,150.84922234948635,-0.01321855002763486,0.01321855002763486
0.008270000000000001,0.006756414330059275,-1.2510273551661089,1,150.95202543010842,-0.013231075396389064,0.013231075396389064
0.008280000000000001,0.006743919161973839,-1.2495168085435218,1,151.05466225871533,-0.013243585669940725,0.013243585669940725
0.00829,0.00673143910960168,-1.2480052372159476,1,151.15713275741322,-0.01325608083802616,0.01325608083802616
0.0083,0.006718974183173206,-1.2464926428474628,1,151.25943684848613,-0.01326856089039832,0.01326856089039832
0.008310000000000001,0.006706524392902177,-1.2449790271029189,1,151.36157445439616,-0.013281025816826794,0.013281025816826794
0.008320000000000001,0.0066940897489856975,-1.243464391647941,1,151.46354549778337,-0.013293475607097822,0.013293475607097822
0.00833,0.006681670261604209,-1.2419487381489265,1,151.56534990146585,-0.013305910251014302,0.013305910251014302
0.00834,0.006669265940921478,-1.240432068273042,1,151.66698758843998,-0.013318329738395791,0.013318329738395791
0.008350000000000002,0.006656876797084596,-1.2389143836882233,1,151.76845848188006,-0.013330734059078522,0.013330734059078522
0.008360000000000001,0.006644502840223964,-1.2373956860631719,1,151.86976250513888,-0.013343123202915403,0.013343123202915403
0.00837,0.00663214408045329,-1.2358759770673544,1,151.97089958174735,-0.013355497159776035,0.013355497159776035
0.00838,0.006619800527869581,-1.2343552583710002,1,152.07186963541483,-0.01336785591954671,0.01336785591954671
0.00839,0.00660747219255313,-1.2328335316451,1,152.1726725900288,-0.013380199472130419,0.013380199472130419
0.008400000000000001,0.006595159084567517,-1.2313107985614034,1,152.27330836965552,-0.01339252780744687,0.01339252780744687
0.00841,0.006582861213959593,-1.229787060792418,1,152.3737768985394,-0.013404840915432483,0.013404840915432483
0.00842,0.006570578590759479,-1.228262320011407,1,152.47407810110366,-0.013417138786040407,0.013417138786040407
0.00843,0.006558311224980555,-1.2267365778923873,1,152.57421190194992,-0.01342942140924052,0.01342942140924052
0.008440000000000001,0.0065460591266194535,-1.2252098361101287,1,152.6741782258585,-0.013441688775019445,0.013441688775019445
0.008450000000000001,0.006533822305656052,-1.223682096340151,1,152.7739769977882,-0.013453940873380546,0.013453940873380546
0.00846,0.006521600772053464,-1.2221533602587222,1,152.87360814287683,-0.013466177694343948,0.013466177694343948
0.00847,0.006509394535758036,-1.2206236295428579,1,152.9730715864408,-0.013478399227946535,0.013478399227946535
0.008480000000000001,0.006497203606699332,-1.2190929058703182,1,153.07236725397541,-0.013490605464241964,0.013490605464241964
0.008490000000000001,0.006485027994790136,-1.2175611909196067,1,153.17149507115474,-0.013502796393300667,0.013502796393300667
0.0085,0.006472867709926436,-1.2160284863699684,1,153.2704549638318,-0.013514972005209864,0.013514972005209864
0.00851,0.006460722761987422,-1.214494793901388,1,153.36924685803862,-0.013527132290073563,0.013527132290073563
0.008520000000000002,0.006448593160835477,-1.2129601151945881,1,153.46787067998625,-0.013539277238012577,0.013539277238012577
0.008530000000000001,0.006436478916316167,-1.2114244519310275,1,153.56632635606462,-0.013551406839164523,0.013551406839164523
0.00854,0.006424380038258238,-1.209887805792899,1,153.66461381284304,-0.013563521083683833,0.013563521083683833
0.00855,0.006412296536473607,-1.2083501784631283,1,153.7627329770697,-0.013575619961741761,0.013575619961741761
0.00856,0.006400228420757354,-1.2068115716253716,1,153.8606837756722,-0.013587703463526392,0.013587703463526392
0.008570000000000001,0.0063881757008877145,-1.205271986964014,1,153.95846613575713,-0.013599771579242645,0.013599771579242645
0.00858,0.006376138386626072,-1.2037314261641678,1,154.05607998461068,-0.013611824299112285,0.013611824299112285
0.00859,0.006364116487716956,-1.2021898909116708,1,154.15352524969816,-0.013623861613373927,0.013623861613373927
0.0086,0.006352110013888025,-1.2006473828930841,1,154.25080185866423,-0.013635883512283044,0.013635883512283044
0.008610000000000001,0.006340118974850068,-1.1991039037956908,1,154.3479097393332,-0.013647889986111975,0.013647889986111975
0.008620000000000001,0.006328143380296994,-1.1975594553074937,1,154.4448488197086,-0.013659881025149931,0.013659881025149931
0.00863,0.006316183239905821,-1.196014039117214,1,154.54161902797358,-0.013671856619703006,0.013671856619703006
0.00864,0.006304238563336679,-1.1944676569142891,1,154.63822029249093,-0.013683816760094178,0.013683816760094178
0.008650000000000001,0.00629230936023279,-1.192920310388871,1,154.73465254180292,-0.01369576143666332,0.01369576143666332
0.008660000000000001,0.006280395640220472,-1.1913720012318247,1,154.83091570463145,-0.01370769063976721,0.01370769063976721
0.00867,0.006268497412909126,-1.189822731134726,1,154.92700970987826,-0.013719604359779527,0.013719604359779527
0.00868,0.006256614687891226,-1.1882725017898599,1,155.02293448662473,-0.013731502587090874,0.013731502587090874
0.008690000000000002,0.006244747474742325,-1.1867213148902185,1,155.11868996413213,-0.013743385312108773,0.013743385312108773
0.008700000000000001,0.0062328957830210295,-1.1851691721295001,1,155.2142760718413,-0.013755252525257675,0.013755252525257675
0.00871,0.006221059622269009,-1.1836160752021063,1,155.30969273937325,-0.01376710421697897,0.01376710421697897
0.00872,0.006209239002010977,-1.1820620258031411,1,155.40493989652873,-0.01377894037773099,0.01377894037773099
0.00873,0.006197433931754694,-1.1805070256284083,1,155.50001747328852,-0.013790760997989022,0.013790760997989022
0.008740000000000001,0.00618564442099095,-1.1789510763744102,1,155.5949253998133,-0.013802566068245306,0.013802566068245306
0.00875,0.006173870479193567,-1.1773941797383458,1,155.68966360644401,-0.01381435557900905,0.01381435557900905
0.00876,0.006162112115819387,-1.175836337418109,1,155.78423202370138,-0.013826129520806432,0.013826129520806432
0.00877,0.006150369340308264,-1.174277551112286,1,155.87863058228655,-0.013837887884180613,0.013837887884180613
0.008780000000000001,0.006138642162083063,-1.1727178225201553,1,155.97285921308065,-0.013849630659691735,0.013849630659691735
0.008790000000000001,0.006126930590549646,-1.1711571533416838,1,156.0669178471451,-0.013861357837916937,0.013861357837916937
0.0088,0.006115234635096871,-1.1695955452775266,1,156.16080641572154,-0.013873069409450354,0.013873069409450354
0.00881,0.00610355430509658,-1.1680330000290242,1,156.25452485023195,-0.013884765364903129,0.013884765364903129
0.008820000000000001,0.006091889609903597,-1.1664695192982015,1,156.34807308227863,-0.01389644569490342,0.01389644569490342
0.008830000000000001,0.006080240558855718,-1.164905104787765,1,156.44145104364426,-0.013908110390096403,0.013908110390096403
0.00884,0.006068607161273707,-1.163339758201102,1,156.5346586662919,-0.013919759441144281,0.013919759441144281
0.00885,0.006056989426461284,-1.1617734812422784,1,156.62769588236523,-0.013931392838726292,0.013931392838726292
0.008860000000000002,0.0060453873637051235,-1.1602062756160365,1,156.7205626241882,-0.013943010573538715,0.013943010573538715
0.008870000000000001,0.006033800982274846,-1.1586381430277939,1,156.81325882426557,-0.013954612636294876,0.013954612636294876
0.00888,0.00602223029142301,-1.1570690851836412,1,156.90578441528234,-0.013966199017725153,0.013966199017725153
0.00889,0.006010675300385107,-1.1554991037903402,1,156.99813933010455,-0.01397776970857699,0.01397776970857699
0.0089,0.005999136018379553,-1.1539282005553224,1,157.09032350177858,-0.013989324699614893,0.013989324699614893
0.008910000000000001,0.0059876124546076855,-1.1523563771866872,1,157.18233686353173,-0.014000863981620447,0.014000863981620447
0.00892,0.005976104618253754,-1.1507836353931995,1,157.27417934877187,-0.014012387545392314,0.014012387545392314
0.00893,0.0059646125184849115,-1.1492099768842887,1,157.36585089108775,-0.014023895381746245,0.014023895381746245
0.00894,0.005953136164451212,-1.1476354033700462,1,157.45735142424905,-0.014035387481515088,0.014035387481515088
0.008950000000000001,0.005941675565285599,-1.1460599165612242,1,157.5486808822061,-0.014046863835548788,0.014046863835548788
0.008960000000000001,0.005930230730103907,-1.1444835181692332,1,157.63983919909032,-0.0140583244347144,0.0140583244347144
0.00897,0.005918801668004846,-1.1429062099061411,1,157.73082630921394,-0.014069769269896093,0.014069769269896093
0.00898,0.00590738838807,-1.1413279934846705,1,157.82164214707024,-0.014081198331995153,0.014081198331995153
0.008990000000000001,0.005895990899363819,-1.139748870618197,1,157.91228664733353,-0.01409261161193,0.01409261161193
0.009000000000000001,0.005884609210933611,-1.1381688430207484,1,158.00275974485913,-0.01410400910063618,0.01410400910063618
0.00901,0.005873243331809541,-1.1365879124070015,1,158.0930613746836,-0.014115390789066389,0.014115390789066389
0.00902,0.005861893271004619,-1.1350060804922812,1,158.18319147202442,-0.014126756668190459,0.014126756668190459
0.009030000000000002,0.005850559037514694,-1.1334233489925585,1,158.27314997228032,-0.01413810672899538,0.01413810672899538
0.009040000000000001,0.005839240640318449,-1.131839719624448,1,158.36293681103135,-0.014149440962485306,0.014149440962485306
0.00905,0.005827938088377398,-1.1302551941052077,1,158.45255192403872,-0.01416075935968155,0.01416075935968155
0.00906,0.005816651390635871,-1.1286697741527352,1,158.54199524724487,-0.014172061911622602,0.014172061911622602
0.00907,0.005805380556021015,-1.1270834614855674,1,158.63126671677375,-0.014183348609364129,0.014183348609364129
0.009080000000000001,0.005794125593442786,-1.125496257822878,1,158.7203662689305,-0.014194619443978984,0.014194619443978984
0.00909,0.005782886511793941,-1.123908164884476,1,158.80929384020166,-0.014205874406557214,0.014205874406557214
0.0091,0.005771663319950032,-1.1223191843908034,1,158.89804936725528,-0.014217113488206059,0.014217113488206059
0.00911,0.005760456026769402,-1.1207293180629339,1,158.98663278694087,-0.014228336680049967,0.014228336680049967
0.009120000000000001,0.005749264641093176,-1.119138567622571,1,159.07504403628943,-0.014239543973230597,0.014239543973230597
0.009130000000000001,0.005738089171745256,-1.1175469347920457,1,159.1632830525135,-0.014250735358906823,0.014250735358906823
0.00914,0.005726929627532312,-1.1159544212943155,1,159.25134977300715,-0.014261910828254743,0.014261910828254743
0.00915,0.005715786017243782,-1.1143610288529622,1,159.33924413534615,-0.014273070372467687,0.014273070372467687
0.009160000000000001,0.00570465834965186,-1.1127667591921893,1,159.42696607728786,-0.014284213982756217,0.014284213982756217
0.009170000000000001,0.005693546633511491,-1.1111716140368215,1,159.51451553677137,-0.01429534165034814,0.01429534165034814
0.00918,0.005682450877560368,-1.1095755951123023,1,159.60189245191742,-0.014306453366488508,0.014306453366488508
0.00919,0.005671371090518921,-1.107978704144692,1,159.6890967610286,-0.014317549122439632,0.014317549122439632
0.009200000000000002,0.005660307281090315,-1.1063809428606661,1,159.77612840258917,-0.014328628909481078,0.014328628909481078
0.009210000000000001,0.00564925945796044,-1.1047823129875134,1,159.86298731526534,-0.014339692718909685,0.014339692718909685
0.00922,0.005638227629797908,-1.1031828162531343,1,159.94967343790503,-0.01435074054203956,0.01435074054203956
0.00923,0.005627211805254048,-1.1015824543860389,1,160.0361867095382,-0.014361772370202091,0.014361772370202091
0.00924,0.0056162119929628945,-1.099981229115345,1,160.1225270693767,-0.014372788194745951,0.014372788194745951
0.009250000000000001,0.005605228201541186,-1.098379142170777,1,160.20869445681424,-0.014383788007037105,0.014383788007037105
0.009260000000000001,0.00559426043958836,-1.0967761952826627,1,160.29468881142662,-0.014394771798458814,0.014394771798458814
0.00927,0.005583308715686541,-1.095172390181933,1,160.38051007297162,-0.01440573956041164,0.01440573956041164
0.00928,0.005572373038400539,-1.093567728600119,1,160.46615818138912,-0.014416691284313459,0.014416691284313459
0.009290000000000001,0.005561453416277846,-1.091962212269351,1,160.551633076801,-0.01442762696159946,0.01442762696159946
0.009300000000000001,0.005550549857848621,-1.0903558429223559,1,160.63693469951147,-0.014438546583722154,0.014438546583722154
0.00931,0.005539662371625697,-1.0887486222924558,1,160.72206299000663,-0.014449450142151378,0.014449450142151378
0.00932,0.005528790966104562,-1.0871405521135662,1,160.80701788895493,-0.014460337628374302,0.014460337628374302
0.009330000000000001,0.00551793564976336,-1.0855316341201942,1,160.89179933720703,-0.014471209033895437,0.014471209033895437
0.009340000000000001,0.005507096431062885,-1.0839218700474362,1,160.97640727579582,-0.01448206435023664,0.01448206435023664
0.00935,0.005496273318446575,-1.082311261630977,1,161.0608416459365,-0.014492903568937114,0.014492903568937114
0.00936,0.005485466320340505,-1.0806998106070866,1,161.1451023890265,-0.014503726681553425,0.014503726681553425
0.009370000000000002,0.005474675445153379,-1.07908751871262,1,161.2291894466457,-0.014514533679659495,0.014514533679659495
0.009380000000000001,0.005463900701276528,-1.0774743876850146,1,161.31310276055635,-0.014525324554846621,0.014525324554846621
0.00939,0.005453142097083905,-1.0758604192622876,1,161.39684227270308,-0.014536099298723472,0.014536099298723472
0.0094,0.0054423996409320744,-1.0742456151830355,1,161.48040792521292,-0.014546857902916094,0.014546857902916094
0.00941,0.00543167334116021,-1.0726299771864316,1,161.5637996603955,-0.014557600359067925,0.014557600359067925
0.009420000000000001,0.005420963206090088,-1.0710135070122242,1,161.6470174207428,-0.01456832665883979,0.01456832665883979
0.009430000000000001,0.00541026924402608,-1.069396206400735,1,161.73006114892945,-0.014579036793909912,0.014579036793909912
0.00944,0.005399591463255151,-1.0677780770928569,1,161.8129307878126,-0.01458973075597392,0.01458973075597392
0.00945,0.005388929872046851,-1.0661591208300525,1,161.895626280432,-0.014600408536744849,0.014600408536744849
0.009460000000000001,0.005378284478653308,-1.0645393393543523,1,161.97814757000995,-0.014611070127953148,0.014611070127953148
0.009470000000000001,0.005367655291309225,-1.0629187344083528,1,162.06049459995157,-0.014621715521346692,0.014621715521346692
0.00948,0.005357042318231873,-1.0612973077352144,1,162.14266731384453,-0.014632344708690775,0.014632344708690775
0.00949,0.0053464455676210864,-1.0596750610786598,1,162.22466565545923,-0.014642957681768126,0.014642957681768126
0.009500000000000001,0.005335865047659256,-1.0580519961829724,1,162.30648956874882,-0.014653554432378913,0.014653554432378913
0.009510000000000001,0.005325300766511327,-1.056428114792994,1,162.38813899784927,-0.014664134952340743,0.014664134952340743
0.00952,0.005314752732324786,-1.054803418654123,1,162.4696138870793,-0.014674699233488672,0.014674699233488672
0.00953,0.005304220953229663,-1.0531779095123137,1,162.55091418094042,-0.014685247267675214,0.014685247267675214
0.009540000000000002,0.005293705437338521,-1.0515515891140725,1,162.63203982411707,-0.014695779046770337,0.014695779046770337
0.009550000000000001,0.0052832061927464554,-1.0499244592064578,1,162.71299076147653,-0.014706294562661478,0.014706294562661478
0.00956,0.005272723227531083,-1.0482965215370772,1,162.793766938069,-0.014716793807253544,0.014716793807253544
0.00957,0.005262256549752541,-1.0466677778540858,1,162.87436829912767,-0.014727276772468916,0.014727276772468916
0.00958,0.0052518061674534785,-1.0450382299061851,1,162.95479479006855,-0.014737743450247458,0.014737743450247458
0.009590000000000001,0.0052413720886590525,-1.0434078794426203,1,163.03504635649085,-0.014748193832546521,0.014748193832546521
0.009600000000000001,0.00523095432137692,-1.0417767282131785,1,163.11512294417656,-0.014758627911340947,0.014758627911340947
0.00961,0.005220552873597239,-1.0401447779681876,1,163.19502449909095,-0.01476904567862308,0.01476904567862308
0.00962,0.005210167753292655,-1.0385120304585138,1,163.27475096738226,-0.014779447126402761,0.014779447126402761
0.009630000000000001,0.005199798968418298,-1.03687848743556,1,163.35430229538176,-0.014789832246707345,0.014789832246707345
0.009640000000000001,0.0051894465269117845,-1.035244150651264,1,163.43367842960404,-0.014800201031581701,0.014800201031581701
0.00965,0.005179110436693202,-1.0336090218580964,1,163.51287931674665,-0.014810553473088215,0.014810553473088215
0.00966,0.005168790705665112,-1.0319731028090595,1,163.5919049036904,-0.014820889563306797,0.014820889563306797
0.009670000000000002,0.005158487341712536,-1.0303363952576845,1,163.6707551374993,-0.014831209294334888,0.014831209294334888
0.009680000000000001,0.005148200352702955,-1.0286989009580303,1,163.7494299654206,-0.014841512658287464,0.014841512658287464
0.00969,0.005137929746486309,-1.0270606216646814,1,163.82792933488486,-0.014851799647297045,0.014851799647297045
0.0097,0.0051276755308949816,-1.0254215591327462,1,163.90625319350576,-0.01486207025351369,0.01486207025351369
0.009710000000000002,0.005117437713743802,-1.0237817151178554,1,163.98440148908048,-0.014872324469105018,0.014872324469105018
0.009720000000000001,0.005107216302830039,-1.0221410913761595,1,164.06237416958942,-0.014882562286256198,0.014882562286256198
0.00973,0.005097011305933394,-1.0204996896643275,1,164.14017118319634,-0.01489278369716996,0.01489278369716996
0.00974,0.005086822730815998,-1.018857511739545,1,164.21779247824838,-0.014902988694066605,0.014902988694066605
0.00975,0.005076650585222403,-1.0172145593595123,1,164.29523800327615,-0.014913177269184001,0.014913177269184001
0.009760000000000001,0.00506649487687958,-1.0155708342824423,1,164.37250770699367,-0.014923349414777597,0.014923349414777597
0.009770000000000001,0.005056355613496911,-1.0139263382670594,1,164.44960153829834,-0.01493350512312042,0.01493350512312042
0.00978,0.005046232802766184,-1.0122810730725966,1,164.52651944627107,-0.014943644386503089,0.014943644386503089
0.00979,0.005036126452361597,-1.010635040458795,1,164.6032613801764,-0.014953767197233816,0.014953767197233816
0.009800000000000001,0.005026036569939738,-1.0089882421859002,1,164.67982728946217,-0.014963873547638402,0.014963873547638402
0.009810000000000001,0.005015963163139593,-1.0073406800146627,1,164.7562171237599,-0.014973963430060262,0.014973963430060262
0.00982,0.005005906239582531,-1.0056923557063338,1,164.83243083288477,-0.014984036836860407,0.014984036836860407
0.00983,0.004995865806872303,-1.0040432710226654,1,164.90846836683534,-0.014994093760417469,0.014994093760417469
0.009840000000000002,0.004985841872595045,-1.0023934277259074,1,164.984329675794,-0.015004134193127697,0.015004134193127697
0.009850000000000001,0.004975834444319256,-1.0007428275788062,1,165.0600147101265,-0.015014158127404954,0.015014158127404954
0.00986,0.004965843529595808,-0.9990914723446024,1,165.1355234203826,-0.015024165555680744,0.015024165555680744
0.00987,0.004955869135957937,-0.9974393637870295,1,165.21085575729555,-0.015034156470404191,0.015034156470404191
0.009880000000000002,0.004945911270921233,-0.9957865036703116,1,165.28601167178223,-0.015044130864042063,0.015044130864042063
0.009890000000000001,0.004935969941983641,-0.9941328937591621,1,165.36099111494343,-0.015054088729078766,0.015054088729078766
0.0099,0.004926045156625455,-0.9924785358187815,1,165.43579403806356,-0.015064030058016358,0.015064030058016358
0.00991,0.004916136922309306,-0.9908234316148554,1,165.51042039261088,-0.015073954843374544,0.015073954843374544
0.00992,0.004906245246480169,-0.989167582913553,1,165.58487013023733,-0.015083863077690694,0.015083863077690694
0.009930000000000001,0.0048963701365653525,-0.9875109914815252,1,165.6591432027789,-0.01509375475351983,0.01509375475351983
0.009940000000000001,0.0048865115999744925,-0.9858536590859026,1,165.73323956225508,-0.015103629863434647,0.015103629863434647
0.00995,0.004876669644099551,-0.9841955874942939,1,165.80715916086942,-0.015113488400025507,0.015113488400025507
0.00996,0.004866844276314802,-0.9825367784747838,1,165.8809019510094,-0.015123330355900449,0.015123330355900449
0.009970000000000001,0.004857035503976841,-0.9808772337959314,1,165.9544678852462,-0.015133155723685197,0.015133155723685197
0.009980000000000001,0.004847243334424575,-0.979216955226768,1,166.02785691633505,-0.015142964496023158,0.015142964496023158
0.00999,0.0048374677749792065,-0.9775559445367958,1,166.1010689972151,-0.015152756665575424,0.015152756665575424
0.01,0.004827708832944247,-0.9758942034959858,1,166.17410408100943,-0.015162532225020793,0.015162532225020793
0.010010000000000002,0.004817966515605498,-0.9742317338747755,1,166.2469621210251,-0.015172291167055752,0.015172291167055752
0.010020000000000001,0.0048082408302310585,-0.9725685374440679,1,166.31964307075313,-0.015182033484394501,0.015182033484394501
0.01003,0.004798531784071305,-0.9709046159752293,1,166.39214688386866,-0.015191759169768941,0.015191759169768941
0.01004,0.0047888393843589045,-0.969239971240087,1,166.46447351423075,-0.015201468215928694,0.015201468215928694
0.010050000000000002,0.004779163638308797,-0.9675746050109282,1,166.5366229158825,-0.015211160615641095,0.015211160615641095
0.010060000000000001,0.00476950455311819,-0.9659085190604977,1,166.6085950430512,-0.015220836361691203,0.015220836361691203
0.01007,0.004759862135966571,-0.9642417151619962,1,166.68038985014812,-0.01523049544688181,0.01523049544688181
0.01008,0.004750236394015678,-0.9625741950890785,1,166.75200729176868,-0.015240137864033429,0.015240137864033429
0.01009,0.004740627334409521,-0.9609059606158515,1,166.82344732269235,-0.015249763605984321,0.015249763605984321
0.010100000000000001,0.0047310349642743525,-0.9592370135168727,1,166.89470989788285,-0.015259372665590479,0.015259372665590479
0.010110000000000001,0.004721459290718682,-0.9575673555671479,1,166.96579497248803,-0.015268965035725647,0.015268965035725647
0.01012,0.00471190032083326,-0.9558969885421295,1,167.03670250183984,-0.015278540709281318,0.015278540709281318
0.01013,0.004702358061691082,-0.954225914217715,1,167.1074324414545,-0.01528809967916674,0.01528809967916674
0.010140000000000001,0.00469283252034738,-0.9525541343702446,1,167.1779847470325,-0.015297641938308917,0.015297641938308917
0.010150000000000001,0.004683323703839614,-0.9508816507765,1,167.24835937445832,-0.01530716747965262,0.01530716747965262
0.01016,0.004673831619187478,-0.949208465213702,1,167.31855627980093,-0.015316676296160386,0.015316676296160386
0.01017,0.004664356273392882,-0.9475345794595088,1,167.3885754193135,-0.015326168380812522,0.015326168380812522
0.010180000000000002,0.004654897673439961,-0.9458599952920145,1,167.45841674943335,-0.015335643726607118,0.015335643726607118
0.010190000000000001,0.0046454558262950625,-0.9441847144897466,1,167.5280802267823,-0.015345102326560039,0.015345102326560039
0.0102,0.004636030738906747,-0.942508738831665,1,167.59756580816625,-0.015354544173704937,0.015354544173704937
0.01021,0.004626622418205775,-0.9408320700971592,1,167.66687345057565,-0.015363969261093253,0.015363969261093253
0.010220000000000002,0.004617230871105114,-0.9391547100660473,1,167.7360031111851,-0.015373377581794224,0.015373377581794224
0.010230000000000001,0.004607856104499929,-0.9374766605185738,1,167.80495474735366,-0.015382769128894885,0.015382769128894885
0.01024,0.004598498125267576,-0.9357979232354076,1,167.87372831662472,-0.01539214389550007,0.01539214389550007
0.01025,0.0045891569402675995,-0.9341184999976403,1,167.94232377672617,-0.015401501874732423,0.015401501874732423
0.01026,0.004579832556341731,-0.9324383925867846,1,168.0107410855701,-0.0154108430597324,0.0154108430597324
0.010270000000000001,0.004570524980313884,-0.930757602784772,1,168.07898020125316,-0.015420167443658268,0.015420167443658268
0.010280000000000001,0.004561234218990145,-0.9290761323739515,1,168.14704108205635,-0.015429475019686115,0.015429475019686115
0.01029,0.004551960279158776,-0.927393983137087,1,168.2149236864452,-0.015438765781009854,0.015438765781009854
0.0103,0.004542703167590203,-0.9257111568573563,1,168.28262797306962,-0.015448039720841224,0.015448039720841224
0.010310000000000001,0.00453346289103702,-0.9240276553183486,1,168.35015390076407,-0.015457296832409796,0.015457296832409796
0.010320000000000001,0.00452423945623398,-0.9223434803040631,1,168.4175014285474,-0.01546653710896298,0.01546653710896298
0.01033,0.004515032869897992,-0.9206586335989069,1,168.48467051562298,-0.01547576054376602,0.01547576054376602
0.01034,0.004505843138728114,-0.9189731169876931,1,168.5516611213788,-0.015484967130102008,0.015484967130102008
0.010350000000000002,0.004496670269405557,-0.9172869322556393,1,168.61847320538723,-0.015494156861271886,0.015494156861271886
0.010360000000000001,0.004487514268593672,-0.9156000811883652,1,168.6851067274053,-0.015503329730594442,0.015503329730594442
0.01037,0.004478375142937952,-0.9139125655718915,1,168.75156164737444,-0.015512485731406327,0.015512485731406327
0.01038,0.004469252899066026,-0.9122243871926373,1,168.81783792542086,-0.015521624857062048,0.015521624857062048
0.010390000000000002,0.004460147543587651,-0.9105355478374187,1,168.8839355218551,-0.015530747100933974,0.015530747100933974
0.010400000000000001,0.004451059083094718,-0.908846049293447,1,168.94985439717257,-0.015539852456412349,0.015539852456412349
0.01041,0.004441987524161236,-0.9071558933483265,1,169.01559451205293,-0.015548940916905282,0.015548940916905282
0.01042,0.004432932873343335,-0.9054650817900529,1,169.08115582736076,-0.015558012475838764,0.015558012475838764
0.01043,0.004423895137179264,-0.9037736164070115,1,169.14653830414517,-0.015567067126656665,0.015567067126656665
0.010440000000000001,0.004414874322189385,-0.9020814989879751,1,169.2117419036398,-0.015576104862820735,0.015576104862820735
0.010450000000000001,0.004405870434876165,-0.9003887313221024,1,169.2767665872631,-0.015585125677810615,0.015585125677810615
0.01046,0.004396883481724174,-0.8986953151989362,1,169.34161231661807,-0.015594129565123835,0.015594129565123835
0.01047,0.004387913469200091,-0.8970012524084012,1,169.40627905349237,-0.015603116518275825,0.015603116518275825
0.010480000000000001,0.004378960403752684,-0.8953065447408026,1,169.47076675985846,-0.015612086530799908,0.015612086530799908
0.010490000000000001,0.004370024291812816,-0.8936111939868239,1,169.53507539787333,-0.015621039596247315,0.015621039596247315
0.0105,0.00436110513979344,-0.891915201937525,1,169.59920492987882,-0.015629975708187183,0.015629975708187183
0.01051,0.004352202954089598,-0.890218570384341,1,169.66315531840138,-0.01563889486020656,0.01563889486020656
0.010520000000000002,0.004343317741078405,-0.8885213011190796,1,169.7269265261522,-0.015647797045910402,0.015647797045910402
0.010530000000000001,0.004334449507119065,-0.8868233959339193,1,169.79051851602722,-0.015656682258921594,0.015656682258921594
0.01054,0.004325598258552852,-0.8851248566214083,1,169.85393125110707,-0.015665550492880934,0.015665550492880934
0.01055,0.004316764001703106,-0.8834256849744617,1,169.91716469465726,-0.015674401741447148,0.015674401741447148
0.010560000000000002,0.004307946742875243,-0.8817258827863604,1,169.98021881012787,-0.015683235998296893,0.015683235998296893
0.010570000000000001,0.004299146488356736,-0.8800254518507489,1,170.0430935611539,-0.015692053257124756,0.015692053257124756
0.01058,0.0042903632444171195,-0.8783243939616333,1,170.10578891155507,-0.015700853511643263,0.015700853511643263
0.01059,0.004281597017307986,-0.87662271091338,1,170.16830482533587,-0.01570963675558288,0.01570963675558288
0.0106,0.00427284781326298,-0.8749204045007131,1,170.23064126668564,-0.015718402982692014,0.015718402982692014
0.010610000000000001,0.004264115638497794,-0.8732174765187133,1,170.29279819997842,-0.01572715218673702,0.01572715218673702
0.010620000000000001,0.004255400499210165,-0.8715139287628155,1,170.35477558977317,-0.015735884361502205,0.015735884361502205
0.01063,0.004246702401579878,-0.8698097630288074,1,170.41657340081366,-0.015744599500789835,0.015744599500789835
0.01064,0.00423802135176875,-0.8681049811128271,1,170.47819159802833,-0.015753297598420122,0.015753297598420122
0.010650000000000001,0.004229357355920635,-0.8663995848113618,1,170.5396301465307,-0.01576197864823125,0.01576197864823125
0.010660000000000001,0.004220710420161425,-0.8646935759212456,1,170.60088901161896,-0.015770642644079364,0.015770642644079364
0.01067,0.004212080550599027,-0.8629869562396578,1,170.66196815877612,-0.015779289579838575,0.015779289579838575
0.01068,0.004203467753323384,-0.8612797275641211,1,170.72286755367023,-0.015787919449400972,0.015787919449400972
0.010690000000000002,0.004194872034406458,-0.8595718916924996,1,170.783587162154,-0.015796532246676615,0.015796532246676615
0.010700000000000001,0.004186293399902229,-0.8578634504229969,1,170.84412695026518,-0.01580512796559354,0.01580512796559354
0.01071,0.004177731855846688,-0.8561544055541547,1,170.9044868842262,-0.01581370660009777,0.01581370660009777
0.01072,0.004169187408257841,-0.8544447588848503,1,170.96466693044448,-0.01582226814415331,0.01582226814415331
0.010730000000000002,0.004160660063135697,-0.8527345122142952,1,171.02466705551248,-0.01583081259174216,0.01583081259174216
0.010740000000000001,0.004152149826462277,-0.8510236673420332,1,171.0844872262073,-0.015839339936864302,0.015839339936864302
0.010750000000000001,0.004143656704201598,-0.8493122260679382,1,171.14412740949103,-0.015847850173537723,0.015847850173537723
0.01076,0.004135180702299675,-0.8476001901922131,1,171.2035875725107,-0.0158563432957984,0.0158563432957984
0.01077,0.004126721826684522,-0.8458875615153871,1,171.26286768259826,-0.015864819297700325,0.015864819297700325
0.010780000000000001,0.004118280083266138,-0.8441743418383144,1,171.32196770727046,-0.015873278173315478,0.015873278173315478
0.010790000000000001,0.004109855477936515,-0.8424605329621722,1,171.38088761422915,-0.01588171991673386,0.01588171991673386
0.0108,0.004101448016569631,-0.8407461366884585,1,171.4396273713609,-0.015890144522063485,0.015890144522063485
0.01081,0.00409305770502144,-0.8390311548189912,1,171.49818694673735,-0.01589855198343037,0.01589855198343037
0.010820000000000001,0.004084684549129881,-0.837315589155905,1,171.5565663086151,-0.01590694229497856,0.01590694229497856
0.010830000000000001,0.004076328554714864,-0.8355994415016507,1,171.6147654254355,-0.01591531545087012,0.01591531545087012
0.01084,0.0040679897275782756,-0.8338827136589924,1,171.6727842658251,-0.015923671445285136,0.015923671445285136
0.01085,0.004059668073503965,-0.8321654074310064,1,171.7306227985952,-0.015932010272421724,0.015932010272421724
0.010860000000000002,0.004051363598257754,-0.830447524621079,1,171.78828099274207,-0.015940331926496035,0.015940331926496035
0.010870000000000001,0.004043076307587423,-0.8287290670329045,1,171.84575881744712,-0.015948636401742246,0.015948636401742246
0.01088,0.004034806207222719,-0.8270100364704838,1,171.9030562420764,-0.015956923692412577,0.015956923692412577
0.01089,0.004026553302875337,-0.8252904347381219,1,171.96017323618116,-0.01596519379277728,0.01596519379277728
0.010900000000000002,0.0040183176002389345,-0.823570263640427,1,172.01710976949752,-0.015973446697124662,0.015973446697124662
0.010910000000000001,0.00401009910498911,-0.8218495249823075,1,172.07386581194666,-0.015981682399761065,0.015981682399761065
0.010920000000000001,0.004001897822783421,-0.8201282205689711,1,172.13044133363462,-0.01598990089501089,0.01598990089501089
0.01093,0.003993713759261361,-0.8184063522059225,1,172.18683630485242,-0.01599810217721658,0.01599810217721658
0.01094,0.003985546920044373,-0.8166839216989618,1,172.24305069607604,-0.01600628624073864,0.01600628624073864
0.010950000000000001,0.003977397310735829,-0.8149609308541821,1,172.29908447796657,-0.016014453079955627,0.016014453079955627
0.010960000000000001,0.00396926493692105,-0.8132373814779684,1,172.3549376213699,-0.01602260268926417,0.01602260268926417
0.01097,0.003961149804167281,-0.8115132753769952,1,172.41061009731706,-0.01603073506307895,0.01603073506307895
0.01098,0.0039530519180237,-0.809788614358225,1,172.46610187702382,-0.01603885019583272,0.01603885019583272
0.010990000000000002,0.003944971284021412,-0.8080634002289061,1,172.5214129318912,-0.0160469480819763,0.0160469480819763
0.011000000000000001,0.003936907907673446,-0.8063376347965711,1,172.57654323350513,-0.016055028715978588,0.016055028715978588
0.01101,0.003928861794474755,-0.8046113198690347,1,172.6314927536363,-0.016063092092326554,0.016063092092326554
0.01102,0.003920832949902211,-0.8028844572543923,1,172.6862614642408,-0.016071138205525245,0.016071138205525245
0.011030000000000002,0.0039128213794146,-0.8011570487610177,1,172.74084933745925,-0.01607916705009779,0.01607916705009779
0.011040000000000001,0.003904827088452626,-0.7994290961975615,1,172.7952563456176,-0.0160871786205854,0.0160871786205854
0.01105,0.0038968500824388954,-0.7977006013729493,1,172.84948246122647,-0.016095172911547374,0.016095172911547374
0.01106,0.0038888903667779326,-0.7959715660963794,1,172.90352765698188,-0.016103149917561104,0.016103149917561104
0.011070000000000002,0.0038809479468561578,-0.7942419921773218,1,172.9573919057644,-0.016111109633222067,0.016111109633222067
0.011080000000000001,0.003873022828041902,-0.7925118814255154,1,173.01107518063995,-0.016119052053143842,0.016119052053143842
0.011090000000000001,0.003865115015685392,-0.7907812356509668,1,173.06457745485912,-0.016126977171958098,0.016126977171958098
0.0111,0.0038572245151187517,-0.7890500566639482,1,173.1178987018577,-0.016134884984314608,0.016134884984314608
0.01111,0.0038493513316560013,-0.7873183462749956,1,173.17103889525637,-0.016142775484881248,0.016142775484881248
0.011120000000000001,0.0038414954705930536,-0.785586106294907,1,173.22399800886078,-0.016150648668344,0.016150648668344
0.011130000000000001,0.0038336569372077077,-0.7838533385347404,1,173.27677601666161,-0.016158504529406946,0.016158504529406946
0.01114,0.0038258357367596486,-0.782120044805812,1,173.32937289283444,-0.016166343062792292,0.016166343062792292
0.01115,0.003818031874490451,-0.7803862269196946,1,173.38178861173998,-0.01617416426324035,0.01617416426324035
0.011160000000000002,0.0038102453556235682,-0.7786518866882154,1,173.43402314792374,-0.01618196812550955,0.01618196812550955
0.011170000000000001,0.003802476185364333,-0.7769170259234542,1,173.48607647611627,-0.01618975464437643,0.01618975464437643
0.01118,0.003794724368899954,-0.7751816464377419,1,173.53794857123304,-0.016197523814635666,0.016197523814635666
0.01119,0.0037869899113995185,-0.7734457500436581,1,173.5896394083746,-0.016205275631100045,0.016205275631100045
0.011200000000000002,0.003779272818013979,-0.7717093385540299,1,173.64114896282638,-0.01621301008860048,0.01621301008860048
0.011210000000000001,0.0037715730938761597,-0.7699724137819293,1,173.69247721005883,-0.01622072718198602,0.01622072718198602
0.01122,0.0037638907441007547,-0.768234977540672,1,173.74362412572722,-0.01622842690612384,0.01622842690612384
0.01123,0.0037562257737843155,-0.7664970316438153,1,173.79458968567192,-0.016236109255899245,0.016236109255899245
0.011240000000000002,0.003748578188005262,-0.7647585779051561,1,173.84537386591828,-0.016243774226215684,0.016243774226215684
0.011250000000000001,0.0037409479918238736,-0.7630196181387293,1,173.89597664267646,-0.016251421811994737,0.016251421811994737
0.011260000000000001,0.0037333351902822864,-0.7612801541588059,1,173.94639799234153,-0.016259052008176126,0.016259052008176126
0.01127,0.003725739788404489,-0.759540187779891,1,173.99663789149372,-0.016266664809717713,0.016266664809717713
0.01128,0.0037181617911963205,-0.757799720816722,1,174.04669631689796,-0.01627426021159551,0.01627426021159551
0.011290000000000001,0.003710601203645479,-0.7560587550842669,1,174.0965732455044,-0.01628183820880368,0.01628183820880368
0.011300000000000001,0.003703058030721503,-0.7543172923977224,1,174.14626865444774,-0.01628939879635452,0.01628939879635452
0.01131,0.003695532277375779,-0.7525753345725119,1,174.1957825210479,-0.016296941969278497,0.016296941969278497
0.01132,0.0036880239485415347,-0.7508328834242838,1,174.24511482280963,-0.01630446772262422,0.01630446772262422
0.011330000000000002,0.003680533049133845,-0.7490899407689096,1,174.29426553742258,-0.016311976051458465,0.016311976051458465
0.011340000000000001,0.0036730595840496197,-0.747346508422482,1,174.3432346427613,-0.016319466950866154,0.016319466950866154
0.01135,0.003665603558167605,-0.7456025882013131,1,174.3920221168852,-0.01632694041595038,0.01632694041595038
0.01136,0.003658164976348385,-0.7438581819219326,1,174.44062793803877,-0.016334396441832395,0.016334396441832395
0.011370000000000002,0.003650743843434375,-0.7421132914010862,1,174.4890520846511,-0.016341835023651614,0.016341835023651614
0.011380000000000001,0.003643340164249816,-0.7403679184557328,1,174.53729453533646,-0.016349256156565625,0.016349256156565625
0.01139,0.0036359539436007842,-0.7386220649030438,1,174.5853552688938,-0.016356659835750183,0.016356659835750183
0.0114,0.0036285851862751786,-0.7368757325604007,1,174.63323426430694,-0.016364046056399215,0.016364046056399215
0.011410000000000002,0.0036212338970427254,-0.7351289232453933,1,174.68093150074475,-0.01637141481372482,0.01637141481372482
0.011420000000000001,0.0036139000806549677,-0.7333816387758176,1,174.72844695756078,-0.016378766102957274,0.016378766102957274
0.011430000000000001,0.003606583741845272,-0.7316338809696747,1,174.77578061429352,-0.016386099919345032,0.016386099919345032
0.01144,0.003599284885328821,-0.729885651645168,1,174.8229324506662,-0.016393416258154728,0.016393416258154728
0.01145,0.003592003515802615,-0.7281369526207022,1,174.8699024465871,-0.01640071511467118,0.01640071511467118
0.011460000000000001,0.0035847396379454664,-0.7263877857148807,1,174.9166905821491,-0.016407996484197385,0.016407996484197385
0.011470000000000001,0.0035774932564180016,-0.7246381527465044,1,174.96329683763005,-0.016415260362054533,0.016415260362054533
0.01148,0.003570264375862656,-0.7228880555345695,1,175.0097211934925,-0.016422506743581998,0.016422506743581998
0.01149,0.003563053000903672,-0.7211374958982656,1,175.05596363038399,-0.016429735624137343,0.016429735624137343
0.011500000000000002,0.003555859136147101,-0.7193864756569742,1,175.10202412913662,-0.016436946999096327,0.016436946999096327
0.011510000000000001,0.0035486827861807976,-0.7176349966302665,1,175.1479026707675,-0.0164441408638529,0.0164441408638529
0.01152,0.0035415239555744186,-0.7158830606379017,1,175.19359923647835,-0.016451317213819202,0.016451317213819202
0.01153,0.0035343826488794207,-0.7141306694998252,1,175.23911380765583,-0.01645847604442558,0.01645847604442558
0.011540000000000002,0.0035272588706290594,-0.7123778250361664,1,175.2844463658711,-0.01646561735112058,0.01646561735112058
0.011550000000000001,0.0035201526253383865,-0.7106245290672376,1,175.32959689288043,-0.01647274112937094,0.01647274112937094
0.01156,0.0035130639175042526,-0.7088707834135314,1,175.37456537062457,-0.016479847374661613,0.016479847374661613
0.01157,0.003505992751605294,-0.7071165898957191,1,175.41935178122915,-0.016486936082495747,0.016486936082495747
0.011580000000000002,0.003498939132101946,-0.7053619503346491,1,175.4639561070044,-0.016494007248394706,0.016494007248394706
0.011590000000000001,0.0034919030634364334,-0.7036068665513446,1,175.5083783304454,-0.016501060867898053,0.016501060867898053
0.011600000000000001,0.003484884550032762,-0.7018513403670024,1,175.55261843423182,-0.016508096936563566,0.016508096936563566
0.01161,0.003477883596296731,-0.7000953736029901,1,175.59667640122814,-0.016515115449967237,0.016515115449967237
0.01162,0.003470900206615924,-0.6983389680808453,1,175.6405522144834,-0.01652211640370327,0.01652211640370327
0.011630000000000001,0.0034639343853597,-0.696582125622273,1,175.68424585723145,-0.016529099793384076,0.016529099793384076
0.011640000000000001,0.003456986136879207,-0.694824848049144,1,175.72775731289067,-0.0165360656146403,0.0165360656146403
0.01165,0.003450055465507372,-0.6930671371834933,1,175.7710865650643,-0.016543013863120792,0.016543013863120792
0.01166,0.0034431423755588953,-0.691308994847518,1,175.81423359753995,-0.016549944534492628,0.016549944534492628
0.011670000000000002,0.003436246871330261,-0.689550422863575,1,175.85719839429007,-0.016556857624441104,0.016556857624441104
0.011680000000000001,0.00342936895709972,-0.6877914230541803,1,175.89998093947162,-0.01656375312866974,0.01656375312866974
0.01169,0.003422508637127299,-0.686031997242006,1,175.9425812174263,-0.01657063104290028,0.01657063104290028
0.0117,0.0034156659156547994,-0.6842721472498793,1,175.98499921268026,-0.0165774913628727,0.0165774913628727
0.011710000000000002,0.0034088407969057903,-0.6825118749007798,1,176.02723490994435,-0.0165843340843452,0.0165843340843452
0.011720000000000001,0.0034020332850856127,-0.6807511820178387,1,176.06928829411385,-0.01659115920309421,0.01659115920309421
0.01173,0.003395243384381369,-0.678990070424336,1,176.11115935026868,-0.016597966714914387,0.016597966714914387
0.01174,0.003388471098961932,-0.6772285419436993,1,176.15284806367345,-0.01660475661561863,0.01660475661561863
0.011750000000000002,0.0033817164329779372,-0.6754665983995015,1,176.19435441977708,-0.016611528901038067,0.016611528901038067
0.011760000000000001,0.0033749793905617836,-0.6737042416154594,1,176.23567840421316,-0.016618283567022062,0.016618283567022062
0.011770000000000001,0.003368259975827628,-0.6719414734154314,1,176.27682000279972,-0.016625020609438216,0.016625020609438216
0.01178,0.003361558192871392,-0.670178295623416,1,176.31777920153925,-0.01663174002417237,0.01663174002417237
0.01179,0.003354874045770755,-0.6684147100635498,1,176.3585559866189,-0.016638441807128607,0.016638441807128607
0.011800000000000001,0.0033482075385851537,-0.6666507185601057,1,176.3991503444101,-0.016645125954229244,0.016645125954229244
0.011810000000000001,0.003341558675355779,-0.6648863229374911,1,176.43956226146878,-0.016651792461414846,0.016651792461414846
0.01182,0.0033349274601055757,-0.6631215250202457,1,176.4797917245353,-0.01665844132464422,0.01665844132464422
0.01183,0.0033283138968392438,-0.6613563266330403,1,176.51983872053458,-0.016665072539894424,0.016665072539894424
0.011840000000000002,0.0033217179895432365,-0.6595907296006746,1,176.55970323657584,-0.016671686103160756,0.016671686103160756
0.011850000000000001,0.0033151397421857546,-0.657824735748075,1,176.59938525995264,-0.016678282010456763,0.016678282010456763
0.01186,0.003308579158716753,-0.6560583469002935,1,176.63888477814308,-0.016684860257814245,0.016684860257814245
0.01187,0.0033020362430679273,-0.6542915648825054,1,176.6782017788095,-0.016691420841283246,0.016691420841283246
0.011880000000000002,0.0032955109991527265,-0.6525243915200074,1,176.7173362497986,-0.016697963756932072,0.016697963756932072
0.011890000000000001,0.003289003430866344,-0.650756828638216,1,176.75628817914156,-0.016704489000847273,0.016704489000847273
0.0119,0.0032825135420857165,-0.6489888780626655,1,176.79505755505372,-0.016710996569133656,0.016710996569133656
0.01191,0.003276041336669525,-0.6472205416190061,1,176.83364436593482,-0.016717486457914283,0.016717486457914283
0.011920000000000002,0.003269586818458194,-0.6454518211330024,1,176.87204860036883,-0.016723958663330474,0.016723958663330474
0.011930000000000001,0.0032631499912738884,-0.6436827184305312,1,176.91027024712403,-0.016730413181541805,0.016730413181541805
0.011940000000000001,0.003256730858920513,-0.6419132353375796,1,176.94830929515297,-0.01673685000872611,0.01673685000872611
0.01195,0.00325032942518371,-0.6401433736802437,1,176.9861657335924,-0.016743269141079486,0.016743269141079486
0.01196,0.0032439456938308615,-0.6383731352847261,1,177.0238395517634,-0.01674967057481629,0.01674967057481629
0.011970000000000001,0.0032375796686110866,-0.6366025219773344,1,177.06133073917107,-0.016756054306169138,0.016756054306169138
0.011980000000000001,0.0032312313532552412,-0.6348315355844794,1,177.0986392855049,-0.016762420331388913,0.016762420331388913
0.01199,0.0032249007514759146,-0.633060177932673,1,177.13576518063843,-0.01676876864674476,0.01676876864674476
0.012,0.0032185878669674295,-0.6312884508485267,1,177.17270841462945,-0.016775099248524085,0.016775099248524085
0.012010000000000002,0.0032122927034058417,-0.6295163561587495,1,177.20946897771978,-0.01678141213303257,0.01678141213303257
0.012020000000000001,0.0032060152644489406,-0.6277438956901461,1,177.24604686033544,-0.016787707296594158,0.016787707296594158
0.01203,0.0031997555537362455,-0.6259710712696153,1,177.28244205308653,-0.01679398473555106,0.01679398473555106
0.01204,0.0031935135748890056,-0.6241978847241476,1,177.31865454676733,-0.016800244446263754,0.016800244446263754
0.012050000000000002,0.0031872893315101963,-0.6224243378808241,1,177.35468433235604,-0.016806486425110994,0.016806486425110994
0.012060000000000001,0.0031810828271845266,-0.620650432566814,1,177.39053140101495,-0.016812710668489803,0.016812710668489803
0.01207,0.003174894065478432,-0.618876170609373,1,177.42619574409048,-0.016818917172815473,0.016818917172815473
0.01208,0.003168723049940074,-0.617101553835842,1,177.46167735311295,-0.016825105934521568,0.016825105934521568
0.012090000000000002,0.003162569784099337,-0.615326584073644,1,177.49697621979675,-0.016831276950059926,0.016831276950059926
0.012100000000000001,0.003156434271467833,-0.6135512631502836,1,177.53209233604014,-0.016837430215900662,0.016837430215900662
0.012110000000000001,0.003150316515538899,-0.6117755928933444,1,177.5670256939255,-0.016843565728532166,0.016843565728532166
0.01212,0.003144216519787596,-0.6099995751304872,1,177.60177628571896,-0.0168496834844611,0.0168496834844611
0.01213,0.0031381342876706997,-0.6082232116894485,1,177.6363441038707,-0.016855783480212404,0.016855783480212404
0.012140000000000001,0.0031320698226267206,-0.6064465043980384,1,177.67072914101485,-0.0168618657123293,0.0168618657123293
0.012150000000000001,0.0031260231280758775,-0.6046694550841387,1,177.7049313899692,-0.01686793017737328,0.01686793017737328
0.01216,0.0031199942074201193,-0.6028920655757014,1,177.7389508437356,-0.016873976871924122,0.016873976871924122
0.01217,0.003113983064043111,-0.6011143377007464,1,177.77278749549964,-0.01688000579257988,0.01688000579257988
0.012180000000000002,0.0031079897013102367,-0.59933627328736,1,177.80644133863075,-0.01688601693595689,0.01688601693595689
0.012190000000000001,0.0031020141225686004,-0.5975578741636932,1,177.83991236668214,-0.016892010298689763,0.016892010298689763
0.0122,0.003096056331147022,-0.5957791421579594,1,177.8732005733908,-0.0168979858774314,0.0168979858774314
0.01221,0.003090116330356037,-0.5940000790984326,1,177.9063059526775,-0.016903943668852978,0.016903943668852978
0.012220000000000002,0.0030841941234879015,-0.5922206868134461,1,177.93922849864674,-0.016909883669643962,0.016909883669643962
0.012230000000000001,0.0030782897138165862,-0.5904409671313903,1,177.9719682055867,-0.016915805876512098,0.016915805876512098
0.012240000000000001,0.003072403104597779,-0.5886609218807106,1,178.00452506796927,-0.016921710286183413,0.016921710286183413
0.01225,0.003066534299068879,-0.5868805528899061,1,178.03689908044996,-0.01692759689540222,0.01692759689540222
0.012260000000000002,0.003060683300449003,-0.5850998619875275,1,178.06909023786798,-0.01693346570093112,0.01693346570093112
0.012270000000000001,0.003054850111938983,-0.5833188510021751,1,178.1010985352462,-0.016939316699550996,0.016939316699550996
0.012280000000000001,0.003049034736721359,-0.5815375217624972,1,178.13292396779096,-0.016945149888061017,0.016945149888061017
0.01229,0.003043237177960386,-0.5797558760971883,1,178.16456653089224,-0.01695096526327864,0.01695096526327864
0.0123,0.003037457438802036,-0.577973915834987,1,178.19602622012383,-0.016956762822039614,0.016956762822039614
0.012310000000000001,0.003031695522373988,-0.5761916428046746,1,178.22730303124249,-0.016962542561197964,0.016962542561197964
0.012320000000000001,0.0030259514317856366,-0.5744090588350728,1,178.258396960189,-0.01696830447762601,0.01696830447762601
0.01233,0.0030202251701280857,-0.5726261657550419,1,178.28930800308743,-0.016974048568214363,0.016974048568214363
0.01234,0.0030145167404741517,-0.5708429653934795,1,178.3200361562453,-0.016979774829871914,0.016979774829871914
0.012350000000000002,0.0030088261458783598,-0.5690594595793179,1,178.3505814161536,-0.016985483259525848,0.016985483259525848
0.012360000000000001,0.0030031533893769445,-0.567275650141523,1,178.3809437794867,-0.01699117385412164,0.01699117385412164
0.01237,0.002997498473987853,-0.565491538909092,1,178.41112324310242,-0.016996846610623055,0.016996846610623055
0.01238,0.002991861402710741,-0.5637071277110516,1,178.4411198040419,-0.017002501526012147,0.017002501526012147
0.012390000000000002,0.002986242178526977,-0.5619224183764563,1,178.47093345952968,-0.01700813859728926,0.01700813859728926
0.012400000000000001,0.0029806408043996325,-0.5601374127343866,1,178.5005642069735,-0.017013757821473022,0.017013757821473022
0.012410000000000001,0.0029750572832734938,-0.5583521126139469,1,178.5300120439646,-0.017019359195600367,0.017019359195600367
0.01242,0.00296949161807505,-0.5565665198442641,1,178.5592769682773,-0.017024942716726506,0.017024942716726506
0.012430000000000002,0.0029639438117125055,-0.5547806362544854,1,178.58835897786918,-0.01703050838192495,0.01703050838192495
0.012440000000000001,0.002958413867075768,-0.5529944636737766,1,178.61725807088112,-0.017036056188287494,0.017036056188287494
0.012450000000000001,0.0029529017870364533,-0.5512080039313202,1,178.64597424563715,-0.01704158613292423,0.01704158613292423
0.01246,0.0029474075744478903,-0.5494212588563138,1,178.67450750064452,-0.017047098212963546,0.017047098212963546
0.01247,0.0029419312321451096,-0.5476342302779679,1,178.70285783459354,-0.01705259242555211,0.01705259242555211
0.012480000000000002,0.0029364727629448547,-0.5458469200255043,1,178.7310252463577,-0.01705806876785489,0.01705806876785489
0.012490000000000001,0.0029310321696455746,-0.5440593299281543,1,178.7590097349935,-0.017063527237055145,0.017063527237055145
0.0125,0.0029256094550274237,-0.542271461815157,1,178.78681129974058,-0.017068967830354425,0.017068967830354425
0.01251,0.002920204621852266,-0.5404833175157567,1,178.81442994002163,-0.017074390544972576,0.017074390544972576
0.012520000000000002,0.0029148176728636737,-0.5386948988592023,1,178.84186565544232,-0.017079795378147734,0.017079795378147734
0.012530000000000001,0.0029094486107869256,-0.5369062076747444,1,178.8691184457912,-0.017085182327136326,0.017085182327136326
0.01254,0.002904097438329009,-0.535117245791634,1,178.89618831104002,-0.017090551389213074,0.017090551389213074
0.01255,0.0028987641581786168,-0.5333280150391205,1,178.92307525134316,-0.01709590256167099,0.01709590256167099
0.012560000000000002,0.002893448773006151,-0.5315385172464502,1,178.9497792670382,-0.017101235841821383,0.017101235841821383
0.012570000000000001,0.0028881512854637232,-0.5297487542428637,1,178.9763003586454,-0.01710655122699385,0.01710655122699385
0.012580000000000001,0.0028828716981851464,-0.527958727857595,1,179.00263852686786,-0.017111848714536276,0.017111848714536276
0.01259,0.0028776100137859464,-0.5261684399198691,1,179.02879377259165,-0.017117128301814853,0.017117128301814853
0.012600000000000002,0.0028723662348633583,-0.5243778922589002,1,179.05476609688543,-0.017122389986214053,0.017122389986214053
0.012610000000000001,0.002867140363996319,-0.5225870867038902,1,179.08055550100076,-0.01712763376513664,0.01712763376513664
0.012620000000000001,0.002861932403745478,-0.5207960250840264,1,179.10616198637203,-0.01713285963600368,0.01713285963600368
0.01263,0.0028567423566531946,-0.5190047092284803,1,179.13158555461604,-0.01713806759625452,0.01713806759625452
0.01264,0.002851570225243529,-0.517213140966405,1,179.1568262075325,-0.017143257643346805,0.017143257643346805
0.012650000000000002,0.0028464160120222582,-0.515421322126934,1,179.18188394710373,-0.01714842977475647,0.01714842977475647
0.012660000000000001,0.0028412797194768647,-0.5136292545391791,1,179.20675877549468,-0.01715358398797774,0.01715358398797774
0.01267,0.0028361613500765435,-0.5118369400322286,1,179.23145069505267,-0.017158720280523135,0.017158720280523135
0.01268,0.0028310609062721917,-0.5100443804351454,1,179.2559597083079,-0.017163838649923456,0.017163838649923456
0.012690000000000002,0.0028259783904964223,-0.5082515775769657,1,179.28028581797295,-0.017168939093727808,0.017168939093727808
0.012700000000000001,0.0028209138051635543,-0.5064585332866963,1,179.30442902694296,-0.017174021609503577,0.017174021609503577
0.01271,0.0028158671526696223,-0.5046652493933134,1,179.32838933829535,-0.017179086194836445,0.017179086194836445
0.01272,0.002810838435392363,-0.5028717277257605,1,179.35216675529017,-0.017184132847330377,0.017184132847330377
0.012730000000000002,0.0028058276556912334,-0.5010779701129467,1,179.3757612813699,-0.017189161564607636,0.017189161564607636
0.012740000000000001,0.002800834815907395,-0.49928397838374516,1,179.3991729201592,-0.017194172344308766,0.017194172344308766
0.012750000000000001,0.0027958599183637257,-0.4974897543669905,1,179.42240167546535,-0.017199165184092605,0.017199165184092605
0.01276,0.0027909029653648094,-0.4956952998914777,1,179.44544755127768,-0.017204140081636274,0.017204140081636274
0.012770000000000002,0.002785963959196949,-0.49390061678596003,1,179.46831055176798,-0.01720909703463519,0.01720909703463519
0.012780000000000001,0.002781042902128157,-0.4921057068791471,1,179.49099068129027,-0.01721403604080305,0.01721403604080305
0.012790000000000001,0.002776139796408161,-0.4903105719997033,1,179.51348794438067,-0.017218957097871843,0.017218957097871843
0.0128,0.002771254644268399,-0.4885152139762457,1,179.53580234575773,-0.01722386020359184,0.01722386020359184
0.01281,0.002766387447922027,-0.48671963463734247,1,179.5579338903218,-0.0172287453557316,0.0172287453557316
0.012820000000000002,0.0027615382095639114,-0.4849238358115109,1,179.57988258315575,-0.017233612552077972,0.017233612552077972
0.012830000000000001,0.0027567069313706406,-0.48312781932721566,1,179.60164842952435,-0.017238461790436088,0.017238461790436088
0.01284,0.0027518936155005126,-0.48133158701286693,1,179.62323143487438,-0.01724329306862936,0.01724329306862936
0.01285,0.0027470982640935447,-0.4795351406968186,1,179.64463160483479,-0.017248106384499487,0.017248106384499487
0.012860000000000002,0.0027423208792714702,-0.4777384822073664,1,179.66584894521637,-0.017252901735906455,0.017252901735906455
0.012870000000000001,0.002737561463137742,-0.4759416133727463,1,179.68688346201205,-0.01725767912072853,0.01725767912072853
0.01288,0.0027328200177775324,-0.4741445360211324,1,179.7077351613966,-0.017262438536862258,0.017262438536862258
0.01289,0.0027280965452577263,-0.4723472519806351,1,179.72840404972666,-0.017267179982222467,0.017267179982222467
0.012900000000000002,0.002723391047626935,-0.4705497630792997,1,179.74889013354075,-0.017271903454742273,0.017271903454742273
0.012910000000000001,0.0027187035269154855,-0.4687520711451041,1,179.76919341955926,-0.017276608952373065,0.017276608952373065
0.012920000000000001,0.002714033985135425,-0.46695417800595723,1,179.78931391468433,-0.017281296473084514,0.017281296473084514
0.01293,0.0027093824242805263,-0.4651560854896972,1,179.809251626,-0.017285966014864575,0.017285966014864575
0.012940000000000002,0.002704748846326286,-0.4633577954240895,1,179.82900656077183,-0.017290617575719473,0.017290617575719473
0.012950000000000001,0.002700133253229919,-0.461559309636825,1,179.84857872644716,-0.017295251153673714,0.017295251153673714
0.012960000000000001,0.002695535646930365,-0.4597606299555185,1,179.86796813065504,-0.01729986674677008,0.01729986674677008
0.01297,0.002690956029348288,-0.4579617582077064,1,179.88717478120617,-0.017304464353069635,0.017304464353069635
0.01298,0.00268639440238608,-0.4561626962208455,1,179.9061986860927,-0.01730904397065171,0.01730904397065171
0.012990000000000002,0.0026818507679278554,-0.4543634458223106,1,179.9250398534884,-0.01731360559761392,0.01731360559761392
0.013000000000000001,0.0026773251278394616,-0.4525640088393931,1,179.94369829174875,-0.017318149232072144,0.017318149232072144
0.01301,0.0026728174839684695,-0.45076438709929895,1,179.96217400941035,-0.017322674872160538,0.017322674872160538
0.01302,0.0026683278381441798,-0.44896458242914705,1,179.98046701519155,-0.01732718251603153,0.01732718251603153
0.013030000000000002,0.0026638561921776193,-0.44716459665596714,1,179.99857731799193,-0.01733167216185582,0.01733167216185582
0.013040000000000001,0.002659402547861552,-0.4453644316066982,1,180.01650492689262,-0.01733614380782238,0.01733614380782238
0.01305,0.0026549669069704717,-0.4435640891081866,1,180.03424985115592,-0.017340597452138447,0.017340597452138447
0.01306,0.0026505492712605985,-0.4417635709871844,1,180.05181210022567,-0.017345033093029528,0.017345033093029528
0.013070000000000002,0.0026461496424698963,-0.4399628790703471,1,180.06919168372667,-0.0173494507287394,0.0173494507287394
0.013080000000000001,0.0026417680223180555,-0.4381620151842324,1,180.08638861146514,-0.017353850357530103,0.017353850357530103
0.013090000000000001,0.0026374044125065032,-0.43636098115529814,1,180.10340289342847,-0.017358231977681944,0.017358231977681944
0.0131,0.0026330588147184036,-0.43455977880990027,1,180.12023453978523,-0.017362595587493496,0.017362595587493496
0.013110000000000002,0.002628731230618661,-0.43275840997429144,1,180.1368835608851,-0.017366941185281596,0.017366941185281596
0.013120000000000001,0.0026244216618539163,-0.43095687647461883,1,180.15334996725883,-0.01737126876938134,0.01737126876938134
0.013130000000000001,0.002620130110052548,-0.42915518013692266,1,180.1696337696182,-0.017375578338146083,0.017375578338146083
0.01314,0.002615856576824677,-0.4273533227871341,1,180.185734978856,-0.01737986988994745,0.01737986988994745
0.01315,0.0026116010637621664,-0.4255513062510737,1,180.20165360604605,-0.017384143423175322,0.017384143423175322
0.013160000000000002,0.0026073635724386214,-0.4237491323544493,1,180.21738966244308,-0.017388398936237833,0.017388398936237833
0.013170000000000001,0.0026031441044093917,-0.42194680292285447,1,180.23294315948266,-0.017392636427561378,0.017392636427561378
0.01318,0.002598942661211574,-0.42014431978176664,1,180.2483141087813,-0.017396855895590608,0.017396855895590608
0.01319,0.0025947592443640094,-0.41834168475654526,1,180.26350252213626,-0.017401057338788425,0.017401057338788425
0.013200000000000002,0.0025905938553672852,-0.41653889967243,1,180.2785084115256,-0.01740524075563599,0.01740524075563599
0.013210000000000001,0.0025864464957037403,-0.4147359663545389,1,180.29333178910818,-0.017409406144632714,0.017409406144632714
0.01322,0.0025823171668374603,-0.4129328866278667,1,180.30797266722345,-0.01741355350429626,0.01741355350429626
0.01323,0.0025782058702142887,-0.41112966231728276,1,180.3224310583916,-0.01741768283316254,0.01741768283316254
0.013240000000000002,0.002574112607261813,-0.4093262952475296,1,180.3367069753135,-0.01742179412978571,0.01742179412978571
0.013250000000000001,0.002570037379389381,-0.4075227872432209,1,180.35080043087044,-0.017425887392738187,0.017425887392738187
0.013260000000000001,0.002565980187988092,-0.40571914012883964,1,180.36471143812437,-0.01742996262061062,0.01742996262061062
0.01327,0.002561941034430806,-0.40391535572873644,1,180.37844001031775,-0.017434019812011908,0.017434019812011908
0.013280000000000002,0.0025579199200721344,-0.4021114358671277,1,180.39198616087344,-0.017438058965569193,0.017438058965569193
0.013290000000000001,0.002553916846248452,-0.40030738236809377,1,180.40534990339484,-0.017442080079927865,0.017442080079927865
0.013300000000000001,0.002549931814277896,-0.39850319705557713,1,180.41853125166554,-0.017446083153751547,0.017446083153751547
0.01331,0.0025459648254603636,-0.39669888175338064,1,180.4315302196497,-0.017450068185722103,0.017450068185722103
0.01332,0.0025420158810775103,-0.39489443828516574,1,180.44434682149154,-0.017454035174539636,0.017454035174539636
0.013330000000000002,0.0025380849823927664,-0.3930898684744506,1,180.45698107151577,-0.01745798411892249,0.01745798411892249
0.013340000000000001,0.00253417213065132,-0.39128517414460834,1,180.46943298422718,-0.017461915017607233,0.017461915017607233
0.01335,0.0025302773270801304,-0.38948035711886525,1,180.48170257431076,-0.01746582786934868,0.01746582786934868
0.01336,0.0025264005728879288,-0.3876754192202989,1,180.49378985663176,-0.01746972267291987,0.01746972267291987
0.013370000000000002,0.0025225418692652107,-0.3858703622718366,1,180.5056948462353,-0.01747359942711207,0.01747359942711207
0.013380000000000001,0.002518701217384247,-0.3840651880962531,1,180.51741755834664,-0.01747745813073479,0.01747745813073479
0.01339,0.002514878618399086,-0.3822598985161694,1,180.52895800837123,-0.017481298782615753,0.017481298782615753
0.0134,0.002511074073445546,-0.38045449535405046,1,180.54031621189424,-0.017485121381600913,0.017485121381600913
0.013410000000000002,0.002507287583641225,-0.37864898043220363,1,180.55149218468097,-0.017488925926554454,0.017488925926554454
0.013420000000000001,0.002503519150085498,-0.3768433555727769,1,180.56248594267635,-0.017492712416358774,0.017492712416358774
0.013430000000000001,0.00249976877385952,-0.3750376225977568,1,180.5732975020054,-0.0174964808499145,0.0174964808499145
0.01344,0.00249603645602623,-0.37323178332896706,1,180.58392687897293,-0.01750023122614048,0.01750023122614048
0.013450000000000002,0.0024923221976303504,-0.3714258395880664,1,180.59437409006327,-0.01750396354397377,0.01750396354397377
0.013460000000000001,0.0024886259996983835,-0.369619793196547,1,180.60463915194072,-0.01750767780236965,0.01750767780236965
0.013470000000000001,0.002484947863238627,-0.36781364597573246,1,180.6147220814491,-0.017511374000301616,0.017511374000301616
0.01348,0.00248128778924116,-0.3660073997467763,1,180.6246228956119,-0.017515052136761373,0.017515052136761373
0.01349,0.0024776457786778545,-0.36420105633066,1,180.63434161163215,-0.01751871221075884,0.01751871221075884
0.013500000000000002,0.0024740218325023716,-0.3623946175481911,1,180.64387824689254,-0.017522354221322145,0.017522354221322145
0.013510000000000001,0.002470415951650171,-0.3605880852200015,1,180.65323281895516,-0.017525978167497628,0.017525978167497628
0.01352,0.0024668281370385054,-0.3587814611665459,1,180.66240534556155,-0.01752958404834983,0.01752958404834983
0.01353,0.002463258389566423,-0.3569747472080996,1,180.67139584463263,-0.017533171862961494,0.017533171862961494
0.013540000000000002,0.002459706710114774,-0.35516794516475686,1,180.68020433426872,-0.017536741610433577,0.017536741610433577
0.013550000000000001,0.0024561730995462097,-0.3533610568564294,1,180.68883083274955,-0.017540293289885225,0.017540293289885225
0.013560000000000001,0.0024526575587051824,-0.35155408410284406,1,180.69727535853391,-0.01754382690045379,0.01754382690045379
0.01357,0.002449160088417948,-0.34974702872354146,1,180.70553793026,-0.017547342441294817,0.017547342441294817
0.013580000000000002,0.0024456806894925685,-0.347939892537874,1,180.71361856674503,-0.01755083991158205,0.01755083991158205
0.013590000000000001,0.002442219362718919,-0.34613267736500414,1,180.72151728698555,-0.01755431931050743,0.01755431931050743
0.013600000000000001,0.0024387761088686807,-0.3443253850239026,1,180.72923411015708,-0.01755778063728108,0.01755778063728108
0.01361,0.0024353509286953482,-0.34251801733334647,1,180.7367690556142,-0.01756122389113132,0.01756122389113132
0.013620000000000002,0.0024319438229342292,-0.3407105761119176,1,180.7441221428904,-0.01756464907130465,0.01756464907130465
0.013630000000000001,0.002428554792302448,-0.33890306317800056,1,180.7512933916983,-0.01756805617706577,0.01756805617706577
0.013640000000000001,0.0024251838374989487,-0.33709548034978126,1,180.7582828219293,-0.01757144520769755,0.01757144520769755
0.01365,0.002421830959204496,-0.3352878294452447,1,180.7650904536537,-0.01757481616250105,0.01757481616250105
0.01366,0.0024184961580816745,-0.3334801122821735,1,180.77171630712053,-0.017578169040795504,0.017578169040795504
0.013670000000000002,0.0024151794347748922,-0.33167233067814594,1,180.77816040275772,-0.017581503841918325,0.017581503841918325
0.013680000000000001,0.002411880789910388,-0.32986448645053423,1,180.78442276117184,-0.017584820565225107,0.017584820565225107
0.01369,0.0024086002240962237,-0.32805658141650273,1,180.79050340314816,-0.01758811921008961,0.01758811921008961
0.0137,0.0024053377379222923,-0.32624861739300626,1,180.79640234965046,-0.017591399775903776,0.017591399775903776
0.013710000000000002,0.002402093331960324,-0.32444059619678806,1,180.80211962182136,-0.017594662262077707,0.017594662262077707
0.013720000000000001,0.0023988670067638792,-0.3226325196443782,1,180.8076552409817,-0.017597906668039676,0.017597906668039676
0.013730000000000001,0.00239565876286836,-0.3208243895520919,1,180.813009228631,-0.01760113299323612,0.01760113299323612
0.01374,0.002392468600791001,-0.31901620773602746,1,180.8181816064471,-0.01760434123713164,0.01760434123713164
0.013750000000000002,0.00238929652103088,-0.3172079760120646,1,180.82317239628625,-0.017607531399209,0.017607531399209
0.013760000000000001,0.00238614252406892,-0.3153996961958627,1,180.82798162018318,-0.01761070347896912,0.01761070347896912
0.013770000000000001,0.002383006610367891,-0.3135913701028592,1,180.83260930035075,-0.01761385747593108,0.01761385747593108
0.01378,0.0023798887803724083,-0.3117829995482674,1,180.83705545918002,-0.01761699338963211,0.01761699338963211
0.013790000000000002,0.002376789034508937,-0.309974586347075,1,180.84132011924032,-0.01762011121962759,0.01762011121962759
0.013800000000000002,0.0023737073731857966,-0.30816613231404216,1,180.8454033032791,-0.017623210965491062,0.017623210965491062
0.013810000000000001,0.0023706437967931605,-0.30635763926369997,1,180.84930503422206,-0.017626292626814203,0.017626292626814203
0.01382,0.0023675983057030578,-0.30454910901034826,1,180.8530253351726,-0.01762935620320684,0.01762935620320684
0.01383,0.002364570900269379,-0.3027405433680541,1,180.85656422941244,-0.017632401694296942,0.017632401694296942
0.013840000000000002,0.0023615615808278726,-0.3009319441506501,1,180.85992174040103,-0.01763542909973062,0.01763542909973062
0.013850000000000001,0.0023585703476961565,-0.29912331317173235,1,180.86309789177582,-0.017638438419172127,0.017638438419172127
0.01386,0.0023555972011737097,-0.2973146522446588,1,180.86609270735207,-0.017641429652303843,0.017641429652303843
0.01387,0.0023526421415418835,-0.29550596318254757,1,180.86890621112278,-0.01764440279882629,0.01764440279882629
0.013880000000000002,0.0023497051690639014,-0.293697247798275,1,180.87153842725888,-0.017647357858458116,0.017647357858458116
0.013890000000000001,0.0023467862839848556,-0.2918885079044739,1,180.87398938010867,-0.017650294830936098,0.017650294830936098
0.013900000000000001,0.0023438854865317207,-0.2900797453135319,1,180.87625909419845,-0.017653213716015144,0.017653213716015144
0.01391,0.0023410027769133436,-0.2882709618375896,1,180.87834759423177,-0.01765611451346828,0.01765611451346828
0.013920000000000002,0.002338138155320457,-0.2864621592885387,1,180.88025490508997,-0.017658997223086656,0.017658997223086656
0.013930000000000001,0.0023352916219256765,-0.28465333947802035,1,180.88198105183181,-0.017661861844679543,0.017661861844679543
0.013940000000000001,0.0023324631768835034,-0.2828445042174234,1,180.8835260596934,-0.017664708378074323,0.017664708378074323
0.01395,0.002329652820330325,-0.28103565531788255,1,180.88488995408827,-0.017667536823116496,0.017667536823116496
0.013960000000000002,0.002326860552384422,-0.2792267945902765,1,180.88607276060736,-0.017670347179669674,0.017670347179669674
0.013970000000000002,0.002324086373145971,-0.2774179238452263,1,180.88707450501883,-0.017673139447615577,0.017673139447615577
0.013980000000000001,0.0023213302826970384,-0.2756090448930936,1,180.88789521326805,-0.01767591362685403,0.01767591362685403
0.01399,0.0023185922811015973,-0.27380015954397885,1,180.88853491147756,-0.01767866971730296,0.01767866971730296
0.014,0.0023158723684055206,-0.27199126960771935,1,180.8889936259471,-0.017681407718898402,0.017681407718898402
0.014010000000000002,0.0023131705446365813,-0.2701823768938878,1,180.88927138315336,-0.01768412763159448,0.01768412763159448
0.014020000000000001,0.0023104868098044627,-0.2683734832117903,1,180.8893682097502,-0.017686829455363418,0.017686829455363418
0.01403,0.0023078211639007582,-0.2665645903704646,1,180.8892841325683,-0.017689513190195537,0.017689513190195537
0.01404,0.002305173606898972,-0.26475570017867844,1,180.88901917861526,-0.01769217883609924,0.01769217883609924
0.014050000000000002,0.002302544138754521,-0.2629468144449277,1,180.8885733750757,-0.017694826393101028,0.017694826393101028
0.014060000000000001,0.0022999327594047476,-0.2611379349774346,1,180.88794674931086,-0.01769745586124548,0.01769745586124548
0.014070000000000001,0.002297339468768907,-0.259329063584146,1,180.8871393288588,-0.017700067240595252,0.017700067240595252
0.01408,0.0022947642667481795,-0.25752020207273163,1,180.88615114143428,-0.017702660531231092,0.017702660531231092
0.014090000000000002,0.0022922071532256753,-0.25571135225058234,1,180.88498221492873,-0.01770523573325182,0.01770523573325182
0.014100000000000001,0.0022896681280664263,-0.2539025159248082,1,180.88363257741003,-0.017707792846774324,0.017707792846774324
0.014110000000000001,0.0022871471911174055,-0.252093694902237,1,180.8821022571229,-0.017710331871933573,0.017710331871933573
0.01412,0.0022846443422075103,-0.2502848909894121,1,180.88039128248806,-0.017712852808882594,0.017712852808882594
0.014130000000000002,0.002282159581147583,-0.24847610599259107,1,180.8784996821032,-0.01771535565779249,0.01771535565779249
0.014140000000000002,0.002279692907730407,-0.24666734171774365,1,180.87642748474195,-0.017717840418852417,0.017717840418852417
0.014150000000000001,0.0022772443217307014,-0.24485859997055012,1,180.87417471935444,-0.017720307092269592,0.017720307092269592
0.01416,0.002274813822905136,-0.24304988255639945,1,180.87174141506713,-0.017722755678269298,0.017722755678269298
0.01417,0.0022724014109923333,-0.24124119128038762,1,180.86912760118247,-0.017725186177094863,0.017725186177094863
0.014180000000000002,0.0022700070857128605,-0.23943252794731584,1,180.86633330717925,-0.017727598589007666,0.017727598589007666
0.014190000000000001,0.0022676308467692438,-0.2376238943616887,1,180.86335856271225,-0.01772999291428714,0.01772999291428714
0.0142,0.002265272693845968,-0.2358152923277126,1,180.8602033976123,-0.017732369153230756,0.017732369153230756
0.01421,0.002262932626609474,-0.23400672364929373,1,180.8568678418863,-0.01773472730615403,0.01773472730615403
0.014220000000000002,0.0022606106447081746,-0.23219819013003656,1,180.85335192571696,-0.017737067373390526,0.017737067373390526
0.014230000000000001,0.002258306747772442,-0.23038969357324193,1,180.8496556794629,-0.017739389355291825,0.017739389355291825
0.014240000000000001,0.0022560209354146243,-0.22858123578190534,1,180.8457791336585,-0.017741693252227558,0.017741693252227558
0.01425,0.002253753207229036,-0.2267728185587152,1,180.8417223190141,-0.017743979064585375,0.017743979064585375
0.014260000000000002,0.002251503562791974,-0.22496444370605104,1,180.83748526641548,-0.017746246792770964,0.017746246792770964
0.014270000000000001,0.002249272001661715,-0.2231561130259818,1,180.83306800692418,-0.017748496437208026,0.017748496437208026
0.014280000000000001,0.002247058523378513,-0.221347828320264,1,180.82847057177727,-0.017750727998338284,0.017750727998338284
0.01429,0.0022448631274646106,-0.21953959139034013,1,180.8236929923875,-0.017752941476621487,0.017752941476621487
0.014300000000000002,0.002242685813424238,-0.2177314040373367,1,180.81873530034284,-0.01775513687253539,0.01775513687253539
0.014310000000000002,0.0022405265807436186,-0.21592326806206263,1,180.81359752740698,-0.01775731418657576,0.01775731418657576
0.014320000000000001,0.0022383854288909695,-0.21411518526500745,1,180.8082797055187,-0.01775947341925638,0.01775947341925638
0.01433,0.0022362623573165047,-0.21230715744633952,1,180.8027818667921,-0.01776161457110903,0.01776161457110903
0.01434,0.0022341573654524457,-0.21049918640590434,1,180.79710404351675,-0.017763737642683495,0.017763737642683495
0.014350000000000002,0.0022320704527130147,-0.20869127394322276,1,180.79124626815712,-0.017765842634547554,0.017765842634547554
0.014360000000000001,0.002230001618494441,-0.20688342185748923,1,180.78520857335292,-0.017767929547286985,0.017767929547286985
0.01437,0.0022279508621749653,-0.20507563194757003,1,180.77899099191896,-0.01776999838150556,0.01776999838150556
0.01438,0.0022259181831148457,-0.2032679060120016,1,180.772593556845,-0.017772049137825034,0.017772049137825034
0.014390000000000002,0.0022239035806563548,-0.20146024584898864,1,180.7660163012957,-0.017774081816885154,0.017774081816885154
0.014400000000000001,0.00222190705412379,-0.19965265325640252,1,180.75925925861083,-0.017776096419343645,0.017776096419343645
0.014410000000000001,0.0022199286028234738,-0.19784513003177948,1,180.75232246230456,-0.01777809294587621,0.01777809294587621
0.01442,0.0022179682260437495,-0.1960376779723188,1,180.7452059460663,-0.017780071397176526,0.017780071397176526
0.014430000000000002,0.0022160259230549996,-0.1942302988748812,1,180.73790974375984,-0.01778203177395625,0.01778203177395625
0.014440000000000001,0.0022141016931096413,-0.19242299453598696,1,180.73043388942378,-0.017783974076945,0.017783974076945
0.014450000000000001,0.002212195535442124,-0.19061576675181424,1,180.72277841727117,-0.017785898306890358,0.017785898306890358
0.01446,0.0022103074492689423,-0.18880861731819734,1,180.71494336168968,-0.017787804464557876,0.017787804464557876
0.014470000000000002,0.0022084374337886367,-0.18700154803062494,1,180.70692875724149,-0.017789692550731057,0.017789692550731057
0.014480000000000002,0.0022065854881817932,-0.1851945606842383,1,180.69873463866313,-0.017791562566211363,0.017791562566211363
0.014490000000000001,0.002204751611611054,-0.18338765707382965,1,180.69036104086538,-0.017793414511818206,0.017793414511818206
0.0145,0.002202935803221117,-0.1815808389938403,1,180.6818079989335,-0.017795248388388946,0.017795248388388946
0.01451,0.0022011380621387326,-0.17977410823835904,1,180.6730755481268,-0.017797064196778883,0.017797064196778883
0.014520000000000002,0.0021993583874727217,-0.17796746660112026,1,180.66416372387883,-0.017798861937861267,0.017798861937861267
0.014530000000000001,0.0021975967783139675,-0.17616091587550228,1,180.6550725617972,-0.017800641612527278,0.017800641612527278
0.01454,0.0021958532337354236,-0.17435445785452564,1,180.64580209766362,-0.017802403221686032,0.017802403221686032
0.01455,0.0021941277527921165,-0.1725480943308513,1,180.63635236743374,-0.017804146766264576,0.017804146766264576
0.014560000000000002,0.00219242033452115,-0.17074182709677893,1,180.62672340723714,-0.017805872247207883,0.017805872247207883
0.014570000000000001,0.0021907309779417078,-0.16893565794424517,1,180.61691525337724,-0.01780757966547885,0.01780757966547885
0.014580000000000001,0.002189059682055061,-0.16712958866482186,1,180.60692794233117,-0.017809269022058292,0.017809269022058292
0.01459,0.0021874064458445646,-0.16532362104971435,1,180.59676151075,-0.01781094031794494,0.01781094031794494
0.014600000000000002,0.0021857712682756677,-0.16351775688975975,1,180.58641599545822,-0.017812593554155435,0.017812593554155435
0.014610000000000001,0.0021841541482959135,-0.1617119979754252,1,180.5758914334541,-0.017814228731724332,0.017814228731724332
0.014620000000000001,0.0021825550848349464,-0.15990634609680612,1,180.56518786190944,-0.017815845851704086,0.017815845851704086
0.01463,0.0021809740768045085,-0.15810080304362442,1,180.5543053181693,-0.017817444915165053,0.017817444915165053
0.014640000000000002,0.002179411123098457,-0.15629537060522689,1,180.54324383975256,-0.01781902592319549,0.01781902592319549
0.014650000000000002,0.0021778662225927494,-0.15449005057058338,1,180.53200346435096,-0.017820588876901543,0.017820588876901543
0.014660000000000001,0.0021763393741454666,-0.15268484472828509,1,180.52058422982998,-0.01782213377740725,0.01782213377740725
0.01467,0.0021748305765968,-0.15087975486654281,1,180.508986174228,-0.017823660625854533,0.017823660625854533
0.01468,0.0021733398287690697,-0.14907478277318525,1,180.49720933575665,-0.0178251694234032,0.0178251694234032
0.014690000000000002,0.0021718671294667117,-0.14726993023565724,1,180.4852537528008,-0.01782666017123093,0.01782666017123093
0.014700000000000001,0.0021704124774763007,-0.14546519904101807,1,180.4731194639182,-0.017828132870533288,0.017828132870533288
0.01471,0.0021689758715665404,-0.14366059097593967,1,180.46080650783958,-0.0178295875225237,0.0178295875225237
0.01472,0.0021675573104882736,-0.141856107826705,1,180.44831492346862,-0.01783102412843346,0.01783102412843346
0.014730000000000002,0.0021661567929744828,-0.14005175137920617,1,180.43564474988185,-0.017832442689511726,0.017832442689511726
0.014740000000000001,0.002164774317740293,-0.1382475234189429,1,180.42279602632846,-0.017833843207025517,0.017833843207025517
0.014750000000000001,0.002163409883482982,-0.13644342573102058,1,180.4097687922305,-0.017835225682259707,0.017835225682259707
0.01476,0.0021620634888819814,-0.13463946010014877,1,180.39656308718256,-0.017836590116517018,0.017836590116517018
0.014770000000000002,0.002160735132598876,-0.13283562831063925,1,180.3831789509519,-0.017837936511118018,0.017837936511118018
0.014780000000000001,0.0021594248132774134,-0.13103193214640446,1,180.3696164234781,-0.017839264867401124,0.017839264867401124
0.014790000000000001,0.0021581325295435055,-0.12922837339095572,1,180.35587554487344,-0.017840575186722586,0.017840575186722586
0.0148,0.002156858280005231,-0.1274249538274015,1,180.34195635542247,-0.017841867470456494,0.017841867470456494
0.014810000000000002,0.002155602063252846,-0.12562167523844567,1,180.327858895582,-0.01784314171999477,0.01784314171999477
0.014820000000000002,0.0021543638778587807,-0.12381853940638586,1,180.31358320598113,-0.017844397936747153,0.017844397936747153
0.014830000000000001,0.0021531437223776496,-0.12201554811311165,1,180.2991293274212,-0.01784563612214122,0.01784563612214122
0.01484,0.002151941595346248,-0.12021270314010289,1,180.28449730087559,-0.01784685627762235,0.01784685627762235
0.01485,0.002150757495283563,-0.118410006268428,1,180.26968716748976,-0.01784805840465375,0.01784805840465375
0.014860000000000002,0.002149591420690776,-0.11660745927874219,1,180.25469896858112,-0.017849242504716437,0.017849242504716437
0.014870000000000001,0.002148443370051263,-0.1148050639512858,1,180.23953274563908,-0.017850408579309224,0.017850408579309224
0.01488,0.0021473133418306025,-0.11300282206588255,1,180.2241885403248,-0.017851556629948737,0.017851556629948737
0.01489,0.002146201334476585,-0.11120073540193784,1,180.2086663944713,-0.017852686658169397,0.017852686658169397
0.014900000000000002,0.0021451073464192017,-0.10939880573843701,1,180.19296635008322,-0.017853798665523415,0.017853798665523415
0.014910000000000001,0.002144031376070661,-0.10759703485394363,1,180.17708844933696,-0.017854892653580798,0.017854892653580798
0.014920000000000001,0.002142973421825396,-0.10579542452659783,1,180.16103273458052,-0.01785596862392934,0.01785596862392934
0.01493,0.0021419334820600563,-0.1039939765341145,1,180.14479924833327,-0.017857026578174603,0.017857026578174603
0.014940000000000002,0.002140911555133517,-0.10219269265378164,1,180.12838803328603,-0.017858066517939943,0.017858066517939943
0.014950000000000001,0.002139907639386893,-0.10039157466245863,1,180.11179913230114,-0.017859088444866483,0.017859088444866483
0.014960000000000001,0.002138921733143526,-0.0985906243365745,1,180.09503258841212,-0.017860092360613106,0.017860092360613106
0.01497,0.002137953834709004,-0.09678984345212627,1,180.07808844482386,-0.017861078266856473,0.017861078266856473
0.014980000000000002,0.002137003942371158,-0.09498923378467715,1,180.06096674491226,-0.017862046165290996,0.017862046165290996
0.014990000000000002,0.0021360720544000627,-0.0931887971093549,1,180.0436675322244,-0.01786299605762884,0.01786299605762884
0.015000000000000001,0.002135158169048054,-0.09138853520085012,1,180.02619085047843,-0.017863927945599937,0.017863927945599937
0.01501,0.002134262284549721,-0.08958844983341449,1,180.0085367435633,-0.017864841830951946,0.017864841830951946
0.01502,0.002133384399121914,-0.0877885427808591,1,179.99070525553913,-0.01786573771545028,0.01786573771545028
0.015030000000000002,0.00213252451096375,-0.08598881581655272,1,179.97269643063657,-0.017866615600878086,0.017866615600878086
0.015040000000000001,0.0021316826182566145,-0.08418927071342015,1,179.95451031325723,-0.01786747548903625,0.01786747548903625
0.015050000000000001,0.0021308587191641746,-0.08238990924394042,1,179.9361469479734,-0.017868317381743385,0.017868317381743385
0.01506,0.0021300528118323716,-0.08059073318014515,1,179.9176063795278,-0.017869141280835825,0.017869141280835825
0.015070000000000002,0.0021292648943894354,-0.07879174429361681,1,179.89888865283388,-0.017869947188167628,0.017869947188167628
0.015080000000000001,0.002128494964945881,-0.07699294435548705,1,179.87999381297547,-0.017870735105610564,0.017870735105610564
0.015090000000000001,0.002127743021594515,-0.07519433513643498,1,179.8609219052068,-0.01787150503505412,0.01787150503505412
0.0151,0.0021270090624104466,-0.07339591840668545,1,179.84167297495256,-0.017872256978405485,0.017872256978405485
0.015110000000000002,0.0021262930854510876,-0.07159769593600737,1,179.8222470678075,-0.017872990937589553,0.017872990937589553
0.015120000000000001,0.002125595088756152,-0.06979966949371201,1,179.80264422953672,-0.017873706914548912,0.017873706914548912
0.015130000000000001,0.002124915070347666,-0.06800184084865125,1,179.78286450607533,-0.017874404911243848,0.017874404911243848
0.01514,0.0021242530282299726,-0.06620421176921597,1,179.76290794352863,-0.017875084929652334,0.017875084929652334
0.015150000000000002,0.002123608960389738,-0.06440678402333425,1,179.74277458817178,-0.017875746971770027,0.017875746971770027
0.015160000000000002,0.002122982864795955,-0.06260955937846975,1,179.72246448644987,-0.01787639103961026,0.01787639103961026
0.015170000000000001,0.0021223747393999395,-0.060812539601619975,1,179.70197768497778,-0.017877017135204044,0.017877017135204044
0.01518,0.0021217845821353476,-0.05901572645931457,1,179.6813142305403,-0.01787762526060006,0.01787762526060006
0.01519,0.0021212123909181728,-0.057219121717613654,1,179.66047417009176,-0.017878215417864652,0.017878215417864652
0.015200000000000002,0.0021206581636467525,-0.055422727142106096,1,179.63945755075613,-0.017878787609081827,0.017878787609081827
0.015210000000000001,0.002120121898201775,-0.053626544497907824,1,179.61826441982706,-0.017879341836353247,0.017879341836353247
0.015220000000000001,0.00211960359244628,-0.05183057554966015,1,179.59689482476747,-0.017879878101798224,0.017879878101798224
0.01523,0.002119103244225664,-0.050034822061528046,1,179.5753488132098,-0.01788039640755372,0.01788039640755372
0.015240000000000002,0.0021186208513676924,-0.04823928579719849,1,179.55362643295592,-0.017880896755774336,0.017880896755774336
0.015250000000000001,0.0021181564116824923,-0.04644396851987872,1,179.53172773197662,-0.017881379148632307,0.017881379148632307
0.015260000000000001,0.002117709922962569,-0.04464887199229459,1,179.50965275841227,-0.017881843588317507,0.017881843588317507
0.01527,0.002117281382982803,-0.04285399797668887,1,179.4874015605721,-0.01788229007703743,0.01788229007703743
0.015280000000000002,0.0021168707895004536,-0.04105934823481953,1,179.46497418693437,-0.017882718617017197,0.017882718617017197
0.015290000000000002,0.0021164781402551727,-0.039264924527958066,1,179.44237068614643,-0.017883129210499546,0.017883129210499546
0.015300000000000001,0.0021161034329690047,-0.03747072861688782,1,179.41959110702447,-0.017883521859744827,0.017883521859744827
0.01531,0.0021157466653463864,-0.035676762261902285,1,179.39663549855345,-0.017883896567030995,0.017883896567030995
0.015320000000000002,0.002115407835074158,-0.03388302722280342,1,179.37350390988703,-0.017884253334653613,0.017884253334653613
0.015330000000000002,0.002115086939821569,-0.03208952525889994,1,179.35019639034775,-0.01788459216492584,0.01788459216492584
0.015340000000000001,0.0021147839772402794,-0.03029625812900567,1,179.32671298942648,-0.01788491306017843,0.01788491306017843
0.01535,0.0021144989449643657,-0.028503227591437842,1,179.30305375678276,-0.01788521602275972,0.01788521602275972
0.015360000000000002,0.0021142318406103247,-0.0267104354040154,1,179.27921874224447,-0.017885501055035634,0.017885501055035634
0.015370000000000002,0.002113982661777084,-0.024917883324057317,1,179.25520799580806,-0.017885768159389675,0.017885768159389675
0.015380000000000001,0.0021137514060459986,-0.023125573108380936,1,179.23102156763795,-0.017886017338222916,0.017886017338222916
0.015390000000000001,0.0021135380709808643,-0.021333506513300265,1,179.20665950806705,-0.017886248593954,0.017886248593954
0.0154,0.0021133426541279183,-0.019541685294624304,1,179.1821218675963,-0.017886461929019135,0.017886461929019135
0.015410000000000002,0.0021131651530158424,-0.017750111207655357,1,179.15740869689466,-0.01788665734587208,0.01788665734587208
0.015420000000000001,0.0021130055651557697,-0.015958786007187364,1,179.13252004679921,-0.017886834846984157,0.017886834846984157
0.015430000000000001,0.0021128638880412954,-0.014167711447504215,1,179.10745596831487,-0.01788699443484423,0.01788699443484423
0.01544,0.0021127401191484733,-0.012376889282378073,1,179.08221651261428,-0.017887136111958704,0.017887136111958704
0.015450000000000002,0.0021126342559358224,-0.010586321265067691,1,179.05680173103812,-0.017887259880851526,0.017887259880851526
0.015460000000000002,0.0021125462958443376,-0.008796009148316747,1,179.03121167509448,-0.017887365744064177,0.017887365744064177
0.015470000000000001,0.002112476236297493,-0.007005954684352154,1,179.00544639645923,-0.017887453704155662,0.017887453704155662
0.01548,0.002112424074701246,-0.005216159624882396,1,178.97950594697576,-0.017887523763702506,0.017887523763702506
0.015490000000000002,0.0021123898084440358,-0.0034266257210958497,1,178.95339037865466,-0.017887575925298754,0.017887575925298754
0.015500000000000002,0.002112373434896799,-0.001637354723659106,1,178.92709974367435,-0.017887610191555964,0.017887610191555964
0.015510000000000001,0.002112374951412972,0.0001516516172846957,1,178.90063409438017,-0.0178876265651032,0.0178876265651032
0.01552,0.0021123943553284915,0.0019403915521175443,1,178.87399348328483,-0.017887625048587028,0.017887625048587028
0.015530000000000002,0.002112431643961808,0.0037288633317482276,1,178.8471779630683,-0.017887605644671508,0.017887605644671508
0.015540000000000002,0.0021124868146138827,0.005517065207614001,1,178.82018758657733,-0.01788756835603819,0.01788756835603819
0.015550000000000001,0.002112559864568201,0.007304995431682261,1,178.79302240682594,-0.017887513185386117,0.017887513185386117
0.015560000000000001,0.0021126507910907656,0.00909265225645221,1,178.76568247699484,-0.0178874401354318,0.0178874401354318
0.01557,0.0021127595914301146,0.010880033934956528,1,178.73816785043184,-0.017887349208909234,0.017887349208909234
0.015580000000000002,0.002112886262817324,0.012667138720763041,1,178.71047858065123,-0.017887240408569885,0.017887240408569885
0.015590000000000001,0.0021130308024660044,0.014453964867976381,1,178.68261472133412,-0.017887113737182676,0.017887113737182676
0.015600000000000001,0.0021131932075723154,0.016240510631239664,1,178.6545763263282,-0.017886969197533995,0.017886969197533995
0.01561,0.0021133734753149723,0.018026774265736144,1,178.6263634496478,-0.017886806792427684,0.017886806792427684
0.015620000000000002,0.0021135716028552456,0.01981275402719088,1,178.59797614547344,-0.017886626524685027,0.017886626524685027
0.01563,0.0021137875873369653,0.0215984481718724,1,178.5694144681522,-0.017886428397144754,0.017886428397144754
0.01564,0.0021140214258865307,0.023383854956594376,1,178.54067847219733,-0.017886212412663034,0.017886212412663034
0.01565,0.0021142731156129175,0.02516897263871726,1,178.5117682122885,-0.01788597857411347,0.01788597857411347
0.01566,0.002114542653607678,0.026953799476149974,1,178.48268374327114,-0.017885726884387082,0.017885726884387082
0.01567,0.0021148300369449513,0.028738333727351545,1,178.45342512015702,-0.01788545734639232,0.01788545734639232
0.015680000000000003,0.002115135262681463,0.030522573651332784,1,178.4239923981239,-0.01788516996305505,0.01788516996305505
0.015690000000000003,0.0021154583278565403,0.032306517507657936,1,178.39438563251514,-0.017884864737318536,0.017884864737318536
0.015700000000000002,0.002115799229492103,0.03409016355644634,1,178.3646048788401,-0.01788454167214346,0.01788454167214346
0.015710000000000002,0.0021161579645926866,0.03587351005837408,1,178.334650192774,-0.017884200770507896,0.017884200770507896
0.01572,0.0021165345301454334,0.03765655527467566,1,178.30452163015744,-0.017883842035407313,0.017883842035407313
0.01573,0.0021169289231201044,0.039439297467145626,1,178.27421924699672,-0.017883465469854566,0.017883465469854566
0.01574,0.002117341140469085,0.04122173489814026,1,178.24374309946367,-0.017883071076879895,0.017883071076879895
0.01575,0.00211777117912739,0.04300386583057921,1,178.21309324389537,-0.017882658859530914,0.017882658859530914
0.01576,0.0021182190360126687,0.044785688527947155,1,178.18226973679438,-0.01788222882087261,0.01788222882087261
0.015770000000000003,0.002118684708025213,0.04656720125429544,1,178.15127263482844,-0.01788178096398733,0.01788178096398733
0.015780000000000002,0.002119168192047954,0.048348402274243744,1,178.12010199483038,-0.017881315291974786,0.017881315291974786
0.015790000000000002,0.0021196694849464825,0.05012928985298173,1,178.0887578737983,-0.017880831807952045,0.017880831807952045
0.0158,0.002120188583569045,0.05190986225627068,1,178.05724032889506,-0.017880330515053517,0.017880330515053517
0.01581,0.002120725484746548,0.05369011775044517,1,178.0255494174486,-0.017879811416430955,0.017879811416430955
0.01582,0.0021212801852925718,0.055470054602414685,1,177.99368519695167,-0.01787927451525345,0.01787927451525345
0.01583,0.00212185268200337,0.057249671079665304,1,177.9616477250617,-0.017878719814707428,0.017878719814707428
0.01584,0.0021224429716578735,0.05902896545026131,1,177.9294370596009,-0.01787814731799663,0.01787814731799663
0.015850000000000003,0.0021230510510177004,0.06080793598284687,1,177.89705325855599,-0.017877557028342126,0.017877557028342126
0.015860000000000003,0.002123676916827167,0.06258658094664765,1,177.8644963800782,-0.0178769489489823,0.0178769489489823
0.015870000000000002,0.0021243205658132832,0.06436489861147249,1,177.83176648248326,-0.017876323083172833,0.017876323083172833
0.015880000000000002,0.0021249819946857615,0.066142887247715,1,177.79886362425108,-0.017875679434186716,0.017875679434186716
0.01589,0.002125661200137025,0.06792054512635526,1,177.76578786402595,-0.017875018005314238,0.017875018005314238
0.0159,0.0021263581788422163,0.06969787051896142,1,177.73253926061636,-0.017874338799862974,0.017874338799862974
0.01591,0.0021270729274591926,0.07147486169769138,1,177.69911787299486,-0.017873641821157783,0.017873641821157783
0.01592,0.002127805442628544,0.07325151693529436,1,177.66552376029787,-0.017872927072540807,0.017872927072540807
0.01593,0.0021285557209735967,0.07502783450511262,1,177.63175698182596,-0.017872194557371456,0.017872194557371456
0.015940000000000003,0.002129323759100409,0.07680381268108305,1,177.5978175970434,-0.017871444279026403,0.017871444279026403
0.015950000000000002,0.0021301095535977864,0.07857944973773884,1,177.5637056655782,-0.01787067624089959,0.01787067624089959
0.015960000000000002,0.002130913101037287,0.08035474395021105,1,177.52942124722213,-0.017869890446402213,0.017869890446402213
0.01597,0.0021317343979732296,0.08212969359423036,1,177.4949644019306,-0.017869086898962713,0.017869086898962713
0.01598,0.00213257344094269,0.08390429694612858,1,177.46033518982225,-0.01786826560202677,0.01786826560202677
0.01599,0.0021334302264655177,0.08567855228284038,1,177.4255336711795,-0.01786742655905731,0.01786742655905731
0.016,0.002134304751044337,0.08745245788190487,1,177.39055990644783,-0.017866569773534482,0.017866569773534482
0.01601,0.002135197011164553,0.08922601202146722,1,177.35541395623602,-0.017865695248955663,0.017865695248955663
0.016020000000000003,0.002136107003294355,0.09099921298028038,1,177.3200958813162,-0.017864802988835447,0.017864802988835447
0.016030000000000003,0.002137034723884732,0.09277205903770662,1,177.2846057426233,-0.017863892996705644,0.017863892996705644
0.016040000000000002,0.00213798016936947,0.09454454847371918,1,177.24894360125555,-0.017862965276115268,0.017862965276115268
0.016050000000000002,0.002138943336165158,0.09631667956890391,1,177.21310951847374,-0.01786201983063053,0.01786201983063053
0.01606,0.002139924220671204,0.09808845060446093,1,177.17710355570182,-0.01786105666383484,0.01786105666383484
0.01607,0.0021409228192698247,0.09985985986220619,1,177.1409257745262,-0.017860075779328796,0.017860075779328796
0.01608,0.00214193912832607,0.10163090562457315,1,177.1045762366962,-0.017859077180730175,0.017859077180730175
0.01609,0.0021429731441878165,0.10340158617461438,1,177.06805500412358,-0.01785806087167393,0.01785806087167393
0.0161,0.0021440248631857768,0.10517189979600321,1,177.0313621388824,-0.017857026855812183,0.017857026855812183
0.016110000000000003,0.0021450942816335075,0.1069418447730353,1,176.99449770320948,-0.017855975136814223,0.017855975136814223
0.016120000000000002,0.002146181395827412,0.10871141939063034,1,176.9574617595037,-0.017854905718366492,0.017854905718366492
0.016130000000000002,0.002147286202046755,0.1104806219343336,1,176.9202543703262,-0.017853818604172587,0.017853818604172587
0.01614,0.0021484086965536586,0.1122494506903176,1,176.88287559840035,-0.017852713797953244,0.017852713797953244
0.01615,0.002149548875593112,0.1140179039453837,1,176.8453255066114,-0.01785159130344634,0.01785159130344634
0.01616,0.0021507067353929805,0.11578597998696377,1,176.80760415800668,-0.017850451124406887,0.017850451124406887
0.01617,0.00215188227216401,0.11755367710312173,1,176.7697116157954,-0.01784929326460702,0.01784929326460702
0.01618,0.0021530754820998357,0.11932099358255521,1,176.73164794334855,-0.01784811772783599,0.01784811772783599
0.016190000000000003,0.0021542863613769813,0.1210879277145972,1,176.69341320419872,-0.017846924517900164,0.017846924517900164
0.016200000000000003,0.0021555149061548732,0.1228544777892176,1,176.65500746204023,-0.017845713638623018,0.017845713638623018
0.016210000000000002,0.0021567611125758437,0.12462064209702489,1,176.61643078072888,-0.017844485093845126,0.017844485093845126
0.016220000000000002,0.002158024976765138,0.12638641892926772,1,176.57768322428186,-0.017843238887424156,0.017843238887424156
0.01623,0.002159306494830918,0.1281518065778365,1,176.53876485687783,-0.01784197502323486,0.01784197502323486
0.01624,0.0021606056628642725,0.12991680333526506,1,176.49967574285657,-0.01784069350516908,0.01784069350516908
0.01625,0.00216192247693922,0.13168140749473226,1,176.46041594671908,-0.017839394337135727,0.017839394337135727
0.01626,0.0021632569331127205,0.13344561735006352,1,176.42098553312755,-0.01783807752306078,0.01783807752306078
0.01627,0.0021646090274246776,0.13520943119573256,1,176.381384566905,-0.01783674306688728,0.01783674306688728
0.016280000000000003,0.0021659787558979465,0.1369728473268629,1,176.34161311303546,-0.017835390972575322,0.017835390972575322
0.016290000000000002,0.00216736611453834,0.13873586403922955,1,176.30167123666368,-0.017834021244102053,0.017834021244102053
0.016300000000000002,0.0021687710993346333,0.14049847962926051,1,176.26155900309521,-0.01783263388546166,0.01783263388546166
0.01631,0.0021701937062585724,0.1422606923940385,1,176.22127647779627,-0.017831228900665366,0.017831228900665366
0.01632,0.0021716339312648865,0.14402250063130242,1,176.1808237263936,-0.017829806293741427,0.017829806293741427
0.01633,0.00217309177029128,0.14578390263944918,1,176.14020081467427,-0.017828366068735113,0.017828366068735113
0.01634,0.0021745672192584565,0.14754489671753504,1,176.09940780858602,-0.01782690822970872,0.01782690822970872
0.01635,0.00217606027407011,0.1493054811652774,1,176.05844477423642,-0.017825432780741543,0.017825432780741543
0.016360000000000003,0.00217757093061294,0.15106565428305632,1,176.01731177789375,-0.01782393972592989,0.01782393972592989
0.016370000000000003,0.002179099184756661,0.15282541437191619,1,175.976008885986,-0.01782242906938706,0.01782242906938706
0.016380000000000002,0.0021806450323539955,0.1545847597335672,1,175.93453616510132,-0.01782090081524334,0.01782090081524334
0.016390000000000002,0.002182208469240699,0.15634368867038706,1,175.8928936819878,-0.017819354967646004,0.017819354967646004
0.0164,0.0021837894912355533,0.1581021994854226,1,175.85108150355322,-0.0178177915307593,0.0178177915307593
0.01641,0.0021853880941403786,0.15986029048239125,1,175.8090996968653,-0.017816210508764446,0.017816210508764446
0.01642,0.002187004273740036,0.16161795996568276,1,175.76694832915123,-0.01781461190585962,0.01781461190585962
0.01643,0.002188638025802439,0.16337520624036073,1,175.72462746779783,-0.017812995726259963,0.017812995726259963
0.01644,0.002190289346078559,0.16513202761216425,1,175.68213718035145,-0.01781136197419756,0.01781136197419756
0.016450000000000003,0.0021919582303024333,0.16688842238750942,1,175.63947753451768,-0.01780971065392144,0.01780971065392144
0.016460000000000002,0.002193644674191169,0.16864438887349104,1,175.59664859816152,-0.017808041769697566,0.017808041769697566
0.016470000000000002,0.002195348673444948,0.1703999253778841,1,175.553650439307,-0.01780635532580883,0.01780635532580883
0.01648,0.0021970702237470397,0.17215503020914547,1,175.51048312613742,-0.01780465132655505,0.01780465132655505
0.01649,0.002198809320763803,0.17390970167641542,1,175.46714672699503,-0.01780292977625296,0.01780292977625296
0.0165,0.002200565960144697,0.17566393808951924,1,175.42364131038093,-0.017801190679236197,0.017801190679236197
0.01651,0.0022023401375222884,0.1774177377589688,1,175.37996694495507,-0.017799434039855302,0.017799434039855302
0.01652,0.0022041318485122472,0.17917109899596415,1,175.33612369953616,-0.01779765986247771,0.01779765986247771
0.016530000000000003,0.002205941088713372,0.18092402011239517,1,175.29211164310163,-0.017795868151487752,0.017795868151487752
0.016540000000000003,0.002207767853707579,0.18267649942084305,1,175.24793084478722,-0.017794058911286628,0.017794058911286628
0.016550000000000002,0.0022096121390599256,0.18442853523458191,1,175.20358137388743,-0.01779223214629242,0.01779223214629242
0.016560000000000002,0.002211473940318602,0.18618012586758045,1,175.15906329985475,-0.017790387860940074,0.017790387860940074
0.01657,0.002213353253014946,0.18793126963450346,1,175.11437669230034,-0.017788526059681398,0.017788526059681398
0.01658,0.0022152500726634527,0.1896819648507134,1,175.06952162099327,-0.017786646746985053,0.017786646746985053
0.01659,0.002217164394761775,0.191432209832272,1,175.02449815586067,-0.017784749927336547,0.017784749927336547
0.0166,0.002219096214790733,0.19318200289594187,1,174.97930636698783,-0.017782835605238224,0.017782835605238224
0.01661,0.0022210455282143235,0.19493134235918805,1,174.93394632461786,-0.017780903785209266,0.017780903785209266
0.016620000000000003,0.002223012330479726,0.19668022654017955,1,174.88841809915164,-0.017778954471785676,0.017778954471785676
0.016630000000000002,0.0022249966170173044,0.19842865375779103,1,174.84272176114766,-0.017776987669520274,0.017776987669520274
0.016640000000000002,0.00222699838324062,0.20017662233160427,1,174.7968573813223,-0.017775003382982695,0.017775003382982695
0.01665,0.002229017624546438,0.20192413058190975,1,174.7508250305492,-0.01777300161675938,0.01777300161675938
0.01666,0.0022310543363147353,0.20367117682970834,1,174.7046247798595,-0.017770982375453562,0.017770982375453562
0.01667,0.002233108513908704,0.20541775939671275,1,174.65825670044168,-0.017768945663685264,0.017768945663685264
0.01668,0.002235180152674757,0.20716387660534916,1,174.6117208636415,-0.017766891486091296,0.017766891486091296
0.01669,0.002237269247942544,0.20890952677875876,1,174.5650173409618,-0.017764819847325242,0.017764819847325242
0.016700000000000003,0.002239375795024953,0.21065470824079938,1,174.51814620406253,-0.017762730752057455,0.017762730752057455
0.016710000000000003,0.0022414997892181146,0.21239941931604697,1,174.4711075247604,-0.017760624204975047,0.017760624204975047
0.016720000000000002,0.0022436412258014125,0.21414365832979726,1,174.42390137502917,-0.017758500210781885,0.017758500210781885
0.016730000000000002,0.002245800100037494,0.21588742360806726,1,174.3765278269994,-0.017756358774198587,0.017756358774198587
0.01674,0.0022479764071722695,0.21763071347759683,1,174.32898695295808,-0.017754199899962506,0.017754199899962506
0.01675,0.002250170142434927,0.21937352626585033,1,174.28127882534898,-0.01775202359282773,0.01775202359282773
0.01676,0.002252381301037938,0.22111586030101804,1,174.23340351677223,-0.017749829857565073,0.017749829857565073
0.01677,0.002254609878177059,0.2228577139120179,1,174.18536109998433,-0.01774761869896206,0.01774761869896206
0.01678,0.0022568558690313446,0.22459908542849688,1,174.13715164789818,-0.01774539012182294,0.01774539012182294
0.016790000000000003,0.0022591192687631536,0.2263399731808327,1,174.0887752335827,-0.017743144130968655,0.017743144130968655
0.016800000000000002,0.002261400072518154,0.22808037550013535,1,174.0402319302631,-0.017740880731236846,0.017740880731236846
0.016810000000000002,0.002263698275425336,0.22982029071824855,1,173.99152181132027,-0.017738599927481846,0.017738599927481846
0.01682,0.002266013872597012,0.23155971716775148,1,173.94264495029145,-0.017736301724574664,0.017736301724574664
0.01683,0.0022683468591288307,0.23329865318196016,1,173.89360142086915,-0.017733986127402988,0.017733986127402988
0.01684,0.0022706972300997807,0.23503709709492918,1,173.844391296902,-0.01773165314087117,0.01773165314087117
0.01685,0.0022730649805721937,0.23677504724145312,1,173.79501465239403,-0.01772930276990022,0.01772930276990022
0.01686,0.0022754501055917654,0.23851250195706816,1,173.7454715615049,-0.017726935019427806,0.017726935019427806
0.016870000000000003,0.002277852600187545,0.24024945957805366,1,173.69576209854935,-0.017724549894408234,0.017724549894408234
0.016880000000000003,0.0022802724593719596,0.24198591844143363,1,173.64588633799798,-0.017722147399812455,0.017722147399812455
0.016890000000000002,0.002282709678140811,0.2437218768849784,1,173.5958443544762,-0.01771972754062804,0.01771972754062804
0.016900000000000002,0.0022851642514732816,0.24545733324720603,1,173.5456362227646,-0.01771729032185919,0.01771729032185919
0.01691,0.002287636174331957,0.247192285867384,1,173.49526201779895,-0.017714835748526718,0.017714835748526718
0.01692,0.0022901254416628136,0.2489267330855307,1,173.4447218146697,-0.017712363825668043,0.017712363825668043
0.01693,0.0022926320483952376,0.2506606732424169,1,173.3940156886223,-0.017709874558337186,0.017709874558337186
0.01694,0.0022951559894420345,0.25239410467956747,1,173.34314371505693,-0.017707367951604762,0.017707367951604762
0.01695,0.0022976972596994256,0.25412702573926277,1,173.29210596952825,-0.017704844010557965,0.017704844010557965
0.016960000000000003,0.0023002558540470694,0.2558594347645402,1,173.24090252774556,-0.017702302740300574,0.017702302740300574
0.016970000000000002,0.002302831767348061,0.25759133009919594,1,173.18953346557265,-0.01769974414595293,0.01769974414595293
0.016980000000000002,0.0023054249944489394,0.25932271008778623,1,173.13799885902745,-0.01769716823265194,0.01769716823265194
0.01699,0.0023080355301796944,0.26105357307562904,1,173.0862987842822,-0.01769457500555106,0.01769457500555106
0.017,0.002310663369353784,0.2627839174088057,1,173.03443331766334,-0.017691964469820305,0.017691964469820305
0.01701,0.0023133085067681266,0.26451374143416223,1,172.98240253565137,-0.017689336630646216,0.017689336630646216
0.01702,0.0023159709372031203,0.26624304349931105,1,172.93020651488058,-0.017686691493231873,0.017686691493231873
0.01703,0.002318650655422648,0.2679718219526324,1,172.87784533213917,-0.01768402906279688,0.01768402906279688
0.017040000000000003,0.002321347656174081,0.2697000751432761,1,172.82531906436907,-0.017681349344577352,0.017681349344577352
0.017050000000000003,0.002324061934188294,0.27142780142116274,1,172.77262778866586,-0.01767865234382592,0.01767865234382592
0.017060000000000002,0.002326793484179665,0.27315499913698554,1,172.71977158227864,-0.017675938065811705,0.017675938065811705
0.017070000000000002,0.002329542300846087,0.27488166664221164,1,172.6667505226099,-0.017673206515820335,0.017673206515820335
0.01708,0.0023323083788689787,0.27660780228908377,1,172.61356468721553,-0.017670457699153912,0.017670457699153912
0.01709,0.002335091712913284,0.2783334044306218,1,172.56021415380468,-0.01766769162113102,0.01766769162113102
0.0171,0.002337892297627489,0.28005847142062423,1,172.5066990002395,-0.017664908287086716,0.017664908287086716
0.01711,0.0023407101276436268,0.2817830016136696,1,172.45301930453533,-0.01766210770237251,0.01766210770237251
0.01712,0.002343545197577279,0.2835069933651182,1,172.39917514486024,-0.017659289872356373,0.017659289872356373
0.017130000000000003,0.002346397502027589,0.28523044503111356,1,172.34516659953536,-0.01765645480242272,0.01765645480242272
0.017140000000000002,0.002349267035577275,0.2869533549685839,1,172.29099374703443,-0.01765360249797241,0.01765360249797241
0.017150000000000002,0.0023521537927926285,0.28867572153524373,1,172.23665666598384,-0.017650732964422725,0.017650732964422725
0.01716,0.002355057768223523,0.29039754308959537,1,172.18215543516246,-0.01764784620720737,0.01764784620720737
0.01717,0.0023579789564034314,0.29211881799093037,1,172.12749013350157,-0.017644942231776477,0.017644942231776477
0.01718,0.0023609173518494243,0.2938395445993312,1,172.07266084008498,-0.017642021043596568,0.017642021043596568
0.01719,0.0023638729490621816,0.2955597212756727,1,172.01766763414847,-0.017639082648150575,0.017639082648150575
0.0172,0.0023668457425259975,0.2972793463816235,1,171.96251059508006,-0.017636127050937818,0.017636127050937818
0.017210000000000003,0.0023698357267087937,0.2989984182796477,1,171.9071898024197,-0.017633154257474002,0.017633154257474002
0.017220000000000003,0.002372842896062123,0.30071693533300625,1,171.8517053358594,-0.017630164273291206,0.017630164273291206
0.017230000000000002,0.00237586724502118,0.30243489590575867,1,171.796057275243,-0.017627157103937877,0.017627157103937877
0.017240000000000002,0.002378908768004807,0.3041522983627643,1,171.74024570056574,-0.01762413275497882,0.01762413275497882
0.01725,0.0023819674594155035,0.30586914106968405,1,171.6842706919748,-0.017621091231995192,0.017621091231995192
0.01726,0.002385043313639433,0.30758542239298176,1,171.62813232976876,-0.017618032540584496,0.017618032540584496
0.01727,0.0023881363250464324,0.30930114069992576,1,171.5718306943976,-0.017614956686360567,0.017614956686360567
0.01728,0.0023912464879900187,0.3110162943585904,1,171.5153658664625,-0.017611863674953567,0.017611863674953567
0.01729,0.0023943737968073987,0.31273088173785757,1,171.45873792671605,-0.01760875351200998,0.01760875351200998
0.017300000000000003,0.002397518245819473,0.3144449012074182,1,171.40194695606178,-0.0176056262031926,0.0176056262031926
0.017310000000000002,0.002400679829330849,0.31615835113777374,1,171.34499303555418,-0.017602481754180527,0.017602481754180527
0.017320000000000002,0.002403858541629853,0.31787122990023775,1,171.28787624639878,-0.01759932017066915,0.01759932017066915
0.01733,0.0024070543769885216,0.3195835358669373,1,171.23059666995178,-0.017596141458370147,0.017596141458370147
0.01734,0.0024102673296626303,0.3212952674108145,1,171.17315438772007,-0.017592945623011478,0.017592945623011478
0.01735,0.0024134973938916863,0.3230064229056281,1,171.11554948136114,-0.01758973267033737,0.01758973267033737
0.01736,0.002416744563898946,0.32471700072595494,1,171.05778203268292,-0.017586502606108313,0.017586502606108313
0.01737,0.002420008833891418,0.3264269992471914,1,170.9998521236438,-0.017583255436101054,0.017583255436101054
0.017380000000000003,0.0024232901980598747,0.3281364168455549,1,170.94175983635222,-0.01757999116610858,0.01757999116610858
0.017390000000000003,0.002426588650578854,0.32984525189808556,1,170.883505253067,-0.017576709801940125,0.017576709801940125
0.017400000000000002,0.002429904185606682,0.3315535027826475,1,170.82508845619694,-0.017573411349421145,0.017573411349421145
0.017410000000000002,0.002433236797285461,0.33326116787793053,1,170.76650952830076,-0.017570095814393318,0.017570095814393318
0.01742,0.002436586479741094,0.3349682455634514,1,170.7077685520871,-0.01756676320271454,0.01756676320271454
0.01743,0.0024399532270832905,0.3366747342195555,1,170.64886561041422,-0.017563413520258905,0.017563413520258905
0.01744,0.002443337033405566,0.33838063222741843,1,170.58980078629006,-0.01756004677291671,0.01756004677291671
0.01745,0.0024467378927852555,0.3400859379690472,1,170.53057416287217,-0.017556662966594434,0.017556662966594434
0.01746,0.00245015579928353,0.34179064982728186,1,170.47118582346747,-0.017553262107214744,0.017553262107214744
0.017470000000000003,0.0024535907469453886,0.34349476618579716,1,170.41163585153205,-0.01754984420071647,0.01754984420071647
0.017480000000000002,0.002457042729799681,0.34519828542910386,1,170.35192433067147,-0.01754640925305461,0.01754640925305461
0.017490000000000002,0.0024605117418591066,0.34690120594255025,1,170.29205134464033,-0.01754295727020032,0.01754295727020032
0.0175,0.002463997777120231,0.34860352611232365,1,170.23201697734203,-0.017539488258140893,0.017539488258140893
0.01751,0.002467500829563484,0.35030524432545196,1,170.1718213128291,-0.01753600222287977,0.01753600222287977
0.01752,0.0024710208931531833,0.352006358969805,1,170.1114644353027,-0.017532499170436516,0.017532499170436516
0.01753,0.002474557961837524,0.3537068684340961,1,170.0509464291128,-0.017528979106846816,0.017528979106846816
0.01754,0.0024781120295486033,0.35540677110788366,1,169.9902673787579,-0.017525442038162475,0.017525442038162475
0.017550000000000003,0.0024816830902024195,0.3571060653815725,1,169.9294273688849,-0.017521887970451396,0.017521887970451396
0.017560000000000003,0.0024852711376988834,0.3588047496464154,1,169.86842648428907,-0.01751831690979758,0.01751831690979758
0.017570000000000002,0.0024888761659218285,0.3605028222945145,1,169.8072648099141,-0.017514728862301116,0.017514728862301116
0.017580000000000002,0.0024924981687390177,0.362200281718823,1,169.74594243085158,-0.01751112383407817,0.01751112383407817
0.01759,0.0024961371400021503,0.3638971263131464,1,169.68445943234136,-0.017507501831260982,0.017507501831260982
0.0176,0.0024997930735468727,0.36559335447214414,1,169.62281589977107,-0.01750386285999785,0.01750386285999785
0.01761,0.002503465963192785,0.3672889645913309,1,169.56101191867626,-0.017500206926453127,0.017500206926453127
0.01762,0.0025071558027434547,0.3689839550670783,1,169.49904757474022,-0.017496534036807215,0.017496534036807215
0.01763,0.002510862585986421,0.37067832429661624,1,169.43692295379367,-0.017492844197256545,0.017492844197256545
0.017640000000000003,0.0025145863066932004,0.3723720706780344,1,169.37463814181504,-0.01748913741401358,0.01748913741401358
0.017650000000000002,0.0025183269586193024,0.3740651926102837,1,169.31219322493,-0.0174854136933068,0.0174854136933068
0.017660000000000002,0.0025220845355042347,0.3757576884931778,1,169.24958828941166,-0.017481673041380697,0.017481673041380697
0.01767,0.0025258590310715074,0.3774495567273946,1,169.18682342168023,-0.017477915464495765,0.017477915464495765
0.01768,0.0025296504390286507,0.3791407957144776,1,169.123898708303,-0.017474140968928492,0.017474140968928492
0.01769,0.0025334587530672177,0.38083140385683756,1,169.06081423599406,-0.01747034956097135,0.01747034956097135
0.0177,0.002537283966862795,0.3825213795577537,1,168.99757009161468,-0.017466541246932782,0.017466541246932782
0.01771,0.0025411260740750103,0.38421072122137545,1,168.93416636217262,-0.017462716033137204,0.017462716033137204
0.017720000000000003,0.002544985068347538,0.3858994272527237,1,168.87060313482237,-0.01745887392592499,0.01745887392592499
0.017730000000000003,0.002548860943308115,0.3875874960576923,1,168.80688049686486,-0.01745501493165246,0.01745501493165246
0.017740000000000002,0.0025527536925685447,0.3892749260430498,1,168.74299853574766,-0.017451139056691885,0.017451139056691885
0.017750000000000002,0.0025566633097247075,0.39096171561644044,1,168.67895733906443,-0.017447246307431455,0.017447246307431455
0.01776,0.002560589788356572,0.392647863186386,1,168.61475699455508,-0.017443336690275292,0.017443336690275292
0.01777,0.0025645331220281965,0.39433336716228706,1,168.55039759010558,-0.017439410211643427,0.017439410211643427
0.01778,0.0025684933042877415,0.39601822595442454,1,168.48587921374803,-0.017435466877971803,0.017435466877971803
0.01779,0.0025724703286674816,0.39770243797396115,1,168.4212019536602,-0.017431506695712258,0.017431506695712258
0.0178,0.0025764641886838113,0.3993860016329428,1,168.3563658981658,-0.017427529671332518,0.017427529671332518
0.017810000000000003,0.0025804748778372527,0.4010689153443001,1,168.29137113573407,-0.017423535811316188,0.017423535811316188
0.017820000000000003,0.0025845023896124723,0.4027511775218499,1,168.22621775497987,-0.017419525122162747,0.017419525122162747
0.017830000000000002,0.0025885467174782744,0.4044327865802965,1,168.16090584466332,-0.017415497610387527,0.017415497610387527
0.01784,0.0025926078548876253,0.40611374093523345,1,168.09543549369013,-0.017411453282521725,0.017411453282521725
0.01785,0.0025966857952776567,0.40779403900314454,1,168.02980679111107,-0.017407392145112374,0.017407392145112374
0.01786,0.002600780532069669,0.40947367920140576,1,167.9640198261219,-0.017403314204722343,0.017403314204722343
0.01787,0.002604892058669153,0.41115265994828637,1,167.8980746880636,-0.01739921946793033,0.01739921946793033
0.01788,0.0026090203684657814,0.41283097966295057,1,167.8319714664218,-0.017395107941330847,0.017395107941330847
0.017890000000000003,0.0026131654548334346,0.41450863676545885,1,167.76571025082714,-0.017390979631534218,0.017390979631534218
0.017900000000000003,0.0026173273111302032,0.4161856296767694,1,167.69929113105465,-0.017386834545166565,0.017386834545166565
0.017910000000000002,0.002621505930698392,0.41786195681873967,1,167.63271419702414,-0.017382672688869796,0.017382672688869796
0.017920000000000002,0.002625701306864534,0.41953761661412764,1,167.56597953879964,-0.017378494069301607,0.017378494069301607
0.01793,0.0026299134329394,0.42121260748659356,1,167.49908724658968,-0.017374298693135466,0.017374298693135466
0.01794,0.0026341423022180057,0.42288692786070103,1,167.4320374107469,-0.0173700865670606,0.0173700865670606
0.01795,0.0026383879079796236,0.4245605761619187,1,167.36483012176805,-0.017365857697781994,0.017365857697781994
0.01796,0.0026426502434877914,0.4262335508166217,1,167.2974654702939,-0.017361612092020376,0.017361612092020376
0.01797,0.002646929301990313,0.42790585025209277,1,167.22994354710903,-0.017357349756512208,0.017357349756512208
0.017980000000000003,0.0026512250767192795,0.4295774728965242,1,167.16226444314188,-0.017353070698009686,0.017353070698009686
0.017990000000000003,0.0026555375608910683,0.43124841717901885,1,167.09442824946433,-0.01734877492328072,0.01734877492328072
0.018000000000000002,0.002659866747706365,0.4329186815295918,1,167.02643505729216,-0.01734446243910893,0.01734446243910893
0.01801,0.0026642126303501558,0.43458826437917164,1,166.95828495798418,-0.017340133252293635,0.017340133252293635
0.01802,0.0026685752019917517,0.4362571641596021,1,166.88997804304276,-0.017335787369649844,0.017335787369649844
0.01803,0.002672954455784789,0.4379253793036432,1,166.8215144041134,-0.017331424798008248,0.017331424798008248
0.01804,0.00267735038486724,0.43959290824497305,1,166.75289413298458,-0.01732704554421521,0.01732704554421521
0.01805,0.0026817629823614212,0.4412597494181889,1,166.68411732158793,-0.01732264961513276,0.01732264961513276
0.018060000000000003,0.0026861922413740106,0.4429259012588089,1,166.61518406199784,-0.01731823701763858,0.01731823701763858
0.018070000000000003,0.002690638154996045,0.44459136220327317,1,166.54609444643148,-0.01731380775862599,0.01731380775862599
0.018080000000000002,0.002695100716302935,0.44625613068894565,1,166.47684856724862,-0.017309361845003954,0.017309361845003954
0.018090000000000002,0.0026995799183544755,0.4479202051541152,1,166.40744651695155,-0.017304899283697064,0.017304899283697064
0.0181,0.0027040757541948552,0.44958358403799703,1,166.33788838818498,-0.017300420081645524,0.017300420081645524
0.01811,0.0027085882168526613,0.4512462657807344,1,166.2681742737359,-0.017295924245805144,0.017295924245805144
0.01812,0.002713117299340896,0.45290824882339975,1,166.1983042665335,-0.017291411783147338,0.017291411783147338
0.01813,0.0027176629946569766,0.45456953160799624,1,166.128278459649,-0.017286882700659104,0.017286882700659104
0.01814,0.00272222529578275,0.4562301125774592,1,166.05809694629556,-0.017282337005343023,0.017282337005343023
0.018150000000000003,0.0027268041956845053,0.4578899901756575,1,165.98775981982826,-0.01727777470421725,0.01727777470421725
0.018160000000000003,0.002731399687312979,0.45954916284739494,1,165.91726717374377,-0.017273195804315494,0.017273195804315494
0.018170000000000002,0.0027360117636033637,0.4612076290384117,1,165.84661910168046,-0.01726860031268702,0.01726860031268702
0.01818,0.0027406404174753164,0.4628653871953859,1,165.7758156974181,-0.017263988236396636,0.017263988236396636
0.01819,0.002745285641832975,0.46452243576593466,1,165.70485705487795,-0.017259359582524683,0.017259359582524683
0.0182,0.0027499474295649617,0.4661787731986159,1,165.63374326812246,-0.017254714358167025,0.017254714358167025
0.01821,0.002754625773544391,0.46783439794292947,1,165.56247443135533,-0.017250052570435038,0.017250052570435038
0.01822,0.0027593206666288858,0.4694893084493187,1,165.49105063892102,-0.01724537422645561,0.01724537422645561
0.018230000000000003,0.002764032101660578,0.47114350316917175,1,165.41947198530525,-0.017240679333371114,0.017240679333371114
0.018240000000000003,0.002768760071466126,0.4727969805548231,1,165.34773856513425,-0.01723596789833942,0.01723596789833942
0.018250000000000002,0.002773504568856721,0.47444973905955484,1,165.27585047317513,-0.017231239928533874,0.017231239928533874
0.018260000000000002,0.002778265586628098,0.4761017771375982,1,165.20380780433544,-0.01722649543114328,0.01722649543114328
0.01827,0.0027830431175605392,0.47775309324413484,1,165.13161065366333,-0.0172217344133719,0.0172217344133719
0.01828,0.0027878371544188913,0.4794036858352983,1,165.0592591163471,-0.01721695688243946,0.01721695688243946
0.01829,0.002792647689952572,0.48105355336817546,1,164.9867532877154,-0.017212162845581108,0.017212162845581108
0.0183,0.0027974747168955814,0.4827026943008078,1,164.91409326323694,-0.017207352310047427,0.017207352310047427
0.01831,0.002802318227966504,0.48435110709219303,1,164.8412791385204,-0.017202525283104418,0.017202525283104418
0.018320000000000003,0.0028071782158685275,0.4859987902022862,1,164.76831100931437,-0.017197681772033496,0.017197681772033496
0.018330000000000003,0.002812054673289449,0.4876457420920013,1,164.69518897150724,-0.017192821784131472,0.017192821784131472
0.018340000000000002,0.002816947592901682,0.48929196122321256,1,164.62191312112685,-0.01718794532671055,0.01718794532671055
0.01835,0.0028218569673622703,0.49093744605875594,1,164.54848355434078,-0.017183052407098318,0.017183052407098318
0.01836,0.0028267827893128953,0.4925821950624305,1,164.4749003674559,-0.01717814303263773,0.01717814303263773
0.01837,0.002831725051379886,0.4942262066989997,1,164.4011636569184,-0.017173217210687104,0.017173217210687104
0.01838,0.0028366837461742287,0.49586947943419285,1,164.32727351931365,-0.017168274948620114,0.017168274948620114
0.01839,0.002841658866291576,0.4975120117347065,1,164.25323005136596,-0.01716331625382577,0.01716331625382577
0.018400000000000003,0.002846650404312259,0.49915380206820587,1,164.17903334993875,-0.017158341133708423,0.017158341133708423
0.018410000000000003,0.0028516583528012908,0.5007948489033263,1,164.10468351203414,-0.01715334959568774,0.01715334959568774
0.018420000000000002,0.002856682704308388,0.5024351507096741,1,164.030180634793,-0.01714834164719871,0.01714834164719871
0.018430000000000002,0.0028617234513679665,0.5040747059578291,1,163.95552481549475,-0.017143317295691612,0.017143317295691612
0.01844,0.00286678058649916,0.5057135131193446,1,163.88071615155727,-0.017138276548632033,0.017138276548632033
0.01845,0.0028718541022058263,0.50735157066675,1,163.80575474053686,-0.01713321941350084,0.01713321941350084
0.01846,0.0028769439909765602,0.5089888770735512,1,163.73064068012798,-0.017128145897794173,0.017128145897794173
0.01847,0.002882050245284702,0.5106254308142328,1,163.65537406816313,-0.01712305600902344,0.01712305600902344
0.01848,0.0028871728575883436,0.512261230364259,1,163.579955002613,-0.017117949754715298,0.017117949754715298
0.018490000000000003,0.002892311820330346,0.5138962742000748,1,163.50438358158593,-0.017112827142411656,0.017112827142411656
0.018500000000000003,0.002897467125938336,0.5155305607991081,1,163.4286599033282,-0.017107688179669654,0.017107688179669654
0.018510000000000002,0.002902638766824734,0.5171640886397704,1,163.3527840662236,-0.017102532874061663,0.017102532874061663
0.018520000000000002,0.0029078267353867494,0.5187968562014583,1,163.27675616879355,-0.017097361233175266,0.017097361233175266
0.01853,0.0029130310240063967,0.5204288619645553,1,163.2005763096967,-0.01709217326461325,0.01709217326461325
0.01854,0.0029182516250505003,0.5220601044104326,1,163.12424458772915,-0.017086968975993603,0.017086968975993603
0.01855,0.0029234885308707164,0.5236905820214508,1,163.04776110182405,-0.0170817483749495,0.0170817483749495
0.01856,0.002928741733803526,0.5253202932809613,1,162.97112595105165,-0.017076511469129283,0.017076511469129283
0.018570000000000003,0.002934011226170259,0.5269492366733075,1,162.89433923461917,-0.017071258266196473,0.017071258266196473
0.018580000000000003,0.0029392970002770974,0.5285774106838262,1,162.8174010518704,-0.01706598877382974,0.01706598877382974
0.018590000000000002,0.002944599048415086,0.5302048137988491,1,162.7403115022861,-0.017060702999722902,0.017060702999722902
0.018600000000000002,0.0029499173628601437,0.531831444505704,1,162.66307068548343,-0.017055400951584913,0.017055400951584913
0.01861,0.0029552519358730716,0.5334573012927162,1,162.58567870121598,-0.017050082637139856,0.017050082637139856
0.01862,0.0029606027596995625,0.5350823826492099,1,162.5081356493737,-0.017044748064126928,0.017044748064126928
0.01863,0.0029659698265702165,0.5367066870655097,1,162.43044162998288,-0.017039397240300437,0.017039397240300437
0.01864,0.0029713531287005454,0.5383302130329418,1,162.35259674320565,-0.017034030173429783,0.017034030173429783
0.01865,0.0029767526582909825,0.5399529590438352,1,162.2746010893402,-0.017028646871299454,0.017028646871299454
0.018660000000000003,0.002982168407526897,0.5415749235915235,1,162.19645476882053,-0.017023247341709017,0.017023247341709017
0.018670000000000003,0.0029876003685786008,0.5431961051703457,1,162.11815788221654,-0.017017831592473102,0.017017831592473102
0.018680000000000002,0.0029930485336013583,0.544816502275648,1,162.0397105302334,-0.0170123996314214,0.0170123996314214
0.018690000000000002,0.002998512894735398,0.5464361134037852,1,161.96111281371208,-0.01700695146639864,0.01700695146639864
0.0187,0.0030039934441059178,0.5480549370521215,1,161.8823648336287,-0.017001487105264602,0.017001487105264602
0.01871,0.003009490173823108,0.5496729717190324,1,161.80346669109477,-0.016996006555894082,0.016996006555894082
0.01872,0.0030150030759821455,0.5512902159039059,1,161.72441848735673,-0.01699050982617689,0.01699050982617689
0.01873,0.0030205321426632166,0.5529066681071438,1,161.64522032379617,-0.016984996924017854,0.016984996924017854
0.018740000000000003,0.003026077365931519,0.5545223268301631,1,161.56587230192946,-0.016979467857336783,0.016979467857336783
0.018750000000000003,0.0030316387378372727,0.5561371905753972,1,161.48637452340773,-0.01697392263406848,0.01697392263406848
0.018760000000000002,0.0030372162504157347,0.5577512578462974,1,161.4067270900168,-0.016968361262162727,0.016968361262162727
0.018770000000000002,0.003042809895687208,0.5593645271473342,1,161.32693010367697,-0.016962783749584265,0.016962783749584265
0.01878,0.0030484196656570496,0.5609769969839986,1,161.24698366644293,-0.01695719010431279,0.01695719010431279
0.01879,0.0030540455523156767,0.5625886658628036,1,161.16688788050357,-0.01695158033434295,0.01695158033434295
0.0188,0.0030596875476385883,0.5641995322912855,1,161.0866428481819,-0.016945954447684323,0.016945954447684323
0.01881,0.003065345643586368,0.5658095947780049,1,161.00624867193517,-0.01694031245236141,0.01694031245236141
0.01882,0.0030710198321046945,0.5674188518325484,1,160.92570545435427,-0.01693465435641363,0.01693465435641363
0.018830000000000003,0.003076710105124349,0.56902730196553,1,160.84501329816388,-0.016928980167895305,0.016928980167895305
0.018840000000000003,0.003082416454561236,0.5706349436885922,1,160.76417230622263,-0.01692328989487565,0.01692328989487565
0.018850000000000002,0.0030881388723163787,0.5722417755144075,1,160.6831825815222,-0.016917583545438764,0.016917583545438764
0.018860000000000002,0.0030938773502759446,0.5738477959566793,1,160.60204422718814,-0.01691186112768362,0.01691186112768362
0.01887,0.003099631880311245,0.5754530035301442,1,160.520757346479,-0.016906122649724055,0.016906122649724055
0.01888,0.0031054024542787493,0.577057396750572,1,160.43932204278653,-0.016900368119688754,0.016900368119688754
0.01889,0.0031111890640200977,0.5786609741347684,1,160.3577384196356,-0.01689459754572125,0.01689459754572125
0.0189,0.0031169917013621025,0.5802637342005752,1,160.27600658068386,-0.016888810935979902,0.016888810935979902
0.018910000000000003,0.0031228103581167716,0.5818656754668724,1,160.19412662972195,-0.016883008298637897,0.016883008298637897
0.018920000000000003,0.0031286450260813057,0.5834667964535791,1,160.11209867067294,-0.016877189641883228,0.016877189641883228
0.018930000000000002,0.003134495697038122,0.585067095681655,1,160.0299228075926,-0.016871354973918694,0.016871354973918694
0.018940000000000002,0.0031403623627548538,0.5866665716731018,1,159.9475991446691,-0.016865504302961878,0.016865504302961878
0.01895,0.0031462450149843625,0.588265222950964,1,159.86512778622284,-0.016859637637245146,0.016859637637245146
0.01896,0.0031521436454647568,0.589863048039331,1,159.78250883670643,-0.016853754985015637,0.016853754985015637
0.01897,0.00315805824591939,0.5914600454633381,1,159.69974240070454,-0.016847856354535243,0.016847856354535243
0.01898,0.0031639888080568805,0.5930562137491674,1,159.61682858293375,-0.01684194175408061,0.01684194175408061
0.01899,0.0031699353235711226,0.5946515514240498,1,159.53376748824238,-0.01683601119194312,0.01683601119194312
0.019000000000000003,0.003175897784141286,0.5962460570162659,1,159.45055922161046,-0.016830064676428877,0.016830064676428877
0.019010000000000003,0.0031818761814318376,0.5978397290551474,1,159.36720388814973,-0.016824102215858713,0.016824102215858713
0.019020000000000002,0.00318787050709255,0.5994325660710784,1,159.28370159310302,-0.016818123818568162,0.016818123818568162
0.019030000000000002,0.0031938807527585036,0.6010245665954969,1,159.20005244184472,-0.01681212949290745,0.01681212949290745
0.01904,0.003199906910050113,0.6026157291608957,1,159.11625653988042,-0.016806119247241496,0.016806119247241496
0.01905,0.003205948970573121,0.6042060523008241,1,159.0323139928464,-0.016800093089949886,0.016800093089949886
0.01906,0.0032120069259186186,0.6057955345498892,1,158.9482249065104,-0.01679405102942688,0.01679405102942688
0.01907,0.0032180807676630554,0.6073841744437569,1,158.8639893867705,-0.01678799307408138,0.01678799307408138
0.019080000000000003,0.0032241704873682475,0.6089719705191535,1,158.7796075396557,-0.016781919232336944,0.016781919232336944
0.019090000000000003,0.003230276076581387,0.6105589213138668,1,158.69507947132536,-0.016775829512631752,0.016775829512631752
0.019100000000000002,0.003236397526835056,0.6121450253667475,1,158.61040528806956,-0.016769723923418613,0.016769723923418613
0.019110000000000002,0.0032425348296472338,0.6137302812177106,1,158.52558509630833,-0.016763602473164944,0.016763602473164944
0.01912,0.003248687976521311,0.6153146874077364,1,158.44061900259217,-0.016757465170352766,0.016757465170352766
0.01913,0.003254856958946099,0.6168982424788725,1,158.3555071136014,-0.01675131202347869,0.01675131202347869
0.01914,0.003261041768395842,0.6184809449742339,1,158.2702495361464,-0.0167451430410539,0.0167451430410539
0.01915,0.0032672423963302213,0.6200627934380055,1,158.18484637716716,-0.016738958231604158,0.016738958231604158
0.01916,0.003273458834194376,0.6216437864154428,1,158.09929774373367,-0.016732757603669778,0.016732757603669778
0.019170000000000003,0.0032796910734189033,0.6232239224528733,1,158.0136037430451,-0.016726541165805624,0.016726541165805624
0.019180000000000003,0.003285939105419882,0.6248032000976976,1,157.9277644824303,-0.016720308926581096,0.016720308926581096
0.019190000000000002,0.003292202921598867,0.6263816178983911,1,157.84178006934715,-0.016714060894580118,0.016714060894580118
0.019200000000000002,0.003298482513342911,0.6279591744045049,1,157.7556506113829,-0.016707797078401133,0.016707797078401133
0.01921,0.0033047778720245785,0.6295358681666674,1,157.6693762162538,-0.01670151748665709,0.01670151748665709
0.01922,0.0033110889890019457,0.6311116977365855,1,157.58295699180496,-0.01669522212797542,0.01669522212797542
0.01923,0.0033174158556186174,0.6326866616670456,1,157.49639304601024,-0.016688911010998054,0.016688911010998054
0.01924,0.003323758463203738,0.6342607585119153,1,157.40968448697222,-0.016682584144381382,0.016682584144381382
0.019250000000000003,0.003330116803071998,0.6358339868261446,1,157.32283142292195,-0.01667624153679626,0.01667624153679626
0.019260000000000003,0.003336490866523655,0.6374063451657668,1,157.23583396221903,-0.016669883196928,0.016669883196928
0.019270000000000002,0.003342880644844534,0.6389778320879003,1,157.148692213351,-0.016663509133476345,0.016663509133476345
0.019280000000000002,0.0033492861293060406,0.6405484461507496,1,157.06140628493392,-0.016657119355155466,0.016657119355155466
0.01929,0.0033557073111651755,0.6421181859136067,1,156.9739762857116,-0.01665071387069396,0.01665071387069396
0.0193,0.0033621441816645446,0.6436870499368522,1,156.88640232455583,-0.016644292688834824,0.016644292688834824
0.01931,0.003368596732032366,0.6452550367819568,1,156.7986845104662,-0.016637855818335455,0.016637855818335455
0.01932,0.00337506495348248,0.6468221450114825,1,156.71082295256977,-0.016631403267967634,0.016631403267967634
0.01933,0.0033815488372143715,0.6483883731890837,1,156.62281776012145,-0.01662493504651752,0.01662493504651752
0.019340000000000003,0.0033880483744131674,0.6499537198795088,1,156.53466904250305,-0.016618451162785628,0.016618451162785628
0.019350000000000003,0.003394563556249653,0.651518183648601,1,156.44637690922406,-0.016611951625586832,0.016611951625586832
0.019360000000000002,0.0034010943738802873,0.6530817630633002,1,156.35794146992072,-0.016605436443750347,0.016605436443750347
0.019370000000000002,0.003407640818447205,0.6546444566916438,1,156.26936283435654,-0.016598905626119712,0.016598905626119712
0.01938,0.003414202881078232,0.6562062631027681,1,156.1806411124218,-0.016592359181552795,0.016592359181552795
0.01939,0.0034207805528869003,0.6577671808669094,1,156.09177641413348,-0.016585797118921768,0.016585797118921768
0.0194,0.003427373824972455,0.6593272085554058,1,156.00276884963515,-0.0165792194471131,0.0165792194471131
0.01941,0.0034339826884198605,0.6608863447406979,1,155.9136185291969,-0.016572626175027545,0.016572626175027545
0.019420000000000003,0.003440607134299822,0.66244458799633,1,155.8243255632152,-0.01656601731158014,0.01656601731158014
0.019430000000000003,0.0034472471536687926,0.6640019368969521,1,155.7348900622126,-0.016559392865700177,0.016559392865700177
0.019440000000000002,0.0034539027375689755,0.6655583900183205,1,155.64531213683787,-0.016552752846331207,0.016552752846331207
0.019450000000000002,0.00346057387702835,0.6671139459372991,1,155.5555918978657,-0.016546097262431024,0.016546097262431024
0.01946,0.00346726056306067,0.6686686032318611,1,155.4657294561965,-0.01653942612297165,0.01653942612297165
0.01947,0.0034739627866654825,0.6702223604810896,1,155.37572492285656,-0.01653273943693933,0.01653273943693933
0.01948,0.003480680538828134,0.6717752162651796,1,155.28557840899768,-0.016526037213334517,0.016526037213334517
0.01949,0.0034874138105197875,0.6733271691654386,1,155.195290025897,-0.016519319461171866,0.016519319461171866
0.0195,0.0034941625926974305,0.6748782177642881,1,155.1048598849571,-0.016512586189480212,0.016512586189480212
0.019510000000000003,0.003500926876303884,0.6764283606452652,1,155.0142880977056,-0.01650583740730257,0.01650583740730257
0.019520000000000003,0.0035077066522678146,0.6779775963930232,1,154.92357477579526,-0.016499073123696115,0.016499073123696115
0.019530000000000002,0.0035145019115037463,0.6795259235933333,1,154.83272003100376,-0.016492293347732185,0.016492293347732185
0.019540000000000002,0.0035213126449120764,0.6810733408330857,1,154.74172397523358,-0.016485498088496253,0.016485498088496253
0.01955,0.0035281388433790776,0.6826198467002909,1,154.6505867205118,-0.016478687355087923,0.016478687355087923
0.01956,0.0035349804977769196,0.6841654397840807,1,154.55930837898998,-0.016471861156620922,0.016471861156620922
0.01957,0.003541837598963665,0.6857101186747102,1,154.46788906294424,-0.01646501950222308,0.01646501950222308
0.01958,0.0035487101377833013,0.687253881963558,1,154.37632888477484,-0.016458162401036334,0.016458162401036334
0.019590000000000003,0.003555598105065733,0.688796728243128,1,154.28462795700617,-0.016451289862216698,0.016451289862216698
0.019600000000000003,0.0035625014916268035,0.6903386561070508,1,154.1927863922867,-0.016444401894934266,0.016444401894934266
0.019610000000000002,0.0035694202882683044,0.6918796641500847,1,154.1008043033887,-0.016437498508373196,0.016437498508373196
0.019620000000000002,0.0035763544857779868,0.6934197509681168,1,154.00868180320822,-0.016430579711731695,0.016430579711731695
0.01963,0.0035833040749295676,0.6949589151581644,1,153.91641900476492,-0.016423645514222013,0.016423645514222013
0.01964,0.003590269046482751,0.6964971553183764,1,153.8240160212019,-0.016416695925070432,0.016416695925070432
0.01965,0.003597249391183231,0.6980344700480343,1,153.73147296578568,-0.01640973095351725,0.01640973095351725
0.01966,0.0036042450997627066,0.6995708579475534,1,153.6387899519059,-0.01640275060881677,0.01640275060881677
0.01967,0.003611256162938891,0.7011063176184841,1,153.54596709307532,-0.016395754900237293,0.016395754900237293
0.019680000000000003,0.0036182825714155256,0.7026408476635134,1,153.45300450292973,-0.01638874383706111,0.01638874383706111
0.019690000000000003,0.0036253243158823915,0.7041744466864657,1,153.35990229522756,-0.016381717428584474,0.016381717428584474
0.019700000000000002,0.0036323813870153153,0.7057071132923042,1,153.2666605838501,-0.016374675684117608,0.016374675684117608
0.019710000000000002,0.0036394537754761867,0.7072388460871322,1,153.17327948280118,-0.016367618612984684,0.016367618612984684
0.01972,0.0036465414719129693,0.7087696436781943,1,153.07975910620695,-0.016360546224523813,0.016360546224523813
0.01973,0.003653644466959707,0.7102995046738775,1,152.98609956831586,-0.01635345852808703,0.01635345852808703
0.01974,0.0036607627512365458,0.7118284276837125,1,152.8923009834987,-0.016346355533040292,0.016346355533040292
0.01975,0.0036678963153497285,0.7133564113183749,1,152.798363466248,-0.016339237248763454,0.016339237248763454
0.019760000000000003,0.0036750451498916243,0.7148834541896867,1,152.70428713117843,-0.01633210368465027,0.01633210368465027
0.019770000000000003,0.0036822092454407316,0.716409554910617,1,152.61007209302628,-0.016324954850108375,0.016324954850108375
0.019780000000000002,0.0036893885925616847,0.7179347120952835,1,152.51571846664945,-0.016317790754559268,0.016317790754559268
0.019790000000000002,0.0036965831818052746,0.7194589243589538,1,152.42122636702751,-0.016310611407438315,0.016310611407438315
0.0198,0.0037037930037084566,0.7209821903180463,1,152.32659590926121,-0.016303416818194725,0.016303416818194725
0.01981,0.0037110180487943565,0.722504508590132,1,152.2318272085726,-0.016296206996291543,0.016296206996291543
0.01982,0.003718258307572295,0.7240258777939351,1,152.13692038030482,-0.016288981951205643,0.016288981951205643
0.01983,0.0037255137705377887,0.7255462965493343,1,152.04187553992193,-0.016281741692427704,0.016281741692427704
0.01984,0.003732784428172562,0.7270657634773644,1,151.94669280300892,-0.01627448622946221,0.01627448622946221
0.019850000000000003,0.0037400702709445626,0.7285842772002171,1,151.85137228527134,-0.016267215571827438,0.016267215571827438
0.019860000000000003,0.0037473712893079754,0.7301018363412425,1,151.75591410253543,-0.016259929729055437,0.016259929729055437
0.019870000000000002,0.0037546874737032247,0.73161843952495,1,151.66031837074783,-0.016252628710692024,0.016252628710692024
0.019880000000000002,0.0037620188145569963,0.7331340853770097,1,151.56458520597528,-0.016245312526296775,0.016245312526296775
0.01989,0.0037693653022822403,0.7346487725242538,1,151.46871472440498,-0.016237981185443003,0.016237981185443003
0.0199,0.0037767269272781885,0.7361624995946772,1,151.3727070423439,-0.01623063469771776,0.01623063469771776
0.01991,0.0037841036799303616,0.7376752652174393,1,151.27656227621918,-0.01622327307272181,0.01622327307272181
0.01992,0.00379149555061059,0.739187068022865,1,151.18028054257744,-0.016215896320069638,0.016215896320069638
0.019930000000000003,0.003798902529677013,0.740697906642446,1,151.08386195808498,-0.01620850444938941,0.01620850444938941
0.019940000000000003,0.0038063246074741012,0.7422077797088412,1,150.9873066395278,-0.016201097470322987,0.016201097470322987
0.019950000000000002,0.0038137617743326585,0.7437166858558794,1,150.89061470381094,-0.0161936753925259,0.0161936753925259
0.019960000000000002,0.0038212140205698434,0.7452246237185589,1,150.7937862679589,-0.01618623822566734,0.01618623822566734
0.01997,0.003828681336489173,0.74673159193305,1,150.69682144911516,-0.016178785979430156,0.016178785979430156
0.01998,0.003836163712380539,0.7482375891366955,1,150.59972036454212,-0.016171318663510827,0.016171318663510827
0.01999,0.0038436611385202204,0.7497426139680117,1,150.50248313162112,-0.01616383628761946,0.01616383628761946
0.02,0.0038511736051708876,0.7512466650666902,1,150.40510986785196,-0.01615633886147978,0.01615633886147978
0.02001,0.003858701102581622,0.7527497410735988,1,150.3076006908532,-0.016148826394829112,0.016148826394829112
0.020020000000000003,0.0038662436209879287,0.7542518406307824,1,150.2099557183618,-0.016141298897418378,0.016141298897418378
0.020030000000000003,0.003873801150611744,0.7557529623814647,1,150.11217506823283,-0.01613375637901207,0.01613375637901207
0.020040000000000002,0.0038813736816614456,0.7572531049700492,1,150.0142588584396,-0.016126198849388255,0.016126198849388255
0.020050000000000002,0.0038889612043318663,0.7587522670421198,1,149.91620720707346,-0.016118626318338554,0.016118626318338554
0.02006,0.0038965637088043117,0.7602504472444432,1,149.8180202323435,-0.016111038795668133,0.016111038795668133
0.02007,0.00390418118524656,0.761747644224969,1,149.71969805257663,-0.016103436291195688,0.016103436291195688
0.02008,0.0039118136238128895,0.7632438566328311,1,149.62124078621744,-0.01609581881475344,0.01609581881475344
0.02009,0.003919461014644072,0.7647390831183494,1,149.52264855182773,-0.01608818637618711,0.01608818637618711
0.020100000000000003,0.003927123347867402,0.7662333223330302,1,149.42392146808695,-0.016080538985355927,0.016080538985355927
0.020110000000000003,0.003934800613596699,0.7677265729295681,1,149.32505965379139,-0.016072876652132598,0.016072876652132598
0.020120000000000002,0.003942492801932317,0.7692188335618467,1,149.2260632278546,-0.0160651993864033,0.0160651993864033
0.020130000000000002,0.003950199902961168,0.7707101028849398,1,149.12693230930714,-0.016057507198067682,0.016057507198067682
0.02014,0.003957921906756721,0.7722003795551128,1,149.027667017296,-0.01604980009703883,0.01604980009703883
0.02015,0.003965658803379019,0.7736896622298236,1,148.9282674710852,-0.01604207809324328,0.01604207809324328
0.02016,0.003973410582874696,0.7751779495677241,1,148.828733790055,-0.01603434119662098,0.01603434119662098
0.02017,0.0039811772352769835,0.7766652402286611,1,148.7290660937021,-0.016026589417125304,0.016026589417125304
0.02018,0.00398895875060572,0.7781515328736776,1,148.62926450163948,-0.016018822764723016,0.016018822764723016
0.020190000000000003,0.003996755118867371,0.7796368261650135,1,148.52932913359624,-0.01601104124939428,0.01601104124939428
0.020200000000000003,0.004004566330055032,0.7811211187661077,1,148.42926010941727,-0.01600324488113263,0.01600324488113263
0.020210000000000002,0.0040123923741484475,0.7826044093415984,1,148.32905754906344,-0.015995433669944967,0.015995433669944967
0.020220000000000002,0.004020233241114022,0.7840866965573244,1,148.2287215726112,-0.015987607625851552,0.015987607625851552
0.02023,0.004028088920904826,0.7855679790803269,1,148.1282523002527,-0.015979766758885978,0.015979766758885978
0.02024,0.004035959403460613,0.7870482555788499,1,148.02764985229524,-0.015971911079095173,0.015971911079095173
0.02025,0.004043844678707837,0.7885275247223416,1,147.92691434916173,-0.015964040596539386,0.015964040596539386
0.02026,0.004051744736559652,0.7900057851814555,1,147.82604591138988,-0.015956155321292163,0.015956155321292163
0.020270000000000003,0.004059659566915934,0.7914830356280518,1,147.72504465963252,-0.015948255263440347,0.015948255263440347
0.020280000000000003,0.004067589159663285,0.7929592747351983,1,147.6239107146575,-0.015940340433084066,0.015940340433084066
0.020290000000000002,0.004075533504675057,0.7944345011771718,1,147.52264419734715,-0.015932410840336714,0.015932410840336714
0.020300000000000002,0.00408349259181135,0.7959087136294588,1,147.4212452286985,-0.015924466495324942,0.015924466495324942
0.02031,0.004091466410919036,0.7973819107687571,1,147.31971392982305,-0.01591650740818865,0.01591650740818865
0.02032,0.004099454951831764,0.7988540912729766,1,147.21805042194643,-0.015908533589080964,0.015908533589080964
0.02033,0.004107458204369976,0.8003252538212406,1,147.11625482640872,-0.015900545048168235,0.015900545048168235
0.02034,0.004115476158340916,0.8017953970938873,1,147.01432726466376,-0.015892541795630023,0.015892541795630023
0.02035,0.004123508803538639,0.80326451977247,1,146.91226785827942,-0.015884523841659084,0.015884523841659084
0.020360000000000003,0.004131556129744036,0.8047326205397595,1,146.81007672893736,-0.01587649119646136,0.01587649119646136
0.020370000000000003,0.004139618126724832,0.8061996980797438,1,146.7077539984327,-0.015868443870255964,0.015868443870255964
0.020380000000000002,0.00414769478423561,0.8076657510776305,1,146.6052997886742,-0.015860381873275167,0.015860381873275167
0.020390000000000002,0.004155786092017807,0.8091307782198474,1,146.5027142216838,-0.01585230521576439,0.01585230521576439
0.0204,0.004163892039799748,0.8105947781940434,1,146.3999974195968,-0.015844213907982192,0.015844213907982192
0.02041,0.004172012617296639,0.81205774968909,1,146.2971495046614,-0.01583610796020025,0.01583610796020025
0.02042,0.004180147814210589,0.8135196913950823,1,146.1941705992389,-0.01582798738270336,0.01582798738270336
0.02043,0.0041882976202306235,0.8149806020033403,1,146.09106082580317,-0.01581985218578941,0.01581985218578941
0.020440000000000003,0.004196462025032688,0.8164404802064097,1,145.98782030694085,-0.015811702379769376,0.015811702379769376
0.020450000000000003,0.004204641018279671,0.8178993246980633,1,145.88444916535113,-0.01580353797496731,0.01580353797496731
0.020460000000000002,0.004212834589621405,0.8193571341733017,1,145.78094752384533,-0.01579535898172033,0.01579535898172033
0.020470000000000002,0.004221042728694688,0.8208139073283551,1,145.6773155053473,-0.015787165410378595,0.015787165410378595
0.02048,0.004229265425123296,0.822269642860684,1,145.57355323289278,-0.01577895727130531,0.01577895727130531
0.02049,0.004237502668517987,0.8237243394689804,1,145.46966082962945,-0.015770734574876703,0.015770734574876703
0.0205,0.00424575444847652,0.8251779958531685,1,145.36563841881687,-0.015762497331482012,0.015762497331482012
0.02051,0.004254020754583663,0.8266306107144068,1,145.26148612382627,-0.01575424555152348,0.01575424555152348
0.02052,0.004262301576411213,0.8280821827550882,1,145.15720406814032,-0.015745979245416337,0.015745979245416337
0.020530000000000003,0.004270596903518001,0.8295327106788417,1,145.0527923753531,-0.015737698423588787,0.015737698423588787
0.020540000000000003,0.004278906725449907,0.8309821931905335,1,144.94825116917002,-0.015729403096482,0.015729403096482
0.020550000000000002,0.004287231031739869,0.8324306289962675,1,144.8435805734074,-0.015721093274550093,0.015721093274550093
0.020560000000000002,0.004295569811907904,0.8338780168033875,1,144.73878071199275,-0.01571276896826013,0.01571276896826013
0.02057,0.004303923055461108,0.8353243553204771,1,144.63385170896424,-0.015704430188092096,0.015704430188092096
0.02058,0.004312290751893682,0.8367696432573618,1,144.52879368847084,-0.01569607694453889,0.01569607694453889
0.02059,0.004320672890686934,0.8382138793251095,1,144.42360677477194,-0.015687709248106318,0.015687709248106318
0.0206,0.004329069461309293,0.8396570622360319,1,144.3182910922374,-0.015679327109313065,0.015679327109313065
0.020610000000000003,0.004337480453216329,0.8410991907036853,1,144.21284676534736,-0.015670930538690706,0.015670930538690706
0.020620000000000003,0.004345905855850758,0.8425402634428723,1,144.10727391869196,-0.01566251954678367,0.01566251954678367
0.020630000000000003,0.004354345658642455,0.8439802791696419,1,144.0015726769715,-0.01565409414414924,0.01565409414414924
0.020640000000000002,0.004362799851008468,0.8454192366012919,1,143.89574316499596,-0.015645654341357545,0.015645654341357545
0.02065,0.004371268422353031,0.8468571344563688,1,143.7897855076851,-0.01563720014899153,0.01563720014899153
0.02066,0.004379751362067578,0.8482939714546694,1,143.6836998300682,-0.01562873157764697,0.01562873157764697
0.02067,0.004388248659530749,0.8497297463172423,1,143.57748625728397,-0.015620248637932422,0.015620248637932422
0.02068,0.004396760304108414,0.851164457766388,1,143.4711449145804,-0.01561175134046925,0.01561175134046925
0.02069,0.004405286285153672,0.8525981045256612,1,143.3646759273145,-0.015603239695891585,0.015603239695891585
0.020700000000000003,0.004413826592006872,0.8540306853198707,1,143.2580794209524,-0.015594713714846328,0.015594713714846328
0.020710000000000003,0.004422381213995622,0.8554621988750813,1,143.1513555210691,-0.015586173407993127,0.015586173407993127
0.020720000000000002,0.004430950140434808,0.8568926439186149,1,143.04450435334817,-0.015577618786004378,0.015577618786004378
0.020730000000000002,0.0044395333606266,0.8583220191790507,1,142.93752604358187,-0.015569049859565191,0.015569049859565191
0.02074,0.004448130863860463,0.8597503233862274,1,142.83042071767076,-0.0155604666393734,0.0155604666393734
0.02075,0.004456742639413174,0.8611775552712436,1,142.72318850162372,-0.015551869136139537,0.015551869136139537
0.02076,0.004465368676548838,0.8626037135664592,1,142.6158295215579,-0.015543257360586826,0.015543257360586826
0.02077,0.0044740089645188925,0.8640287970054962,1,142.50834390369826,-0.015534631323451162,0.015534631323451162
0.020780000000000003,0.0044826634925621235,0.8654528043232399,1,142.40073177437765,-0.015525991035481107,0.015525991035481107
0.020790000000000003,0.0044913322499046835,0.8668757342558403,1,142.29299326003675,-0.015517336507437876,0.015517336507437876
0.020800000000000003,0.00450001522576009,0.8682975855407126,1,142.1851284872236,-0.015508667750095316,0.015508667750095316
0.020810000000000002,0.004508712409329255,0.8697183569165385,1,142.0771375825939,-0.01549998477423991,0.01549998477423991
0.02082,0.004517423789800488,0.8711380471232676,1,141.9690206729105,-0.015491287590670744,0.015491287590670744
0.02083,0.004526149356349508,0.872556654902118,1,141.86077788504332,-0.015482576210199512,0.015482576210199512
0.02084,0.004534889098139465,0.8739741789955777,1,141.75240934596943,-0.015473850643650491,0.015473850643650491
0.02085,0.0045436430043209386,0.8753906181474055,1,141.64391518277267,-0.015465110901860535,0.015465110901860535
0.02086,0.004552411064031966,0.8768059711026319,1,141.53529552264362,-0.015456356995679061,0.015456356995679061
0.020870000000000003,0.00456119326639804,0.8782202366075608,1,141.42655049287941,-0.015447588935968034,0.015447588935968034
0.020880000000000003,0.004569989600532137,0.8796334134097696,1,141.3176802208836,-0.01543880673360196,0.01543880673360196
0.020890000000000002,0.004578800055534719,0.8810455002581113,1,141.208684834166,-0.015430010399467863,0.015430010399467863
0.020900000000000002,0.004587624620493748,0.8824564959027148,1,141.09956446034258,-0.01542119994446528,0.01542119994446528
0.02091,0.004596463284484697,0.8838663990949861,1,140.99031922713533,-0.015412375379506252,0.015412375379506252
0.02092,0.004605316036570574,0.8852752085876098,1,140.88094926237213,-0.015403536715515302,0.015403536715515302
0.02093,0.00461418286580192,0.8866829231345497,1,140.7714546939864,-0.015394683963429426,0.015394683963429426
0.02094,0.004623063761216832,0.8880895414910498,1,140.66183565001734,-0.01538581713419808,0.01538581713419808
0.020950000000000003,0.004631958711840969,0.8894950624136359,1,140.55209225860935,-0.015376936238783168,0.015376936238783168
0.020960000000000003,0.004640867706687572,0.8908994846601159,1,140.4422246480123,-0.01536804128815903,0.01536804128815903
0.020970000000000003,0.004649790734757467,0.8923028069895818,1,140.33223294658112,-0.015359132293312427,0.015359132293312427
0.020980000000000002,0.00465872778503909,0.8937050281624095,1,140.22211728277563,-0.015350209265242533,0.015350209265242533
0.02099,0.004667678846508492,0.8951061469402611,1,140.1118777851607,-0.01534127221496091,0.01534127221496091
0.021,0.004676643908129353,0.8965061620860852,1,140.00151458240566,-0.015332321153491507,0.015332321153491507
0.02101,0.004685622958852993,0.8979050723641181,1,139.8910278032846,-0.015323356091870646,0.015323356091870646
0.02102,0.004694615987618392,0.8993028765398848,1,139.78041757667592,-0.015314377041147006,0.015314377041147006
0.02103,0.004703622983352195,0.9006995733802005,1,139.66968403156227,-0.015305384012381608,0.015305384012381608
0.021040000000000003,0.004712643934968726,0.9020951616531707,1,139.55882729703046,-0.015296377016647805,0.015296377016647805
0.021050000000000003,0.004721678831370007,0.9034896401281934,1,139.44784750227137,-0.015287356065031274,0.015287356065031274
0.021060000000000002,0.004730727661445766,0.9048830075759592,1,139.33674477657948,-0.015278321168629993,0.015278321168629993
0.021070000000000002,0.004739790414073449,0.9062752627684527,1,139.2255192493532,-0.015269272338554234,0.015269272338554234
0.02108,0.004748867078118237,0.9076664044789536,1,139.11417105009434,-0.01526020958592655,0.01526020958592655
0.02109,0.004757957642433057,0.9090564314820377,1,139.00270030840815,-0.015251132921881762,0.015251132921881762
0.0211,0.0047670620958585935,0.9104453425535778,1,138.89110715400312,-0.015242042357566942,0.015242042357566942
0.02111,0.004776180427223302,0.9118331364707447,1,138.77939171669087,-0.015232937904141406,0.015232937904141406
0.021120000000000003,0.004785312625343422,0.9132198120120085,1,138.66755412638594,-0.015223819572776697,0.015223819572776697
0.021130000000000003,0.004794458679022995,0.9146053679571395,1,138.55559451310577,-0.015214687374656578,0.015214687374656578
0.021140000000000003,0.004803618577053868,0.9159898030872092,1,138.4435130069704,-0.015205541320977005,0.015205541320977005
0.021150000000000002,0.004812792308215716,0.9173731161845913,1,138.3313097382024,-0.015196381422946131,0.015196381422946131
0.02116,0.004821979861276047,0.9187553060329625,1,138.21898483712684,-0.015187207691784284,0.015187207691784284
0.02117,0.00483118122499022,0.9201363714173042,1,138.1065384341708,-0.015178020138723953,0.015178020138723953
0.02118,0.00484039638810146,0.9215163111239029,1,137.9939706598636,-0.01516881877500978,0.01516881877500978
0.02119,0.004849625339340863,0.9228951239403512,1,137.88128164483663,-0.01515960361189854,0.01515960361189854
0.0212,0.004858868067427419,0.9242728086555495,1,137.7684715198228,-0.015150374660659136,0.015150374660659136
0.021210000000000003,0.0048681245610680155,0.9256493640597061,1,137.65554041565682,-0.01514113193257258,0.01514113193257258
0.021220000000000003,0.004877394808957459,0.9270247889443388,1,137.54248846327496,-0.015131875438931984,0.015131875438931984
0.021230000000000002,0.004886678799778481,0.928399082102276,1,137.4293157937147,-0.01512260519104254,0.01512260519104254
0.021240000000000002,0.0048959765222017565,0.9297722423276571,1,137.31602253811488,-0.015113321200221519,0.015113321200221519
0.02125,0.004905287964885915,0.9311442684159342,1,137.20260882771532,-0.015104023477798243,0.015104023477798243
0.02126,0.004914613116477554,0.9325151591638728,1,137.08907479385675,-0.015094712035114085,0.015094712035114085
0.02127,0.004923951965611249,0.9338849133695527,1,136.97542056798085,-0.015085386883522445,0.015085386883522445
0.02128,0.004933304500909573,0.935253529832369,1,136.86164628162965,-0.01507604803438875,0.01507604803438875
0.021290000000000003,0.0049426707109831046,0.9366210073530334,1,136.7477520664459,-0.015066695499090427,0.015066695499090427
0.021300000000000003,0.00495205058443044,0.9379873447335751,1,136.6337380541726,-0.015057329289016895,0.015057329289016895
0.021310000000000003,0.004961444109838213,0.9393525407773416,1,136.5196043766529,-0.01504794941556956,0.01504794941556956
0.021320000000000002,0.004970851275781104,0.9407165942889999,1,136.40535116583,-0.015038555890161787,0.015038555890161787
0.021330000000000002,0.004980272070821848,0.9420795040745373,1,136.29097855374715,-0.015029148724218896,0.015029148724218896
0.02134,0.004989706483511261,0.9434412689412628,1,136.17648667254713,-0.015019727929178151,0.015019727929178151
0.02135,0.00499915450238824,0.9448018876978075,1,136.06187565447246,-0.015010293516488738,0.015010293516488738
0.02136,0.005008616115979781,0.9461613591541261,1,135.947145631865,-0.01500084549761176,0.01500084549761176
0.02137,0.005018091312800995,0.9475196821214978,1,135.8322967371661,-0.014991383884020219,0.014991383884020219
0.021380000000000003,0.00502758008135512,0.948876855412527,1,135.71732910291615,-0.014981908687199005,0.014981908687199005
0.021390000000000003,0.005037082410133532,0.9502328778411445,1,135.6022428617545,-0.01497241991864488,0.01497241991864488
0.021400000000000002,0.0050465982876157596,0.9515877482226087,1,135.4870381464195,-0.014962917589866467,0.014962917589866467
0.021410000000000002,0.005056127702269496,0.9529414653735062,1,135.37171508974805,-0.01495340171238424,0.01495340171238424
0.02142,0.005065670642550614,0.954294028111753,1,135.25627382467584,-0.014943872297730504,0.014943872297730504
0.02143,0.005075227096903181,0.9556454352565954,1,135.14071448423687,-0.014934329357449386,0.014934329357449386
0.02144,0.005084797053759467,0.956995685628611,1,135.02503720156335,-0.014924772903096819,0.014924772903096819
0.02145,0.005094380501539964,0.9583447780497099,1,134.90924210988572,-0.014915202946240533,0.014915202946240533
0.021460000000000003,0.005103977428653396,0.9596927113431352,1,134.79332934253236,-0.014905619498460036,0.014905619498460036
0.021470000000000003,0.005113587823496731,0.9610394843334644,1,134.67729903292948,-0.014896022571346604,0.014896022571346604
0.021480000000000003,0.005123211674455198,0.9623850958466105,1,134.56115131460098,-0.014886412176503269,0.014886412176503269
0.021490000000000002,0.005132848969902295,0.9637295447098222,1,134.44488632116833,-0.014876788325544801,0.014876788325544801
0.021500000000000002,0.005142499698199811,0.9650728297516857,1,134.32850418635033,-0.014867151030097704,0.014867151030097704
0.02151,0.0051521638476978325,0.9664149498021254,1,134.21200504396307,-0.014857500301800188,0.014857500301800188
0.02152,0.0051618414067347565,0.9677559036924046,1,134.09538902791968,-0.014847836152302167,0.014847836152302167
0.02153,0.005171532363637306,0.9690956902551269,1,133.97865627223027,-0.014838158593265243,0.014838158593265243
0.02154,0.005181236706720548,0.9704343083242369,1,133.86180691100174,-0.014828467636362693,0.014828467636362693
0.021550000000000003,0.005190954424287897,0.9717717567350214,1,133.74484107843764,-0.014818763293279451,0.014818763293279451
0.021560000000000003,0.005200685504631138,0.9731080343241097,1,133.62775890883805,-0.014809045575712103,0.014809045575712103
0.021570000000000002,0.005210429936030432,0.9744431399294757,1,133.5105605365993,-0.014799314495368861,0.014799314495368861
0.021580000000000002,0.005220187706754336,0.9757770723904379,1,133.393246096214,-0.014789570063969568,0.014789570063969568
0.02159,0.005229958805059813,0.9771098305476605,1,133.27581572227075,-0.014779812293245664,0.014779812293245664
0.0216,0.005239743219192245,0.978441413243155,1,133.15826954945422,-0.014770041194940187,0.014770041194940187
0.02161,0.005249540937385447,0.9797718193202805,1,133.0406077125446,-0.014760256780807755,0.014760256780807755
0.02162,0.005259351947861683,0.9811010476237446,1,132.92283034641787,-0.014750459062614553,0.014750459062614553
0.021630000000000003,0.00526917623883168,0.9824290969996051,1,132.80493758604533,-0.014740648052138317,0.014740648052138317
0.021640000000000003,0.005279013798494633,0.9837559662952701,1,132.6869295664937,-0.01473082376116832,0.01473082376116832
0.021650000000000003,0.005288864615038229,0.9850816543594993,1,132.5688064229248,-0.014720986201505366,0.014720986201505366
0.021660000000000002,0.005298728676638653,0.9864061600424053,1,132.4505682905954,-0.014711135384961771,0.014711135384961771
0.021670000000000002,0.0053086059714606065,0.9877294821954539,1,132.33221530485733,-0.014701271323361347,0.014701271323361347
0.02168,0.005318496487657322,0.9890516196714655,1,132.21374760115685,-0.014691394028539393,0.014691394028539393
0.02169,0.005328400213370567,0.9903725713246159,1,132.09516531503496,-0.014681503512342677,0.014681503512342677
0.0217,0.005338317136730673,0.9916923360104372,1,131.97646858212715,-0.014671599786629432,0.014671599786629432
0.02171,0.005348247245856533,0.9930109125858188,1,131.8576575381629,-0.014661682863269326,0.014661682863269326
0.021720000000000003,0.005358190528855624,0.9943282999090084,1,131.73873231896602,-0.014651752754143467,0.014651752754143467
0.021730000000000003,0.005368146973824021,0.995644496839613,1,131.61969306045415,-0.014641809471144376,0.014641809471144376
0.021740000000000002,0.005378116568846407,0.9969595022385994,1,131.50053989863895,-0.014631853026175978,0.014631853026175978
0.021750000000000002,0.005388099301996091,0.9982733149682956,1,131.38127296962546,-0.014621883431153592,0.014621883431153592
0.02176,0.005398095161335014,0.9995859338923918,1,131.26189240961247,-0.014611900698003909,0.014611900698003909
0.02177,0.005408104134913774,1.0008973578759408,1,131.14239835489195,-0.014601904838664985,0.014601904838664985
0.02178,0.005418126210771627,1.0022075857853594,1,131.02279094184917,-0.014591895865086225,0.014591895865086225
0.02179,0.0054281613769365114,1.003516616488429,1,130.90307030696252,-0.014581873789228372,0.014581873789228372
0.021800000000000003,0.005438209621425054,1.004824448854297,1,130.78323658680313,-0.014571838623063488,0.014571838623063488
0.021810000000000003,0.005448270932242589,1.0061310817534774,1,130.66328991803508,-0.014561790378574946,0.014561790378574946
0.021820000000000003,0.0054583452973831674,1.0074365140578516,1,130.54323043741488,-0.01455172906775741,0.01455172906775741
0.021830000000000002,0.0054684327048295745,1.0087407446406695,1,130.42305828179167,-0.014541654702616832,0.014541654702616832
0.021840000000000002,0.0054785331425533405,1.0100437723765505,1,130.30277358810676,-0.014531567295170425,0.014531567295170425
0.02185,0.005488646598514756,1.0113455961414846,1,130.18237649339366,-0.014521466857446659,0.014521466857446659
0.02186,0.005498773060662884,1.0126462148128323,1,130.06186713477797,-0.014511353401485244,0.014511353401485244
0.02187,0.005508912516935576,1.013945627269327,1,129.94124564947703,-0.014501226939337116,0.014501226939337116
0.02188,0.005519064955259488,1.015243832391075,1,129.8205121747999,-0.014491087483064423,0.014491087483064423
0.021890000000000003,0.005529230363550083,1.0165408290595566,1,129.69966684814727,-0.014480935044740512,0.014480935044740512
0.021900000000000003,0.005539408729711659,1.0178366161576267,1,129.5787098070112,-0.014470769636449917,0.014470769636449917
0.021910000000000002,0.005549600041637354,1.0191311925695163,1,129.45764118897495,-0.01446059127028834,0.01446059127028834
0.021920000000000002,0.005559804287209163,1.0204245571808335,1,129.3364611317129,-0.014450399958362645,0.014450399958362645
0.02193,0.005570021454297949,1.0217167088785635,1,129.21516977299044,-0.014440195712790836,0.014440195712790836
0.02194,0.00558025153076346,1.02300764655107,1,129.0937672506637,-0.01442997854570205,0.01442997854570205
0.02195,0.00559049450445434,1.0242973690880968,1,128.97225370267952,-0.01441974846923654,0.01441974846923654
0.02196,0.005600750363208148,1.0255858753807676,1,128.8506292670751,-0.01440950549554566,0.01440950549554566
0.021970000000000003,0.005611019094851364,1.0268731643215874,1,128.72889408197813,-0.014399249636791851,0.014399249636791851
0.021980000000000003,0.005621300687199409,1.0281592348044435,1,128.60704828560645,-0.014388980905148636,0.014388980905148636
0.021990000000000003,0.005631595128056654,1.029444085724606,1,128.48509201626786,-0.014378699312800591,0.014378699312800591
0.022000000000000002,0.005641902405216442,1.0307277159787298,1,128.36302541236017,-0.014368404871943345,0.014368404871943345
0.022010000000000002,0.005652222506461091,1.0320101244648534,1,128.24084861237083,-0.014358097594783558,0.014358097594783558
0.02202,0.005662555419561915,1.0332913100824022,1,128.118561754877,-0.014347777493538908,0.014347777493538908
0.02203,0.005672901132279236,1.0345712717321875,1,127.99616497854505,-0.014337444580438084,0.014337444580438084
0.02204,0.005683259632362401,1.0358500083164088,1,127.87365842213089,-0.014327098867720763,0.014327098867720763
0.02205,0.005693630907549788,1.0371275187386537,1,127.75104222447936,-0.014316740367637599,0.014316740367637599
0.022060000000000003,0.0057040149455688275,1.038403801903899,1,127.62831652452445,-0.014306369092450212,0.014306369092450212
0.022070000000000003,0.005714411734136012,1.039678856718512,1,127.50548146128878,-0.014295985054431172,0.014295985054431172
0.022080000000000002,0.005724821260956915,1.0409526820902508,1,127.38253717388385,-0.014285588265863987,0.014285588265863987
0.022090000000000002,0.005735243513726197,1.0422252769282658,1,127.25948380150952,-0.014275178739043085,0.014275178739043085
0.0221,0.005745678480127628,1.0434966401431003,1,127.13632148345403,-0.014264756486273802,0.014264756486273802
0.02211,0.005756126147834095,1.0447667706466912,1,127.01305035909394,-0.014254321519872371,0.014254321519872371
0.02212,0.0057665865045076195,1.04603566735237,1,126.88967056789382,-0.014243873852165904,0.014243873852165904
0.02213,0.005777059537799368,1.0473033291748641,1,126.76618224940609,-0.01423341349549238,0.01423341349549238
0.022140000000000003,0.005787545235349671,1.0485697550302968,1,126.64258554327101,-0.014222940462200632,0.014222940462200632
0.022150000000000003,0.005798043584788032,1.049834943836189,1,126.51888058921644,-0.014212454764650329,0.014212454764650329
0.022160000000000003,0.005808554573733147,1.0510988945114594,1,126.3950675270576,-0.014201956415211967,0.014201956415211967
0.022170000000000002,0.0058190781897929115,1.0523616059764265,1,126.27114649669716,-0.014191445426266852,0.014191445426266852
0.022180000000000002,0.00582961442056444,1.0536230771528077,1,126.1471176381248,-0.014180921810207088,0.014180921810207088
0.02219,0.005840163253634077,1.0548833069637218,1,126.0229810914173,-0.01417038557943556,0.01417038557943556
0.0222,0.005850724676577415,1.0561422943336891,1,125.89873699673817,-0.014159836746365922,0.014159836746365922
0.02221,0.005861298676959301,1.0574000381886326,1,125.77438549433771,-0.014149275323422585,0.014149275323422585
0.02222,0.005871885242333861,1.058656537455878,1,125.6499267245527,-0.014138701323040698,0.014138701323040698
0.022230000000000003,0.005882484360244502,1.0599117910641562,1,125.52536082780628,-0.014128114757666139,0.014128114757666139
0.022240000000000003,0.0058930960182239376,1.0611657979436022,1,125.40068794460792,-0.014117515639755497,0.014117515639755497
0.022250000000000002,0.005903720203794195,1.0624185570257578,1,125.27590821555309,-0.014106903981776062,0.014106903981776062
0.022260000000000002,0.005914356904466632,1.063670067243571,1,125.1510217813231,-0.014096279796205804,0.014096279796205804
0.02227,0.0059250061077419465,1.0649203275313979,1,125.02602878268522,-0.014085643095533368,0.014085643095533368
0.02228,0.005935667801110197,1.0661693368250027,1,124.90092936049214,-0.014074993892258053,0.014074993892258053
0.02229,0.005946341972050813,1.0674170940615595,1,124.77572365568214,-0.014064332198889803,0.014064332198889803
0.0223,0.005957028608032609,1.0686635981796522,1,124.6504118092788,-0.014053658027949186,0.014053658027949186
0.022310000000000003,0.005967727696513801,1.069908848119276,1,124.52499396239077,-0.01404297139196739,0.01404297139196739
0.022320000000000003,0.005978439224942019,1.0711528428218382,1,124.39947025621179,-0.014032272303486198,0.014032272303486198
0.022330000000000003,0.005989163180754321,1.0723955812301584,1,124.27384083202037,-0.01402156077505798,0.01402156077505798
0.022340000000000002,0.005999899551377205,1.0736370622884703,1,124.14810583117979,-0.014010836819245679,0.014010836819245679
0.022350000000000002,0.006010648324226629,1.0748772849424217,1,124.02226539513778,-0.014000100448622795,0.014000100448622795
0.02236,0.00602140948670802,1.076116248139076,1,123.89631966542655,-0.01398935167577337,0.01398935167577337
0.02237,0.006032183026216289,1.0773539508269125,1,123.77026878366242,-0.01397859051329198,0.01397859051329198
0.02238,0.006042968930135847,1.078590391955828,1,123.6441128915459,-0.013967816973783711,0.013967816973783711
0.02239,0.006053767185840618,1.0798255704771367,1,123.51785213086139,-0.013957031069864153,0.013957031069864153
0.022400000000000003,0.0060645777806940535,1.0810594853435715,1,123.39148664347702,-0.013946232814159382,0.013946232814159382
0.022410000000000003,0.006075400702049147,1.082292135509285,1,123.26501657134455,-0.013935422219305946,0.013935422219305946
0.022420000000000002,0.006086235937248445,1.0835235199298499,1,123.13844205649922,-0.013924599297950853,0.013924599297950853
0.022430000000000002,0.006097083473624068,1.0847536375622604,1,123.01176324105954,-0.013913764062751554,0.013913764062751554
0.02244,0.006107943298497716,1.0859824873649326,1,122.88498026722722,-0.013902916526375932,0.013902916526375932
0.02245,0.006118815399180694,1.0872100682977055,1,122.75809327728689,-0.013892056701502283,0.013892056701502283
0.02246,0.006129699762973913,1.0884363793218415,1,122.63110241360609,-0.013881184600819305,0.013881184600819305
0.02247,0.006140596377167914,1.0896614194000278,1,122.50400781863497,-0.013870300237026087,0.013870300237026087
0.022480000000000003,0.006151505229042877,1.090885187496377,1,122.37680963490632,-0.013859403622832086,0.013859403622832086
0.022490000000000003,0.006162426305868642,1.0921076825764273,1,122.24950800503525,-0.013848494770957122,0.013848494770957122
0.022500000000000003,0.006173359594904715,1.0933289036071445,1,122.12210307171905,-0.013837573694131357,0.013837573694131357
0.022510000000000002,0.006184305083400283,1.094548849556922,1,121.99459497773708,-0.013826640405095285,0.013826640405095285
0.022520000000000002,0.006195262758594239,1.0957675193955816,1,121.86698386595074,-0.013815694916599716,0.013815694916599716
0.02253,0.006206232607715182,1.0969849120943747,1,121.73926987930302,-0.013804737241405761,0.013804737241405761
0.02254,0.006217214617981442,1.0982010266259827,1,121.61145316081857,-0.013793767392284818,0.013793767392284818
0.02255,0.006228208776601087,1.0994158619645187,1,121.48353385360352,-0.013782785382018558,0.013782785382018558
0.02256,0.006239215070771942,1.100629417085527,1,121.35551210084526,-0.013771791223398912,0.013771791223398912
0.022570000000000003,0.006250233487681602,1.1018416909659852,1,121.22738804581232,-0.013760784929228057,0.013760784929228057
0.022580000000000003,0.0062612640145074455,1.1030526825843037,1,121.09916183185425,-0.013749766512318398,0.013749766512318398
0.022590000000000002,0.006272306638416649,1.1042623909203277,1,120.97083360240129,-0.013738735985492554,0.013738735985492554
0.022600000000000002,0.006283361346566201,1.1054708149553374,1,120.84240350096454,-0.013727693361583351,0.013727693361583351
0.02261,0.006294428126102922,1.1066779536720488,1,120.71387167113546,-0.013716638653433798,0.013716638653433798
0.02262,0.006305506964163468,1.1078838060546146,1,120.58523825658595,-0.013705571873897078,0.013705571873897078
0.02263,0.006316597847874353,1.1090883710886252,1,120.45650340106808,-0.013694493035836532,0.013694493035836532
0.02264,0.006327700764351965,1.1102916477611093,1,120.327667248414,-0.013683402152125646,0.013683402152125646
0.022650000000000003,0.006338815700702571,1.1114936350605347,1,120.19872994253566,-0.013672299235648035,0.013672299235648035
0.022660000000000003,0.006349942644022339,1.112694331976809,1,120.06969162742487,-0.013661184299297429,0.013661184299297429
0.022670000000000003,0.006361081581397352,1.1138937375012805,1,119.94055244715295,-0.01365005735597766,0.01365005735597766
0.022680000000000002,0.00637223249990362,1.1150918506267393,1,119.81131254587063,-0.013638918418602647,0.013638918418602647
0.022690000000000002,0.0063833953866070945,1.1162886703474173,1,119.68197206780802,-0.01362776750009638,0.01362776750009638
0.0227,0.006394570228563685,1.11748419565899,1,119.55253115727409,-0.013616604613392905,0.013616604613392905
0.02271,0.006405757012819271,1.1186784255585767,1,119.42298995865706,-0.013605429771436315,0.013605429771436315
0.02272,0.006416955726409718,1.1198713590447409,1,119.29334861642376,-0.013594242987180729,0.013594242987180729
0.02273,0.006428166356360894,1.1210629951174922,1,119.16360727511973,-0.013583044273590281,0.013583044273590281
0.022740000000000003,0.006439388889688677,1.122253332778286,1,119.03376607936896,-0.013571833643639106,0.013571833643639106
0.022750000000000003,0.006450623313398977,1.1234423710300248,1,118.90382517387384,-0.013560611110311323,0.013560611110311323
0.022760000000000002,0.006461869614487748,1.124630108877059,1,118.7737847034149,-0.013549376686601023,0.013549376686601023
0.022770000000000002,0.006473127779941,1.1258165453251874,1,118.64364481285062,-0.013538130385512251,0.013538130385512251
0.02278,0.006484397796734817,1.1270016793816586,1,118.51340564711744,-0.013526872220059,0.013526872220059
0.02279,0.0064956796518353685,1.128185510055171,1,118.38306735122946,-0.013515602203265182,0.013515602203265182
0.0228,0.0065069733321989265,1.1293680363558738,1,118.25263007027827,-0.013504320348164631,0.013504320348164631
0.02281,0.006518278824771881,1.1305492572953681,1,118.12209394943305,-0.013493026667801073,0.013493026667801073
0.022820000000000003,0.006529596116490747,1.1317291718867075,1,117.99145913393995,-0.013481721175228119,0.013481721175228119
0.022830000000000003,0.006540925194282191,1.1329077791443987,1,117.86072576912234,-0.013470403883509252,0.013470403883509252
0.022840000000000003,0.006552266045063035,1.1340850780844025,1,117.72989400038055,-0.013459074805717808,0.013459074805717808
0.022850000000000002,0.006563618655740276,1.1352610677241344,1,117.59896397319159,-0.013447733954936964,0.013447733954936964
0.022860000000000002,0.006574983013211101,1.1364357470824655,1,117.46793583310911,-0.013436381344259724,0.013436381344259724
0.02287,0.006586359104362898,1.1376091151797232,1,117.33680972576319,-0.013425016986788899,0.013425016986788899
0.02288,0.006597746916073275,1.1387811710376918,1,117.20558579686025,-0.013413640895637102,0.013413640895637102
0.02289,0.006609146435210072,1.1399519136796137,1,117.07426419218282,-0.013402253083926724,0.013402253083926724
0.0229,0.006620557648631374,1.1411213421301896,1,116.94284505758935,-0.013390853564789928,0.013390853564789928
0.022910000000000003,0.0066319805431855295,1.1422894554155798,1,116.81132853901426,-0.013379442351368625,0.013379442351368625
0.022920000000000003,0.006643415105711164,1.1434562525634044,1,116.67971478246746,-0.01336801945681447,0.01336801945681447
0.022930000000000002,0.006654861323037191,1.1446217326027448,1,116.54800393403453,-0.013356584894288835,0.013356584894288835
0.022940000000000002,0.006666319181982833,1.1457858945641435,1,116.41619613987626,-0.013345138676962808,0.013345138676962808
0.02295,0.00667778866935763,1.1469487374796057,1,116.2842915462287,-0.013333680818017167,0.013333680818017167
0.02296,0.006689269771961455,1.1481102603825997,1,116.15229029940295,-0.01332221133064237,0.01332221133064237
0.02297,0.006700762476584536,1.1492704623080576,1,116.020192545785,-0.013310730228038544,0.013310730228038544
0.02298,0.006712266770007459,1.150429342292376,1,115.88799843183546,-0.013299237523415464,0.013299237523415464
0.022990000000000003,0.006723782639001194,1.1515868993734169,1,115.75570810408962,-0.01328773322999254,0.01328773322999254
0.023000000000000003,0.006735310070327099,1.1527431325905084,1,115.62332170915708,-0.013276217360998805,0.013276217360998805
0.023010000000000003,0.0067468490507369425,1.1538980409844457,1,115.49083939372179,-0.0132646899296729,0.0132646899296729
0.023020000000000002,0.006758399566972917,1.155051623597491,1,115.3582613045417,-0.013253150949263057,0.013253150949263057
0.023030000000000002,0.006769961605767652,1.1562038794733756,1,115.22558758844875,-0.013241600433027082,0.013241600433027082
0.02304,0.006781535153844225,1.157354807657299,1,115.09281839234859,-0.013230038394232348,0.013230038394232348
0.02305,0.006793120197916184,1.1585044071959312,1,114.95995386322056,-0.013218464846155775,0.013218464846155775
0.02306,0.006804716724687558,1.1596526771374123,1,114.82699414811741,-0.013206879802083816,0.013206879802083816
0.02307,0.006816324720852872,1.1607996165313539,1,114.69393939416524,-0.013195283275312442,0.013195283275312442
0.023080000000000003,0.00682794417309716,1.1619452244288395,1,114.56078974856322,-0.013183675279147128,0.013183675279147128
0.023090000000000003,0.006839575068095983,1.1630894998824253,1,114.42754535858353,-0.01317205582690284,0.01317205582690284
0.023100000000000002,0.006851217392515444,1.164232441946141,1,114.29420637157124,-0.013160424931904016,0.013160424931904016
0.023110000000000002,0.006862871133012199,1.1653740496754903,1,114.16077293494399,-0.013148782607484555,0.013148782607484555
0.02312,0.006874536276233473,1.1665143221274523,1,114.02724519619196,-0.0131371288669878,0.0131371288669878
0.02313,0.006886212808817078,1.167653258360481,1,113.89362330287776,-0.013125463723766526,0.013125463723766526
0.02314,0.006897900717391423,1.1687908574345074,1,113.75990740263612,-0.013113787191182922,0.013113787191182922
0.02315,0.006909599988575532,1.1699271184109392,1,113.62609764317372,-0.013102099282608576,0.013102099282608576
0.023160000000000004,0.006921310608979059,1.171062040352662,1,113.49219417226934,-0.013090400011424468,0.013090400011424468
0.023170000000000003,0.0069330325652022995,1.1721956223240397,1,113.35819713777326,-0.01307868939102094,0.01307868939102094
0.023180000000000003,0.006944765843836209,1.1733278633909159,1,113.22410668760746,-0.0130669674347977,0.0130669674347977
0.023190000000000002,0.006956510431462414,1.1744587626206135,1,113.08992296976525,-0.01305523415616379,0.01305523415616379
0.023200000000000002,0.006968266314653234,1.1755883190819367,1,112.95564613231122,-0.013043489568537585,0.013043489568537585
0.02321,0.006980033479971685,1.1767165318451704,1,112.821276323381,-0.013031733685346766,0.013031733685346766
0.02322,0.006991811913971506,1.1778433999820823,1,112.68681369118116,-0.013019966520028315,0.013019966520028315
0.02323,0.007003601603197165,1.1789689225659221,1,112.55225838398907,-0.013008188086028494,0.013008188086028494
0.02324,0.007015402534183879,1.1800930986714235,1,112.41761055015267,-0.012996398396802835,0.012996398396802835
0.023250000000000003,0.007027214693457628,1.1812159273748044,1,112.28287033809039,-0.01298459746581612,0.01298459746581612
0.023260000000000003,0.007039038067535165,1.1823374077537674,1,112.14803789629083,-0.012972785306542372,0.012972785306542372
0.023270000000000002,0.007050872642924039,1.1834575388875006,1,112.01311337331295,-0.012960961932464835,0.012960961932464835
0.023280000000000002,0.007062718406122606,1.1845763198566786,1,111.87809691778544,-0.01294912735707596,0.01294912735707596
0.02329,0.007074575343620041,1.1856937497434625,1,111.74298867840693,-0.012937281593877394,0.012937281593877394
0.0233,0.007086443441896357,1.186809827631502,1,111.60778880394565,-0.012925424656379959,0.012925424656379959
0.02331,0.007098322687422416,1.1879245526059343,1,111.4724974432394,-0.012913556558103643,0.012913556558103643
0.02332,0.00711021306665995,1.1890379237533863,1,111.33711474519527,-0.012901677312577584,0.012901677312577584
0.023330000000000004,0.007122114566061569,1.1901499401619742,1,111.20164085878952,-0.01288978693334005,0.01288978693334005
0.023340000000000003,0.0071340271720707815,1.191260600921305,1,111.06607593306741,-0.01287788543393843,0.01287788543393843
0.023350000000000003,0.007145950871122007,1.1923699051224763,1,110.93042011714303,-0.012865972827929218,0.012865972827929218
0.023360000000000002,0.007157885649640588,1.1934778518580782,1,110.79467356019929,-0.012854049128877993,0.012854049128877993
0.023370000000000002,0.007169831494042809,1.194584440222193,1,110.65883641148754,-0.012842114350359412,0.012842114350359412
0.02338,0.007181788390735913,1.1956896693103962,1,110.52290882032753,-0.01283016850595719,0.01283016850595719
0.02339,0.00719375632611811,1.1967935382197572,1,110.3868909361072,-0.012818211609264087,0.012818211609264087
0.0234,0.007205735286578598,1.19789604604884,1,110.25078290828264,-0.01280624367388189,0.01280624367388189
0.02341,0.007217725258497574,1.1989971918977036,1,110.11458488637774,-0.012794264713421401,0.012794264713421401
0.023420000000000003,0.007229726228246253,1.2000969748679033,1,109.97829701998417,-0.012782274741502425,0.012782274741502425
0.023430000000000003,0.007241738182186879,1.2011953940624909,1,109.84191945876121,-0.012770273771753746,0.012770273771753746
0.023440000000000003,0.007253761106672738,1.2022924485860151,1,109.7054523524355,-0.012758261817813121,0.012758261817813121
0.023450000000000002,0.007265794988048183,1.2033881375445232,1,109.56889585080101,-0.012746238893327261,0.012746238893327261
0.02346,0.007277839812648638,1.2044824600455604,1,109.43225010371879,-0.012734205011951816,0.012734205011951816
0.02347,0.0072898955668006206,1.2055754151981715,1,109.29551526111678,-0.012722160187351362,0.012722160187351362
0.02348,0.007301962236821749,1.2066670021129013,1,109.1586914729897,-0.012710104433199379,0.012710104433199379
0.02349,0.0073140398090207675,1.2077572199017954,1,109.02177888939906,-0.01269803776317825,0.01269803776317825
0.023500000000000004,0.007326128269697551,1.2088460676784,1,108.8847776604726,-0.012685960190979232,0.012685960190979232
0.023510000000000003,0.007338227605143128,1.2099335445577641,1,108.74768793640452,-0.012673871730302448,0.012673871730302448
0.023520000000000003,0.007350337801639693,1.2110196496564387,1,108.61050986745506,-0.012661772394856871,0.012661772394856871
0.023530000000000002,0.007362458845460618,1.2121043820924782,1,108.47324360395055,-0.012649662198360306,0.012649662198360306
0.023540000000000002,0.007374590722870473,1.213187740985441,1,108.33588929628306,-0.012637541154539382,0.012637541154539382
0.02355,0.0073867334201250376,1.2142697254563901,1,108.19844709491032,-0.012625409277129527,0.012625409277129527
0.02356,0.007398886923471316,1.2153503346278938,1,108.06091715035565,-0.012613266579874962,0.012613266579874962
0.02357,0.007411051219147557,1.2164295676240258,1,107.9232996132076,-0.012601113076528683,0.012601113076528683
0.02358,0.007423226293383261,1.217507423570367,1,107.78559463411993,-0.012588948780852443,0.012588948780852443
0.023590000000000003,0.007435412132399201,1.218583901594005,1,107.64780236381152,-0.012576773706616739,0.012576773706616739
0.023600000000000003,0.0074476087224074365,1.2196590008235357,1,107.50992295306594,-0.012564587867600799,0.012564587867600799
0.023610000000000003,0.007459816049611327,1.220732720389063,1,107.37195655273156,-0.012552391277592563,0.012552391277592563
0.023620000000000002,0.00747203410020555,1.2218050594222003,1,107.23390331372134,-0.012540183950388672,0.012540183950388672
0.02363,0.007484262860376112,1.2228760170560704,1,107.09576338701248,-0.01252796589979445,0.01252796589979445
0.02364,0.007496502316300366,1.2239455924253069,1,106.95753692364656,-0.012515737139623888,0.012515737139623888
0.02365,0.007508752454147027,1.2250137846660543,1,106.81922407472902,-0.012503497683699634,0.012503497683699634
0.02366,0.007521013260076187,1.2260805929159686,1,106.68082499142943,-0.012491247545852973,0.012491247545852973
0.023670000000000004,0.007533284720239329,1.2271460163142185,1,106.5423398249809,-0.012478986739923812,0.012478986739923812
0.023680000000000003,0.007545566820779343,1.2282100540014853,1,106.40376872668021,-0.012466715279760671,0.012466715279760671
0.023690000000000003,0.007557859547830542,1.2292727051199641,1,106.26511184788755,-0.012454433179220657,0.012454433179220657
0.023700000000000002,0.007570162887518676,1.2303339688133643,1,106.12636934002633,-0.012442140452169457,0.012442140452169457
0.023710000000000002,0.007582476825960944,1.2313938442269101,1,105.98754135458306,-0.012429837112481324,0.012429837112481324
0.02372,0.007594801349266018,1.2324523305073412,1,105.8486280431072,-0.012417523174039055,0.012417523174039055
0.02373,0.007607136443534048,1.2335094268029132,1,105.70962955721099,-0.012405198650733982,0.012405198650733982
0.02374,0.007619482094856681,1.2345651322633988,1,105.57054604856924,-0.012392863556465952,0.012392863556465952
0.02375,0.007631838289317082,1.235619446040088,1,105.43137766891928,-0.012380517905143319,0.012380517905143319
0.023760000000000003,0.007644205012989939,1.2366723672857887,1,105.29212457006064,-0.012368161710682918,0.012368161710682918
0.023770000000000003,0.007656582251941488,1.2377238951548273,1,105.15278690385503,-0.01235579498701006,0.01235579498701006
0.023780000000000003,0.007668969992229518,1.2387740288030495,1,105.01336482222614,-0.012343417748058512,0.012343417748058512
0.023790000000000002,0.007681368219903396,1.239822767387821,1,104.8738584771594,-0.012331030007770482,0.012331030007770482
0.0238,0.007693776921004075,1.2408701100680282,1,104.73426802070195,-0.012318631780096604,0.012318631780096604
0.02381,0.007706196081564116,1.2419160560040778,1,104.59459360496237,-0.012306223078995924,0.012306223078995924
0.02382,0.007718625687607695,1.242960604357899,1,104.4548353821106,-0.012293803918435884,0.012293803918435884
0.02383,0.007731065725150625,1.2440037542929427,1,104.31499350437771,-0.012281374312392304,0.012281374312392304
0.023840000000000004,0.0077435161802003665,1.2450455049741833,1,104.17506812405577,-0.012268934274849375,0.012268934274849375
0.023850000000000003,0.0077559770387560486,1.2460858555681182,1,104.0350593934977,-0.012256483819799633,0.012256483819799633
0.023860000000000003,0.007768448286808476,1.2471248052427695,1,103.8949674651171,-0.012244022961243951,0.012244022961243951
0.023870000000000002,0.007780929910340154,1.2481623531676833,1,103.75479249138806,-0.012231551713191523,0.012231551713191523
0.023880000000000002,0.007793421895325292,1.2491984985139317,1,103.61453462484502,-0.012219070089659846,0.012219070089659846
0.02389,0.007805924227729833,1.2502332404541125,1,103.47419401808266,-0.012206578104674707,0.012206578104674707
0.0239,0.007818436893511457,1.2512665781623502,1,103.33377082375566,-0.012194075772270167,0.012194075772270167
0.02391,0.0078309598786196,1.2522985108142959,1,103.19326519457853,-0.012181563106488543,0.012181563106488543
0.02392,0.00784349316899547,1.253329037587129,1,103.05267728332558,-0.0121690401213804,0.0121690401213804
0.023930000000000003,0.007856036750572067,1.2543581576595575,1,102.91200724283054,-0.012156506831004528,0.012156506831004528
0.023940000000000003,0.007868590609274185,1.2553858702118175,1,102.77125522598664,-0.012143963249427932,0.012143963249427932
0.023950000000000003,0.007881154731018442,1.2564121744256749,1,102.63042138574627,-0.012131409390725814,0.012131409390725814
0.023960000000000002,0.007893729101713286,1.2574370694844261,1,102.48950587512093,-0.012118845268981557,0.012118845268981557
0.02397,0.007906313707259017,1.258460554572898,1,102.34850884718092,-0.012106270898286713,0.012106270898286713
0.02398,0.007918908533547792,1.2594826288774486,1,102.20743045505532,-0.012093686292740984,0.012093686292740984
0.02399,0.007931513566463651,1.260503291585968,1,102.06627085193189,-0.012081091466452209,0.012081091466452209
0.024,0.00794412879188253,1.2615225418878786,1,101.92503019105666,-0.012068486433536349,0.012068486433536349
0.024010000000000004,0.00795675419567227,1.2625403789741358,1,101.78370862573396,-0.01205587120811747,0.01205587120811747
0.024020000000000003,0.007969389763692644,1.2635568020372292,1,101.64230630932623,-0.012043245804327729,0.012043245804327729
0.024030000000000003,0.007982035481795356,1.2645718102711818,1,101.50082339525382,-0.012030610236307356,0.012030610236307356
0.024040000000000002,0.007994691335824072,1.2655854028715519,1,101.35926003699485,-0.012017964518204645,0.012017964518204645
0.024050000000000002,0.008007357311614425,1.2665975790354327,1,101.21761638808499,-0.012005308664175929,0.012005308664175929
0.02406,0.00802003339499404,1.2676083379614538,1,101.07589260211742,-0.011992642688385574,0.011992642688385574
0.02407,0.008032719571782539,1.2686176788497812,1,100.93408883274262,-0.011979966605005958,0.011979966605005958
0.02408,0.008045415827791561,1.2696256009021178,1,100.79220523366804,-0.01196728042821746,0.01196728042821746
0.02409,0.008058122148824776,1.2706321033217045,1,100.6502419586583,-0.01195458417220844,0.01195458417220844
0.024100000000000003,0.00807083852067791,1.27163718531332,1,100.50819916153463,-0.011941877851175222,0.011941877851175222
0.024110000000000003,0.008083564929138743,1.2726408460832817,1,100.36607699617495,-0.01192916147932209,0.01192916147932209
0.024120000000000003,0.008096301359987138,1.2736430848394469,1,100.2238756165137,-0.011916435070861257,0.011916435070861257
0.024130000000000002,0.008109047798995048,1.2746439007912123,1,100.08159517654151,-0.011903698640012863,0.011903698640012863
0.02414,0.008121804231926544,1.2756432931495154,1,99.93923583030525,-0.01189095220100495,0.01189095220100495
0.02415,0.008134570644537813,1.2766412611268345,1,99.79679773190773,-0.011878195768073455,0.011878195768073455
0.02416,0.008147347022577186,1.2776378039371896,1,99.65428103550758,-0.011865429355462186,0.011865429355462186
0.02417,0.008160133351785146,1.2786329207961429,1,99.51168589531913,-0.011852652977422815,0.011852652977422815
0.024180000000000004,0.008172929617894356,1.279626610920799,1,99.36901246561214,-0.011839866648214853,0.011839866648214853
0.024190000000000003,0.008185735806629655,1.280618873529806,1,99.2262609007117,-0.011827070382105644,0.011827070382105644
0.024200000000000003,0.00819855190370809,1.2816097078433561,1,99.08343135499811,-0.011814264193370345,0.011814264193370345
0.024210000000000002,0.00821137789483892,1.2825991130831853,1,98.94052398290663,-0.011801448096291911,0.011801448096291911
0.024220000000000002,0.008224213765723645,1.2835870884725746,1,98.79753893892743,-0.01178862210516108,0.01178862210516108
0.02423,0.00823705950205601,1.2845736332363507,1,98.65447637760525,-0.011775786234276353,0.011775786234276353
0.02424,0.008249915089522018,1.285558746600886,1,98.51133645353947,-0.01176294049794399,0.01176294049794399
0.02425,0.008262780513799962,1.2865424277940998,1,98.36811932138377,-0.01175008491047798,0.01175008491047798
0.02426,0.008275655760560417,1.2875246760454582,1,98.22482513584598,-0.011737219486200039,0.011737219486200039
0.024270000000000003,0.008288540815466275,1.288505490585975,1,98.08145405168803,-0.011724344239439584,0.011724344239439584
0.024280000000000003,0.008301435664172758,1.2894848706482123,1,97.93800622372562,-0.011711459184533724,0.011711459184533724
0.024290000000000003,0.008314340292327423,1.2904628154662805,1,97.79448180682827,-0.01169856433582724,0.01169856433582724
0.024300000000000002,0.00832725468557018,1.2914393242758397,1,97.650880955919,-0.011685659707672578,0.011685659707672578
0.024310000000000002,0.00834017882953332,1.2924143963140995,1,97.5072038259741,-0.011672745314429819,0.011672745314429819
0.02432,0.008353112709841518,1.2933880308198198,1,97.3634505720233,-0.011659821170466678,0.011659821170466678
0.02433,0.008366056312111854,1.2943602270333112,1,97.21962134914916,-0.01164688729015848,0.01164688729015848
0.02434,0.008379009621953818,1.295330984196436,1,97.07571631248722,-0.011633943687888147,0.011633943687888147
0.024350000000000004,0.008391972624969345,1.2963003015526082,1,96.93173561722577,-0.011620990378046182,0.011620990378046182
0.024360000000000003,0.008404945306752811,1.2972681783467943,1,96.78767941860559,-0.011608027375030656,0.011608027375030656
0.024370000000000003,0.008417927652891066,1.2982346138255134,1,96.64354787191995,-0.011595054693247188,0.011595054693247188
0.024380000000000002,0.008430919648963437,1.2991996072368386,1,96.49934113251425,-0.011582072347108932,0.011582072347108932
0.024390000000000002,0.00844392128054174,1.3001631578303965,1,96.35505935578608,-0.011569080351036563,0.011569080351036563
0.0244,0.008456932533190315,1.3011252648573683,1,96.21070269718484,-0.01155607871945826,0.01155607871945826
0.02441,0.00846995339246602,1.3020859275704904,1,96.06627131221175,-0.011543067466809685,0.011543067466809685
0.02442,0.008482983843918261,1.3030451452240546,1,95.92176535641957,-0.01153004660753398,0.01153004660753398
0.02443,0.008496023873088999,1.3040029170739087,1,95.77718498541249,-0.01151701615608174,0.01151701615608174
0.024440000000000003,0.008509073465512773,1.3049592423774572,1,95.63253035484595,-0.011503976126911,0.011503976126911
0.024450000000000003,0.00852213260671671,1.3059141203936615,1,95.48780162042645,-0.011490926534487226,0.011490926534487226
0.024460000000000003,0.008535201282220541,1.3068675503830407,1,95.34299893791156,-0.011477867393283289,0.011477867393283289
0.024470000000000002,0.008548279477536617,1.3078195316076717,1,95.19812246310947,-0.01146479871777946,0.01146479871777946
0.024480000000000002,0.00856136717816993,1.3087700633311905,1,95.05317235187897,-0.011451720522463382,0.011451720522463382
0.02449,0.008574464369618118,1.3097191448187917,1,94.90814876012941,-0.01143863282183007,0.01143863282183007
0.0245,0.00858757103737149,1.3106667753372299,1,94.76305184382038,-0.011425535630381883,0.011425535630381883
0.02451,0.008600687166913038,1.3116129541548194,1,94.61788175896143,-0.01141242896262851,0.01141242896262851
0.024520000000000004,0.008613812743718453,1.3125576805414354,1,94.47263866161231,-0.011399312833086962,0.011399312833086962
0.024530000000000003,0.008626947753256137,1.3135009537685143,1,94.32732270788236,-0.011386187256281547,0.011386187256281547
0.024540000000000003,0.008640092180987227,1.3144427731090536,1,94.18193405393059,-0.011373052246743861,0.011373052246743861
0.024550000000000002,0.008653246012365605,1.3153831378376133,1,94.03647285596558,-0.011359907819012771,0.011359907819012771
0.024560000000000002,0.008666409232837909,1.3163220472303157,1,93.89093927024506,-0.011346753987634395,0.011346753987634395
0.02457,0.008679581827843556,1.3172595005648464,1,93.74533345307594,-0.011333590767162092,0.011333590767162092
0.02458,0.00869276378281476,1.3181954971204546,1,93.59965556081416,-0.011320418172156444,0.011320418172156444
0.02459,0.00870595508317654,1.3191300361779532,1,93.45390574986436,-0.01130723621718524,0.01130723621718524
0.0246,0.008719155714346737,1.3200631170197201,1,93.30808417667987,-0.01129404491682346,0.01129404491682346
0.024610000000000003,0.008732365661736033,1.3209947389296977,1,93.16219099776254,-0.011280844285653263,0.011280844285653263
0.024620000000000003,0.008745584910747967,1.3219249011933942,1,93.01622636966248,-0.011267634338263966,0.011267634338263966
0.024630000000000003,0.008758813446778948,1.322853603097884,1,92.87019044897797,-0.011254415089252031,0.011254415089252031
0.024640000000000002,0.008772051255218266,1.3237808439318075,1,92.72408339235527,-0.011241186553221053,0.011241186553221053
0.024650000000000002,0.008785298321448119,1.3247066229853723,1,92.57790535648846,-0.011227948744781734,0.011227948744781734
0.02466,0.008798554630843624,1.3256309395503536,1,92.43165649811928,-0.01121470167855188,0.01121470167855188
0.02467,0.008811820168772824,1.326553792920094,1,92.285336974037,-0.011201445369156376,0.011201445369156376
0.02468,0.008825094920596719,1.3274751823895046,1,92.13894694107813,-0.011188179831227175,0.011188179831227175
0.024690000000000004,0.008838378871669269,1.328395107255066,1,91.99248655612647,-0.01117490507940328,0.01117490507940328
0.024700000000000003,0.008851672007337417,1.329313566814827,1,91.84595597611272,-0.01116162112833073,0.01116162112833073
0.024710000000000003,0.008864974312941101,1.3302305603684073,1,91.69935535801447,-0.011148327992662582,0.011148327992662582
0.024720000000000002,0.008878285773813274,1.3311460872169958,1,91.55268485885601,-0.011135025687058897,0.011135025687058897
0.024730000000000002,0.008891606375279908,1.3320601466633528,1,91.40594463570804,-0.011121714226186727,0.011121714226186727
0.02474,0.008904936102660025,1.3329727380118097,1,91.25913484568773,-0.011108393624720093,0.011108393624720093
0.02475,0.008918274941265708,1.3338838605682692,1,91.11225564595834,-0.011095063897339975,0.011095063897339975
0.02476,0.00893162287640211,1.3347935136402065,1,90.96530719372919,-0.011081725058734292,0.011081725058734292
0.02477,0.008944979893367476,1.335701696536669,1,90.81828964625548,-0.01106837712359789,0.01106837712359789
0.024780000000000003,0.00895834597745316,1.3366084085682775,1,90.67120316083808,-0.011055020106632523,0.011055020106632523
0.024790000000000003,0.008971721113943634,1.3375136490472257,1,90.52404789482331,-0.011041654022546839,0.011041654022546839
0.024800000000000003,0.008985105288116507,1.3384174172872818,1,90.37682400560297,-0.011028278886056366,0.011028278886056366
0.024810000000000002,0.008998498485242545,1.339319712603788,1,90.22953165061404,-0.011014894711883494,0.011014894711883494
0.024820000000000002,0.009011900690585679,1.3402205343136613,1,90.08217098733846,-0.011001501514757456,0.011001501514757456
0.02483,0.009025311889403035,1.3411198817353942,1,89.93474217330314,-0.01098809930941432,0.01098809930941432
0.02484,0.009038732066944926,1.342017754189055,1,89.78724536607957,-0.010974688110596965,0.010974688110596965
0.02485,0.009052161208454888,1.3429141509962879,1,89.63968072328392,-0.010961267933055074,0.010961267933055074
0.024860000000000004,0.00906559929916969,1.3438090714803137,1,89.49204840257667,-0.010947838791545112,0.010947838791545112
0.024870000000000003,0.00907904632431935,1.3447025149659304,1,89.34434856166247,-0.010934400700830309,0.010934400700830309
0.024880000000000003,0.009092502269127146,1.3455944807795133,1,89.19658135829006,-0.01092095367568065,0.01092095367568065
0.024890000000000002,0.009105967118809635,1.3464849682490159,1,89.04874695025217,-0.010907497730872854,0.010907497730872854
0.024900000000000002,0.009119440858576675,1.3473739767039696,1,88.90084549538506,-0.010894032881190363,0.010894032881190363
0.02491,0.00913292347363143,1.3482615054754854,1,88.75287715156865,-0.010880559141423324,0.010880559141423324
0.02492,0.009146414949170394,1.3491475538962527,1,88.6048420767263,-0.01086707652636857,0.01086707652636857
0.02493,0.009159915270383397,1.350032121300541,1,88.45674042882447,-0.010853585050829607,0.010853585050829607
0.02494,0.009173424422453641,1.3509152070241999,1,88.30857236587278,-0.010840084729616601,0.010840084729616601
0.024950000000000003,0.009186942390557687,1.3517968104046592,1,88.16033804592372,-0.01082657557754636,0.01082657557754636
0.024960000000000003,0.009200469159865495,1.3526769307809299,1,88.0120376270725,-0.010813057609442314,0.010813057609442314
0.024970000000000003,0.009214004715540434,1.3535555674936044,1,87.86367126745695,-0.010799530840134504,0.010799530840134504
0.024980000000000002,0.009227549042739282,1.354432719884857,1,87.71523912525723,-0.010785995284459567,0.010785995284459567
0.024990000000000002,0.009241102126612267,1.355308387298444,1,87.56674135869581,-0.010772450957260718,0.010772450957260718
0.025,0.009254663952303063,1.3561825690797042,1,87.41817812603719,-0.010758897873387734,0.010758897873387734
0.02501,0.009268234504948819,1.35705526457556,1,87.26954958558781,-0.010745336047696936,0.010745336047696936
0.02502,0.009281813769680163,1.357926473134517,1,87.12085589569584,-0.010731765495051181,0.010731765495051181
0.025030000000000004,0.00929540173162123,1.3587961941066646,1,86.97209721475102,-0.010718186230319835,0.010718186230319835
0.025040000000000003,0.009308998375889669,1.3596644268436764,1,86.82327370118458,-0.010704598268378768,0.010704598268378768
0.025050000000000003,0.009322603687596655,1.360531170698811,1,86.67438551346889,-0.010691001624110331,0.010691001624110331
0.025060000000000002,0.009336217651846924,1.3613964250269122,1,86.52543281011751,-0.010677396312403343,0.010677396312403343
0.025070000000000002,0.009349840253738768,1.362260189184409,1,86.37641574968485,-0.010663782348153074,0.010663782348153074
0.02508,0.009363471478364062,1.3631224625293168,1,86.2273344907662,-0.010650159746261231,0.010650159746261231
0.02509,0.009377111310808272,1.3639832444212368,1,86.07818919199725,-0.010636528521635939,0.010636528521635939
0.0251,0.009390759736150486,1.3648425342213573,1,85.9289800120543,-0.010622888689191727,0.010622888689191727
0.02511,0.009404416739463413,1.3657003312924538,1,85.7797071096538,-0.010609240263849512,0.010609240263849512
0.025120000000000003,0.0094180823058134,1.3665566349988894,1,85.63037064355237,-0.010595583260536588,0.010595583260536588
0.025130000000000003,0.009431756420260468,1.3674114447066148,1,85.48097077254654,-0.010581917694186599,0.010581917694186599
0.025140000000000003,0.009445439067858299,1.3682647597831694,1,85.33150765547263,-0.010568243579739532,0.010568243579739532
0.025150000000000002,0.009459130233654276,1.3691165795976814,1,85.18198145120652,-0.0105545609321417,0.0105545609321417
0.025160000000000002,0.009472829902689484,1.3699669035208681,1,85.03239231866358,-0.010540869766345723,0.010540869766345723
0.02517,0.009486538059998734,1.3708157309250362,1,84.88274041679844,-0.010527170097310514,0.010527170097310514
0.02518,0.009500254690610575,1.3716630611840823,1,84.73302590460484,-0.010513461940001264,0.010513461940001264
0.02519,0.009513979779547311,1.3725088936734935,1,84.58324894111549,-0.010499745309389423,0.010499745309389423
0.025200000000000004,0.009527713311825014,1.3733532277703475,1,84.43340968540181,-0.010486020220452688,0.010486020220452688
0.025210000000000003,0.009541455272453547,1.3741960628533132,1,84.28350829657394,-0.010472286688174985,0.010472286688174985
0.025220000000000003,0.009555205646436575,1.375037398302651,1,84.13354493378041,-0.010458544727546452,0.010458544727546452
0.025230000000000002,0.009568964418771576,1.375877233500213,1,83.98351975620805,-0.010444794353563425,0.010444794353563425
0.025240000000000002,0.00958273157444987,1.3767155678294438,1,83.83343292308182,-0.010431035581228423,0.010431035581228423
0.02525,0.009596507098456625,1.3775524006753805,1,83.68328459366461,-0.010417268425550128,0.010417268425550128
0.02526,0.00961029097577087,1.378387731424653,1,83.53307492725716,-0.010403492901543375,0.010403492901543375
0.02527,0.009624083191365526,1.379221559465485,1,83.38280408319778,-0.010389709024229128,0.010389709024229128
0.02528,0.009637883730207405,1.3800538841876937,1,83.23247222086228,-0.010375916808634473,0.010375916808634473
0.025290000000000003,0.009651692577257232,1.3808847049826904,1,83.08207949966375,-0.010362116269792596,0.010362116269792596
0.025300000000000003,0.009665509717469666,1.381714021243481,1,82.93162607905246,-0.010348307422742769,0.010348307422742769
0.025310000000000003,0.009679335135793311,1.3825418323646663,1,82.78111211851555,-0.010334490282530334,0.010334490282530334
0.025320000000000002,0.009693168817170736,1.383368137742442,1,82.63053777757708,-0.010320664864206687,0.010320664864206687
0.025330000000000002,0.009707010746538482,1.3841929367746,1,82.47990321579766,-0.010306831182829263,0.010306831182829263
0.02534,0.009720860908827088,1.3850162288605277,1,82.3292085927744,-0.010292989253461516,0.010292989253461516
0.02535,0.009734719288961101,1.3858380134012092,1,82.17845406814075,-0.010279139091172911,0.010279139091172911
0.02536,0.009748585871859092,1.3866582897992248,1,82.02763980156628,-0.0102652807110389,0.0102652807110389
0.025370000000000004,0.00976246064243368,1.3874770574587523,1,81.87676595275653,-0.010251414128140908,0.010251414128140908
0.025380000000000003,0.009776343585591533,1.3882943157855667,1,81.72583268145283,-0.01023753935756632,0.01023753935756632
0.025390000000000003,0.009790234686233405,1.389110064187041,1,81.57484014743225,-0.010223656414408465,0.010223656414408465
0.025400000000000002,0.009804133929254125,1.3899243020721461,1,81.42378851050725,-0.010209765313766595,0.010209765313766595
0.025410000000000002,0.00981804129954264,1.3907370288514513,1,81.27267793052562,-0.010195866070745874,0.010195866070745874
0.02542,0.00983195678198201,1.391548243937125,1,81.12150856737033,-0.01018195870045736,0.01018195870045736
0.02543,0.009845880361449441,1.3923579467429346,1,80.97028058095937,-0.010168043218017989,0.010168043218017989
0.02544,0.009859812022816283,1.393166136684247,1,80.81899413124547,-0.01015411963855056,0.01015411963855056
0.02545,0.009873751750948064,1.3939728131780291,1,80.66764937821613,-0.010140187977183716,0.010140187977183716
0.025460000000000003,0.00988769953070449,1.394777975642848,1,80.5162464818932,-0.010126248249051936,0.010126248249051936
0.025470000000000003,0.00990165534693948,1.3955816234988714,1,80.36478560233299,-0.010112300469295508,0.010112300469295508
0.025480000000000003,0.009915619184501158,1.3963837561678676,1,80.21326689962586,-0.01009834465306052,0.01009834465306052
0.025490000000000002,0.00992959102823189,1.3971843730732065,1,80.06169053389627,-0.01008438081549884,0.01008438081549884
0.025500000000000002,0.00994357086296829,1.3979834736398595,1,79.91005666530249,-0.010070408971768108,0.010070408971768108
0.02551,0.009957558673541235,1.3987810572944,1,79.75836545403632,-0.01005642913703171,0.01005642913703171
0.02552,0.009971554444775883,1.3995771234650032,1,79.6066170603233,-0.010042441326458765,0.010042441326458765
0.02553,0.009985558161491697,1.4003716715814474,1,79.45481164442214,-0.010028445555224115,0.010028445555224115
0.025540000000000004,0.009999569808502449,1.4011647010751136,1,79.30294936662473,-0.010014441838508302,0.010014441838508302
0.025550000000000003,0.010013589370616239,1.401956211378986,1,79.15103038725601,-0.01000043019149755,0.01000043019149755
0.025560000000000003,0.010027616832635516,1.4027462019276529,1,78.99905486667375,-0.00998641062938376,0.00998641062938376
0.025570000000000002,0.01004165217935709,1.4035346721573057,1,78.84702296526841,-0.009972383167364483,0.009972383167364483
0.025580000000000002,0.010055695395572148,1.4043216215057404,1,78.69493484346292,-0.00995834782064291,0.00995834782064291
0.02559,0.01006974646606627,1.4051070494123574,1,78.54279066171259,-0.009944304604427853,0.009944304604427853
0.0256,0.010083805375619453,1.4058909553181624,1,78.3905905805049,-0.009930253533933729,0.009930253533933729
0.02561,0.01009787210900611,1.406673338665766,1,78.23833476035935,-0.009916194624380547,0.009916194624380547
0.02562,0.010111946650995105,1.4074541988993843,1,78.08602336182727,-0.00990212789099389,0.00990212789099389
0.025630000000000003,0.010126028986349754,1.4082335354648392,1,77.93365654549169,-0.009888053349004895,0.009888053349004895
0.025640000000000003,0.01014011909982785,1.409011347809559,1,77.78123447196714,-0.009873971013650246,0.009873971013650246
0.025650000000000003,0.010154216976181674,1.409787635382578,1,77.62875730189951,-0.00985988090017215,0.00985988090017215
0.025660000000000002,0.010168322600158021,1.4105623976345376,1,77.47622519596594,-0.009845783023818324,0.009845783023818324
0.025670000000000002,0.010182435956498197,1.4113356340176864,1,77.3236383148745,-0.00983167739984198,0.00983167739984198
0.02568,0.010196557029938057,1.41210734398588,1,77.17099681936413,-0.009817564043501802,0.009817564043501802
0.02569,0.010210685805208002,1.4128775269945821,1,77.01830087020454,-0.009803442970061943,0.009803442970061943
0.0257,0.010224822267033012,1.4136461825008642,1,76.86555062819588,-0.009789314194791997,0.009789314194791997
0.025710000000000004,0.010238966400132644,1.4144133099634058,1,76.7127462541687,-0.009775177732966989,0.009775177732966989
0.025720000000000003,0.010253118189221071,1.4151789088424955,1,76.55988790898377,-0.009761033599867354,0.009761033599867354
0.025730000000000003,0.01026727761900707,1.4159429786000308,1,76.4069757535318,-0.009746881810778929,0.009746881810778929
0.025740000000000002,0.010281444674194066,1.416705518699518,1,76.2540099487335,-0.009732722380992929,0.009732722380992929
0.025750000000000002,0.010295619339480127,1.4174665286060735,1,76.10099065553914,-0.009718555325805935,0.009718555325805935
0.02576,0.01030980159955799,1.4182260077864228,1,75.94791803492863,-0.009704380660519873,0.009704380660519873
0.02577,0.010323991439115079,1.418983955708902,1,75.7947922479112,-0.00969019840044201,0.00969019840044201
0.02578,0.010338188842833513,1.4197403718434571,1,75.64161345552529,-0.009676008560884922,0.009676008560884922
0.02579,0.01035239379539013,1.4204952556616455,1,75.48838181883839,-0.009661811157166487,0.009661811157166487
0.025800000000000003,0.010366606281456494,1.421248606636635,1,75.33509749894682,-0.00964760620460987,0.00964760620460987
0.025810000000000003,0.010380826285698926,1.4220004242432047,1,75.18176065697573,-0.009633393718543505,0.009633393718543505
0.025820000000000003,0.010395053792778504,1.4227507079577455,1,75.02837145407862,-0.009619173714301073,0.009619173714301073
0.025830000000000002,0.010409288787351086,1.4234994572582598,1,74.87493005143753,-0.009604946207221495,0.009604946207221495
0.025840000000000002,0.01042353125406733,1.4242466716243625,1,74.72143661026266,-0.009590711212648912,0.009590711212648912
0.02585,0.010437781177572703,1.4249923505372804,1,74.56789129179221,-0.00957646874593267,0.00957646874593267
0.02586,0.010452038542507501,1.4257364934798533,1,74.41429425729233,-0.009562218822427297,0.009562218822427297
0.02587,0.010466303333506864,1.426479099936534,1,74.26064566805684,-0.0095479614574925,0.0095479614574925
0.025880000000000004,0.0104805755352008,1.4272201693933881,1,74.10694568540711,-0.009533696666493134,0.009533696666493134
0.025890000000000003,0.010494855132214178,1.4279597013380951,1,73.95319447069195,-0.009519424464799201,0.009519424464799201
0.025900000000000003,0.010509142109166779,1.428697695259948,1,73.7993921852873,-0.00950514486778582,0.00950514486778582
0.025910000000000002,0.010523436450673277,1.4294341506498538,1,73.64553899059625,-0.009490857890833222,0.009490857890833222
0.025920000000000002,0.010537738141343279,1.4301690670003342,1,73.49163504804869,-0.009476563549326723,0.009476563549326723
0.02593,0.010552047165781335,1.4309024438055251,1,73.33768051910127,-0.00946226185865672,0.00946226185865672
0.02594,0.010566363508586946,1.4316342805611775,1,73.1836755652372,-0.009447952834218665,0.009447952834218665
0.02595,0.010580687154354593,1.4323645767646571,1,73.0296203479661,-0.009433636491413053,0.009433636491413053
0.02596,0.010595018087673741,1.4330933319149453,1,72.87551502882378,-0.009419312845645407,0.009419312845645407
0.025970000000000003,0.010609356293128869,1.433820545512639,1,72.72135976937217,-0.009404981912326258,0.009404981912326258
0.025980000000000003,0.010623701755299468,1.434546217059951,1,72.56715473119895,-0.009390643706871132,0.009390643706871132
0.025990000000000003,0.010638054458760076,1.4352703460607101,1,72.41290007591773,-0.009376298244700532,0.009376298244700532
0.026000000000000002,0.010652414388080279,1.4359929320203617,1,72.25859596516754,-0.009361945541239924,0.009361945541239924
0.026010000000000002,0.010666781527824739,1.4367139744459678,1,72.10424256061289,-0.00934758561191972,0.00934758561191972
0.02602,0.0106811558625532,1.4374334728462073,1,71.94984002394342,-0.00933321847217526,0.00933321847217526
0.02603,0.010695537376820514,1.438151426731376,1,71.79538851687401,-0.009318844137446798,0.009318844137446798
0.02604,0.01070992605517665,1.4388678356133875,1,71.64088820114425,-0.009304462623179485,0.009304462623179485
0.026050000000000004,0.010724321882166706,1.4395826990057727,1,71.48633923851861,-0.009290073944823351,0.009290073944823351
0.026060000000000003,0.010738724842330943,1.4402960164236807,1,71.33174179078603,-0.009275678117833292,0.009275678117833292
0.026070000000000003,0.010753134920204781,1.4410077873838782,1,71.17709601975997,-0.009261275157669056,0.009261275157669056
0.026080000000000002,0.01076755210031883,1.441718011404751,1,71.02240208727801,-0.009246865079795217,0.009246865079795217
0.026090000000000002,0.010781976367198891,1.442426688006303,1,70.86766015520189,-0.00923244789968117,0.00923244789968117
0.0261,0.010796407705365992,1.4431338167101573,1,70.71287038541723,-0.009218023632801107,0.009218023632801107
0.02611,0.010810846099336389,1.4438393970395555,1,70.5580329398334,-0.009203592294634006,0.009203592294634006
0.02612,0.010825291533621582,1.4445434285193595,1,70.40314798038331,-0.009189153900663612,0.009189153900663612
0.02613,0.010839743992728343,1.4452459106760498,1,70.24821566902337,-0.009174708466378419,0.009174708466378419
0.026140000000000004,0.010854203461158719,1.4459468430377271,1,70.09323616773315,-0.009160256007271658,0.009160256007271658
0.026150000000000003,0.010868669923410061,1.4466462251341123,1,69.93820963851535,-0.00914579653884128,0.00914579653884128
0.026160000000000003,0.010883143363975025,1.4473440564965463,1,69.78313624339559,-0.00913133007658994,0.00913133007658994
0.026170000000000002,0.010897623767341606,1.4480403366579906,1,69.6280161444222,-0.009116856636024974,0.009116856636024974
0.026180000000000002,0.010912111117993138,1.4487350651530273,1,69.47284950366614,-0.009102376232658393,0.009102376232658393
0.02619,0.010926605400408317,1.4494282415178594,1,69.3176364832208,-0.009087888882006862,0.009087888882006862
0.0262,0.01094110659906122,1.4501198652903113,1,69.1623772452018,-0.009073394599591684,0.009073394599591684
0.02621,0.010955614698421316,1.4508099360098288,1,69.00707195174681,-0.00905889340093878,0.00905889340093878
0.026220000000000004,0.010970129682953491,1.4514984532174788,1,68.85172076501553,-0.009044385301578682,0.009044385301578682
0.026230000000000003,0.010984651537118053,1.4521854164559507,1,68.6963238471893,-0.009029870317046508,0.009029870317046508
0.026240000000000003,0.010999180245370749,1.4528708252695555,1,68.54088136047112,-0.009015348462881947,0.009015348462881947
0.026250000000000002,0.01101371579216279,1.4535546792042264,1,68.38539346708544,-0.009000819754629252,0.009000819754629252
0.026260000000000002,0.011028258161940866,1.4542369778075193,1,68.22986032927791,-0.00898628420783721,0.00898628420783721
0.02627,0.011042807339147153,1.4549177206286124,1,68.07428210931535,-0.008971741838059134,0.008971741838059134
0.02628,0.011057363308219336,1.4555969072183073,1,67.91865896948542,-0.008957192660852847,0.008957192660852847
0.02629,0.011071926053590624,1.4562745371290282,1,67.76299107209665,-0.008942636691780664,0.008942636691780664
0.0263,0.011086495559689772,1.456950609914823,1,67.60727857947809,-0.008928073946409374,0.008928073946409374
0.026310000000000004,0.011101071810941086,1.4576251251313628,1,67.45152165397928,-0.008913504440310227,0.008913504440310227
0.026320000000000003,0.011115654791764445,1.4582980823359424,1,67.29572045796999,-0.008898928189058913,0.008898928189058913
0.026330000000000003,0.01113024448657532,1.4589694810874807,1,67.13987515384012,-0.008884345208235554,0.008884345208235554
0.026340000000000002,0.011144840879784786,1.4596393209465206,1,66.9839859039995,-0.00886975551342468,0.00886975551342468
0.026350000000000002,0.011159443955799538,1.4603076014752294,1,66.82805287087773,-0.008855159120215214,0.008855159120215214
0.02636,0.011174053699021913,1.4609743222373988,1,66.67207621692404,-0.008840556044200462,0.008840556044200462
0.02637,0.011188670093849898,1.461639482798445,1,66.51605610460706,-0.008825946300978087,0.008825946300978087
0.02638,0.01120329312467715,1.462303082725409,1,66.35999269641476,-0.008811329906150103,0.008811329906150103
0.026390000000000004,0.011217922775893022,1.4629651215869577,1,66.2038861548542,-0.008796706875322849,0.008796706875322849
0.026400000000000003,0.011232559031882555,1.4636255989533822,1,66.04773664245137,-0.008782077224106979,0.008782077224106979
0.026410000000000003,0.01124720187702652,1.4642845143965997,1,65.89154432175104,-0.008767440968117445,0.008767440968117445
0.026420000000000003,0.011261851295701421,1.4649418674901529,1,65.73530935531663,-0.00875279812297348,0.00875279812297348
0.026430000000000002,0.011276507272279513,1.4655976578092103,1,65.57903190572995,-0.008738148704298577,0.008738148704298577
0.02644,0.011291169791128819,1.4662518849305661,1,65.4227121355912,-0.008723492727720486,0.008723492727720486
0.02645,0.011305838836613145,1.4669045484326413,1,65.26635020751857,-0.00870883020887118,0.00870883020887118
0.02646,0.0113205143930921,1.4675556478954828,1,65.10994628414834,-0.008694161163386853,0.008694161163386853
0.02647,0.01133519644492111,1.468205182900764,1,64.95350052813446,-0.008679485606907898,0.008679485606907898
0.026480000000000004,0.011349884976451428,1.4688531530317857,1,64.79701310214858,-0.00866480355507889,0.00866480355507889
0.026490000000000003,0.011364579972030164,1.4694995578734744,1,64.6404841688798,-0.008650115023548571,0.008650115023548571
0.026500000000000003,0.011379281416000288,1.4701443970123849,1,64.4839138910345,-0.008635420027969836,0.008635420027969836
0.026510000000000002,0.011393989292700656,1.4707876700366982,1,64.32730243133622,-0.008620718583999713,0.008620718583999713
0.026520000000000002,0.011408703586466017,1.4714293765362234,1,64.17064995252538,-0.008606010707299345,0.008606010707299345
0.02653,0.011423424281627039,1.4720695161023971,1,64.0139566173593,-0.008591296413533983,0.008591296413533983
0.02654,0.011438151362510324,1.4727080883282833,1,63.85722258861187,-0.00857657571837296,0.00857657571837296
0.02655,0.01145288481343841,1.473345092808574,1,63.700448029073456,-0.008561848637489676,0.008561848637489676
0.026560000000000004,0.011467624618729806,1.4739805291395895,1,63.543633101550775,-0.00854711518656159,0.00854711518656159
0.026570000000000003,0.011482370762698996,1.4746143969192782,1,63.386777968866625,-0.008532375381270194,0.008532375381270194
0.026580000000000003,0.011497123229656469,1.4752466957472168,1,63.2298827938598,-0.008517629237301002,0.008517629237301002
0.026590000000000003,0.011511882003908715,1.4758774252246107,1,63.07294773938491,-0.00850287677034353,0.00850287677034353
0.026600000000000002,0.01152664706975826,1.4765065849542938,1,62.91597296831217,-0.008488117996091284,0.008488117996091284
0.02661,0.011541418411503666,1.477134174540729,1,62.75895864352731,-0.008473352930241741,0.008473352930241741
0.02662,0.011556196013439563,1.4777601935900082,1,62.60190492793137,-0.008458581588496335,0.008458581588496335
0.02663,0.011570979859856664,1.4783846417098525,1,62.444811984440534,-0.008443803986560436,0.008443803986560436
0.02664,0.011585769935041759,1.4790075185096123,1,62.28767997598594,-0.008429020140143337,0.008429020140143337
0.026650000000000004,0.01160056622327776,1.4796288236002675,1,62.130509065513536,-0.00841423006495824,0.00841423006495824
0.026660000000000003,0.011615368708843707,1.4802485565944272,1,61.973299415984,-0.008399433776722238,0.008399433776722238
0.026670000000000003,0.01163017737601477,1.480866717106331,1,61.81605119037241,-0.008384631291156294,0.008384631291156294
0.026680000000000002,0.011644992209062288,1.4814833047518476,1,61.658764551668206,-0.00836982262398523,0.00836982262398523
0.026690000000000002,0.011659813192253773,1.4820983191484765,1,61.50143966287499,-0.008355007790937712,0.008355007790937712
0.0267,0.011674640309852925,1.4827117599153465,1,61.344076687010315,-0.008340186807746227,0.008340186807746227
0.02671,0.011689473546119659,1.4833236266732175,1,61.1866757871056,-0.008325359690147074,0.008325359690147074
0.02672,0.011704312885310101,1.4839339190444796,1,61.02923712620589,-0.008310526453880342,0.008310526453880342
0.026730000000000004,0.011719158311676633,1.4845426366531533,1,60.87176086736977,-0.008295687114689898,0.008295687114689898
0.026740000000000003,0.011734009809467882,1.48514977912489,1,60.71424717366912,-0.008280841688323366,0.008280841688323366
0.026750000000000003,0.011748867362928753,1.485755346086972,1,60.55669620818899,-0.008265990190532117,0.008265990190532117
0.026760000000000003,0.011763730956300435,1.4863593371683121,1,60.39910813402743,-0.008251132637071248,0.008251132637071248
0.026770000000000002,0.011778600573820429,1.4869617519994551,1,60.24148311429535,-0.008236269043699564,0.008236269043699564
0.02678,0.011793476199722555,1.4875625902125762,1,60.08382131211628,-0.00822139942617957,0.00822139942617957
0.02679,0.01180835781823697,1.4881618514414825,1,59.926122890626296,-0.008206523800277444,0.008206523800277444
0.0268,0.011823245413590186,1.4887595353216123,1,59.768388012973816,-0.008191642181763029,0.008191642181763029
0.02681,0.011838138970005088,1.4893556414900355,1,59.61061684231942,-0.008176754586409813,0.008176754586409813
0.026820000000000004,0.011853038471700942,1.4899501695854538,1,59.45280954183568,-0.008161861029994912,0.008161861029994912
0.026830000000000003,0.011867943902893422,1.4905431192482008,1,59.29496627470705,-0.008146961528299058,0.008146961528299058
0.026840000000000003,0.011882855247794626,1.4911344901202421,1,59.13708720412963,-0.008132056097106577,0.008132056097106577
0.026850000000000002,0.011897772490613079,1.4917242818451752,1,58.97917249331105,-0.008117144752205374,0.008117144752205374
0.026860000000000002,0.011912695615553762,1.49231249406823,1,58.82122230547029,-0.008102227509386922,0.008102227509386922
0.02687,0.011927624606818125,1.4928991264362683,1,58.66323680383754,-0.008087304384446239,0.008087304384446239
0.02688,0.0119425594486041,1.4934841785977848,1,58.50521615165396,-0.008072375393181876,0.008072375393181876
0.02689,0.01195750012510613,1.4940676502029064,1,58.34716051217162,-0.008057440551395898,0.008057440551395898
0.026900000000000004,0.011972446620515165,1.494649540903393,1,58.189070048653214,-0.008042499874893869,0.008042499874893869
0.026910000000000003,0.01198739891901869,1.495229850352637,1,58.03094492437205,-0.008027553379484836,0.008027553379484836
0.026920000000000003,0.012002357004800748,1.495808578205663,1,57.87278530261172,-0.00801260108098131,0.00801260108098131
0.026930000000000003,0.01201732086204194,1.4963857241191296,1,57.71459134666603,-0.007997642995199252,0.007997642995199252
0.026940000000000002,0.012032290474919452,1.496961287751328,1,57.55636321983885,-0.007982679137958061,0.007982679137958061
0.02695,0.012047265827607075,1.4975352687621826,1,57.39810108544391,-0.007967709525080548,0.007967709525080548
0.02696,0.012062246904275205,1.4981076668132507,1,57.239805106804575,-0.007952734172392926,0.007952734172392926
0.02697,0.012077233689090885,1.4986784815677232,1,57.081475447253816,-0.007937753095724793,0.007937753095724793
0.02698,0.012092226166217787,1.4992477126904244,1,56.923112270134,-0.007922766310909116,0.007922766310909116
0.026990000000000004,0.012107224319816267,1.4998153598478123,1,56.76471573879664,-0.007907773833782212,0.007907773833782212
0.027000000000000003,0.012122228134043345,1.5003814227079784,1,56.60628601660229,-0.007892775680183733,0.007892775680183733
0.027010000000000003,0.012137237593052751,1.5009459009406476,1,56.44782326692043,-0.007877771865956654,0.007877771865956654
0.027020000000000002,0.012152252680994922,1.501508794217179,1,56.28932765312921,-0.007862762406947247,0.007862762406947247
0.027030000000000002,0.012167273382017028,1.5020701022105651,1,56.130799338615375,-0.007847747319005076,0.007847747319005076
0.02704,0.012182299680262982,1.5026298245954328,1,55.972238486774,-0.00783272661798297,0.00783272661798297
0.02705,0.012197331559873462,1.503187961048043,1,55.81364526100844,-0.007817700319737017,0.007817700319737017
0.02706,0.012212369004985926,1.5037445112462904,1,55.65501982473001,-0.007802668440126536,0.007802668440126536
0.027070000000000004,0.012227411999734622,1.504299474869704,1,55.49636234135803,-0.007787630995014073,0.007787630995014073
0.027080000000000003,0.012242460528250617,1.5048528515994473,1,55.33767297431947,-0.007772588000265377,0.007772588000265377
0.027090000000000003,0.012257514574661801,1.5054046411183177,1,55.1789518870489,-0.007757539471749382,0.007757539471749382
0.027100000000000003,0.012272574123092909,1.5059548431107477,1,55.02019924298826,-0.007742485425338199,0.007742485425338199
0.027110000000000002,0.012287639157665536,1.5065034572628035,1,54.86141520558671,-0.007727425876907092,0.007727425876907092
0.027120000000000002,0.012302709662498159,1.5070504832621865,1,54.70259993830056,-0.007712360842334464,0.007712360842334464
0.02713,0.01231778562170614,1.5075959207982323,1,54.54375360459287,-0.0076972903375018414,0.0076972903375018414
0.02714,0.012332867019401759,1.5081397695619116,1,54.38487636793363,-0.0076822143782938595,0.0076822143782938595
0.02715,0.012347953839694219,1.5086820292458296,1,54.22596839179925,-0.00766713298059824,0.00766713298059824
0.027160000000000004,0.01236304606668966,1.5092226995442264,1,54.0670298396726,-0.007652046160305782,0.007652046160305782
0.027170000000000003,0.01237814368449119,1.5097617801529768,1,53.90806087504281,-0.007636953933310339,0.007636953933310339
0.027180000000000003,0.012393246677198887,1.5102992707695908,1,53.74906166140511,-0.00762185631550881,0.00762185631550881
0.027190000000000002,0.012408355028909818,1.5108351710932133,1,53.59003236226055,-0.007606753322801113,0.007606753322801113
0.027200000000000002,0.012423468723718065,1.5113694808246245,1,53.43097314111607,-0.00759164497109018,0.00759164497109018
0.02721,0.012438587745714727,1.5119021996662394,1,53.27188416148408,-0.007576531276281934,0.007576531276281934
0.02722,0.01245371207898795,1.5124333273221082,1,53.112765586882496,-0.007561412254285272,0.007561412254285272
0.02723,0.01246884170762293,1.5129628634979166,1,52.95361758083441,-0.00754628792101205,0.00754628792101205
0.027240000000000004,0.012483976615701938,1.5134908079009852,1,52.7944403068681,-0.00753115829237707,0.00753115829237707
0.027250000000000003,0.01249911678730434,1.5140171602402703,1,52.6352339285167,-0.0075160233842980605,0.0075160233842980605
0.027260000000000003,0.012514262206506605,1.5145419202263635,1,52.475998609318154,-0.007500883212695658,0.007500883212695658
0.027270000000000003,0.012529412857382322,1.5150650875714917,1,52.316734512814975,-0.0074857377934933935,0.0074857377934933935
0.027280000000000002,0.012544568724002215,1.5155866619895173,1,52.157441802554175,-0.007470587142617679,0.007470587142617679
0.027290000000000002,0.012559729790434175,1.5161066431959382,1,51.998120642086946,-0.007455431275997784,0.007455431275997784
0.0273,0.012574896040743255,1.516625030907888,1,51.83877119496867,-0.007440270209565825,0.007440270209565825
0.02731,0.012590067458991695,1.5171418248441355,1,51.67939362475863,-0.007425103959256746,0.007425103959256746
0.02732,0.012605244029238946,1.5176570247250858,1,51.51998809501991,-0.007409932541008305,0.007409932541008305
0.027330000000000004,0.012620425735541674,1.5181706302727789,1,51.360554769319194,-0.007394755970761054,0.007394755970761054
0.027340000000000003,0.012635612561953783,1.5186826412108911,1,51.20109381122665,-0.007379574264458327,0.007379574264458327
0.027350000000000003,0.012650804492526431,1.5191930572647343,1,51.04160538431568,-0.007364387438046217,0.007364387438046217
0.027360000000000002,0.012666001511308044,1.519701878161256,1,50.88208965216287,-0.0073491955074735694,0.0073491955074735694
0.027370000000000002,0.012681203602344333,1.5202091036290393,1,50.72254677834773,-0.007333998488691956,0.007333998488691956
0.02738,0.012696410749678318,1.5207147333983038,1,50.56297692645258,-0.007318796397655666,0.007318796397655666
0.02739,0.012711622937350325,1.5212187672009043,1,50.40338026006236,-0.007303589250321683,0.007303589250321683
0.0274,0.012726840149398028,1.521721204770332,1,50.243756942764506,-0.007288377062649674,0.007288377062649674
0.027410000000000004,0.012742062369856446,1.5222220458417135,1,50.084107138148724,-0.00727315985060197,0.00727315985060197
0.027420000000000003,0.012757289582757965,1.5227212901518117,1,49.92443100980687,-0.007257937630143553,0.007257937630143553
0.027430000000000003,0.012772521772132357,1.523218937439025,1,49.76472872133281,-0.007242710417242034,0.007242710417242034
0.027440000000000003,0.01278775892200679,1.5237149874433882,1,49.605000436322186,-0.007227478227867644,0.007227478227867644
0.027450000000000002,0.012803001016405854,1.524209439906572,1,49.44524631837228,-0.00721224107799321,0.00721224107799321
0.027460000000000002,0.012818248039351575,1.5247022945718829,1,49.285466531081894,-0.007196998983594145,0.007196998983594145
0.02747,0.012833499974863417,1.5251935511842634,1,49.12566123805112,-0.0071817519606484255,0.0071817519606484255
0.02748,0.012848756806958319,1.5256832094902921,1,48.965830602881255,-0.007166500025136583,0.007166500025136583
0.02749,0.012864018519650702,1.526171269238184,1,48.80597478917452,-0.00715124319304168,0.00715124319304168
0.027500000000000004,0.012879285096952478,1.5266577301777893,1,48.646093960534046,-0.007135981480349298,0.007135981480349298
0.027510000000000003,0.012894556522873087,1.527142592060595,1,48.48618828056355,-0.007120714903047521,0.007120714903047521
0.027520000000000003,0.012909832781419484,1.5276258546397237,1,48.326257912867284,-0.007105443477126914,0.007105443477126914
0.027530000000000002,0.012925113856596181,1.5281075176699341,1,48.16630302104987,-0.007090167218580516,0.007090167218580516
0.027540000000000002,0.01294039973240526,1.5285875809076213,1,48.00632376871608,-0.007074886143403817,0.007074886143403817
0.02755,0.012955690392846365,1.529066044110816,1,47.84632031947068,-0.007059600267594741,0.007059600267594741
0.02756,0.012970985821916758,1.529542907039185,1,47.686292836918305,-0.007044309607153633,0.007044309607153633
0.02757,0.012986286003611298,1.5300181694540316,1,47.526241484663274,-0.007029014178083241,0.007029014178083241
0.027580000000000004,0.013001590921922483,1.5304918311182947,1,47.36616642630939,-0.0070137139963887,0.0070137139963887
0.027590000000000003,0.013016900560840448,1.5309638917965493,1,47.2060678254599,-0.006998409078077517,0.006998409078077517
0.027600000000000003,0.013032214904352999,1.5314343512550066,1,47.045945845717156,-0.006983099439159552,0.006983099439159552
0.027610000000000003,0.013047533936445612,1.5319032092615135,1,46.88580065068258,-0.006967785095647001,0.006967785095647001
0.027620000000000002,0.013062857641101468,1.532370465585553,1,46.725632403956475,-0.006952466063554387,0.006952466063554387
0.027630000000000002,0.01307818600230145,1.5328361199982443,1,46.565441269137786,-0.006937142358898531,0.006937142358898531
0.02764,0.013093519004024175,1.5333001722723425,1,46.405227409824114,-0.006921813997698549,0.006921813997698549
0.02765,0.013108856630245996,1.5337626221822387,1,46.24499098961126,-0.006906480995975826,0.006906480995975826
0.02766,0.013124198864941036,1.5342234695039596,1,46.084732172093425,-0.006891143369754004,0.006891143369754004
0.027670000000000004,0.013139545692081187,1.5346827140151682,1,45.92445112086273,-0.006875801135058965,0.006875801135058965
0.027680000000000003,0.013154897095636137,1.5351403554951633,1,45.76414799950924,-0.006860454307918814,0.006860454307918814
0.027690000000000003,0.013170253059573388,1.5355963937248795,1,45.603822971620744,-0.006845102904363862,0.006845102904363862
0.027700000000000002,0.013185613567858256,1.5360508284868875,1,45.44347620078255,-0.006829746940426613,0.006829746940426613
0.027710000000000002,0.01320097860445391,1.5365036595653931,1,45.28310785057742,-0.006814386432141745,0.006814386432141745
0.02772,0.013216348153321372,1.536954886746239,1,45.122718084585316,-0.006799021395546091,0.006799021395546091
0.02773,0.013231722198419543,1.537404509816903,1,44.962307066383254,-0.006783651846678628,0.006783651846678628
0.02774,0.013247100723705205,1.5378525285664983,1,44.801874959545174,-0.006768277801580458,0.006768277801580458
0.027750000000000004,0.013262483713133065,1.5382989427857747,1,44.64142192764183,-0.006752899276294794,0.006752899276294794
0.027760000000000003,0.013277871150655735,1.5387437522671172,1,44.48094813424042,-0.006737516286866935,0.006737516286866935
0.027770000000000003,0.01329326302022378,1.5391869568045462,1,44.32045374290469,-0.006722128849344266,0.006722128849344266
0.027780000000000003,0.013308659305785717,1.5396285561937182,1,44.15993891719451,-0.00670673697977622,0.00670673697977622
0.027790000000000002,0.013324059991288037,1.540068550231925,1,43.999403820666004,-0.006691340694214284,0.006691340694214284
0.027800000000000002,0.013339465060675217,1.5405069387180936,1,43.83884861687105,-0.0066759400087119634,0.0066759400087119634
0.02781,0.013354874497889746,1.5409437214527872,1,43.67827346935743,-0.006660534939324782,0.006660534939324782
0.02782,0.013370288286872128,1.541378898238204,1,43.51767854166846,-0.006645125502110254,0.006645125502110254
0.02783,0.013385706411560908,1.5418124688781774,1,43.35706399734294,-0.006629711713127873,0.006629711713127873
0.027840000000000004,0.013401128855892692,1.5422444331781766,1,43.19642999991489,-0.006614293588439091,0.006614293588439091
0.027850000000000003,0.013416555603802144,1.5426747909453058,1,43.03577671291348,-0.006598871144107309,0.006598871144107309
0.027860000000000003,0.013431986639222026,1.5431035419883044,1,42.87510429986286,-0.006583444396197857,0.006583444396197857
0.027870000000000002,0.013447421946083202,1.543530686117547,1,42.714412924281916,-0.0065680133607779745,0.0065680133607779745
0.027880000000000002,0.013462861508314654,1.5439562231450439,1,42.55370274968415,-0.006552578053916798,0.006552578053916798
0.02789,0.013478305309843498,1.5443801528844396,1,42.3929739395776,-0.006537138491685347,0.006537138491685347
0.0279,0.013493753334595009,1.5448024751510143,1,42.23222665746455,-0.006521694690156503,0.006521694690156503
0.02791,0.013509205566492623,1.5452231897616828,1,42.07146106684144,-0.006506246665404992,0.006506246665404992
0.027920000000000004,0.013524661989457974,1.5456422965349947,1,41.91067733119872,-0.006490794433507377,0.006490794433507377
0.027930000000000003,0.013540122587410885,1.546059795291135,1,41.7498756140205,-0.006475338010542026,0.006475338010542026
0.027940000000000003,0.013555587344269406,1.5464756858519229,1,41.589056078784786,-0.006459877412589115,0.006459877412589115
0.027950000000000003,0.013571056243949813,1.5468899680408126,1,41.42821888896287,-0.006444412655730595,0.006444412655730595
0.027960000000000002,0.013586529270366642,1.5473026416828928,1,41.26736420801945,-0.006428943756050187,0.006428943756050187
0.027970000000000002,0.013602006407432692,1.547713706604887,1,41.10649219941238,-0.006413470729633358,0.006413470729633358
0.02798,0.013617487639059043,1.5481231626351528,1,40.945603026592536,-0.006397993592567309,0.006397993592567309
0.02799,0.013632972949155078,1.5485310096036828,1,40.784696853003574,-0.006382512360940958,0.006382512360940958
0.028,0.013648462321628498,1.5489372473421037,1,40.6237738420819,-0.006367027050844923,0.006367027050844923
0.028010000000000004,0.013663955740385335,1.5493418756836763,1,40.462834157256346,-0.006351537678371502,0.006351537678371502
0.028020000000000003,0.01367945318932997,1.5497448944632959,1,40.301877961948165,-0.006336044259614666,0.006336044259614666
0.028030000000000003,0.013694954652365143,1.5501463035174916,1,40.14090541957077,-0.006320546810670031,0.006320546810670031
0.028040000000000002,0.013710460113391987,1.550546102684427,1,39.97991669352964,-0.006305045347634857,0.006305045347634857
0.028050000000000002,0.013725969556310027,1.5509442918038991,1,39.818911947222034,-0.006289539886608013,0.006289539886608013
0.02806,0.013741482965017201,1.5513408707173395,1,39.657891344037,-0.0062740304436899735,0.0062740304436899735
0.02807,0.013757000323409877,1.551735839267813,1,39.49685504735507,-0.0062585170349827995,0.0062585170349827995
0.02808,0.01377252161538288,1.5521291973000186,1,39.33580322054822,-0.006242999676590123,0.006242999676590123
0.028090000000000004,0.01378804682482948,1.5525209446602883,1,39.1747360269795,-0.006227478384617121,0.006227478384617121
0.028100000000000003,0.013803575935641448,1.5529110811965883,1,39.01365363000323,-0.00621195317517052,0.00621195317517052
0.028110000000000003,0.013819108931709033,1.5532996067585179,1,38.85255619296439,-0.006196424064358552,0.006196424064358552
0.028120000000000003,0.013834645796921004,1.5536865211973099,1,38.691443879198914,-0.0061808910682909675,0.0061808910682909675
0.028130000000000002,0.013850186515164665,1.5540718243658302,1,38.53031685203309,-0.006165354203078994,0.006165354203078994
0.028140000000000002,0.013865731070325849,1.554455516118578,1,38.36917527478376,-0.006149813484835336,0.006149813484835336
0.02815,0.013881279446288967,1.5548375963116856,1,38.208019310757955,-0.00613426892967415,0.00613426892967415
0.02816,0.013896831626936997,1.5552180648029181,1,38.046849123252805,-0.006118720553711033,0.006118720553711033
0.02817,0.013912387596151512,1.5555969214516736,1,37.88566487555532,-0.006103168373063003,0.006103168373063003
0.028180000000000004,0.013927947337812701,1.555974166118983,1,37.72446673094238,-0.0060876124038484886,0.0060876124038484886
0.028190000000000003,0.013943510835799377,1.5563497986675099,1,37.56325485268029,-0.006072052662187298,0.006072052662187298
0.028200000000000003,0.013959078073988992,1.5567238189615502,1,37.402029404024915,-0.0060564891642006236,0.0060564891642006236
0.028210000000000002,0.013974649036257662,1.5570962268670325,1,37.240790548221355,-0.006040921926011007,0.006040921926011007
0.028220000000000002,0.01399022370648018,1.5574670222515177,1,37.07953844850383,-0.006025350963742336,0.006025350963742336
0.02823,0.01400580206853002,1.5578362049841987,1,36.91827326809552,-0.006009776293519821,0.006009776293519821
0.02824,0.014021384106279379,1.5582037749359008,1,36.75699517020837,-0.005994197931469979,0.005994197931469979
0.02825,0.01403696980359917,1.5585697319790812,1,36.59570431804296,-0.00597861589372062,0.00597861589372062
0.028260000000000004,0.014052559144359048,1.5589340759878292,1,36.43440087478835,-0.005963030196400829,0.005963030196400829
0.028270000000000003,0.014068152112427429,1.5592968068378654,1,36.273085003621865,-0.0059474408556409505,0.0059474408556409505
0.028280000000000003,0.014083748691671494,1.5596579244065425,1,36.111756867709026,-0.0059318478875725715,0.0059318478875725715
0.028290000000000003,0.014099348865957224,1.5600174285728445,1,35.95041663020329,-0.005916251308328506,0.005916251308328506
0.028300000000000002,0.014114952619149395,1.560375319217387,1,35.78906445424595,-0.005900651134042777,0.005900651134042777
0.028310000000000002,0.014130559935111621,1.5607315962224166,1,35.62770050296599,-0.005885047380850604,0.005885047380850604
0.02832,0.014146170797706338,1.5610862594718113,1,35.46632493947984,-0.0058694400648883795,0.0058694400648883795
0.02833,0.014161785190794848,1.5614393088510803,1,35.30493792689129,-0.005853829202293662,0.005853829202293662
0.02834,0.014177403098237323,1.5617907442473633,1,35.14353962829126,-0.00583821480920515,0.00583821480920515
0.028350000000000004,0.014193024503892818,1.562140565549431,1,34.9821302067578,-0.005822596901762678,0.005822596901762678
0.028360000000000003,0.014208649391619293,1.5624887726476844,1,34.82070982535567,-0.005806975496107182,0.005806975496107182
0.028370000000000003,0.014224277745273635,1.5628353654341558,1,34.659278647136425,-0.005791350608380706,0.005791350608380706
0.028380000000000002,0.014239909548711661,1.5631803438025071,1,34.497836835138116,-0.0057757222547263655,0.0057757222547263655
0.028390000000000002,0.014255544785788141,1.563523707648031,1,34.33638455238512,-0.005760090451288339,0.005760090451288339
0.0284,0.014271183440356817,1.56386545686765,1,34.17492196188811,-0.005744455214211859,0.005744455214211859
0.02841,0.014286825496270417,1.5642055913599164,1,34.01344922664374,-0.005728816559643184,0.005728816559643184
0.02842,0.014302470937380664,1.5645441110250127,1,33.851966509634565,-0.005713174503729584,0.005713174503729584
0.028430000000000004,0.014318119747538313,1.564881015764751,1,33.69047397382889,-0.005697529062619335,0.005697529062619335
0.028440000000000003,0.014333771910593138,1.5652163054825727,1,33.52897178218051,-0.005681880252461687,0.005681880252461687
0.028450000000000003,0.014349427410393974,1.565549980083549,1,33.36746009762875,-0.005666228089406863,0.005666228089406863
0.028460000000000003,0.014365086230788717,1.56588203947438,1,33.20593908309805,-0.005650572589606027,0.005650572589606027
0.028470000000000002,0.014380748355624352,1.566212483563395,1,33.04440890149802,-0.005634913769211283,0.005634913769211283
0.028480000000000002,0.014396413768746955,1.5665413122605523,1,32.882869715723125,-0.005619251644375649,0.005619251644375649
0.02849,0.014412082454001732,1.5668685254774388,1,32.72132168865268,-0.005603586231253045,0.005603586231253045
0.0285,0.014427754395233004,1.5671941231272704,1,32.55976498315047,-0.005587917545998269,0.005587917545998269
0.02851,0.014443429576284254,1.567518105124891,1,32.39819976206487,-0.005572245604766997,0.005572245604766997
0.028520000000000004,0.014459107980998118,1.5678404713867733,1,32.236626188228406,-0.005556570423715747,0.005556570423715747
0.028530000000000003,0.01447478959321643,1.568161221831018,1,32.07504442445782,-0.00554089201900188,0.00554089201900188
0.028540000000000003,0.014490474396780202,1.5684803563773535,1,31.913454633553744,-0.005525210406783571,0.005525210406783571
0.028550000000000002,0.014506162375529676,1.5687978749471365,1,31.751856978300616,-0.0055095256032197965,0.0055095256032197965
0.028560000000000002,0.01452185351330431,1.5691137774633512,1,31.590251621466543,-0.005493837624470324,0.005493837624470324
0.02857,0.014537547793942816,1.5694280638506093,1,31.428638725803108,-0.00547814648669569,0.00547814648669569
0.02858,0.014553245201283167,1.5697407340351497,1,31.267018454045186,-0.005462452206057185,0.005462452206057185
0.02859,0.014568945719162615,1.5700517879448388,1,31.10539096891081,-0.005446754798716834,0.005446754798716834
0.028600000000000004,0.014584649331417707,1.57036122550917,1,30.943756433101044,-0.005431054280837386,0.005431054280837386
0.028610000000000003,0.014600356021884298,1.570669046659263,1,30.78211500929972,-0.005415350668582293,0.005415350668582293
0.028620000000000003,0.014616065774397578,1.5709752513278648,1,30.620466860173426,-0.0053996439781157,0.0053996439781157
0.028630000000000003,0.014631778572792072,1.5712798394493486,1,30.458812148371216,-0.005383934225602422,0.005383934225602422
0.028640000000000002,0.014647494400901667,1.5715828109597139,1,30.297151036524504,-0.005368221427207928,0.005368221427207928
0.028650000000000002,0.014663213242559633,1.5718841657965863,1,30.135483687246936,-0.005352505599098332,0.005352505599098332
0.02866,0.014678935081598628,1.5721839038992176,1,29.973810263134144,-0.005336786757440367,0.005336786757440367
0.02867,0.014694659901850711,1.5724820252084852,1,29.812130926763636,-0.005321064918401373,0.005321064918401373
0.02868,0.014710387687147379,1.5727785296668921,1,29.65044584069471,-0.0053053400981492894,0.0053053400981492894
0.028690000000000004,0.014726118421319566,1.5730734172185667,1,29.48875516746814,-0.00528961231285262,0.00528961231285262
0.028700000000000003,0.014741852088197657,1.573366687809263,1,29.327059069606126,-0.0052738815786804345,0.0052738815786804345
0.028710000000000003,0.014757588671611522,1.573658341386359,1,29.165357709612103,-0.0052581479118023414,0.0052581479118023414
0.028720000000000002,0.014773328155390512,1.5739483778988588,1,29.0036512499706,-0.0052424113283884785,0.0052424113283884785
0.028730000000000002,0.014789070523363486,1.5742367972973903,1,28.841939853147007,-0.005226671844609489,0.005226671844609489
0.02874,0.014804815759358828,1.5745235995342062,1,28.68022368158756,-0.0052109294766365145,0.0052109294766365145
0.02875,0.014820563847204461,1.5748087845631833,1,28.51850289771903,-0.005195184240641172,0.005195184240641172
0.02876,0.01483631477072786,1.5750923523398228,1,28.356777663948623,-0.005179436152795539,0.005179436152795539
0.028770000000000004,0.014852068513756072,1.5753743028212495,1,28.195048142663875,-0.005163685229272141,0.005163685229272141
0.028780000000000003,0.014867825060115733,1.5756546359662118,1,28.03331449623239,-0.0051479314862439285,0.0051479314862439285
0.028790000000000003,0.014883584393633083,1.5759333517350818,1,27.87157688700177,-0.005132174939884267,0.005132174939884267
0.028800000000000003,0.014899346498133983,1.5762104500898548,1,27.709835477299382,-0.005116415606366918,0.005116415606366918
0.028810000000000002,0.014915111357443923,1.5764859309941492,1,27.548090429432236,-0.005100653501866018,0.005100653501866018
0.028820000000000002,0.014930878955388055,1.5767597944132061,1,27.386341905686887,-0.005084888642556077,0.005084888642556077
0.02883,0.014946649275791195,1.5770320403138893,1,27.224590068329142,-0.005069121044611945,0.005069121044611945
0.02884,0.014962422302477841,1.5773026686646854,1,27.06283507960399,-0.005053350724208806,0.005053350724208806
0.02885,0.0149781980192722,1.5775716794357026,1,26.901077101735442,-0.0050375776975221595,0.0050375776975221595
0.028860000000000004,0.014993976409998184,1.577839072598672,1,26.73931629692632,-0.0050218019807278,0.0050218019807278
0.028870000000000003,0.015009757458479454,1.5781048481269455,1,26.577552827358208,-0.005006023590001815,0.005006023590001815
0.028880000000000003,0.01502554114853941,1.5783690059954973,1,26.41578685519113,-0.004990242541520546,0.004990242541520546
0.028890000000000002,0.01504132746400122,1.578631546180923,1,26.25401854256353,-0.004974458851460591,0.004974458851460591
0.028900000000000002,0.015057116388687834,1.578892468661439,1,26.09224805159202,-0.004958672535998781,0.004958672535998781
0.02891,0.015072907906422003,1.5791517734168827,1,25.930475544371316,-0.004942883611312166,0.004942883611312166
0.02892,0.01508870200102629,1.5794094604287126,1,25.76870118297401,-0.004927092093577997,0.004927092093577997
0.02893,0.01510449865632309,1.579665529680007,1,25.606925129450392,-0.004911297998973711,0.004911297998973711
0.028940000000000004,0.015120297856134644,1.5799199811554654,1,25.445147545828345,-0.00489550134367691,0.00489550134367691
0.028950000000000004,0.01513609958428306,1.5801728148414065,1,25.283368594113227,-0.004879702143865357,0.004879702143865357
0.028960000000000003,0.015151903824590317,1.5804240307257693,1,25.121588436287524,-0.004863900415716941,0.004863900415716941
0.028970000000000003,0.015167710560878296,1.5806736287981125,1,24.95980723431095,-0.004848096175409683,0.004848096175409683
0.028980000000000002,0.015183519776968794,1.5809216090496137,1,24.798025150120097,-0.004832289439121703,0.004832289439121703
0.028990000000000002,0.015199331456683524,1.58116797147307,1,24.636242345628336,-0.004816480223031206,0.004816480223031206
0.029,0.015215145583844153,1.5814127160628972,1,24.474458982725693,-0.004800668543316476,0.004800668543316476
0.02901,0.015230962142272306,1.58165584281513,1,24.31267522327862,-0.0047848544161558475,0.0047848544161558475
0.02902,0.01524678111578958,1.5818973517274213,1,24.150891229129876,-0.004769037857727695,0.004769037857727695
0.029030000000000004,0.01526260248821757,1.5821372427990423,1,23.98910716209842,-0.00475321888421042,0.00475321888421042
0.029040000000000003,0.015278426243377878,1.5823755160308821,1,23.82732318397916,-0.00473739751178243,0.00473739751178243
0.029050000000000003,0.015294252365092131,1.5826121714254475,1,23.66553945654285,-0.004721573756622122,0.004721573756622122
0.029060000000000002,0.015310080837182001,1.5828472089868628,1,23.503756141535863,-0.004705747634907867,0.004705747634907867
0.029070000000000002,0.01532591164346921,1.5830806287208696,1,23.341973400680182,-0.004689919162817999,0.004689919162817999
0.02908,0.01534174476777556,1.5833124306348263,1,23.180191395673074,-0.004674088356530791,0.004674088356530791
0.02909,0.015357580193922936,1.583542614737708,1,23.018410288187024,-0.004658255232224441,0.004658255232224441
0.0291,0.015373417905733336,1.5837711810401067,1,22.856630239869588,-0.0046424198060770645,0.0046424198060770645
0.029110000000000004,0.015389257887028877,1.5839981295542302,1,22.694851412343166,-0.0046265820942666645,0.0046265820942666645
0.029120000000000004,0.015405100121631817,1.5842234602939023,1,22.533073967204874,-0.004610742112971121,0.004610742112971121
0.029130000000000003,0.015420944593364565,1.5844471732745626,1,22.371298066026473,-0.004594899878368183,0.004594899878368183
0.029140000000000003,0.015436791286049696,1.5846692685132662,1,22.209523870354012,-0.004579055406635436,0.004579055406635436
0.029150000000000002,0.015452640183509982,1.5848897460286833,1,22.04775154170793,-0.004563208713950304,0.004563208713950304
0.029160000000000002,0.015468491269568393,1.585108605841099,1,21.885981241582645,-0.004547359816490017,0.004547359816490017
0.02917,0.01548434452804812,1.5853258479724135,1,21.724213131446565,-0.004531508730431606,0.004531508730431606
0.02918,0.015500199942772581,1.585541472446141,1,21.562447372741854,-0.004515655471951881,0.004515655471951881
0.02919,0.015516057497565454,1.5857554792874098,1,21.400684126884343,-0.004499800057227419,0.004499800057227419
0.029200000000000004,0.015531917176250683,1.5859678685229623,1,21.238923555263295,-0.0044839425024345465,0.0044839425024345465
0.029210000000000003,0.015547778962652494,1.5861786401811548,1,21.07716581924125,-0.004468082823749317,0.004468082823749317
0.029220000000000003,0.015563642840595415,1.5863877942919564,1,20.915411080153937,-0.0044522210373475046,0.0044522210373475046
0.029230000000000003,0.015579508793904285,1.5865953308869496,1,20.75365949931008,-0.004436357159404585,0.004436357159404585
0.029240000000000002,0.015595376806404278,1.5868012499993296,1,20.591911237991212,-0.0044204912060957155,0.0044204912060957155
0.02925,0.015611246861920919,1.5870055516639041,1,20.430166457451566,-0.004404623193595723,0.004404623193595723
0.02926,0.015627118944280087,1.5872082359170934,1,20.268425318917853,-0.004388753138079082,0.004388753138079082
0.02927,0.015642993037308057,1.5874093027969292,1,20.10668798358925,-0.004372881055719913,0.004372881055719913
0.029280000000000004,0.015658869124831488,1.5876087523430555,1,19.944954612637,-0.004357006962691944,0.004357006962691944
0.029290000000000004,0.015674747190677456,1.5878065845967275,1,19.783225367204476,-0.004341130875168513,0.004341130875168513
0.029300000000000003,0.015690627218673463,1.5880027996008117,1,19.62150040840695,-0.004325252809322545,0.004325252809322545
0.029310000000000003,0.01570650919264746,1.588197397399785,1,19.459779897331398,-0.004309372781326537,0.004309372781326537
0.029320000000000002,0.01572239309642786,1.5883903780397353,1,19.298063995036394,-0.0042934908073525395,0.0042934908073525395
0.029330000000000002,0.015738278913843544,1.5885817415683607,1,19.136352862551895,-0.0042776069035721405,0.0042776069035721405
0.02934,0.015754166628723892,1.5887714880349695,1,18.97464666087918,-0.0042617210861564565,0.0042617210861564565
0.02935,0.015770056224898795,1.5889596174904794,1,18.81294555099062,-0.004245833371276108,0.004245833371276108
0.02936,0.01578594768619867,1.5891461299874177,1,18.651249693829477,-0.004229943775101202,0.004229943775101202
0.029370000000000004,0.01580184099645447,1.5893310255799207,1,18.48955925030993,-0.0042140523138013315,0.0042140523138013315
0.029380000000000003,0.015817736139497707,1.5895143043237339,1,18.327874381316633,-0.004198159003545532,0.004198159003545532
0.029390000000000003,0.015833633099160468,1.589695966276211,1,18.166195247704845,-0.004182263860502293,0.004182263860502293
0.029400000000000003,0.015849531859275432,1.589876011496314,1,18.00452201030014,-0.004166366900839533,0.004166366900839533
0.029410000000000002,0.015865432403675876,1.590054440044613,1,17.842854829898183,-0.004150468140724568,0.004150468140724568
0.02942,0.01588133471619571,1.5902312519832857,1,17.68119386726476,-0.004134567596324124,0.004134567596324124
0.02943,0.01589723878066947,1.590406447376117,1,17.51953928313538,-0.00411866528380429,0.00411866528380429
0.02944,0.015913144580932355,1.5905800262884993,1,17.357891238215412,-0.004102761219330529,0.004102761219330529
0.029450000000000004,0.01592905210082023,1.590751988787431,1,17.196249893179633,-0.0040868554190676455,0.0040868554190676455
0.029460000000000004,0.015944961324169647,1.5909223349415178,1,17.034615408672252,-0.004070947899179771,0.004070947899179771
0.029470000000000003,0.015960872234817854,1.5910910648209708,1,16.87298794530672,-0.004055038675830354,0.004055038675830354
0.029480000000000003,0.01597678481660283,1.5912581784976074,1,16.711367663665598,-0.004039127765182147,0.004039127765182147
0.029490000000000002,0.015992699053363278,1.5914236760448504,1,16.54975472430025,-0.004023215183397169,0.004023215183397169
0.029500000000000002,0.016008614928938656,1.5915875575377276,1,16.38814928773096,-0.004007300946636722,0.004007300946636722
0.02951,0.016024532427169186,1.5917498230528722,1,16.226551514446466,-0.003991385071061344,0.003991385071061344
0.02952,0.016040451531895872,1.5919104726685211,1,16.064961564904053,-0.003975467572830814,0.003975467572830814
0.02953,0.016056372226960516,1.5920695064645165,1,15.903379599529297,-0.003959548468104129,0.003959548468104129
0.029540000000000004,0.01607229449620574,1.5922269245223037,1,15.741805778715896,-0.003943627773039485,0.003943627773039485
0.029550000000000003,0.016088218323474988,1.592382726924932,1,15.580240262825484,-0.00392770550379426,0.00392770550379426
0.029560000000000003,0.01610414369261256,1.592536913757054,1,15.418683212187648,-0.003911781676525013,0.003911781676525013
0.029570000000000003,0.01612007058746361,1.592689485104925,1,15.257134787099494,-0.0038958563073874415,0.0038958563073874415
0.029580000000000002,0.01613599899187417,1.5928404410564032,1,15.095595147825755,-0.003879929412536391,0.003879929412536391
0.02959,0.01615192888969118,1.5929897817009493,1,14.934064454598523,-0.0038640010081258287,0.0038640010081258287
0.0296,0.01616786026476248,1.5931375071296254,1,14.772542867617018,-0.003848071110308819,0.003848071110308819
0.02961,0.01618379310093683,1.593283617435096,1,14.611030547047577,-0.003832139735237522,0.003832139735237522
0.029620000000000004,0.016199727382063944,1.593428112711626,1,14.449527653023422,-0.00381620689906317,0.00381620689906317
0.029630000000000004,0.016215663091994497,1.5935709930550825,1,14.288034345644522,-0.0038002726179360534,0.0038002726179360534
0.029640000000000003,0.016231600214580127,1.5937122585629324,1,14.126550784977423,-0.0037843369080055034,0.0037843369080055034
0.029650000000000003,0.016247538733673468,1.593851909334243,1,13.965077131055079,-0.0037683997854198736,0.0037683997854198736
0.029660000000000002,0.016263478633128166,1.5939899454696818,1,13.80361354387677,-0.0037524612663265323,0.0037524612663265323
0.029670000000000002,0.016279419896798878,1.5941263670715158,1,13.642160183407835,-0.0037365213668718346,0.0037365213668718346
0.02968,0.016295362508541314,1.5942611742436115,1,13.48071720957963,-0.003720580103201119,0.003720580103201119
0.02969,0.01631130645221223,1.5943943670914345,1,13.319284782289353,-0.0037046374914586865,0.0037046374914586865
0.0297,0.01632725171166945,1.5945259457220484,1,13.157863061399695,-0.00368869354778777,0.00368869354778777
0.029710000000000004,0.01634319827077189,1.5946559102441158,1,12.996452206739065,-0.0036727482883305504,0.0036727482883305504
0.029720000000000003,0.016359146113379568,1.5947842607678968,1,12.835052378101077,-0.0036568017292281096,0.0036568017292281096
0.029730000000000003,0.016375095223353623,1.5949109974052493,1,12.6736637352446,-0.0036408538866204328,0.0036408538866204328
0.029740000000000003,0.016391045584556316,1.5950361202696282,1,12.512286437893446,-0.0036249047766463774,0.0036249047766463774
0.029750000000000002,0.01640699718085108,1.5951596294760855,1,12.350920645736466,-0.0036089544154436805,0.0036089544154436805
0.02976,0.01642294999610249,1.5952815251412698,1,12.189566518427133,-0.0035930028191489202,0.0035930028191489202
0.02977,0.016438904014176327,1.5954018073834255,1,12.028224215583524,-0.003577050003897509,0.003577050003897509
0.02978,0.01645485921893955,1.5955204763223934,1,11.866893896788076,-0.003561095985823673,0.003561095985823673
0.029790000000000004,0.016470815594260346,1.5956375320796092,1,11.705575721587627,-0.003545140781060451,0.003545140781060451
0.029800000000000004,0.016486773124008126,1.595752974778104,1,11.544269849492979,-0.003529184405739655,0.003529184405739655
0.029810000000000003,0.01650273179205355,1.595866804542504,1,11.382976439978975,-0.003513226875991874,0.003513226875991874
0.029820000000000003,0.01651869158226854,1.5959790214990288,1,11.221695652484211,-0.003497268207946446,0.003497268207946446
0.029830000000000002,0.0165346524785263,1.5960896257754928,1,11.060427646411064,-0.0034813084177314595,0.0034813084177314595
0.029840000000000002,0.01655061446470131,1.596198617501304,1,10.899172581125173,-0.0034653475214737016,0.0034653475214737016
0.02985,0.016566577524669387,1.5963059968074635,1,10.737930615955758,-0.00344938553529869,0.00344938553529869
0.02986,0.01658254164230765,1.5964117638265656,1,10.576701910195041,-0.0034334224753306136,0.0034334224753306136
0.02987,0.016598506801494578,1.5965159186927966,1,10.415486623098424,-0.0034174583576923497,0.0034174583576923497
0.029880000000000004,0.016614472986109997,1.5966184615419354,1,10.254284913884076,-0.0034014931985054224,0.0034014931985054224
0.029890000000000003,0.01663044018003511,1.5967193925113528,1,10.093096941732929,-0.003385527013890003,0.003385527013890003
0.029900000000000003,0.01664640836715251,1.5968187117400106,1,9.931922865788504,-0.003369559819964889,0.003369559819964889
0.029910000000000003,0.0166623775313462,1.5969164193684622,1,9.77076284515675,-0.003353591632847489,0.003353591632847489
0.029920000000000002,0.016678347656501585,1.5970125155388513,1,9.609617038905814,-0.0033376224686538017,0.0033376224686538017
0.029930000000000002,0.016694318726505536,1.597107000394912,1,9.448485606066079,-0.003321652343498415,0.003321652343498415
0.02994,0.016710290725246355,1.5971998740819682,1,9.287368705629733,-0.0033056812734944645,0.0033056812734944645
0.02995,0.016726263636613822,1.5972911367469338,1,9.126266496550894,-0.0032897092747536452,0.0032897092747536452
0.029960000000000004,0.01674223744449921,1.5973807885383113,1,8.965179137745295,-0.003273736363386178,0.003273736363386178
0.029970000000000004,0.01675821213279527,1.5974688296061923,1,8.804106788090069,-0.003257762555500792,0.003257762555500792
0.029980000000000003,0.01677418768539629,1.5975552601022565,1,8.64304960642389,-0.003241787867204731,0.003241787867204731
0.029990000000000003,0.01679016408619809,1.5976400801797719,1,8.482007751546465,-0.003225812314603709,0.003225812314603709
0.030000000000000002,0.016806141319098026,1.597723289993594,1,8.320981382218577,-0.0032098359138019103,0.0032098359138019103
0.030010000000000002,0.016822119367995027,1.5978048897001655,1,8.159970657161946,-0.0031938586809019745,0.0031938586809019745
0.03002,0.016838098216789603,1.5978848794575162,1,7.998975735058981,-0.0031778806320049736,0.0031778806320049736
0.03003,0.016854077849383857,1.5979632594252617,1,7.837996774552643,-0.0031619017832103975,0.0031619017832103975
0.03004,0.0168700582496815,1.5980400297646042,1,7.677033934246391,-0.0031459221506161435,0.0031459221506161435
0.030050000000000004,0.016886039401587886,1.5981151906383313,1,7.516087372703953,-0.003129941750318499,0.003129941750318499
0.030060000000000003,0.016902021289009993,1.5981887422108159,1,7.355157248449084,-0.003113960598412114,0.003113960598412114
0.030070000000000003,0.016918003895856473,1.5982606846480154,1,7.194243719965654,-0.0030979787109900077,0.0030979787109900077
0.030080000000000003,0.01693398720603765,1.5983310181174724,1,7.033346945697219,-0.003081996104143527,0.003081996104143527
0.030090000000000002,0.01694997120346553,1.5983997427883128,1,6.872467084047047,-0.0030660127939623506,0.0030660127939623506
0.030100000000000002,0.016965955872053844,1.5984668588312465,1,6.711604293378004,-0.00305002879653447,0.00305002879653447
0.03011,0.01698194119571803,1.5985323664185667,1,6.550758732012143,-0.0030340441279461568,0.0030340441279461568
0.03012,0.01699792715837527,1.598596265724149,1,6.389930558230876,-0.0030180588042819714,0.0030180588042819714
0.030130000000000004,0.017013913743944505,1.5986585569234517,1,6.229119930274597,-0.0030020728416247297,0.0030020728416247297
0.030140000000000004,0.01702990093634644,1.598719240193515,1,6.068327006342631,-0.002986086256055495,0.002986086256055495
0.030150000000000003,0.01704588871950357,1.598778315712961,1,5.9075519445930595,-0.002970099063653562,0.002970099063653562
0.030160000000000003,0.01706187707734019,1.5988357836619924,1,5.746794903142494,-0.0029541112804964305,0.0029541112804964305
0.030170000000000002,0.017077865993782415,1.598891644222393,1,5.586056040066099,-0.002938122922659811,0.002938122922659811
0.030180000000000002,0.01709385545275819,1.598945897577527,1,5.425335513397257,-0.0029221340062175853,0.0029221340062175853
0.03019,0.017109845438197314,1.5989985439123382,1,5.264633481127554,-0.0029061445472418103,0.0029061445472418103
0.0302,0.017125835934031445,1.5990495834133502,1,5.103950101206507,-0.0028901545618026867,0.0028901545618026867
0.03021,0.017141826924194133,1.5990990162686656,1,4.943285531541541,-0.0028741640659685555,0.0028741640659685555
0.030220000000000004,0.017157818392620813,1.5991468426679656,1,4.782639929997658,-0.002858173075805867,0.002858173075805867
0.030230000000000003,0.01717381032324884,1.5991930628025095,1,4.622013454397535,-0.002842181607379188,0.002842181607379188
0.030240000000000003,0.01718980270001749,1.5992376768651346,1,4.461406262521134,-0.002826189676751162,0.002826189676751162
0.030250000000000003,0.01720579550686799,1.5992806850502557,1,4.3008185121057165,-0.0028101972999825114,0.0028101972999825114
0.030260000000000002,0.01722178872774353,1.599322087553864,1,4.140250360845571,-0.002794204493132009,0.002794204493132009
0.030270000000000002,0.017237782346589264,1.599361884573528,1,3.9797019663919455,-0.00277821127225647,0.00277821127225647
0.03028,0.01725377634735235,1.5994000763083915,1,3.81917348635289,-0.002762217653410736,0.002762217653410736
0.03029,0.01726977071398194,1.5994366629591745,1,3.658665078293006,-0.0027462236526476502,0.0027462236526476502
0.030300000000000004,0.01728576543042922,1.5994716447281718,1,3.4981768997335054,-0.0027302292860180606,0.0027302292860180606
0.030310000000000004,0.017301760480647417,1.5995050218192532,1,3.3377091081517833,-0.002714234569570779,0.002714234569570779
0.030320000000000003,0.017317755848591795,1.5995367944378631,1,3.1772618609814662,-0.0026982395193525834,0.0026982395193525834
0.030330000000000003,0.017333751518219705,1.5995669627910192,1,3.0168353156122842,-0.0026822441514082057,0.0026822441514082057
0.030340000000000002,0.01734974747349058,1.599595527087313,1,2.8564296293897296,-0.0026662484817802957,0.0026662484817802957
0.030350000000000002,0.017365743698365948,1.5996224875369092,1,2.696044959615056,-0.0026502525265094216,0.0026502525265094216
0.03036,0.017381740176809463,1.5996478443515447,1,2.5356814635451093,-0.0026342563016340526,0.0026342563016340526
0.03037,0.017397736892786907,1.5996715977445286,1,2.375339298392143,-0.002618259823190538,0.002618259823190538
0.03038,0.017413733830266214,1.5996937479307418,1,2.2150186213236784,-0.002602263107213093,0.002602263107213093
0.030390000000000004,0.017429730973217483,1.5997142951266365,1,2.0547195894623584,-0.0025862661697337863,0.0025862661697337863
0.030400000000000003,0.017445728305612983,1.5997332395502355,1,1.8944423598857638,-0.002570269026782517,0.002570269026782517
0.030410000000000003,0.017461725811427194,1.5997505814211317,1,1.734187089626419,-0.002554271694387017,0.002554271694387017
0.030420000000000003,0.0174777234746368,1.5997663209604884,1,1.5739539356713699,-0.0025382741885728068,0.0025382741885728068
0.030430000000000002,0.017493721279220713,1.599780458391038,1,1.4137430549622325,-0.0025222765253632012,0.0025222765253632012
0.030440000000000002,0.01750971920916008,1.5997929939370819,1,1.253554604394997,-0.0025062787207792876,0.0025062787207792876
0.03045,0.01752571724843833,1.59980392782449,1,1.0933887408199512,-0.002490280790839919,0.002490280790839919
0.03046,0.017541715381041136,1.5998132602807005,1,0.9332456210412896,-0.002474282751561672,0.002474282751561672
0.030470000000000004,0.01755771359095648,1.5998209915347186,1,0.7731254018172756,-0.002458284618958865,0.002458284618958865
0.030480000000000004,0.017573711862174653,1.5998271218171172,1,0.6130282398598815,-0.0024422864090435197,0.0024422864090435197
0.030490000000000003,0.017589710178688253,1.5998316513600355,1,0.45295429183464564,-0.002426288137825347,0.002426288137825347
0.030500000000000003,0.017605708524492225,1.5998345803971792,1,0.29290371436068446,-0.0024102898213117473,0.0024102898213117473
0.030510000000000002,0.017621706883583863,1.5998359091638192,1,0.1328766640103481,-0.0023942914755077753,0.0023942914755077753
0.030520000000000002,0.0176377052426755,1.5998359091638192,1,0.0,-0.0023782931164161372,0.0023782931164161372
0.03053,0.01765370360176714,1.5998359091638192,1,0.0,-0.002362294757324499,0.002362294757324499
0.03054,0.017669701960858777,1.5998359091638192,1,0.0,-0.002346296398232861,0.002346296398232861
0.03055,0.017685700319950415,1.5998359091638192,1,0.0,-0.002330298039141223,0.002330298039141223
0.030560000000000004,0.017701698679042054,1.5998359091638192,1,0.0,-0.002314299680049585,0.002314299680049585
0.030570000000000003,0.01771769703813369,1.5998359091638192,1,0.0,-0.002298301320957947,0.002298301320957947
0.030580000000000003,0.01773369539722533,1.5998359091638192,1,0.0,-0.0022823029618663088,0.0022823029618663088
0.030590000000000003,0.017749693756316968,1.5998359091638192,1,0.0,-0.0022663046027746707,0.0022663046027746707
0.030600000000000002,0.017765692115408606,1.5998359091638192,1,0.0,-0.0022503062436830326,0.0022503062436830326
0.030610000000000002,0.017781690474500244,1.5998359091638192,1,0.0,-0.0022343078845913945,0.0022343078845913945
0.03062,0.017797688833591882,1.5998359091638192,1,0.0,-0.0022183095254997565,0.0022183095254997565
0.03063,0.01781368719268352,1.5998359091638192,1,0.0,-0.0022023111664081184,0.0022023111664081184
0.030640000000000004,0.017829685551775158,1.5998359091638192,1,0.0,-0.0021863128073164803,0.0021863128073164803
0.030650000000000004,0.017845683910866796,1.5998359091638192,1,0.0,-0.0021703144482248422,0.0021703144482248422
0.030660000000000003,0.017861682269958434,1.5998359091638192,1,0.0,-0.002154316089133204,0.002154316089133204
0.030670000000000003,0.017877680629050072,1.5998359091638192,1,0.0,-0.002138317730041566,0.002138317730041566
0.030680000000000002,0.01789367898814171,1.5998359091638192,1,0.0,-0.002122319370949928,0.002122319370949928
0.030690000000000002,0.01790967734723335,1.5998359091638192,1,0.0,-0.00210632101185829,0.00210632101185829
0.0307,0.017925675706324987,1.5998359091638192,1,0.0,-0.002090322652766652,0.002090322652766652
0.03071,0.017941674065416625,1.5998359091638192,1,0.0,-0.0020743242936750138,0.0020743242936750138
0.030720000000000004,0.017957672424508263,1.5998359091638192,1,0.0,-0.0020583259345833757,0.0020583259345833757
0.030730000000000004,0.0179736707835999,1.5998359091638192,1,0.0,-0.0020423275754917376,0.0020423275754917376
0.030740000000000003,0.01798966914269154,1.5998359091638192,1,0.0,-0.0020263292164000996,0.0020263292164000996
0.030750000000000003,0.018005667501783177,1.5998359091638192,1,0.0,-0.0020103308573084615,0.0020103308573084615
0.030760000000000003,0.018021665860874815,1.5998359091638192,1,0.0,-0.0019943324982168234,0.0019943324982168234
0.030770000000000002,0.018037664219966453,1.5998359091638192,1,0.0,-0.0019783341391251853,0.0019783341391251853
0.030780000000000002,0.01805366257905809,1.5998359091638192,1,0.0,-0.0019623357800335473,0.0019623357800335473
0.03079,0.01806966093814973,1.5998359091638192,1,0.0,-0.0019463374209419092,0.0019463374209419092
0.0308,0.018085659297241367,1.5998359091638192,1,0.0,-0.001930339061850271,0.001930339061850271
0.030810000000000004,0.018101657656333005,1.5998359091638192,1,0.0,-0.001914340702758633,0.001914340702758633
0.030820000000000004,0.018117656015424644,1.5998359091638192,1,0.0,-0.001898342343666995,0.001898342343666995
0.030830000000000003,0.01813365437451628,1.5998359091638192,1,0.0,-0.0018823439845753569,0.0018823439845753569
0.030840000000000003,0.01814965273360792,1.5998359091638192,1,0.0,-0.0018663456254837188,0.0018663456254837188
0.030850000000000002,0.018165651092699558,1.5998359091638192,1,0.0,-0.0018503472663920807,0.0018503472663920807
0.030860000000000002,0.018181649451791196,1.5998359091638192,1,0.0,-0.0018343489073004426,0.0018343489073004426
0.03087,0.018197647810882834,1.5998359091638192,1,0.0,-0.0018183505482088046,0.0018183505482088046
0.03088,0.018213646169974472,1.5998359091638192,1,0.0,-0.0018023521891171665,0.0018023521891171665
0.030890000000000004,0.01822964452906611,1.5998359091638192,1,0.0,-0.0017863538300255284,0.0017863538300255284
0.030900000000000004,0.018245642888157748,1.5998359091638192,1,0.0,-0.0017703554709338903,0.0017703554709338903
0.030910000000000003,0.018261641247249386,1.5998359091638192,1,0.0,-0.0017543571118422523,0.0017543571118422523
0.030920000000000003,0.018277639606341024,1.5998359091638192,1,0.0,-0.0017383587527506142,0.0017383587527506142
0.030930000000000003,0.018293637965432662,1.5998359091638192,1,0.0,-0.0017223603936589761,0.0017223603936589761
0.030940000000000002,0.0183096363245243,1.5998359091638192,1,0.0,-0.001706362034567338,0.001706362034567338
0.030950000000000002,0.01832563468361594,1.5998359091638192,1,0.0,-0.0016903636754757,0.0016903636754757
0.03096,0.018341633042707577,1.5998359091638192,1,0.0,-0.0016743653163840619,0.0016743653163840619
0.03097,0.018357631401799215,1.5998359091638192,1,0.0,-0.0016583669572924238,0.0016583669572924238
0.030980000000000004,0.018373629760890853,1.5998359091638192,1,0.0,-0.0016423685982007857,0.0016423685982007857
0.030990000000000004,0.01838962811998249,1.5998359091638192,1,0.0,-0.0016263702391091477,0.0016263702391091477
0.031000000000000003,0.01840562647907413,1.5998359091638192,1,0.0,-0.0016103718800175096,0.0016103718800175096
0.031010000000000003,0.018421624838165767,1.5998359091638192,1,0.0,-0.0015943735209258715,0.0015943735209258715
0.031020000000000002,0.018437623197257405,1.5998359091638192,1,0.0,-0.0015783751618342334,0.0015783751618342334
0.031030000000000002,0.018453621556349043,1.5998359091638192,1,0.0,-0.0015623768027425954,0.0015623768027425954
0.03104,0.01846961991544068,1.5998359091638192,1,0.0,-0.0015463784436509573,0.0015463784436509573
0.03105,0.01848561827453232,1.5998359091638192,1,0.0,-0.0015303800845593192,0.0015303800845593192
0.031060000000000004,0.018501616633623957,1.5998359091638192,1,0.0,-0.0015143817254676811,0.0015143817254676811
0.031070000000000004,0.018517614992715595,1.5998359091638192,1,0.0,-0.001498383366376043,0.001498383366376043
0.031080000000000003,0.018533613351807234,1.5998359091638192,1,0.0,-0.001482385007284405,0.001482385007284405
0.031090000000000003,0.01854961171089887,1.5998359091638192,1,0.0,-0.001466386648192767,0.001466386648192767
0.031100000000000003,0.01856561006999051,1.5998359091638192,1,0.0,-0.0014503882891011288,0.0014503882891011288
0.031110000000000002,0.018581608429082148,1.5998359091638192,1,0.0,-0.0014343899300094907,0.0014343899300094907
0.031120000000000002,0.018597606788173786,1.5998359091638192,1,0.0,-0.0014183915709178527,0.0014183915709178527
0.03113,0.018613605147265424,1.5998359091638192,1,0.0,-0.0014023932118262146,0.0014023932118262146
0.03114,0.018629603506357062,1.5998359091638192,1,0.0,-0.0013863948527345765,0.0013863948527345765
0.031150000000000004,0.0186456018654487,1.5998359091638192,1,0.0,-0.0013703964936429384,0.0013703964936429384
0.031160000000000004,0.018661600224540338,1.5998359091638192,1,0.0,-0.0013543981345513004,0.0013543981345513004
0.031170000000000003,0.018677598583631976,1.5998359091638192,1,0.0,-0.0013383997754596623,0.0013383997754596623
0.031180000000000003,0.018693596942723614,1.5998359091638192,1,0.0,-0.0013224014163680242,0.0013224014163680242
0.031190000000000002,0.018709595301815252,1.5998359091638192,1,0.0,-0.0013064030572763861,0.0013064030572763861
0.031200000000000002,0.01872559366090689,1.5998359091638192,1,0.0,-0.001290404698184748,0.001290404698184748
0.03121,0.01874159201999853,1.5998359091638192,1,0.0,-0.00127440633909311,0.00127440633909311
0.03122,0.018757590379090167,1.5998359091638192,1,0.0,-0.001258407980001472,0.001258407980001472
0.031230000000000004,0.018773588738181805,1.5998359091638192,1,0.0,-0.0012424096209098338,0.0012424096209098338
0.031240000000000004,0.018789587097273443,1.5998359091638192,1,0.0,-0.0012264112618181958,0.0012264112618181958
0.03125,0.01880558545636508,1.5998359091638192,1,0.0,-0.0012104129027265577,0.0012104129027265577
0.03126,0.01882158381545672,1.5998359091638192,1,0.0,-0.0011944145436349196,0.0011944145436349196
0.03127,0.018837582174548357,1.5998359091638192,1,0.0,-0.0011784161845432815,0.0011784161845432815
0.03128,0.018853580533639995,1.5998359091638192,1,0.0,-0.0011624178254516435,0.0011624178254516435
0.031290000000000005,0.018869578892731633,1.5998359091638192,1,0.0,-0.0011464194663600054,0.0011464194663600054
0.0313,0.01888557725182327,1.5998359091638192,1,0.0,-0.0011304211072683673,0.0011304211072683673
0.031310000000000004,0.01890157561091491,1.5998359091638192,1,0.0,-0.0011144227481767292,0.0011144227481767292
0.03132,0.018917573970006547,1.5998359091638192,1,0.0,-0.0010984243890850912,0.0010984243890850912
0.031330000000000004,0.018933572329098185,1.5998359091638192,1,0.0,-0.001082426029993453,0.001082426029993453
0.03134,0.018949570688189823,1.5998359091638192,1,0.0,-0.001066427670901815,0.001066427670901815
0.03135,0.01896556904728146,1.5998359091638192,1,0.0,-0.001050429311810177,0.001050429311810177
0.031360000000000006,0.0189815674063731,1.5998359091638192,1,0.0,-0.0010344309527185389,0.0010344309527185389
0.03137,0.018997565765464738,1.5998359091638192,1,0.0,-0.0010184325936269008,0.0010184325936269008
0.031380000000000005,0.019013564124556376,1.5998359091638192,1,0.0,-0.0010024342345352627,0.0010024342345352627
0.03139,0.019029562483648014,1.5998359091638192,1,0.0,-0.0009864358754436246,0.0009864358754436246
0.031400000000000004,0.019045560842739652,1.5998359091638192,1,0.0,-0.0009704375163519866,0.0009704375163519866
0.03141,0.01906155920183129,1.5998359091638192,1,0.0,-0.0009544391572603485,0.0009544391572603485
0.031420000000000003,0.019077557560922928,1.5998359091638192,1,0.0,-0.0009384407981687104,0.0009384407981687104
0.03143,0.019093555920014566,1.5998359091638192,1,0.0,-0.0009224424390770723,0.0009224424390770723
0.03144,0.019109554279106204,1.5998359091638192,1,0.0,-0.0009064440799854342,0.0009064440799854342
0.031450000000000006,0.019125552638197842,1.5998359091638192,1,0.0,-0.0008904457208937962,0.0008904457208937962
0.03146,0.01914155099728948,1.5998359091638192,1,0.0,-0.0008744473618021581,0.0008744473618021581
0.031470000000000005,0.01915754935638112,1.5998359091638192,1,0.0,-0.00085844900271052,0.00085844900271052
0.03148,0.019173547715472757,1.5998359091638192,1,0.0,-0.0008424506436188819,0.0008424506436188819
0.031490000000000004,0.019189546074564395,1.5998359091638192,1,0.0,-0.0008264522845272439,0.0008264522845272439
0.0315,0.019205544433656033,1.5998359091638192,1,0.0,-0.0008104539254356058,0.0008104539254356058
0.03151,0.019221542792747674,1.5998359091638192,1,0.0,-0.0007944555663439677,0.0007944555663439677
0.03152,0.019237541151839312,1.5998359091638192,1,0.0,-0.0007784572072523262,0.0007784572072523262
0.03153,0.01925353951093095,1.5998359091638192,1,0.0,-0.0007624588481606881,0.0007624588481606881
0.031540000000000006,0.01926953787002259,1.5998359091638192,1,0.0,-0.00074646048906905,0.00074646048906905
0.03155,0.019285536229114227,1.5998359091638192,1,0.0,-0.0007304621299774119,0.0007304621299774119
0.031560000000000005,0.019301534588205865,1.5998359091638192,1,0.0,-0.0007144637708857739,0.0007144637708857739
0.03157,0.019317532947297503,1.5998359091638192,1,0.0,-0.0006984654117941358,0.0006984654117941358
0.031580000000000004,0.01933353130638914,1.5998359091638192,1,0.0,-0.0006824670527024977,0.0006824670527024977
0.03159,0.01934952966548078,1.5998359091638192,1,0.0,-0.0006664686936108596,0.0006664686936108596
0.0316,0.019365528024572417,1.5998359091638192,1,0.0,-0.0006504703345192216,0.0006504703345192216
0.03161,0.019381526383664055,1.5998359091638192,1,0.0,-0.0006344719754275835,0.0006344719754275835
0.03162,0.019397524742755693,1.5998359091638192,1,0.0,-0.0006184736163359454,0.0006184736163359454
0.031630000000000005,0.01941352310184733,1.5998359091638192,1,0.0,-0.0006024752572443073,0.0006024752572443073
0.03164,0.01942952146093897,1.5998359091638192,1,0.0,-0.0005864768981526693,0.0005864768981526693
0.031650000000000005,0.019445519820030607,1.5998359091638192,1,0.0,-0.0005704785390610312,0.0005704785390610312
0.03166,0.01946151817912225,1.5998359091638192,1,0.0,-0.0005544801799693931,0.0005544801799693931
0.031670000000000004,0.019477516538213887,1.5998359091638192,1,0.0,-0.0005384818208777516,0.0005384818208777516
0.03168,0.019493514897305525,1.5998359091638192,1,0.0,-0.0005224834617861135,0.0005224834617861135
0.03169,0.019509513256397163,1.5998359091638192,1,0.0,-0.0005064851026944754,0.0005064851026944754
0.031700000000000006,0.0195255116154888,1.5998359091638192,1,0.0,-0.0004904867436028373,0.0004904867436028373
0.03171,0.01954150997458044,1.5998359091638192,1,0.0,-0.00047448838451119926,0.00047448838451119926
0.031720000000000005,0.019557508333672077,1.5998359091638192,1,0.0,-0.0004584900254195612,0.0004584900254195612
0.03173,0.019573506692763715,1.5998359091638192,1,0.0,-0.0004424916663279231,0.0004424916663279231
0.031740000000000004,0.019589505051855353,1.5998359091638192,1,0.0,-0.00042649330723628504,0.00042649330723628504
0.03175,0.01960550341094699,1.5998359091638192,1,0.0,-0.00041049494814464696,0.00041049494814464696
0.031760000000000004,0.01962150177003863,1.5998359091638192,1,0.0,-0.0003944965890530089,0.0003944965890530089
0.03177,0.019637500129130268,1.5998359091638192,1,0.0,-0.0003784982299613708,0.0003784982299613708
0.03178,0.019653498488221906,1.5998359091638192,1,0.0,-0.00036249987086973273,0.00036249987086973273
0.031790000000000006,0.019669496847313544,1.5998359091638192,1,0.0,-0.00034650151177809466,0.00034650151177809466
0.0318,0.019685495206405182,1.5998359091638192,1,0.0,-0.0003305031526864566,0.0003305031526864566
0.031810000000000005,0.01970149356549682,1.5998359091638192,1,0.0,-0.0003145047935948185,0.0003145047935948185
0.03182,0.019717491924588458,1.5998359091638192,1,0.0,-0.00029850643450318043,0.00029850643450318043
0.031830000000000004,0.0197334902836801,1.5998359091638192,1,0.0,-0.00028250807541154235,0.00028250807541154235
0.03184,0.019749488642771738,1.5998359091638192,1,0.0,-0.0002665097163199008,0.0002665097163199008
0.03185,0.019765487001863376,1.5998359091638192,1,0.0,-0.00025051135722826273,0.00025051135722826273
0.03186,0.019781485360955014,1.5998359091638192,1,0.0,-0.00023451299813662466,0.00023451299813662466
0.03187,0.019797483720046652,1.5998359091638192,1,0.0,-0.00021851463904498658,0.00021851463904498658
0.031880000000000006,0.01981348207913829,1.5998359091638192,1,0.0,-0.0002025162799533485,0.0002025162799533485
0.03189,0.019829480438229928,1.5998359091638192,1,0.0,-0.00018651792086171043,0.00018651792086171043
0.031900000000000005,0.019845478797321566,1.5998359091638192,1,0.0,-0.00017051956177007235,0.00017051956177007235
0.03191,0.019861477156413204,1.5998359091638192,1,0.0,-0.00015452120267843428,0.00015452120267843428
0.031920000000000004,0.019877475515504842,1.5998359091638192,1,0.0,-0.0001385228435867962,0.0001385228435867962
0.03193,0.01989347387459648,1.5998359091638192,1,0.0,-0.00012252448449515813,0.00012252448449515813
0.03194,0.01990947223368812,1.5998359091638192,1,0.0,-0.00010652612540352005,0.00010652612540352005
0.03195,0.019925470592779757,1.5998359091638192,1,0.0,-9.052776631188197e-05,9.052776631188197e-05
0.03196,0.019941468951871395,1.5998359091638192,1,0.0,-7.45294072202439e-05,7.45294072202439e-05
0.031970000000000005,0.019957467310963033,1.5998359091638192,1,0.0,-5.853104812860582e-05,5.853104812860582e-05
0.03198,0.019973465670054674,1.5998359091638192,1,0.0,-4.253268903696775e-05,4.253268903696775e-05
0.031990000000000005,0.019989464029146312,1.5998359091638192,1,0.0,-2.65343299453262e-05,2.65343299453262e-05
0.032,0.02000546238823795,1.5998359091638192,1,0.0,-1.0535970853688126e-05,1.0535970853688126e-05
0.032010000000000004,0.02002146074732959,1.5998359091638192,0,0.0,nan,0.0
